00   0 41393176 41149497 41636855 12.8 12.7 12.9 12243219 12110180 12376258 16.9 16.7 17.1  8636275  8533254  8739296 16.1 15.9 16.3  69717  69583  69851 3349149 3299669 3398629 18.3 18.0 18.6 United States                                 US est21all.txt 30NOV2022
01   0   800848   782169   819527 16.3 15.9 16.7   250327   241921   258733 22.7 21.9 23.5   176596   169423   183769 21.6 20.7 22.5  53990  53218  54762   71220   66888   75552 25.1 23.6 26.6 Alabama                                       AL est21all.txt 30NOV2022
01   1     6296     4772     7820 10.7  8.1 13.3     2199     1560     2838 16.1 11.4 20.8     1607     1108     2106 15.6 10.8 20.4  66444  60061  72827                                        Autauga County                                AL est21all.txt 30NOV2022
01   3    25526    21599    29453 10.8  9.1 12.5     8207     6560     9854 16.4 13.1 19.7     5762     4512     7012 15.2 11.9 18.5  65658  60723  70593                                        Baldwin County                                AL est21all.txt 30NOV2022
01   5     5089     3773     6405 23.0 17.0 29.0     1776     1256     2296 35.1 24.8 45.4     1276      868     1684 33.8 23.0 44.6  38649  34308  42990                                        Barbour County                                AL est21all.txt 30NOV2022
01   7     4204     3324     5084 20.6 16.3 24.9     1275     1004     1546 29.0 22.8 35.2      940      734     1146 29.0 22.6 35.4  48454  42438  54470                                        Bibb County                                   AL est21all.txt 30NOV2022
01   9     6992     5516     8468 12.0  9.5 14.5     2236     1608     2864 16.7 12.0 21.4     1599     1118     2080 15.9 11.1 20.7  56894  52632  61156                                        Blount County                                 AL est21all.txt 30NOV2022
01  11     2764     2161     3367 32.1 25.1 39.1      903      668     1138 41.7 30.8 52.6      690      513      867 43.2 32.1 54.3  32027  28131  35923                                        Bullock County                                AL est21all.txt 30NOV2022
01  13     4226     3385     5067 22.7 18.2 27.2     1441     1061     1821 34.2 25.2 43.2     1073      776     1370 34.2 24.7 43.7  39442  34974  43910                                        Butler County                                 AL est21all.txt 30NOV2022
01  15    21630    18671    24589 19.2 16.6 21.8     6205     4918     7492 25.2 20.0 30.4     4485     3460     5510 24.7 19.0 30.4  48166  43479  52853                                        Calhoun County                                AL est21all.txt 30NOV2022
01  17     6699     5333     8065 19.7 15.7 23.7     2258     1678     2838 32.2 23.9 40.5     1654     1206     2102 31.8 23.2 40.4  45447  40729  50165                                        Chambers County                               AL est21all.txt 30NOV2022
01  19     4513     3675     5351 18.2 14.8 21.6     1235      943     1527 26.6 20.3 32.9      882      651     1113 25.1 18.5 31.7  46365  41576  51154                                        Cherokee County                               AL est21all.txt 30NOV2022
01  21     6973     5520     8426 15.5 12.3 18.7     2362     1709     3015 22.4 16.2 28.6     1621     1122     2120 20.6 14.3 26.9  55142  49687  60597                                        Chilton County                                AL est21all.txt 30NOV2022
01  23     2893     2303     3483 23.3 18.5 28.1      809      593     1025 32.4 23.7 41.1      587      423      751 32.4 23.3 41.5  40601  35622  45580                                        Choctaw County                                AL est21all.txt 30NOV2022
01  25     4366     3390     5342 19.4 15.1 23.7     1419     1015     1823 29.2 20.9 37.5     1012      689     1335 28.4 19.3 37.5  45447  40973  49921                                        Clarke County                                 AL est21all.txt 30NOV2022
01  27     2560     2083     3037 18.4 15.0 21.8      792      600      984 27.6 20.9 34.3      576      428      724 26.9 20.0 33.8  47036  42115  51957                                        Clay County                                   AL est21all.txt 30NOV2022
01  29     2236     1723     2749 15.0 11.6 18.4      755      543      967 22.1 15.9 28.3      532      368      696 21.1 14.6 27.6  49769  44688  54850                                        Cleburne County                               AL est21all.txt 30NOV2022
01  31     8516     7320     9712 15.9 13.7 18.1     3087     2517     3657 24.2 19.7 28.7     1982     1501     2463 20.7 15.7 25.7  55052  49791  60313                                        Coffee County                                 AL est21all.txt 30NOV2022
01  33     9396     7821    10971 16.5 13.7 19.3     2841     2229     3453 23.6 18.5 28.7     1862     1377     2347 21.0 15.5 26.5  53341  48729  57953                                        Colbert County                                AL est21all.txt 30NOV2022
01  35     2528     1893     3163 22.4 16.8 28.0      762      541      983 33.9 24.1 43.7      555      384      726 33.7 23.3 44.1  35621  31410  39832                                        Conecuh County                                AL est21all.txt 30NOV2022
01  37     1754     1305     2203 17.1 12.7 21.5      499      354      644 29.9 21.2 38.6      362      248      476 29.3 20.0 38.6  45954  41569  50339                                        Coosa County                                  AL est21all.txt 30NOV2022
01  39     7317     6099     8535 19.8 16.5 23.1     2304     1790     2818 28.3 22.0 34.6     1610     1194     2026 26.5 19.7 33.3  44188  39230  49146                                        Covington County                              AL est21all.txt 30NOV2022
01  41     2267     1722     2812 17.5 13.3 21.7      854      615     1093 28.9 20.8 37.0      621      431      811 27.6 19.1 36.1  38037  34707  41367                                        Crenshaw County                               AL est21all.txt 30NOV2022
01  43    11898     9659    14137 13.5 11.0 16.0     3432     2565     4299 17.5 13.1 21.9     2390     1714     3066 16.4 11.8 21.0  55036  50209  59863                                        Cullman County                                AL est21all.txt 30NOV2022
01  45     7587     6146     9028 15.7 12.7 18.7     2558     1862     3254 22.7 16.5 28.9     1708     1186     2230 21.2 14.7 27.7  50086  44844  55328                                        Dale County                                   AL est21all.txt 30NOV2022
01  47    10914     8700    13128 29.5 23.5 35.5     3924     2996     4852 45.4 34.7 56.1     2843     2163     3523 43.7 33.3 54.1  33159  29451  36867                                        Dallas County                                 AL est21all.txt 30NOV2022
01  49    13783    11773    15793 19.4 16.6 22.2     4981     4091     5871 29.3 24.1 34.5     3104     2354     3854 24.0 18.2 29.8  45062  40409  49715                                        DeKalb County                                 AL est21all.txt 30NOV2022
01  51    10138     8210    12066 12.0  9.7 14.3     3347     2459     4235 17.3 12.7 21.9     2418     1720     3116 16.6 11.8 21.4  63147  56748  69546                                        Elmore County                                 AL est21all.txt 30NOV2022
01  53     8147     6711     9583 23.8 19.6 28.0     2445     1873     3017 29.9 22.9 36.9     1817     1373     2261 30.2 22.8 37.6  40506  36159  44853                                        Escambia County                               AL est21all.txt 30NOV2022
01  55    17605    14857    20353 17.4 14.7 20.1     5464     4185     6743 25.0 19.2 30.8     3841     2881     4801 24.0 18.0 30.0  46308  42549  50067                                        Etowah County                                 AL est21all.txt 30NOV2022
01  57     3123     2513     3733 19.6 15.8 23.4      901      663     1139 26.5 19.5 33.5      633      450      816 24.9 17.7 32.1  46122  40615  51629                                        Fayette County                                AL est21all.txt 30NOV2022
01  59     5995     4822     7168 18.9 15.2 22.6     1968     1470     2466 25.1 18.7 31.5     1379      999     1759 24.2 17.5 30.9  45440  40313  50567                                        Franklin County                               AL est21all.txt 30NOV2022
01  61     5566     4539     6593 21.1 17.2 25.0     1672     1236     2108 29.1 21.5 36.7     1179      844     1514 27.2 19.5 34.9  43206  38206  48206                                        Geneva County                                 AL est21all.txt 30NOV2022
01  63     2520     1994     3046 33.2 26.3 40.1      848      642     1054 51.8 39.2 64.4      595      433      757 49.1 35.7 62.5  30225  26496  33954                                        Greene County                                 AL est21all.txt 30NOV2022
01  65     3221     2452     3990 22.1 16.8 27.4     1128      800     1456 32.6 23.1 42.1      807      557     1057 31.9 22.0 41.8  41995  37073  46917                                        Hale County                                   AL est21all.txt 30NOV2022
01  67     2694     2063     3325 15.6 11.9 19.3      867      617     1117 24.6 17.5 31.7      621      426      816 23.3 16.0 30.6  56389  51555  61223                                        Henry County                                  AL est21all.txt 30NOV2022
01  69    20210    18330    22090 19.1 17.3 20.9     6511     5499     7523 27.1 22.9 31.3     4743     3977     5509 27.0 22.6 31.4  48701  45238  52164                                        Houston County                                AL est21all.txt 30NOV2022
01  71     9851     8426    11276 18.9 16.2 21.6     2906     2349     3463 27.0 21.8 32.2     2082     1656     2508 25.9 20.6 31.2  46998  42418  51578                                        Jackson County                                AL est21all.txt 30NOV2022
01  73   110131   101051   119211 16.9 15.5 18.3    35575    31394    39756 23.6 20.8 26.4    26377    23115    29639 23.9 20.9 26.9  55210  53213  57207                                        Jefferson County                              AL est21all.txt 30NOV2022
01  75     2300     1751     2849 17.0 12.9 21.1      715      509      921 24.7 17.6 31.8      498      340      656 23.0 15.7 30.3  44265  39295  49235                                        Lamar County                                  AL est21all.txt 30NOV2022
01  77    14838    12398    17278 16.2 13.5 18.9     4187     3299     5075 22.8 18.0 27.6     2925     2260     3590 21.4 16.5 26.3  52222  46982  57462                                        Lauderdale County                             AL est21all.txt 30NOV2022
01  79     4566     3383     5749 13.9 10.3 17.5     1638     1163     2113 23.0 16.3 29.7     1179      808     1550 21.8 14.9 28.7  55555  51509  59601                                        Lawrence County                               AL est21all.txt 30NOV2022
01  81    30989    27246    34732 18.0 15.8 20.2     6767     5453     8081 18.4 14.8 22.0     4617     3486     5748 16.9 12.8 21.0  54188  49989  58387                                        Lee County                                    AL est21all.txt 30NOV2022
01  83    10363     8335    12391  9.9  8.0 11.8     2743     1926     3560 11.8  8.3 15.3     2017     1393     2641 11.3  7.8 14.8  69207  62603  75811                                        Limestone County                              AL est21all.txt 30NOV2022
01  85     2786     2207     3365 28.3 22.4 34.2      946      708     1184 43.0 32.2 53.8      690      506      874 43.2 31.7 54.7  36993  32332  41654                                        Lowndes County                                AL est21all.txt 30NOV2022
01  87     4725     3675     5775 27.5 21.4 33.6     1368      988     1748 42.9 31.0 54.8      988      688     1288 42.3 29.4 55.2  35354  31455  39253                                        Macon County                                  AL est21all.txt 30NOV2022
01  89    39316    33460    45172 10.2  8.7 11.7    11760     9202    14318 13.9 10.9 16.9     7940     5848    10032 12.7  9.4 16.0  78386  75384  81388                                        Madison County                                AL est21all.txt 30NOV2022
01  91     4602     3718     5486 24.6 19.9 29.3     1445     1084     1806 34.2 25.6 42.8     1067      788     1346 33.8 24.9 42.7  42048  36836  47260                                        Marengo County                                AL est21all.txt 30NOV2022
01  93     5209     4170     6248 18.3 14.7 21.9     1480     1070     1890 24.5 17.7 31.3     1046      733     1359 23.4 16.4 30.4  44636  39507  49765                                        Marion County                                 AL est21all.txt 30NOV2022
01  95    15145    12505    17785 15.6 12.9 18.3     5497     4122     6872 22.3 16.7 27.9     3951     2927     4975 22.2 16.4 28.0  50858  46706  55010                                        Marshall County                               AL est21all.txt 30NOV2022
01  97    74061    65882    82240 18.2 16.2 20.2    23628    19853    27403 24.8 20.8 28.8    15864    12670    19058 23.0 18.4 27.6  49848  47564  52132                                        Mobile County                                 AL est21all.txt 30NOV2022
01  99     4349     3458     5240 22.3 17.7 26.9     1352      995     1709 33.2 24.4 42.0     1010      732     1288 32.9 23.8 42.0  40997  36842  45152                                        Monroe County                                 AL est21all.txt 30NOV2022
01 101    47309    41969    52649 21.7 19.3 24.1    17790    15394    20186 33.5 29.0 38.0    12032    10161    13903 31.6 26.7 36.5  50645  47680  53610                                        Montgomery County                             AL est21all.txt 30NOV2022
01 103    16459    13612    19306 13.5 11.2 15.8     4774     3454     6094 17.0 12.3 21.7     3165     2145     4185 15.1 10.2 20.0  56340  51984  60696                                        Morgan County                                 AL est21all.txt 30NOV2022
01 105     2591     1982     3200 33.7 25.8 41.6      849      618     1080 50.3 36.6 64.0      603      419      787 48.6 33.8 63.4  31522  27798  35246                                        Perry County                                  AL est21all.txt 30NOV2022
01 107     3591     2751     4431 21.1 16.2 26.0     1064      767     1361 30.1 21.7 38.5      760      519     1001 29.1 19.9 38.3  43926  39183  48669                                        Pickens County                                AL est21all.txt 30NOV2022
01 109     7429     6243     8615 23.9 20.1 27.7     1877     1395     2359 30.0 22.3 37.7     1310      942     1678 29.0 20.9 37.1  38945  35664  42226                                        Pike County                                   AL est21all.txt 30NOV2022
01 111     4652     3872     5432 21.5 17.9 25.1     1377     1023     1731 30.1 22.4 37.8      976      695     1257 28.6 20.4 36.8  45889  40334  51444                                        Randolph County                               AL est21all.txt 30NOV2022
01 113    12620    10520    14720 21.7 18.1 25.3     4351     3344     5358 31.0 23.8 38.2     3268     2524     4012 32.3 25.0 39.6  44849  40538  49160                                        Russell County                                AL est21all.txt 30NOV2022
01 115    11652     9443    13861 12.8 10.4 15.2     3455     2618     4292 16.8 12.7 20.9     2453     1794     3112 15.9 11.6 20.2  63015  57335  68695                                        St. Clair County                              AL est21all.txt 30NOV2022
01 117    17306    14397    20215  7.7  6.4  9.0     4659     3443     5875  9.1  6.7 11.5     3372     2414     4330  8.5  6.1 10.9  85457  80812  90102                                        Shelby County                                 AL est21all.txt 30NOV2022
01 119     4005     3224     4786 35.1 28.3 41.9     1122      858     1386 48.1 36.8 59.4      797      588     1006 47.3 34.9 59.7  29490  25781  33199                                        Sumter County                                 AL est21all.txt 30NOV2022
01 121    14936    12409    17463 19.1 15.9 22.3     4428     3431     5425 27.1 21.0 33.2     3201     2404     3998 26.4 19.8 33.0  47331  42667  51995                                        Talladega County                              AL est21all.txt 30NOV2022
01 123     7420     6052     8788 18.3 14.9 21.7     2298     1694     2902 27.9 20.6 35.2     1641     1155     2127 26.4 18.6 34.2  47444  42126  52762                                        Tallapoosa County                             AL est21all.txt 30NOV2022
01 125    31735    26867    36603 14.7 12.4 17.0     8641     6565    10717 18.3 13.9 22.7     6266     4646     7886 18.1 13.4 22.8  56274  52677  59871                                        Tuscaloosa County                             AL est21all.txt 30NOV2022
01 127    12877    10967    14787 20.2 17.2 23.2     3950     3195     4705 27.7 22.4 33.0     2655     2069     3241 25.5 19.9 31.1  46343  41443  51243                                        Walker County                                 AL est21all.txt 30NOV2022
01 129     3091     2505     3677 20.6 16.7 24.5      978      755     1201 30.6 23.6 37.6      712      535      889 30.1 22.6 37.6  49795  43655  55935                                        Washington County                             AL est21all.txt 30NOV2022
01 131     3340     2578     4102 32.4 25.0 39.8     1163      845     1481 49.4 35.9 62.9      857      611     1103 50.2 35.8 64.6  30071  26647  33495                                        Wilcox County                                 AL est21all.txt 30NOV2022
01 133     4455     3624     5286 19.0 15.4 22.6     1281      978     1584 26.9 20.5 33.3      911      675     1147 25.5 18.9 32.1  47176  41809  52543                                        Winston County                                AL est21all.txt 30NOV2022
02   0    77736    74178    81294 10.8 10.3 11.3    23760    22273    25247 13.5 12.7 14.3    16316    15103    17529 12.7 11.8 13.6  78437  76456  80418    6633    5796    7470 14.1 12.3 15.9 Alaska                                        AK est21all.txt 30NOV2022
02  13      625      455      795 18.4 13.4 23.4       38       26       50 15.7 10.6 20.8       26       17       35 13.8  8.8 18.8  71492  62784  80200                                        Aleutians East Borough                        AK est21all.txt 30NOV2022
02  16      505      389      621 10.4  8.0 12.8       42       29       55  7.0  4.9  9.1       28       18       38  6.2  4.0  8.4  86050  74933  97167                                        Aleutians West Census Area                    AK est21all.txt 30NOV2022
02  20    26920    23537    30303  9.5  8.3 10.7     7645     6189     9101 11.3  9.1 13.5     5237     4118     6356 10.8  8.5 13.1  86152  81359  90945                                        Anchorage Borough                             AK est21all.txt 30NOV2022
02  50     4496     3667     5325 24.6 20.1 29.1     1750     1209     2291 26.8 18.5 35.1     1244      818     1670 27.2 17.9 36.5  54849  49710  59988                                        Bethel Census Area                            AK est21all.txt 30NOV2022
02  60       93       69      117 11.3  8.4 14.2       35       24       46 20.0 13.5 26.5       25       16       34 19.4 12.5 26.3  88516  78137  98895                                        Bristol Bay Borough                           AK est21all.txt 30NOV2022
02  63      530      392      668  7.7  5.7  9.7      145       98      192  9.5  6.4 12.6      101       65      137  8.9  5.7 12.1  88029  77125  98933                                        Chugach Census Area                           AK est21all.txt 30NOV2022
02  66      375      286      464 14.3 10.9 17.7      122       83      161 18.5 12.6 24.4       83       53      113 16.3 10.5 22.1  61288  53602  68974                                        Copper River Census Area                      AK est21all.txt 30NOV2022
02  68      115       87      143  7.5  5.7  9.3       21       14       28  7.6  5.1 10.1       14        9       19  6.7  4.1  9.3  85251  77525  92977                                        Denali Borough                                AK est21all.txt 30NOV2022
02  70     1033      796     1270 21.8 16.8 26.8      460      309      611 31.0 20.9 41.1      316      198      434 29.9 18.8 41.0  58389  51834  64944                                        Dillingham Census Area                        AK est21all.txt 30NOV2022
02  90     7247     5739     8755  7.9  6.2  9.6     2072     1425     2719  9.4  6.5 12.3     1379      896     1862  8.9  5.8 12.0  76754  69143  84365                                        Fairbanks North Star Borough                  AK est21all.txt 30NOV2022
02 100      223      167      279 10.8  8.1 13.5       64       43       85 17.4 11.7 23.1       46       29       63 16.8 10.7 22.9  63155  55404  70906                                        Haines Borough                                AK est21all.txt 30NOV2022
02 105      395      296      494 17.0 12.8 21.2      106       72      140 26.2 17.7 34.7       75       48      102 25.3 16.4 34.2  56555  49552  63558                                        Hoonah-Angoon Census Area                     AK est21all.txt 30NOV2022
02 110     2378     1842     2914  7.6  5.9  9.3      575      405      745  8.9  6.3 11.5      392      271      513  8.0  5.5 10.5  89922  80118  99726                                        Juneau Borough                                AK est21all.txt 30NOV2022
02 122     6729     5506     7952 11.5  9.4 13.6     1813     1291     2335 13.8  9.8 17.8     1272      871     1673 13.1  9.0 17.2  71111  63530  78692                                        Kenai Peninsula Borough                       AK est21all.txt 30NOV2022
02 130     1529     1250     1808 11.3  9.2 13.4      368      258      478 13.4  9.4 17.4      254      172      336 12.2  8.2 16.2  73260  65432  81088                                        Ketchikan Gateway Borough                     AK est21all.txt 30NOV2022
02 150     1072      828     1316  8.5  6.6 10.4      266      183      349  8.9  6.1 11.7      175      114      236  7.9  5.2 10.6  80863  70960  90766                                        Kodiak Island Borough                         AK est21all.txt 30NOV2022
02 158     2534     2006     3062 30.4 24.1 36.7     1413      983     1843 40.6 28.3 52.9      991      668     1314 41.0 27.6 54.4  38203  33880  42526                                        Kusilvak Census Area                          AK est21all.txt 30NOV2022
02 164      290      221      359 20.6 15.7 25.5      112       76      148 28.0 19.0 37.0       79       51      107 28.5 18.5 38.5  51205  44698  57712                                        Lake and Peninsula Borough                    AK est21all.txt 30NOV2022
02 170    11453     9900    13006 10.5  9.1 11.9     3294     2569     4019 11.6  9.1 14.1     2286     1734     2838 10.7  8.1 13.3  80164  75975  84353                                        Matanuska-Susitna Borough                     AK est21all.txt 30NOV2022
02 180     1920     1524     2316 19.8 15.7 23.9      781      536     1026 23.6 16.2 31.0      551      368      734 22.4 15.0 29.8  65578  59683  71473                                        Nome Census Area                              AK est21all.txt 30NOV2022
02 185     1354     1010     1698 12.4  9.2 15.6      467      314      620 15.5 10.4 20.6      299      189      409 13.4  8.5 18.3  95041  82911 107171                                        North Slope Borough                           AK est21all.txt 30NOV2022
02 188     1560     1219     1901 20.9 16.3 25.5      771      557      985 28.4 20.5 36.3      503      335      671 25.3 16.9 33.7  67586  59537  75635                                        Northwest Arctic Borough                      AK est21all.txt 30NOV2022
02 195      269      205      333  8.0  6.1  9.9       75       51       99 10.5  7.1 13.9       51       32       70  9.3  5.9 12.7  71878  65402  78354                                        Petersburg Borough                            AK est21all.txt 30NOV2022
02 198      859      642     1076 15.0 11.2 18.8      277      187      367 22.9 15.5 30.3      189      122      256 20.4 13.2 27.6  56226  51100  61352                                        Prince of Wales-Hyder Census Area             AK est21all.txt 30NOV2022
02 220      717      552      882  8.6  6.6 10.6      179      122      236 10.7  7.3 14.1      118       77      159  9.6  6.2 13.0  78248  70488  86008                                        Sitka Borough                                 AK est21all.txt 30NOV2022
02 230       69       52       86  6.1  4.6  7.6       15       10       20  9.3  6.2 12.4       10        6       14  7.8  4.8 10.8  65712  57671  73753                                        Skagway Municipality                          AK est21all.txt 30NOV2022
02 240      890      678     1102 12.9  9.8 16.0      288      200      376 15.6 10.8 20.4      197      130      264 14.9  9.8 20.0  68347  59805  76889                                        Southeast Fairbanks Census Area               AK est21all.txt 30NOV2022
02 275      231      175      287 11.3  8.5 14.1       68       47       89 16.9 11.6 22.2       47       31       63 16.0 10.5 21.5  64732  56830  72634                                        Wrangell City and Borough                     AK est21all.txt 30NOV2022
02 282       86       64      108 12.2  9.1 15.3       27       18       36 19.0 12.7 25.3       19       12       26 17.4 11.1 23.7  73014  64063  81965                                        Yakutat Borough                               AK est21all.txt 30NOV2022
02 290     1240      957     1523 23.7 18.3 29.1      470      326      614 32.1 22.2 42.0      309      199      419 28.6 18.4 38.8  44934  39516  50352                                        Yukon-Koyukuk Census Area                     AK est21all.txt 30NOV2022
04   0   919680   900349   939011 12.9 12.6 13.2   281696   271479   291913 17.8 17.2 18.4   197841   189061   206621 16.7 16.0 17.4  68967  68287  69647   76649   71494   81804 19.7 18.4 21.0 Arizona                                       AZ est21all.txt 30NOV2022
04   1    18422    16244    20600 28.4 25.0 31.8     5985     4813     7157 34.7 27.9 41.5     4179     3252     5106 31.8 24.8 38.8  41002  37779  44225                                        Apache County                                 AZ est21all.txt 30NOV2022
04   3    20618    17832    23404 17.1 14.8 19.4     6798     5563     8033 26.0 21.3 30.7     4913     3943     5883 25.2 20.2 30.2  55748  52531  58965                                        Cochise County                                AZ est21all.txt 30NOV2022
04   5    22677    19669    25685 16.9 14.7 19.1     5511     4138     6884 19.4 14.6 24.2     3763     2696     4830 17.6 12.6 22.6  63829  59273  68385                                        Coconino County                               AZ est21all.txt 30NOV2022
04   7     8900     7003    10797 16.8 13.2 20.4     2775     1997     3553 27.3 19.6 35.0     1887     1293     2481 24.6 16.9 32.3  52665  48076  57254                                        Gila County                                   AZ est21all.txt 30NOV2022
04   9     7385     6118     8652 20.4 16.9 23.9     2370     1896     2844 23.3 18.6 28.0     1799     1440     2158 23.7 19.0 28.4  52644  47333  57955                                        Graham County                                 AZ est21all.txt 30NOV2022
04  11      886      672     1100  9.5  7.2 11.8      282      203      361 11.2  8.1 14.3      195      136      254 10.6  7.4 13.8  71669  62741  80597                                        Greenlee County                               AZ est21all.txt 30NOV2022
04  12     3303     2569     4037 20.3 15.8 24.8      814      593     1035 31.2 22.7 39.7      572      395      749 30.4 21.0 39.8  44330  40093  48567                                        La Paz County                                 AZ est21all.txt 30NOV2022
04  13   502224   483320   521128 11.3 10.9 11.7   157038   147861   166215 15.4 14.5 16.3   109003   101969   116037 14.3 13.4 15.2  76230  75525  76935                                        Maricopa County                               AZ est21all.txt 30NOV2022
04  15    38383    34152    42614 18.0 16.0 20.0    10655     8938    12372 30.4 25.5 35.3     7316     5944     8688 28.1 22.8 33.4  48169  44145  52193                                        Mohave County                                 AZ est21all.txt 30NOV2022
04  17    26324    22972    29676 24.8 21.6 28.0     9259     7712    10806 33.8 28.2 39.4     6810     5598     8022 32.7 26.9 38.5  49057  46381  51733                                        Navajo County                                 AZ est21all.txt 30NOV2022
04  19   151169   140902   161436 14.7 13.7 15.7    42559    38048    47070 20.4 18.2 22.6    30739    27163    34315 19.7 17.4 22.0  60604  58737  62471                                        Pima County                                   AZ est21all.txt 30NOV2022
04  21    45630    39199    52061 10.7  9.2 12.2    13915    10994    16836 14.3 11.3 17.3    10131     7832    12430 13.8 10.7 16.9  70835  68180  73490                                        Pinal County                                  AZ est21all.txt 30NOV2022
04  23     9723     8029    11417 20.4 16.9 23.9     3821     2968     4674 30.8 23.9 37.7     2571     1855     3287 27.6 19.9 35.3  49216  44740  53692                                        Santa Cruz County                             AZ est21all.txt 30NOV2022
04  25    29766    25619    33913 12.5 10.8 14.2     7135     5637     8633 19.2 15.2 23.2     4643     3397     5889 16.5 12.1 20.9  57676  54794  60558                                        Yavapai County                                AZ est21all.txt 30NOV2022
04  27    34270    29508    39032 17.3 14.9 19.7    12779    10500    15058 25.0 20.5 29.5     9320     7529    11111 25.1 20.3 29.9  55991  52887  59095                                        Yuma County                                   AZ est21all.txt 30NOV2022
05   0   471195   458260   484130 16.0 15.6 16.4   150353   144623   156083 21.8 21.0 22.6   102718    97845   107591 20.1 19.1 21.1  52577  51595  53559   45096   42186   48006 25.5 23.9 27.1 Arkansas                                      AR est21all.txt 30NOV2022
05   1     2923     2249     3597 17.7 13.6 21.8      964      675     1253 25.1 17.6 32.6      650      432      868 23.2 15.4 31.0  50928  45077  56779                                        Arkansas County                               AR est21all.txt 30NOV2022
05   3     3950     3232     4668 21.3 17.4 25.2     1297      989     1605 31.2 23.8 38.6      835      584     1086 27.0 18.9 35.1  44030  39103  48957                                        Ashley County                                 AR est21all.txt 30NOV2022
05   5     5565     4603     6527 13.4 11.1 15.7     1387      953     1821 18.7 12.8 24.6      970      632     1308 17.2 11.2 23.2  45116  40679  49553                                        Baxter County                                 AR est21all.txt 30NOV2022
05   7    22890    19033    26747  7.9  6.6  9.2     8074     6277     9871 10.9  8.5 13.3     5109     3680     6538  9.2  6.6 11.8  78974  76498  81450                                        Benton County                                 AR est21all.txt 30NOV2022
05   9     4860     3726     5994 13.0 10.0 16.0     1665     1153     2177 19.7 13.6 25.8     1108      723     1493 17.4 11.4 23.4  48700  44605  52795                                        Boone County                                  AR est21all.txt 30NOV2022
05  11     2011     1530     2492 19.6 14.9 24.3      677      466      888 26.8 18.4 35.2      472      309      635 25.2 16.5 33.9  40454  35403  45505                                        Bradley County                                AR est21all.txt 30NOV2022
05  13      672      508      836 14.6 11.0 18.2      169      118      220 19.3 13.4 25.2      121       81      161 18.0 12.0 24.0  49977  43880  56074                                        Calhoun County                                AR est21all.txt 30NOV2022
05  15     4717     3827     5607 16.8 13.6 20.0     1501     1119     1883 24.7 18.4 31.0     1094      800     1388 24.1 17.6 30.6  49225  44841  53609                                        Carroll County                                AR est21all.txt 30NOV2022
05  17     2594     2046     3142 27.9 22.0 33.8      807      560     1054 37.0 25.7 48.3      555      366      744 34.2 22.5 45.9  34857  30595  39119                                        Chicot County                                 AR est21all.txt 30NOV2022
05  19     3699     2925     4473 20.0 15.8 24.2     1013      733     1293 24.7 17.9 31.5      685      466      904 22.6 15.4 29.8  47158  43271  51045                                        Clark County                                  AR est21all.txt 30NOV2022
05  21     2543     1981     3105 17.9 13.9 21.9      794      568     1020 26.0 18.6 33.4      534      366      702 23.3 15.9 30.7  41419  37216  45622                                        Clay County                                   AR est21all.txt 30NOV2022
05  23     4109     3426     4792 16.7 13.9 19.5     1224      948     1500 26.2 20.3 32.1      892      689     1095 24.9 19.2 30.6  50200  44553  55847                                        Cleburne County                               AR est21all.txt 30NOV2022
05  25     1054      798     1310 14.1 10.7 17.5      333      231      435 20.7 14.4 27.0      228      150      306 18.6 12.3 24.9  53705  47104  60306                                        Cleveland County                              AR est21all.txt 30NOV2022
05  27     4777     3875     5679 23.2 18.8 27.6     1600     1275     1925 34.1 27.2 41.0     1005      736     1274 29.5 21.6 37.4  44651  39345  49957                                        Columbia County                               AR est21all.txt 30NOV2022
05  29     3494     2803     4185 16.9 13.5 20.3     1175      875     1475 25.7 19.2 32.2      731      495      967 21.4 14.5 28.3  47741  42542  52940                                        Conway County                                 AR est21all.txt 30NOV2022
05  31    19674    17080    22268 18.2 15.8 20.6     6683     5488     7878 24.2 19.9 28.5     4464     3503     5425 22.1 17.3 26.9  52490  47503  57477                                        Craighead County                              AR est21all.txt 30NOV2022
05  33     8790     7067    10513 14.7 11.8 17.6     2996     2183     3809 20.9 15.2 26.6     2136     1514     2758 19.8 14.0 25.6  54065  49277  58853                                        Crawford County                               AR est21all.txt 30NOV2022
05  35    10706     8845    12567 23.0 19.0 27.0     4066     3071     5061 32.1 24.3 39.9     2808     2022     3594 30.1 21.7 38.5  43821  39756  47886                                        Crittenden County                             AR est21all.txt 30NOV2022
05  37     2738     2093     3383 16.7 12.8 20.6      973      661     1285 25.0 17.0 33.0      682      436      928 23.8 15.2 32.4  45262  39814  50710                                        Cross County                                  AR est21all.txt 30NOV2022
05  39     1213      923     1503 20.2 15.4 25.0      381      268      494 32.6 22.9 42.3      262      175      349 29.8 19.9 39.7  42442  37187  47697                                        Dallas County                                 AR est21all.txt 30NOV2022
05  41     3032     2460     3604 27.6 22.4 32.8     1034      763     1305 37.5 27.7 47.3      683      469      897 32.6 22.4 42.8  39042  34239  43845                                        Desha County                                  AR est21all.txt 30NOV2022
05  43     2715     2025     3405 16.5 12.3 20.7      913      630     1196 25.2 17.4 33.0      635      414      856 24.5 16.0 33.0  46572  41201  51943                                        Drew County                                   AR est21all.txt 30NOV2022
05  45    16486    14329    18643 13.6 11.8 15.4     3989     2964     5014 14.3 10.6 18.0     2702     1861     3543 13.0  9.0 17.0  57573  53505  61641                                        Faulkner County                               AR est21all.txt 30NOV2022
05  47     2908     2300     3516 17.2 13.6 20.8      949      707     1191 24.9 18.6 31.2      614      427      801 21.3 14.8 27.8  47834  42227  53441                                        Franklin County                               AR est21all.txt 30NOV2022
05  49     2157     1676     2638 18.0 14.0 22.0      745      523      967 29.2 20.5 37.9      501      332      670 25.5 16.9 34.1  41557  36729  46385                                        Fulton County                                 AR est21all.txt 30NOV2022
05  51    14319    11877    16761 14.5 12.0 17.0     4133     2911     5355 21.2 14.9 27.5     2780     1780     3780 19.6 12.5 26.7  48053  45478  50628                                        Garland County                                AR est21all.txt 30NOV2022
05  53     2017     1553     2481 11.2  8.6 13.8      625      448      802 15.9 11.4 20.4      440      301      579 14.7 10.1 19.3  67088  62074  72102                                        Grant County                                  AR est21all.txt 30NOV2022
05  55     5898     4638     7158 12.9 10.1 15.7     2054     1404     2704 18.6 12.7 24.5     1258      763     1753 15.4  9.3 21.5  53920  50703  57137                                        Greene County                                 AR est21all.txt 30NOV2022
05  57     4125     3306     4944 21.2 17.0 25.4     1369      965     1773 27.8 19.6 36.0      917      612     1222 25.4 16.9 33.9  41281  36589  45973                                        Hempstead County                              AR est21all.txt 30NOV2022
05  59     5521     4531     6511 17.8 14.6 21.0     1723     1330     2116 27.0 20.8 33.2     1212      909     1515 25.3 19.0 31.6  51662  46347  56977                                        Hot Spring County                             AR est21all.txt 30NOV2022
05  61     2245     1783     2707 17.9 14.2 21.6      870      654     1086 26.5 19.9 33.1      598      435      761 24.7 18.0 31.4  42733  37417  48049                                        Howard County                                 AR est21all.txt 30NOV2022
05  63     6924     6019     7829 18.9 16.4 21.4     1969     1565     2373 22.3 17.7 26.9     1462     1158     1766 22.3 17.7 26.9  48957  43854  54060                                        Independence County                           AR est21all.txt 30NOV2022
05  65     2384     1860     2908 18.4 14.4 22.4      688      491      885 27.2 19.4 35.0      488      336      640 25.9 17.9 33.9  40788  36283  45293                                        Izard County                                  AR est21all.txt 30NOV2022
05  67     3316     2541     4091 22.5 17.2 27.8      998      702     1294 29.5 20.8 38.2      660      434      886 26.7 17.5 35.9  37815  34077  41553                                        Jackson County                                AR est21all.txt 30NOV2022
05  69    12258     9607    14909 20.3 15.9 24.7     4009     2880     5138 28.8 20.7 36.9     2766     1901     3631 27.0 18.5 35.5  46100  42346  49854                                        Jefferson County                              AR est21all.txt 30NOV2022
05  71     4570     3796     5344 18.1 15.0 21.2     1445     1072     1818 23.3 17.3 29.3      964      672     1256 21.2 14.8 27.6  43003  38574  47432                                        Johnson County                                AR est21all.txt 30NOV2022
05  73     1448     1150     1746 23.7 18.8 28.6      363      257      469 32.6 23.1 42.1      258      175      341 32.3 22.0 42.6  38777  33915  43639                                        Lafayette County                              AR est21all.txt 30NOV2022
05  75     3193     2600     3786 20.4 16.6 24.2     1083      833     1333 30.3 23.3 37.3      759      565      953 28.8 21.5 36.1  44661  39775  49547                                        Lawrence County                               AR est21all.txt 30NOV2022
05  77     2448     1841     3055 34.9 26.2 43.6      690      481      899 45.4 31.7 59.1      464      306      622 43.3 28.6 58.0  29714  26180  33248                                        Lee County                                    AR est21all.txt 30NOV2022
05  79     2160     1620     2700 22.6 16.9 28.3      520      381      659 25.1 18.4 31.8      334      219      449 21.6 14.2 29.0  45435  39807  51063                                        Lincoln County                                AR est21all.txt 30NOV2022
05  81     1854     1397     2311 15.7 11.8 19.6      657      455      859 25.0 17.3 32.7      449      295      603 23.3 15.3 31.3  46619  40867  52371                                        Little River County                           AR est21all.txt 30NOV2022
05  83     3204     2502     3906 15.4 12.0 18.8      937      646     1228 21.5 14.8 28.2      694      460      928 21.9 14.5 29.3  45558  40362  50754                                        Logan County                                  AR est21all.txt 30NOV2022
05  85     8161     6654     9668 11.0  9.0 13.0     2686     1977     3395 14.6 10.8 18.4     1859     1323     2395 13.4  9.5 17.3  64633  60229  69037                                        Lonoke County                                 AR est21all.txt 30NOV2022
05  87     2587     2002     3172 15.4 11.9 18.9      883      622     1144 22.7 16.0 29.4      602      398      806 21.1 13.9 28.3  49691  44082  55300                                        Madison County                                AR est21all.txt 30NOV2022
05  89     2986     2405     3567 17.8 14.3 21.3      953      710     1196 30.7 22.9 38.5      627      431      823 26.8 18.4 35.2  42892  38492  47292                                        Marion County                                 AR est21all.txt 30NOV2022
05  91     8483     7250     9716 20.4 17.4 23.4     2972     2381     3563 30.2 24.2 36.2     1879     1365     2393 25.9 18.8 33.0  45450  41583  49317                                        Miller County                                 AR est21all.txt 30NOV2022
05  93     9276     7637    10915 23.9 19.7 28.1     3175     2311     4039 31.2 22.7 39.7     2231     1586     2876 30.3 21.6 39.0  41007  36496  45518                                        Mississippi County                            AR est21all.txt 30NOV2022
05  95     1667     1274     2060 25.3 19.3 31.3      542      375      709 36.5 25.2 47.8      368      241      495 35.4 23.2 47.6  37113  32594  41632                                        Monroe County                                 AR est21all.txt 30NOV2022
05  97     1692     1353     2031 19.9 15.9 23.9      460      324      596 29.6 20.8 38.4      327      221      433 28.6 19.3 37.9  41359  36340  46378                                        Montgomery County                             AR est21all.txt 30NOV2022
05  99     1705     1328     2082 21.2 16.5 25.9      592      440      744 32.2 23.9 40.5      392      275      509 28.3 19.8 36.8  40283  35753  44813                                        Nevada County                                 AR est21all.txt 30NOV2022
05 101     1366     1040     1692 19.1 14.5 23.7      408      286      530 30.0 21.0 39.0      288      191      385 28.6 19.0 38.2  41823  36912  46734                                        Newton County                                 AR est21all.txt 30NOV2022
05 103     4437     3507     5367 20.2 16.0 24.4     1447     1071     1823 29.4 21.8 37.0      990      700     1280 26.7 18.9 34.5  47169  41941  52397                                        Ouachita County                               AR est21all.txt 30NOV2022
05 105     1500     1168     1832 15.2 11.8 18.6      506      361      651 23.9 17.1 30.7      344      231      457 21.5 14.5 28.5  51204  45222  57186                                        Perry County                                  AR est21all.txt 30NOV2022
05 107     5623     4611     6635 35.7 29.3 42.1     1870     1348     2392 45.9 33.1 58.7     1254      853     1655 43.2 29.4 57.0  32419  28738  36100                                        Phillips County                               AR est21all.txt 30NOV2022
05 109     1844     1490     2198 18.6 15.0 22.2      541      374      708 25.2 17.4 33.0      369      238      500 22.4 14.4 30.4  43710  38483  48937                                        Pike County                                   AR est21all.txt 30NOV2022
05 111     4948     4129     5767 22.2 18.5 25.9     1621     1203     2039 30.3 22.5 38.1     1065      738     1392 27.3 18.9 35.7  42639  38101  47177                                        Poinsett County                               AR est21all.txt 30NOV2022
05 113     3697     2920     4474 19.3 15.2 23.4     1241      897     1585 28.8 20.8 36.8      865      599     1131 26.4 18.3 34.5  43166  38438  47894                                        Polk County                                   AR est21all.txt 30NOV2022
05 115    10897     9249    12545 18.0 15.3 20.7     3300     2653     3947 23.1 18.6 27.6     2281     1807     2755 21.3 16.9 25.7  47049  42063  52035                                        Pope County                                   AR est21all.txt 30NOV2022
05 117     1257      975     1539 15.7 12.2 19.2      392      273      511 23.5 16.3 30.7      273      180      366 22.3 14.7 29.9  59367  54350  64384                                        Prairie County                                AR est21all.txt 30NOV2022
05 119    68564    62090    75038 17.6 15.9 19.3    22594    19443    25745 24.9 21.4 28.4    16279    13881    18677 24.6 21.0 28.2  53597  50240  56954                                        Pulaski County                                AR est21all.txt 30NOV2022
05 121     3141     2476     3806 17.0 13.4 20.6     1113      803     1423 24.4 17.6 31.2      782      546     1018 24.1 16.8 31.4  43484  39117  47851                                        Randolph County                               AR est21all.txt 30NOV2022
05 123     6108     4805     7411 32.2 25.3 39.1     1996     1460     2532 42.2 30.9 53.5     1263      838     1688 37.8 25.1 50.5  36781  32786  40776                                        St. Francis County                            AR est21all.txt 30NOV2022
05 125    10572     8508    12636  8.5  6.8 10.2     3426     2488     4364 12.1  8.8 15.4     2382     1648     3116 11.0  7.6 14.4  68107  64702  71512                                        Saline County                                 AR est21all.txt 30NOV2022
05 127     1681     1246     2116 17.3 12.8 21.8      658      461      855 29.5 20.7 38.3      439      291      587 26.6 17.6 35.6  39974  35221  44727                                        Scott County                                  AR est21all.txt 30NOV2022
05 129     1633     1272     1994 20.9 16.3 25.5      496      351      641 32.0 22.7 41.3      350      236      464 30.0 20.2 39.8  35422  31129  39715                                        Searcy County                                 AR est21all.txt 30NOV2022
05 131    24574    21967    27181 19.5 17.4 21.6     7026     5712     8340 23.4 19.0 27.8     4929     3901     5957 22.4 17.7 27.1  49170  45341  52999                                        Sebastian County                              AR est21all.txt 30NOV2022
05 133     2854     2234     3474 18.3 14.3 22.3     1148      833     1463 26.0 18.9 33.1      772      528     1016 23.7 16.2 31.2  46651  41117  52185                                        Sevier County                                 AR est21all.txt 30NOV2022
05 135     3181     2454     3908 18.3 14.1 22.5     1034      709     1359 28.4 19.5 37.3      707      461      953 26.3 17.2 35.4  39183  34698  43668                                        Sharp County                                  AR est21all.txt 30NOV2022
05 137     2567     2032     3102 20.8 16.5 25.1      837      619     1055 34.7 25.7 43.7      585      411      759 32.9 23.1 42.7  37782  33102  42462                                        Stone County                                  AR est21all.txt 30NOV2022
05 139     6726     5422     8030 17.8 14.4 21.2     2166     1565     2767 23.9 17.3 30.5     1508     1014     2002 22.2 14.9 29.5  47315  42065  52565                                        Union County                                  AR est21all.txt 30NOV2022
05 141     2659     2080     3238 17.1 13.4 20.8      778      545     1011 27.1 19.0 35.2      544      361      727 24.5 16.3 32.7  39629  35104  44154                                        Van Buren County                              AR est21all.txt 30NOV2022
05 143    30035    25656    34414 12.4 10.6 14.2     8882     6836    10928 15.2 11.7 18.7     5878     4206     7550 13.7  9.8 17.6  64218  60936  67500                                        Washington County                             AR est21all.txt 30NOV2022
05 145    12106    10235    13977 16.3 13.8 18.8     3602     2744     4460 20.6 15.7 25.5     2304     1615     2993 17.4 12.2 22.6  51660  49296  54024                                        White County                                  AR est21all.txt 30NOV2022
05 147     1514     1188     1840 25.2 19.8 30.6      434      302      566 33.7 23.5 43.9      296      196      396 32.1 21.3 42.9  37331  32643  42019                                        Woodruff County                               AR est21all.txt 30NOV2022
05 149     2996     2315     3677 15.1 11.7 18.5     1027      717     1337 21.5 15.0 28.0      707      468      946 19.9 13.2 26.6  48526  43994  53058                                        Yell County                                   AR est21all.txt 30NOV2022
06   0  4742405  4689999  4794811 12.3 12.2 12.4  1362903  1333900  1391906 15.8 15.5 16.1   993484   967041  1019927 15.4 15.0 15.8  84831  84292  85370  339169  326796  351542 15.8 15.2 16.4 California                                    CA est21all.txt 30NOV2022
06   1   152654   140318   164990  9.4  8.6 10.2    32470    27762    37178  9.9  8.5 11.3    25200    21537    28863 10.5  9.0 12.0 108971 106170 111772                                        Alameda County                                CA est21all.txt 30NOV2022
06   3      194      148      240 15.8 12.1 19.5       59       42       76 27.2 19.3 35.1       38       26       50 22.6 15.3 29.9  87570  80899  94241                                        Alpine County                                 CA est21all.txt 30NOV2022
06   5     4104     3139     5069 11.1  8.5 13.7      831      589     1073 13.5  9.6 17.4      572      387      757 12.5  8.4 16.6  68159  61507  74811                                        Amador County                                 CA est21all.txt 30NOV2022
06   7    33874    30026    37722 16.6 14.7 18.5     7622     6017     9227 18.3 14.4 22.2     5417     4183     6651 17.6 13.6 21.6  62982  60248  65716                                        Butte County                                  CA est21all.txt 30NOV2022
06   9     6198     5078     7318 13.5 11.1 15.9     1416     1058     1774 18.3 13.7 22.9      967      689     1245 17.0 12.1 21.9  68298  61082  75514                                        Calaveras County                              CA est21all.txt 30NOV2022
06  11     2466     1901     3031 11.4  8.8 14.0      895      654     1136 15.6 11.4 19.8      640      457      823 14.6 10.4 18.8  60725  53787  67663                                        Colusa County                                 CA est21all.txt 30NOV2022
06  13   100948    92022   109874  8.8  8.0  9.6    28760    25287    32233 11.3  9.9 12.7    20464    17715    23213 10.6  9.2 12.0 110595 107542 113648                                        Contra Costa County                           CA est21all.txt 30NOV2022
06  15     5368     4316     6420 21.4 17.2 25.6     1547     1156     1938 27.2 20.3 34.1     1055      745     1365 24.5 17.3 31.7  48108  42824  53392                                        Del Norte County                              CA est21all.txt 30NOV2022
06  17    16839    14045    19633  8.8  7.3 10.3     3907     3066     4748 10.5  8.2 12.8     2662     2004     3320  9.2  6.9 11.5  87689  80889  94489                                        El Dorado County                              CA est21all.txt 30NOV2022
06  19   193449   179983   206915 19.4 18.0 20.8    75358    69078    81638 26.8 24.6 29.0    55452    50591    60313 26.3 24.0 28.6  63140  61332  64948                                        Fresno County                                 CA est21all.txt 30NOV2022
06  21     4397     3560     5234 15.5 12.6 18.4     1629     1249     2009 21.4 16.4 26.4     1102      820     1384 19.2 14.3 24.1  56741  50379  63103                                        Glenn County                                  CA est21all.txt 30NOV2022
06  23    25781    22760    28802 19.4 17.1 21.7     6004     4820     7188 23.8 19.1 28.5     4557     3639     5475 24.6 19.6 29.6  53924  49868  57980                                        Humboldt County                               CA est21all.txt 30NOV2022
06  25    29738    24540    34936 17.3 14.3 20.3    10916     8276    13556 21.6 16.4 26.8     8141     6026    10256 21.4 15.8 27.0  50970  48099  53841                                        Imperial County                               CA est21all.txt 30NOV2022
06  27     2382     1903     2861 12.8 10.2 15.4      661      473      849 16.9 12.1 21.7      467      324      610 15.9 11.0 20.8  62381  55355  69407                                        Inyo County                                   CA est21all.txt 30NOV2022
06  29   164169   149799   178539 18.5 16.9 20.1    65595    58293    72897 25.3 22.5 28.1    47110    41722    52498 24.2 21.4 27.0  57926  54723  61129                                        Kern County                                   CA est21all.txt 30NOV2022
06  31    24295    20420    28170 17.7 14.9 20.5     9225     7522    10928 22.6 18.4 26.8     6377     5034     7720 21.3 16.8 25.8  60810  57040  64580                                        Kings County                                  CA est21all.txt 30NOV2022
06  33    11196     8683    13709 16.5 12.8 20.2     3665     2608     4722 25.0 17.8 32.2     2533     1737     3329 23.9 16.4 31.4  55801  51767  59835                                        Lake County                                   CA est21all.txt 30NOV2022
06  35     4805     3867     5743 18.8 15.1 22.5     1161      912     1410 20.2 15.9 24.5      811      621     1001 19.4 14.8 24.0  56923  51387  62459                                        Lassen County                                 CA est21all.txt 30NOV2022
06  37  1365808  1324191  1407425 14.1 13.7 14.5   374321   356336   392306 18.4 17.5 19.3   282158   268124   296192 18.5 17.6 19.4  77356  76664  78048                                        Los Angeles County                            CA est21all.txt 30NOV2022
06  39    31044    27214    34874 20.4 17.9 22.9    11859     9943    13775 27.7 23.2 32.2     8346     6868     9824 26.0 21.4 30.6  60241  54963  65519                                        Madera County                                 CA est21all.txt 30NOV2022
06  41    19734    16455    23013  7.8  6.5  9.1     3866     2928     4804  7.9  6.0  9.8     2677     1963     3391  7.0  5.1  8.9 118472 110912 126032                                        Marin County                                  CA est21all.txt 30NOV2022
06  43     2387     1808     2966 14.1 10.7 17.5      634      450      818 22.0 15.6 28.4      457      312      602 21.3 14.5 28.1  60377  54124  66630                                        Mariposa County                               CA est21all.txt 30NOV2022
06  45    14539    11887    17191 16.1 13.2 19.0     4200     3072     5328 22.3 16.3 28.3     2995     2122     3868 21.4 15.2 27.6  57516  51658  63374                                        Mendocino County                              CA est21all.txt 30NOV2022
06  47    61359    55535    67183 21.9 19.8 24.0    23539    20697    26381 28.8 25.3 32.3    17538    15398    19678 28.5 25.0 32.0  54703  51436  57970                                        Merced County                                 CA est21all.txt 30NOV2022
06  49     1688     1307     2069 19.9 15.4 24.4      466      342      590 29.8 21.9 37.7      334      239      429 28.3 20.3 36.3  49273  44364  54182                                        Modoc County                                  CA est21all.txt 30NOV2022
06  51     1278      973     1583  9.8  7.5 12.1      274      196      352 12.1  8.7 15.5      193      133      253 11.4  7.9 14.9  70945  62471  79419                                        Mono County                                   CA est21all.txt 30NOV2022
06  53    50725    43455    57995 12.1 10.4 13.8    17146    13563    20729 15.5 12.3 18.7    12162     9446    14878 14.7 11.4 18.0  81404  79343  83465                                        Monterey County                               CA est21all.txt 30NOV2022
06  55    11814     9909    13719  9.0  7.6 10.4     2675     2030     3320 10.1  7.7 12.5     1865     1360     2370  9.2  6.7 11.7  94127  88895  99359                                        Napa County                                   CA est21all.txt 30NOV2022
06  57    12141    10287    13995 11.8 10.0 13.6     2538     1900     3176 14.7 11.0 18.4     1779     1302     2256 13.7 10.0 17.4  77220  70966  83474                                        Nevada County                                 CA est21all.txt 30NOV2022
06  59   309402   290860   327944  9.9  9.3 10.5    73387    65864    80910 11.0  9.9 12.1    52153    46538    57768 10.5  9.4 11.6 100210  98704 101716                                        Orange County                                 CA est21all.txt 30NOV2022
06  61    26816    23108    30524  6.6  5.7  7.5     6452     5108     7796  7.2  5.7  8.7     4743     3700     5786  6.9  5.4  8.4 103588 100310 106866                                        Placer County                                 CA est21all.txt 30NOV2022
06  63     2545     1946     3144 13.0  9.9 16.1      735      529      941 21.8 15.7 27.9      505      347      663 20.0 13.8 26.2  58154  52309  63999                                        Plumas County                                 CA est21all.txt 30NOV2022
06  65   282068   261203   302933 11.6 10.7 12.5    94933    85020   104846 16.0 14.3 17.7    71460    64253    78667 15.9 14.3 17.5  78690  77268  80112                                        Riverside County                              CA est21all.txt 30NOV2022
06  67   203413   188841   217985 13.0 12.1 13.9    61487    54118    68856 16.9 14.9 18.9    43774    37837    49711 16.3 14.1 18.5  79611  77617  81605                                        Sacramento County                             CA est21all.txt 30NOV2022
06  69     5899     4633     7165  8.9  7.0 10.8     1864     1364     2364 11.1  8.1 14.1     1298      896     1700 10.3  7.1 13.5  95187  87067 103307                                        San Benito County                             CA est21all.txt 30NOV2022
06  71   285474   263941   307007 13.2 12.2 14.2    95678    85196   106160 17.1 15.2 19.0    69325    61241    77409 16.6 14.7 18.5  74218  72378  76058                                        San Bernardino County                         CA est21all.txt 30NOV2022
06  73   340522   320076   360968 10.7 10.1 11.3    84754    76305    93203 12.3 11.1 13.5    58871    52284    65458 11.7 10.4 13.0  90756  89622  91890                                        San Diego County                              CA est21all.txt 30NOV2022
06  75    90898    83583    98213 11.4 10.5 12.3    13105    10252    15958 11.7  9.1 14.3     9461     7255    11667 12.3  9.4 15.2 119776 115563 123989                                        San Francisco County                          CA est21all.txt 30NOV2022
06  77    95382    83774   106990 12.3 10.8 13.8    32565    27493    37637 15.7 13.2 18.2    22769    18920    26618 14.6 12.1 17.1  79598  77211  81985                                        San Joaquin County                            CA est21all.txt 30NOV2022
06  79    35120    31122    39118 13.1 11.6 14.6     6690     5486     7894 13.8 11.3 16.3     4422     3465     5379 12.2  9.6 14.8  79688  75932  83444                                        San Luis Obispo County                        CA est21all.txt 30NOV2022
06  81    49900    43747    56053  6.8  6.0  7.6     9325     7057    11593  6.5  4.9  8.1     6547     4719     8375  6.1  4.4  7.8 131151 127714 134588                                        San Mateo County                              CA est21all.txt 30NOV2022
06  83    65029    59277    70781 15.2 13.9 16.5    16290    13605    18975 16.8 14.0 19.6    11251     9161    13341 15.9 12.9 18.9  83185  79921  86449                                        Santa Barbara County                          CA est21all.txt 30NOV2022
06  85   128955   117767   140143  6.9  6.3  7.5    29178    24749    33607  7.4  6.3  8.5    21124    17537    24711  7.2  6.0  8.4 141161 138832 143490                                        Santa Clara County                            CA est21all.txt 30NOV2022
06  87    27132    22485    31779 10.6  8.8 12.4     6016     4347     7685 12.3  8.9 15.7     4052     2811     5293 11.0  7.6 14.4  90370  84679  96061                                        Santa Cruz County                             CA est21all.txt 30NOV2022
06  89    25141    21256    29026 14.0 11.8 16.2     6963     5291     8635 18.0 13.7 22.3     4976     3604     6348 17.4 12.6 22.2  60187  56764  63610                                        Shasta County                                 CA est21all.txt 30NOV2022
06  91      398      300      496 12.3  9.3 15.3       88       63      113 16.2 11.5 20.9       61       42       80 15.3 10.5 20.1  60659  53239  68079                                        Sierra County                                 CA est21all.txt 30NOV2022
06  93     7301     6005     8597 16.8 13.8 19.8     2047     1511     2583 23.3 17.2 29.4     1458     1033     1883 21.9 15.5 28.3  50069  45178  54960                                        Siskiyou County                               CA est21all.txt 30NOV2022
06  95    44037    37963    50111 10.0  8.6 11.4    12267     9892    14642 12.6 10.2 15.0     8273     6456    10090 11.5  9.0 14.0  87348  84016  90680                                        Solano County                                 CA est21all.txt 30NOV2022
06  97    43661    38372    48950  9.1  8.0 10.2     9418     7409    11427 10.4  8.2 12.6     6770     5210     8330  9.8  7.5 12.1  92999  89380  96618                                        Sonoma County                                 CA est21all.txt 30NOV2022
06  99    76921    67090    86752 14.1 12.3 15.9    28477    24325    32629 19.4 16.6 22.2    20798    17426    24170 19.0 15.9 22.1  73151  70938  75364                                        Stanislaus County                             CA est21all.txt 30NOV2022
06 101    15224    12930    17518 15.5 13.2 17.8     5570     4577     6563 22.3 18.3 26.3     3855     3061     4649 20.6 16.4 24.8  63246  58462  68030                                        Sutter County                                 CA est21all.txt 30NOV2022
06 103    10107     8151    12063 15.6 12.6 18.6     3165     2262     4068 20.6 14.7 26.5     2242     1562     2922 19.4 13.5 25.3  53654  47435  59873                                        Tehama County                                 CA est21all.txt 30NOV2022
06 105     3010     2307     3713 19.1 14.7 23.5      807      563     1051 29.2 20.3 38.1      550      368      732 26.7 17.9 35.5  45508  39960  51056                                        Trinity County                                CA est21all.txt 30NOV2022
06 107    88367    78219    98515 18.7 16.5 20.9    34660    29195    40125 24.4 20.6 28.2    24523    20556    28490 22.8 19.1 26.5  57398  54157  60639                                        Tulare County                                 CA est21all.txt 30NOV2022
06 109     6848     5388     8308 13.2 10.4 16.0     1606     1161     2051 17.3 12.5 22.1     1128      791     1465 16.4 11.5 21.3  61396  54884  67908                                        Tuolumne County                               CA est21all.txt 30NOV2022
06 111    73968    66079    81857  8.9  7.9  9.9    22126    18870    25382 12.1 10.3 13.9    16157    13571    18743 11.6  9.7 13.5  95819  93275  98363                                        Ventura County                                CA est21all.txt 30NOV2022
06 113    30708    27369    34047 14.8 13.2 16.4     5057     3676     6438 11.6  8.4 14.8     3487     2405     4569 10.5  7.2 13.8  76247  71083  81411                                        Yolo County                                   CA est21all.txt 30NOV2022
06 115    12784    10305    15263 15.6 12.6 18.6     4953     3875     6031 21.9 17.1 26.7     3382     2518     4246 20.6 15.3 25.9  60764  56731  64797                                        Yuba County                                   CA est21all.txt 30NOV2022
08   0   554126   540035   568217  9.7  9.5  9.9   144163   137066   151260 11.8 11.2 12.4    99663    93685   105641 10.9 10.2 11.6  82228  81447  83009   39308   35584   43032 12.8 11.6 14.0 Colorado                                      CO est21all.txt 30NOV2022
08   1    51680    45391    57969 10.0  8.8 11.2    16729    13606    19852 12.9 10.5 15.3    12012     9524    14500 12.4  9.8 15.0  80831  78378  83284                                        Adams County                                  CO est21all.txt 30NOV2022
08   3     2887     2222     3552 18.3 14.1 22.5      932      652     1212 23.4 16.4 30.4      661      447      875 22.0 14.9 29.1  51009  45463  56555                                        Alamosa County                                CO est21all.txt 30NOV2022
08   5    56744    51237    62251  8.7  7.9  9.5    16945    14238    19652 11.5  9.7 13.3    12300    10238    14362 11.2  9.3 13.1  84308  81835  86781                                        Arapahoe County                               CO est21all.txt 30NOV2022
08   7     1556     1202     1910 11.4  8.8 14.0      481      343      619 20.3 14.5 26.1      352      244      460 19.4 13.4 25.4  68025  62476  73574                                        Archuleta County                              CO est21all.txt 30NOV2022
08   9      697      562      832 20.3 16.4 24.2      212      156      268 27.0 19.8 34.2      150      108      192 25.5 18.3 32.7  44257  39344  49170                                        Baca County                                   CO est21all.txt 30NOV2022
08  11     1284     1005     1563 30.0 23.5 36.5      263      190      336 28.8 20.8 36.8      186      130      242 27.2 19.0 35.4  37185  32546  41824                                        Bent County                                   CO est21all.txt 30NOV2022
08  13    34103    30717    37489 10.7  9.6 11.8     5099     3876     6322  8.6  6.5 10.7     3469     2514     4424  7.5  5.4  9.6  90327  85673  94981                                        Boulder County                                CO est21all.txt 30NOV2022
08  14     3680     3018     4342  4.9  4.0  5.8      832      595     1069  5.3  3.8  6.8      587      404      770  4.8  3.3  6.3 106413  98649 114177                                        Broomfield County                             CO est21all.txt 30NOV2022
08  15     1952     1496     2408 10.4  8.0 12.8      375      262      488 12.8  8.9 16.7      263      176      350 11.9  7.9 15.9  65987  58378  73596                                        Chaffee County                                CO est21all.txt 30NOV2022
08  17      215      163      267 12.9  9.8 16.0       81       57      105 20.2 14.2 26.2       58       39       77 18.2 12.2 24.2  58544  51282  65806                                        Cheyenne County                               CO est21all.txt 30NOV2022
08  19      712      533      891  7.6  5.7  9.5      158      111      205 12.2  8.5 15.9      108       72      144 11.3  7.6 15.0  78312  69184  87440                                        Clear Creek County                            CO est21all.txt 30NOV2022
08  21     1268      947     1589 16.7 12.5 20.9      434      302      566 22.7 15.8 29.6      293      191      395 20.1 13.1 27.1  45931  40791  51071                                        Conejos County                                CO est21all.txt 30NOV2022
08  23      835      639     1031 23.1 17.7 28.5      250      172      328 36.0 24.8 47.2      175      114      236 33.3 21.7 44.9  35416  31038  39794                                        Costilla County                               CO est21all.txt 30NOV2022
08  25     1241      912     1570 37.8 27.8 47.8      215      150      280 31.0 21.6 40.4      149      100      198 27.2 18.2 36.2  38049  33555  42543                                        Crowley County                                CO est21all.txt 30NOV2022
08  27      519      388      650 10.5  7.8 13.2      154      108      200 22.4 15.8 29.0      111       75      147 22.6 15.2 30.0  63505  55643  71367                                        Custer County                                 CO est21all.txt 30NOV2022
08  29     4325     3401     5249 13.9 10.9 16.9     1279      918     1640 21.1 15.2 27.0      879      603     1155 19.1 13.1 25.1  52403  46706  58100                                        Delta County                                  CO est21all.txt 30NOV2022
08  31    82086    74364    89808 11.7 10.6 12.8    20647    17084    24210 15.8 13.1 18.5    14167    11395    16939 15.5 12.5 18.5  81262  79113  83411                                        Denver County                                 CO est21all.txt 30NOV2022
08  33      332      257      407 13.9 10.8 17.0       82       57      107 19.3 13.4 25.2       58       39       77 16.7 11.2 22.2  55157  48238  62076                                        Dolores County                                CO est21all.txt 30NOV2022
08  35    10490     8507    12473  2.9  2.4  3.4     2469     1794     3144  2.8  2.0  3.6     1643     1099     2187  2.4  1.6  3.2 129839 126611 133067                                        Douglas County                                CO est21all.txt 30NOV2022
08  37     3922     3068     4776  7.1  5.6  8.6      860      607     1113  7.5  5.3  9.7      567      385      749  6.5  4.4  8.6  94928  87952 101904                                        Eagle County                                  CO est21all.txt 30NOV2022
08  39     1447     1109     1785  5.4  4.1  6.7      401      284      518  7.1  5.0  9.2      274      185      363  6.1  4.1  8.1 114853 104576 125130                                        Elbert County                                 CO est21all.txt 30NOV2022
08  41    68718    61434    76002  9.6  8.6 10.6    19528    16000    23056 11.5  9.4 13.6    12978    10194    15762 10.4  8.2 12.6  79094  76338  81850                                        El Paso County                                CO est21all.txt 30NOV2022
08  43     6608     5174     8042 15.9 12.4 19.4     1516     1064     1968 19.4 13.6 25.2     1048      697     1399 18.0 12.0 24.0  51732  45894  57570                                        Fremont County                                CO est21all.txt 30NOV2022
08  45     5667     4555     6779  9.2  7.4 11.0     1886     1396     2376 12.5  9.2 15.8     1301      943     1659 11.7  8.5 14.9  78940  71309  86571                                        Garfield County                               CO est21all.txt 30NOV2022
08  47      406      309      503  6.9  5.2  8.6       84       60      108 10.3  7.3 13.3       47       32       62  7.3  4.9  9.7  82370  72628  92112                                        Gilpin County                                 CO est21all.txt 30NOV2022
08  49     1135      864     1406  7.2  5.5  8.9      254      179      329 10.1  7.1 13.1      178      120      236  9.2  6.2 12.2  78779  69155  88403                                        Grand County                                  CO est21all.txt 30NOV2022
08  51     2016     1610     2422 12.3  9.8 14.8      332      245      419 12.1  8.9 15.3      223      159      287 10.7  7.6 13.8  63872  56297  71447                                        Gunnison County                               CO est21all.txt 30NOV2022
08  53       59       44       74  7.6  5.7  9.5       20       14       26 17.2 11.9 22.5       14        9       19 16.7 11.1 22.3  66213  59086  73340                                        Hinsdale County                               CO est21all.txt 30NOV2022
08  55     1261      956     1566 18.6 14.1 23.1      345      240      450 31.9 22.2 41.6      241      162      320 28.7 19.3 38.1  46798  41913  51683                                        Huerfano County                               CO est21all.txt 30NOV2022
08  57      201      157      245 14.8 11.5 18.1       61       44       78 26.0 18.8 33.2       43       30       56 24.9 17.3 32.5  55535  48455  62615                                        Jackson County                                CO est21all.txt 30NOV2022
08  59    41422    35873    46971  7.3  6.3  8.3     8616     6566    10666  8.0  6.1  9.9     5593     4077     7109  6.9  5.0  8.8  94401  92111  96691                                        Jefferson County                              CO est21all.txt 30NOV2022
08  61      180      135      225 12.5  9.4 15.6       66       46       86 19.5 13.7 25.3       45       30       60 18.0 12.1 23.9  61430  58657  64203                                        Kiowa County                                  CO est21all.txt 30NOV2022
08  63      832      640     1024 12.1  9.3 14.9      313      216      410 17.8 12.3 23.3      227      151      303 16.8 11.2 22.4  56272  49956  62588                                        Kit Carson County                             CO est21all.txt 30NOV2022
08  65      828      627     1029 11.3  8.5 14.1      240      168      312 15.9 11.1 20.7      161      108      214 14.8  9.9 19.7  64416  57720  71112                                        Lake County                                   CO est21all.txt 30NOV2022
08  67     5521     4413     6629 10.1  8.1 12.1     1212      850     1574 12.1  8.5 15.7      849      573     1125 11.1  7.5 14.7  74774  69827  79721                                        La Plata County                               CO est21all.txt 30NOV2022
08  69    39476    35707    43245 11.2 10.1 12.3     7097     5804     8390 10.6  8.7 12.5     4765     3766     5764  9.3  7.3 11.3  78681  74775  82587                                        Larimer County                                CO est21all.txt 30NOV2022
08  71     2920     2346     3494 21.0 16.9 25.1      743      535      951 29.0 20.9 37.1      530      368      692 27.4 19.0 35.8  42708  39080  46336                                        Las Animas County                             CO est21all.txt 30NOV2022
08  73      699      523      875 14.9 11.1 18.7      220      155      285 20.2 14.2 26.2      155      105      205 19.7 13.3 26.1  51975  45506  58444                                        Lincoln County                                CO est21all.txt 30NOV2022
08  75     2982     2368     3596 16.4 13.0 19.8      683      491      875 18.1 13.0 23.2      482      333      631 17.9 12.4 23.4  53234  48432  58036                                        Logan County                                  CO est21all.txt 30NOV2022
08  77    16238    13266    19210 10.6  8.7 12.5     4636     3367     5905 14.4 10.5 18.3     3185     2225     4145 13.3  9.3 17.3  63531  59747  67315                                        Mesa County                                   CO est21all.txt 30NOV2022
08  79       89       67      111  9.6  7.2 12.0       19       13       25 16.2 11.4 21.0       13        9       17 15.5 10.2 20.8  62213  54550  69876                                        Mineral County                                CO est21all.txt 30NOV2022
08  81     1409     1090     1728 10.8  8.4 13.2      467      326      608 14.4 10.1 18.7      301      199      403 12.1  8.0 16.2  64133  57055  71211                                        Moffat County                                 CO est21all.txt 30NOV2022
08  83     3957     3121     4793 15.2 12.0 18.4     1280      901     1659 23.5 16.6 30.4      872      584     1160 20.9 14.0 27.8  53337  47513  59161                                        Montezuma County                              CO est21all.txt 30NOV2022
08  85     5370     4294     6446 12.5 10.0 15.0     1639     1220     2058 18.7 13.9 23.5     1178      869     1487 17.7 13.1 22.3  56686  51188  62184                                        Montrose County                               CO est21all.txt 30NOV2022
08  87     3524     2850     4198 12.4 10.0 14.8     1214      929     1499 16.3 12.5 20.1      815      596     1034 15.0 11.0 19.0  61849  55028  68670                                        Morgan County                                 CO est21all.txt 30NOV2022
08  89     3555     2760     4350 19.7 15.3 24.1     1227      887     1567 28.7 20.8 36.6      864      602     1126 26.7 18.6 34.8  45658  40711  50605                                        Otero County                                  CO est21all.txt 30NOV2022
08  91      323      241      405  6.4  4.8  8.0       58       41       75  8.5  6.0 11.0       40       27       53  7.4  5.0  9.8  80686  71266  90106                                        Ouray County                                  CO est21all.txt 30NOV2022
08  93     1280      956     1604  7.3  5.5  9.1      295      207      383 11.4  8.0 14.8      199      134      264 10.2  6.9 13.5  84361  74779  93943                                        Park County                                   CO est21all.txt 30NOV2022
08  95      529      414      644 11.9  9.3 14.5      188      137      239 16.4 11.9 20.9      137       97      177 15.5 11.0 20.0  56577  49785  63369                                        Phillips County                               CO est21all.txt 30NOV2022
08  97     1155      884     1426  6.7  5.1  8.3      159      114      204  6.2  4.4  8.0      111       77      145  5.9  4.1  7.7  96316  84742 107890                                        Pitkin County                                 CO est21all.txt 30NOV2022
08  99     2251     1754     2748 19.2 15.0 23.4      778      556     1000 25.2 18.0 32.4      526      359      693 22.9 15.6 30.2  48337  43035  53639                                        Prowers County                                CO est21all.txt 30NOV2022
08 101    26839    23426    30252 16.2 14.1 18.3     7152     5471     8833 19.4 14.8 24.0     4900     3607     6193 17.8 13.1 22.5  56311  53567  59055                                        Pueblo County                                 CO est21all.txt 30NOV2022
08 103      632      476      788 10.2  7.7 12.7      191      134      248 12.8  9.0 16.6      132       89      175 11.2  7.5 14.9  65334  57909  72759                                        Rio Blanco County                             CO est21all.txt 30NOV2022
08 105     1611     1221     2001 14.4 10.9 17.9      508      354      662 21.0 14.6 27.4      374      251      497 20.5 13.8 27.2  52353  45956  58750                                        Rio Grande County                             CO est21all.txt 30NOV2022
08 107     1484     1147     1821  6.0  4.6  7.4      285      202      368  6.6  4.7  8.5      200      136      264  6.1  4.2  8.0  93776  83704 103848                                        Routt County                                  CO est21all.txt 30NOV2022
08 109     1392     1046     1738 21.6 16.2 27.0      426      296      556 34.7 24.1 45.3      282      187      377 29.7 19.7 39.7  43366  38053  48679                                        Saguache County                               CO est21all.txt 30NOV2022
08 111      101       78      124 13.8 10.7 16.9       23       16       30 26.1 18.4 33.8       17       12       22 23.3 15.9 30.7  54146  47397  60895                                        San Juan County                               CO est21all.txt 30NOV2022
08 113      729      584      874  9.0  7.2 10.8      128       92      164  9.5  6.8 12.2       86       58      114  8.2  5.5 10.9  79742  69970  89514                                        San Miguel County                             CO est21all.txt 30NOV2022
08 115      328      254      402 14.2 11.0 17.4       94       66      122 21.3 15.0 27.6       66       44       88 18.6 12.5 24.7  45645  40121  51169                                        Sedgwick County                               CO est21all.txt 30NOV2022
08 117     2053     1525     2581  6.7  5.0  8.4      353      247      459  7.4  5.2  9.6      225      150      300  6.4  4.3  8.5  90297  80070 100524                                        Summit County                                 CO est21all.txt 30NOV2022
08 119     1968     1497     2439  7.9  6.0  9.8      550      391      709 13.6  9.7 17.5      388      265      511 12.2  8.3 16.1  76715  69005  84425                                        Teller County                                 CO est21all.txt 30NOV2022
08 121      544      407      681 11.6  8.7 14.5      184      128      240 16.9 11.8 22.0      128       86      170 15.2 10.2 20.2  57522  50921  64123                                        Washington County                             CO est21all.txt 30NOV2022
08 123    32543    28179    36907  9.8  8.5 11.1     9701     7721    11681 11.3  9.0 13.6     6942     5422     8462 11.0  8.6 13.4  84826  81588  88064                                        Weld County                                   CO est21all.txt 30NOV2022
08 125     1315     1030     1600 13.5 10.6 16.4      493      356      630 18.2 13.2 23.2      340      238      442 16.7 11.7 21.7  56161  49291  63031                                        Yuma County                                   CO est21all.txt 30NOV2022
09   0   355861   344138   367584 10.1  9.8 10.4    93263    88443    98083 12.9 12.2 13.6    66642    62624    70660 12.2 11.5 12.9  83628  82542  84714   24150   21569   26731 13.9 12.4 15.4 Connecticut                                   CT est21all.txt 30NOV2022
09   1    85452    77033    93871  9.1  8.2 10.0    23561    20227    26895 11.3  9.7 12.9    17155    14629    19681 10.8  9.2 12.4 100703  98255 103151                                        Fairfield County                              CT est21all.txt 30NOV2022
09   3    92542    83824   101260 10.6  9.6 11.6    25537    22030    29044 13.8 11.9 15.7    17974    15302    20646 13.0 11.1 14.9  79958  78117  81799                                        Hartford County                               CT est21all.txt 30NOV2022
09   5    15713    13296    18130  8.6  7.3  9.9     3255     2494     4016 10.1  7.7 12.5     2297     1711     2883  9.3  6.9 11.7  84689  80408  88970                                        Litchfield County                             CT est21all.txt 30NOV2022
09   7    10537     8370    12704  6.6  5.2  8.0     2151     1560     2742  7.9  5.7 10.1     1543     1090     1996  7.4  5.2  9.6  94735  90975  98495                                        Middlesex County                              CT est21all.txt 30NOV2022
09   9   100433    91625   109241 12.0 10.9 13.1    26492    22677    30307 15.5 13.3 17.7    18809    15948    21670 14.7 12.5 16.9  75094  72566  77622                                        New Haven County                              CT est21all.txt 30NOV2022
09  11    23102    19792    26412  8.9  7.6 10.2     6212     4852     7572 12.2  9.5 14.9     4567     3508     5626 12.0  9.2 14.8  78552  74962  82142                                        New London County                             CT est21all.txt 30NOV2022
09  13    15039    13239    16839 11.1  9.8 12.4     2374     1914     2834  9.4  7.6 11.2     1598     1236     1960  8.3  6.4 10.2  86430  79390  93470                                        Tolland County                                CT est21all.txt 30NOV2022
09  15    13043    10835    15251 11.6  9.6 13.6     3680     2873     4487 16.7 13.0 20.4     2699     2089     3309 16.2 12.5 19.9  71581  67100  76062                                        Windham County                                CT est21all.txt 30NOV2022
10   0   113026   107766   118286 11.5 11.0 12.0    33302    31518    35086 16.2 15.3 17.1    23013    21575    24451 15.0 14.1 15.9  71636  69940  73332    9694    8679   10709 18.6 16.6 20.6 Delaware                                      DE est21all.txt 30NOV2022
10   1    21961    18734    25188 12.2 10.4 14.0     7269     5864     8674 17.5 14.1 20.9     4707     3580     5834 15.2 11.6 18.8  64670  60547  68793                                        Kent County                                   DE est21all.txt 30NOV2022
10   3    63059    57850    68268 11.4 10.5 12.3    17746    15638    19854 14.8 13.0 16.6    12448    10833    14063 13.9 12.1 15.7  74088  71480  76696                                        New Castle County                             DE est21all.txt 30NOV2022
10   5    28006    24681    31331 11.5 10.1 12.9     8286     6826     9746 18.9 15.6 22.2     5858     4722     6994 18.1 14.6 21.6  70500  68155  72845                                        Sussex County                                 DE est21all.txt 30NOV2022
11   0   107307   101426   113188 16.8 15.9 17.7    31194    27542    34846 25.5 22.5 28.5    21233    17836    24630 25.5 21.4 29.6  91072  88170  93974    9444    8334   10554 24.3 21.4 27.2 District of Columbia                          DC est21all.txt 30NOV2022
11   1   107307   101426   113188 16.8 15.9 17.7    31194    27542    34846 25.5 22.5 28.5    21233    17836    24630 25.5 21.4 29.6  91072  88170  93974                                        District of Columbia                          DC est21all.txt 30NOV2022
12   0  2830813  2790138  2871488 13.2 13.0 13.4   774679   749604   799754 18.4 17.8 19.0   545090   523085   567095 17.5 16.8 18.2  63054  62631  63477  212346  200017  224675 19.8 18.7 20.9 Florida                                       FL est21all.txt 30NOV2022
12   1    50668    45708    55628 19.1 17.2 21.0     8104     5979    10229 16.2 11.9 20.5     5948     4329     7567 16.3 11.9 20.7  56006  51974  60038                                        Alachua County                                FL est21all.txt 30NOV2022
12   3     4187     3325     5049 16.1 12.8 19.4     1491     1118     1864 22.3 16.7 27.9     1055      758     1352 21.3 15.3 27.3  60994  53895  68093                                        Baker County                                  FL est21all.txt 30NOV2022
12   5    24383    20974    27792 13.9 12.0 15.8     8700     7225    10175 23.8 19.8 27.8     5955     4797     7113 22.3 18.0 26.6  60106  56845  63367                                        Bay County                                    FL est21all.txt 30NOV2022
12   7     4636     3698     5574 19.1 15.2 23.0     1358      984     1732 24.8 18.0 31.6      868      579     1157 21.5 14.3 28.7  54911  50809  59013                                        Bradford County                               FL est21all.txt 30NOV2022
12   9    68879    61023    76735 11.3 10.0 12.6    19065    15500    22630 17.3 14.1 20.5    12122     9210    15034 14.6 11.1 18.1  65280  62631  67929                                        Brevard County                                FL est21all.txt 30NOV2022
12  11   244519   226819   262219 12.8 11.9 13.7    65938    57512    74364 16.5 14.4 18.6    46817    40474    53160 15.9 13.7 18.1  65536  63869  67203                                        Broward County                                FL est21all.txt 30NOV2022
12  13     2488     1915     3061 20.6 15.9 25.3      773      555      991 28.8 20.7 36.9      548      377      719 26.8 18.4 35.2  43210  37872  48548                                        Calhoun County                                FL est21all.txt 30NOV2022
12  15    20910    17526    24294 10.9  9.1 12.7     4336     3388     5284 19.2 15.0 23.4     3194     2468     3920 18.6 14.4 22.8  59547  55839  63255                                        Charlotte County                              FL est21all.txt 30NOV2022
12  17    24173    20799    27547 15.5 13.3 17.7     5726     4373     7079 24.9 19.0 30.8     4153     3055     5251 24.0 17.7 30.3  48237  44684  51790                                        Citrus County                                 FL est21all.txt 30NOV2022
12  19    17574    14160    20988  8.0  6.5  9.5     6119     4500     7738 12.1  8.9 15.3     4420     3091     5749 11.4  8.0 14.8  76711  73711  79711                                        Clay County                                   FL est21all.txt 30NOV2022
12  21    39843    33595    46091 10.4  8.8 12.0    10834     8744    12924 17.3 14.0 20.6     8411     6831     9991 17.8 14.5 21.1  75799  71570  80028                                        Collier County                                FL est21all.txt 30NOV2022
12  23    10722     8574    12870 16.5 13.2 19.8     3414     2469     4359 22.7 16.4 29.0     2453     1709     3197 22.0 15.3 28.7  52035  47699  56371                                        Columbia County                               FL est21all.txt 30NOV2022
12  27     8117     6703     9531 25.5 21.1 29.9     2212     1748     2676 36.7 29.0 44.4     1598     1255     1941 36.8 28.9 44.7  43256  38550  47962                                        DeSoto County                                 FL est21all.txt 30NOV2022
12  29     3599     2783     4415 23.4 18.1 28.7     1027      736     1318 32.7 23.4 42.0      735      507      963 31.4 21.7 41.1  39029  34990  43068                                        Dixie County                                  FL est21all.txt 30NOV2022
12  31   146090   131019   161161 14.9 13.4 16.4    46419    38662    54176 20.9 17.4 24.4    32409    26190    38628 20.5 16.6 24.4  60121  58041  62201                                        Duval County                                  FL est21all.txt 30NOV2022
12  33    56350    49848    62852 18.5 16.4 20.6    18659    15511    21807 28.1 23.4 32.8    13452    11057    15847 28.0 23.0 33.0  54492  51152  57832                                        Escambia County                               FL est21all.txt 30NOV2022
12  35    12373    10379    14367 10.3  8.6 12.0     3747     2912     4582 19.2 14.9 23.5     2625     1966     3284 17.4 13.0 21.8  65783  60309  71257                                        Flagler County                                FL est21all.txt 30NOV2022
12  37     2277     1786     2768 21.0 16.5 25.5      648      486      810 35.0 26.2 43.8      450      325      575 32.6 23.5 41.7  44684  39349  50019                                        Franklin County                               FL est21all.txt 30NOV2022
12  39    10645     9159    12131 25.8 22.2 29.4     3905     3298     4512 42.4 35.8 49.0     2674     2178     3170 39.3 32.0 46.6  45678  41252  50104                                        Gadsden County                                FL est21all.txt 30NOV2022
12  41     2644     2070     3218 15.3 12.0 18.6      822      597     1047 22.5 16.3 28.7      593      411      775 22.3 15.5 29.1  52168  49413  54923                                        Gilchrist County                              FL est21all.txt 30NOV2022
12  43     2123     1670     2576 19.2 15.1 23.3      420      303      537 24.7 17.8 31.6      300      208      392 22.1 15.3 28.9  46389  40562  52216                                        Glades County                                 FL est21all.txt 30NOV2022
12  45     2190     1678     2702 15.7 12.0 19.4      655      469      841 25.2 18.1 32.3      468      324      612 23.2 16.1 30.3  51684  46036  57332                                        Gulf County                                   FL est21all.txt 30NOV2022
12  47     2933     2294     3572 25.7 20.1 31.3      926      665     1187 35.7 25.6 45.8      648      447      849 35.2 24.3 46.1  39522  34759  44285                                        Hamilton County                               FL est21all.txt 30NOV2022
12  49     5268     4197     6339 21.9 17.5 26.3     1692     1207     2177 26.2 18.7 33.7     1171      799     1543 24.4 16.6 32.2  45964  40748  51180                                        Hardee County                                 FL est21all.txt 30NOV2022
12  51     8678     7062    10294 21.7 17.7 25.7     2992     2198     3786 28.3 20.8 35.8     2057     1436     2678 26.6 18.6 34.6  48841  43042  54640                                        Hendry County                                 FL est21all.txt 30NOV2022
12  53    23828    20142    27514 12.0 10.1 13.9     6586     4901     8271 18.0 13.4 22.6     4886     3561     6211 17.5 12.8 22.2  56443  53998  58888                                        Hernando County                               FL est21all.txt 30NOV2022
12  55    15428    12579    18277 15.1 12.3 17.9     3921     2685     5157 22.8 15.6 30.0     2809     1830     3788 21.6 14.1 29.1  47820  44309  51331                                        Highlands County                              FL est21all.txt 30NOV2022
12  57   208765   196150   221380 14.3 13.4 15.2    62406    55865    68947 19.5 17.5 21.5    45523    40782    50264 19.4 17.4 21.4  65818  63487  68149                                        Hillsborough County                           FL est21all.txt 30NOV2022
12  59     3613     2780     4446 20.0 15.4 24.6     1213      870     1556 30.3 21.7 38.9      871      604     1138 29.5 20.4 38.6  44139  39286  48992                                        Holmes County                                 FL est21all.txt 30NOV2022
12  61    18938    15865    22011 11.7  9.8 13.6     4724     3585     5863 19.3 14.6 24.0     3410     2547     4273 18.7 14.0 23.4  61351  56835  65867                                        Indian River County                           FL est21all.txt 30NOV2022
12  63     8499     6929    10069 20.6 16.8 24.4     2385     1789     2981 26.9 20.2 33.6     1701     1247     2155 26.7 19.6 33.8  42721  38664  46778                                        Jackson County                                FL est21all.txt 30NOV2022
12  65     2181     1664     2698 16.4 12.5 20.3      615      443      787 25.4 18.3 32.5      433      299      567 23.6 16.3 30.9  56130  50771  61489                                        Jefferson County                              FL est21all.txt 30NOV2022
12  67     1360     1019     1701 18.9 14.1 23.7      447      320      574 28.2 20.2 36.2      305      210      400 24.6 17.0 32.2  45732  40031  51433                                        Lafayette County                              FL est21all.txt 30NOV2022
12  69    39022    32225    45819 10.0  8.3 11.7    11848     8802    14894 15.9 11.8 20.0     8434     5975    10893 15.1 10.7 19.5  64662  62439  66885                                        Lake County                                   FL est21all.txt 30NOV2022
12  71    95012    86022   104002 12.2 11.0 13.4    24133    19987    28279 18.1 15.0 21.2    16670    13444    19896 16.9 13.6 20.2  66426  64361  68491                                        Lee County                                    FL est21all.txt 30NOV2022
12  73    45137    39713    50561 16.2 14.3 18.1     8676     6372    10980 16.1 11.8 20.4     6449     4569     8329 16.3 11.6 21.0  57246  54133  60359                                        Leon County                                   FL est21all.txt 30NOV2022
12  75     8228     6694     9762 18.8 15.3 22.3     2783     2220     3346 32.8 26.2 39.4     1987     1531     2443 31.6 24.4 38.8  45494  40627  50361                                        Levy County                                   FL est21all.txt 30NOV2022
12  77     1391     1069     1713 23.1 17.8 28.4      356      262      450 27.8 20.4 35.2      260      187      333 27.2 19.5 34.9  48271  43614  52928                                        Liberty County                                FL est21all.txt 30NOV2022
12  79     3585     2752     4418 21.8 16.7 26.9     1016      733     1299 31.2 22.5 39.9      731      510      952 31.0 21.6 40.4  43444  38424  48464                                        Madison County                                FL est21all.txt 30NOV2022
12  81    40642    34786    46498  9.9  8.5 11.3    11218     8617    13819 15.8 12.1 19.5     7824     5739     9909 14.7 10.8 18.6  67929  65197  70661                                        Manatee County                                FL est21all.txt 30NOV2022
12  83    50984    43423    58545 13.6 11.6 15.6    14714    11115    18313 20.7 15.6 25.8    10088     7380    12796 19.2 14.1 24.3  54555  51705  57405                                        Marion County                                 FL est21all.txt 30NOV2022
12  85    17768    15144    20392 11.4  9.7 13.1     4285     3407     5163 16.9 13.4 20.4     2923     2198     3648 15.3 11.5 19.1  67059  62185  71933                                        Martin County                                 FL est21all.txt 30NOV2022
12  86   398855   373824   423886 15.2 14.2 16.2    95520    83161   107879 18.1 15.8 20.4    63544    53504    73584 16.5 13.9 19.1  58905  57913  59897                                        Miami-Dade County                             FL est21all.txt 30NOV2022
12  87     8907     7206    10608 11.0  8.9 13.1     2200     1572     2828 17.4 12.4 22.4     1597     1115     2079 17.3 12.1 22.5  68975  62888  75062                                        Monroe County                                 FL est21all.txt 30NOV2022
12  89     9280     7797    10763  9.9  8.3 11.5     2615     2072     3158 14.3 11.3 17.3     1694     1229     2159 12.4  9.0 15.8  78069  72454  83684                                        Nassau County                                 FL est21all.txt 30NOV2022
12  91    20091    16556    23626  9.7  8.0 11.4     6869     5208     8530 14.6 11.1 18.1     4399     3098     5700 13.0  9.1 16.9  69053  64562  73544                                        Okaloosa County                               FL est21all.txt 30NOV2022
12  93     7841     6448     9234 20.9 17.2 24.6     2527     1947     3107 30.4 23.4 37.4     1708     1252     2164 29.1 21.3 36.9  47642  42074  53210                                        Okeechobee County                             FL est21all.txt 30NOV2022
12  95   208064   191194   224934 14.9 13.7 16.1    61799    54304    69294 20.4 17.9 22.9    42646    36484    48808 19.2 16.4 22.0  64579  62293  66865                                        Orange County                                 FL est21all.txt 30NOV2022
12  97    53195    46017    60373 13.3 11.5 15.1    19602    15592    23612 20.4 16.2 24.6    14379    11248    17510 19.9 15.6 24.2  60495  57257  63733                                        Osceola County                                FL est21all.txt 30NOV2022
12  99   171280   156914   185646 11.6 10.6 12.6    44343    37802    50884 15.9 13.6 18.2    31819    26725    36913 15.4 12.9 17.9  70024  68087  71961                                        Palm Beach County                             FL est21all.txt 30NOV2022
12 101    67129    59441    74817 11.6 10.3 12.9    19689    16274    23104 16.8 13.9 19.7    14265    11715    16815 16.1 13.2 19.0  59555  56613  62497                                        Pasco County                                  FL est21all.txt 30NOV2022
12 103   115468   105953   124983 12.3 11.3 13.3    23054    18514    27594 15.7 12.6 18.8    17544    13973    21115 16.0 12.7 19.3  61851  60305  63397                                        Pinellas County                               FL est21all.txt 30NOV2022
12 105   115547   105727   125367 15.6 14.3 16.9    37210    32095    42325 22.7 19.6 25.8    25724    21534    29914 21.2 17.7 24.7  56344  54365  58323                                        Polk County                                   FL est21all.txt 30NOV2022
12 107    19159    16450    21868 26.3 22.6 30.0     6364     5266     7462 41.1 34.0 48.2     4609     3736     5482 40.3 32.7 47.9  38759  34651  42867                                        Putnam County                                 FL est21all.txt 30NOV2022
12 109    18142    14842    21442  6.3  5.2  7.4     4120     3031     5209  6.6  4.9  8.3     2902     2031     3773  5.9  4.1  7.7  94662  87155 102169                                        St. Johns County                              FL est21all.txt 30NOV2022
12 111    38819    32047    45591 11.4  9.4 13.4    12243     9354    15132 18.4 14.1 22.7     8855     6531    11179 17.7 13.0 22.4  62378  58110  66646                                        St. Lucie County                              FL est21all.txt 30NOV2022
12 113    16609    13127    20091  8.9  7.0 10.8     4998     3677     6319 12.0  8.8 15.2     3200     2180     4220 10.1  6.9 13.3  80837  77300  84374                                        Santa Rosa County                             FL est21all.txt 30NOV2022
12 115    37895    32020    43770  8.6  7.3  9.9     8180     6101    10259 13.3  9.9 16.7     6095     4427     7763 13.0  9.4 16.6  71630  68823  74437                                        Sarasota County                               FL est21all.txt 30NOV2022
12 117    43726    37591    49861  9.4  8.1 10.7    10806     8249    13363 11.2  8.5 13.9     7461     5475     9447 10.2  7.5 12.9  70470  67707  73233                                        Seminole County                               FL est21all.txt 30NOV2022
12 119    12096     9906    14286  9.5  7.8 11.2     2398     1812     2984 25.6 19.3 31.9     1665     1202     2128 23.8 17.2 30.4  69707  63697  75717                                        Sumter County                                 FL est21all.txt 30NOV2022
12 121     8648     7000    10296 20.6 16.7 24.5     2641     1936     3346 28.4 20.8 36.0     1880     1320     2440 27.3 19.2 35.4  46284  41597  50971                                        Suwannee County                               FL est21all.txt 30NOV2022
12 123     3889     2965     4813 20.1 15.3 24.9     1214      870     1558 28.6 20.5 36.7      869      602     1136 28.0 19.4 36.6  47083  41502  52664                                        Taylor County                                 FL est21all.txt 30NOV2022
12 125     2536     1970     3102 22.7 17.6 27.8      799      605      993 24.3 18.4 30.2      568      419      717 23.2 17.1 29.3  48667  42949  54385                                        Union County                                  FL est21all.txt 30NOV2022
12 127    75803    68095    83511 13.8 12.4 15.2    18552    14766    22338 19.1 15.2 23.0    13298    10097    16499 18.5 14.1 22.9  58246  56425  60067                                        Volusia County                                FL est21all.txt 30NOV2022
12 129     3164     2279     4049 10.1  7.3 12.9     1191      854     1528 16.8 12.0 21.6      835      576     1094 15.6 10.8 20.4  71962  65915  78009                                        Wakulla County                                FL est21all.txt 30NOV2022
12 131     9632     7808    11456 12.4 10.1 14.7     3047     2298     3796 18.8 14.2 23.4     2094     1514     2674 17.6 12.7 22.5  64779  59844  69714                                        Walton County                                 FL est21all.txt 30NOV2022
12 133     4395     3504     5286 19.2 15.3 23.1     1390     1023     1757 28.1 20.7 35.5     1012      727     1297 27.6 19.8 35.4  47930  42671  53189                                        Washington County                             FL est21all.txt 30NOV2022
13   0  1493837  1463589  1524085 14.2 13.9 14.5   508616   493608   523624 20.5 19.9 21.1   364720   352070   377370 19.6 18.9 20.3  66507  65802  67212  135538  128008  143068 22.0 20.8 23.2 Georgia                                       GA est21all.txt 30NOV2022
13   1     3292     2554     4030 18.2 14.1 22.3     1232      867     1597 27.6 19.4 35.8      869      589     1149 26.2 17.7 34.7  46530  41109  51951                                        Appling County                                GA est21all.txt 30NOV2022
13   3     1983     1570     2396 23.8 18.8 28.8      821      620     1022 38.7 29.2 48.2      560      408      712 36.2 26.4 46.0  40303  35737  44869                                        Atkinson County                               GA est21all.txt 30NOV2022
13   5     2522     1997     3047 23.4 18.5 28.3      990      738     1242 35.7 26.6 44.8      679      492      866 33.3 24.1 42.5  43154  38008  48300                                        Bacon County                                  GA est21all.txt 30NOV2022
13   7      728      566      890 25.9 20.1 31.7      220      160      280 41.5 30.1 52.9      161      114      208 40.3 28.6 52.0  44106  38607  49605                                        Baker County                                  GA est21all.txt 30NOV2022
13   9     9332     7783    10881 24.4 20.4 28.4     2505     1880     3130 31.6 23.7 39.5     1606     1104     2108 26.9 18.5 35.3  44685  39985  49385                                        Baldwin County                                GA est21all.txt 30NOV2022
13  11     2363     1848     2878 12.8 10.0 15.6      753      552      954 19.4 14.2 24.6      530      378      682 18.5 13.2 23.8  60485  53595  67375                                        Banks County                                  GA est21all.txt 30NOV2022
13  13     8262     6676     9848  9.6  7.8 11.4     2911     2111     3711 13.3  9.6 17.0     2175     1535     2815 13.3  9.4 17.2  67646  62183  73109                                        Barrow County                                 GA est21all.txt 30NOV2022
13  15    12677    10063    15291 11.6  9.2 14.0     4426     3275     5577 17.3 12.8 21.8     3213     2324     4102 16.9 12.2 21.6  67604  60978  74230                                        Bartow County                                 GA est21all.txt 30NOV2022
13  17     3731     2859     4603 22.1 16.9 27.3     1441     1029     1853 34.4 24.6 44.2     1011      697     1325 32.2 22.2 42.2  39863  34989  44737                                        Ben Hill County                               GA est21all.txt 30NOV2022
13  19     3091     2392     3790 17.2 13.3 21.1     1192      847     1537 27.9 19.8 36.0      843      576     1110 26.7 18.3 35.1  46404  40963  51845                                        Berrien County                                GA est21all.txt 30NOV2022
13  21    36780    32542    41018 24.5 21.7 27.3    14445    12327    16563 39.0 33.3 44.7    10134     8405    11863 37.2 30.9 43.5  47859  44798  50920                                        Bibb County                                   GA est21all.txt 30NOV2022
13  23     2153     1703     2603 19.0 15.0 23.0      691      519      863 28.8 21.6 36.0      472      331      613 26.4 18.5 34.3  51770  45447  58093                                        Bleckley County                               GA est21all.txt 30NOV2022
13  25     3310     2646     3974 18.4 14.7 22.1     1136      817     1455 27.4 19.7 35.1      805      555     1055 26.1 18.0 34.2  48076  42202  53950                                        Brantley County                               GA est21all.txt 30NOV2022
13  27     3809     3016     4602 23.5 18.6 28.4     1247      914     1580 36.0 26.4 45.6      907      649     1165 34.9 25.0 44.8  40936  35887  45985                                        Brooks County                                 GA est21all.txt 30NOV2022
13  29     3766     2878     4654  8.1  6.2 10.0     1523     1091     1955 11.2  8.0 14.4     1088      751     1425 10.5  7.3 13.7  87334  77513  97155                                        Bryan County                                  GA est21all.txt 30NOV2022
13  31    16122    13384    18860 21.3 17.7 24.9     4073     3185     4961 25.3 19.8 30.8     2795     2072     3518 24.0 17.8 30.2  53105  48634  57576                                        Bulloch County                                GA est21all.txt 30NOV2022
13  33     4961     3860     6062 20.7 16.1 25.3     1828     1297     2359 30.5 21.7 39.3     1297      895     1699 28.5 19.7 37.3  46977  41987  51967                                        Burke County                                  GA est21all.txt 30NOV2022
13  35     3195     2388     4002 14.0 10.5 17.5     1068      756     1380 20.6 14.6 26.6      779      533     1025 20.3 13.9 26.7  61471  55293  67649                                        Butts County                                  GA est21all.txt 30NOV2022
13  37     1380     1054     1706 34.0 26.0 42.0      346      249      443 39.1 28.1 50.1      241      165      317 36.5 25.0 48.0  38232  33936  42528                                        Calhoun County                                GA est21all.txt 30NOV2022
13  39     6323     5043     7603 11.8  9.4 14.2     2200     1645     2755 16.6 12.4 20.8     1600     1180     2020 16.7 12.3 21.1  63482  58086  68878                                        Camden County                                 GA est21all.txt 30NOV2022
13  43     2371     1827     2915 22.0 16.9 27.1      948      682     1214 34.0 24.5 43.5      672      470      874 31.8 22.2 41.4  41593  36905  46281                                        Candler County                                GA est21all.txt 30NOV2022
13  45    19224    16296    22152 16.3 13.8 18.8     5634     4368     6900 20.0 15.5 24.5     3963     2968     4958 19.2 14.4 24.0  59894  54120  65668                                        Carroll County                                GA est21all.txt 30NOV2022
13  47     7873     6155     9591 11.6  9.1 14.1     2589     1925     3253 17.2 12.8 21.6     1846     1339     2353 15.9 11.5 20.3  64245  58785  69705                                        Catoosa County                                GA est21all.txt 30NOV2022
13  49     2575     2018     3132 24.6 19.3 29.9      766      580      952 33.5 25.4 41.6      529      381      677 31.0 22.3 39.7  47229  41588  52870                                        Charlton County                               GA est21all.txt 30NOV2022
13  51    43618    37234    50002 15.5 13.2 17.8    14463    11436    17490 24.1 19.1 29.1    10539     8251    12827 24.4 19.1 29.7  61527  59241  63813                                        Chatham County                                GA est21all.txt 30NOV2022
13  53     1114      845     1383 16.5 12.5 20.5      344      246      442 17.1 12.2 22.0      239      165      313 18.8 13.0 24.6  53786  47916  59656                                        Chattahoochee County                          GA est21all.txt 30NOV2022
13  55     4768     3897     5639 20.2 16.5 23.9     1544     1182     1906 28.6 21.9 35.3     1108      822     1394 27.9 20.7 35.1  42974  37916  48032                                        Chattooga County                              GA est21all.txt 30NOV2022
13  57    18933    15904    21962  7.0  5.9  8.1     5775     4598     6952  9.2  7.3 11.1     4294     3406     5182  8.9  7.1 10.7  96997  90711 103283                                        Cherokee County                               GA est21all.txt 30NOV2022
13  59    25418    21536    29300 21.5 18.2 24.8     5418     3975     6861 25.4 18.6 32.2     3797     2649     4945 24.8 17.3 32.3  49145  45458  52832                                        Clarke County                                 GA est21all.txt 30NOV2022
13  61      686      513      859 24.3 18.2 30.4      223      159      287 38.6 27.5 49.7      156      107      205 36.3 24.9 47.7  35957  31599  40315                                        Clay County                                   GA est21all.txt 30NOV2022
13  63    55143    47432    62854 18.9 16.3 21.5    23102    18677    27527 29.1 23.5 34.7    16187    12737    19637 27.5 21.6 33.4  51422  47901  54943                                        Clayton County                                GA est21all.txt 30NOV2022
13  65     1590     1277     1903 23.9 19.2 28.6      527      385      669 31.4 22.9 39.9      355      246      464 28.6 19.8 37.4  44799  39224  50374                                        Clinch County                                 GA est21all.txt 30NOV2022
13  67    72765    64177    81353  9.6  8.5 10.7    20822    16826    24818 12.2  9.9 14.5    14586    11535    17637 11.3  8.9 13.7  87532  83921  91143                                        Cobb County                                   GA est21all.txt 30NOV2022
13  69    10440     8859    12021 26.0 22.1 29.9     3628     2890     4366 35.0 27.9 42.1     2682     2137     3227 35.4 28.2 42.6  36708  32866  40550                                        Coffee County                                 GA est21all.txt 30NOV2022
13  71    10027     8231    11823 22.4 18.4 26.4     3545     2700     4390 30.8 23.5 38.1     2247     1562     2932 26.2 18.2 34.2  44485  39655  49315                                        Colquitt County                               GA est21all.txt 30NOV2022
13  73    11580     9411    13749  7.3  5.9  8.7     3654     2796     4512  9.2  7.0 11.4     2634     1963     3305  8.7  6.5 10.9  87281  80406  94156                                        Columbia County                               GA est21all.txt 30NOV2022
13  75     3435     2704     4166 20.1 15.8 24.4     1310      927     1693 30.5 21.6 39.4      908      610     1206 27.6 18.5 36.7  44995  40038  49952                                        Cook County                                   GA est21all.txt 30NOV2022
13  77    12129     9691    14567  8.1  6.5  9.7     4310     3188     5432 12.5  9.3 15.7     3101     2225     3977 11.7  8.4 15.0  85182  80616  89748                                        Coweta County                                 GA est21all.txt 30NOV2022
13  79     1962     1514     2410 16.3 12.6 20.0      635      460      810 26.3 19.1 33.5      443      308      578 23.3 16.2 30.4  54442  48089  60795                                        Crawford County                               GA est21all.txt 30NOV2022
13  81     4729     3566     5892 24.2 18.3 30.1     1785     1267     2303 38.6 27.4 49.8     1274      871     1677 36.6 25.0 48.2  41505  36547  46463                                        Crisp County                                  GA est21all.txt 30NOV2022
13  83     1728     1280     2176 11.3  8.4 14.2      518      366      670 16.7 11.8 21.6      386      264      508 16.4 11.2 21.6  64054  58886  69222                                        Dade County                                   GA est21all.txt 30NOV2022
13  85     2556     2004     3108  9.0  7.0 11.0      785      570     1000 13.9 10.1 17.7      548      384      712 13.3  9.3 17.3  76903  68202  85604                                        Dawson County                                 GA est21all.txt 30NOV2022
13  87     6635     5238     8032 23.8 18.8 28.8     2481     1851     3111 35.7 26.6 44.8     1825     1338     2312 36.2 26.5 45.9  42960  37703  48217                                        Decatur County                                GA est21all.txt 30NOV2022
13  89   108081    94463   121699 14.5 12.7 16.3    37721    31398    44044 22.4 18.6 26.2    27419    22357    32481 23.0 18.8 27.2  70756  68634  72878                                        DeKalb County                                 GA est21all.txt 30NOV2022
13  91     4620     3828     5412 25.6 21.2 30.0     1165      868     1462 31.7 23.6 39.8      861      626     1096 31.7 23.0 40.4  40856  36533  45179                                        Dodge County                                  GA est21all.txt 30NOV2022
13  93     2108     1559     2657 22.5 16.6 28.4      580      408      752 33.8 23.8 43.8      410      276      544 31.9 21.4 42.4  43270  37982  48558                                        Dooly County                                  GA est21all.txt 30NOV2022
13  95    21155    17320    24990 26.1 21.4 30.8     7608     5898     9318 38.4 29.8 47.0     5578     4304     6852 38.9 30.0 47.8  41985  38998  44972                                        Dougherty County                              GA est21all.txt 30NOV2022
13  97    18540    15334    21746 12.8 10.6 15.0     7559     5977     9141 20.8 16.5 25.1     5553     4324     6782 19.9 15.5 24.3  66162  61075  71249                                        Douglas County                                GA est21all.txt 30NOV2022
13  99     2730     2139     3321 26.1 20.5 31.7     1070      785     1355 41.5 30.5 52.5      784      567     1001 40.7 29.4 52.0  38817  34335  43299                                        Early County                                  GA est21all.txt 30NOV2022
13 101      794      602      986 21.6 16.4 26.8      306      218      394 31.7 22.5 40.9      223      154      292 30.6 21.1 40.1  42241  37157  47325                                        Echols County                                 GA est21all.txt 30NOV2022
13 103     6045     4824     7266  9.2  7.3 11.1     2189     1602     2776 12.6  9.2 16.0     1536     1082     1990 11.6  8.2 15.0  76626  70423  82829                                        Effingham County                              GA est21all.txt 30NOV2022
13 105     3710     2867     4553 19.2 14.8 23.6     1296      938     1654 30.3 21.9 38.7      945      666     1224 29.5 20.8 38.2  42866  38129  47603                                        Elbert County                                 GA est21all.txt 30NOV2022
13 107     5156     4172     6140 24.1 19.5 28.7     1869     1427     2311 33.2 25.4 41.0     1247      875     1619 29.8 20.9 38.7  45252  42111  48393                                        Emanuel County                                GA est21all.txt 30NOV2022
13 109     2447     1900     2994 23.9 18.6 29.2     1001      729     1273 37.1 27.0 47.2      711      503      919 34.3 24.3 44.3  41847  36849  46845                                        Evans County                                  GA est21all.txt 30NOV2022
13 111     3397     2619     4175 13.2 10.2 16.2      921      650     1192 22.9 16.2 29.6      663      451      875 21.6 14.7 28.5  54446  49556  59336                                        Fannin County                                 GA est21all.txt 30NOV2022
13 113     7752     6268     9236  6.5  5.3  7.7     2342     1745     2939  8.6  6.4 10.8     1637     1159     2115  7.4  5.2  9.6  92319  87911  96727                                        Fayette County                                GA est21all.txt 30NOV2022
13 115    15376    12494    18258 16.2 13.2 19.2     5539     4289     6789 25.2 19.5 30.9     3971     2993     4949 24.1 18.2 30.0  59685  57133  62237                                        Floyd County                                  GA est21all.txt 30NOV2022
13 117    13636    11252    16020  5.3  4.4  6.2     3762     2887     4637  5.6  4.3  6.9     2783     2110     3456  5.2  3.9  6.5 120919 114200 127638                                        Forsyth County                                GA est21all.txt 30NOV2022
13 119     3792     3031     4553 16.5 13.2 19.8     1426     1102     1750 27.7 21.4 34.0      916      641     1191 24.1 16.9 31.3  48045  42206  53884                                        Franklin County                               GA est21all.txt 30NOV2022
13 121   142028   126658   157398 13.7 12.2 15.2    42640    35984    49296 19.3 16.3 22.3    31677    26514    36840 19.3 16.2 22.4  82820  80898  84742                                        Fulton County                                 GA est21all.txt 30NOV2022
13 123     4449     3513     5385 14.0 11.1 16.9     1359      988     1730 23.3 16.9 29.7      936      658     1214 21.8 15.3 28.3  57970  53232  62708                                        Gilmer County                                 GA est21all.txt 30NOV2022
13 125      436      335      537 15.3 11.8 18.8      117       83      151 19.4 13.7 25.1       84       58      110 18.2 12.5 23.9  49175  43251  55099                                        Glascock County                               GA est21all.txt 30NOV2022
13 127    13760    11174    16346 16.5 13.4 19.6     4554     3486     5622 26.1 20.0 32.2     3332     2516     4148 25.6 19.3 31.9  60685  55863  65507                                        Glynn County                                  GA est21all.txt 30NOV2022
13 129     7364     5879     8849 12.8 10.2 15.4     2322     1683     2961 17.5 12.7 22.3     1703     1200     2206 17.0 12.0 22.0  56053  50446  61660                                        Gordon County                                 GA est21all.txt 30NOV2022
13 131     5741     4715     6767 22.4 18.4 26.4     1959     1487     2431 31.3 23.8 38.8     1384     1017     1751 29.5 21.7 37.3  42171  37636  46706                                        Grady County                                  GA est21all.txt 30NOV2022
13 133     2716     2072     3360 14.0 10.7 17.3      902      639     1165 26.4 18.7 34.1      631      432      830 24.3 16.6 32.0  65261  60219  70303                                        Greene County                                 GA est21all.txt 30NOV2022
13 135   102953    92383   113523 10.8  9.7 11.9    38973    33521    44425 15.6 13.4 17.8    29128    24923    33333 15.2 13.0 17.4  75021  71907  78135                                        Gwinnett County                               GA est21all.txt 30NOV2022
13 137     5918     4683     7153 13.3 10.5 16.1     1940     1440     2440 19.0 14.1 23.9     1379     1000     1758 18.1 13.1 23.1  55987  49149  62825                                        Habersham County                              GA est21all.txt 30NOV2022
13 139    24666    21182    28150 12.1 10.4 13.8     7899     6188     9610 16.1 12.6 19.6     5233     3868     6598 14.3 10.6 18.0  68057  62774  73340                                        Hall County                                   GA est21all.txt 30NOV2022
13 141     2228     1691     2765 30.5 23.2 37.8      555      396      714 44.0 31.3 56.7      398      274      522 40.1 27.6 52.6  35830  31377  40283                                        Hancock County                                GA est21all.txt 30NOV2022
13 143     4514     3541     5487 14.9 11.7 18.1     1503     1087     1919 20.6 14.9 26.3     1017      699     1335 19.0 13.1 24.9  62472  58416  66528                                        Haralson County                               GA est21all.txt 30NOV2022
13 145     2899     2262     3536  8.2  6.4 10.0      740      503      977  9.7  6.6 12.8      539      348      730  9.0  5.8 12.2  80911  72102  89720                                        Harris County                                 GA est21all.txt 30NOV2022
13 147     4075     3182     4968 15.8 12.3 19.3     1280      933     1627 24.0 17.5 30.5      935      658     1212 23.3 16.4 30.2  59149  54364  63934                                        Hart County                                   GA est21all.txt 30NOV2022
13 149     1969     1558     2380 17.2 13.6 20.8      674      509      839 26.0 19.6 32.4      498      374      622 25.0 18.8 31.2  50379  44268  56490                                        Heard County                                  GA est21all.txt 30NOV2022
13 151    23188    19583    26793  9.5  8.0 11.0     8509     6500    10518 14.0 10.7 17.3     5846     4204     7488 12.4  8.9 15.9  76577  70766  82388                                        Henry County                                  GA est21all.txt 30NOV2022
13 153    19058    15687    22429 11.6  9.6 13.6     6884     5083     8685 16.3 12.0 20.6     5063     3638     6488 15.9 11.4 20.4  71609  66932  76286                                        Houston County                                GA est21all.txt 30NOV2022
13 155     1817     1406     2228 21.4 16.5 26.3      574      419      729 29.9 21.8 38.0      417      294      540 29.0 20.5 37.5  44540  39607  49473                                        Irwin County                                  GA est21all.txt 30NOV2022
13 157     9491     8127    10855 11.9 10.2 13.6     2659     2041     3277 13.3 10.2 16.4     1923     1440     2406 12.8  9.6 16.0  72486  67981  76991                                        Jackson County                                GA est21all.txt 30NOV2022
13 159     2232     1756     2708 14.7 11.6 17.8      726      512      940 20.8 14.7 26.9      524      355      693 19.8 13.4 26.2  61354  53862  68846                                        Jasper County                                 GA est21all.txt 30NOV2022
13 161     2861     2209     3513 19.4 15.0 23.8     1137      807     1467 29.9 21.2 38.6      817      563     1071 28.5 19.6 37.4  42192  36999  47385                                        Jeff Davis County                             GA est21all.txt 30NOV2022
13 163     3037     2286     3788 20.3 15.3 25.3     1125      787     1463 31.5 22.0 41.0      816      552     1080 30.8 20.9 40.7  42461  38137  46785                                        Jefferson County                              GA est21all.txt 30NOV2022
13 165     2052     1553     2551 27.4 20.7 34.1      628      445      811 37.2 26.4 48.0      440      301      579 35.7 24.4 47.0  38497  33933  43061                                        Jenkins County                                GA est21all.txt 30NOV2022
13 167     2041     1572     2510 26.7 20.6 32.8      538      387      689 32.3 23.2 41.4      372      253      491 31.6 21.5 41.7  37703  32996  42410                                        Johnson County                                GA est21all.txt 30NOV2022
13 169     3513     2768     4258 12.5  9.9 15.1     1120      806     1434 17.5 12.6 22.4      825      579     1071 16.5 11.6 21.4  61509  54809  68209                                        Jones County                                  GA est21all.txt 30NOV2022
13 171     2550     1938     3162 14.1 10.7 17.5      887      631     1143 22.5 16.0 29.0      636      439      833 22.0 15.2 28.8  55933  49075  62791                                        Lamar County                                  GA est21all.txt 30NOV2022
13 173     1924     1524     2324 19.8 15.7 23.9      726      543      909 31.4 23.5 39.3      525      387      663 30.8 22.7 38.9  47789  42161  53417                                        Lanier County                                 GA est21all.txt 30NOV2022
13 175    10614     9064    12164 21.9 18.7 25.1     3687     2864     4510 30.7 23.8 37.6     2685     2057     3313 30.0 23.0 37.0  47905  44248  51562                                        Laurens County                                GA est21all.txt 30NOV2022
13 177     3163     2390     3936  9.8  7.4 12.2     1265      898     1632 14.8 10.5 19.1      885      601     1169 13.3  9.0 17.6  76546  68332  84760                                        Lee County                                    GA est21all.txt 30NOV2022
13 179    11429     9656    13202 18.1 15.3 20.9     4675     3642     5708 25.4 19.8 31.0     3026     2167     3885 25.3 18.1 32.5  50696  46046  55346                                        Liberty County                                GA est21all.txt 30NOV2022
13 181     1266      969     1563 16.5 12.6 20.4      385      275      495 26.5 18.9 34.1      285      197      373 26.5 18.3 34.7  50080  43813  56347                                        Lincoln County                                GA est21all.txt 30NOV2022
13 183     2467     1880     3054 14.6 11.1 18.1     1008      714     1302 21.7 15.4 28.0      717      491      943 21.2 14.5 27.9  55601  49412  61790                                        Long County                                   GA est21all.txt 30NOV2022
13 185    27652    24897    30407 24.4 22.0 26.8     9529     8195    10863 33.3 28.6 38.0     6796     5689     7903 32.8 27.5 38.1  46565  41850  51280                                        Lowndes County                                GA est21all.txt 30NOV2022
13 187     4246     3370     5122 13.6 10.8 16.4      980      707     1253 16.9 12.2 21.6      694      484      904 16.2 11.3 21.1  64077  57412  70742                                        Lumpkin County                                GA est21all.txt 30NOV2022
13 189     4182     3275     5089 19.6 15.4 23.8     1665     1216     2114 31.2 22.8 39.6     1178      828     1528 29.5 20.7 38.3  44597  39417  49777                                        McDuffie County                               GA est21all.txt 30NOV2022
13 191     2367     1920     2814 21.4 17.4 25.4      575      428      722 34.2 25.5 42.9      415      298      532 34.1 24.5 43.7  47651  41848  53454                                        McIntosh County                               GA est21all.txt 30NOV2022
13 193     3132     2462     3802 30.3 23.8 36.8      827      600     1054 37.6 27.3 47.9      597      423      771 36.8 26.1 47.5  35660  31327  39993                                        Macon County                                  GA est21all.txt 30NOV2022
13 195     4611     3788     5434 15.1 12.4 17.8     1584     1225     1943 22.4 17.3 27.5     1162      886     1438 22.2 16.9 27.5  56526  52989  60063                                        Madison County                                GA est21all.txt 30NOV2022
13 197     1580     1223     1937 21.3 16.5 26.1      485      349      621 32.9 23.7 42.1      340      235      445 30.9 21.4 40.4  39717  34734  44700                                        Marion County                                 GA est21all.txt 30NOV2022
13 199     4468     3655     5281 21.7 17.7 25.7     1641     1302     1980 38.5 30.5 46.5     1133      867     1399 36.3 27.8 44.8  46799  41185  52413                                        Meriwether County                             GA est21all.txt 30NOV2022
13 201     1400     1135     1665 24.2 19.6 28.8      481      371      591 35.8 27.6 44.0      311      225      397 31.4 22.7 40.1  44814  39350  50278                                        Miller County                                 GA est21all.txt 30NOV2022
13 205     4790     3688     5892 24.7 19.0 30.4     1583     1148     2018 34.0 24.7 43.3     1175      845     1505 33.1 23.8 42.4  42539  37410  47668                                        Mitchell County                               GA est21all.txt 30NOV2022
13 207     3221     2487     3955 11.7  9.0 14.4      999      724     1274 17.1 12.4 21.8      727      516      938 16.4 11.7 21.1  65697  61359  70035                                        Monroe County                                 GA est21all.txt 30NOV2022
13 209     1647     1286     2008 20.8 16.3 25.3      478      340      616 27.3 19.4 35.2      343      234      452 26.4 18.0 34.8  47618  41748  53488                                        Montgomery County                             GA est21all.txt 30NOV2022
13 211     2222     1670     2774 10.9  8.2 13.6      828      584     1072 18.0 12.7 23.3      581      392      770 16.9 11.4 22.4  67187  60450  73924                                        Morgan County                                 GA est21all.txt 30NOV2022
13 213     6208     4916     7500 15.7 12.4 19.0     2176     1595     2757 23.2 17.0 29.4     1513     1072     1954 21.7 15.4 28.0  53297  48030  58564                                        Murray County                                 GA est21all.txt 30NOV2022
13 215    40496    35553    45439 20.4 17.9 22.9    14657    12180    17134 29.2 24.3 34.1    10795     8858    12732 29.8 24.4 35.2  52090  48708  55472                                        Muscogee County                               GA est21all.txt 30NOV2022
13 217    14185    11144    17226 12.5  9.8 15.2     6197     4517     7877 21.3 15.5 27.1     4524     3195     5853 20.5 14.5 26.5  71366  66326  76406                                        Newton County                                 GA est21all.txt 30NOV2022
13 219     2577     2002     3152  6.0  4.7  7.3      709      499      919  6.3  4.4  8.2      499      339      659  5.5  3.7  7.3 112581 102514 122648                                        Oconee County                                 GA est21all.txt 30NOV2022
13 221     2010     1559     2461 13.4 10.4 16.4      621      445      797 20.0 14.3 25.7      401      267      535 17.2 11.4 23.0  57215  50522  63908                                        Oglethorpe County                             GA est21all.txt 30NOV2022
13 223    13209    10352    16066  7.6  5.9  9.3     4858     3596     6120 11.1  8.2 14.0     3600     2625     4575 10.7  7.8 13.6  89632  81985  97279                                        Paulding County                               GA est21all.txt 30NOV2022
13 225     5304     4193     6415 19.5 15.4 23.6     1756     1289     2223 30.0 22.0 38.0     1244      894     1594 29.4 21.1 37.7  54921  49454  60388                                        Peach County                                  GA est21all.txt 30NOV2022
13 227     3452     2699     4205 10.3  8.1 12.5     1063      759     1367 16.8 12.0 21.6      763      530      996 15.8 11.0 20.6  72539  64668  80410                                        Pickens County                                GA est21all.txt 30NOV2022
13 229     3052     2316     3788 15.4 11.7 19.1     1115      781     1449 23.0 16.1 29.9      806      547     1065 22.4 15.2 29.6  51688  45636  57740                                        Pierce County                                 GA est21all.txt 30NOV2022
13 231     1859     1463     2255  9.7  7.6 11.8      570      405      735 12.7  9.0 16.4      407      279      535 11.8  8.1 15.5  75668  68123  83213                                        Pike County                                   GA est21all.txt 30NOV2022
13 233     7598     6166     9030 17.7 14.4 21.0     2907     2258     3556 26.8 20.8 32.8     1968     1434     2502 24.7 18.0 31.4  49061  43668  54454                                        Polk County                                   GA est21all.txt 30NOV2022
13 235     1862     1428     2296 20.9 16.0 25.8      543      399      687 30.8 22.6 39.0      361      246      476 27.2 18.5 35.9  45594  40473  50715                                        Pulaski County                                GA est21all.txt 30NOV2022
13 237     3635     2847     4423 16.2 12.7 19.7     1197      867     1527 27.8 20.1 35.5      786      528     1044 24.5 16.5 32.5  55826  48878  62774                                        Putnam County                                 GA est21all.txt 30NOV2022
13 239      547      424      670 24.5 19.0 30.0      162      119      205 41.1 30.1 52.1      118       84      152 42.3 30.2 54.4  38357  33494  43220                                        Quitman County                                GA est21all.txt 30NOV2022
13 241     2109     1609     2609 12.5  9.5 15.5      578      405      751 21.4 15.0 27.8      418      284      552 22.0 14.9 29.1  58463  53299  63627                                        Rabun County                                  GA est21all.txt 30NOV2022
13 243     1702     1338     2066 28.1 22.1 34.1      520      379      661 41.2 30.0 52.4      356      242      470 36.3 24.7 47.9  34883  30549  39217                                        Randolph County                               GA est21all.txt 30NOV2022
13 245    41249    36281    46217 21.4 18.8 24.0    15405    13075    17735 33.8 28.7 38.9    10517     8483    12551 32.5 26.2 38.8  47816  44122  51510                                        Richmond County                               GA est21all.txt 30NOV2022
13 247    12697    10177    15217 13.6 10.9 16.3     5026     3682     6370 22.7 16.6 28.8     3479     2436     4522 20.2 14.1 26.3  65746  59886  71606                                        Rockdale County                               GA est21all.txt 30NOV2022
13 249      718      551      885 16.1 12.4 19.8      238      171      305 22.6 16.2 29.0      173      120      226 21.3 14.8 27.8  53369  47118  59620                                        Schley County                                 GA est21all.txt 30NOV2022
13 251     2769     2103     3435 20.3 15.4 25.2      882      637     1127 31.9 23.0 40.8      639      443      835 32.1 22.2 42.0  45061  39579  50543                                        Screven County                                GA est21all.txt 30NOV2022
13 253     2124     1650     2598 23.3 18.1 28.5      678      481      875 36.9 26.2 47.6      470      322      618 34.5 23.6 45.4  41917  37270  46564                                        Seminole County                               GA est21all.txt 30NOV2022
13 255    14186    12138    16234 21.3 18.2 24.4     5418     4463     6373 34.7 28.6 40.8     4104     3376     4832 36.3 29.9 42.7  52902  48388  57416                                        Spalding County                               GA est21all.txt 30NOV2022
13 257     4391     3550     5232 16.7 13.5 19.9     1419     1023     1815 24.1 17.4 30.8      996      698     1294 22.9 16.0 29.8  47909  42439  53379                                        Stephens County                               GA est21all.txt 30NOV2022
13 259     1288      966     1610 31.4 23.5 39.3      205      146      264 36.4 25.9 46.9      152      105      199 36.4 25.2 47.6  37318  32827  41809                                        Stewart County                                GA est21all.txt 30NOV2022
13 261     7727     6494     8960 27.9 23.4 32.4     2604     2041     3167 39.7 31.1 48.3     1861     1395     2327 38.4 28.8 48.0  39008  34815  43201                                        Sumter County                                 GA est21all.txt 30NOV2022
13 263     1333     1049     1617 23.3 18.3 28.3      362      266      458 38.9 28.6 49.2      272      197      347 39.7 28.8 50.6  42646  37428  47864                                        Talbot County                                 GA est21all.txt 30NOV2022
13 265      358      273      443 23.0 17.6 28.4       95       68      122 37.5 26.7 48.3       69       47       91 36.5 25.0 48.0  40045  35669  44421                                        Taliaferro County                             GA est21all.txt 30NOV2022
13 267     5359     4408     6310 28.0 23.0 33.0     1558     1194     1922 33.8 25.9 41.7     1068      760     1376 30.7 21.8 39.6  44225  38945  49505                                        Tattnall County                               GA est21all.txt 30NOV2022
13 269     1744     1349     2139 22.7 17.6 27.8      526      379      673 34.7 25.0 44.4      383      268      498 34.0 23.8 44.2  41030  36563  45497                                        Taylor County                                 GA est21all.txt 30NOV2022
13 271     3027     2354     3700 30.2 23.5 36.9      759      564      954 38.3 28.5 48.1      522      366      678 35.9 25.2 46.6  38091  33834  42348                                        Telfair County                                GA est21all.txt 30NOV2022
13 273     2309     1756     2862 26.6 20.2 33.0      833      597     1069 42.3 30.3 54.3      584      402      766 39.2 27.0 51.4  40549  35599  45499                                        Terrell County                                GA est21all.txt 30NOV2022
13 275     8615     7037    10193 19.1 15.6 22.6     3110     2412     3808 28.9 22.4 35.4     2189     1651     2727 27.3 20.6 34.0  50154  45292  55016                                        Thomas County                                 GA est21all.txt 30NOV2022
13 277     8484     6964    10004 21.4 17.6 25.2     3194     2465     3923 31.8 24.5 39.1     2187     1627     2747 29.5 21.9 37.1  48717  42861  54573                                        Tift County                                   GA est21all.txt 30NOV2022
13 279     6087     4909     7265 22.9 18.5 27.3     2320     1704     2936 33.1 24.3 41.9     1687     1215     2159 32.8 23.6 42.0  45253  40818  49688                                        Toombs County                                 GA est21all.txt 30NOV2022
13 281     1585     1235     1935 13.6 10.6 16.6      337      244      430 21.3 15.4 27.2      245      172      318 21.4 15.0 27.8  51810  45515  58105                                        Towns County                                  GA est21all.txt 30NOV2022
13 283     1300      969     1631 21.8 16.2 27.4      492      352      632 34.3 24.5 44.1      343      237      449 31.2 21.5 40.9  40947  35891  46003                                        Treutlen County                               GA est21all.txt 30NOV2022
13 285    10559     8209    12909 15.6 12.1 19.1     4092     2862     5322 24.6 17.2 32.0     3063     2079     4047 25.1 17.0 33.2  49557  46811  52303                                        Troup County                                  GA est21all.txt 30NOV2022
13 287     2247     1717     2777 26.2 20.0 32.4      872      620     1124 39.5 28.1 50.9      601      407      795 37.1 25.1 49.1  37477  32821  42133                                        Turner County                                 GA est21all.txt 30NOV2022
13 289     1634     1269     1999 21.1 16.4 25.8      471      344      598 32.0 23.4 40.6      344      245      443 30.9 22.0 39.8  47382  41575  53189                                        Twiggs County                                 GA est21all.txt 30NOV2022
13 291     3035     2353     3717 12.0  9.3 14.7      825      604     1046 21.2 15.5 26.9      584      413      755 19.6 13.9 25.3  59494  54409  64579                                        Union County                                  GA est21all.txt 30NOV2022
13 293     5129     4048     6210 18.8 14.8 22.8     1802     1313     2291 29.1 21.2 37.0     1332      955     1709 29.1 20.8 37.4  47140  41631  52649                                        Upson County                                  GA est21all.txt 30NOV2022
13 295     9524     7439    11609 14.2 11.1 17.3     2968     2154     3782 20.4 14.8 26.0     2093     1447     2739 19.4 13.4 25.4  47810  42896  52724                                        Walker County                                 GA est21all.txt 30NOV2022
13 297    10602     8502    12702 10.7  8.6 12.8     3575     2670     4480 15.1 11.3 18.9     2536     1836     3236 14.1 10.2 18.0  73839  67435  80243                                        Walton County                                 GA est21all.txt 30NOV2022
13 299     8158     6712     9604 24.3 20.0 28.6     3021     2273     3769 34.4 25.9 42.9     2233     1668     2798 34.7 25.9 43.5  43065  38543  47587                                        Ware County                                   GA est21all.txt 30NOV2022
13 301     1321     1028     1614 25.6 19.9 31.3      425      305      545 40.1 28.7 51.5      304      208      400 39.1 26.8 51.4  40361  35630  45092                                        Warren County                                 GA est21all.txt 30NOV2022
13 303     4057     3145     4969 22.6 17.5 27.7     1397     1024     1770 33.2 24.4 42.0      964      681     1247 30.1 21.2 39.0  46051  41801  50301                                        Washington County                             GA est21all.txt 30NOV2022
13 305     6988     6046     7930 24.7 21.4 28.0     2320     1892     2748 32.3 26.3 38.3     1690     1319     2061 31.3 24.4 38.2  46314  40689  51939                                        Wayne County                                  GA est21all.txt 30NOV2022
13 307      481      375      587 20.4 15.9 24.9      136       97      175 31.9 22.8 41.0       99       68      130 31.2 21.6 40.8  44084  38702  49466                                        Webster County                                GA est21all.txt 30NOV2022
13 309     1692     1252     2132 33.2 24.6 41.8      409      291      527 34.8 24.7 44.9      291      200      382 32.9 22.7 43.1  35664  31377  39951                                        Wheeler County                                GA est21all.txt 30NOV2022
13 311     3456     2696     4216 12.5  9.8 15.2     1088      795     1381 19.8 14.5 25.1      784      554     1014 18.9 13.4 24.4  61473  54550  68396                                        White County                                  GA est21all.txt 30NOV2022
13 313    13655    11204    16106 13.4 11.0 15.8     4980     3896     6064 19.4 15.2 23.6     3482     2585     4379 17.9 13.3 22.5  56973  51218  62728                                        Whitfield County                              GA est21all.txt 30NOV2022
13 315     1897     1466     2328 27.6 21.3 33.9      576      424      728 35.5 26.1 44.9      398      280      516 32.3 22.7 41.9  38449  33714  43184                                        Wilcox County                                 GA est21all.txt 30NOV2022
13 317     1879     1446     2312 20.1 15.5 24.7      651      466      836 33.6 24.1 43.1      469      324      614 32.3 22.3 42.3  42567  37467  47667                                        Wilkes County                                 GA est21all.txt 30NOV2022
13 319     1832     1473     2191 21.2 17.1 25.3      687      530      844 35.7 27.5 43.9      428      299      557 29.7 20.7 38.7  46475  40970  51980                                        Wilkinson County                              GA est21all.txt 30NOV2022
13 321     4178     3351     5005 20.6 16.5 24.7     1423     1061     1785 32.2 24.0 40.4     1077      794     1360 32.1 23.7 40.5  48943  43739  54147                                        Worth County                                  GA est21all.txt 30NOV2022
15   0   152656   146272   159040 10.9 10.4 11.4    38291    35619    40963 12.9 12.0 13.8    26809    24634    28984 12.4 11.4 13.4  85547  83548  87546   10150    8658   11642 12.9 11.0 14.8 Hawaii                                        HI est21all.txt 30NOV2022
15   1    29361    24817    33905 14.7 12.4 17.0     8309     6281    10337 19.8 15.0 24.6     6025     4498     7552 19.3 14.4 24.2  67896  63986  71806                                        Hawaii County                                 HI est21all.txt 30NOV2022
15   3    96646    89507   103785 10.0  9.3 10.7    23042    20158    25926 11.2  9.8 12.6    15914    13840    17988 10.8  9.4 12.2  90176  88219  92133                                        Honolulu County                               HI est21all.txt 30NOV2022
15   5        .        .        .   .    .    .         .        .        .   .    .    .         .        .        .   .    .    .       .      .      .                                        Kalawao County                                HI est21all.txt 30NOV2022
15   7     8101     6682     9520 11.2  9.2 13.2     2155     1580     2730 13.9 10.2 17.6     1550     1112     1988 13.4  9.6 17.2  76719  71167  82271                                        Kauai County                                  HI est21all.txt 30NOV2022
15   9    18548    15519    21577 11.4  9.5 13.3     4786     3551     6021 13.9 10.3 17.5     3320     2423     4217 13.0  9.5 16.5  75421  70123  80719                                        Maui County                                   HI est21all.txt 30NOV2022
16   0   202091   193474   210708 10.8 10.3 11.3    57576    53835    61317 12.5 11.7 13.3    38421    35303    41539 11.1 10.2 12.0  66318  64668  67968   17074   15118   19030 15.4 13.6 17.2 Idaho                                         ID est21all.txt 30NOV2022
16   1    43285    38051    48519  8.7  7.7  9.7    10262     8244    12280  9.1  7.3 10.9     6815     5285     8345  7.8  6.0  9.6  79345  75231  83459                                        Ada County                                    ID est21all.txt 30NOV2022
16   3      590      453      727 12.8  9.8 15.8      156      107      205 20.0 13.7 26.3      110       72      148 19.2 12.6 25.8  51829  45756  57902                                        Adams County                                  ID est21all.txt 30NOV2022
16   5    11121     9255    12987 12.9 10.7 15.1     3170     2314     4026 14.3 10.4 18.2     2137     1478     2796 12.8  8.8 16.8  60058  55745  64371                                        Bannock County                                ID est21all.txt 30NOV2022
16   7      633      476      790  9.7  7.3 12.1      233      160      306 13.4  9.2 17.6      159      103      215 12.2  7.9 16.5  60265  53156  67374                                        Bear Lake County                              ID est21all.txt 30NOV2022
16   9     1348     1061     1635 13.7 10.8 16.6      398      277      519 18.3 12.7 23.9      274      184      364 16.6 11.2 22.0  53667  49435  57899                                        Benewah County                                ID est21all.txt 30NOV2022
16  11     5482     4326     6638 11.3  8.9 13.7     1928     1376     2480 13.4  9.6 17.2     1416     1004     1828 12.7  9.0 16.4  63576  57798  69354                                        Bingham County                                ID est21all.txt 30NOV2022
16  13     1772     1360     2184  7.2  5.5  8.9      400      280      520  8.2  5.7 10.7      272      183      361  7.1  4.8  9.4  86735  76449  97021                                        Blaine County                                 ID est21all.txt 30NOV2022
16  15      962      756     1168 12.0  9.4 14.6      208      143      273 16.8 11.6 22.0      140       90      190 14.9  9.6 20.2  71545  64322  78768                                        Boise County                                  ID est21all.txt 30NOV2022
16  17     5761     4473     7049 11.8  9.2 14.4     1679     1232     2126 17.8 13.1 22.5     1091      739     1443 15.3 10.4 20.2  61940  55914  67966                                        Bonner County                                 ID est21all.txt 30NOV2022
16  19    12383     9938    14828  9.8  7.9 11.7     4488     3317     5659 11.8  8.7 14.9     3005     2112     3898 10.5  7.4 13.6  69880  64530  75230                                        Bonneville County                             ID est21all.txt 30NOV2022
16  21     1506     1148     1864 12.1  9.2 15.0      533      367      699 18.7 12.9 24.5      381      250      512 18.2 11.9 24.5  55285  49393  61177                                        Boundary County                               ID est21all.txt 30NOV2022
16  23      417      324      510 15.8 12.3 19.3      129       91      167 21.4 15.1 27.7       90       62      118 18.6 12.8 24.4  52221  46390  58052                                        Butte County                                  ID est21all.txt 30NOV2022
16  25      108       83      133  9.5  7.3 11.7       33       23       43 13.3  9.5 17.1       22       15       29 10.8  7.5 14.1  57230  51132  63328                                        Camas County                                  ID est21all.txt 30NOV2022
16  27    26280    22635    29925 11.0  9.5 12.5     8173     6443     9903 12.6  9.9 15.3     5453     4118     6788 11.3  8.5 14.1  64301  61394  67208                                        Canyon County                                 ID est21all.txt 30NOV2022
16  29      696      532      860  9.8  7.5 12.1      248      174      322 12.6  8.8 16.4      170      114      226 11.3  7.6 15.0  66697  58851  74543                                        Caribou County                                ID est21all.txt 30NOV2022
16  31     2803     2133     3473 11.3  8.6 14.0     1064      745     1383 13.9  9.7 18.1      717      477      957 12.6  8.4 16.8  63356  59099  67613                                        Cassia County                                 ID est21all.txt 30NOV2022
16  33      113       86      140 14.3 10.9 17.7       39       27       51 21.2 14.7 27.7       26       17       35 20.8 13.6 28.0  52838  46487  59189                                        Clark County                                  ID est21all.txt 30NOV2022
16  35     1208      947     1469 14.8 11.6 18.0      283      195      371 22.8 15.7 29.9      201      132      270 21.7 14.2 29.2  53344  47183  59505                                        Clearwater County                             ID est21all.txt 30NOV2022
16  37      554      416      692 12.6  9.5 15.7      145      100      190 20.3 14.0 26.6      103       67      139 18.2 11.9 24.5  53846  47169  60523                                        Custer County                                 ID est21all.txt 30NOV2022
16  39     3166     2439     3893 11.3  8.7 13.9     1192      852     1532 17.1 12.2 22.0      768      508     1028 15.6 10.3 20.9  51436  47629  55243                                        Elmore County                                 ID est21all.txt 30NOV2022
16  41     1192      927     1457  8.2  6.4 10.0      450      316      584 10.1  7.1 13.1      306      207      405  9.0  6.1 11.9  59974  53847  66101                                        Franklin County                               ID est21all.txt 30NOV2022
16  43     1546     1189     1903 11.8  9.1 14.5      477      339      615 15.5 11.0 20.0      345      239      451 15.0 10.4 19.6  58878  53489  64267                                        Fremont County                                ID est21all.txt 30NOV2022
16  45     2437     1929     2945 12.4  9.8 15.0      655      446      864 15.2 10.3 20.1      462      301      623 14.2  9.2 19.2  58562  52243  64881                                        Gem County                                    ID est21all.txt 30NOV2022
16  47     1707     1265     2149 10.9  8.1 13.7      625      420      830 15.0 10.1 19.9      433      274      592 13.6  8.6 18.6  59174  53596  64752                                        Gooding County                                ID est21all.txt 30NOV2022
16  49     2232     1709     2755 13.5 10.3 16.7      613      424      802 18.7 12.9 24.5      427      282      572 17.3 11.4 23.2  51056  45762  56350                                        Idaho County                                  ID est21all.txt 30NOV2022
16  51     2540     1939     3141  8.0  6.1  9.9      986      681     1291  9.4  6.5 12.3      692      457      927  8.5  5.6 11.4  75957  71926  79988                                        Jefferson County                              ID est21all.txt 30NOV2022
16  53     3088     2479     3697 12.6 10.1 15.1     1145      843     1447 15.9 11.7 20.1      838      616     1060 15.5 11.4 19.6  59040  52365  65715                                        Jerome County                                 ID est21all.txt 30NOV2022
16  55    16927    14157    19697  9.5  7.9 11.1     4240     3155     5325 10.7  8.0 13.4     2890     2054     3726  9.7  6.9 12.5  68043  63396  72690                                        Kootenai County                               ID est21all.txt 30NOV2022
16  57     5113     4310     5916 13.6 11.5 15.7      768      532     1004 10.3  7.2 13.4      516      341      691  9.4  6.2 12.6  59436  53489  65383                                        Latah County                                  ID est21all.txt 30NOV2022
16  59      974      709     1239 12.0  8.7 15.3      306      209      403 21.2 14.5 27.9      210      136      284 19.3 12.5 26.1  57499  53120  61878                                        Lemhi County                                  ID est21all.txt 30NOV2022
16  61      486      374      598 13.2 10.2 16.2      174      120      228 20.9 14.4 27.4      122       80      164 18.9 12.4 25.4  50128  45055  55201                                        Lewis County                                  ID est21all.txt 30NOV2022
16  63      593      458      728 11.3  8.7 13.9      213      147      279 15.6 10.7 20.5      142       91      193 13.6  8.7 18.5  57111  51114  63108                                        Lincoln County                                ID est21all.txt 30NOV2022
16  65     9330     7599    11061 17.6 14.3 20.9     1901     1363     2439 13.4  9.6 17.2     1201      788     1614 12.7  8.3 17.1  55721  51327  60115                                        Madison County                                ID est21all.txt 30NOV2022
16  67     3025     2484     3566 13.9 11.4 16.4      936      671     1201 15.0 10.7 19.3      634      433      835 13.5  9.2 17.8  61010  54964  67056                                        Minidoka County                               ID est21all.txt 30NOV2022
16  69     6377     5513     7241 15.4 13.3 17.5     1405     1084     1726 16.0 12.3 19.7      856      606     1106 13.3  9.4 17.2  61951  55532  68370                                        Nez Perce County                              ID est21all.txt 30NOV2022
16  71      493      378      608 10.8  8.3 13.3      164      114      214 13.5  9.4 17.6      116       77      155 12.5  8.3 16.7  60769  53156  68382                                        Oneida County                                 ID est21all.txt 30NOV2022
16  73     1731     1342     2120 14.2 11.0 17.4      591      421      761 19.7 14.0 25.4      408      280      536 18.2 12.5 23.9  52374  46277  58471                                        Owyhee County                                 ID est21all.txt 30NOV2022
16  75     3126     2418     3834 12.0  9.3 14.7     1043      745     1341 15.6 11.1 20.1      721      489      953 14.5  9.8 19.2  58885  53092  64678                                        Payette County                                ID est21all.txt 30NOV2022
16  77     1001      756     1246 12.7  9.6 15.8      383      264      502 16.0 11.0 21.0      267      174      360 14.7  9.6 19.8  57322  50372  64272                                        Power County                                  ID est21all.txt 30NOV2022
16  79     2404     1938     2870 17.9 14.4 21.4      713      527      899 25.4 18.7 32.1      427      284      570 21.2 14.1 28.3  47699  42551  52847                                        Shoshone County                               ID est21all.txt 30NOV2022
16  81      907      694     1120  7.4  5.7  9.1      265      184      346  9.6  6.7 12.5      180      118      242  8.4  5.5 11.3  84015  74574  93456                                        Teton County                                  ID est21all.txt 30NOV2022
16  83    12185    10251    14119 13.4 11.3 15.5     4047     3235     4859 16.5 13.2 19.8     2378     1715     3041 12.9  9.3 16.5  57487  51425  63549                                        Twin Falls County                             ID est21all.txt 30NOV2022
16  85     1015      793     1237  8.3  6.5 10.1      236      163      309 11.2  7.7 14.7      168      111      225 10.3  6.8 13.8  69425  61322  77528                                        Valley County                                 ID est21all.txt 30NOV2022
16  87     1476     1144     1808 13.7 10.6 16.8      481      339      623 20.0 14.1 25.9      332      227      437 17.8 12.1 23.5  51067  45573  56561                                        Washington County                             ID est21all.txt 30NOV2022
17   0  1493042  1465135  1520949 12.1 11.9 12.3   438031   424826   451236 15.9 15.4 16.4   310010   298048   321972 15.0 14.4 15.6  72215  71645  72785  120015  114563  125467 17.5 16.7 18.3 Illinois                                      IL est21all.txt 30NOV2022
17   1     7424     5941     8907 11.8  9.4 14.2     2240     1627     2853 15.6 11.3 19.9     1554     1078     2030 14.6 10.1 19.1  59777  55704  63850                                        Adams County                                  IL est21all.txt 30NOV2022
17   3     1084      793     1375 21.8 16.0 27.6      449      319      579 42.0 29.9 54.1      317      216      418 38.9 26.5 51.3  41816  37222  46410                                        Alexander County                              IL est21all.txt 30NOV2022
17   5     2024     1578     2470 13.5 10.5 16.5      540      401      679 17.6 13.1 22.1      377      272      482 16.1 11.6 20.6  57287  53278  61296                                        Bond County                                   IL est21all.txt 30NOV2022
17   7     5341     4359     6323 10.1  8.2 12.0     1800     1403     2197 14.3 11.1 17.5     1261      963     1559 12.8  9.8 15.8  71557  63634  79480                                        Boone County                                  IL est21all.txt 30NOV2022
17   9      758      573      943 16.6 12.6 20.6      137       99      175 13.6  9.8 17.4       97       67      127 13.6  9.4 17.8  51294  45291  57297                                        Brown County                                  IL est21all.txt 30NOV2022
17  11     3929     3294     4564 12.1 10.1 14.1     1160      874     1446 17.2 13.0 21.4      800      577     1023 15.7 11.3 20.1  61431  58200  64662                                        Bureau County                                 IL est21all.txt 30NOV2022
17  13      434      328      540 10.1  7.6 12.6      114       81      147 13.2  9.3 17.1       79       53      105 11.7  7.9 15.5  63586  56378  70794                                        Calhoun County                                IL est21all.txt 30NOV2022
17  15     2093     1713     2473 13.5 11.0 16.0      570      426      714 19.1 14.3 23.9      394      283      505 17.3 12.4 22.2  54450  50335  58565                                        Carroll County                                IL est21all.txt 30NOV2022
17  17     1429     1083     1775 11.4  8.6 14.2      494      349      639 15.9 11.2 20.6      340      230      450 15.2 10.3 20.1  60961  56173  65749                                        Cass County                                   IL est21all.txt 30NOV2022
17  19    28582    25048    32116 15.0 13.1 16.9     5292     3678     6906 13.7  9.5 17.9     3529     2241     4817 12.7  8.1 17.3  58787  54243  63331                                        Champaign County                              IL est21all.txt 30NOV2022
17  21     3823     2979     4667 12.0  9.4 14.6     1153      824     1482 17.4 12.4 22.4      807      555     1059 16.4 11.3 21.5  52500  48605  56395                                        Christian County                              IL est21all.txt 30NOV2022
17  23     1533     1146     1920 10.2  7.6 12.8      564      397      731 16.5 11.6 21.4      415      284      546 16.4 11.2 21.6  58741  52145  65337                                        Clark County                                  IL est21all.txt 30NOV2022
17  25     1827     1451     2203 14.1 11.2 17.0      547      388      706 18.5 13.1 23.9      390      267      513 17.8 12.2 23.4  51042  45188  56896                                        Clay County                                   IL est21all.txt 30NOV2022
17  27     3152     2549     3755  9.1  7.4 10.8      899      705     1093 11.7  9.2 14.2      644      495      793 11.5  8.8 14.2  77272  70583  83961                                        Clinton County                                IL est21all.txt 30NOV2022
17  29     7668     6270     9066 17.4 14.2 20.6     1693     1292     2094 20.4 15.6 25.2     1108      783     1433 18.4 13.0 23.8  47693  44074  51312                                        Coles County                                  IL est21all.txt 30NOV2022
17  31   703874   679320   728428 13.8 13.3 14.3   206557   195731   217383 18.9 17.9 19.9   148719   139905   157533 18.4 17.3 19.5  72063  71173  72953                                        Cook County                                   IL est21all.txt 30NOV2022
17  33     2334     1810     2858 13.6 10.6 16.6      627      445      809 17.1 12.1 22.1      421      278      564 15.6 10.3 20.9  59128  53597  64659                                        Crawford County                               IL est21all.txt 30NOV2022
17  35     1060      825     1295 10.4  8.1 12.7      325      243      407 14.2 10.6 17.8      236      176      296 13.7 10.2 17.2  69740  61970  77510                                        Cumberland County                             IL est21all.txt 30NOV2022
17  37    13529    11659    15399 14.2 12.2 16.2     3582     2938     4226 16.8 13.8 19.8     2448     1949     2947 15.4 12.3 18.5  67081  62294  71868                                        DeKalb County                                 IL est21all.txt 30NOV2022
17  39     1612     1268     1956 10.7  8.4 13.0      497      359      635 15.6 11.3 19.9      331      226      436 14.0  9.5 18.5  64325  57546  71104                                        De Witt County                                IL est21all.txt 30NOV2022
17  41     1783     1402     2164  9.1  7.2 11.0      617      454      780 12.9  9.5 16.3      407      281      533 11.6  8.0 15.2  65447  58462  72432                                        Douglas County                                IL est21all.txt 30NOV2022
17  43    62952    56328    69576  6.9  6.2  7.6    15387    12743    18031  7.5  6.2  8.8    11125     9058    13192  7.2  5.9  8.5  99536  97268 101804                                        DuPage County                                 IL est21all.txt 30NOV2022
17  45     2115     1617     2613 13.0  9.9 16.1      654      473      835 20.4 14.8 26.0      455      316      594 19.3 13.4 25.2  56772  50488  63056                                        Edgar County                                  IL est21all.txt 30NOV2022
17  47      722      567      877 12.0  9.4 14.6      217      160      274 16.5 12.2 20.8      155      111      199 15.7 11.2 20.2  53779  47561  59997                                        Edwards County                                IL est21all.txt 30NOV2022
17  49     3158     2487     3829  9.3  7.3 11.3     1011      752     1270 12.4  9.2 15.6      673      476      870 11.3  8.0 14.6  69988  63874  76102                                        Effingham County                              IL est21all.txt 30NOV2022
17  51     3011     2415     3607 15.3 12.3 18.3      935      706     1164 21.5 16.2 26.8      642      465      819 20.1 14.6 25.6  52610  48308  56912                                        Fayette County                                IL est21all.txt 30NOV2022
17  53     1469     1178     1760 11.2  9.0 13.4      479      352      606 15.6 11.5 19.7      324      226      422 14.2  9.9 18.5  57483  50835  64131                                        Ford County                                   IL est21all.txt 30NOV2022
17  55     6089     4897     7281 16.5 13.3 19.7     1945     1442     2448 24.0 17.8 30.2     1361      956     1766 22.9 16.1 29.7  49510  46965  52055                                        Franklin County                               IL est21all.txt 30NOV2022
17  57     4629     3825     5433 15.2 12.6 17.8     1331     1046     1616 21.2 16.6 25.8      894      670     1118 18.9 14.2 23.6  50978  46757  55199                                        Fulton County                                 IL est21all.txt 30NOV2022
17  59      846      639     1053 17.4 13.2 21.6      239      170      308 25.2 18.0 32.4      164      112      216 22.5 15.3 29.7  48424  43088  53760                                        Gallatin County                               IL est21all.txt 30NOV2022
17  61     1632     1283     1981 14.1 11.1 17.1      479      351      607 19.1 14.0 24.2      345      243      447 18.2 12.8 23.6  53394  48252  58536                                        Greene County                                 IL est21all.txt 30NOV2022
17  63     3496     2766     4226  6.6  5.2  8.0     1139      828     1450  8.8  6.4 11.2      806      559     1053  8.3  5.8 10.8  83254  75141  91367                                        Grundy County                                 IL est21all.txt 30NOV2022
17  65     1032      796     1268 13.2 10.2 16.2      341      248      434 19.9 14.5 25.3      242      171      313 19.0 13.4 24.6  55409  48978  61840                                        Hamilton County                               IL est21all.txt 30NOV2022
17  67     2053     1646     2460 11.9  9.5 14.3      616      453      779 17.0 12.5 21.5      444      318      570 16.1 11.6 20.6  56700  51621  61779                                        Hancock County                                IL est21all.txt 30NOV2022
17  69      680      508      852 18.7 14.0 23.4      206      146      266 33.3 23.6 43.0      143       97      189 31.4 21.3 41.5  47144  42241  52047                                        Hardin County                                 IL est21all.txt 30NOV2022
17  71      770      591      949 12.3  9.4 15.2      218      159      277 18.8 13.7 23.9      159      113      205 18.8 13.4 24.2  59415  52624  66206                                        Henderson County                              IL est21all.txt 30NOV2022
17  73     4560     3622     5498  9.5  7.5 11.5     1334      948     1720 12.7  9.0 16.4      979      672     1286 12.3  8.4 16.2  62683  57921  67445                                        Henry County                                  IL est21all.txt 30NOV2022
17  75     2801     2206     3396 10.6  8.3 12.9      833      584     1082 14.7 10.3 19.1      564      370      758 13.6  8.9 18.3  60736  55904  65568                                        Iroquois County                               IL est21all.txt 30NOV2022
17  77    11033     9171    12895 22.3 18.5 26.1     2688     1977     3399 27.9 20.5 35.3     1885     1350     2420 27.2 19.5 34.9  43334  38773  47895                                        Jackson County                                IL est21all.txt 30NOV2022
17  79      905      680     1130  9.9  7.4 12.4      281      200      362 13.6  9.7 17.5      199      136      262 13.2  9.0 17.4  59069  53001  65137                                        Jasper County                                 IL est21all.txt 30NOV2022
17  81     5309     4418     6200 15.3 12.7 17.9     1540     1119     1961 19.2 14.0 24.4     1118      782     1454 19.0 13.3 24.7  53294  50314  56274                                        Jefferson County                              IL est21all.txt 30NOV2022
17  83     1914     1448     2380  9.3  7.0 11.6      570      407      733 13.5  9.7 17.3      397      270      524 12.5  8.5 16.5  68675  61626  75724                                        Jersey County                                 IL est21all.txt 30NOV2022
17  85     1877     1456     2298  8.6  6.7 10.5      495      358      632 12.6  9.1 16.1      351      245      457 11.5  8.0 15.0  67839  62701  72977                                        Jo Daviess County                             IL est21all.txt 30NOV2022
17  87     1610     1220     2000 13.3 10.1 16.5      399      282      516 17.0 12.0 22.0      275      187      363 15.3 10.4 20.2  57073  51622  62524                                        Johnson County                                IL est21all.txt 30NOV2022
17  89    43982    37514    50450  8.6  7.3  9.9    14969    12362    17576 12.1 10.0 14.2    10464     8377    12551 11.2  9.0 13.4  90941  87399  94483                                        Kane County                                   IL est21all.txt 30NOV2022
17  91    13545    11453    15637 13.4 11.3 15.5     4119     3109     5129 17.5 13.2 21.8     2877     2102     3652 16.4 12.0 20.8  63880  59304  68456                                        Kankakee County                               IL est21all.txt 30NOV2022
17  93     6634     5310     7958  4.9  3.9  5.9     2262     1676     2848  6.1  4.5  7.7     1627     1169     2085  5.7  4.1  7.3 100483  90870 110096                                        Kendall County                                IL est21all.txt 30NOV2022
17  95     6653     5453     7853 14.7 12.1 17.3     1922     1382     2462 20.0 14.4 25.6     1374      940     1808 19.9 13.6 26.2  47559  42926  52192                                        Knox County                                   IL est21all.txt 30NOV2022
17  97    58626    51789    65463  8.5  7.5  9.5    16773    13746    19800 10.2  8.4 12.0    11914     9664    14164  9.3  7.5 11.1  95895  91686 100104                                        Lake County                                   IL est21all.txt 30NOV2022
17  99    13900    12043    15757 13.2 11.4 15.0     4381     3575     5187 19.4 15.8 23.0     2878     2225     3531 16.9 13.1 20.7  64447  59821  69073                                        La Salle County                               IL est21all.txt 30NOV2022
17 101     2459     1951     2967 19.2 15.2 23.2      668      509      827 24.1 18.3 29.9      478      353      603 22.9 16.9 28.9  46525  41718  51332                                        Lawrence County                               IL est21all.txt 30NOV2022
17 103     4083     3326     4840 13.2 10.8 15.6     1110      848     1372 17.0 13.0 21.0      788      586      990 16.2 12.1 20.3  60542  57065  64019                                        Lee County                                    IL est21all.txt 30NOV2022
17 105     3909     3118     4700 11.7  9.3 14.1     1158      853     1463 15.2 11.2 19.2      785      548     1022 14.1  9.8 18.4  61569  57692  65446                                        Livingston County                             IL est21all.txt 30NOV2022
17 107     3238     2564     3912 13.5 10.7 16.3      862      633     1091 16.5 12.1 20.9      582      403      761 15.1 10.4 19.8  58939  55189  62689                                        Logan County                                  IL est21all.txt 30NOV2022
17 109     4256     3424     5088 17.9 14.4 21.4     1002      755     1249 22.1 16.6 27.6      706      508      904 21.2 15.2 27.2  53024  47297  58751                                        McDonough County                              IL est21all.txt 30NOV2022
17 111    18456    15169    21743  6.0  4.9  7.1     4517     3318     5716  6.4  4.7  8.1     3140     2208     4072  5.8  4.1  7.5  92522  87878  97166                                        McHenry County                                IL est21all.txt 30NOV2022
17 113    21514    19294    23734 13.4 12.0 14.8     4105     3177     5033 11.5  8.9 14.1     2810     2121     3499 10.6  8.0 13.2  71309  66763  75855                                        McLean County                                 IL est21all.txt 30NOV2022
17 115    16893    14488    19298 17.1 14.7 19.5     5101     3952     6250 22.6 17.5 27.7     3777     2858     4696 23.0 17.4 28.6  48245  45491  50999                                        Macon County                                  IL est21all.txt 30NOV2022
17 117     6702     5706     7698 15.4 13.1 17.7     1796     1407     2185 19.8 15.5 24.1     1269      968     1570 18.6 14.2 23.0  57755  53522  61988                                        Macoupin County                               IL est21all.txt 30NOV2022
17 119    29596    25351    33841 11.4  9.8 13.0     8543     6662    10424 15.1 11.8 18.4     6151     4652     7650 14.5 11.0 18.0  65886  62458  69314                                        Madison County                                IL est21all.txt 30NOV2022
17 121     5653     4656     6650 15.5 12.8 18.2     1973     1494     2452 22.8 17.3 28.3     1228      883     1573 19.3 13.9 24.7  55292  51688  58896                                        Marion County                                 IL est21all.txt 30NOV2022
17 123     1124      888     1360  9.9  7.8 12.0      331      239      423 14.3 10.3 18.3      220      148      292 12.8  8.6 17.0  64132  57866  70398                                        Marshall County                               IL est21all.txt 30NOV2022
17 125     1579     1191     1967 12.4  9.3 15.5      540      378      702 20.5 14.4 26.6      384      260      508 19.6 13.3 25.9  58828  54206  63450                                        Mason County                                  IL est21all.txt 30NOV2022
17 127     2259     1742     2776 16.5 12.7 20.3      794      581     1007 27.2 19.9 34.5      558      394      722 25.7 18.1 33.3  52680  47588  57772                                        Massac County                                 IL est21all.txt 30NOV2022
17 129     1012      764     1260  8.4  6.3 10.5      343      243      443 13.2  9.4 17.0      244      167      321 12.4  8.5 16.3  75687  67585  83789                                        Menard County                                 IL est21all.txt 30NOV2022
17 131     1694     1384     2004 11.0  9.0 13.0      469      355      583 14.6 11.0 18.2      320      229      411 13.0  9.3 16.7  64731  57527  71935                                        Mercer County                                 IL est21all.txt 30NOV2022
17 133     1548     1174     1922  4.5  3.4  5.6      343      244      442  4.5  3.2  5.8      217      146      288  3.8  2.6  5.0  93054  87077  99031                                        Monroe County                                 IL est21all.txt 30NOV2022
17 135     3376     2583     4169 13.2 10.1 16.3      988      689     1287 17.8 12.4 23.2      687      462      912 16.8 11.3 22.3  59116  55108  63124                                        Montgomery County                             IL est21all.txt 30NOV2022
17 137     4168     3373     4963 14.1 11.4 16.8     1154      879     1429 19.4 14.8 24.0      764      540      988 17.8 12.6 23.0  54644  49668  59620                                        Morgan County                                 IL est21all.txt 30NOV2022
17 139     1359     1069     1649  9.6  7.6 11.6      462      330      594 12.7  9.1 16.3      323      221      425 11.6  7.9 15.3  69652  61680  77624                                        Moultrie County                               IL est21all.txt 30NOV2022
17 141     4291     3305     5277  8.4  6.5 10.3     1315      930     1700 11.7  8.3 15.1      934      634     1234 11.0  7.5 14.5  74472  69045  79899                                        Ogle County                                   IL est21all.txt 30NOV2022
17 143    28357    24152    32562 16.3 13.9 18.7     9244     7194    11294 22.0 17.1 26.9     6291     4675     7907 20.7 15.4 26.0  56460  54085  58835                                        Peoria County                                 IL est21all.txt 30NOV2022
17 145     3069     2391     3747 16.6 12.9 20.3      809      606     1012 20.7 15.5 25.9      574      419      729 19.5 14.2 24.8  53071  47832  58310                                        Perry County                                  IL est21all.txt 30NOV2022
17 147     1090      834     1346  6.5  5.0  8.0      283      200      366  7.7  5.4 10.0      195      132      258  7.2  4.9  9.5  81583  75583  87583                                        Piatt County                                  IL est21all.txt 30NOV2022
17 149     1941     1518     2364 13.7 10.7 16.7      633      457      809 19.3 13.9 24.7      423      285      561 17.7 11.9 23.5  54474  48434  60514                                        Pike County                                   IL est21all.txt 30NOV2022
17 151      635      485      785 17.1 13.1 21.1      105       74      136 25.7 18.1 33.3       76       50      102 27.8 18.3 37.3  50404  45065  55743                                        Pope County                                   IL est21all.txt 30NOV2022
17 153     1128      864     1392 22.3 17.1 27.5      380      270      490 35.6 25.3 45.9      267      181      353 33.0 22.4 43.6  42738  37420  48056                                        Pulaski County                                IL est21all.txt 30NOV2022
17 155      418      319      517  7.5  5.7  9.3      140       98      182 12.9  9.1 16.7      101       68      134 12.1  8.2 16.0  74798  66544  83052                                        Putnam County                                 IL est21all.txt 30NOV2022
17 157     3909     3154     4664 15.0 12.1 17.9     1156      897     1415 20.3 15.8 24.8      796      608      984 18.8 14.4 23.2  58694  53331  64057                                        Randolph County                               IL est21all.txt 30NOV2022
17 159     2188     1736     2640 14.2 11.3 17.1      650      469      831 18.2 13.1 23.3      453      315      591 16.9 11.7 22.1  56852  51627  62077                                        Richland County                               IL est21all.txt 30NOV2022
17 161    22803    20201    25405 16.5 14.6 18.4     7301     5996     8606 23.2 19.1 27.3     5039     4056     6022 21.6 17.4 25.8  58171  54785  61557                                        Rock Island County                            IL est21all.txt 30NOV2022
17 163    33300    27836    38764 13.3 11.1 15.5    11891     9275    14507 20.2 15.7 24.7     8168     6089    10247 18.6 13.9 23.3  66422  63057  69787                                        St. Clair County                              IL est21all.txt 30NOV2022
17 165     3976     3184     4768 17.6 14.1 21.1     1232      888     1576 26.5 19.1 33.9      871      602     1140 26.0 18.0 34.0  50914  46470  55358                                        Saline County                                 IL est21all.txt 30NOV2022
17 167    27610    25031    30189 14.4 13.1 15.7     8812     7641     9983 20.9 18.1 23.7     5648     4649     6647 18.1 14.9 21.3  68476  64992  71960                                        Sangamon County                               IL est21all.txt 30NOV2022
17 169      829      635     1023 12.3  9.4 15.2      204      146      262 16.6 11.9 21.3      147      101      193 16.2 11.1 21.3  57839  50936  64742                                        Schuyler County                               IL est21all.txt 30NOV2022
17 171      552      428      676 11.5  8.9 14.1      186      139      233 18.7 14.0 23.4      126       88      164 16.1 11.3 20.9  63510  56684  70336                                        Scott County                                  IL est21all.txt 30NOV2022
17 173     2129     1656     2602 10.3  8.0 12.6      634      458      810 14.4 10.4 18.4      446      312      580 13.5  9.4 17.6  55725  51116  60334                                        Shelby County                                 IL est21all.txt 30NOV2022
17 175      592      458      726 11.4  8.8 14.0      209      149      269 18.6 13.3 23.9      147      101      193 17.5 12.0 23.0  58265  51533  64997                                        Stark County                                  IL est21all.txt 30NOV2022
17 177     5216     4126     6306 12.1  9.6 14.6     1786     1322     2250 19.4 14.4 24.4     1214      842     1586 17.8 12.3 23.3  56263  51025  61501                                        Stephenson County                             IL est21all.txt 30NOV2022
17 179    11918     9898    13938  9.3  7.7 10.9     3562     2746     4378 12.4  9.6 15.2     2314     1671     2957 10.6  7.7 13.5  65427  60969  69885                                        Tazewell County                               IL est21all.txt 30NOV2022
17 181     2844     2301     3387 17.0 13.8 20.2      738      529      947 21.2 15.2 27.2      512      349      675 19.8 13.5 26.1  52384  46366  58402                                        Union County                                  IL est21all.txt 30NOV2022
17 183    13859    12143    15575 19.7 17.3 22.1     4587     3711     5463 27.3 22.1 32.5     3102     2386     3818 24.9 19.1 30.7  49825  46436  53214                                        Vermilion County                              IL est21all.txt 30NOV2022
17 185     1609     1282     1936 14.5 11.6 17.4      468      350      586 19.2 14.4 24.0      303      211      395 16.6 11.6 21.6  56183  49524  62842                                        Wabash County                                 IL est21all.txt 30NOV2022
17 187     2067     1639     2495 13.3 10.5 16.1      579      416      742 16.6 11.9 21.3      404      279      529 15.8 10.9 20.7  61734  55407  68061                                        Warren County                                 IL est21all.txt 30NOV2022
17 189     1141      884     1398  8.5  6.6 10.4      337      245      429 12.0  8.7 15.3      233      163      303 11.2  7.8 14.6  66746  60417  73075                                        Washington County                             IL est21all.txt 30NOV2022
17 191     2263     1820     2706 14.3 11.5 17.1      671      470      872 18.7 13.1 24.3      435      283      587 16.5 10.8 22.2  51669  45629  57709                                        Wayne County                                  IL est21all.txt 30NOV2022
17 193     2111     1691     2531 15.7 12.6 18.8      663      478      848 22.0 15.8 28.2      464      323      605 20.2 14.1 26.3  50653  45423  55883                                        White County                                  IL est21all.txt 30NOV2022
17 195     7181     6028     8334 13.2 11.1 15.3     2321     1827     2815 19.5 15.4 23.6     1585     1196     1974 17.9 13.5 22.3  56805  52354  61256                                        Whiteside County                              IL est21all.txt 30NOV2022
17 197    54149    47219    61079  7.9  6.9  8.9    16201    13389    19013  9.8  8.1 11.5    11685     9463    13907  9.2  7.5 10.9  93994  90392  97596                                        Will County                                   IL est21all.txt 30NOV2022
17 199     9551     7826    11276 14.7 12.0 17.4     2851     2123     3579 19.9 14.8 25.0     1949     1394     2504 18.3 13.1 23.5  55447  49965  60929                                        Williamson County                             IL est21all.txt 30NOV2022
17 201    39659    35073    44245 14.2 12.6 15.8    13455    10957    15953 20.7 16.9 24.5     9639     7657    11621 20.1 16.0 24.2  57113  53876  60350                                        Winnebago County                              IL est21all.txt 30NOV2022
17 203     2484     1988     2980  6.7  5.4  8.0      743      555      931  8.2  6.1 10.3      530      381      679  7.7  5.5  9.9  85085  77115  93055                                        Woodford County                               IL est21all.txt 30NOV2022
18   0   799733   782428   817038 12.1 11.8 12.4   244081   234385   253777 15.7 15.1 16.3   168041   159930   176152 14.6 13.9 15.3  62723  62015  63431   69805   64751   74859 17.7 16.4 19.0 Indiana                                       IN est21all.txt 30NOV2022
18   1     4478     3640     5316 12.6 10.2 15.0     2306     1712     2900 20.8 15.5 26.1     1635     1175     2095 20.4 14.7 26.1  62282  57365  67199                                        Adams County                                  IN est21all.txt 30NOV2022
18   3    50086    45346    54826 13.1 11.9 14.3    16695    14128    19262 17.2 14.6 19.8    11382     9368    13396 16.0 13.2 18.8  62680  60376  64984                                        Allen County                                  IN est21all.txt 30NOV2022
18   5     6624     5241     8007  8.1  6.4  9.8     2222     1568     2876 11.4  8.0 14.8     1496      980     2012 10.5  6.9 14.1  72458  66516  78400                                        Bartholomew County                            IN est21all.txt 30NOV2022
18   7      901      715     1087 10.5  8.3 12.7      319      232      406 15.1 11.0 19.2      217      150      284 13.6  9.4 17.8  60738  53977  67499                                        Benton County                                 IN est21all.txt 30NOV2022
18   9     1526     1176     1876 12.9 10.0 15.8      521      371      671 20.0 14.2 25.8      365      251      479 18.9 13.0 24.8  47553  41903  53203                                        Blackford County                              IN est21all.txt 30NOV2022
18  11     3980     3134     4826  5.5  4.3  6.7     1082      809     1355  5.8  4.3  7.3      771      569      973  5.5  4.1  6.9  98047  89970 106124                                        Boone County                                  IN est21all.txt 30NOV2022
18  13     1670     1325     2015 10.8  8.6 13.0      387      275      499 14.9 10.6 19.2      274      186      362 13.5  9.2 17.8  66839  58922  74756                                        Brown County                                  IN est21all.txt 30NOV2022
18  15     1730     1349     2111  8.5  6.6 10.4      544      389      699 12.4  8.9 15.9      380      260      500 11.5  7.8 15.2  57019  53160  60878                                        Carroll County                                IN est21all.txt 30NOV2022
18  17     4459     3620     5298 12.1  9.8 14.4     1429     1068     1790 17.4 13.0 21.8     1020      746     1294 16.7 12.2 21.2  53813  49277  58349                                        Cass County                                   IN est21all.txt 30NOV2022
18  19    12668    10556    14780 10.4  8.7 12.1     3691     2822     4560 13.9 10.6 17.2     2629     2010     3248 13.5 10.3 16.7  62822  58882  66762                                        Clark County                                  IN est21all.txt 30NOV2022
18  21     2894     2249     3539 11.1  8.6 13.6     1043      740     1346 17.6 12.5 22.7      697      469      925 16.1 10.8 21.4  64245  59131  69359                                        Clay County                                   IN est21all.txt 30NOV2022
18  23     3352     2639     4065 10.4  8.2 12.6     1176      831     1521 13.8  9.8 17.8      786      526     1046 12.4  8.3 16.5  60609  54576  66642                                        Clinton County                                IN est21all.txt 30NOV2022
18  25     1605     1246     1964 15.4 12.0 18.8      535      382      688 24.0 17.1 30.9      356      242      470 21.8 14.8 28.8  52031  45973  58089                                        Crawford County                               IN est21all.txt 30NOV2022
18  27     4151     3381     4921 12.7 10.4 15.0     1691     1339     2043 17.4 13.8 21.0      982      671     1293 14.0  9.6 18.4  59888  53340  66436                                        Daviess County                                IN est21all.txt 30NOV2022
18  29     3819     2945     4693  7.6  5.9  9.3     1162      818     1506 10.5  7.4 13.6      825      557     1093  9.9  6.7 13.1  73150  66952  79348                                        Dearborn County                               IN est21all.txt 30NOV2022
18  31     2576     1976     3176  9.9  7.6 12.2      873      618     1128 14.3 10.1 18.5      601      407      795 13.4  9.1 17.7  64871  58816  70926                                        Decatur County                                IN est21all.txt 30NOV2022
18  33     3411     2645     4177  8.0  6.2  9.8     1237      875     1599 12.1  8.6 15.6      830      563     1097 11.0  7.5 14.5  65059  58354  71764                                        De Kalb County                                IN est21all.txt 30NOV2022
18  35    19056    16644    21468 18.4 16.1 20.7     3756     2733     4779 19.4 14.1 24.7     2526     1731     3321 17.7 12.1 23.3  50533  48306  52760                                        Delaware County                               IN est21all.txt 30NOV2022
18  37     3187     2547     3827  7.5  6.0  9.0      912      670     1154  8.8  6.5 11.1      610      422      798  7.8  5.4 10.2  67615  62748  72482                                        Dubois County                                 IN est21all.txt 30NOV2022
18  39    22950    19730    26170 11.3  9.7 12.9     8499     6876    10122 15.4 12.5 18.3     6147     4936     7358 15.2 12.2 18.2  62233  57507  66959                                        Elkhart County                                IN est21all.txt 30NOV2022
18  41     3116     2434     3798 13.6 10.6 16.6     1044      741     1347 20.8 14.8 26.8      740      508      972 20.1 13.8 26.4  50642  45103  56181                                        Fayette County                                IN est21all.txt 30NOV2022
18  43     7237     5798     8676  9.2  7.4 11.0     2243     1625     2861 12.5  9.1 15.9     1532     1061     2003 11.3  7.8 14.8  67330  63509  71151                                        Floyd County                                  IN est21all.txt 30NOV2022
18  45     1726     1346     2106 10.6  8.3 12.9      531      369      693 15.3 10.6 20.0      355      234      476 13.9  9.2 18.6  55195  48963  61427                                        Fountain County                               IN est21all.txt 30NOV2022
18  47     1950     1510     2390  8.6  6.7 10.5      548      381      715 10.8  7.5 14.1      377      249      505 10.1  6.7 13.5  61261  54523  67999                                        Franklin County                               IN est21all.txt 30NOV2022
18  49     2224     1763     2685 11.1  8.8 13.4      787      563     1011 16.7 11.9 21.5      567      384      750 16.0 10.8 21.2  57400  51082  63718                                        Fulton County                                 IN est21all.txt 30NOV2022
18  51     3675     2988     4362 11.4  9.3 13.5     1085      801     1369 14.1 10.4 17.8      740      527      953 12.9  9.2 16.6  60592  54317  66867                                        Gibson County                                 IN est21all.txt 30NOV2022
18  53    11528     9852    13204 18.8 16.1 21.5     3483     2790     4176 25.5 20.4 30.6     2320     1775     2865 23.2 17.8 28.6  50248  46134  54362                                        Grant County                                  IN est21all.txt 30NOV2022
18  55     4349     3614     5084 14.3 11.9 16.7     1444     1137     1751 22.2 17.5 26.9      966      727     1205 20.2 15.2 25.2  55504  49839  61169                                        Greene County                                 IN est21all.txt 30NOV2022
18  57    13447    10890    16004  3.8  3.1  4.5     3527     2574     4480  3.9  2.8  5.0     2536     1809     3263  3.6  2.6  4.6 108203 100016 116390                                        Hamilton County                               IN est21all.txt 30NOV2022
18  59     4459     3513     5405  5.5  4.3  6.7     1293      960     1626  6.9  5.1  8.7      884      630     1138  6.2  4.4  8.0  80326  76409  84243                                        Hancock County                                IN est21all.txt 30NOV2022
18  61     3320     2592     4048  8.5  6.6 10.4      989      723     1255 11.5  8.4 14.6      715      510      920 11.0  7.9 14.1  66989  59798  74180                                        Harrison County                               IN est21all.txt 30NOV2022
18  63     9294     7449    11139  5.3  4.2  6.4     2479     1808     3150  5.8  4.2  7.4     1747     1213     2281  5.2  3.6  6.8  90298  83726  96870                                        Hendricks County                              IN est21all.txt 30NOV2022
18  65     6831     5708     7954 15.1 12.6 17.6     2207     1818     2596 22.8 18.8 26.8     1636     1351     1921 22.6 18.6 26.6  52994  49322  56666                                        Henry County                                  IN est21all.txt 30NOV2022
18  67     9771     7877    11665 11.9  9.6 14.2     3084     2169     3999 16.5 11.6 21.4     2143     1454     2832 15.6 10.6 20.6  56268  52613  59923                                        Howard County                                 IN est21all.txt 30NOV2022
18  69     3758     3121     4395 10.6  8.8 12.4     1084      810     1358 13.9 10.4 17.4      744      526      962 13.0  9.2 16.8  55546  51283  59809                                        Huntington County                             IN est21all.txt 30NOV2022
18  71     6443     5708     7178 14.2 12.6 15.8     1837     1518     2156 16.7 13.8 19.6     1213      957     1469 15.3 12.1 18.5  61943  55581  68305                                        Jackson County                                IN est21all.txt 30NOV2022
18  73     2807     2183     3431  8.7  6.8 10.6      889      633     1145 12.2  8.7 15.7      635      433      837 11.5  7.9 15.1  74336  68272  80400                                        Jasper County                                 IN est21all.txt 30NOV2022
18  75     2723     2196     3250 13.6 11.0 16.2     1044      756     1332 20.9 15.1 26.7      708      488      928 19.6 13.5 25.7  52315  47434  57196                                        Jay County                                    IN est21all.txt 30NOV2022
18  77     3593     2808     4378 11.6  9.1 14.1     1037      730     1344 16.1 11.3 20.9      721      484      958 15.6 10.5 20.7  59333  53312  65354                                        Jefferson County                              IN est21all.txt 30NOV2022
18  79     3421     2802     4040 12.7 10.4 15.0     1053      766     1340 17.1 12.4 21.8      740      524      956 16.1 11.4 20.8  61964  56364  67564                                        Jennings County                               IN est21all.txt 30NOV2022
18  81    12092     9714    14470  7.5  6.0  9.0     3695     2767     4623  9.4  7.0 11.8     2495     1782     3208  8.4  6.0 10.8  79914  73923  85905                                        Johnson County                                IN est21all.txt 30NOV2022
18  83     5092     4083     6101 15.0 12.0 18.0     1418     1023     1813 19.0 13.7 24.3      888      589     1187 16.1 10.7 21.5  56564  52002  61126                                        Knox County                                   IN est21all.txt 30NOV2022
18  85     7328     5873     8783  9.4  7.5 11.3     2280     1678     2882 12.3  9.1 15.5     1583     1128     2038 11.6  8.3 14.9  66525  61847  71203                                        Kosciusko County                              IN est21all.txt 30NOV2022
18  87     2998     2267     3729  7.5  5.7  9.3     1381      967     1795 10.9  7.6 14.2      971      653     1289 10.5  7.0 14.0  80335  75615  85055                                        Lagrange County                               IN est21all.txt 30NOV2022
18  89    68461    61430    75492 13.9 12.5 15.3    22825    19120    26530 20.0 16.7 23.3    15878    12881    18875 18.5 15.0 22.0  61468  59645  63291                                        Lake County                                   IN est21all.txt 30NOV2022
18  91    12934    10492    15376 12.2  9.9 14.5     4383     3288     5478 18.7 14.0 23.4     3073     2218     3928 17.8 12.8 22.8  62620  58901  66339                                        La Porte County                               IN est21all.txt 30NOV2022
18  93     5608     4491     6725 12.6 10.1 15.1     1626     1191     2061 17.2 12.6 21.8     1126      796     1456 16.2 11.4 21.0  52557  48652  56462                                        Lawrence County                               IN est21all.txt 30NOV2022
18  95    19464    16709    22219 15.7 13.5 17.9     5718     4514     6922 21.2 16.7 25.7     3893     3012     4774 19.5 15.1 23.9  54026  50796  57256                                        Madison County                                IN est21all.txt 30NOV2022
18  97   143143   131811   154475 15.1 13.9 16.3    48976    42502    55450 20.9 18.1 23.7    33929    29110    38748 20.1 17.2 23.0  58737  56707  60767                                        Marion County                                 IN est21all.txt 30NOV2022
18  99     3916     3061     4771  8.6  6.7 10.5     1303      912     1694 11.6  8.1 15.1      880      585     1175 10.4  6.9 13.9  68799  64396  73202                                        Marshall County                               IN est21all.txt 30NOV2022
18 101     1119      868     1370 11.6  9.0 14.2      330      237      423 15.6 11.2 20.0      225      153      297 14.5  9.9 19.1  61520  55194  67846                                        Martin County                                 IN est21all.txt 30NOV2022
18 103     4841     3956     5726 14.9 12.2 17.6     1571     1193     1949 21.1 16.0 26.2     1087      802     1372 19.7 14.5 24.9  56867  53765  59969                                        Miami County                                  IN est21all.txt 30NOV2022
18 105    26549    24375    28723 21.1 19.4 22.8     3081     2311     3851 14.4 10.8 18.0     2154     1572     2736 13.7 10.0 17.4  53166  49917  56415                                        Monroe County                                 IN est21all.txt 30NOV2022
18 107     4326     3581     5071 11.7  9.7 13.7     1321      987     1655 15.5 11.6 19.4      924      676     1172 14.5 10.6 18.4  57997  52205  63789                                        Montgomery County                             IN est21all.txt 30NOV2022
18 109     7344     6114     8574 10.3  8.6 12.0     1972     1476     2468 12.5  9.4 15.6     1370      979     1761 11.5  8.2 14.8  69203  63611  74795                                        Morgan County                                 IN est21all.txt 30NOV2022
18 111     1622     1300     1944 11.9  9.5 14.3      513      383      643 18.1 13.5 22.7      352      250      454 16.7 11.9 21.5  61336  54453  68219                                        Newton County                                 IN est21all.txt 30NOV2022
18 113     4226     3321     5131  9.1  7.1 11.1     1475     1065     1885 13.1  9.4 16.8     1014      697     1331 12.3  8.4 16.2  65979  59863  72095                                        Noble County                                  IN est21all.txt 30NOV2022
18 115      539      415      663  9.1  7.0 11.2      167      117      217 14.2 10.0 18.4      114       77      151 12.9  8.7 17.1  64947  57101  72793                                        Ohio County                                   IN est21all.txt 30NOV2022
18 117     2807     2185     3429 14.4 11.2 17.6      974      710     1238 21.9 16.0 27.8      687      484      890 21.2 14.9 27.5  52910  47680  58140                                        Orange County                                 IN est21all.txt 30NOV2022
18 119     2395     1835     2955 11.3  8.7 13.9      778      551     1005 17.9 12.7 23.1      550      374      726 17.2 11.7 22.7  57716  52344  63088                                        Owen County                                   IN est21all.txt 30NOV2022
18 121     2375     1900     2850 16.0 12.8 19.2      764      561      967 21.8 16.0 27.6      528      371      685 20.5 14.4 26.6  55683  49353  62013                                        Parke County                                  IN est21all.txt 30NOV2022
18 123     2271     1789     2753 12.8 10.1 15.5      655      476      834 16.6 12.1 21.1      448      310      586 15.3 10.6 20.0  58097  52404  63790                                        Perry County                                  IN est21all.txt 30NOV2022
18 125     1349     1091     1607 11.3  9.1 13.5      363      260      466 13.9 10.0 17.8      250      173      327 13.0  9.0 17.0  52093  46219  57967                                        Pike County                                   IN est21all.txt 30NOV2022
18 127    16533    14290    18776  9.7  8.4 11.0     4409     3581     5237 12.0  9.8 14.2     3086     2453     3719 10.9  8.7 13.1  80878  76482  85274                                        Porter County                                 IN est21all.txt 30NOV2022
18 129     2268     1762     2774  9.1  7.1 11.1      636      455      817 11.6  8.3 14.9      431      293      569 10.2  6.9 13.5  74102  66995  81209                                        Posey County                                  IN est21all.txt 30NOV2022
18 131     1393     1088     1698 11.5  9.0 14.0      455      324      586 17.1 12.2 22.0      314      211      417 15.6 10.5 20.7  58239  51686  64792                                        Pulaski County                                IN est21all.txt 30NOV2022
18 133     3858     3097     4619 12.0  9.6 14.4     1052      810     1294 15.1 11.6 18.6      707      515      899 13.6  9.9 17.3  61223  55921  66525                                        Putnam County                                 IN est21all.txt 30NOV2022
18 135     3371     2775     3967 14.0 11.5 16.5     1111      848     1374 20.8 15.9 25.7      727      509      945 18.2 12.8 23.6  50809  45087  56531                                        Randolph County                               IN est21all.txt 30NOV2022
18 137     2548     2010     3086  8.9  7.0 10.8      838      586     1090 12.5  8.7 16.3      577      382      772 11.8  7.8 15.8  65893  58783  73003                                        Ripley County                                 IN est21all.txt 30NOV2022
18 139     1806     1411     2201 11.0  8.6 13.4      589      426      752 16.2 11.7 20.7      421      294      548 15.4 10.8 20.0  60486  53515  67457                                        Rush County                                   IN est21all.txt 30NOV2022
18 141    37269    33173    41365 14.3 12.7 15.9    11597     9626    13568 18.6 15.4 21.8     7654     6053     9255 16.8 13.3 20.3  59325  56717  61933                                        St. Joseph County                             IN est21all.txt 30NOV2022
18 143     3461     2661     4261 14.4 11.1 17.7     1112      797     1427 20.9 15.0 26.8      782      541     1023 19.6 13.6 25.6  54747  48724  60770                                        Scott County                                  IN est21all.txt 30NOV2022
18 145     4382     3440     5324  9.9  7.8 12.0     1359      973     1745 13.7  9.8 17.6      875      588     1162 11.8  7.9 15.7  64528  59013  70043                                        Shelby County                                 IN est21all.txt 30NOV2022
18 147     1582     1199     1965  8.1  6.1 10.1      459      321      597 10.9  7.6 14.2      330      221      439 10.3  6.9 13.7  62311  56153  68469                                        Spencer County                                IN est21all.txt 30NOV2022
18 149     3292     2619     3965 14.2 11.3 17.1     1097      791     1403 20.8 15.0 26.6      752      516      988 19.1 13.1 25.1  57994  52985  63003                                        Starke County                                 IN est21all.txt 30NOV2022
18 151     3237     2563     3911  9.7  7.7 11.7     1009      733     1285 14.8 10.8 18.8      655      447      863 13.2  9.0 17.4  65407  58344  72470                                        Steuben County                                IN est21all.txt 30NOV2022
18 153     2998     2397     3599 16.2 12.9 19.5      779      587      971 20.6 15.5 25.7      513      367      659 18.4 13.2 23.6  47606  43939  51273                                        Sullivan County                               IN est21all.txt 30NOV2022
18 155     1345     1033     1657 13.9 10.7 17.1      529      371      687 23.2 16.3 30.1      365      242      488 20.9 13.9 27.9  57362  50555  64169                                        Switzerland County                            IN est21all.txt 30NOV2022
18 157    30391    27491    33291 17.7 16.0 19.4     5381     4175     6587 14.5 11.3 17.7     3433     2511     4355 12.6  9.2 16.0  55192  51007  59377                                        Tippecanoe County                             IN est21all.txt 30NOV2022
18 159     1366     1105     1627  9.0  7.3 10.7      361      268      454 11.7  8.7 14.7      227      155      299  9.8  6.7 12.9  67866  60117  75615                                        Tipton County                                 IN est21all.txt 30NOV2022
18 161      778      598      958 11.2  8.6 13.8      253      180      326 17.0 12.1 21.9      177      121      233 16.1 11.0 21.2  65572  60358  70786                                        Union County                                  IN est21all.txt 30NOV2022
18 163    24050    21114    26986 13.9 12.2 15.6     7044     5581     8507 18.5 14.7 22.3     4936     3816     6056 17.7 13.7 21.7  53795  50826  56764                                        Vanderburgh County                            IN est21all.txt 30NOV2022
18 165     1873     1485     2261 12.4  9.8 15.0      540      377      703 16.5 11.5 21.5      375      251      499 15.1 10.1 20.1  53540  47269  59811                                        Vermillion County                             IN est21all.txt 30NOV2022
18 167    19709    17507    21911 20.4 18.1 22.7     5008     4035     5981 23.8 19.2 28.4     3538     2773     4303 22.9 17.9 27.9  48421  44144  52698                                        Vigo County                                   IN est21all.txt 30NOV2022
18 169     3253     2581     3925 11.2  8.9 13.5      982      731     1233 16.1 12.0 20.2      622      424      820 13.7  9.3 18.1  62193  58368  66018                                        Wabash County                                 IN est21all.txt 30NOV2022
18 171      743      578      908  8.9  6.9 10.9      247      178      316 13.5  9.7 17.3      169      118      220 12.0  8.4 15.6  63154  56452  69856                                        Warren County                                 IN est21all.txt 30NOV2022
18 173     4311     3385     5237  6.8  5.3  8.3     1336      984     1688  9.0  6.6 11.4      937      665     1209  8.1  5.7 10.5  83005  75183  90827                                        Warrick County                                IN est21all.txt 30NOV2022
18 175     3131     2396     3866 11.3  8.6 14.0     1124      794     1454 18.1 12.8 23.4      782      528     1036 16.9 11.4 22.4  57348  51031  63665                                        Washington County                             IN est21all.txt 30NOV2022
18 177    10163     8461    11865 15.9 13.2 18.6     3147     2352     3942 21.7 16.2 27.2     2074     1441     2707 19.7 13.7 25.7  50569  46795  54343                                        Wayne County                                  IN est21all.txt 30NOV2022
18 179     2108     1626     2590  7.6  5.9  9.3      752      525      979 11.0  7.7 14.3      523      351      695 10.2  6.8 13.6  66102  59407  72797                                        Wells County                                  IN est21all.txt 30NOV2022
18 181     2426     1926     2926 10.0  7.9 12.1      805      578     1032 14.5 10.4 18.6      585      407      763 14.2  9.9 18.5  62151  55661  68641                                        White County                                  IN est21all.txt 30NOV2022
18 183     2494     1957     3031  7.3  5.7  8.9      731      526      936  9.5  6.8 12.2      507      346      668  8.8  6.0 11.6  64146  58498  69794                                        Whitley County                                IN est21all.txt 30NOV2022
19   0   340626   329373   351879 11.0 10.6 11.4    89506    85073    93939 12.4 11.8 13.0    61916    58061    65771 11.6 10.9 12.3  65645  64876  66414   24541   22373   26709 13.3 12.1 14.5 Iowa                                          IA est21all.txt 30NOV2022
19   1      749      578      920 10.2  7.9 12.5      234      163      305 13.8  9.6 18.0      158      105      211 13.1  8.7 17.5  60847  54194  67500                                        Adair County                                  IA est21all.txt 30NOV2022
19   3      383      293      473 10.6  8.1 13.1      121       84      158 15.3 10.6 20.0       85       56      114 14.1  9.3 18.9  54403  48503  60303                                        Adams County                                  IA est21all.txt 30NOV2022
19   5     1349     1024     1674  9.9  7.5 12.3      501      343      659 15.2 10.4 20.0      350      227      473 15.0  9.7 20.3  60717  56514  64920                                        Allamakee County                              IA est21all.txt 30NOV2022
19   7     2069     1669     2469 17.0 13.7 20.3      565      400      730 20.7 14.7 26.7      393      268      518 19.3 13.2 25.4  51222  46636  55808                                        Appanoose County                              IA est21all.txt 30NOV2022
19   9      564      438      690 10.2  7.9 12.5      174      123      225 14.5 10.2 18.8      119       81      157 13.5  9.2 17.8  69484  66458  72510                                        Audubon County                                IA est21all.txt 30NOV2022
19  11     2128     1726     2530  8.4  6.8 10.0      519      364      674  8.9  6.2 11.6      349      229      469  8.0  5.2 10.8  78155  70861  85449                                        Benton County                                 IA est21all.txt 30NOV2022
19  13    17005    14711    19299 13.5 11.7 15.3     3816     2662     4970 13.5  9.4 17.6     2568     1702     3434 12.7  8.4 17.0  60716  56623  64809                                        Black Hawk County                             IA est21all.txt 30NOV2022
19  15     2038     1565     2511  7.8  6.0  9.6      485      337      633  9.2  6.4 12.0      332      220      444  8.5  5.6 11.4  69888  62116  77660                                        Boone County                                  IA est21all.txt 30NOV2022
19  17     1681     1332     2030  7.1  5.6  8.6      358      257      459  6.5  4.7  8.3      256      178      334  6.0  4.1  7.9  75395  70591  80199                                        Bremer County                                 IA est21all.txt 30NOV2022
19  19     2011     1606     2416  9.8  7.8 11.8      688      471      905 13.2  9.0 17.4      477      310      644 12.4  8.1 16.7  64503  58469  70537                                        Buchanan County                               IA est21all.txt 30NOV2022
19  21     2149     1677     2621 10.8  8.4 13.2      683      483      883 12.7  9.0 16.4      477      326      628 12.2  8.3 16.1  60576  53421  67731                                        Buena Vista County                            IA est21all.txt 30NOV2022
19  23     1238      988     1488  8.8  7.0 10.6      315      215      415  9.8  6.7 12.9      208      131      285  8.6  5.4 11.8  65284  60279  70289                                        Butler County                                 IA est21all.txt 30NOV2022
19  25     1117      895     1339 12.1  9.7 14.5      284      203      365 13.4  9.6 17.2      206      142      270 12.8  8.8 16.8  59643  53092  66194                                        Calhoun County                                IA est21all.txt 30NOV2022
19  27     1889     1551     2227  9.3  7.6 11.0      488      346      630  9.7  6.9 12.5      341      230      452  9.0  6.0 12.0  65598  59716  71480                                        Carroll County                                IA est21all.txt 30NOV2022
19  29     1847     1520     2174 14.4 11.8 17.0      556      419      693 19.1 14.4 23.8      351      242      460 15.8 10.9 20.7  55909  49257  62561                                        Cass County                                   IA est21all.txt 30NOV2022
19  31     1323     1037     1609  7.3  5.7  8.9      324      228      420  8.2  5.8 10.6      230      156      304  7.6  5.2 10.0  75894  68563  83225                                        Cedar County                                  IA est21all.txt 30NOV2022
19  33     4895     3993     5797 11.7  9.5 13.9     1206      871     1541 13.8 10.0 17.6      846      597     1095 13.0  9.2 16.8  55465  50476  60454                                        Cerro Gordo County                            IA est21all.txt 30NOV2022
19  35     1134      899     1369 10.2  8.1 12.3      301      212      390 11.9  8.4 15.4      205      136      274 10.7  7.1 14.3  64286  57668  70904                                        Cherokee County                               IA est21all.txt 30NOV2022
19  37     1005      787     1223  8.5  6.7 10.3      240      166      314  8.7  6.0 11.4      167      108      226  8.1  5.3 10.9  67667  60415  74919                                        Chickasaw County                              IA est21all.txt 30NOV2022
19  39      923      694     1152  9.6  7.2 12.0      385      265      505 15.3 10.5 20.1      266      175      357 14.2  9.3 19.1  58483  51807  65159                                        Clarke County                                 IA est21all.txt 30NOV2022
19  41     1521     1163     1879  9.4  7.2 11.6      453      313      593 12.2  8.4 16.0      293      191      395 10.5  6.8 14.2  60162  53464  66860                                        Clay County                                   IA est21all.txt 30NOV2022
19  43     1678     1362     1994 10.0  8.1 11.9      419      296      542 11.7  8.3 15.1      287      195      379 10.9  7.4 14.4  56076  52109  60043                                        Clayton County                                IA est21all.txt 30NOV2022
19  45     5261     4164     6358 11.5  9.1 13.9     1615     1112     2118 15.5 10.7 20.3     1131      741     1521 14.6  9.6 19.6  60528  56214  64842                                        Clinton County                                IA est21all.txt 30NOV2022
19  47     1817     1449     2185 11.4  9.1 13.7      541      400      682 13.7 10.1 17.3      392      285      499 13.6  9.9 17.3  58874  52657  65091                                        Crawford County                               IA est21all.txt 30NOV2022
19  49     5499     4607     6391  5.3  4.4  6.2     1464     1105     1823  5.3  4.0  6.6      947      669     1225  4.6  3.2  6.0  94467  87852 101082                                        Dallas County                                 IA est21all.txt 30NOV2022
19  51      916      688     1144 10.1  7.6 12.6      394      273      515 14.5 10.0 19.0      278      184      372 14.2  9.4 19.0  75730  71276  80184                                        Davis County                                  IA est21all.txt 30NOV2022
19  53     1165      889     1441 16.5 12.6 20.4      380      264      496 22.7 15.8 29.6      265      176      354 21.1 14.0 28.2  48666  43453  53879                                        Decatur County                                IA est21all.txt 30NOV2022
19  55     1582     1248     1916  9.1  7.2 11.0      418      296      540 10.3  7.3 13.3      297      201      393  9.8  6.6 13.0  69767  64095  75439                                        Delaware County                               IA est21all.txt 30NOV2022
19  57     5014     4026     6002 13.2 10.6 15.8     1572     1096     2048 18.5 12.9 24.1     1124      744     1504 17.5 11.6 23.4  53917  49318  58516                                        Des Moines County                             IA est21all.txt 30NOV2022
19  59     1333     1062     1604  7.5  6.0  9.0      299      209      389  8.7  6.1 11.3      199      132      266  7.8  5.2 10.4  67949  61248  74650                                        Dickinson County                              IA est21all.txt 30NOV2022
19  61     7743     6293     9193  8.1  6.6  9.6     2063     1405     2721  9.4  6.4 12.4     1446      951     1941  8.9  5.8 12.0  73968  70169  77767                                        Dubuque County                                IA est21all.txt 30NOV2022
19  63     1026      802     1250 11.5  9.0 14.0      268      188      348 15.6 10.9 20.3      194      131      257 15.4 10.4 20.4  52000  46264  57736                                        Emmet County                                  IA est21all.txt 30NOV2022
19  65     2185     1718     2652 11.8  9.3 14.3      593      406      780 14.7 10.1 19.3      428      283      573 14.3  9.5 19.1  56366  52635  60097                                        Fayette County                                IA est21all.txt 30NOV2022
19  67     1719     1350     2088 11.3  8.9 13.7      544      392      696 15.6 11.3 19.9      362      241      483 14.1  9.4 18.8  59638  53635  65641                                        Floyd County                                  IA est21all.txt 30NOV2022
19  69      987      751     1223 10.1  7.7 12.5      355      245      465 15.4 10.7 20.1      249      163      335 14.5  9.5 19.5  60269  53869  66669                                        Franklin County                               IA est21all.txt 30NOV2022
19  71      681      521      841 10.5  8.0 13.0      205      144      266 14.4 10.1 18.7      145       98      192 13.5  9.1 17.9  68622  62290  74954                                        Fremont County                                IA est21all.txt 30NOV2022
19  73      977      777     1177 11.3  9.0 13.6      284      202      366 14.8 10.5 19.1      195      134      256 13.5  9.3 17.7  57737  51335  64139                                        Greene County                                 IA est21all.txt 30NOV2022
19  75      762      595      929  6.3  4.9  7.7      197      139      255  7.0  5.0  9.0      139       93      185  6.4  4.3  8.5  71652  63713  79591                                        Grundy County                                 IA est21all.txt 30NOV2022
19  77     1024      820     1228  9.8  7.8 11.8      246      177      315 11.4  8.2 14.6      178      123      233 10.8  7.5 14.1  66112  60427  71797                                        Guthrie County                                IA est21all.txt 30NOV2022
19  79     1221      933     1509  8.3  6.3 10.3      383      267      499 11.4  8.0 14.8      272      182      362 10.9  7.3 14.5  64292  58060  70524                                        Hamilton County                               IA est21all.txt 30NOV2022
19  81      914      725     1103  8.7  6.9 10.5      240      166      314 10.6  7.3 13.9      166      109      223 10.0  6.6 13.4  61544  54965  68123                                        Hancock County                                IA est21all.txt 30NOV2022
19  83     1551     1196     1906  9.7  7.5 11.9      410      287      533 13.7  9.6 17.8      284      190      378 12.9  8.6 17.2  58126  52668  63584                                        Hardin County                                 IA est21all.txt 30NOV2022
19  85     1491     1192     1790 10.4  8.3 12.5      459      338      580 13.4  9.9 16.9      322      230      414 12.6  9.0 16.2  67433  61648  73218                                        Harrison County                               IA est21all.txt 30NOV2022
19  87     2296     1804     2788 12.2  9.6 14.8      648      461      835 15.2 10.8 19.6      458      317      599 14.4 10.0 18.8  61112  55994  66230                                        Henry County                                  IA est21all.txt 30NOV2022
19  89      923      712     1134  9.9  7.6 12.2      309      214      404 13.1  9.1 17.1      209      136      282 12.2  8.0 16.4  58857  52569  65145                                        Howard County                                 IA est21all.txt 30NOV2022
19  91      954      761     1147 10.0  8.0 12.0      272      197      347 12.0  8.7 15.3      189      132      246 11.1  7.8 14.4  69252  62682  75822                                        Humboldt County                               IA est21all.txt 30NOV2022
19  93      735      598      872 10.7  8.7 12.7      188      129      247 10.9  7.5 14.3      132       87      177 10.0  6.6 13.4  58792  51918  65666                                        Ida County                                    IA est21all.txt 30NOV2022
19  95     1248     1018     1478  7.7  6.3  9.1      292      204      380  7.7  5.4 10.0      203      136      270  7.1  4.7  9.5  66613  59228  73998                                        Iowa County                                   IA est21all.txt 30NOV2022
19  97     2266     1864     2668 11.8  9.7 13.9      634      458      810 15.0 10.8 19.2      451      316      586 14.4 10.1 18.7  61307  55214  67400                                        Jackson County                                IA est21all.txt 30NOV2022
19  99     3345     2661     4029  9.3  7.4 11.2      866      607     1125 10.6  7.4 13.8      594      391      797  9.6  6.3 12.9  65714  61077  70351                                        Jasper County                                 IA est21all.txt 30NOV2022
19 101     1943     1495     2391 13.5 10.4 16.6      438      301      575 17.9 12.3 23.5      308      202      414 17.3 11.4 23.2  52763  46619  58907                                        Jefferson County                              IA est21all.txt 30NOV2022
19 103    21477    19316    23638 14.7 13.2 16.2     3124     2371     3877 10.4  7.9 12.9     2246     1664     2828 10.3  7.6 13.0  68664  63948  73380                                        Johnson County                                IA est21all.txt 30NOV2022
19 105     2057     1613     2501 10.5  8.2 12.8      497      348      646 11.7  8.2 15.2      348      234      462 10.8  7.3 14.3  62810  58523  67097                                        Jones County                                  IA est21all.txt 30NOV2022
19 107     1099      858     1340 11.2  8.7 13.7      363      249      477 16.3 11.2 21.4      261      173      349 15.6 10.4 20.8  56843  50238  63448                                        Keokuk County                                 IA est21all.txt 30NOV2022
19 109     1507     1187     1827 10.5  8.3 12.7      383      274      492 12.2  8.7 15.7      274      191      357 11.9  8.3 15.5  62571  56421  68721                                        Kossuth County                                IA est21all.txt 30NOV2022
19 111     4511     3661     5361 14.1 11.4 16.8     1267      896     1638 18.2 12.9 23.5      889      603     1175 17.5 11.9 23.1  56001  50750  61252                                        Lee County                                    IA est21all.txt 30NOV2022
19 113    21754    18484    25024  9.7  8.2 11.2     5503     4239     6767 10.8  8.3 13.3     3805     2835     4775 10.1  7.5 12.7  70464  66220  74708                                        Linn County                                   IA est21all.txt 30NOV2022
19 115     1183      942     1424 11.1  8.8 13.4      338      256      420 14.6 11.1 18.1      239      176      302 13.9 10.2 17.6  64151  57839  70463                                        Louisa County                                 IA est21all.txt 30NOV2022
19 117     1111      848     1374 12.9  9.8 16.0      394      273      515 19.8 13.7 25.9      282      187      377 19.6 13.0 26.2  64796  61029  68563                                        Lucas County                                  IA est21all.txt 30NOV2022
19 119      812      620     1004  6.9  5.3  8.5      243      165      321  7.2  4.9  9.5      175      114      236  7.0  4.5  9.5  70654  63862  77446                                        Lyon County                                   IA est21all.txt 30NOV2022
19 121     1228      974     1482  7.4  5.9  8.9      319      235      403  7.7  5.7  9.7      213      147      279  6.6  4.5  8.7  82730  78543  86917                                        Madison County                                IA est21all.txt 30NOV2022
19 123     2640     2150     3130 12.5 10.2 14.8      740      555      925 14.4 10.8 18.0      535      397      673 14.2 10.5 17.9  62776  55444  70108                                        Mahaska County                                IA est21all.txt 30NOV2022
19 125     2751     2186     3316  8.6  6.8 10.4      668      453      883  8.7  5.9 11.5      465      299      631  7.9  5.1 10.7  69307  63528  75086                                        Marion County                                 IA est21all.txt 30NOV2022
19 127     4463     3564     5362 11.6  9.3 13.9     1389     1017     1761 14.0 10.3 17.7      953      670     1236 12.8  9.0 16.6  63541  58231  68851                                        Marshall County                               IA est21all.txt 30NOV2022
19 129     1198      926     1470  8.5  6.6 10.4      310      216      404  9.5  6.6 12.4      217      146      288  8.6  5.8 11.4  76917  69134  84700                                        Mills County                                  IA est21all.txt 30NOV2022
19 131      909      688     1130  8.8  6.7 10.9      325      225      425 13.0  9.0 17.0      228      151      305 12.1  8.0 16.2  61719  55561  67877                                        Mitchell County                               IA est21all.txt 30NOV2022
19 133     1016      797     1235 12.1  9.5 14.7      299      216      382 15.9 11.5 20.3      208      144      272 15.1 10.5 19.7  56394  50195  62593                                        Monona County                                 IA est21all.txt 30NOV2022
19 135      786      599      973 10.5  8.0 13.0      253      175      331 14.3  9.9 18.7      178      118      238 13.6  9.0 18.2  62014  54889  69139                                        Monroe County                                 IA est21all.txt 30NOV2022
19 137     1179      911     1447 11.7  9.1 14.3      391      266      516 17.0 11.6 22.4      261      167      355 15.4  9.8 21.0  53399  47155  59643                                        Montgomery County                             IA est21all.txt 30NOV2022
19 139     4666     3844     5488 11.1  9.1 13.1     1354      960     1748 13.3  9.4 17.2      932      639     1225 12.2  8.4 16.0  63519  57024  70014                                        Muscatine County                              IA est21all.txt 30NOV2022
19 141     1406     1150     1662 10.2  8.3 12.1      451      348      554 13.6 10.5 16.7      283      203      363 11.6  8.3 14.9  62959  56899  69019                                        O'Brien County                                IA est21all.txt 30NOV2022
19 143      542      417      667  9.0  6.9 11.1      181      126      236 12.8  8.9 16.7      130       87      173 12.3  8.2 16.4  62624  57089  68159                                        Osceola County                                IA est21all.txt 30NOV2022
19 145     2219     1794     2644 16.2 13.1 19.3      503      351      655 19.7 13.7 25.7      339      229      449 17.8 12.0 23.6  55317  49016  61618                                        Page County                                   IA est21all.txt 30NOV2022
19 147     1024      815     1233 11.8  9.4 14.2      280      203      357 13.7  9.9 17.5      204      146      262 13.5  9.7 17.3  57866  50919  64813                                        Palo Alto County                              IA est21all.txt 30NOV2022
19 149     1832     1426     2238  7.2  5.6  8.8      528      367      689  8.4  5.8 11.0      375      252      498  7.8  5.3 10.3  74002  69693  78311                                        Plymouth County                               IA est21all.txt 30NOV2022
19 151      702      530      874 10.1  7.6 12.6      244      166      322 15.3 10.4 20.2      174      113      235 15.2  9.9 20.5  59634  55969  63299                                        Pocahontas County                             IA est21all.txt 30NOV2022
19 153    49300    43305    55295 10.1  8.9 11.3    13907    11495    16319 11.6  9.6 13.6     9876     8028    11724 11.3  9.2 13.4  73276  71025  75527                                        Polk County                                   IA est21all.txt 30NOV2022
19 155    11207     9521    12893 12.3 10.5 14.1     3215     2482     3948 15.1 11.7 18.5     2234     1661     2807 14.0 10.4 17.6  66144  62278  70010                                        Pottawattamie County                          IA est21all.txt 30NOV2022
19 157     2145     1776     2514 12.6 10.4 14.8      420      290      550 11.6  8.0 15.2      299      199      399 10.8  7.2 14.4  60542  53441  67643                                        Poweshiek County                              IA est21all.txt 30NOV2022
19 159      597      449      745 13.3 10.0 16.6      200      137      263 19.4 13.3 25.5      143       95      191 18.2 12.1 24.3  52849  47153  58545                                        Ringgold County                               IA est21all.txt 30NOV2022
19 161      958      732     1184 10.0  7.6 12.4      277      192      362 12.8  8.9 16.7      189      125      253 11.8  7.8 15.8  66007  60670  71344                                        Sac County                                    IA est21all.txt 30NOV2022
19 163    22074    19359    24789 12.9 11.3 14.5     6444     5193     7695 16.0 12.9 19.1     4046     3073     5019 13.5 10.3 16.7  66443  62674  70212                                        Scott County                                  IA est21all.txt 30NOV2022
19 165      921      698     1144  8.0  6.1  9.9      259      174      344  9.8  6.6 13.0      193      125      261  9.7  6.3 13.1  64534  57105  71963                                        Shelby County                                 IA est21all.txt 30NOV2022
19 167     2212     1736     2688  6.6  5.2  8.0      556      377      735  5.8  3.9  7.7      396      258      534  5.5  3.6  7.4  84283  78529  90037                                        Sioux County                                  IA est21all.txt 30NOV2022
19 169    15885    14537    17233 17.9 16.4 19.4     1311      959     1663  8.2  6.0 10.4      857      591     1123  7.2  5.0  9.4  65137  60633  69641                                        Story County                                  IA est21all.txt 30NOV2022
19 171     2136     1765     2507 12.9 10.7 15.1      651      480      822 16.4 12.1 20.7      454      326      582 15.2 10.9 19.5  61660  56957  66363                                        Tama County                                   IA est21all.txt 30NOV2022
19 173      743      579      907 12.8 10.0 15.6      220      153      287 16.1 11.2 21.0      155      104      206 15.0 10.0 20.0  54458  48697  60219                                        Taylor County                                 IA est21all.txt 30NOV2022
19 175     1497     1167     1827 12.8 10.0 15.6      425      300      550 16.1 11.4 20.8      302      207      397 15.2 10.4 20.0  55698  49710  61686                                        Union County                                  IA est21all.txt 30NOV2022
19 177      917      706     1128 12.7  9.8 15.6      347      245      449 20.6 14.5 26.7      243      166      320 20.3 13.8 26.8  53210  48517  57903                                        Van Buren County                              IA est21all.txt 30NOV2022
19 179     5308     4383     6233 15.5 12.8 18.2     1471     1072     1870 18.3 13.3 23.3     1024      710     1338 17.7 12.3 23.1  55297  49952  60642                                        Wapello County                                IA est21all.txt 30NOV2022
19 181     2827     2189     3465  5.4  4.2  6.6      737      501      973  5.7  3.9  7.5      507      326      688  5.1  3.3  6.9  85704  76583  94825                                        Warren County                                 IA est21all.txt 30NOV2022
19 183     1928     1518     2338  8.7  6.8 10.6      623      428      818 11.3  7.8 14.8      416      269      563 10.4  6.7 14.1  65761  58665  72857                                        Washington County                             IA est21all.txt 30NOV2022
19 185      861      661     1061 13.4 10.3 16.5      354      245      463 20.8 14.4 27.2      249      164      334 20.0 13.2 26.8  53282  47728  58836                                        Wayne County                                  IA est21all.txt 30NOV2022
19 187     5102     4184     6020 14.8 12.1 17.5     1300      924     1676 16.6 11.8 21.4      939      653     1225 16.6 11.5 21.7  55183  49456  60910                                        Webster County                                IA est21all.txt 30NOV2022
19 189     1067      851     1283 10.5  8.4 12.6      334      246      422 14.3 10.5 18.1      223      150      296 12.5  8.4 16.6  59949  53635  66263                                        Winnebago County                              IA est21all.txt 30NOV2022
19 191     1565     1200     1930  8.7  6.7 10.7      298      204      392  8.2  5.6 10.8      212      139      285  7.7  5.0 10.4  70482  64187  76777                                        Winneshiek County                             IA est21all.txt 30NOV2022
19 193    15992    14089    17895 15.5 13.7 17.3     5445     4543     6347 20.1 16.8 23.4     3756     3050     4462 18.8 15.3 22.3  60110  55122  65098                                        Woodbury County                               IA est21all.txt 30NOV2022
19 195      712      560      864  9.8  7.7 11.9      195      140      250 12.8  9.2 16.4      129       86      172 11.7  7.8 15.6  64965  58075  71855                                        Worth County                                  IA est21all.txt 30NOV2022
19 197     1325     1032     1618 10.5  8.2 12.8      477      341      613 15.4 11.0 19.8      339      232      446 15.1 10.3 19.9  61072  54575  67569                                        Wright County                                 IA est21all.txt 30NOV2022
20   0   332457   322234   342680 11.6 11.2 12.0    93202    88459    97945 13.5 12.8 14.2    62373    58323    66423 12.2 11.4 13.0  64128  63194  65062   27811   25370   30252 16.0 14.6 17.4 Kansas                                        KS est21all.txt 30NOV2022
20   1     1941     1528     2354 16.1 12.7 19.5      608      427      789 22.5 15.8 29.2      405      270      540 20.8 13.9 27.7  50794  46506  55082                                        Allen County                                  KS est21all.txt 30NOV2022
20   3      931      713     1149 12.1  9.3 14.9      316      217      415 16.1 11.1 21.1      226      150      302 15.5 10.3 20.7  57068  50517  63619                                        Anderson County                               KS est21all.txt 30NOV2022
20   5     2211     1746     2676 14.7 11.6 17.8      619      443      795 17.1 12.3 21.9      427      286      568 15.8 10.6 21.0  57445  51301  63589                                        Atchison County                               KS est21all.txt 30NOV2022
20   7      438      334      542 10.8  8.2 13.4      149      103      195 16.0 11.1 20.9      106       71      141 15.5 10.3 20.7  56344  49846  62842                                        Barber County                                 KS est21all.txt 30NOV2022
20   9     3482     2878     4086 14.2 11.7 16.7     1270     1032     1508 21.6 17.6 25.6      862      673     1051 19.8 15.5 24.1  54236  48313  60159                                        Barton County                                 KS est21all.txt 30NOV2022
20  11     2113     1609     2617 15.2 11.6 18.8      813      567     1059 22.3 15.6 29.0      560      374      746 20.4 13.6 27.2  51355  45682  57028                                        Bourbon County                                KS est21all.txt 30NOV2022
20  13     1311     1049     1573 14.0 11.2 16.8      461      340      582 19.2 14.2 24.2      296      200      392 16.9 11.4 22.4  52446  46290  58602                                        Brown County                                  KS est21all.txt 30NOV2022
20  15     6309     5146     7472  9.6  7.8 11.4     1841     1375     2307 11.0  8.2 13.8     1280      931     1629  9.9  7.2 12.6  71826  66994  76658                                        Butler County                                 KS est21all.txt 30NOV2022
20  17      268      205      331 10.9  8.3 13.5       77       54      100 14.6 10.2 19.0       54       36       72 13.8  9.2 18.4  57415  50529  64301                                        Chase County                                  KS est21all.txt 30NOV2022
20  19      512      398      626 15.5 12.1 18.9      169      118      220 23.6 16.4 30.8      118       78      158 23.1 15.3 30.9  46986  41519  52453                                        Chautauqua County                             KS est21all.txt 30NOV2022
20  21     2808     2189     3427 14.9 11.6 18.2      856      588     1124 19.9 13.7 26.1      603      396      810 18.9 12.4 25.4  51353  46105  56601                                        Cherokee County                               KS est21all.txt 30NOV2022
20  23      355      286      424 13.8 11.1 16.5      115       83      147 20.8 15.0 26.6       80       56      104 20.1 14.0 26.2  49281  43240  55322                                        Cheyenne County                               KS est21all.txt 30NOV2022
20  25      218      164      272 11.4  8.6 14.2       89       62      116 18.5 12.9 24.1       61       41       81 17.0 11.3 22.7  58699  52154  65244                                        Clark County                                  KS est21all.txt 30NOV2022
20  27      772      592      952  9.7  7.4 12.0      240      169      311 12.9  9.1 16.7      165      109      221 11.6  7.6 15.6  59343  53627  65059                                        Clay County                                   KS est21all.txt 30NOV2022
20  29     1127      874     1380 13.3 10.3 16.3      340      237      443 16.6 11.6 21.6      219      144      294 14.6  9.6 19.6  50176  44301  56051                                        Cloud County                                  KS est21all.txt 30NOV2022
20  31      760      589      931  9.3  7.2 11.4      224      156      292 12.7  8.8 16.6      159      106      212 12.0  8.0 16.0  64991  57400  72582                                        Coffey County                                 KS est21all.txt 30NOV2022
20  33      160      120      200 10.0  7.5 12.5       51       36       66 14.2  9.9 18.5       33       22       44 11.5  7.6 15.4  51548  45394  57702                                        Comanche County                               KS est21all.txt 30NOV2022
20  35     4534     3650     5418 13.9 11.2 16.6     1420      992     1848 17.8 12.4 23.2      946      631     1261 15.8 10.5 21.1  51699  46596  56802                                        Cowley County                                 KS est21all.txt 30NOV2022
20  37     7956     6846     9066 21.3 18.3 24.3     1902     1483     2321 22.8 17.8 27.8     1295      971     1619 21.1 15.8 26.4  47718  42635  52801                                        Crawford County                               KS est21all.txt 30NOV2022
20  39      327      247      407 12.3  9.3 15.3      109       76      142 19.6 13.7 25.5       78       52      104 19.1 12.7 25.5  49062  43488  54636                                        Decatur County                                KS est21all.txt 30NOV2022
20  41     1799     1440     2158  9.9  7.9 11.9      542      385      699 13.0  9.2 16.8      398      277      519 12.4  8.6 16.2  60693  55142  66244                                        Dickinson County                              KS est21all.txt 30NOV2022
20  43      891      701     1081 12.7 10.0 15.4      232      167      297 14.9 10.7 19.1      162      113      211 14.0  9.8 18.2  59400  52946  65854                                        Doniphan County                               KS est21all.txt 30NOV2022
20  45    17644    15618    19670 15.9 14.1 17.7     2216     1616     2816 10.6  7.7 13.5     1443      965     1921  9.3  6.2 12.4  59763  54593  64933                                        Douglas County                                KS est21all.txt 30NOV2022
20  47      334      262      406 12.0  9.4 14.6      101       70      132 16.1 11.2 21.0       69       46       92 14.6  9.8 19.4  40896  36327  45465                                        Edwards County                                KS est21all.txt 30NOV2022
20  49      390      299      481 16.2 12.4 20.0      140       98      182 25.7 17.9 33.5       97       63      131 22.9 14.9 30.9  45405  40355  50455                                        Elk County                                    KS est21all.txt 30NOV2022
20  51     3480     2837     4123 12.5 10.2 14.8      657      466      848 11.1  7.9 14.3      472      325      619 10.6  7.3 13.9  58846  53698  63994                                        Ellis County                                  KS est21all.txt 30NOV2022
20  53      574      443      705 10.7  8.2 13.2      115       81      149 10.9  7.6 14.2       79       52      106  9.9  6.6 13.2  59368  52165  66571                                        Ellsworth County                              KS est21all.txt 30NOV2022
20  55     4662     3725     5599 12.5 10.0 15.0     1526     1115     1937 13.5  9.9 17.1     1130      829     1431 13.7 10.0 17.4  62157  55698  68616                                        Finney County                                 KS est21all.txt 30NOV2022
20  57     3861     3013     4709 11.6  9.1 14.1     1412     1017     1807 14.1 10.2 18.0     1016      718     1314 14.2 10.0 18.4  67105  61482  72728                                        Ford County                                   KS est21all.txt 30NOV2022
20  59     2631     2132     3130 10.3  8.3 12.3      737      510      964 12.3  8.5 16.1      496      325      667 11.1  7.3 14.9  64136  57571  70701                                        Franklin County                               KS est21all.txt 30NOV2022
20  61     4356     3632     5080 12.5 10.4 14.6     1864     1468     2260 16.9 13.3 20.5     1110      791     1429 15.9 11.3 20.5  54104  47469  60739                                        Geary County                                  KS est21all.txt 30NOV2022
20  63      264      201      327  9.8  7.5 12.1      101       70      132 14.4 10.0 18.8       70       46       94 13.9  9.2 18.6  58442  51326  65558                                        Gove County                                   KS est21all.txt 30NOV2022
20  65      295      227      363 12.4  9.5 15.3       82       58      106 16.6 11.7 21.5       56       38       74 14.4  9.7 19.1  49884  43850  55918                                        Graham County                                 KS est21all.txt 30NOV2022
20  67      813      626     1000 11.2  8.6 13.8      330      229      431 15.3 10.6 20.0      236      157      315 14.5  9.7 19.3  64425  56420  72430                                        Grant County                                  KS est21all.txt 30NOV2022
20  69      417      318      516  7.5  5.7  9.3      149      104      194  9.3  6.5 12.1      100       67      133  8.2  5.5 10.9  69219  61154  77284                                        Gray County                                   KS est21all.txt 30NOV2022
20  71      122       93      151  9.5  7.2 11.8       42       29       55 11.5  8.0 15.0       28       18       38 10.2  6.7 13.7  65448  58106  72790                                        Greeley County                                KS est21all.txt 30NOV2022
20  73      894      699     1089 15.3 12.0 18.6      294      213      375 23.6 17.1 30.1      191      131      251 19.8 13.6 26.0  50157  46006  54308                                        Greenwood County                              KS est21all.txt 30NOV2022
20  75      294      224      364 11.9  9.1 14.7      111       77      145 16.7 11.6 21.8       76       50      102 15.2 10.1 20.3  61066  53378  68754                                        Hamilton County                               KS est21all.txt 30NOV2022
20  77      848      690     1006 16.3 13.3 19.3      297      223      371 22.8 17.2 28.4      189      132      246 19.2 13.4 25.0  49103  43017  55189                                        Harper County                                 KS est21all.txt 30NOV2022
20  79     3123     2504     3742  9.6  7.7 11.5      937      680     1194 11.9  8.6 15.2      634      437      831 10.5  7.2 13.8  65989  59082  72896                                        Harvey County                                 KS est21all.txt 30NOV2022
20  81      344      259      429  9.5  7.2 11.8      135       94      176 13.6  9.4 17.8       93       62      124 12.8  8.5 17.1  66245  58959  73531                                        Haskell County                                KS est21all.txt 30NOV2022
20  83      163      124      202  9.6  7.3 11.9       41       29       53 10.8  7.6 14.0       29       19       39 10.1  6.8 13.4  65042  57333  72751                                        Hodgeman County                               KS est21all.txt 30NOV2022
20  85     1216      932     1500  9.3  7.1 11.5      421      289      553 12.8  8.8 16.8      298      195      401 12.4  8.1 16.7  54623  49573  59673                                        Jackson County                                KS est21all.txt 30NOV2022
20  87     1451     1120     1782  8.0  6.2  9.8      384      267      501  9.6  6.7 12.5      261      175      347  8.6  5.8 11.4  73702  67110  80294                                        Jefferson County                              KS est21all.txt 30NOV2022
20  89      384      298      470 13.2 10.2 16.2      126       89      163 20.7 14.6 26.8       86       57      115 18.1 12.0 24.2  52362  46120  58604                                        Jewell County                                 KS est21all.txt 30NOV2022
20  91    36111    32379    39843  5.9  5.3  6.5     7611     5961     9261  5.3  4.1  6.5     5007     3701     6313  4.6  3.4  5.8  93220  91012  95428                                        Johnson County                                KS est21all.txt 30NOV2022
20  93      394      297      491 10.4  7.9 12.9      157      109      205 14.1  9.8 18.4      109       72      146 13.0  8.6 17.4  76518  70701  82335                                        Kearny County                                 KS est21all.txt 30NOV2022
20  95      840      654     1026 11.7  9.1 14.3      257      182      332 16.4 11.6 21.2      182      123      241 15.5 10.5 20.5  58917  52074  65760                                        Kingman County                                KS est21all.txt 30NOV2022
20  97      257      195      319 11.5  8.7 14.3       77       53      101 13.9  9.6 18.2       53       35       71 12.5  8.3 16.7  55600  49749  61451                                        Kiowa County                                  KS est21all.txt 30NOV2022
20  99     3294     2641     3947 16.9 13.6 20.2      985      679     1291 20.7 14.3 27.1      677      439      915 19.7 12.8 26.6  49185  44050  54320                                        Labette County                                KS est21all.txt 30NOV2022
20 101      145      111      179  9.3  7.1 11.5       51       35       67 14.4 10.0 18.8       35       23       47 12.9  8.6 17.2  61506  53730  69282                                        Lane County                                   KS est21all.txt 30NOV2022
20 103     6637     5461     7813  8.7  7.2 10.2     1651     1157     2145  8.7  6.1 11.3     1180      801     1559  8.3  5.6 11.0  81325  75355  87295                                        Leavenworth County                            KS est21all.txt 30NOV2022
20 105      320      245      395 11.2  8.6 13.8      100       70      130 15.9 11.1 20.7       68       45       91 13.8  9.2 18.4  53199  46853  59545                                        Lincoln County                                KS est21all.txt 30NOV2022
20 107     1142      881     1403 11.8  9.1 14.5      340      232      448 16.3 11.1 21.5      246      161      331 15.5 10.2 20.8  57104  50635  63573                                        Linn County                                   KS est21all.txt 30NOV2022
20 109      237      180      294  8.9  6.8 11.0       87       61      113 13.4  9.3 17.5       60       40       80 13.5  9.0 18.0  61365  54857  67873                                        Logan County                                  KS est21all.txt 30NOV2022
20 111     4223     3431     5015 13.8 11.2 16.4      963      669     1257 13.8  9.6 18.0      655      438      872 12.7  8.5 16.9  51420  46310  56530                                        Lyon County                                   KS est21all.txt 30NOV2022
20 113     2535     2018     3052  8.7  6.9 10.5      613      446      780  9.2  6.7 11.7      430      310      550  8.4  6.0 10.8  64853  57936  71770                                        McPherson County                              KS est21all.txt 30NOV2022
20 115     1166      927     1405 10.6  8.4 12.8      274      189      359 11.4  7.8 15.0      190      124      256 10.4  6.8 14.0  56983  53049  60917                                        Marion County                                 KS est21all.txt 30NOV2022
20 117     1043      833     1253 10.6  8.5 12.7      281      197      365 11.9  8.3 15.5      198      132      264 11.3  7.6 15.0  55737  49106  62368                                        Marshall County                               KS est21all.txt 30NOV2022
20 119      379      291      467  9.7  7.5 11.9      135       94      176 13.1  9.1 17.1       91       61      121 11.9  7.9 15.9  68909  61108  76710                                        Meade County                                  KS est21all.txt 30NOV2022
20 121     2440     1906     2974  7.2  5.6  8.8      708      495      921  8.7  6.1 11.3      491      328      654  7.9  5.3 10.5  77550  68351  86749                                        Miami County                                  KS est21all.txt 30NOV2022
20 123      568      435      701 10.3  7.9 12.7      175      121      229 13.2  9.1 17.3      125       82      168 13.0  8.6 17.4  59001  51902  66100                                        Mitchell County                               KS est21all.txt 30NOV2022
20 125     4784     3836     5732 15.9 12.7 19.1     1571     1126     2016 21.9 15.7 28.1     1105      768     1442 20.3 14.1 26.5  49251  44872  53630                                        Montgomery County                             KS est21all.txt 30NOV2022
20 127      573      450      696 10.8  8.5 13.1      155      106      204 14.3  9.8 18.8      111       72      150 13.7  8.9 18.5  53808  47971  59645                                        Morris County                                 KS est21all.txt 30NOV2022
20 129      295      226      364 11.3  8.7 13.9      108       75      141 16.0 11.1 20.9       72       47       97 14.2  9.3 19.1  57476  50541  64411                                        Morton County                                 KS est21all.txt 30NOV2022
20 131      840      645     1035  8.4  6.4 10.4      263      182      344  9.7  6.7 12.7      186      122      250  9.2  6.0 12.4  68755  62882  74628                                        Nemaha County                                 KS est21all.txt 30NOV2022
20 133     2288     1806     2770 15.0 11.9 18.1      791      560     1022 20.8 14.7 26.9      546      369      723 19.2 13.0 25.4  51056  45499  56613                                        Neosho County                                 KS est21all.txt 30NOV2022
20 135      252      193      311  9.6  7.3 11.9       73       51       95 12.7  8.8 16.6       51       34       68 11.9  7.8 16.0  57269  50659  63879                                        Ness County                                   KS est21all.txt 30NOV2022
20 137      584      440      728 12.9  9.7 16.1      164      114      214 16.4 11.4 21.4      115       76      154 16.0 10.6 21.4  52131  45587  58675                                        Norton County                                 KS est21all.txt 30NOV2022
20 139     1576     1241     1911 10.1  7.9 12.3      457      321      593 13.0  9.1 16.9      320      215      425 12.1  8.2 16.0  63166  57254  69078                                        Osage County                                  KS est21all.txt 30NOV2022
20 141      410      315      505 12.1  9.3 14.9      127       88      166 16.9 11.7 22.1       90       60      120 16.7 11.1 22.3  52866  46990  58742                                        Osborne County                                KS est21all.txt 30NOV2022
20 143      616      488      744 10.7  8.5 12.9      177      125      229 13.5  9.5 17.5      123       83      163 12.3  8.3 16.3  58366  52254  64478                                        Ottawa County                                 KS est21all.txt 30NOV2022
20 145      782      610      954 14.9 11.6 18.2      138       95      181 16.7 11.5 21.9       90       59      121 15.8 10.3 21.3  54004  47515  60493                                        Pawnee County                                 KS est21all.txt 30NOV2022
20 147      569      456      682 12.0  9.6 14.4      143      103      183 13.6  9.8 17.4      102       71      133 13.1  9.1 17.1  54720  48346  61094                                        Phillips County                               KS est21all.txt 30NOV2022
20 149     2049     1634     2464  8.0  6.4  9.6      655      470      840  8.9  6.4 11.4      448      303      593  8.1  5.5 10.7  78296  69906  86686                                        Pottawatomie County                           KS est21all.txt 30NOV2022
20 151     1027      821     1233 11.7  9.4 14.0      299      213      385 13.7  9.8 17.6      208      144      272 12.5  8.6 16.4  58506  51635  65377                                        Pratt County                                  KS est21all.txt 30NOV2022
20 153      288      224      352 11.5  9.0 14.0       83       59      107 14.7 10.4 19.0       57       38       76 14.6  9.8 19.4  49823  44874  54772                                        Rawlins County                                KS est21all.txt 30NOV2022
20 155     7654     6124     9184 13.1 10.5 15.7     2049     1473     2625 15.5 11.1 19.9     1382      934     1830 13.8  9.3 18.3  52121  48447  55795                                        Reno County                                   KS est21all.txt 30NOV2022
20 157      509      394      624 11.2  8.7 13.7      129       92      166 13.1  9.4 16.8       93       64      122 12.5  8.6 16.4  50131  44513  55749                                        Republic County                               KS est21all.txt 30NOV2022
20 159     1125      888     1362 12.9 10.2 15.6      361      264      458 17.2 12.6 21.8      236      164      308 14.9 10.3 19.5  58384  52400  64368                                        Rice County                                   KS est21all.txt 30NOV2022
20 161    11134     9733    12535 17.6 15.4 19.8     1457     1015     1899 12.4  8.6 16.2      967      643     1291 11.9  7.9 15.9  57144  52636  61652                                        Riley County                                  KS est21all.txt 30NOV2022
20 163      475      353      597 10.0  7.4 12.6      144       99      189 13.7  9.5 17.9      106       70      142 13.7  9.1 18.3  51957  46238  57676                                        Rooks County                                  KS est21all.txt 30NOV2022
20 165      379      296      462 13.1 10.2 16.0      118       82      154 20.3 14.1 26.5       85       57      113 19.3 12.8 25.8  53110  46663  59557                                        Rush County                                   KS est21all.txt 30NOV2022
20 167      961      769     1153 14.5 11.6 17.4      295      206      384 19.8 13.8 25.8      200      133      267 18.1 12.0 24.2  48071  42118  54024                                        Russell County                                KS est21all.txt 30NOV2022
20 169     6764     5633     7895 12.9 10.7 15.1     1822     1332     2312 15.1 11.0 19.2     1246      876     1616 14.2 10.0 18.4  57643  51808  63478                                        Saline County                                 KS est21all.txt 30NOV2022
20 171      362      277      447  7.2  5.5  8.9      128       89      167  9.5  6.6 12.4       91       60      122  8.8  5.8 11.8  66233  58494  73972                                        Scott County                                  KS est21all.txt 30NOV2022
20 173    68690    62641    74739 13.3 12.1 14.5    21615    18579    24651 16.6 14.3 18.9    13902    11582    16222 14.4 12.0 16.8  60540  58986  62094                                        Sedgwick County                               KS est21all.txt 30NOV2022
20 175     2899     2254     3544 13.7 10.7 16.7     1073      768     1378 16.1 11.5 20.7      708      481      935 14.7 10.0 19.4  61897  55174  68620                                        Seward County                                 KS est21all.txt 30NOV2022
20 177    25426    22657    28195 14.6 13.0 16.2     6634     5349     7919 16.4 13.2 19.6     4347     3349     5345 14.4 11.1 17.7  56625  53397  59853                                        Shawnee County                                KS est21all.txt 30NOV2022
20 179      272      212      332 11.1  8.7 13.5       82       57      107 13.1  9.2 17.0       56       37       75 12.1  8.0 16.2  58786  51970  65602                                        Sheridan County                               KS est21all.txt 30NOV2022
20 181      777      606      948 13.5 10.5 16.5      252      178      326 17.9 12.6 23.2      176      120      232 16.9 11.5 22.3  54207  48275  60139                                        Sherman County                                KS est21all.txt 30NOV2022
20 183      425      338      512 12.1  9.6 14.6      107       75      139 14.8 10.3 19.3       76       51      101 13.9  9.3 18.5  49756  44160  55352                                        Smith County                                  KS est21all.txt 30NOV2022
20 185      489      373      605 12.4  9.5 15.3      179      125      233 18.6 12.9 24.3      122       81      163 16.9 11.2 22.6  52542  46154  58930                                        Stafford County                               KS est21all.txt 30NOV2022
20 187      217      165      269 10.9  8.3 13.5       75       52       98 13.0  9.0 17.0       50       33       67 10.7  7.1 14.3  65457  58339  72575                                        Stanton County                                KS est21all.txt 30NOV2022
20 189      521      401      641  9.9  7.6 12.2      215      150      280 14.2  9.9 18.5      146       97      195 12.2  8.1 16.3  64368  56438  72298                                        Stevens County                                KS est21all.txt 30NOV2022
20 191     2694     2163     3225 12.2  9.8 14.6      822      586     1058 15.4 11.0 19.8      570      389      751 14.1  9.6 18.6  58342  52491  64193                                        Sumner County                                 KS est21all.txt 30NOV2022
20 193      651      487      815  8.7  6.5 10.9      202      141      263 10.9  7.6 14.2      131       87      175  9.6  6.4 12.8  61169  54530  67808                                        Thomas County                                 KS est21all.txt 30NOV2022
20 195      286      220      352 10.5  8.1 12.9       53       37       69 10.6  7.3 13.9       38       25       51 10.3  6.8 13.8  56619  49629  63609                                        Trego County                                  KS est21all.txt 30NOV2022
20 197      530      408      652  7.7  5.9  9.5      133       92      174  8.4  5.8 11.0       90       59      121  7.6  5.0 10.2  72031  64570  79492                                        Wabaunsee County                              KS est21all.txt 30NOV2022
20 199      185      141      229 12.4  9.5 15.3       78       54      102 19.1 13.3 24.9       53       35       71 19.4 12.7 26.1  59241  51929  66553                                        Wallace County                                KS est21all.txt 30NOV2022
20 201      536      416      656  9.9  7.7 12.1      145      102      188 11.1  7.8 14.4      100       67      133 10.9  7.3 14.5  55590  50494  60686                                        Washington County                             KS est21all.txt 30NOV2022
20 203      231      178      284 11.3  8.7 13.9       68       47       89 12.7  8.8 16.6       46       31       61 11.2  7.4 15.0  58549  51250  65848                                        Wichita County                                KS est21all.txt 30NOV2022
20 205     1429     1190     1668 17.1 14.2 20.0      436      324      548 21.7 16.1 27.3      321      235      407 21.2 15.5 26.9  46829  41713  51945                                        Wilson County                                 KS est21all.txt 30NOV2022
20 207      432      334      530 14.2 11.0 17.4      113       79      147 18.8 13.2 24.4       78       52      104 17.2 11.6 22.8  41706  37248  46164                                        Woodson County                                KS est21all.txt 30NOV2022
20 209    27959    23804    32114 16.9 14.4 19.4    10090     7772    12408 22.3 17.2 27.4     6744     4924     8564 20.5 15.0 26.0  54943  52061  57825                                        Wyandotte County                              KS est21all.txt 30NOV2022
21   0   712023   697813   726233 16.3 16.0 16.6   211069   203982   218156 21.2 20.5 21.9   145518   139566   151470 19.9 19.1 20.7  55532  54838  56226   60772   57134   64410 23.6 22.2 25.0 Kentucky                                      KY est21all.txt 30NOV2022
21   1     4237     3397     5077 24.2 19.4 29.0     1233      910     1556 35.1 25.9 44.3      870      629     1111 33.4 24.1 42.7  42112  37547  46677                                        Adair County                                  KY est21all.txt 30NOV2022
21   3     3516     2864     4168 17.1 13.9 20.3     1143      850     1436 24.6 18.3 30.9      762      543      981 22.2 15.8 28.6  51485  45507  57463                                        Allen County                                  KY est21all.txt 30NOV2022
21   5     2144     1660     2628  9.0  7.0 11.0      706      495      917 12.8  9.0 16.6      485      324      646 11.7  7.8 15.6  67773  60752  74794                                        Anderson County                               KY est21all.txt 30NOV2022
21   7     1095      854     1336 14.4 11.2 17.6      342      241      443 21.9 15.5 28.3      238      161      315 19.9 13.5 26.3  53491  47617  59365                                        Ballard County                                KY est21all.txt 30NOV2022
21   9     8455     7150     9760 19.3 16.3 22.3     2722     2122     3322 26.3 20.5 32.1     2039     1581     2497 27.1 21.0 33.2  49245  44283  54207                                        Barren County                                 KY est21all.txt 30NOV2022
21  11     2600     2049     3151 20.6 16.2 25.0      971      688     1254 30.7 21.7 39.7      683      464      902 29.7 20.2 39.2  43410  38129  48691                                        Bath County                                   KY est21all.txt 30NOV2022
21  13     7388     6076     8700 32.1 26.4 37.8     1971     1385     2557 39.4 27.7 51.1     1347      890     1804 37.4 24.7 50.1  31033  27481  34585                                        Bell County                                   KY est21all.txt 30NOV2022
21  15     8664     6901    10427  6.4  5.1  7.7     2887     2086     3688  8.3  6.0 10.6     1982     1359     2605  7.6  5.2 10.0  85284  78448  92120                                        Boone County                                  KY est21all.txt 30NOV2022
21  17     3008     2382     3634 15.1 12.0 18.2      914      638     1190 20.3 14.1 26.5      640      427      853 19.0 12.7 25.3  58304  52472  64136                                        Bourbon County                                KY est21all.txt 30NOV2022
21  19     9672     8273    11071 21.0 18.0 24.0     2679     2059     3299 26.6 20.4 32.8     1875     1419     2331 25.1 19.0 31.2  48979  44006  53952                                        Boyd County                                   KY est21all.txt 30NOV2022
21  21     4247     3376     5118 15.5 12.3 18.7     1271      922     1620 20.9 15.1 26.7      874      607     1141 19.6 13.6 25.6  52940  47483  58397                                        Boyle County                                  KY est21all.txt 30NOV2022
21  23     1241      994     1488 14.8 11.8 17.8      449      336      562 23.2 17.4 29.0      293      204      382 20.1 14.0 26.2  55347  48514  62180                                        Bracken County                                KY est21all.txt 30NOV2022
21  25     4117     3327     4907 31.0 25.0 37.0     1183      883     1483 42.6 31.8 53.4      762      523     1001 39.7 27.2 52.2  33005  29059  36951                                        Breathitt County                              KY est21all.txt 30NOV2022
21  27     3427     2706     4148 16.9 13.3 20.5     1083      768     1398 23.9 16.9 30.9      764      519     1009 22.9 15.6 30.2  50012  44540  55484                                        Breckinridge County                           KY est21all.txt 30NOV2022
21  29     9146     7913    10379 11.1  9.6 12.6     2376     1877     2875 13.7 10.8 16.6     1684     1306     2062 13.0 10.1 15.9  68630  66254  71006                                        Bullitt County                                KY est21all.txt 30NOV2022
21  31     2203     1807     2599 18.2 14.9 21.5      644      475      813 23.8 17.6 30.0      443      313      573 22.4 15.8 29.0  49288  43368  55208                                        Butler County                                 KY est21all.txt 30NOV2022
21  33     2001     1564     2438 16.1 12.6 19.6      660      469      851 23.5 16.7 30.3      476      323      629 22.9 15.6 30.2  46240  40699  51781                                        Caldwell County                               KY est21all.txt 30NOV2022
21  35     5792     4693     6891 16.8 13.6 20.0     1234      862     1606 18.4 12.8 24.0      872      586     1158 17.5 11.8 23.2  49263  43594  54932                                        Calloway County                               KY est21all.txt 30NOV2022
21  37    10009     8294    11724 11.1  9.2 13.0     2508     1848     3168 13.4  9.9 16.9     1739     1242     2236 12.8  9.1 16.5  71245  65473  77017                                        Campbell County                               KY est21all.txt 30NOV2022
21  39      738      591      885 15.6 12.5 18.7      276      204      348 25.4 18.8 32.0      176      120      232 21.7 14.7 28.7  56804  52949  60659                                        Carlisle County                               KY est21all.txt 30NOV2022
21  41     1890     1533     2247 17.9 14.5 21.3      705      522      888 25.5 18.9 32.1      476      334      618 23.9 16.8 31.0  49814  43919  55709                                        Carroll County                                KY est21all.txt 30NOV2022
21  43     6592     5639     7545 25.6 21.9 29.3     1725     1322     2128 29.6 22.7 36.5     1265      967     1563 29.1 22.3 35.9  43538  38310  48766                                        Carter County                                 KY est21all.txt 30NOV2022
21  45     3188     2426     3950 20.7 15.8 25.6     1146      802     1490 32.1 22.5 41.7      796      529     1063 30.1 20.0 40.2  38320  33806  42834                                        Casey County                                  KY est21all.txt 30NOV2022
21  47    11046     8965    13127 16.7 13.6 19.8     4442     3189     5695 22.7 16.3 29.1     3032     2082     3982 23.5 16.1 30.9  48416  43584  53248                                        Christian County                              KY est21all.txt 30NOV2022
21  49     4202     3237     5167 11.6  8.9 14.3     1449     1019     1879 17.9 12.6 23.2     1054      731     1377 17.5 12.1 22.9  60774  55008  66540                                        Clark County                                  KY est21all.txt 30NOV2022
21  51     6660     5348     7972 35.9 28.8 43.0     1814     1351     2277 45.3 33.7 56.9     1295      921     1669 44.8 31.9 57.7  30700  27331  34069                                        Clay County                                   KY est21all.txt 30NOV2022
21  53     2071     1591     2551 22.6 17.4 27.8      652      458      846 33.5 23.5 43.5      453      303      603 31.3 20.9 41.7  36865  32968  40762                                        Clinton County                                KY est21all.txt 30NOV2022
21  55     1654     1317     1991 18.9 15.0 22.8      585      431      739 29.4 21.7 37.1      386      262      510 25.6 17.4 33.8  46263  40796  51730                                        Crittenden County                             KY est21all.txt 30NOV2022
21  57     1308     1039     1577 22.5 17.9 27.1      392      273      511 31.2 21.7 40.7      279      186      372 30.6 20.4 40.8  39511  34720  44302                                        Cumberland County                             KY est21all.txt 30NOV2022
21  59    13621    11459    15783 13.6 11.4 15.8     4236     3219     5253 17.2 13.1 21.3     2981     2235     3727 16.5 12.4 20.6  59304  53816  64792                                        Daviess County                                KY est21all.txt 30NOV2022
21  61     2237     1812     2662 18.4 14.9 21.9      497      355      639 22.9 16.4 29.4      366      253      479 22.6 15.6 29.6  47734  41877  53591                                        Edmonson County                               KY est21all.txt 30NOV2022
21  63     1697     1296     2098 26.6 20.3 32.9      406      285      527 32.4 22.8 42.0      287      193      381 29.7 20.0 39.4  34491  30240  38742                                        Elliott County                                KY est21all.txt 30NOV2022
21  65     3148     2466     3830 22.6 17.7 27.5      900      638     1162 30.0 21.3 38.7      617      415      819 27.2 18.3 36.1  41843  37091  46595                                        Estill County                                 KY est21all.txt 30NOV2022
21  67    45319    40839    49799 14.6 13.2 16.0    10622     8498    12746 16.2 13.0 19.4     7296     5647     8945 15.3 11.8 18.8  61269  58429  64109                                        Fayette County                                KY est21all.txt 30NOV2022
21  69     2639     2101     3177 17.4 13.8 21.0      876      624     1128 24.1 17.2 31.0      601      396      806 22.6 14.9 30.3  50025  44466  55584                                        Fleming County                                KY est21all.txt 30NOV2022
21  71     9775     8045    11505 28.0 23.0 33.0     2758     1993     3523 35.5 25.7 45.3     1897     1310     2484 33.2 22.9 43.5  36253  31977  40529                                        Floyd County                                  KY est21all.txt 30NOV2022
21  73     6670     5493     7847 13.3 10.9 15.7     1924     1411     2437 18.1 13.3 22.9     1313      906     1720 16.7 11.5 21.9  60517  54693  66341                                        Franklin County                               KY est21all.txt 30NOV2022
21  75     1415     1057     1773 23.4 17.5 29.3      506      352      660 37.2 25.9 48.5      359      239      479 35.4 23.6 47.2  35630  31790  39470                                        Fulton County                                 KY est21all.txt 30NOV2022
21  77     1280     1027     1533 14.7 11.8 17.6      463      342      584 22.8 16.8 28.8      337      245      429 22.4 16.3 28.5  57345  50608  64082                                        Gallatin County                               KY est21all.txt 30NOV2022
21  79     2492     1950     3034 14.4 11.3 17.5      772      548      996 20.7 14.7 26.7      537      363      711 19.2 13.0 25.4  54882  48702  61062                                        Garrard County                                KY est21all.txt 30NOV2022
21  81     3149     2430     3868 12.7  9.8 15.6     1253      885     1621 19.2 13.6 24.8      872      590     1154 18.4 12.4 24.4  61078  53675  68481                                        Grant County                                  KY est21all.txt 30NOV2022
21  83     5859     4721     6997 16.2 13.0 19.4     1922     1378     2466 22.2 15.9 28.5     1318      896     1740 21.0 14.3 27.7  49668  44211  55125                                        Graves County                                 KY est21all.txt 30NOV2022
21  85     4672     3743     5601 18.2 14.6 21.8     1432     1029     1835 23.9 17.2 30.6     1017      714     1320 23.1 16.2 30.0  45695  40956  50434                                        Grayson County                                KY est21all.txt 30NOV2022
21  87     2179     1731     2627 19.5 15.5 23.5      652      475      829 27.5 20.0 35.0      456      320      592 26.0 18.3 33.7  42569  37325  47813                                        Green County                                  KY est21all.txt 30NOV2022
21  89     5124     4160     6088 14.6 11.9 17.3     1396      984     1808 18.5 13.0 24.0      964      628     1300 16.8 11.0 22.6  54292  50447  58137                                        Greenup County                                KY est21all.txt 30NOV2022
21  91     1135      891     1379 12.6  9.9 15.3      366      258      474 16.8 11.8 21.8      253      169      337 15.2 10.2 20.2  60897  53577  68217                                        Hancock County                                KY est21all.txt 30NOV2022
21  93    12683    10532    14834 11.7  9.7 13.7     4216     3145     5287 15.6 11.6 19.6     3067     2240     3894 15.4 11.2 19.6  61224  57467  64981                                        Hardin County                                 KY est21all.txt 30NOV2022
21  95     8521     7165     9877 33.2 27.9 38.5     2647     2101     3193 43.8 34.8 52.8     1928     1508     2348 42.7 33.4 52.0  31116  27884  34348                                        Harlan County                                 KY est21all.txt 30NOV2022
21  97     2644     2066     3222 14.1 11.0 17.2      862      612     1112 20.4 14.5 26.3      613      420      806 19.8 13.6 26.0  58535  52195  64875                                        Harrison County                               KY est21all.txt 30NOV2022
21  99     3911     3137     4685 20.4 16.4 24.4     1347     1007     1687 28.8 21.5 36.1      908      637     1179 26.9 18.9 34.9  50074  46207  53941                                        Hart County                                   KY est21all.txt 30NOV2022
21 101     5388     4176     6600 12.4  9.6 15.2     1748     1181     2315 17.7 12.0 23.4     1189      749     1629 16.2 10.2 22.2  56142  50822  61462                                        Henderson County                              KY est21all.txt 30NOV2022
21 103     2167     1720     2614 14.0 11.1 16.9      676      493      859 19.5 14.2 24.8      461      322      600 17.6 12.3 22.9  56593  51057  62129                                        Henry County                                  KY est21all.txt 30NOV2022
21 105      782      605      959 18.6 14.4 22.8      233      165      301 28.4 20.1 36.7      162      110      214 25.6 17.4 33.8  49328  43173  55483                                        Hickman County                                KY est21all.txt 30NOV2022
21 107     8164     6930     9398 18.6 15.8 21.4     2496     1982     3010 24.4 19.4 29.4     1774     1380     2168 23.6 18.4 28.8  49883  45164  54602                                        Hopkins County                                KY est21all.txt 30NOV2022
21 109     3237     2504     3970 25.2 19.5 30.9     1064      751     1377 36.1 25.5 46.7      746      501      991 34.6 23.2 46.0  36997  32403  41591                                        Jackson County                                KY est21all.txt 30NOV2022
21 111   110325   101618   119032 14.5 13.4 15.6    32174    27733    36615 19.2 16.6 21.8    21203    17745    24661 17.4 14.6 20.2  60636  58634  62638                                        Jefferson County                              KY est21all.txt 30NOV2022
21 113     7179     6056     8302 13.8 11.6 16.0     2242     1740     2744 18.1 14.0 22.2     1580     1197     1963 17.0 12.9 21.1  61652  55576  67728                                        Jessamine County                              KY est21all.txt 30NOV2022
21 115     5326     4292     6360 24.2 19.5 28.9     1451     1036     1866 29.5 21.1 37.9     1009      696     1322 27.0 18.6 35.4  41013  35976  46050                                        Johnson County                                KY est21all.txt 30NOV2022
21 117    21038    18368    23708 12.6 11.0 14.2     6506     5345     7667 16.8 13.8 19.8     4597     3717     5477 16.3 13.2 19.4  70693  65899  75487                                        Kenton County                                 KY est21all.txt 30NOV2022
21 119     4303     3501     5105 32.0 26.0 38.0     1076      783     1369 39.0 28.4 49.6      716      491      941 34.5 23.7 45.3  34051  29996  38106                                        Knott County                                  KY est21all.txt 30NOV2022
21 121    10263     8861    11665 35.1 30.3 39.9     2914     2289     3539 42.2 33.1 51.3     1934     1435     2433 38.1 28.3 47.9  32646  28560  36732                                        Knox County                                   KY est21all.txt 30NOV2022
21 123     2275     1815     2735 15.5 12.4 18.6      693      492      894 20.8 14.8 26.8      489      335      643 20.0 13.7 26.3  54470  48717  60223                                        Larue County                                  KY est21all.txt 30NOV2022
21 125    12024     9869    14179 19.5 16.0 23.0     3780     2875     4685 26.7 20.3 33.1     2581     1879     3283 24.8 18.1 31.5  48950  44935  52965                                        Laurel County                                 KY est21all.txt 30NOV2022
21 127     3991     3192     4790 24.8 19.8 29.8     1337     1001     1673 34.2 25.6 42.8      897      640     1154 31.3 22.3 40.3  42750  38291  47209                                        Lawrence County                               KY est21all.txt 30NOV2022
21 129     2158     1701     2615 33.5 26.4 40.6      584      421      747 43.9 31.6 56.2      418      292      544 42.3 29.5 55.1  29143  25911  32375                                        Lee County                                    KY est21all.txt 30NOV2022
21 131     2986     2340     3632 29.8 23.3 36.3      787      568     1006 36.3 26.2 46.4      549      380      718 33.4 23.1 43.7  32682  28635  36729                                        Leslie County                                 KY est21all.txt 30NOV2022
21 133     6112     5010     7214 29.1 23.9 34.3     1712     1300     2124 37.3 28.3 46.3     1145      812     1478 33.3 23.6 43.0  34897  30571  39223                                        Letcher County                                KY est21all.txt 30NOV2022
21 135     2899     2239     3559 22.6 17.5 27.7      907      645     1169 31.4 22.3 40.5      642      436      848 30.5 20.7 40.3  40508  36159  44857                                        Lewis County                                  KY est21all.txt 30NOV2022
21 137     4637     3733     5541 19.3 15.5 23.1     1397      971     1823 24.4 17.0 31.8      975      650     1300 23.5 15.7 31.3  44399  40185  48613                                        Lincoln County                                KY est21all.txt 30NOV2022
21 139     1283     1020     1546 14.4 11.4 17.4      407      296      518 22.3 16.2 28.4      275      187      363 19.6 13.4 25.8  48371  42546  54196                                        Livingston County                             KY est21all.txt 30NOV2022
21 141     4561     3703     5419 16.6 13.5 19.7     1629     1244     2014 24.7 18.9 30.5     1178      894     1462 24.8 18.8 30.8  53519  47930  59108                                        Logan County                                  KY est21all.txt 30NOV2022
21 143     1128      858     1398 14.8 11.3 18.3      247      174      320 19.7 13.8 25.6      173      117      229 17.6 11.9 23.3  56445  52866  60024                                        Lyon County                                   KY est21all.txt 30NOV2022
21 145    11491     9627    13355 17.4 14.6 20.2     3601     2818     4384 24.6 19.3 29.9     2419     1791     3047 22.3 16.5 28.1  60504  56645  64363                                        McCracken County                              KY est21all.txt 30NOV2022
21 147     5122     4101     6143 33.5 26.8 40.2     1459     1043     1875 40.3 28.8 51.8     1046      732     1360 39.8 27.9 51.7  32938  28878  36998                                        McCreary County                               KY est21all.txt 30NOV2022
21 149     1228      925     1531 13.6 10.2 17.0      394      274      514 18.8 13.1 24.5      268      178      358 17.0 11.3 22.7  53102  47093  59111                                        McLean County                                 KY est21all.txt 30NOV2022
21 151    14628    12327    16929 16.6 14.0 19.2     3400     2578     4222 17.6 13.3 21.9     2368     1747     2989 16.9 12.5 21.3  54498  49837  59159                                        Madison County                                KY est21all.txt 30NOV2022
21 153     3781     3105     4457 33.2 27.3 39.1     1198      949     1447 47.0 37.2 56.8      787      588      986 41.7 31.1 52.3  34423  30125  38721                                        Magoffin County                               KY est21all.txt 30NOV2022
21 155     3042     2365     3719 15.8 12.3 19.3      992      701     1283 21.2 15.0 27.4      609      388      830 17.5 11.2 23.8  51523  46001  57045                                        Marion County                                 KY est21all.txt 30NOV2022
21 157     4274     3555     4993 13.7 11.4 16.0     1204      920     1488 19.0 14.5 23.5      844      632     1056 17.6 13.2 22.0  57802  51801  63803                                        Marshall County                               KY est21all.txt 30NOV2022
21 159     3953     3171     4735 40.5 32.5 48.5      948      692     1204 44.3 32.3 56.3      667      473      861 41.5 29.4 53.6  29387  25678  33096                                        Martin County                                 KY est21all.txt 30NOV2022
21 161     2846     2254     3438 17.1 13.5 20.7      947      666     1228 24.4 17.2 31.6      638      422      854 22.4 14.8 30.0  49924  44190  55658                                        Mason County                                  KY est21all.txt 30NOV2022
21 163     4421     3762     5080 14.8 12.6 17.0     1304     1057     1551 19.7 16.0 23.4      879      686     1072 17.4 13.6 21.2  58839  52959  64719                                        Meade County                                  KY est21all.txt 30NOV2022
21 165     1699     1378     2020 27.8 22.5 33.1      449      335      563 42.0 31.4 52.6      290      201      379 38.6 26.7 50.5  38928  33986  43870                                        Menifee County                                KY est21all.txt 30NOV2022
21 167     2910     2264     3556 12.8  9.9 15.7      924      647     1201 18.3 12.8 23.8      647      435      859 17.2 11.6 22.8  53336  47297  59375                                        Mercer County                                 KY est21all.txt 30NOV2022
21 169     1971     1506     2436 19.3 14.8 23.8      762      531      993 31.8 22.2 41.4      528      351      705 29.4 19.5 39.3  42755  38450  47060                                        Metcalfe County                               KY est21all.txt 30NOV2022
21 171     2433     1928     2938 22.0 17.4 26.6      817      611     1023 32.1 24.0 40.2      597      445      749 32.3 24.1 40.5  41638  37512  45764                                        Monroe County                                 KY est21all.txt 30NOV2022
21 173     4530     3655     5405 16.3 13.2 19.4     1484     1123     1845 23.4 17.7 29.1      973      685     1261 21.2 14.9 27.5  51831  46216  57446                                        Montgomery County                             KY est21all.txt 30NOV2022
21 175     3138     2413     3863 26.3 20.2 32.4      746      528      964 31.0 22.0 40.0      519      354      684 28.9 19.7 38.1  47131  44191  50071                                        Morgan County                                 KY est21all.txt 30NOV2022
21 177     6086     4953     7219 20.9 17.0 24.8     1813     1412     2214 29.2 22.7 35.7     1356     1055     1657 30.0 23.3 36.7  45883  40721  51045                                        Muhlenberg County                             KY est21all.txt 30NOV2022
21 179     4998     3980     6016 10.7  8.5 12.9     1504     1056     1952 14.0  9.8 18.2     1068      728     1408 13.4  9.1 17.7  62036  55787  68285                                        Nelson County                                 KY est21all.txt 30NOV2022
21 181     1252      967     1537 16.5 12.7 20.3      492      343      641 26.4 18.4 34.4      355      238      472 25.1 16.8 33.4  46547  40922  52172                                        Nicholas County                               KY est21all.txt 30NOV2022
21 183     3816     3037     4595 16.3 13.0 19.6     1179      821     1537 21.0 14.6 27.4      836      558     1114 19.8 13.2 26.4  55432  51996  58868                                        Ohio County                                   KY est21all.txt 30NOV2022
21 185     3118     2362     3874  4.9  3.7  6.1      779      539     1019  4.6  3.2  6.0      531      350      712  3.9  2.6  5.2 109181 100652 117710                                        Oldham County                                 KY est21all.txt 30NOV2022
21 187     1708     1334     2082 15.2 11.9 18.5      503      361      645 20.5 14.7 26.3      350      239      461 18.7 12.8 24.6  55321  48879  61763                                        Owen County                                   KY est21all.txt 30NOV2022
21 189     1386     1094     1678 35.6 28.1 43.1      376      262      490 43.5 30.3 56.7      256      168      344 41.6 27.3 55.9  29365  25624  33106                                        Owsley County                                 KY est21all.txt 30NOV2022
21 191     2146     1734     2558 14.8 12.0 17.6      694      502      886 20.8 15.0 26.6      487      337      637 19.6 13.6 25.6  56036  49341  62731                                        Pendleton County                              KY est21all.txt 30NOV2022
21 193     8164     6751     9577 29.9 24.7 35.1     2365     1809     2921 37.5 28.7 46.3     1702     1280     2124 37.0 27.8 46.2  36528  32002  41054                                        Perry County                                  KY est21all.txt 30NOV2022
21 195    16831    14911    18751 30.1 26.7 33.5     4605     3898     5312 39.6 33.5 45.7     3227     2693     3761 36.8 30.7 42.9  38066  34003  42129                                        Pike County                                   KY est21all.txt 30NOV2022
21 197     2941     2326     3556 22.8 18.0 27.6      988      714     1262 32.0 23.1 40.9      664      457      871 29.1 20.0 38.2  40116  35280  44952                                        Powell County                                 KY est21all.txt 30NOV2022
21 199    12339    10222    14456 19.1 15.8 22.4     3612     2692     4532 25.4 18.9 31.9     2464     1748     3180 23.5 16.7 30.3  45532  41066  49998                                        Pulaski County                                KY est21all.txt 30NOV2022
21 201      407      311      503 18.5 14.1 22.9      127       89      165 26.6 18.7 34.5       87       58      116 24.4 16.4 32.4  51177  45122  57232                                        Robertson County                              KY est21all.txt 30NOV2022
21 203     3375     2658     4092 21.3 16.8 25.8      970      698     1242 29.1 21.0 37.2      666      455      877 26.2 17.9 34.5  43378  38571  48185                                        Rockcastle County                             KY est21all.txt 30NOV2022
21 205     4572     3583     5561 20.9 16.4 25.4     1203      865     1541 25.5 18.3 32.7      813      553     1073 23.8 16.2 31.4  52451  48052  56850                                        Rowan County                                  KY est21all.txt 30NOV2022
21 207     4854     4194     5514 27.0 23.3 30.7     1271      951     1591 31.4 23.5 39.3      968      726     1210 32.6 24.5 40.7  40454  35732  45176                                        Russell County                                KY est21all.txt 30NOV2022
21 209     5418     4548     6288  9.5  8.0 11.0     1751     1355     2147 12.4  9.6 15.2     1180      885     1475 11.2  8.4 14.0  71961  65835  78087                                        Scott County                                  KY est21all.txt 30NOV2022
21 211     4422     3510     5334  9.4  7.5 11.3     1276      901     1651 12.2  8.6 15.8      853      570     1136 11.1  7.4 14.8  72524  66321  78727                                        Shelby County                                 KY est21all.txt 30NOV2022
21 213     2638     2101     3175 13.6 10.8 16.4      951      666     1236 20.8 14.6 27.0      657      440      874 19.2 12.8 25.6  58531  52803  64259                                        Simpson County                                KY est21all.txt 30NOV2022
21 215     1470     1155     1785  7.4  5.8  9.0      403      298      508  9.1  6.7 11.5      265      183      347  7.9  5.5 10.3  91160  82398  99922                                        Spencer County                                KY est21all.txt 30NOV2022
21 217     4375     3402     5348 17.6 13.7 21.5     1463     1034     1892 25.0 17.7 32.3     1023      689     1357 24.2 16.3 32.1  50258  45391  55125                                        Taylor County                                 KY est21all.txt 30NOV2022
21 219     2291     1850     2732 18.9 15.3 22.5      909      693     1125 27.8 21.2 34.4      653      489      817 27.2 20.4 34.0  51189  45480  56898                                        Todd County                                   KY est21all.txt 30NOV2022
21 221     2431     2021     2841 17.2 14.3 20.1      848      650     1046 27.9 21.4 34.4      540      381      699 23.8 16.8 30.8  52511  45977  59045                                        Trigg County                                  KY est21all.txt 30NOV2022
21 223     1124      871     1377 13.3 10.3 16.3      333      234      432 18.0 12.7 23.3      236      159      313 17.1 11.5 22.7  62902  55543  70261                                        Trimble County                                KY est21all.txt 30NOV2022
21 225     2468     2004     2932 18.4 14.9 21.9      517      371      663 22.4 16.1 28.7      348      238      458 21.1 14.5 27.7  50862  44825  56899                                        Union County                                  KY est21all.txt 30NOV2022
21 227    19324    16826    21822 14.8 12.9 16.7     6344     5249     7439 20.4 16.9 23.9     4305     3413     5197 19.1 15.1 23.1  59223  54924  63522                                        Warren County                                 KY est21all.txt 30NOV2022
21 229     1532     1174     1890 12.8  9.8 15.8      492      341      643 17.8 12.3 23.3      347      230      464 17.0 11.3 22.7  64733  59435  70031                                        Washington County                             KY est21all.txt 30NOV2022
21 231     4604     3666     5542 23.9 19.0 28.8     1322      949     1695 34.0 24.4 43.6      924      626     1222 33.0 22.4 43.6  38651  34254  43048                                        Wayne County                                  KY est21all.txt 30NOV2022
21 233     1944     1513     2375 15.7 12.2 19.2      625      437      813 21.1 14.8 27.4      446      299      593 20.8 14.0 27.6  52575  47473  57677                                        Webster County                                KY est21all.txt 30NOV2022
21 235     9665     8008    11322 27.6 22.9 32.3     3138     2345     3931 33.5 25.0 42.0     2216     1602     2830 32.8 23.7 41.9  37530  33132  41928                                        Whitley County                                KY est21all.txt 30NOV2022
21 237     1860     1449     2271 29.0 22.6 35.4      619      441      797 42.6 30.3 54.9      411      273      549 39.2 26.0 52.4  34749  30456  39042                                        Wolfe County                                  KY est21all.txt 30NOV2022
21 239     2283     1756     2810  8.6  6.6 10.6      687      471      903 11.9  8.2 15.6      485      318      652 11.0  7.2 14.8  76942  69731  84153                                        Woodford County                               KY est21all.txt 30NOV2022
22   0   878477   859106   897848 19.5 19.1 19.9   286908   278007   295809 26.9 26.1 27.7   203782   196026   211538 25.9 24.9 26.9  52090  51348  52832   80375   76164   84586 28.8 27.3 30.3 Louisiana                                     LA est21all.txt 30NOV2022
22   1    11655     9242    14068 20.6 16.3 24.9     4162     3048     5276 28.7 21.0 36.4     2929     2063     3795 27.3 19.2 35.4  44648  40205  49091                                        Acadia Parish                                 LA est21all.txt 30NOV2022
22   3     3897     3101     4693 20.5 16.3 24.7     1333     1067     1599 26.9 21.5 32.3      882      679     1085 24.4 18.8 30.0  43192  38986  47398                                        Allen Parish                                  LA est21all.txt 30NOV2022
22   5    14512    11810    17214 11.4  9.3 13.5     4936     3736     6136 14.7 11.1 18.3     3676     2761     4591 14.6 11.0 18.2  75498  69447  81549                                        Ascension Parish                              LA est21all.txt 30NOV2022
22   7     3908     3082     4734 19.0 15.0 23.0     1149      822     1476 27.2 19.5 34.9      841      577     1105 26.4 18.1 34.7  42404  40406  44402                                        Assumption Parish                             LA est21all.txt 30NOV2022
22   9    10991     9788    12194 30.5 27.2 33.8     4097     3614     4580 45.0 39.7 50.3     2863     2442     3284 42.7 36.4 49.0  38567  35833  41301                                        Avoyelles Parish                              LA est21all.txt 30NOV2022
22  11     5612     4560     6664 15.9 12.9 18.9     1843     1389     2297 20.4 15.4 25.4     1242      867     1617 18.9 13.2 24.6  59550  52854  66246                                        Beauregard Parish                             LA est21all.txt 30NOV2022
22  13     3242     2611     3873 26.0 21.0 31.0     1093      840     1346 38.5 29.6 47.4      746      544      948 35.3 25.8 44.8  38093  33405  42781                                        Bienville Parish                              LA est21all.txt 30NOV2022
22  15    19266    16294    22238 15.2 12.9 17.5     6251     4840     7662 19.9 15.4 24.4     4361     3254     5468 18.7 13.9 23.5  61225  55594  66856                                        Bossier Parish                                LA est21all.txt 30NOV2022
22  17    53728    47797    59659 23.6 21.0 26.2    18115    15315    20915 33.6 28.4 38.8    12020     9742    14298 30.2 24.5 35.9  44968  41822  48114                                        Caddo Parish                                  LA est21all.txt 30NOV2022
22  19    36850    31810    41890 18.3 15.8 20.8    11853     9446    14260 23.6 18.8 28.4     8490     6631    10349 23.4 18.3 28.5  57667  52036  63298                                        Calcasieu Parish                              LA est21all.txt 30NOV2022
22  21     2048     1609     2487 22.7 17.8 27.6      678      499      857 31.7 23.3 40.1      497      360      634 31.2 22.6 39.8  39079  34149  44009                                        Caldwell Parish                               LA est21all.txt 30NOV2022
22  23      709      536      882 14.0 10.6 17.4      205      145      265 18.1 12.8 23.4      151      102      200 18.1 12.2 24.0  62457  54754  70160                                        Cameron Parish                                LA est21all.txt 30NOV2022
22  25     2148     1658     2638 26.7 20.6 32.8      731      550      912 39.2 29.5 48.9      515      376      654 37.7 27.5 47.9  38006  33621  42391                                        Catahoula Parish                              LA est21all.txt 30NOV2022
22  27     3415     2610     4220 29.8 22.8 36.8      910      655     1165 36.7 26.4 47.0      647      447      847 34.7 24.0 45.4  36115  32004  40226                                        Claiborne Parish                              LA est21all.txt 30NOV2022
22  29     5733     4882     6584 33.7 28.7 38.7     2375     2032     2718 55.7 47.7 63.7     1571     1292     1850 49.9 41.0 58.8  36821  32430  41212                                        Concordia Parish                              LA est21all.txt 30NOV2022
22  31     5247     4230     6264 19.6 15.8 23.4     1639     1229     2049 25.7 19.3 32.1     1160      851     1469 24.1 17.7 30.5  48007  43028  52986                                        De Soto Parish                                LA est21all.txt 30NOV2022
22  33    84936    75028    94844 19.2 17.0 21.4    27327    22653    32001 26.9 22.3 31.5    19149    15441    22857 25.9 20.9 30.9  51746  49987  53505                                        East Baton Rouge Parish                       LA est21all.txt 30NOV2022
22  35     2417     1853     2981 39.9 30.6 49.2      802      570     1034 50.5 35.9 65.1      567      391      743 45.7 31.5 59.9  30288  26498  34078                                        East Carroll Parish                           LA est21all.txt 30NOV2022
22  37     3404     2595     4213 20.1 15.3 24.9      781      547     1015 23.4 16.4 30.4      541      361      721 22.3 14.9 29.7  51296  45747  56845                                        East Feliciana Parish                         LA est21all.txt 30NOV2022
22  39     8132     6743     9521 26.3 21.8 30.8     2829     2263     3395 35.1 28.1 42.1     2060     1600     2520 35.1 27.3 42.9  37707  33303  42111                                        Evangeline Parish                             LA est21all.txt 30NOV2022
22  41     4565     3488     5642 24.0 18.3 29.7     1759     1263     2255 36.6 26.3 46.9     1270      888     1652 36.0 25.2 46.8  38439  35101  41777                                        Franklin Parish                               LA est21all.txt 30NOV2022
22  43     3976     3104     4848 20.6 16.1 25.1     1165      866     1464 25.6 19.0 32.2      809      574     1044 24.2 17.2 31.2  50979  46336  55622                                        Grant Parish                                  LA est21all.txt 30NOV2022
22  45    16297    13734    18860 24.0 20.2 27.8     6516     5320     7712 37.7 30.8 44.6     4523     3535     5511 35.3 27.6 43.0  47391  43017  51765                                        Iberia Parish                                 LA est21all.txt 30NOV2022
22  47     5927     4696     7158 22.5 17.8 27.2     1638     1172     2104 27.8 19.9 35.7     1198      810     1586 28.4 19.2 37.6  47942  42408  53476                                        Iberville Parish                              LA est21all.txt 30NOV2022
22  49     2855     2263     3447 20.4 16.2 24.6      874      646     1102 28.5 21.1 35.9      624      444      804 26.3 18.7 33.9  45481  40144  50818                                        Jackson Parish                                LA est21all.txt 30NOV2022
22  51    75278    66988    83568 17.5 15.6 19.4    23676    19391    27961 24.9 20.4 29.4    16841    13551    20131 24.5 19.7 29.3  56080  53361  58799                                        Jefferson Parish                              LA est21all.txt 30NOV2022
22  53     5453     4232     6674 17.2 13.4 21.0     1917     1356     2478 23.5 16.6 30.4     1387      957     1817 23.0 15.9 30.1  48709  43029  54389                                        Jefferson Davis Parish                        LA est21all.txt 30NOV2022
22  55    42273    37361    47185 17.7 15.6 19.8    15088    12980    17196 26.3 22.6 30.0    10815     9073    12557 25.8 21.6 30.0  59062  54612  63512                                        Lafayette Parish                              LA est21all.txt 30NOV2022
22  57    15052    12244    17860 15.7 12.8 18.6     4600     3406     5794 20.8 15.4 26.2     3368     2393     4343 20.4 14.5 26.3  58740  53427  64053                                        Lafourche Parish                              LA est21all.txt 30NOV2022
22  59     2658     2093     3223 19.4 15.3 23.5      805      596     1014 23.8 17.6 30.0      569      406      732 22.6 16.1 29.1  47205  41689  52721                                        La Salle Parish                               LA est21all.txt 30NOV2022
22  61    10976     9267    12685 25.4 21.4 29.4     2470     1839     3101 26.5 19.7 33.3     1777     1304     2250 26.0 19.1 32.9  40384  35915  44853                                        Lincoln Parish                                LA est21all.txt 30NOV2022
22  63    17350    13892    20808 12.0  9.6 14.4     5997     4484     7510 16.3 12.2 20.4     4328     3155     5501 15.7 11.4 20.0  71605  65035  78175                                        Livingston Parish                             LA est21all.txt 30NOV2022
22  65     2985     2298     3672 35.3 27.2 43.4     1099      795     1403 48.1 34.8 61.4      773      536     1010 47.0 32.6 61.4  33619  30259  36979                                        Madison Parish                                LA est21all.txt 30NOV2022
22  67     7487     6375     8599 30.9 26.3 35.5     2520     1971     3069 42.9 33.6 52.2     1783     1341     2225 41.1 30.9 51.3  36998  33234  40762                                        Morehouse Parish                              LA est21all.txt 30NOV2022
22  69     7777     6285     9269 22.3 18.0 26.6     2296     1681     2911 27.6 20.2 35.0     1579     1115     2043 25.6 18.1 33.1  43381  39140  47622                                        Natchitoches Parish                           LA est21all.txt 30NOV2022
22  71    92262    84339   100185 25.2 23.0 27.4    27066    23669    30463 36.8 32.2 41.4    19120    16304    21936 35.9 30.6 41.2  46188  43995  48381                                        Orleans Parish                                LA est21all.txt 30NOV2022
22  73    38985    35146    42824 25.5 23.0 28.0    11915     9834    13996 31.1 25.7 36.5     8921     7307    10535 31.5 25.8 37.2  47737  44345  51129                                        Ouachita Parish                               LA est21all.txt 30NOV2022
22  75     3339     2506     4172 14.5 10.9 18.1     1138      798     1478 19.4 13.6 25.2      808      546     1070 18.3 12.4 24.2  68765  64763  72767                                        Plaquemines Parish                            LA est21all.txt 30NOV2022
22  77     3817     3009     4625 18.8 14.8 22.8     1186      850     1522 27.3 19.6 35.0      849      586     1112 26.4 18.2 34.6  51988  46016  57960                                        Pointe Coupee Parish                          LA est21all.txt 30NOV2022
22  79    24885    21171    28599 19.9 16.9 22.9     8757     7111    10403 27.9 22.7 33.1     6305     5008     7602 27.2 21.6 32.8  47316  42815  51817                                        Rapides Parish                                LA est21all.txt 30NOV2022
22  81     1761     1329     2193 23.6 17.8 29.4      620      437      803 35.1 24.7 45.5      444      301      587 34.6 23.4 45.8  40724  35721  45727                                        Red River Parish                              LA est21all.txt 30NOV2022
22  83     4733     3822     5644 25.0 20.2 29.8     1583     1157     2009 34.3 25.1 43.5     1138      806     1470 33.7 23.9 43.5  39804  35025  44583                                        Richland Parish                               LA est21all.txt 30NOV2022
22  85     4300     3554     5046 19.7 16.3 23.1     1447     1124     1770 28.6 22.2 35.0      927      665     1189 24.0 17.2 30.8  44952  39832  50072                                        Sabine Parish                                 LA est21all.txt 30NOV2022
22  87     9531     8047    11015 21.7 18.3 25.1     3548     2763     4333 30.9 24.1 37.7     2579     1954     3204 29.9 22.7 37.1  46938  42255  51621                                        St. Bernard Parish                            LA est21all.txt 30NOV2022
22  89     6097     4775     7419 11.8  9.2 14.4     2166     1575     2757 17.2 12.5 21.9     1491     1043     1939 15.4 10.8 20.0  70224  62998  77450                                        St. Charles Parish                            LA est21all.txt 30NOV2022
22  91     2729     2211     3247 25.3 20.5 30.1      832      614     1050 37.9 28.0 47.8      634      460      808 38.8 28.2 49.4  41937  36664  47210                                        St. Helena Parish                             LA est21all.txt 30NOV2022
22  93     3327     2575     4079 17.0 13.2 20.8     1014      729     1299 23.3 16.8 29.8      738      515      961 22.6 15.8 29.4  60466  53519  67413                                        St. James Parish                              LA est21all.txt 30NOV2022
22  95     6976     5280     8672 16.8 12.7 20.9     2766     1953     3579 27.3 19.3 35.3     1989     1350     2628 26.2 17.8 34.6  58548  54025  63071                                        St. John the Baptist Parish                   LA est21all.txt 30NOV2022
22  97    21307    18529    24085 26.3 22.9 29.7     7414     5860     8968 34.4 27.2 41.6     5585     4443     6727 34.8 27.7 41.9  39806  35982  43630                                        St. Landry Parish                             LA est21all.txt 30NOV2022
22  99     9377     7499    11255 18.4 14.7 22.1     3200     2267     4133 26.4 18.7 34.1     2311     1577     3045 25.6 17.5 33.7  49271  44051  54491                                        St. Martin Parish                             LA est21all.txt 30NOV2022
22 101    10869     8856    12882 22.9 18.7 27.1     3665     2755     4575 32.2 24.2 40.2     2627     1915     3339 31.6 23.0 40.2  42757  38833  46681                                        St. Mary Parish                               LA est21all.txt 30NOV2022
22 103    34095    29394    38796 12.7 10.9 14.5    10769     8862    12676 17.1 14.1 20.1     7981     6503     9459 16.6 13.5 19.7  68616  64452  72780                                        St. Tammany Parish                            LA est21all.txt 30NOV2022
22 105    23496    18906    28086 17.8 14.3 21.3     8312     6074    10550 25.4 18.6 32.2     5711     3931     7491 24.1 16.6 31.6  51596  47308  55884                                        Tangipahoa Parish                             LA est21all.txt 30NOV2022
22 107     1293     1004     1582 32.1 24.9 39.3      417      300      534 47.7 34.3 61.1      296      206      386 43.9 30.5 57.3  31438  28018  34858                                        Tensas Parish                                 LA est21all.txt 30NOV2022
22 109    18132    14563    21701 16.9 13.6 20.2     6088     4284     7892 22.7 16.0 29.4     4221     2819     5623 21.2 14.2 28.2  59482  55410  63554                                        Terrebonne Parish                             LA est21all.txt 30NOV2022
22 111     4305     3497     5113 20.8 16.9 24.7     1318      942     1694 29.1 20.8 37.4      954      663     1245 28.4 19.7 37.1  43746  38548  48944                                        Union Parish                                  LA est21all.txt 30NOV2022
22 113    11444     9450    13438 20.2 16.7 23.7     3868     2976     4760 27.2 20.9 33.5     2796     2085     3507 26.2 19.5 32.9  52070  47352  56788                                        Vermilion Parish                              LA est21all.txt 30NOV2022
22 115     7909     6772     9046 17.7 15.2 20.2     2271     1711     2831 19.6 14.8 24.4     1585     1156     2014 19.9 14.5 25.3  51401  48569  54233                                        Vernon Parish                                 LA est21all.txt 30NOV2022
22 117    10657     8725    12589 24.5 20.1 28.9     3732     2920     4544 35.4 27.7 43.1     2561     1912     3210 32.9 24.6 41.2  39363  35316  43410                                        Washington Parish                             LA est21all.txt 30NOV2022
22 119     8444     7141     9747 24.0 20.3 27.7     2768     2233     3303 34.4 27.7 41.1     2107     1702     2512 35.8 28.9 42.7  41436  36652  46220                                        Webster Parish                                LA est21all.txt 30NOV2022
22 121     4127     3262     4992 15.2 12.0 18.4     1430     1071     1789 21.2 15.9 26.5     1029      757     1301 20.9 15.4 26.4  67436  61403  73469                                        West Baton Rouge Parish                       LA est21all.txt 30NOV2022
22 123     2081     1643     2519 22.4 17.7 27.1      679      508      850 32.2 24.1 40.3      520      386      654 32.0 23.8 40.2  40812  35765  45859                                        West Carroll Parish                           LA est21all.txt 30NOV2022
22 125     2268     1722     2814 22.2 16.9 27.5      468      338      598 19.2 13.9 24.5      330      230      430 17.4 12.1 22.7  69086  60555  77617                                        West Feliciana Parish                         LA est21all.txt 30NOV2022
22 127     3174     2550     3798 26.8 21.5 32.1      947      726     1168 34.3 26.3 42.3      673      506      840 32.4 24.3 40.5  44942  39737  50147                                        Winn Parish                                   LA est21all.txt 30NOV2022
23   0   149571   143213   155929 11.2 10.7 11.7    33923    31818    36028 13.8 12.9 14.7    23766    21989    25543 12.9 11.9 13.9  64823  63604  66042    8895    7789   10001 14.7 12.9 16.5 Maine                                         ME est21all.txt 30NOV2022
23   1    15136    13019    17253 14.0 12.0 16.0     4417     3524     5310 19.1 15.2 23.0     2835     2132     3538 16.5 12.4 20.6  61411  57541  65281                                        Androscoggin County                           ME est21all.txt 30NOV2022
23   3     9666     7827    11505 14.9 12.1 17.7     2278     1606     2950 18.9 13.3 24.5     1581     1067     2095 17.6 11.9 23.3  51770  48130  55410                                        Aroostook County                              ME est21all.txt 30NOV2022
23   5    22937    19183    26691  7.7  6.4  9.0     4712     3501     5923  8.7  6.5 10.9     3452     2549     4355  8.6  6.4 10.8  80484  77608  83360                                        Cumberland County                             ME est21all.txt 30NOV2022
23   7     3351     2504     4198 11.7  8.7 14.7      807      539     1075 15.7 10.5 20.9      572      361      783 14.7  9.3 20.1  52295  47936  56654                                        Franklin County                               ME est21all.txt 30NOV2022
23   9     6077     4957     7197 11.0  9.0 13.0     1299      893     1705 14.2  9.8 18.6      904      583     1225 13.0  8.4 17.6  57001  52594  61408                                        Hancock County                                ME est21all.txt 30NOV2022
23  11    13702    11141    16263 11.3  9.2 13.4     2941     2041     3841 12.8  8.9 16.7     1930     1237     2623 11.2  7.2 15.2  60449  56419  64479                                        Kennebec County                               ME est21all.txt 30NOV2022
23  13     4171     3215     5127 10.5  8.1 12.9      934      630     1238 13.5  9.1 17.9      634      406      862 11.8  7.6 16.0  68786  63991  73581                                        Knox County                                   ME est21all.txt 30NOV2022
23  15     3266     2446     4086  9.2  6.9 11.5      782      501     1063 13.3  8.5 18.1      540      327      753 12.3  7.5 17.1  65638  60727  70549                                        Lincoln County                                ME est21all.txt 30NOV2022
23  17     8728     7337    10119 15.1 12.7 17.5     2137     1604     2670 20.9 15.7 26.1     1619     1214     2024 21.1 15.8 26.4  51872  48147  55597                                        Oxford County                                 ME est21all.txt 30NOV2022
23  19    21301    18392    24210 14.6 12.6 16.6     4128     3109     5147 15.7 11.8 19.6     3045     2261     3829 15.5 11.5 19.5  56261  53838  58684                                        Penobscot County                              ME est21all.txt 30NOV2022
23  21     2376     1826     2926 14.0 10.8 17.2      622      410      834 21.3 14.0 28.6      433      268      598 20.8 12.9 28.7  49999  45129  54869                                        Piscataquis County                            ME est21all.txt 30NOV2022
23  23     3209     2463     3955  8.7  6.7 10.7      758      507     1009 11.3  7.6 15.0      524      334      714 10.2  6.5 13.9  75624  70107  81141                                        Sagadahoc County                              ME est21all.txt 30NOV2022
23  25     7378     5975     8781 14.8 12.0 17.6     1741     1200     2282 19.2 13.2 25.2     1198      775     1621 17.7 11.4 24.0  51040  46498  55582                                        Somerset County                               ME est21all.txt 30NOV2022
23  27     5124     4042     6206 13.1 10.3 15.9     1292      895     1689 18.2 12.6 23.8      937      630     1244 17.6 11.8 23.4  58262  53548  62976                                        Waldo County                                  ME est21all.txt 30NOV2022
23  29     5602     4677     6527 18.2 15.2 21.2     1311      917     1705 22.5 15.7 29.3      928      625     1231 21.2 14.3 28.1  42755  39209  46301                                        Washington County                             ME est21all.txt 30NOV2022
23  31    17548    14108    20988  8.3  6.7  9.9     3765     2675     4855  9.9  7.0 12.8     2634     1816     3452  9.2  6.3 12.1  73794  69561  78027                                        York County                                   ME est21all.txt 30NOV2022
24   0   620829   603853   637805 10.3 10.0 10.6   187563   179061   196065 14.0 13.4 14.6   131287   124037   138537 13.3 12.6 14.0  90129  89087  91171   51970   47916   56024 15.0 13.8 16.2 Maryland                                      MD est21all.txt 30NOV2022
24   1     9934     7891    11977 16.4 13.0 19.8     2583     1880     3286 22.4 16.3 28.5     1835     1294     2376 21.8 15.4 28.2  49236  45728  52744                                        Allegany County                               MD est21all.txt 30NOV2022
24   3    35719    30113    41325  6.2  5.2  7.2    10210     7724    12696  7.9  6.0  9.8     6970     5023     8917  7.3  5.3  9.3 107281 104221 110341                                        Anne Arundel County                           MD est21all.txt 30NOV2022
24   5    81334    72074    90594  9.8  8.7 10.9    25895    21846    29944 14.2 12.0 16.4    18174    15028    21320 13.6 11.2 16.0  80159  77229  83089                                        Baltimore County                              MD est21all.txt 30NOV2022
24   9     5419     4190     6648  5.8  4.5  7.1     1593     1176     2010  7.4  5.5  9.3     1071      752     1390  6.5  4.6  8.4 117459 108785 126133                                        Calvert County                                MD est21all.txt 30NOV2022
24  11     4449     3517     5381 13.5 10.7 16.3     1564     1156     1972 20.3 15.0 25.6     1148      832     1464 20.2 14.6 25.8  61945  55926  67964                                        Caroline County                               MD est21all.txt 30NOV2022
24  13     9212     7246    11178  5.4  4.2  6.6     2326     1659     2993  6.2  4.4  8.0     1669     1156     2182  5.9  4.1  7.7 102006  96347 107665                                        Carroll County                                MD est21all.txt 30NOV2022
24  15    11243     9450    13036 10.9  9.2 12.6     3441     2672     4210 15.1 11.7 18.5     2550     1956     3144 15.1 11.6 18.6  76727  70339  83115                                        Cecil County                                  MD est21all.txt 30NOV2022
24  17    11263     8755    13771  6.7  5.2  8.2     3658     2523     4793  9.2  6.4 12.0     2738     1846     3630  9.1  6.1 12.1 103918  97907 109929                                        Charles County                                MD est21all.txt 30NOV2022
24  19     4807     3728     5886 15.0 11.6 18.4     1715     1243     2187 25.7 18.6 32.8     1264      892     1636 25.6 18.1 33.1  54731  49967  59495                                        Dorchester County                             MD est21all.txt 30NOV2022
24  21    18065    15076    21054  6.6  5.5  7.7     5392     4255     6529  8.4  6.6 10.2     3863     2996     4730  8.0  6.2  9.8 104253  99140 109366                                        Frederick County                              MD est21all.txt 30NOV2022
24  23     3095     2328     3862 11.0  8.3 13.7      864      597     1131 17.1 11.8 22.4      635      428      842 17.1 11.5 22.7  55107  50637  59577                                        Garrett County                                MD est21all.txt 30NOV2022
24  25    19813    17024    22602  7.6  6.5  8.7     5905     4674     7136 10.2  8.1 12.3     4407     3485     5329 10.1  8.0 12.2  95951  91670 100232                                        Harford County                                MD est21all.txt 30NOV2022
24  27    20724    17261    24187  6.2  5.2  7.2     5859     4625     7093  7.4  5.9  8.9     4294     3316     5272  7.0  5.4  8.6 131412 125254 137570                                        Howard County                                 MD est21all.txt 30NOV2022
24  29     2154     1605     2703 12.0  8.9 15.1      591      415      767 20.2 14.2 26.2      421      286      556 19.9 13.5 26.3  66183  58150  74216                                        Kent County                                   MD est21all.txt 30NOV2022
24  31    88627    80144    97110  8.5  7.7  9.3    27062    23265    30859 11.4  9.8 13.0    19393    16501    22285 10.9  9.3 12.5 112352 108926 115778                                        Montgomery County                             MD est21all.txt 30NOV2022
24  33   106832    97686   115978 11.5 10.5 12.5    32418    27839    36997 15.7 13.5 17.9    22392    18696    26088 15.1 12.6 17.6  89689  87733  91645                                        Prince George's County                        MD est21all.txt 30NOV2022
24  35     4044     3365     4723  8.0  6.7  9.3     1117      888     1346 10.5  8.3 12.7      808      632      984 10.1  7.9 12.3  94583  87689 101477                                        Queen Anne's County                           MD est21all.txt 30NOV2022
24  37     8744     6965    10523  7.8  6.2  9.4     2731     1954     3508 10.1  7.2 13.0     1905     1308     2502  9.5  6.5 12.5 106539 101797 111281                                        St. Mary's County                             MD est21all.txt 30NOV2022
24  39     4608     3495     5721 23.6 17.9 29.3     1250      903     1597 30.4 22.0 38.8      908      642     1174 30.3 21.4 39.2  47131  42441  51821                                        Somerset County                               MD est21all.txt 30NOV2022
24  41     3511     2775     4247  9.4  7.4 11.4     1007      718     1296 15.0 10.7 19.3      721      501      941 14.4 10.0 18.8  78931  72185  85677                                        Talbot County                                 MD est21all.txt 30NOV2022
24  43    21284    18372    24196 14.5 12.5 16.5     6038     4682     7394 18.4 14.3 22.5     4276     3243     5309 17.5 13.3 21.7  65433  61244  69622                                        Washington County                             MD est21all.txt 30NOV2022
24  45    14083    11412    16754 14.2 11.5 16.9     4191     3043     5339 18.6 13.5 23.7     2808     1888     3728 17.2 11.5 22.9  61848  57600  66096                                        Wicomico County                               MD est21all.txt 30NOV2022
24  47     5379     4273     6485 10.3  8.2 12.4     1479     1081     1877 16.5 12.1 20.9     1145      834     1456 16.4 11.9 20.9  70952  66383  75521                                        Worcester County                              MD est21all.txt 30NOV2022
24 510   126488   115828   137148 22.9 21.0 24.8    38676    34011    43341 33.8 29.7 37.9    25892    22333    29451 32.1 27.7 36.5  54068  52155  55981                                        Baltimore city                                MD est21all.txt 30NOV2022
25   0   701700   685529   717871 10.4 10.2 10.6   171062   162605   179519 12.8 12.2 13.4   122258   114819   129697 12.3 11.6 13.0  89577  88330  90824   44332   40364   48300 13.1 11.9 14.3 Massachusetts                                 MA est21all.txt 30NOV2022
25   1    18293    15120    21466  8.0  6.6  9.4     3694     2769     4619 11.3  8.5 14.1     2681     1960     3402 10.8  7.9 13.7  82980  80037  85923                                        Barnstable County                             MA est21all.txt 30NOV2022
25   3    13454    10844    16064 10.9  8.8 13.0     3109     2224     3994 15.4 11.0 19.8     2176     1497     2855 14.4  9.9 18.9  60945  58432  63458                                        Berkshire County                              MA est21all.txt 30NOV2022
25   5    67318    60689    73947 11.9 10.7 13.1    17913    15319    20507 15.3 13.1 17.5    12368    10314    14422 14.1 11.8 16.4  72857  68792  76922                                        Bristol County                                MA est21all.txt 30NOV2022
25   7     1601     1204     1998  7.6  5.7  9.5      459      328      590 12.6  9.0 16.2      321      222      420 12.0  8.3 15.7  79338  70365  88311                                        Dukes County                                  MA est21all.txt 30NOV2022
25   9    75743    67623    83863  9.6  8.6 10.6    20238    16763    23713 12.2 10.1 14.3    14732    12057    17407 12.0  9.8 14.2  87145  84822  89468                                        Essex County                                  MA est21all.txt 30NOV2022
25  11     7464     6006     8922 10.7  8.6 12.8     2007     1571     2443 17.3 13.5 21.1     1398     1052     1744 15.8 11.9 19.7  68948  65264  72632                                        Franklin County                               MA est21all.txt 30NOV2022
25  13    76268    70398    82138 17.0 15.7 18.3    23781    21018    26544 24.8 21.9 27.7    18423    16462    20384 25.7 23.0 28.4  61818  59661  63975                                        Hampden County                                MA est21all.txt 30NOV2022
25  15    16221    13772    18670 11.7  9.9 13.5     2480     1872     3088 11.0  8.3 13.7     1699     1210     2188  9.8  7.0 12.6  77117  72088  82146                                        Hampshire County                              MA est21all.txt 30NOV2022
25  17   120205   110512   129898  7.7  7.1  8.3    25856    22423    29289  8.3  7.2  9.4    17693    14940    20446  7.6  6.4  8.8 112345 110004 114686                                        Middlesex County                              MA est21all.txt 30NOV2022
25  19      846      629     1063  5.9  4.4  7.4      176      125      227  6.0  4.3  7.7      115       78      152  5.5  3.7  7.3 110966 102749 119183                                        Nantucket County                              MA est21all.txt 30NOV2022
25  21    48469    42874    54064  6.9  6.1  7.7    10023     8276    11770  6.8  5.6  8.0     7089     5657     8521  6.4  5.1  7.7 114658 111208 118108                                        Norfolk County                                MA est21all.txt 30NOV2022
25  23    39035    33268    44802  7.5  6.4  8.6     9257     7204    11310  8.5  6.6 10.4     6685     5116     8254  8.1  6.2 10.0  99445  96522 102368                                        Plymouth County                               MA est21all.txt 30NOV2022
25  25   133563   124550   142576 18.5 17.3 19.7    30926    27193    34659 25.1 22.1 28.1    21272    18254    24290 24.7 21.2 28.2  77163  73850  80476                                        Suffolk County                                MA est21all.txt 30NOV2022
25  27    83218    74652    91784 10.0  9.0 11.0    21143    17895    24391 12.1 10.2 14.0    15606    13099    18113 11.9 10.0 13.8  84583  82261  86905                                        Worcester County                              MA est21all.txt 30NOV2022
26   0  1283086  1261685  1304487 13.0 12.8 13.2   372695   361340   384050 17.6 17.1 18.1   260084   250288   269880 16.5 15.9 17.1  63444  62920  63968  104555   98778  110332 19.5 18.4 20.6 Michigan                                      MI est21all.txt 30NOV2022
26   1     1277      993     1561 12.6  9.8 15.4      332      232      432 26.3 18.4 34.2      240      161      319 25.7 17.3 34.1  46749  42965  50533                                        Alcona County                                 MI est21all.txt 30NOV2022
26   3      993      759     1227 12.6  9.6 15.6      220      154      286 17.0 11.9 22.1      164      112      216 16.7 11.4 22.0  54516  50198  58834                                        Alger County                                  MI est21all.txt 30NOV2022
26   5    11306     9247    13365  9.4  7.7 11.1     3409     2567     4251 12.1  9.1 15.1     2259     1602     2916 10.7  7.6 13.8  73873  70448  77298                                        Allegan County                                MI est21all.txt 30NOV2022
26   7     4405     3717     5093 15.5 13.1 17.9     1246      968     1524 23.7 18.4 29.0      884      671     1097 22.4 17.0 27.8  50848  46780  54916                                        Alpena County                                 MI est21all.txt 30NOV2022
26   9     2412     1911     2913 10.2  8.1 12.3      667      465      869 16.6 11.6 21.6      473      319      627 15.2 10.2 20.2  59430  55246  63614                                        Antrim County                                 MI est21all.txt 30NOV2022
26  11     2204     1815     2593 14.9 12.3 17.5      616      455      777 22.9 16.9 28.9      442      316      568 22.2 15.9 28.5  50452  47776  53128                                        Arenac County                                 MI est21all.txt 30NOV2022
26  13     1146      882     1410 15.8 12.2 19.4      305      218      392 22.2 15.9 28.5      215      148      282 20.4 14.1 26.7  46656  42009  51303                                        Baraga County                                 MI est21all.txt 30NOV2022
26  15     5522     4495     6549  8.9  7.2 10.6     1626     1230     2022 12.1  9.2 15.0     1127      829     1425 11.1  8.2 14.0  68380  63765  72995                                        Barry County                                  MI est21all.txt 30NOV2022
26  17    12865    11142    14588 12.6 10.9 14.3     3289     2412     4166 16.6 12.2 21.0     2266     1580     2952 15.1 10.5 19.7  56681  53000  60362                                        Bay County                                    MI est21all.txt 30NOV2022
26  19     1673     1333     2013  9.3  7.4 11.2      444      311      577 14.1  9.9 18.3      315      213      417 13.5  9.1 17.9  67924  63165  72683                                        Benzie County                                 MI est21all.txt 30NOV2022
26  21    24171    21037    27305 16.1 14.0 18.2     7872     6476     9268 24.3 20.0 28.6     5297     4174     6420 22.0 17.3 26.7  57554  54458  60650                                        Berrien County                                MI est21all.txt 30NOV2022
26  23     5388     4321     6455 12.5 10.0 15.0     1839     1335     2343 17.9 13.0 22.8     1242      850     1634 16.6 11.4 21.8  60481  57292  63670                                        Branch County                                 MI est21all.txt 30NOV2022
26  25    17864    14721    21007 13.7 11.3 16.1     5886     4406     7366 19.9 14.9 24.9     4053     2888     5218 18.5 13.2 23.8  55639  51476  59802                                        Calhoun County                                MI est21all.txt 30NOV2022
26  27     5849     4821     6877 11.5  9.5 13.5     1669     1210     2128 16.1 11.7 20.5     1211      853     1569 15.3 10.8 19.8  62065  55793  68337                                        Cass County                                   MI est21all.txt 30NOV2022
26  29     2362     1886     2838  9.1  7.3 10.9      627      443      811 13.6  9.6 17.6      413      274      552 11.8  7.8 15.8  64604  59994  69214                                        Charlevoix County                             MI est21all.txt 30NOV2022
26  31     3273     2648     3898 12.9 10.4 15.4      822      580     1064 20.8 14.7 26.9      579      392      766 19.7 13.3 26.1  53747  49669  57825                                        Cheboygan County                              MI est21all.txt 30NOV2022
26  33     5697     4798     6596 17.7 14.9 20.5     1412     1085     1739 21.6 16.6 26.6      987      745     1229 20.0 15.1 24.9  48972  44585  53359                                        Chippewa County                               MI est21all.txt 30NOV2022
26  35     5798     4823     6773 18.9 15.7 22.1     1863     1444     2282 30.7 23.8 37.6     1216      877     1555 27.2 19.6 34.8  46085  43053  49117                                        Clare County                                  MI est21all.txt 30NOV2022
26  37     6121     5087     7155  7.8  6.5  9.1     1524     1148     1900  9.0  6.8 11.2     1064      782     1346  8.3  6.1 10.5  77617  73111  82123                                        Clinton County                                MI est21all.txt 30NOV2022
26  39     2067     1693     2441 15.8 12.9 18.7      572      419      725 25.3 18.5 32.1      405      287      523 24.1 17.1 31.1  50367  44948  55786                                        Crawford County                               MI est21all.txt 30NOV2022
26  41     4274     3437     5111 11.8  9.5 14.1     1078      784     1372 15.4 11.2 19.6      753      521      985 14.2  9.8 18.6  53234  48049  58419                                        Delta County                                  MI est21all.txt 30NOV2022
26  43     2898     2362     3434 11.4  9.3 13.5      717      503      931 14.3 10.0 18.6      514      351      677 13.7  9.4 18.0  56033  51151  60915                                        Dickinson County                              MI est21all.txt 30NOV2022
26  45     9406     7838    10974  8.8  7.3 10.3     2635     1980     3290 12.0  9.0 15.0     1868     1361     2375 11.5  8.4 14.6  70638  66120  75156                                        Eaton County                                  MI est21all.txt 30NOV2022
26  47     2914     2285     3543  8.6  6.7 10.5      739      529      949 11.9  8.5 15.3      511      349      673 10.7  7.3 14.1  71401  66777  76025                                        Emmet County                                  MI est21all.txt 30NOV2022
26  49    65045    57601    72489 16.3 14.4 18.2    19995    16121    23869 22.6 18.2 27.0    14655    11623    17687 22.3 17.7 26.9  52157  50861  53453                                        Genesee County                                MI est21all.txt 30NOV2022
26  51     3999     3273     4725 15.9 13.0 18.8     1180      871     1489 25.1 18.5 31.7      799      564     1034 23.1 16.3 29.9  49146  45280  53012                                        Gladwin County                                MI est21all.txt 30NOV2022
26  53     2434     1975     2893 17.4 14.1 20.7      619      443      795 26.0 18.6 33.4      433      294      572 24.5 16.6 32.4  44675  39905  49445                                        Gogebic County                                MI est21all.txt 30NOV2022
26  55     8330     6824     9836  8.8  7.2 10.4     2181     1691     2671 11.7  9.1 14.3     1520     1140     1900 10.8  8.1 13.5  66271  62721  69821                                        Grand Traverse County                         MI est21all.txt 30NOV2022
26  57     5666     4648     6684 15.7 12.9 18.5     1598     1235     1961 20.1 15.5 24.7     1114      832     1396 18.9 14.1 23.7  55249  51377  59121                                        Gratiot County                                MI est21all.txt 30NOV2022
26  59     6336     5325     7347 14.4 12.1 16.7     2037     1564     2510 21.5 16.5 26.5     1412     1060     1764 20.1 15.1 25.1  54863  50774  58952                                        Hillsdale County                              MI est21all.txt 30NOV2022
26  61     4863     3993     5733 14.1 11.6 16.6     1039      745     1333 13.8  9.9 17.7      708      481      935 12.4  8.4 16.4  52585  48453  56717                                        Houghton County                               MI est21all.txt 30NOV2022
26  63     3655     3021     4289 11.8  9.7 13.9      965      724     1206 16.5 12.4 20.6      713      523      903 16.3 12.0 20.6  51767  48564  54970                                        Huron County                                  MI est21all.txt 30NOV2022
26  65    42168    37314    47022 15.8 14.0 17.6     9060     6854    11266 16.5 12.5 20.5     6622     4927     8317 16.6 12.4 20.8  57733  54552  60914                                        Ingham County                                 MI est21all.txt 30NOV2022
26  67     7100     5759     8441 11.5  9.3 13.7     2169     1681     2657 15.2 11.8 18.6     1529     1168     1890 14.4 11.0 17.8  64641  60110  69172                                        Ionia County                                  MI est21all.txt 30NOV2022
26  69     3615     2897     4333 14.5 11.6 17.4     1040      728     1352 24.5 17.1 31.9      744      503      985 24.7 16.7 32.7  47401  43082  51720                                        Iosco County                                  MI est21all.txt 30NOV2022
26  71     1750     1404     2096 15.4 12.4 18.4      515      379      651 25.8 19.0 32.6      351      247      455 23.3 16.4 30.2  48920  44249  53591                                        Iron County                                   MI est21all.txt 30NOV2022
26  73    10971     9538    12404 18.1 15.7 20.5     1828     1333     2323 16.2 11.8 20.6     1260      871     1649 15.1 10.4 19.8  47999  45567  50431                                        Isabella County                               MI est21all.txt 30NOV2022
26  75    18075    15077    21073 11.9  9.9 13.9     5938     4588     7288 17.8 13.8 21.8     3910     2901     4919 15.8 11.7 19.9  58637  55751  61523                                        Jackson County                                MI est21all.txt 30NOV2022
26  77    35688    31664    39712 14.1 12.5 15.7     8030     6138     9922 14.6 11.2 18.0     5840     4357     7323 14.5 10.8 18.2  62476  59714  65238                                        Kalamazoo County                              MI est21all.txt 30NOV2022
26  79     1941     1522     2360 10.9  8.6 13.2      675      474      876 18.7 13.1 24.3      479      325      633 17.6 11.9 23.3  57920  53229  62611                                        Kalkaska County                               MI est21all.txt 30NOV2022
26  81    64334    57657    71011  9.9  8.9 10.9    19532    16467    22597 12.7 10.7 14.7    13621    11172    16070 12.1  9.9 14.3  71933  70047  73819                                        Kent County                                   MI est21all.txt 30NOV2022
26  83      225      172      278 10.7  8.2 13.2       54       38       70 16.1 11.4 20.8       38       26       50 15.0 10.2 19.8  50729  44759  56699                                        Keweenaw County                               MI est21all.txt 30NOV2022
26  85     2279     1836     2722 18.7 15.1 22.3      627      448      806 32.0 22.9 41.1      454      315      593 31.6 21.9 41.3  40382  36539  44225                                        Lake County                                   MI est21all.txt 30NOV2022
26  87     8081     6790     9372  9.3  7.8 10.8     1969     1389     2549 11.3  8.0 14.6     1420      973     1867 10.6  7.3 13.9  71306  67202  75410                                        Lapeer County                                 MI est21all.txt 30NOV2022
26  89     1499     1164     1834  6.7  5.2  8.2      396      296      496 11.4  8.5 14.3      279      201      357 10.9  7.9 13.9  86406  81124  91688                                        Leelanau County                               MI est21all.txt 30NOV2022
26  91    10508     8931    12085 11.1  9.4 12.8     3091     2447     3735 15.4 12.2 18.6     2162     1660     2664 14.5 11.1 17.9  62050  57562  66538                                        Lenawee County                                MI est21all.txt 30NOV2022
26  93    10009     8280    11738  5.2  4.3  6.1     2249     1650     2848  5.7  4.2  7.2     1590     1120     2060  5.3  3.7  6.9  92357  88084  96630                                        Livingston County                             MI est21all.txt 30NOV2022
26  95      821      632     1010 18.6 14.3 22.9      230      163      297 26.7 18.9 34.5      164      112      216 26.5 18.2 34.8  47959  42818  53100                                        Luce County                                   MI est21all.txt 30NOV2022
26  97     1258      977     1539 11.6  9.0 14.2      346      246      446 20.4 14.5 26.3      250      169      331 20.5 13.9 27.1  53028  48172  57884                                        Mackinac County                               MI est21all.txt 30NOV2022
26  99   100776    93152   108400 11.6 10.7 12.5    29733    26196    33270 16.5 14.5 18.5    20679    17945    23413 15.4 13.4 17.4  67646  65769  69523                                        Macomb County                                 MI est21all.txt 30NOV2022
26 101     3139     2472     3806 13.0 10.2 15.8      884      637     1131 21.1 15.2 27.0      603      411      795 19.4 13.2 25.6  54422  49708  59136                                        Manistee County                               MI est21all.txt 30NOV2022
26 103     8283     7033     9533 13.3 11.3 15.3     1629     1209     2049 14.1 10.4 17.8     1098      766     1430 12.8  8.9 16.7  56179  51784  60574                                        Marquette County                              MI est21all.txt 30NOV2022
26 105     4010     3257     4763 13.8 11.2 16.4     1240      914     1566 21.4 15.8 27.0      851      602     1100 19.6 13.9 25.3  55536  50904  60168                                        Mason County                                  MI est21all.txt 30NOV2022
26 107     6535     5523     7547 17.6 14.9 20.3     1394      999     1789 19.3 13.8 24.8      957      653     1261 18.3 12.5 24.1  52481  46670  58292                                        Mecosta County                                MI est21all.txt 30NOV2022
26 109     2440     1863     3017 10.6  8.1 13.1      681      476      886 16.8 11.8 21.8      496      332      660 16.0 10.7 21.3  57421  52211  62631                                        Menominee County                              MI est21all.txt 30NOV2022
26 111     8731     7247    10215 10.6  8.8 12.4     2294     1732     2856 13.2 10.0 16.4     1622     1183     2061 12.7  9.3 16.1  68054  64840  71268                                        Midland County                                MI est21all.txt 30NOV2022
26 113     1773     1384     2162 11.8  9.2 14.4      565      400      730 17.1 12.1 22.1      407      279      535 16.4 11.2 21.6  51151  45904  56398                                        Missaukee County                              MI est21all.txt 30NOV2022
26 115    14570    12381    16759  9.5  8.1 10.9     4003     2970     5036 12.4  9.2 15.6     2783     1981     3585 11.4  8.1 14.7  66179  63506  68852                                        Monroe County                                 MI est21all.txt 30NOV2022
26 117     8458     6818    10098 13.2 10.6 15.8     2572     1875     3269 17.9 13.1 22.7     1778     1233     2323 16.6 11.5 21.7  55735  52010  59460                                        Montcalm County                               MI est21all.txt 30NOV2022
26 119     1555     1270     1840 16.9 13.8 20.0      396      288      504 28.5 20.7 36.3      284      199      369 28.3 19.8 36.8  44500  39354  49646                                        Montmorency County                            MI est21all.txt 30NOV2022
26 121    24759    21319    28199 14.4 12.4 16.4     7550     5928     9172 19.1 15.0 23.2     5273     3868     6678 18.1 13.3 22.9  55410  53029  57791                                        Muskegon County                               MI est21all.txt 30NOV2022
26 123     7206     6085     8327 14.5 12.2 16.8     2154     1641     2667 19.8 15.1 24.5     1474     1068     1880 18.1 13.1 23.1  57840  54095  61585                                        Newaygo County                                MI est21all.txt 30NOV2022
26 125    98665    88738   108592  7.8  7.0  8.6    22059    18114    26004  8.6  7.1 10.1    14862    11867    17857  7.8  6.2  9.4  86597  84910  88284                                        Oakland County                                MI est21all.txt 30NOV2022
26 127     3829     3158     4500 14.4 11.9 16.9     1186      864     1508 20.9 15.2 26.6      859      606     1112 19.8 14.0 25.6  56533  51473  61593                                        Oceana County                                 MI est21all.txt 30NOV2022
26 129     3555     2922     4188 17.4 14.3 20.5      980      734     1226 26.6 19.9 33.3      687      493      881 25.0 17.9 32.1  45186  41319  49053                                        Ogemaw County                                 MI est21all.txt 30NOV2022
26 131      680      509      851 11.7  8.8 14.6      147      104      190 20.5 14.5 26.5      103       70      136 18.2 12.4 24.0  46824  41402  52246                                        Ontonagon County                              MI est21all.txt 30NOV2022
26 133     2942     2361     3523 12.9 10.3 15.5      931      657     1205 19.0 13.4 24.6      666      451      881 18.4 12.5 24.3  52272  48380  56164                                        Osceola County                                MI est21all.txt 30NOV2022
26 135     1345     1042     1648 16.3 12.6 20.0      427      302      552 26.9 19.0 34.8      301      203      399 25.6 17.3 33.9  42620  39012  46228                                        Oscoda County                                 MI est21all.txt 30NOV2022
26 137     2529     1997     3061 10.1  8.0 12.2      770      546      994 15.0 10.6 19.4      538      364      712 13.9  9.4 18.4  59538  53301  65775                                        Otsego County                                 MI est21all.txt 30NOV2022
26 139    21846    18535    25157  7.5  6.4  8.6     4478     3322     5634  6.5  4.8  8.2     3231     2325     4137  6.2  4.5  7.9  79402  75869  82935                                        Ottawa County                                 MI est21all.txt 30NOV2022
26 141     1745     1419     2071 13.5 11.0 16.0      446      335      557 23.1 17.3 28.9      319      234      404 21.7 15.9 27.5  56119  53141  59097                                        Presque Isle County                           MI est21all.txt 30NOV2022
26 143     4157     3445     4869 17.8 14.8 20.8     1096      840     1352 31.9 24.4 39.4      799      607      991 30.9 23.5 38.3  50822  47695  53949                                        Roscommon County                              MI est21all.txt 30NOV2022
26 145    38006    34532    41480 20.7 18.8 22.6    12124    10580    13668 30.3 26.4 34.2     8308     7097     9519 28.2 24.1 32.3  50992  48315  53669                                        Saginaw County                                MI est21all.txt 30NOV2022
26 147    17579    15035    20123 11.1  9.5 12.7     5381     4310     6452 16.7 13.4 20.0     3746     2916     4576 15.4 12.0 18.8  61466  58428  64504                                        St. Clair County                              MI est21all.txt 30NOV2022
26 149     7422     5964     8880 12.4 10.0 14.8     2515     1863     3167 17.3 12.8 21.8     1769     1252     2286 16.5 11.7 21.3  58400  53842  62958                                        St. Joseph County                             MI est21all.txt 30NOV2022
26 151     5805     4843     6767 14.5 12.1 16.9     1824     1403     2245 21.6 16.6 26.6     1326     1014     1638 20.6 15.7 25.5  49541  46283  52799                                        Sanilac County                                MI est21all.txt 30NOV2022
26 153     1103      871     1335 13.9 11.0 16.8      329      243      415 23.9 17.7 30.1      241      177      305 23.7 17.4 30.0  49735  45073  54397                                        Schoolcraft County                            MI est21all.txt 30NOV2022
26 155     7248     6043     8453 10.8  9.0 12.6     1976     1463     2489 14.3 10.6 18.0     1227      813     1641 11.9  7.9 15.9  53197  50232  56162                                        Shiawassee County                             MI est21all.txt 30NOV2022
26 157     6758     5703     7813 13.0 11.0 15.0     1952     1502     2402 19.0 14.6 23.4     1461     1135     1787 19.1 14.8 23.4  52365  49574  55156                                        Tuscola County                                MI est21all.txt 30NOV2022
26 159     9968     8352    11584 13.3 11.1 15.5     2981     2221     3741 17.4 13.0 21.8     2018     1427     2609 15.8 11.2 20.4  59240  55837  62643                                        Van Buren County                              MI est21all.txt 30NOV2022
26 161    43132    38938    47326 12.4 11.2 13.6     7527     6015     9039 11.2  8.9 13.5     5285     4120     6450 10.5  8.2 12.8  77359  74079  80639                                        Washtenaw County                              MI est21all.txt 30NOV2022
26 163   344903   328589   361217 19.6 18.7 20.5   118052   110206   125898 28.5 26.6 30.4    82398    76322    88474 27.2 25.2 29.2  52644  51260  54028                                        Wayne County                                  MI est21all.txt 30NOV2022
26 165     5097     4380     5814 15.2 13.1 17.3     1653     1318     1988 21.6 17.2 26.0     1070      792     1348 18.9 14.0 23.8  53711  49171  58251                                        Wexford County                                MI est21all.txt 30NOV2022
27   0   519437   507482   531392  9.3  9.1  9.5   138759   131831   145687 10.8 10.3 11.3    96265    90339   102191 10.1  9.5 10.7  77712  76812  78612   36651   33066   40236 11.1 10.0 12.2 Minnesota                                     MN est21all.txt 30NOV2022
27   1     1703     1383     2023 10.9  8.9 12.9      423      289      557 16.8 11.4 22.2      296      195      397 15.2 10.0 20.4  56471  52590  60352                                        Aitkin County                                 MN est21all.txt 30NOV2022
27   3    24537    21220    27854  6.8  5.9  7.7     7317     5827     8807  8.6  6.9 10.3     5295     4115     6475  8.3  6.4 10.2  88416  86250  90582                                        Anoka County                                  MN est21all.txt 30NOV2022
27   5     3929     3285     4573 11.3  9.4 13.2     1258      942     1574 15.2 11.4 19.0      827      570     1084 13.3  9.2 17.4  67261  63930  70592                                        Becker County                                 MN est21all.txt 30NOV2022
27   7     6816     5426     8206 15.3 12.2 18.4     2389     1739     3039 21.0 15.3 26.7     1696     1199     2193 20.5 14.5 26.5  60386  54937  65835                                        Beltrami County                               MN est21all.txt 30NOV2022
27   9     3547     2831     4263  8.7  6.9 10.5      988      691     1285  9.6  6.7 12.5      671      445      897  8.9  5.9 11.9  67048  61570  72526                                        Benton County                                 MN est21all.txt 30NOV2022
27  11      642      516      768 12.8 10.3 15.3      187      140      234 16.6 12.4 20.8      126       89      163 15.5 11.0 20.0  55635  49277  61993                                        Big Stone County                              MN est21all.txt 30NOV2022
27  13     8653     7420     9886 13.2 11.3 15.1     1635     1218     2052 12.1  9.0 15.2     1101      776     1426 11.1  7.8 14.4  68620  64925  72315                                        Blue Earth County                             MN est21all.txt 30NOV2022
27  15     2274     1866     2682  9.2  7.6 10.8      611      464      758 10.9  8.3 13.5      410      298      522  9.8  7.1 12.5  63708  59132  68284                                        Brown County                                  MN est21all.txt 30NOV2022
27  17     3605     2950     4260 10.4  8.5 12.3      961      755     1167 12.2  9.6 14.8      601      437      765 10.1  7.3 12.9  68442  62948  73936                                        Carlton County                                MN est21all.txt 30NOV2022
27  19     4979     4063     5895  4.6  3.7  5.5     1134      837     1431  4.1  3.0  5.2      788      568     1008  3.7  2.7  4.7 106582  98973 114191                                        Carver County                                 MN est21all.txt 30NOV2022
27  21     3566     2896     4236 11.7  9.5 13.9     1159      815     1503 18.7 13.2 24.2      768      502     1034 16.5 10.8 22.2  57928  54491  61365                                        Cass County                                   MN est21all.txt 30NOV2022
27  23     1290     1038     1542 10.6  8.5 12.7      429      317      541 14.3 10.6 18.0      299      215      383 13.4  9.7 17.1  58611  52795  64427                                        Chippewa County                               MN est21all.txt 30NOV2022
27  25     3659     2914     4404  6.5  5.2  7.8      987      732     1242  7.8  5.8  9.8      610      414      806  6.5  4.4  8.6  85080  79254  90906                                        Chisago County                                MN est21all.txt 30NOV2022
27  27     8064     6673     9455 12.9 10.7 15.1     2201     1634     2768 13.6 10.1 17.1     1545     1105     1985 13.2  9.4 17.0  67970  62780  73160                                        Clay County                                   MN est21all.txt 30NOV2022
27  29     1185      976     1394 14.0 11.5 16.5      401      300      502 18.6 13.9 23.3      263      187      339 16.3 11.6 21.0  60235  54993  65477                                        Clearwater County                             MN est21all.txt 30NOV2022
27  31      540      418      662  9.7  7.5 11.9      138      100      176 16.9 12.2 21.6       93       65      121 15.0 10.5 19.5  62528  58233  66823                                        Cook County                                   MN est21all.txt 30NOV2022
27  33     1364     1097     1631 12.0  9.6 14.4      460      334      586 15.7 11.4 20.0      315      222      408 14.4 10.2 18.6  58801  52052  65550                                        Cottonwood County                             MN est21all.txt 30NOV2022
27  35     7114     5952     8276 10.7  9.0 12.4     1907     1445     2369 13.8 10.5 17.1     1336      998     1674 12.8  9.6 16.0  64008  60218  67798                                        Crow Wing County                              MN est21all.txt 30NOV2022
27  37    22043    18796    25290  5.0  4.3  5.7     5848     4160     7536  5.6  4.0  7.2     4042     2756     5328  5.2  3.6  6.8  93850  91713  95987                                        Dakota County                                 MN est21all.txt 30NOV2022
27  39     1240      961     1519  6.0  4.7  7.3      358      250      466  6.9  4.8  9.0      246      165      327  6.2  4.1  8.3  84385  80334  88436                                        Dodge County                                  MN est21all.txt 30NOV2022
27  41     3580     2970     4190  9.2  7.6 10.8      778      562      994  9.3  6.7 11.9      542      376      708  8.9  6.2 11.6  67370  61043  73697                                        Douglas County                                MN est21all.txt 30NOV2022
27  43     1540     1237     1843 11.4  9.2 13.6      485      357      613 16.4 12.1 20.7      323      225      421 14.5 10.1 18.9  55696  50289  61103                                        Faribault County                              MN est21all.txt 30NOV2022
27  45     2574     2220     2928 12.3 10.6 14.0      923      755     1091 17.8 14.5 21.1      633      504      762 16.2 12.9 19.5  67804  63675  71933                                        Fillmore County                               MN est21all.txt 30NOV2022
27  47     3074     2451     3697 10.2  8.1 12.3      924      656     1192 14.0  9.9 18.1      637      435      839 12.9  8.8 17.0  62770  58353  67187                                        Freeborn County                               MN est21all.txt 30NOV2022
27  49     3771     3092     4450  8.0  6.6  9.4      899      648     1150  8.7  6.3 11.1      602      407      797  7.9  5.3 10.5  74974  68702  81246                                        Goodhue County                                MN est21all.txt 30NOV2022
27  51      608      472      744 10.0  7.8 12.2      183      130      236 13.2  9.4 17.0      126       86      166 11.9  8.2 15.6  61901  55673  68129                                        Grant County                                  MN est21all.txt 30NOV2022
27  53   124666   116361   132971 10.0  9.3 10.7    28108    23272    32944 10.4  8.6 12.2    20281    16588    23974 10.3  8.4 12.2  84220  82206  86234                                        Hennepin County                               MN est21all.txt 30NOV2022
27  55     1373     1065     1681  7.4  5.7  9.1      352      249      455  8.7  6.1 11.3      238      160      316  7.9  5.3 10.5  70325  63372  77278                                        Houston County                                MN est21all.txt 30NOV2022
27  57     2202     1744     2660 10.2  8.1 12.3      664      463      865 14.7 10.3 19.1      461      300      622 13.5  8.8 18.2  65557  59659  71455                                        Hubbard County                                MN est21all.txt 30NOV2022
27  59     3516     2952     4080  8.5  7.1  9.9      892      668     1116  9.4  7.0 11.8      634      461      807  8.9  6.5 11.3  74481  67560  81402                                        Isanti County                                 MN est21all.txt 30NOV2022
27  61     5390     4492     6288 12.2 10.2 14.2     1323      975     1671 14.9 11.0 18.8      854      576     1132 12.8  8.6 17.0  59138  54028  64248                                        Itasca County                                 MN est21all.txt 30NOV2022
27  63     1012      823     1201 10.3  8.4 12.2      271      194      348 12.8  9.2 16.4      186      125      247 11.9  8.0 15.8  64052  57667  70437                                        Jackson County                                MN est21all.txt 30NOV2022
27  65     2027     1708     2346 12.7 10.7 14.7      568      434      702 16.7 12.8 20.6      401      298      504 16.0 11.9 20.1  57937  52835  63039                                        Kanabec County                                MN est21all.txt 30NOV2022
27  67     5345     4556     6134 12.4 10.6 14.2     1619     1231     2007 15.5 11.8 19.2     1127      826     1428 14.8 10.9 18.7  66030  60593  71467                                        Kandiyohi County                              MN est21all.txt 30NOV2022
27  69      395      308      482  9.8  7.7 11.9      113       80      146 12.1  8.5 15.7       79       54      104 11.1  7.5 14.7  60785  53629  67941                                        Kittson County                                MN est21all.txt 30NOV2022
27  71     1597     1232     1962 13.6 10.5 16.7      389      278      500 18.9 13.5 24.3      274      188      360 17.5 12.0 23.0  59299  53516  65082                                        Koochiching County                            MN est21all.txt 30NOV2022
27  73      639      501      777  9.8  7.7 11.9      181      128      234 12.9  9.1 16.7      129       88      170 12.3  8.3 16.3  62182  55552  68812                                        Lac qui Parle County                          MN est21all.txt 30NOV2022
27  75      953      745     1161  8.8  6.9 10.7      235      169      301 11.4  8.2 14.6      159      111      207 10.3  7.2 13.4  68725  61600  75850                                        Lake County                                   MN est21all.txt 30NOV2022
27  77      391      300      482 10.4  8.0 12.8      104       73      135 14.3 10.1 18.5       73       49       97 13.9  9.4 18.4  62357  54910  69804                                        Lake of the Woods County                      MN est21all.txt 30NOV2022
27  79     1925     1536     2314  6.7  5.3  8.1      504      353      655  7.6  5.3  9.9      358      239      477  7.1  4.7  9.5  82936  78915  86957                                        Le Sueur County                               MN est21all.txt 30NOV2022
27  81      482      372      592  8.8  6.8 10.8      150      106      194 11.7  8.3 15.1      104       70      138 11.0  7.4 14.6  60199  53823  66575                                        Lincoln County                                MN est21all.txt 30NOV2022
27  83     2555     2065     3045 10.4  8.4 12.4      755      540      970 11.7  8.4 15.0      490      321      659 10.4  6.8 14.0  66692  60302  73082                                        Lyon County                                   MN est21all.txt 30NOV2022
27  85     2725     2223     3227  7.5  6.1  8.9      699      505      893  8.7  6.3 11.1      484      334      634  8.0  5.5 10.5  67835  61021  74649                                        McLeod County                                 MN est21all.txt 30NOV2022
27  87      997      817     1177 18.7 15.3 22.1      498      372      624 29.7 22.2 37.2      361      265      457 29.4 21.6 37.2  52486  48807  56165                                        Mahnomen County                               MN est21all.txt 30NOV2022
27  89      828      642     1014  9.3  7.2 11.4      232      167      297 11.3  8.1 14.5      157      107      207 10.4  7.1 13.7  66165  59072  73258                                        Marshall County                               MN est21all.txt 30NOV2022
27  91     2117     1671     2563 10.8  8.5 13.1      657      455      859 14.9 10.3 19.5      453      294      612 13.9  9.0 18.8  57521  51815  63227                                        Martin County                                 MN est21all.txt 30NOV2022
27  93     1991     1614     2368  8.6  7.0 10.2      523      376      670  9.5  6.8 12.2      356      243      469  8.6  5.9 11.3  66785  62823  70747                                        Meeker County                                 MN est21all.txt 30NOV2022
27  95     2869     2339     3399 10.9  8.9 12.9      948      705     1191 15.7 11.7 19.7      638      447      829 14.2  9.9 18.5  66546  61551  71541                                        Mille Lacs County                             MN est21all.txt 30NOV2022
27  97     3398     2795     4001 10.1  8.3 11.9      913      656     1170 11.8  8.5 15.1      623      425      821 10.6  7.2 14.0  63671  58540  68802                                        Morrison County                               MN est21all.txt 30NOV2022
27  99     4590     3849     5331 11.6  9.7 13.5     1435     1099     1771 14.4 11.0 17.8      999      732     1266 13.6 10.0 17.2  60831  55254  66408                                        Mower County                                  MN est21all.txt 30NOV2022
27 101      698      535      861  8.7  6.7 10.7      217      152      282 12.5  8.8 16.2      152      103      201 11.8  8.0 15.6  72302  69257  75347                                        Murray County                                 MN est21all.txt 30NOV2022
27 103     3141     2560     3722  9.8  8.0 11.6      754      554      954 10.1  7.4 12.8      520      371      669  9.2  6.6 11.8  73386  66870  79902                                        Nicollet County                               MN est21all.txt 30NOV2022
27 105     2460     1963     2957 11.4  9.1 13.7      816      596     1036 13.4  9.8 17.0      565      397      733 13.4  9.4 17.4  58596  53296  63896                                        Nobles County                                 MN est21all.txt 30NOV2022
27 107      744      580      908 11.9  9.3 14.5      261      186      336 17.3 12.3 22.3      179      122      236 15.8 10.7 20.9  60560  55134  65986                                        Norman County                                 MN est21all.txt 30NOV2022
27 109    12458    10532    14384  7.7  6.5  8.9     3344     2461     4227  8.5  6.2 10.8     2290     1605     2975  8.0  5.6 10.4  83656  79279  88033                                        Olmsted County                                MN est21all.txt 30NOV2022
27 111     5630     4577     6683  9.5  7.7 11.3     1523     1091     1955 11.8  8.4 15.2     1054      719     1389 10.9  7.4 14.4  63741  59267  68215                                        Otter Tail County                             MN est21all.txt 30NOV2022
27 113     1347     1055     1639 10.0  7.8 12.2      373      277      469 12.4  9.2 15.6      263      189      337 11.8  8.5 15.1  64778  58052  71504                                        Pennington County                             MN est21all.txt 30NOV2022
27 115     3031     2459     3603 10.9  8.8 13.0      826      589     1063 15.0 10.7 19.3      570      387      753 13.7  9.3 18.1  62206  57613  66799                                        Pine County                                   MN est21all.txt 30NOV2022
27 117      965      758     1172 10.6  8.3 12.9      360      262      458 14.8 10.8 18.8      237      162      312 13.4  9.1 17.7  58379  53568  63190                                        Pipestone County                              MN est21all.txt 30NOV2022
27 119     3658     3037     4279 12.3 10.2 14.4     1124      826     1422 15.1 11.1 19.1      753      535      971 13.8  9.8 17.8  61629  55429  67829                                        Polk County                                   MN est21all.txt 30NOV2022
27 121      970      763     1177  8.6  6.8 10.4      259      185      333 10.6  7.6 13.6      182      124      240 10.0  6.8 13.2  70662  66922  74402                                        Pope County                                   MN est21all.txt 30NOV2022
27 123    68409    61312    75506 13.0 11.7 14.3    22240    18633    25847 18.0 15.1 20.9    15669    12820    18518 17.5 14.3 20.7  70485  68257  72713                                        Ramsey County                                 MN est21all.txt 30NOV2022
27 125      353      269      437  9.1  6.9 11.3      101       71      131 10.8  7.5 14.1       70       47       93 10.0  6.7 13.3  57208  52250  62166                                        Red Lake County                               MN est21all.txt 30NOV2022
27 127     1410     1136     1684  9.4  7.6 11.2      444      317      571 11.7  8.4 15.0      313      216      410 11.2  7.7 14.7  61480  55925  67035                                        Redwood County                                MN est21all.txt 30NOV2022
27 129     1514     1211     1817 10.6  8.5 12.7      492      368      616 14.7 11.0 18.4      349      256      442 14.2 10.4 18.0  63768  60776  66760                                        Renville County                               MN est21all.txt 30NOV2022
27 131     5661     4566     6756  9.4  7.6 11.2     1529     1154     1904 10.9  8.2 13.6     1128      857     1399 10.8  8.2 13.4  71490  65100  77880                                        Rice County                                   MN est21all.txt 30NOV2022
27 133      913      737     1089  9.7  7.8 11.6      267      194      340 11.4  8.3 14.5      188      133      243 10.3  7.3 13.3  67389  59865  74913                                        Rock County                                   MN est21all.txt 30NOV2022
27 135     1487     1255     1719  9.9  8.4 11.4      386      280      492 10.9  7.9 13.9      264      181      347  9.7  6.7 12.7  69341  63654  75028                                        Roseau County                                 MN est21all.txt 30NOV2022
27 137    26441    23708    29174 13.8 12.4 15.2     5022     3809     6235 13.8 10.5 17.1     3286     2418     4154 12.2  9.0 15.4  64321  61255  67387                                        St. Louis County                              MN est21all.txt 30NOV2022
27 139     7034     5584     8484  4.6  3.6  5.6     2260     1658     2862  5.7  4.2  7.2     1519     1052     1986  5.0  3.5  6.5 108730 101378 116082                                        Scott County                                  MN est21all.txt 30NOV2022
27 141     5756     4521     6991  6.0  4.7  7.3     1690     1234     2146  6.7  4.9  8.5     1142      792     1492  6.1  4.2  8.0  92205  85959  98451                                        Sherburne County                              MN est21all.txt 30NOV2022
27 143     1322     1057     1587  9.0  7.2 10.8      338      241      435 10.2  7.3 13.1      232      158      306  9.5  6.5 12.5  73913  68379  79447                                        Sibley County                                 MN est21all.txt 30NOV2022
27 145    20682    18293    23071 13.5 11.9 15.1     5490     4483     6497 15.0 12.3 17.7     3333     2506     4160 12.6  9.5 15.7  67213  62206  72220                                        Stearns County                                MN est21all.txt 30NOV2022
27 147     3345     2712     3978  9.1  7.4 10.8     1088      823     1353 12.1  9.2 15.0      772      570      974 11.1  8.2 14.0  70093  63444  76742                                        Steele County                                 MN est21all.txt 30NOV2022
27 149     1051      860     1242 11.9  9.7 14.1      201      147      255  9.6  7.0 12.2      131       92      170  8.7  6.1 11.3  64585  57514  71656                                        Stevens County                                MN est21all.txt 30NOV2022
27 151     1035      828     1242 10.8  8.6 13.0      302      214      390 13.6  9.7 17.5      204      140      268 12.6  8.6 16.6  59516  52932  66100                                        Swift County                                  MN est21all.txt 30NOV2022
27 153     3262     2678     3846 13.1 10.8 15.4     1051      806     1296 17.8 13.7 21.9      734      544      924 16.8 12.4 21.2  58012  52426  63598                                        Todd County                                   MN est21all.txt 30NOV2022
27 155      402      301      503 12.6  9.4 15.8      150      106      194 22.3 15.8 28.8      105       71      139 21.3 14.4 28.2  60270  53174  67366                                        Traverse County                               MN est21all.txt 30NOV2022
27 157     1573     1257     1889  7.4  5.9  8.9      391      276      506  8.4  5.9 10.9      274      187      361  7.9  5.4 10.4  68843  64289  73397                                        Wabasha County                                MN est21all.txt 30NOV2022
27 159     1748     1364     2132 12.7  9.9 15.5      615      437      793 16.7 11.9 21.5      408      269      547 15.3 10.1 20.5  55215  49979  60451                                        Wadena County                                 MN est21all.txt 30NOV2022
27 161     1597     1231     1963  8.8  6.8 10.8      472      330      614 11.0  7.7 14.3      321      210      432  9.9  6.5 13.3  69110  64458  73762                                        Waseca County                                 MN est21all.txt 30NOV2022
27 163    13900    11619    16181  5.2  4.4  6.0     3511     2591     4431  5.4  4.0  6.8     2350     1640     3060  4.7  3.3  6.1 105251 101210 109292                                        Washington County                             MN est21all.txt 30NOV2022
27 165     1269     1026     1512 11.6  9.4 13.8      417      318      516 15.2 11.6 18.8      309      237      381 15.9 12.2 19.6  65099  58998  71200                                        Watonwan County                               MN est21all.txt 30NOV2022
27 167      621      486      756 10.0  7.8 12.2      175      125      225 12.5  8.9 16.1      124       85      163 11.8  8.1 15.5  65514  59010  72018                                        Wilkin County                                 MN est21all.txt 30NOV2022
27 169     5684     4824     6544 12.3 10.4 14.2      946      669     1223 11.0  7.8 14.2      644      432      856 10.1  6.8 13.4  63878  57090  70666                                        Winona County                                 MN est21all.txt 30NOV2022
27 171     7005     5514     8496  4.9  3.9  5.9     1899     1365     2433  4.9  3.5  6.3     1305      890     1720  4.4  3.0  5.8  99744  96713 102775                                        Wright County                                 MN est21all.txt 30NOV2022
27 173      984      781     1187 10.7  8.5 12.9      308      227      389 14.5 10.7 18.3      216      154      278 13.7  9.8 17.6  64247  58481  70013                                        Yellow Medicine County                        MN est21all.txt 30NOV2022
28   0   549710   536691   562729 19.2 18.7 19.7   184262   178205   190319 27.1 26.2 28.0   130611   125549   135673 25.7 24.7 26.7  48871  47663  50079   51862   48648   55076 30.3 28.4 32.2 Mississippi                                   MS est21all.txt 30NOV2022
28   1     6846     5490     8202 25.8 20.7 30.9     2076     1543     2609 36.6 27.2 46.0     1492     1075     1909 36.0 26.0 46.0  40007  37533  42481                                        Adams County                                  MS est21all.txt 30NOV2022
28   3     5712     4615     6809 17.0 13.7 20.3     1784     1259     2309 23.5 16.6 30.4     1288      880     1696 22.6 15.4 29.8  46712  41514  51910                                        Alcorn County                                 MS est21all.txt 30NOV2022
28   5     2747     2185     3309 22.0 17.5 26.5      772      570      974 30.4 22.4 38.4      561      403      719 29.4 21.1 37.7  41927  36759  47095                                        Amite County                                  MS est21all.txt 30NOV2022
28   7     3902     3153     4651 22.3 18.0 26.6     1417     1071     1763 32.0 24.2 39.8     1004      733     1275 30.1 22.0 38.2  40592  35823  45361                                        Attala County                                 MS est21all.txt 30NOV2022
28   9     1499     1146     1852 19.7 15.1 24.3      491      351      631 30.5 21.8 39.2      349      239      459 29.7 20.4 39.0  41019  36056  45982                                        Benton County                                 MS est21all.txt 30NOV2022
28  11     9905     8510    11300 34.2 29.4 39.0     3460     2828     4092 46.6 38.1 55.1     2593     2124     3062 46.6 38.2 55.0  35599  31326  39872                                        Bolivar County                                MS est21all.txt 30NOV2022
28  13     2888     2413     3363 22.4 18.7 26.1      940      739     1141 32.1 25.2 39.0      723      566      880 32.8 25.6 40.0  38073  33587  42559                                        Calhoun County                                MS est21all.txt 30NOV2022
28  15     1509     1142     1876 15.9 12.0 19.8      413      292      534 23.3 16.5 30.1      301      205      397 22.2 15.1 29.3  46012  40278  51746                                        Carroll County                                MS est21all.txt 30NOV2022
28  17     3288     2562     4014 19.9 15.5 24.3     1197      860     1534 28.7 20.6 36.8      853      594     1112 28.1 19.6 36.6  40762  36504  45020                                        Chickasaw County                              MS est21all.txt 30NOV2022
28  19     1674     1322     2026 20.9 16.5 25.3      529      392      666 30.9 22.9 38.9      390      285      495 30.0 21.9 38.1  43567  38329  48805                                        Choctaw County                                MS est21all.txt 30NOV2022
28  21     2530     1968     3092 33.3 25.9 40.7      733      523      943 39.9 28.5 51.3      530      364      696 40.2 27.6 52.8  33163  29299  37027                                        Claiborne County                              MS est21all.txt 30NOV2022
28  23     2828     2175     3481 18.5 14.2 22.8      965      682     1248 29.1 20.6 37.6      704      479      929 29.0 19.7 38.3  43774  38640  48908                                        Clarke County                                 MS est21all.txt 30NOV2022
28  25     4161     3340     4982 22.7 18.2 27.2     1390     1031     1749 33.5 24.8 42.2      971      678     1264 31.6 22.1 41.1  40257  35486  45028                                        Clay County                                   MS est21all.txt 30NOV2022
28  27     7660     6618     8702 37.9 32.7 43.1     3002     2493     3511 54.1 44.9 63.3     2048     1645     2451 50.4 40.5 60.3  31234  27549  34919                                        Coahoma County                                MS est21all.txt 30NOV2022
28  29     5710     4472     6948 20.9 16.4 25.4     1731     1198     2264 27.9 19.3 36.5     1274      853     1695 27.7 18.5 36.9  43471  39323  47619                                        Copiah County                                 MS est21all.txt 30NOV2022
28  31     3586     2753     4419 19.9 15.3 24.5     1362      972     1752 30.6 21.8 39.4      954      652     1256 28.9 19.8 38.0  43796  38624  48968                                        Covington County                              MS est21all.txt 30NOV2022
28  33    20337    17736    22938 10.8  9.4 12.2     6601     5283     7919 14.1 11.3 16.9     4632     3587     5677 12.9 10.0 15.8  72890  66679  79101                                        DeSoto County                                 MS est21all.txt 30NOV2022
28  35    15097    12515    17679 20.1 16.7 23.5     4984     3774     6194 27.6 20.9 34.3     3368     2415     4321 25.6 18.3 32.9  45326  41902  48750                                        Forrest County                                MS est21all.txt 30NOV2022
28  37     1682     1351     2013 22.1 17.7 26.5      556      428      684 32.0 24.7 39.3      421      324      518 31.5 24.2 38.8  43579  38124  49034                                        Franklin County                               MS est21all.txt 30NOV2022
28  39     3960     3164     4756 16.4 13.1 19.7     1435     1034     1836 22.1 15.9 28.3      972      658     1286 20.4 13.8 27.0  54560  48165  60955                                        George County                                 MS est21all.txt 30NOV2022
28  41     2352     1800     2904 21.2 16.2 26.2      632      458      806 24.8 18.0 31.6      441      305      577 23.6 16.3 30.9  45013  39548  50478                                        Greene County                                 MS est21all.txt 30NOV2022
28  43     4667     3797     5537 22.1 18.0 26.2     1844     1450     2238 36.0 28.3 43.7     1341     1033     1649 34.8 26.8 42.8  39562  35243  43881                                        Grenada County                                MS est21all.txt 30NOV2022
28  45     7913     6435     9391 17.3 14.1 20.5     2121     1560     2682 24.1 17.7 30.5     1500     1066     1934 23.1 16.4 29.8  54207  48247  60167                                        Hancock County                                MS est21all.txt 30NOV2022
28  47    36796    31995    41597 18.0 15.6 20.4    13594    11434    15754 27.9 23.5 32.3     8927     7092    10762 24.7 19.6 29.8  54090  50238  57942                                        Harrison County                               MS est21all.txt 30NOV2022
28  49    54213    49324    59102 25.2 22.9 27.5    17590    15043    20137 34.0 29.1 38.9    12769    10805    14733 33.3 28.2 38.4  42092  39079  45105                                        Hinds County                                  MS est21all.txt 30NOV2022
28  51     5918     4939     6897 37.8 31.5 44.1     1931     1476     2386 48.3 36.9 59.7     1322      963     1681 43.7 31.8 55.6  28236  24643  31829                                        Holmes County                                 MS est21all.txt 30NOV2022
28  53     2489     1921     3057 33.3 25.7 40.9      894      634     1154 47.6 33.8 61.4      632      429      835 43.8 29.7 57.9  30555  27080  34030                                        Humphreys County                              MS est21all.txt 30NOV2022
28  55      436      325      547 43.9 32.7 55.1       52       36       68 58.4 40.8 76.0       37       25       49 56.9 38.0 75.8  29050  25092  33008                                        Issaquena County                              MS est21all.txt 30NOV2022
28  57     3005     2309     3701 13.1 10.1 16.1      925      659     1191 18.1 12.9 23.3      618      416      820 16.1 10.8 21.4  51454  45149  57759                                        Itawamba County                               MS est21all.txt 30NOV2022
28  59    21019    17848    24190 14.7 12.5 16.9     6410     4733     8087 19.6 14.5 24.7     4681     3331     6031 18.8 13.4 24.2  57664  52283  63045                                        Jackson County                                MS est21all.txt 30NOV2022
28  61     2704     1974     3434 16.7 12.2 21.2     1020      708     1332 27.5 19.1 35.9      733      487      979 26.3 17.5 35.1  43527  38713  48341                                        Jasper County                                 MS est21all.txt 30NOV2022
28  63     2163     1692     2634 31.7 24.8 38.6      678      503      853 43.9 32.6 55.2      495      363      627 43.1 31.6 54.6  32234  29191  35277                                        Jefferson County                              MS est21all.txt 30NOV2022
28  65     2776     2160     3392 25.2 19.6 30.8      866      643     1089 39.9 29.6 50.2      610      433      787 37.7 26.7 48.7  34876  30922  38830                                        Jefferson Davis County                        MS est21all.txt 30NOV2022
28  67    12286     9933    14639 18.8 15.2 22.4     4192     3091     5293 25.6 18.9 32.3     2972     2067     3877 24.4 17.0 31.8  44670  39461  49879                                        Jones County                                  MS est21all.txt 30NOV2022
28  69     2126     1660     2592 26.1 20.4 31.8      617      451      783 38.0 27.8 48.2      463      332      594 38.2 27.4 49.0  37262  32785  41739                                        Kemper County                                 MS est21all.txt 30NOV2022
28  71     8653     7153    10153 16.5 13.6 19.4     1678     1212     2144 16.0 11.6 20.4     1226      862     1590 15.7 11.0 20.4  52428  48166  56690                                        Lafayette County                              MS est21all.txt 30NOV2022
28  73     7678     6156     9200 11.8  9.5 14.1     2766     2095     3437 17.6 13.3 21.9     2009     1498     2520 16.9 12.6 21.2  65261  59112  71410                                        Lamar County                                  MS est21all.txt 30NOV2022
28  75    15632    13210    18054 22.8 19.3 26.3     5126     4041     6211 31.1 24.5 37.7     3415     2521     4309 27.9 20.6 35.2  44492  39673  49311                                        Lauderdale County                             MS est21all.txt 30NOV2022
28  77     2274     1762     2786 19.3 15.0 23.6      774      552      996 27.2 19.4 35.0      558      383      733 25.8 17.7 33.9  45844  40974  50714                                        Lawrence County                               MS est21all.txt 30NOV2022
28  79     4157     3245     5069 21.1 16.5 25.7     1655     1226     2084 37.1 27.5 46.7     1154      809     1499 36.9 25.9 47.9  42938  38632  47244                                        Leake County                                  MS est21all.txt 30NOV2022
28  81    12446    10411    14481 15.2 12.7 17.7     4384     3340     5428 21.5 16.4 26.6     3169     2374     3964 20.7 15.5 25.9  57597  53126  62068                                        Lee County                                    MS est21all.txt 30NOV2022
28  83     9394     7997    10791 35.6 30.3 40.9     3590     2897     4283 47.9 38.7 57.1     2676     2163     3189 47.8 38.6 57.0  31091  27713  34469                                        Leflore County                                MS est21all.txt 30NOV2022
28  85     6086     4874     7298 17.7 14.2 21.2     2015     1546     2484 25.5 19.6 31.4     1483     1122     1844 24.9 18.8 31.0  45609  40959  50259                                        Lincoln County                                MS est21all.txt 30NOV2022
28  87    10511     8638    12384 18.5 15.2 21.8     3784     2830     4738 27.4 20.5 34.3     2595     1855     3335 25.9 18.5 33.3  49086  44024  54148                                        Lowndes County                                MS est21all.txt 30NOV2022
28  89    12447    10594    14300 11.5  9.8 13.2     4315     3495     5135 16.2 13.1 19.3     2758     2057     3459 13.8 10.3 17.3  77665  71038  84292                                        Madison County                                MS est21all.txt 30NOV2022
28  91     5415     4337     6493 22.9 18.3 27.5     1739     1298     2180 31.2 23.3 39.1     1201      848     1554 28.8 20.3 37.3  40017  35290  44744                                        Marion County                                 MS est21all.txt 30NOV2022
28  93     6367     5077     7657 19.9 15.9 23.9     2021     1491     2551 29.4 21.7 37.1     1490     1083     1897 29.7 21.6 37.8  40650  36816  44484                                        Marshall County                               MS est21all.txt 30NOV2022
28  95     5677     4457     6897 16.9 13.3 20.5     1699     1204     2194 22.6 16.0 29.2     1245      853     1637 22.0 15.1 28.9  47768  42922  52614                                        Monroe County                                 MS est21all.txt 30NOV2022
28  97     2042     1565     2519 21.2 16.2 26.2      710      510      910 32.7 23.5 41.9      505      351      659 31.5 21.9 41.1  40442  35404  45480                                        Montgomery County                             MS est21all.txt 30NOV2022
28  99     6061     4911     7211 21.2 17.2 25.2     2496     1901     3091 31.1 23.7 38.5     1747     1287     2207 29.2 21.5 36.9  44008  39178  48838                                        Neshoba County                                MS est21all.txt 30NOV2022
28 101     4153     3377     4929 20.2 16.4 24.0     1433     1090     1776 27.8 21.1 34.5     1049      787     1311 27.3 20.5 34.1  45278  39730  50826                                        Newton County                                 MS est21all.txt 30NOV2022
28 103     2674     2062     3286 26.8 20.7 32.9     1013      746     1280 40.5 29.8 51.2      697      485      909 39.0 27.2 50.8  34467  30190  38744                                        Noxubee County                                MS est21all.txt 30NOV2022
28 105    10406     8504    12308 22.2 18.1 26.3     2220     1576     2864 24.5 17.4 31.6     1559     1068     2050 23.8 16.3 31.3  43226  38208  48244                                        Oktibbeha County                              MS est21all.txt 30NOV2022
28 107     7383     5942     8824 22.6 18.2 27.0     2739     2104     3374 34.1 26.2 42.0     2078     1591     2565 35.8 27.4 44.2  42287  37123  47451                                        Panola County                                 MS est21all.txt 30NOV2022
28 109     8894     6949    10839 16.1 12.6 19.6     2776     1977     3575 22.0 15.7 28.3     1992     1351     2633 21.0 14.2 27.8  51023  45360  56686                                        Pearl River County                            MS est21all.txt 30NOV2022
28 111     2352     1893     2811 20.5 16.5 24.5      742      541      943 29.4 21.4 37.4      534      381      687 28.2 20.1 36.3  45758  40063  51453                                        Perry County                                  MS est21all.txt 30NOV2022
28 113    10753     9193    12313 27.6 23.6 31.6     3991     3215     4767 39.4 31.7 47.1     2504     1819     3189 33.0 24.0 42.0  39063  35152  42974                                        Pike County                                   MS est21all.txt 30NOV2022
28 115     5086     4281     5891 16.3 13.7 18.9     1847     1449     2245 22.7 17.8 27.6     1293      983     1603 21.5 16.3 26.7  50133  44466  55800                                        Pontotoc County                               MS est21all.txt 30NOV2022
28 117     4005     3100     4910 16.5 12.8 20.2     1229      861     1597 22.0 15.4 28.6      877      592     1162 21.4 14.4 28.4  49750  44858  54642                                        Prentiss County                               MS est21all.txt 30NOV2022
28 119     1981     1568     2394 33.8 26.8 40.8      657      490      824 49.7 37.1 62.3      442      306      578 44.2 30.6 57.8  31877  28213  35541                                        Quitman County                                MS est21all.txt 30NOV2022
28 121    16460    13732    19188 10.8  9.0 12.6     4977     3939     6015 14.3 11.3 17.3     3653     2862     4444 13.8 10.8 16.8  71478  66771  76185                                        Rankin County                                 MS est21all.txt 30NOV2022
28 123     5235     4044     6426 19.1 14.7 23.5     2082     1489     2675 28.0 20.0 36.0     1470     1001     1939 27.8 18.9 36.7  41496  36431  46561                                        Scott County                                  MS est21all.txt 30NOV2022
28 125     1274     1001     1547 35.1 27.6 42.6      467      347      587 53.1 39.5 66.7      338      246      430 50.8 36.9 64.7  32650  28659  36641                                        Sharkey County                                MS est21all.txt 30NOV2022
28 127     5409     4367     6451 21.3 17.2 25.4     1835     1368     2302 31.6 23.6 39.6     1312      958     1666 30.6 22.3 38.9  43757  40220  47294                                        Simpson County                                MS est21all.txt 30NOV2022
28 129     2394     1900     2888 17.0 13.5 20.5      789      576     1002 24.1 17.6 30.6      572      402      742 24.1 16.9 31.3  48335  42500  54170                                        Smith County                                  MS est21all.txt 30NOV2022
28 131     2898     2228     3568 16.6 12.8 20.4      989      702     1276 24.9 17.7 32.1      689      469      909 23.7 16.1 31.3  51353  45266  57440                                        Stone County                                  MS est21all.txt 30NOV2022
28 133     8186     6961     9411 38.7 32.9 44.5     3126     2748     3504 58.5 51.4 65.6     2438     2177     2699 61.1 54.6 67.6  34017  29933  38101                                        Sunflower County                              MS est21all.txt 30NOV2022
28 135     3418     2659     4177 33.7 26.2 41.2      997      744     1250 42.8 32.0 53.6      753      555      951 44.6 32.8 56.4  35671  31407  39935                                        Tallahatchie County                           MS est21all.txt 30NOV2022
28 137     4067     3214     4920 14.9 11.8 18.0     1300      928     1672 20.6 14.7 26.5      940      653     1227 20.3 14.1 26.5  54882  48822  60942                                        Tate County                                   MS est21all.txt 30NOV2022
28 139     4049     3369     4729 19.0 15.8 22.2     1436     1146     1726 28.1 22.4 33.8     1085      866     1304 27.8 22.2 33.4  49254  43673  54835                                        Tippah County                                 MS est21all.txt 30NOV2022
28 141     2894     2338     3450 15.7 12.7 18.7      807      583     1031 20.3 14.7 25.9      588      412      764 19.5 13.6 25.4  47839  42288  53390                                        Tishomingo County                             MS est21all.txt 30NOV2022
28 143     2540     1981     3099 26.6 20.8 32.4     1124      814     1434 42.0 30.4 53.6      795      551     1039 42.2 29.3 55.1  37886  34087  41685                                        Tunica County                                 MS est21all.txt 30NOV2022
28 145     3894     3082     4706 14.1 11.2 17.0     1471     1112     1830 21.1 15.9 26.3     1076      796     1356 20.6 15.2 26.0  51678  46327  57029                                        Union County                                  MS est21all.txt 30NOV2022
28 147     3260     2557     3963 23.7 18.6 28.8     1077      774     1380 35.0 25.1 44.9      773      535     1011 33.5 23.2 43.8  37080  33489  40671                                        Walthall County                               MS est21all.txt 30NOV2022
28 149     8915     7373    10457 20.7 17.1 24.3     3526     2849     4203 34.8 28.1 41.5     2555     2031     3079 33.9 26.9 40.9  50060  44513  55607                                        Warren County                                 MS est21all.txt 30NOV2022
28 151    12081     9865    14297 28.1 23.0 33.2     4447     3363     5531 40.2 30.4 50.0     3187     2338     4036 38.5 28.2 48.8  38040  34787  41293                                        Washington County                             MS est21all.txt 30NOV2022
28 153     4418     3444     5392 22.5 17.5 27.5     1582     1143     2021 33.0 23.8 42.2     1133      791     1475 31.9 22.3 41.5  38380  33988  42772                                        Wayne County                                  MS est21all.txt 30NOV2022
28 155     1635     1245     2025 16.5 12.6 20.4      582      417      747 24.7 17.7 31.7      422      292      552 24.2 16.7 31.7  49335  43942  54728                                        Webster County                                MS est21all.txt 30NOV2022
28 157     2349     1835     2863 32.4 25.3 39.5      668      482      854 39.5 28.5 50.5      466      320      612 36.4 25.0 47.8  33777  29504  38050                                        Wilkinson County                              MS est21all.txt 30NOV2022
28 159     3810     3008     4612 22.2 17.5 26.9     1266      922     1610 32.9 24.0 41.8      902      628     1176 30.7 21.4 40.0  48427  44925  51929                                        Winston County                                MS est21all.txt 30NOV2022
28 161     2733     2179     3287 22.3 17.8 26.8      923      683     1163 34.7 25.7 43.7      666      480      852 34.2 24.6 43.8  42995  38066  47924                                        Yalobusha County                              MS est21all.txt 30NOV2022
28 163     6876     5297     8455 31.3 24.1 38.5     2186     1590     2782 38.9 28.3 49.5     1573     1125     2021 37.0 26.5 47.5  37119  32663  41575                                        Yazoo County                                  MS est21all.txt 30NOV2022
29   0   765097   748927   781267 12.8 12.5 13.1   222992   214949   231035 16.5 15.9 17.1   154066   147333   160799 15.4 14.7 16.1  61815  61152  62478   63067   58984   67150 18.1 16.9 19.3 Missouri                                      MO est21all.txt 30NOV2022
29   1     5348     4648     6048 23.9 20.8 27.0      877      643     1111 20.1 14.7 25.5      581      394      768 19.0 12.9 25.1  47619  42840  52398                                        Adair County                                  MO est21all.txt 30NOV2022
29   3     1543     1195     1891  8.7  6.7 10.7      436      312      560 10.7  7.7 13.7      309      211      407 10.1  6.9 13.3  63665  59939  67391                                        Andrew County                                 MO est21all.txt 30NOV2022
29   5      644      505      783 12.5  9.8 15.2      185      133      237 17.6 12.6 22.6      133       93      173 16.3 11.4 21.2  54708  48096  61320                                        Atchison County                               MO est21all.txt 30NOV2022
29   7     3816     3029     4603 16.3 12.9 19.7     1256      902     1610 23.1 16.6 29.6      866      595     1137 22.6 15.5 29.7  55262  51639  58885                                        Audrain County                                MO est21all.txt 30NOV2022
29   9     6536     5397     7675 19.0 15.7 22.3     2275     1807     2743 29.3 23.3 35.3     1725     1372     2078 30.1 23.9 36.3  47532  42318  52746                                        Barry County                                  MO est21all.txt 30NOV2022
29  11     1785     1427     2143 15.5 12.4 18.6      561      387      735 20.8 14.4 27.2      395      263      527 19.5 13.0 26.0  46554  41631  51477                                        Barton County                                 MO est21all.txt 30NOV2022
29  13     2162     1722     2602 13.7 10.9 16.5      688      505      871 18.8 13.8 23.8      480      334      626 17.9 12.4 23.4  54634  49550  59718                                        Bates County                                  MO est21all.txt 30NOV2022
29  15     3080     2419     3741 15.6 12.2 19.0      921      651     1191 26.9 19.0 34.8      665      452      878 25.9 17.6 34.2  51574  49289  53859                                        Benton County                                 MO est21all.txt 30NOV2022
29  17     1572     1211     1933 15.0 11.5 18.5      506      364      648 22.5 16.2 28.8      361      250      472 22.2 15.3 29.1  54291  49152  59430                                        Bollinger County                              MO est21all.txt 30NOV2022
29  19    29264    26517    32011 16.6 15.0 18.2     5015     3829     6201 13.5 10.3 16.7     3127     2191     4063 11.5  8.1 14.9  62805  58897  66713                                        Boone County                                  MO est21all.txt 30NOV2022
29  21    14831    13061    16601 18.6 16.4 20.8     4183     3380     4986 22.8 18.4 27.2     2918     2279     3557 22.1 17.3 26.9  51811  47431  56191                                        Buchanan County                               MO est21all.txt 30NOV2022
29  23     8210     6756     9664 19.9 16.4 23.4     2757     2055     3459 28.5 21.2 35.8     1889     1338     2440 26.6 18.8 34.4  43640  39499  47781                                        Butler County                                 MO est21all.txt 30NOV2022
29  25     1152      932     1372 13.2 10.7 15.7      362      259      465 17.6 12.6 22.6      259      181      337 16.5 11.5 21.5  52861  47379  58343                                        Caldwell County                               MO est21all.txt 30NOV2022
29  27     4312     3302     5322 10.5  8.0 13.0     1269      887     1651 14.3 10.0 18.6      887      598     1176 13.7  9.2 18.2  64333  60683  67983                                        Callaway County                               MO est21all.txt 30NOV2022
29  29     5681     4649     6713 13.2 10.8 15.6     1476     1076     1876 20.6 15.0 26.2     1042      731     1353 19.3 13.6 25.0  54637  49810  59464                                        Camden County                                 MO est21all.txt 30NOV2022
29  31     9666     8087    11245 12.4 10.4 14.4     2328     1592     3064 13.5  9.2 17.8     1508      958     2058 11.9  7.6 16.2  60997  57392  64602                                        Cape Girardeau County                         MO est21all.txt 30NOV2022
29  33     1001      754     1248 12.1  9.1 15.1      345      241      449 19.3 13.5 25.1      245      165      325 17.9 12.1 23.7  59257  54690  63824                                        Carroll County                                MO est21all.txt 30NOV2022
29  35     1077      837     1317 20.4 15.9 24.9      405      295      515 32.3 23.5 41.1      275      185      365 29.8 20.0 39.6  39423  34563  44283                                        Carter County                                 MO est21all.txt 30NOV2022
29  37     7893     6245     9541  7.3  5.8  8.8     2454     1749     3159  9.6  6.8 12.4     1699     1156     2242  8.8  6.0 11.6  79949  73581  86317                                        Cass County                                   MO est21all.txt 30NOV2022
29  39     2598     2060     3136 18.2 14.4 22.0      938      667     1209 27.0 19.2 34.8      650      442      858 25.7 17.5 33.9  43563  38183  48943                                        Cedar County                                  MO est21all.txt 30NOV2022
29  41      848      658     1038 11.8  9.1 14.5      251      178      324 15.1 10.7 19.5      172      116      228 14.0  9.4 18.6  56898  50922  62874                                        Chariton County                               MO est21all.txt 30NOV2022
29  43     7564     6070     9058  8.3  6.7  9.9     2298     1588     3008 10.1  7.0 13.2     1595     1045     2145  9.3  6.1 12.5  70623  64227  77019                                        Christian County                              MO est21all.txt 30NOV2022
29  45      864      658     1070 13.0  9.9 16.1      326      227      425 21.4 14.9 27.9      232      154      310 20.8 13.8 27.8  50390  44533  56247                                        Clark County                                  MO est21all.txt 30NOV2022
29  47    20470    17540    23400  8.1  6.9  9.3     6108     4847     7369 10.2  8.1 12.3     4162     3183     5141  9.4  7.2 11.6  75129  72129  78129                                        Clay County                                   MO est21all.txt 30NOV2022
29  49     2104     1667     2541 10.1  8.0 12.2      630      452      808 13.1  9.4 16.8      417      279      555 11.6  7.8 15.4  64823  58463  71183                                        Clinton County                                MO est21all.txt 30NOV2022
29  51     8479     7015     9943 11.6  9.6 13.6     2468     1922     3014 14.7 11.5 17.9     1591     1159     2023 12.6  9.2 16.0  63972  59260  68684                                        Cole County                                   MO est21all.txt 30NOV2022
29  53     2026     1613     2439 12.5  9.9 15.1      609      439      779 16.7 12.0 21.4      434      305      563 16.4 11.5 21.3  56824  52150  61498                                        Cooper County                                 MO est21all.txt 30NOV2022
29  55     3565     2840     4290 15.8 12.6 19.0     1146      800     1492 22.8 15.9 29.7      783      512     1054 20.5 13.4 27.6  49511  44095  54927                                        Crawford County                               MO est21all.txt 30NOV2022
29  57     1134      895     1373 15.2 12.0 18.4      351      248      454 22.6 15.9 29.3      240      161      319 20.2 13.5 26.9  43303  38604  48002                                        Dade County                                   MO est21all.txt 30NOV2022
29  59     2844     2201     3487 16.6 12.8 20.4     1014      715     1313 24.7 17.4 32.0      651      420      882 21.8 14.1 29.5  46189  40874  51504                                        Dallas County                                 MO est21all.txt 30NOV2022
29  61     1059      801     1317 12.9  9.8 16.0      437      302      572 21.2 14.7 27.7      304      201      407 20.5 13.5 27.5  56786  52264  61308                                        Daviess County                                MO est21all.txt 30NOV2022
29  63     1234      940     1528 13.3 10.1 16.5      292      204      380 13.5  9.4 17.6      202      135      269 12.2  8.1 16.3  54112  48494  59730                                        DeKalb County                                 MO est21all.txt 30NOV2022
29  65     2343     1811     2875 16.4 12.7 20.1      774      542     1006 24.6 17.2 32.0      559      375      743 23.9 16.0 31.8  45530  40389  50671                                        Dent County                                   MO est21all.txt 30NOV2022
29  67     2381     1914     2848 20.5 16.5 24.5      738      532      944 28.7 20.7 36.7      523      363      683 27.1 18.8 35.4  41505  36461  46549                                        Douglas County                                MO est21all.txt 30NOV2022
29  69     6029     4723     7335 22.3 17.5 27.1     2255     1631     2879 32.0 23.2 40.8     1606     1120     2092 30.9 21.5 40.3  42932  38731  47133                                        Dunklin County                                MO est21all.txt 30NOV2022
29  71     9966     8144    11788  9.6  7.8 11.4     2824     2047     3601 12.1  8.8 15.4     1995     1396     2594 11.5  8.0 15.0  68162  64680  71644                                        Franklin County                               MO est21all.txt 30NOV2022
29  73     1648     1272     2024 11.3  8.7 13.9      488      343      633 16.1 11.3 20.9      342      231      453 15.3 10.3 20.3  56626  51309  61943                                        Gasconade County                              MO est21all.txt 30NOV2022
29  75      854      682     1026 14.1 11.3 16.9      315      235      395 19.8 14.8 24.8      212      149      275 18.0 12.6 23.4  49726  43775  55677                                        Gentry County                                 MO est21all.txt 30NOV2022
29  77    38292    33359    43225 13.2 11.5 14.9     9000     6637    11363 14.8 10.9 18.7     6001     4144     7858 13.5  9.3 17.7  53391  50841  55941                                        Greene County                                 MO est21all.txt 30NOV2022
29  79     1562     1220     1904 16.7 13.1 20.3      571      412      730 24.4 17.6 31.2      382      265      499 22.5 15.6 29.4  49560  45823  53297                                        Grundy County                                 MO est21all.txt 30NOV2022
29  81     1214      928     1500 15.1 11.5 18.7      472      332      612 23.8 16.8 30.8      322      219      425 21.2 14.4 28.0  47536  42205  52867                                        Harrison County                               MO est21all.txt 30NOV2022
29  83     3189     2563     3815 14.5 11.6 17.4      962      674     1250 19.9 13.9 25.9      659      437      881 18.9 12.5 25.3  48263  44572  51954                                        Henry County                                  MO est21all.txt 30NOV2022
29  85     1546     1197     1895 18.1 14.0 22.2      448      315      581 30.1 21.2 39.0      325      221      429 29.6 20.2 39.0  40224  35239  45209                                        Hickory County                                MO est21all.txt 30NOV2022
29  87      576      453      699 13.9 10.9 16.9      172      125      219 19.9 14.4 25.4      116       79      153 18.5 12.6 24.4  54322  48236  60408                                        Holt County                                   MO est21all.txt 30NOV2022
29  89     1152      885     1419 12.2  9.4 15.0      342      239      445 15.7 11.0 20.4      230      153      307 13.9  9.2 18.6  55699  50061  61337                                        Howard County                                 MO est21all.txt 30NOV2022
29  91     7236     5984     8488 18.4 15.2 21.6     2370     1694     3046 25.0 17.9 32.1     1736     1216     2256 24.5 17.2 31.8  45132  41307  48957                                        Howell County                                 MO est21all.txt 30NOV2022
29  93     1713     1333     2093 18.6 14.5 22.7      542      381      703 28.1 19.7 36.5      389      264      514 26.8 18.2 35.4  44817  40460  49174                                        Iron County                                   MO est21all.txt 30NOV2022
29  95    92796    84525   101067 13.1 11.9 14.3    28284    23726    32842 17.3 14.5 20.1    19442    16060    22824 16.2 13.4 19.0  63282  61467  65097                                        Jackson County                                MO est21all.txt 30NOV2022
29  97    20272    17842    22702 16.8 14.8 18.8     5715     4487     6943 19.3 15.1 23.5     4107     3203     5011 18.9 14.7 23.1  51936  48320  55552                                        Jasper County                                 MO est21all.txt 30NOV2022
29  99    19654    16397    22911  8.7  7.3 10.1     5585     4204     6966 11.0  8.3 13.7     3710     2615     4805  9.8  6.9 12.7  68959  64470  73448                                        Jefferson County                              MO est21all.txt 30NOV2022
29 101     5895     4568     7222 11.7  9.1 14.3     1529     1094     1964 13.3  9.5 17.1     1045      716     1374 12.7  8.7 16.7  59146  53358  64934                                        Johnson County                                MO est21all.txt 30NOV2022
29 103      642      499      785 17.1 13.3 20.9      255      184      326 28.8 20.7 36.9      185      130      240 29.6 20.8 38.4  45464  40254  50674                                        Knox County                                   MO est21all.txt 30NOV2022
29 105     5599     4463     6735 15.7 12.5 18.9     1908     1370     2446 21.7 15.6 27.8     1322      914     1730 20.6 14.3 26.9  46405  41311  51499                                        Laclede County                                MO est21all.txt 30NOV2022
29 107     3372     2629     4115 10.5  8.2 12.8     1107      795     1419 14.9 10.7 19.1      759      519      999 13.9  9.5 18.3  68142  62209  74075                                        Lafayette County                              MO est21all.txt 30NOV2022
29 109     5485     4375     6595 14.6 11.7 17.5     1914     1379     2449 20.0 14.4 25.6     1263      859     1667 18.0 12.3 23.7  51385  45843  56927                                        Lawrence County                               MO est21all.txt 30NOV2022
29 111     1383     1086     1680 14.9 11.7 18.1      406      278      534 18.7 12.8 24.6      283      186      380 17.7 11.7 23.7  47136  42422  51850                                        Lewis County                                  MO est21all.txt 30NOV2022
29 113     5657     4533     6781  9.3  7.5 11.1     1852     1355     2349 12.1  8.8 15.4     1315      926     1704 11.9  8.4 15.4  76182  74167  78197                                        Lincoln County                                MO est21all.txt 30NOV2022
29 115     1716     1341     2091 14.7 11.5 17.9      598      436      760 21.6 15.8 27.4      424      296      552 20.6 14.4 26.8  49490  45572  53408                                        Linn County                                   MO est21all.txt 30NOV2022
29 117     1867     1452     2282 13.8 10.7 16.9      569      404      734 17.7 12.6 22.8      401      276      526 16.8 11.5 22.1  51789  46094  57484                                        Livingston County                             MO est21all.txt 30NOV2022
29 119     4129     3288     4970 17.8 14.2 21.4     1476     1083     1869 25.5 18.7 32.3     1008      701     1315 24.1 16.7 31.5  41784  37347  46221                                        McDonald County                               MO est21all.txt 30NOV2022
29 121     2042     1617     2467 13.7 10.8 16.6      704      527      881 20.5 15.4 25.6      474      339      609 18.4 13.2 23.6  49295  44216  54374                                        Macon County                                  MO est21all.txt 30NOV2022
29 123     1727     1255     2199 13.9 10.1 17.7      603      403      803 21.4 14.3 28.5      439      285      593 20.9 13.6 28.2  46428  41411  51445                                        Madison County                                MO est21all.txt 30NOV2022
29 125      941      705     1177 11.3  8.5 14.1      285      195      375 16.9 11.6 22.2      201      132      270 15.9 10.4 21.4  52560  46471  58649                                        Maries County                                 MO est21all.txt 30NOV2022
29 127     3760     3047     4473 13.8 11.2 16.4     1137      809     1465 17.5 12.4 22.6      771      523     1019 16.2 11.0 21.4  54542  50863  58221                                        Marion County                                 MO est21all.txt 30NOV2022
29 129      448      338      558 13.0  9.8 16.2      156      109      203 19.1 13.3 24.9      108       71      145 18.1 12.0 24.2  49815  44067  55563                                        Mercer County                                 MO est21all.txt 30NOV2022
29 131     3696     2994     4398 15.0 12.1 17.9     1157      832     1482 19.9 14.3 25.5      812      561     1063 18.9 13.1 24.7  47185  42021  52349                                        Miller County                                 MO est21all.txt 30NOV2022
29 133     2593     1984     3202 23.2 17.8 28.6      781      538     1024 29.3 20.2 38.4      555      362      748 28.5 18.6 38.4  38559  34395  42723                                        Mississippi County                            MO est21all.txt 30NOV2022
29 135     1658     1297     2019 11.4  8.9 13.9      574      403      745 15.1 10.6 19.6      409      273      545 14.3  9.5 19.1  56419  51490  61348                                        Moniteau County                               MO est21all.txt 30NOV2022
29 137     1288     1065     1511 15.0 12.4 17.6      387      292      482 20.6 15.6 25.6      268      195      341 19.4 14.1 24.7  52079  45719  58439                                        Monroe County                                 MO est21all.txt 30NOV2022
29 139     1460     1140     1780 13.2 10.3 16.1      463      333      593 19.2 13.8 24.6      326      227      425 18.5 12.9 24.1  52818  46996  58640                                        Montgomery County                             MO est21all.txt 30NOV2022
29 141     3710     2983     4437 17.6 14.1 21.1     1198      881     1515 25.0 18.4 31.6      864      622     1106 25.1 18.1 32.1  50410  44681  56139                                        Morgan County                                 MO est21all.txt 30NOV2022
29 143     3467     2811     4123 22.1 17.9 26.3     1101      818     1384 29.5 21.9 37.1      715      490      940 26.0 17.8 34.2  39778  35694  43862                                        New Madrid County                             MO est21all.txt 30NOV2022
29 145     8784     7320    10248 15.1 12.6 17.6     2963     2368     3558 21.5 17.2 25.8     1887     1402     2372 18.4 13.7 23.1  58832  54544  63120                                        Newton County                                 MO est21all.txt 30NOV2022
29 147     2725     2146     3304 15.2 12.0 18.4      383      262      504 12.1  8.3 15.9      269      175      363 12.0  7.8 16.2  49751  44132  55370                                        Nodaway County                                MO est21all.txt 30NOV2022
29 149     1807     1418     2196 21.2 16.6 25.8      616      439      793 31.7 22.6 40.8      445      307      583 30.4 21.0 39.8  37898  33247  42549                                        Oregon County                                 MO est21all.txt 30NOV2022
29 151     1093      836     1350  8.4  6.4 10.4      296      207      385  9.9  6.9 12.9      209      140      278  9.2  6.2 12.2  67603  61032  74174                                        Osage County                                  MO est21all.txt 30NOV2022
29 153     1780     1393     2167 20.4 16.0 24.8      558      408      708 33.5 24.5 42.5      403      288      518 31.5 22.5 40.5  41194  36375  46013                                        Ozark County                                  MO est21all.txt 30NOV2022
29 155     3568     2772     4364 23.7 18.4 29.0     1380      956     1804 35.5 24.6 46.4      999      686     1312 35.7 24.5 46.9  36828  33710  39946                                        Pemiscot County                               MO est21all.txt 30NOV2022
29 157     1890     1445     2335 10.1  7.7 12.5      566      394      738 13.4  9.3 17.5      403      269      537 12.7  8.5 16.9  56788  50404  63172                                        Perry County                                  MO est21all.txt 30NOV2022
29 159     6810     5666     7954 16.1 13.4 18.8     2194     1659     2729 20.8 15.7 25.9     1569     1169     1969 20.7 15.4 26.0  49333  44999  53667                                        Pettis County                                 MO est21all.txt 30NOV2022
29 161     7607     6238     8976 18.1 14.8 21.4     2008     1499     2517 21.8 16.3 27.3     1448     1076     1820 21.0 15.6 26.4  49346  43820  54872                                        Phelps County                                 MO est21all.txt 30NOV2022
29 163     2692     2101     3283 16.6 13.0 20.2      860      617     1103 21.6 15.5 27.7      616      431      801 21.0 14.7 27.3  51699  45410  57988                                        Pike County                                   MO est21all.txt 30NOV2022
29 165     7464     6196     8732  6.9  5.7  8.1     2014     1525     2503  8.1  6.1 10.1     1337      963     1711  7.1  5.1  9.1  86720  81320  92120                                        Platte County                                 MO est21all.txt 30NOV2022
29 167     4694     3769     5619 15.3 12.3 18.3     1419     1000     1838 19.9 14.0 25.8     1010      673     1347 19.5 13.0 26.0  53856  49356  58356                                        Polk County                                   MO est21all.txt 30NOV2022
29 169     5522     4354     6690 12.7 10.0 15.4     1649     1218     2080 14.2 10.5 17.9     1065      719     1411 13.2  8.9 17.5  58046  52046  64046                                        Pulaski County                                MO est21all.txt 30NOV2022
29 171      669      511      827 14.4 11.0 17.8      221      156      286 20.9 14.7 27.1      154      104      204 20.9 14.2 27.6  46774  42173  51375                                        Putnam County                                 MO est21all.txt 30NOV2022
29 173     1006      783     1229  9.8  7.6 12.0      277      196      358 13.1  9.3 16.9      191      131      251 11.8  8.1 15.5  61239  55068  67410                                        Ralls County                                  MO est21all.txt 30NOV2022
29 175     3439     2710     4168 15.3 12.1 18.5     1039      733     1345 20.0 14.1 25.9      715      480      950 18.9 12.7 25.1  48560  43037  54083                                        Randolph County                               MO est21all.txt 30NOV2022
29 177     2361     1908     2814 10.4  8.4 12.4      732      549      915 14.4 10.8 18.0      504      364      644 13.2  9.5 16.9  68609  62905  74313                                        Ray County                                    MO est21all.txt 30NOV2022
29 179      984      713     1255 16.4 11.9 20.9      358      251      465 31.5 22.1 40.9      251      169      333 29.8 20.0 39.6  42611  39113  46109                                        Reynolds County                               MO est21all.txt 30NOV2022
29 181     2457     1990     2924 23.4 19.0 27.8      810      587     1033 33.0 23.9 42.1      577      399      755 31.7 21.9 41.5  37865  33315  42415                                        Ripley County                                 MO est21all.txt 30NOV2022
29 183    21239    17666    24812  5.3  4.4  6.2     5468     4064     6872  6.0  4.5  7.5     3783     2693     4873  5.4  3.8  7.0  92029  88325  95733                                        St. Charles County                            MO est21all.txt 30NOV2022
29 185     1675     1307     2043 18.2 14.2 22.2      554      391      717 28.9 20.4 37.4      394      268      520 27.5 18.7 36.3  41754  37844  45664                                        St. Clair County                              MO est21all.txt 30NOV2022
29 186     1885     1463     2307 10.3  8.0 12.6      569      406      732 14.3 10.2 18.4      398      274      522 13.6  9.3 17.9  63729  57269  70189                                        Ste. Genevieve County                         MO est21all.txt 30NOV2022
29 187    11027     9109    12945 18.0 14.9 21.1     3195     2447     3943 23.0 17.6 28.4     2299     1749     2849 22.4 17.0 27.8  48557  43142  53972                                        St. Francois County                           MO est21all.txt 30NOV2022
29 189   102288    94501   110075 10.5  9.7 11.3    28662    24647    32677 13.2 11.3 15.1    19481    16215    22747 12.1 10.1 14.1  72507  70701  74313                                        St. Louis County                              MO est21all.txt 30NOV2022
29 195     3004     2297     3711 13.7 10.5 16.9      906      628     1184 18.1 12.5 23.7      659      436      882 17.7 11.7 23.7  51994  47219  56769                                        Saline County                                 MO est21all.txt 30NOV2022
29 197      518      388      648 13.1  9.8 16.4      228      159      297 22.0 15.3 28.7      158      104      212 21.6 14.3 28.9  49163  43631  54695                                        Schuyler County                               MO est21all.txt 30NOV2022
29 199      653      505      801 14.2 11.0 17.4      271      191      351 20.5 14.5 26.5      185      125      245 19.3 13.0 25.6  48665  42982  54348                                        Scotland County                               MO est21all.txt 30NOV2022
29 201     5909     4744     7074 15.9 12.8 19.0     2071     1520     2622 23.1 17.0 29.2     1460     1048     1872 22.3 16.0 28.6  49257  44086  54428                                        Scott County                                  MO est21all.txt 30NOV2022
29 203     1517     1174     1860 21.5 16.6 26.4      501      345      657 32.5 22.4 42.6      356      234      478 30.9 20.3 41.5  36683  32220  41146                                        Shannon County                                MO est21all.txt 30NOV2022
29 205      827      635     1019 14.3 11.0 17.6      292      205      379 21.1 14.8 27.4      204      135      273 19.9 13.2 26.6  50838  44798  56878                                        Shelby County                                 MO est21all.txt 30NOV2022
29 207     5028     4194     5862 17.9 14.9 20.9     1336      998     1674 21.7 16.2 27.2      935      681     1189 20.8 15.1 26.5  46818  42426  51210                                        Stoddard County                               MO est21all.txt 30NOV2022
29 209     4554     3657     5451 14.6 11.7 17.5     1230      885     1575 24.2 17.4 31.0      861      595     1127 22.6 15.6 29.6  53039  48861  57217                                        Stone County                                  MO est21all.txt 30NOV2022
29 211      943      737     1149 16.1 12.6 19.6      270      194      346 20.0 14.4 25.6      187      130      244 19.3 13.4 25.2  46864  42822  50906                                        Sullivan County                               MO est21all.txt 30NOV2022
29 213     8531     7079     9983 15.6 12.9 18.3     2596     1905     3287 22.4 16.4 28.4     1847     1284     2410 21.5 14.9 28.1  47210  42235  52185                                        Taney County                                  MO est21all.txt 30NOV2022
29 215     5146     4209     6083 22.0 18.0 26.0     1652     1272     2032 31.6 24.3 38.9     1143      839     1447 29.5 21.7 37.3  41483  37200  45766                                        Texas County                                  MO est21all.txt 30NOV2022
29 217     3648     3055     4241 19.3 16.2 22.4     1173      890     1456 26.5 20.1 32.9      836      621     1051 25.9 19.3 32.5  48273  43395  53151                                        Vernon County                                 MO est21all.txt 30NOV2022
29 219     2850     2097     3603  7.9  5.8 10.0     1025      710     1340 12.3  8.5 16.1      744      502      986 12.0  8.1 15.9  71073  63534  78612                                        Warren County                                 MO est21all.txt 30NOV2022
29 221     4355     3374     5336 19.4 15.0 23.8     1383      995     1771 26.5 19.1 33.9      988      689     1287 25.5 17.8 33.2  44063  38868  49258                                        Washington County                             MO est21all.txt 30NOV2022
29 223     2157     1677     2637 20.0 15.6 24.4      669      465      873 30.9 21.5 40.3      460      299      621 28.3 18.4 38.2  41271  36869  45673                                        Wayne County                                  MO est21all.txt 30NOV2022
29 225     5857     4744     6970 15.0 12.1 17.9     2566     1905     3227 23.9 17.8 30.0     1824     1296     2352 23.1 16.4 29.8  59303  56427  62179                                        Webster County                                MO est21all.txt 30NOV2022
29 227      271      205      337 14.0 10.6 17.4       76       53       99 20.3 14.2 26.4       53       36       70 20.4 13.7 27.1  45477  39986  50968                                        Worth County                                  MO est21all.txt 30NOV2022
29 229     3636     2895     4377 19.8 15.8 23.8     1338      964     1712 28.1 20.2 36.0      963      675     1251 27.3 19.1 35.5  41748  36915  46581                                        Wright County                                 MO est21all.txt 30NOV2022
29 510    60908    53950    67866 21.5 19.0 24.0    17437    13933    20941 33.0 26.4 39.6    12396     9788    15004 34.3 27.1 41.5  49246  47072  51420                                        St. Louis city                                MO est21all.txt 30NOV2022
30   0   129910   124852   134968 12.0 11.5 12.5    34221    32296    36146 14.9 14.1 15.7    23405    21810    25000 13.6 12.7 14.5  63357  61990  64724    9726    8698   10754 17.2 15.4 19.0 Montana                                       MT est21all.txt 30NOV2022
30   1     1158      885     1431 12.7  9.7 15.7      224      154      294 14.9 10.3 19.5      154      100      208 13.8  9.0 18.6  53776  48444  59108                                        Beaverhead County                             MT est21all.txt 30NOV2022
30   3     3293     2662     3924 25.7 20.8 30.6     1393     1047     1739 32.9 24.7 41.1      923      656     1190 28.7 20.4 37.0  47179  42524  51834                                        Big Horn County                               MT est21all.txt 30NOV2022
30   5     1302      978     1626 18.9 14.2 23.6      492      337      647 24.0 16.4 31.6      336      222      450 21.9 14.5 29.3  46335  40743  51927                                        Blaine County                                 MT est21all.txt 30NOV2022
30   7      620      464      776  8.6  6.4 10.8      175      119      231 12.6  8.6 16.6      122       78      166 11.9  7.6 16.2  66307  58112  74502                                        Broadwater County                             MT est21all.txt 30NOV2022
30   9      998      747     1249  9.2  6.9 11.5      252      168      336 13.8  9.2 18.4      185      119      251 12.8  8.2 17.4  62841  56041  69641                                        Carbon County                                 MT est21all.txt 30NOV2022
30  11      185      137      233 13.1  9.7 16.5       48       32       64 15.9 10.7 21.1       34       22       46 17.3 11.2 23.4  52116  45610  58622                                        Carter County                                 MT est21all.txt 30NOV2022
30  13    10709     8954    12464 13.0 10.9 15.1     3021     2251     3791 16.1 12.0 20.2     2121     1562     2680 15.5 11.4 19.6  57085  53066  61104                                        Cascade County                                MT est21all.txt 30NOV2022
30  15      843      636     1050 14.4 10.9 17.9      249      167      331 19.7 13.2 26.2      165      104      226 16.5 10.4 22.6  51113  45076  57150                                        Chouteau County                               MT est21all.txt 30NOV2022
30  17     1513     1207     1819 13.2 10.5 15.9      323      219      427 14.2  9.6 18.8      218      139      297 12.8  8.2 17.4  54913  50325  59501                                        Custer County                                 MT est21all.txt 30NOV2022
30  19      184      140      228 11.2  8.5 13.9       45       30       60 13.0  8.8 17.2       32       21       43 11.9  7.7 16.1  52852  46443  59261                                        Daniels County                                MT est21all.txt 30NOV2022
30  21      940      690     1190 11.2  8.2 14.2      283      192      374 14.9 10.1 19.7      194      125      263 13.6  8.8 18.4  70252  66662  73842                                        Dawson County                                 MT est21all.txt 30NOV2022
30  23     1292     1017     1567 14.6 11.5 17.7      215      144      286 18.5 12.4 24.6      152       96      208 18.2 11.5 24.9  45725  41950  49500                                        Deer Lodge County                             MT est21all.txt 30NOV2022
30  25      266      199      333  8.9  6.7 11.1       89       60      118 11.4  7.7 15.1       63       40       86 10.2  6.5 13.9  63793  55748  71838                                        Fallon County                                 MT est21all.txt 30NOV2022
30  27     1359     1033     1685 12.0  9.1 14.9      365      255      475 15.4 10.7 20.1      254      170      338 14.7  9.8 19.6  54823  48276  61370                                        Fergus County                                 MT est21all.txt 30NOV2022
30  29    10183     8074    12292  9.5  7.5 11.5     2674     1889     3459 11.6  8.2 15.0     1749     1130     2368 10.0  6.4 13.6  65835  62778  68892                                        Flathead County                               MT est21all.txt 30NOV2022
30  31    10517     8933    12101  8.8  7.5 10.1     1588     1089     2087  6.8  4.7  8.9     1049      681     1417  6.0  3.9  8.1  78910  72690  85130                                        Gallatin County                               MT est21all.txt 30NOV2022
30  33      179      135      223 14.8 11.1 18.5       55       37       73 19.8 13.5 26.1       37       24       50 17.9 11.4 24.4  49898  43683  56113                                        Garfield County                               MT est21all.txt 30NOV2022
30  35     3331     2646     4016 24.6 19.5 29.7     1215      848     1582 29.6 20.7 38.5      836      551     1121 27.9 18.4 37.4  44777  39667  49887                                        Glacier County                                MT est21all.txt 30NOV2022
30  37      134      100      168 16.6 12.4 20.8       39       26       52 27.5 18.5 36.5       28       18       38 29.5 19.1 39.9  43820  38458  49182                                        Golden Valley County                          MT est21all.txt 30NOV2022
30  39      389      293      485 11.7  8.8 14.6       78       53      103 16.1 10.9 21.3       54       35       73 14.0  9.0 19.0  52984  46439  59529                                        Granite County                                MT est21all.txt 30NOV2022
30  41     2670     2118     3222 16.9 13.4 20.4      961      676     1246 21.6 15.2 28.0      665      455      875 21.3 14.6 28.0  54377  49285  59469                                        Hill County                                   MT est21all.txt 30NOV2022
30  43      913      683     1143  7.4  5.5  9.3      224      151      297  9.3  6.3 12.3      158      102      214  8.3  5.4 11.2  68128  61200  75056                                        Jefferson County                              MT est21all.txt 30NOV2022
30  45      308      232      384 15.1 11.4 18.8       92       62      122 23.2 15.6 30.8       64       41       87 21.6 13.8 29.4  51392  45293  57491                                        Judith Basin County                           MT est21all.txt 30NOV2022
30  47     5450     4516     6384 17.2 14.3 20.1     1464     1004     1924 20.6 14.1 27.1     1003      648     1358 18.5 11.9 25.1  50978  45884  56072                                        Lake County                                   MT est21all.txt 30NOV2022
30  49     6389     4976     7802  9.0  7.0 11.0     1676     1164     2188 11.2  7.8 14.6     1118      733     1503 10.0  6.6 13.4  67702  62241  73163                                        Lewis and Clark County                        MT est21all.txt 30NOV2022
30  51      303      228      378 16.1 12.1 20.1       80       55      105 21.7 14.9 28.5       55       36       74 22.4 14.8 30.0  49277  43125  55429                                        Liberty County                                MT est21all.txt 30NOV2022
30  53     3409     2641     4177 16.8 13.0 20.6     1010      709     1311 27.5 19.3 35.7      721      487      955 25.7 17.3 34.1  48156  42982  53330                                        Lincoln County                                MT est21all.txt 30NOV2022
30  55      236      175      297 13.9 10.3 17.5       70       47       93 20.2 13.7 26.7       47       30       64 17.6 11.3 23.9  51881  45723  58039                                        McCone County                                 MT est21all.txt 30NOV2022
30  57      808      611     1005  9.1  6.9 11.3      184      126      242 13.5  9.2 17.8      129       84      174 13.0  8.5 17.5  62516  56604  68428                                        Madison County                                MT est21all.txt 30NOV2022
30  59      292      218      366 15.3 11.4 19.2       80       54      106 23.5 15.9 31.1       53       34       72 22.9 14.6 31.2  45391  40082  50700                                        Meagher County                                MT est21all.txt 30NOV2022
30  61      683      520      846 14.2 10.8 17.6      210      144      276 22.9 15.7 30.1      148       97      199 21.9 14.4 29.4  50327  44758  55896                                        Mineral County                                MT est21all.txt 30NOV2022
30  63    15043    12906    17180 12.9 11.1 14.7     2820     2116     3524 13.2  9.9 16.5     1858     1308     2408 11.5  8.1 14.9  65682  62186  69178                                        Missoula County                               MT est21all.txt 30NOV2022
30  65      766      587      945 15.8 12.1 19.5      214      143      285 24.4 16.3 32.5      149       93      205 22.9 14.2 31.6  54003  49956  58050                                        Musselshell County                            MT est21all.txt 30NOV2022
30  67     1717     1319     2115  9.9  7.6 12.2      366      257      475 12.6  8.8 16.4      249      166      332 11.7  7.8 15.6  59113  53242  64984                                        Park County                                   MT est21all.txt 30NOV2022
30  69       67       50       84 12.9  9.6 16.2       17       11       23 23.3 15.7 30.9       12        8       16 21.8 14.0 29.6  48141  42101  54181                                        Petroleum County                              MT est21all.txt 30NOV2022
30  71      600      439      761 14.5 10.6 18.4      214      143      285 21.8 14.6 29.0      146       92      200 19.7 12.4 27.0  53626  47602  59650                                        Phillips County                               MT est21all.txt 30NOV2022
30  73      990      760     1220 17.0 13.1 20.9      306      213      399 22.9 15.9 29.9      189      119      259 20.1 12.6 27.6  47900  42225  53575                                        Pondera County                                MT est21all.txt 30NOV2022
30  75      184      141      227 11.1  8.5 13.7       43       29       57 15.5 10.4 20.6       31       20       42 16.5 10.6 22.4  52298  45733  58863                                        Powder River County                           MT est21all.txt 30NOV2022
30  77      891      654     1128 16.9 12.4 21.4      178      121      235 17.9 12.2 23.6      124       80      168 16.9 10.9 22.9  47687  42199  53175                                        Powell County                                 MT est21all.txt 30NOV2022
30  79      146      112      180 13.7 10.5 16.9       39       27       51 17.8 12.1 23.5       27       17       37 16.9 10.9 22.9  46328  41064  51592                                        Prairie County                                MT est21all.txt 30NOV2022
30  81     4323     3207     5439  9.5  7.1 11.9     1235      816     1654 14.7  9.7 19.7      891      565     1217 14.0  8.9 19.1  60030  53803  66257                                        Ravalli County                                MT est21all.txt 30NOV2022
30  83     1022      775     1269  9.1  6.9 11.3      329      224      434 11.8  8.0 15.6      225      145      305 10.7  6.9 14.5  63148  56942  69354                                        Richland County                               MT est21all.txt 30NOV2022
30  85     2692     2141     3243 25.3 20.1 30.5     1142      813     1471 31.4 22.3 40.5      777      534     1020 29.1 20.0 38.2  47266  42781  51751                                        Roosevelt County                              MT est21all.txt 30NOV2022
30  87     1419     1113     1725 17.6 13.8 21.4      572      421      723 24.2 17.8 30.6      401      284      518 22.7 16.1 29.3  61331  53791  68871                                        Rosebud County                                MT est21all.txt 30NOV2022
30  89     1883     1439     2327 14.7 11.2 18.2      519      358      680 24.6 17.0 32.2      362      238      486 23.2 15.2 31.2  50270  45243  55297                                        Sanders County                                MT est21all.txt 30NOV2022
30  91      409      311      507 11.8  9.0 14.6      106       73      139 14.8 10.1 19.5       71       46       96 13.4  8.7 18.1  56095  49259  62931                                        Sheridan County                               MT est21all.txt 30NOV2022
30  93     4471     3444     5498 13.0 10.0 16.0     1187      820     1554 16.8 11.6 22.0      815      542     1088 15.3 10.2 20.4  52495  47201  57789                                        Silver Bow County                             MT est21all.txt 30NOV2022
30  95      731      554      908  8.1  6.1 10.1      185      126      244 10.0  6.8 13.2      129       84      174  8.8  5.7 11.9  75820  67093  84547                                        Stillwater County                             MT est21all.txt 30NOV2022
30  97      356      266      446  9.7  7.3 12.1       93       63      123 13.0  8.8 17.2       65       42       88 11.5  7.4 15.6  61454  53904  69004                                        Sweet Grass County                            MT est21all.txt 30NOV2022
30  99      765      577      953 12.5  9.4 15.6      242      164      320 16.9 11.5 22.3      162      105      219 16.2 10.5 21.9  59787  54275  65299                                        Teton County                                  MT est21all.txt 30NOV2022
30 101      641      469      813 14.6 10.7 18.5      201      136      266 19.3 13.0 25.6      133       85      181 18.1 11.6 24.6  49297  43821  54773                                        Toole County                                  MT est21all.txt 30NOV2022
30 103       93       70      116 12.1  9.1 15.1       34       23       45 19.9 13.4 26.4       23       15       31 21.9 14.0 29.8  58275  51247  65303                                        Treasure County                               MT est21all.txt 30NOV2022
30 105      877      664     1090 11.8  8.9 14.7      252      173      331 15.2 10.5 19.9      179      116      242 14.4  9.3 19.5  55338  48646  62030                                        Valley County                                 MT est21all.txt 30NOV2022
30 107      346      259      433 17.2 12.9 21.5      108       71      145 24.6 16.3 32.9       74       46      102 23.3 14.6 32.0  42431  37294  47568                                        Wheatland County                              MT est21all.txt 30NOV2022
30 109      101       75      127 11.1  8.3 13.9       25       17       33 13.4  9.0 17.8       17       11       23 12.1  7.6 16.6  51924  45430  58418                                        Wibaux County                                 MT est21all.txt 30NOV2022
30 111    18523    15935    21111 11.3  9.7 12.9     4921     3785     6057 13.0 10.0 16.0     3429     2565     4293 12.0  9.0 15.0  69182  65335  73029                                        Yellowstone County                            MT est21all.txt 30NOV2022
31   0   201627   194607   208647 10.5 10.1 10.9    57279    53701    60857 12.1 11.3 12.9    38634    35703    41565 11.1 10.3 11.9  66949  65911  67987   16432   14419   18445 13.4 11.8 15.0 Nebraska                                      NE est21all.txt 30NOV2022
31   1     3501     2879     4123 11.7  9.6 13.8      855      593     1117 12.0  8.3 15.7      567      370      764 10.9  7.1 14.7  57136  51413  62859                                        Adams County                                  NE est21all.txt 30NOV2022
31   3      625      466      784 10.0  7.5 12.5      207      137      277 13.6  9.0 18.2      151       96      206 14.0  8.9 19.1  57413  52877  61949                                        Antelope County                               NE est21all.txt 30NOV2022
31   5       57       43       71 13.0  9.7 16.3       21       14       28 18.9 12.6 25.2       15        9       21 16.7 10.6 22.8  58677  52290  65064                                        Arthur County                                 NE est21all.txt 30NOV2022
31   7       71       53       89 10.3  7.7 12.9       30       20       40 17.6 11.8 23.4       22       14       30 16.7 10.7 22.7  59863  52451  67275                                        Banner County                                 NE est21all.txt 30NOV2022
31   9       63       48       78 13.7 10.3 17.1       20       13       27 20.6 13.8 27.4       14        9       19 20.3 13.0 27.6  53541  47160  59922                                        Blaine County                                 NE est21all.txt 30NOV2022
31  11      506      392      620  9.6  7.4 11.8      157      107      207 12.2  8.3 16.1      110       72      148 11.5  7.5 15.5  64705  58104  71306                                        Boone County                                  NE est21all.txt 30NOV2022
31  13     1176      904     1448 11.2  8.6 13.8      365      246      484 13.8  9.3 18.3      250      159      341 12.6  8.0 17.2  65493  58657  72329                                        Box Butte County                              NE est21all.txt 30NOV2022
31  15      248      190      306 14.1 10.8 17.4       75       52       98 22.8 15.7 29.9       53       35       71 21.4 14.0 28.8  51107  49599  52615                                        Boyd County                                   NE est21all.txt 30NOV2022
31  17      315      237      393 10.9  8.2 13.6      103       70      136 16.5 11.2 21.8       71       46       96 15.8 10.3 21.3  52738  46418  59058                                        Brown County                                  NE est21all.txt 30NOV2022
31  19     5163     4258     6068 10.7  8.8 12.6     1252      917     1587 11.1  8.1 14.1      880      627     1133 10.7  7.6 13.8  65721  60317  71125                                        Buffalo County                                NE est21all.txt 30NOV2022
31  21      661      509      813 10.0  7.7 12.3      185      127      243 12.0  8.2 15.8      133       87      179 11.6  7.6 15.6  61317  54829  67805                                        Burt County                                   NE est21all.txt 30NOV2022
31  23      686      535      837  8.3  6.5 10.1      195      132      258  9.7  6.6 12.8      133       86      180  8.9  5.7 12.1  66416  59131  73701                                        Butler County                                 NE est21all.txt 30NOV2022
31  25     1708     1351     2065  6.4  5.1  7.7      441      293      589  7.1  4.7  9.5      269      161      377  5.6  3.3  7.9  77771  69015  86527                                        Cass County                                   NE est21all.txt 30NOV2022
31  27      652      491      813  7.9  5.9  9.9      189      125      253  8.9  5.9 11.9      135       85      185  8.5  5.3 11.7  64037  57976  70098                                        Cedar County                                  NE est21all.txt 30NOV2022
31  29      330      249      411  8.8  6.6 11.0      100       68      132 10.4  7.0 13.8       69       45       93  9.8  6.3 13.3  59492  52684  66300                                        Chase County                                  NE est21all.txt 30NOV2022
31  31      601      452      750 11.1  8.3 13.9      190      127      253 14.5  9.6 19.4      136       88      184 14.5  9.4 19.6  53533  46886  60180                                        Cherry County                                 NE est21all.txt 30NOV2022
31  33     1127      877     1377 11.9  9.3 14.5      359      249      469 16.3 11.3 21.3      253      170      336 15.6 10.4 20.8  54772  48595  60949                                        Cheyenne County                               NE est21all.txt 30NOV2022
31  35      595      464      726  9.9  7.7 12.1      175      119      231 11.8  8.0 15.6      117       74      160 10.5  6.6 14.4  64315  57803  70827                                        Clay County                                   NE est21all.txt 30NOV2022
31  37      861      633     1089  8.3  6.1 10.5      356      242      470 11.4  7.8 15.0      249      161      337 11.2  7.2 15.2  69498  62414  76582                                        Colfax County                                 NE est21all.txt 30NOV2022
31  39      758      576      940  8.5  6.5 10.5      214      146      282  9.8  6.7 12.9      146       94      198  9.2  5.9 12.5  66165  59354  72976                                        Cuming County                                 NE est21all.txt 30NOV2022
31  41     1100      838     1362 10.6  8.1 13.1      353      244      462 14.2  9.8 18.6      246      161      331 13.2  8.7 17.7  56531  50391  62671                                        Custer County                                 NE est21all.txt 30NOV2022
31  43     2181     1635     2727 10.4  7.8 13.0      900      609     1191 14.7  9.9 19.5      605      386      824 14.0  9.0 19.0  64231  57085  71377                                        Dakota County                                 NE est21all.txt 30NOV2022
31  45     1144      865     1423 15.3 11.6 19.0      248      168      328 17.4 11.8 23.0      153       98      208 15.0  9.6 20.4  50905  44644  57166                                        Dawes County                                  NE est21all.txt 30NOV2022
31  47     2528     2006     3050 10.7  8.5 12.9      819      575     1063 12.7  8.9 16.5      555      364      746 12.2  8.0 16.4  61817  56209  67425                                        Dawson County                                 NE est21all.txt 30NOV2022
31  49      207      157      257 11.1  8.4 13.8       70       47       93 17.5 11.8 23.2       50       32       68 15.7 10.1 21.3  51583  45359  57807                                        Deuel County                                  NE est21all.txt 30NOV2022
31  51      438      333      543  8.0  6.1  9.9      137       95      179 10.0  6.9 13.1       94       62      126  9.1  6.0 12.2  64943  59381  70505                                        Dixon County                                  NE est21all.txt 30NOV2022
31  53     3817     3102     4532 10.6  8.6 12.6     1082      785     1379 12.1  8.8 15.4      717      491      943 10.8  7.4 14.2  59872  53804  65940                                        Dodge County                                  NE est21all.txt 30NOV2022
31  55    67277    62101    72453 11.7 10.8 12.6    19803    17211    22395 13.6 11.8 15.4    13403    11422    15384 12.7 10.8 14.6  69475  66992  71958                                        Douglas County                                NE est21all.txt 30NOV2022
31  57      225      174      276 13.9 10.8 17.0       66       48       84 20.4 14.7 26.1       46       32       60 19.1 13.1 25.1  52916  46509  59323                                        Dundy County                                  NE est21all.txt 30NOV2022
31  59      478      369      587  8.9  6.9 10.9      119       82      156 11.8  8.1 15.5       85       57      113 12.0  8.0 16.0  65739  59785  71693                                        Fillmore County                               NE est21all.txt 30NOV2022
31  61      375      293      457 13.0 10.2 15.8      116       83      149 18.9 13.5 24.3       80       54      106 18.7 12.6 24.8  54192  47835  60549                                        Franklin County                               NE est21all.txt 30NOV2022
31  63      293      220      366 12.0  9.0 15.0       74       50       98 15.0 10.1 19.9       52       33       71 14.2  9.1 19.3  53735  47788  59682                                        Frontier County                               NE est21all.txt 30NOV2022
31  65      540      416      664 11.9  9.2 14.6      162      110      214 16.1 10.9 21.3      114       74      154 16.0 10.4 21.6  54308  48068  60548                                        Furnas County                                 NE est21all.txt 30NOV2022
31  67     2556     2103     3009 12.0  9.9 14.1      666      493      839 13.8 10.2 17.4      446      314      578 12.2  8.6 15.8  56261  50925  61597                                        Gage County                                   NE est21all.txt 30NOV2022
31  69      274      206      342 15.0 11.3 18.7       89       60      118 25.2 17.0 33.4       65       42       88 24.1 15.6 32.6  53240  49412  57068                                        Garden County                                 NE est21all.txt 30NOV2022
31  71      203      153      253 11.3  8.5 14.1       56       38       74 16.5 11.1 21.9       41       26       56 18.7 12.0 25.4  51055  45056  57054                                        Garfield County                               NE est21all.txt 30NOV2022
31  73      155      118      192  8.6  6.5 10.7       53       36       70 13.8  9.4 18.2       39       25       53 14.0  9.0 19.0  67263  59294  75232                                        Gosper County                                 NE est21all.txt 30NOV2022
31  75       58       44       72 10.0  7.5 12.5       23       16       30 16.4 11.1 21.7       16       10       22 15.8 10.0 21.6  64244  56315  72173                                        Grant County                                  NE est21all.txt 30NOV2022
31  77      277      221      333 13.0 10.4 15.6       81       61      101 16.4 12.4 20.4       58       43       73 15.7 11.6 19.8  53225  46874  59576                                        Greeley County                                NE est21all.txt 30NOV2022
31  79     7341     6031     8651 12.0  9.9 14.1     2518     1886     3150 15.1 11.3 18.9     1673     1203     2143 13.7  9.9 17.5  60751  56304  65198                                        Hall County                                   NE est21all.txt 30NOV2022
31  81      618      457      779  6.7  5.0  8.4      173      116      230  7.8  5.2 10.4      121       77      165  7.4  4.7 10.1  73024  64306  81742                                        Hamilton County                               NE est21all.txt 30NOV2022
31  83      296      222      370  9.7  7.3 12.1       87       59      115 13.2  8.9 17.5       61       39       83 12.2  7.8 16.6  58928  52400  65456                                        Harlan County                                 NE est21all.txt 30NOV2022
31  85      118       89      147 14.0 10.5 17.5       42       28       56 21.4 14.5 28.3       30       19       41 21.9 14.0 29.8  57060  49802  64318                                        Hayes County                                  NE est21all.txt 30NOV2022
31  87      339      256      422 13.2 10.0 16.4      107       72      142 18.0 12.1 23.9       76       48      104 16.5 10.5 22.5  50300  44225  56375                                        Hitchcock County                              NE est21all.txt 30NOV2022
31  89     1081      824     1338 10.9  8.3 13.5      330      229      431 12.8  8.9 16.7      233      152      314 12.3  8.0 16.6  61415  56260  66570                                        Holt County                                   NE est21all.txt 30NOV2022
31  91       50       37       63  7.0  5.2  8.8       11        7       15  6.7  4.5  8.9        8        5       11  6.0  3.9  8.1  52254  45714  58794                                        Hooker County                                 NE est21all.txt 30NOV2022
31  93      525      379      671  8.1  5.8 10.4      174      118      230 11.0  7.5 14.5      123       79      167 10.3  6.6 14.0  70906  65614  76198                                        Howard County                                 NE est21all.txt 30NOV2022
31  95      686      516      856  9.7  7.3 12.1      193      131      255 12.1  8.2 16.0      132       85      179 11.3  7.3 15.3  57098  50509  63687                                        Jefferson County                              NE est21all.txt 30NOV2022
31  97      564      419      709 13.3  9.9 16.7      135       92      178 13.9  9.5 18.3       95       61      129 12.8  8.3 17.3  50886  44844  56928                                        Johnson County                                NE est21all.txt 30NOV2022
31  99      509      383      635  7.7  5.8  9.6      151      103      199  9.1  6.2 12.0      107       70      144  8.6  5.6 11.6  72694  65463  79925                                        Kearney County                                NE est21all.txt 30NOV2022
31 101      951      735     1167 11.6  9.0 14.2      314      214      414 18.2 12.4 24.0      215      141      289 16.6 10.9 22.3  53637  47313  59961                                        Keith County                                  NE est21all.txt 30NOV2022
31 103      152      114      190 19.3 14.4 24.2       43       29       57 30.1 20.5 39.7       30       19       41 27.3 17.7 36.9  49421  43440  55402                                        Keya Paha County                              NE est21all.txt 30NOV2022
31 105      401      302      500 11.9  8.9 14.9      109       75      143 15.8 10.8 20.8       74       48      100 14.5  9.4 19.6  52460  46104  58816                                        Kimball County                                NE est21all.txt 30NOV2022
31 107     1009      785     1233 12.3  9.6 15.0      345      240      450 16.5 11.5 21.5      234      152      316 15.0  9.8 20.2  54189  47937  60441                                        Knox County                                   NE est21all.txt 30NOV2022
31 109    37132    33078    41186 12.0 10.7 13.3     8458     6619    10297 11.8  9.2 14.4     5451     3973     6929 10.2  7.4 13.0  65436  62633  68239                                        Lancaster County                              NE est21all.txt 30NOV2022
31 111     3729     2972     4486 11.1  8.8 13.4     1163      856     1470 14.8 10.9 18.7      795      561     1029 13.4  9.4 17.4  61702  56193  67211                                        Lincoln County                                NE est21all.txt 30NOV2022
31 113       68       52       84  9.9  7.5 12.3       20       14       26 13.2  9.0 17.4       14        9       19 11.8  7.6 16.0  61004  54648  67360                                        Logan County                                  NE est21all.txt 30NOV2022
31 115       94       70      118 15.6 11.7 19.5       32       21       43 29.1 19.5 38.7       23       15       31 28.0 18.0 38.0  53369  46503  60235                                        Loup County                                   NE est21all.txt 30NOV2022
31 117       43       32       54 11.4  8.5 14.3       13        9       17 19.4 12.8 26.0       10        6       14 18.2 11.4 25.0  54138  47338  60938                                        McPherson County                              NE est21all.txt 30NOV2022
31 119     3316     2530     4102  9.7  7.4 12.0     1020      710     1330 11.4  7.9 14.9      685      446      924 10.6  6.9 14.3  61263  54934  67592                                        Madison County                                NE est21all.txt 30NOV2022
31 121      678      513      843  9.0  6.8 11.2      189      126      252 11.6  7.7 15.5      132       84      180 10.9  6.9 14.9  64309  57555  71063                                        Merrick County                                NE est21all.txt 30NOV2022
31 123      610      460      760 13.5 10.2 16.8      194      132      256 18.7 12.7 24.7      131       84      178 16.8 10.8 22.8  52933  46640  59226                                        Morrill County                                NE est21all.txt 30NOV2022
31 125      348      268      428 10.5  8.1 12.9       94       64      124 12.0  8.1 15.9       65       42       88 11.0  7.2 14.8  56880  49918  63842                                        Nance County                                  NE est21all.txt 30NOV2022
31 127      754      573      935 11.5  8.8 14.2      192      130      254 12.1  8.2 16.0      132       85      179 11.3  7.3 15.3  56658  50506  62810                                        Nemaha County                                 NE est21all.txt 30NOV2022
31 129      398      297      499  9.9  7.4 12.4      102       69      135 12.6  8.5 16.7       71       45       97 12.0  7.6 16.4  59602  53820  65384                                        Nuckolls County                               NE est21all.txt 30NOV2022
31 131     1458     1144     1772  9.3  7.3 11.3      421      296      546 11.2  7.9 14.5      289      194      384 10.3  6.9 13.7  67595  59989  75201                                        Otoe County                                   NE est21all.txt 30NOV2022
31 133      312      238      386 12.4  9.5 15.3      109       74      144 19.4 13.1 25.7       77       49      105 19.5 12.5 26.5  50501  44587  56415                                        Pawnee County                                 NE est21all.txt 30NOV2022
31 135      264      197      331  9.4  7.0 11.8       89       60      118 13.3  9.0 17.6       62       40       84 12.4  7.9 16.9  61156  53810  68502                                        Perkins County                                NE est21all.txt 30NOV2022
31 137      768      580      956  8.8  6.6 11.0      235      157      313 10.9  7.3 14.5      174      112      236 11.0  7.1 14.9  66986  59912  74060                                        Phelps County                                 NE est21all.txt 30NOV2022
31 139      726      573      879 10.1  8.0 12.2      198      135      261 10.7  7.3 14.1      131       83      179  9.5  6.0 13.0  64607  58245  70969                                        Pierce County                                 NE est21all.txt 30NOV2022
31 141     2619     2005     3233  7.8  6.0  9.6      779      539     1019  8.8  6.1 11.5      542      361      723  8.3  5.5 11.1  70177  63351  77003                                        Platte County                                 NE est21all.txt 30NOV2022
31 143      338      250      426  6.6  4.9  8.3       98       65      131  8.4  5.6 11.2       67       42       92  7.7  4.9 10.5  69503  61661  77345                                        Polk County                                   NE est21all.txt 30NOV2022
31 145     1120      861     1379 10.9  8.4 13.4      305      211      399 13.1  9.1 17.1      214      142      286 12.7  8.4 17.0  63958  58373  69543                                        Red Willow County                             NE est21all.txt 30NOV2022
31 147      866      650     1082 11.4  8.6 14.2      256      173      339 15.3 10.3 20.3      178      114      242 14.3  9.2 19.4  54044  47648  60440                                        Richardson County                             NE est21all.txt 30NOV2022
31 149      175      133      217 14.0 10.7 17.3       49       34       64 17.3 11.9 22.7       33       21       45 15.1  9.7 20.5  53120  46540  59700                                        Rock County                                   NE est21all.txt 30NOV2022
31 151     1343     1053     1633 10.1  7.9 12.3      367      255      479 10.1  7.0 13.2      256      168      344  9.6  6.3 12.9  63187  55815  70559                                        Saline County                                 NE est21all.txt 30NOV2022
31 153    10533     8678    12388  5.5  4.5  6.5     3088     2294     3882  6.0  4.4  7.6     2035     1433     2637  5.3  3.7  6.9  88913  84088  93738                                        Sarpy County                                  NE est21all.txt 30NOV2022
31 155     1626     1276     1976  7.3  5.7  8.9      406      281      531  7.2  5.0  9.4      282      189      375  6.7  4.5  8.9  78689  71949  85429                                        Saunders County                               NE est21all.txt 30NOV2022
31 157     4773     3756     5790 13.6 10.7 16.5     1559     1069     2049 17.9 12.3 23.5     1114      742     1486 17.2 11.4 23.0  53206  47395  59017                                        Scotts Bluff County                           NE est21all.txt 30NOV2022
31 159     1281     1028     1534  7.8  6.3  9.3      273      190      356  6.7  4.7  8.7      188      124      252  6.0  3.9  8.1  75305  67963  82647                                        Seward County                                 NE est21all.txt 30NOV2022
31 161      664      496      832 13.3  9.9 16.7      230      155      305 20.8 14.0 27.6      157      100      214 19.6 12.5 26.7  47543  43603  51483                                        Sheridan County                               NE est21all.txt 30NOV2022
31 163      323      243      403 11.1  8.4 13.8      102       69      135 16.3 11.1 21.5       69       45       93 15.2  9.8 20.6  54771  48564  60978                                        Sherman County                                NE est21all.txt 30NOV2022
31 165      177      134      220 15.5 11.8 19.2       49       33       65 24.9 16.7 33.1       36       23       49 25.0 15.9 34.1  46834  44954  48714                                        Sioux County                                  NE est21all.txt 30NOV2022
31 167      412      311      513  7.1  5.4  8.8      132       89      175  9.4  6.3 12.5       94       60      128  9.2  5.9 12.5  71709  65177  78241                                        Stanton County                                NE est21all.txt 30NOV2022
31 169      431      317      545  8.9  6.6 11.2      139       94      184 12.6  8.6 16.6       97       63      131 11.1  7.2 15.0  56626  51051  62201                                        Thayer County                                 NE est21all.txt 30NOV2022
31 171       79       59       99 11.8  8.8 14.8       31       21       41 19.6 13.4 25.8       22       14       30 17.9 11.5 24.3  53019  46841  59197                                        Thomas County                                 NE est21all.txt 30NOV2022
31 173     1247      943     1551 19.0 14.4 23.6      602      411      793 25.6 17.5 33.7      390      245      535 22.6 14.2 31.0  52202  47194  57210                                        Thurston County                               NE est21all.txt 30NOV2022
31 175      462      346      578 11.4  8.5 14.3      145       98      192 15.5 10.5 20.5      105       68      142 15.2  9.9 20.5  52336  47689  56983                                        Valley County                                 NE est21all.txt 30NOV2022
31 177     1303     1008     1598  6.3  4.9  7.7      327      224      430  6.6  4.5  8.7      217      139      295  5.6  3.6  7.6 100572  95105 106039                                        Washington County                             NE est21all.txt 30NOV2022
31 179     1081      847     1315 12.5  9.8 15.2      201      141      261 10.5  7.3 13.7      121       75      167  8.5  5.2 11.8  59787  52511  67063                                        Wayne County                                  NE est21all.txt 30NOV2022
31 181      376      286      466 11.4  8.7 14.1       96       64      128 12.6  8.4 16.8       67       42       92 11.8  7.5 16.1  58161  53711  62611                                        Webster County                                NE est21all.txt 30NOV2022
31 183       89       66      112 11.2  8.3 14.1       25       17       33 14.5  9.7 19.3       17       11       23 16.2 10.3 22.1  50850  44537  57163                                        Wheeler County                                NE est21all.txt 30NOV2022
31 185     1143      847     1439  8.5  6.3 10.7      351      236      466 10.8  7.2 14.4      241      152      330 10.1  6.4 13.8  64531  57689  71373                                        York County                                   NE est21all.txt 30NOV2022
32   0   433095   420882   445308 14.0 13.6 14.4   128585   123239   133931 18.8 18.0 19.6    89119    84790    93448 17.5 16.6 18.4  66194  65202  67186   36365   33278   39452 21.0 19.2 22.8 Nevada                                        NV est21all.txt 30NOV2022
32   1     2636     2041     3231 10.4  8.1 12.7      807      558     1056 14.0  9.7 18.3      501      315      687 12.2  7.7 16.7  67716  60560  74872                                        Churchill County                              NV est21all.txt 30NOV2022
32   3   341367   328518   354216 15.1 14.5 15.7   105331    99481   111181 20.6 19.5 21.7    72641    68656    76626 19.1 18.1 20.1  63735  62435  65035                                        Clark County                                  NV est21all.txt 30NOV2022
32   5     3991     3206     4776  8.0  6.4  9.6      862      616     1108 11.4  8.2 14.6      603      407      799 10.2  6.9 13.5  74053  67720  80386                                        Douglas County                                NV est21all.txt 30NOV2022
32   7     5156     4142     6170  9.7  7.8 11.6     1694     1253     2135 12.0  8.9 15.1     1125      787     1463 10.8  7.5 14.1  81466  72495  90437                                        Elko County                                   NV est21all.txt 30NOV2022
32   9      108       81      135 14.5 10.9 18.1       24       17       31 22.2 15.4 29.0       19       13       25 21.8 14.7 28.9  53509  47004  60014                                        Esmeralda County                              NV est21all.txt 30NOV2022
32  11      190      143      237 10.0  7.5 12.5       56       39       73 13.3  9.3 17.3       40       27       53 11.4  7.7 15.1  80084  70051  90117                                        Eureka County                                 NV est21all.txt 30NOV2022
32  13     1856     1443     2269 10.6  8.2 13.0      664      471      857 14.1 10.0 18.2      462      319      605 13.3  9.2 17.4  77018  69429  84607                                        Humboldt County                               NV est21all.txt 30NOV2022
32  15      636      482      790 11.0  8.3 13.7      236      167      305 15.2 10.7 19.7      168      114      222 14.4  9.8 19.0  85773  75033  96513                                        Lander County                                 NV est21all.txt 30NOV2022
32  17      604      459      749 13.9 10.6 17.2      157      112      202 17.6 12.5 22.7      111       76      146 18.4 12.7 24.1  64304  56468  72140                                        Lincoln County                                NV est21all.txt 30NOV2022
32  19     5682     4496     6868  9.4  7.4 11.4     1699     1196     2202 13.8  9.7 17.9     1224      827     1621 13.3  9.0 17.6  71547  66039  77055                                        Lyon County                                   NV est21all.txt 30NOV2022
32  21      791      618      964 17.5 13.7 21.3      239      177      301 27.1 20.1 34.1      167      123      211 26.6 19.5 33.7  53515  46948  60082                                        Mineral County                                NV est21all.txt 30NOV2022
32  23     7809     6329     9289 14.9 12.1 17.7     2143     1531     2755 24.6 17.6 31.6     1515     1043     1987 23.4 16.1 30.7  59282  53609  64955                                        Nye County                                    NV est21all.txt 30NOV2022
32  27      919      690     1148 18.3 13.7 22.9      184      129      239 16.8 11.8 21.8      136       92      180 17.0 11.5 22.5  52412  45848  58976                                        Pershing County                               NV est21all.txt 30NOV2022
32  29      290      221      359  7.0  5.3  8.7       49       34       64  9.5  6.7 12.3       35       23       47  8.7  5.8 11.6  79281  69533  89029                                        Storey County                                 NV est21all.txt 30NOV2022
32  31    53423    47840    59006 11.0  9.9 12.1    12222     9805    14639 11.9  9.5 14.3     8880     7099    10661 11.7  9.4 14.0  76123  73479  78767                                        Washoe County                                 NV est21all.txt 30NOV2022
32  33     1042      787     1297 12.8  9.7 15.9      276      197      355 15.5 11.1 19.9      189      130      248 14.5  9.9 19.1  63070  55374  70766                                        White Pine County                             NV est21all.txt 30NOV2022
32 510     6597     5237     7957 11.8  9.4 14.2     1940     1405     2475 16.6 12.0 21.2     1303      914     1692 15.1 10.6 19.6  64869  59907  69831                                        Carson City                                   NV est21all.txt 30NOV2022
33   0    99562    94623   104501  7.4  7.0  7.8    23403    21423    25383  9.3  8.5 10.1    16720    15015    18425  8.8  7.9  9.7  88268  86293  90243    5622    4665    6579  9.4  7.8 11.0 New Hampshire                                 NH est21all.txt 30NOV2022
33   1     4840     3771     5909  7.6  5.9  9.3     1285      896     1674 11.4  7.9 14.9      896      605     1187 10.3  7.0 13.6  75781  71404  80158                                        Belknap County                                NH est21all.txt 30NOV2022
33   3     4039     3077     5001  7.9  6.0  9.8      917      609     1225 12.1  8.1 16.1      662      425      899 11.2  7.2 15.2  66874  59929  73819                                        Carroll County                                NH est21all.txt 30NOV2022
33   5     7283     5952     8614  9.9  8.1 11.7     1634     1167     2101 12.1  8.6 15.6     1173      824     1522 11.6  8.2 15.0  67883  62789  72977                                        Cheshire County                               NH est21all.txt 30NOV2022
33   7     3650     2795     4505 12.5  9.6 15.4     1002      714     1290 20.5 14.6 26.4      712      496      928 19.4 13.5 25.3  53602  48017  59187                                        Coos County                                   NH est21all.txt 30NOV2022
33   9     7288     5894     8682  8.6  7.0 10.2     1659     1229     2089 11.7  8.7 14.7     1258      944     1572 11.7  8.8 14.6  77378  71706  83050                                        Grafton County                                NH est21all.txt 30NOV2022
33  11    30217    26538    33896  7.3  6.4  8.2     8206     6836     9576  9.9  8.2 11.6     5673     4638     6708  9.1  7.4 10.8  90806  87112  94500                                        Hillsborough County                           NH est21all.txt 30NOV2022
33  13    12908    10951    14865  8.7  7.4 10.0     2629     1992     3266  9.3  7.0 11.6     1906     1429     2383  8.9  6.7 11.1  80842  77700  83984                                        Merrimack County                              NH est21all.txt 30NOV2022
33  15    14449    11914    16984  4.6  3.8  5.4     2846     2043     3649  4.9  3.5  6.3     2088     1457     2719  4.7  3.3  6.1 104281 101013 107549                                        Rockingham County                             NH est21all.txt 30NOV2022
33  17    10959     8974    12944  8.9  7.3 10.5     2303     1693     2913 10.0  7.4 12.6     1677     1208     2146  9.7  7.0 12.4  91928  87805  96051                                        Strafford County                              NH est21all.txt 30NOV2022
33  19     3930     3061     4799  9.1  7.1 11.1      920      613     1227 12.1  8.1 16.1      675      439      911 11.8  7.7 15.9  64919  58420  71418                                        Sullivan County                               NH est21all.txt 30NOV2022
34   0   925852   905573   946131 10.2 10.0 10.4   277609   266393   288825 13.9 13.3 14.5   195085   185456   204714 13.2 12.5 13.9  89227  88164  90290   76282   70767   81797 15.0 13.9 16.1 New Jersey                                    NJ est21all.txt 30NOV2022
34   1    40786    36877    44695 15.1 13.6 16.6    12802    10940    14664 22.6 19.3 25.9     8890     7478    10302 20.9 17.6 24.2  65693  62502  68884                                        Atlantic County                               NJ est21all.txt 30NOV2022
34   3    70847    62191    79503  7.5  6.6  8.4    18073    15115    21031  9.1  7.6 10.6    12687    10447    14927  8.4  6.9  9.9 104777 101743 107811                                        Bergen County                                 NJ est21all.txt 30NOV2022
34   5    34379    29993    38765  7.6  6.6  8.6     9231     7735    10727  9.8  8.2 11.4     6181     5031     7331  8.7  7.1 10.3  94043  90944  97142                                        Burlington County                             NJ est21all.txt 30NOV2022
34   7    62053    54803    69303 12.0 10.6 13.4    19702    16586    22818 16.8 14.1 19.5    14429    12068    16790 16.7 14.0 19.4  77675  74895  80455                                        Camden County                                 NJ est21all.txt 30NOV2022
34   9     8437     6492    10382  9.0  6.9 11.1     2222     1534     2910 13.7  9.5 17.9     1628     1081     2175 13.3  8.8 17.8  74896  70489  79303                                        Cape May County                               NJ est21all.txt 30NOV2022
34  11    20814    16910    24718 14.4 11.7 17.1     7577     5727     9427 20.9 15.8 26.0     5566     4114     7018 20.7 15.3 26.1  58030  53738  62322                                        Cumberland County                             NJ est21all.txt 30NOV2022
34  13   126387   115439   137335 15.1 13.8 16.4    39588    34489    44687 19.8 17.2 22.4    26447    22341    30553 18.0 15.2 20.8  66191  63157  69225                                        Essex County                                  NJ est21all.txt 30NOV2022
34  15    23243    20118    26368  7.7  6.7  8.7     6321     5149     7493  9.8  8.0 11.6     4416     3485     5347  8.9  7.0 10.8  93783  90395  97171                                        Gloucester County                             NJ est21all.txt 30NOV2022
34  17   109996   100353   119639 15.9 14.5 17.3    32974    28685    37263 23.3 20.3 26.3    24796    21692    27900 25.8 22.6 29.0  79159  76316  82002                                        Hudson County                                 NJ est21all.txt 30NOV2022
34  19     5115     3982     6248  4.1  3.2  5.0      984      689     1279  4.1  2.9  5.3      731      497      965  3.9  2.7  5.1 122095 114946 129244                                        Hunterdon County                              NJ est21all.txt 30NOV2022
34  21    38024    32712    43336 10.4  8.9 11.9     9543     7145    11941 11.8  8.8 14.8     6793     4814     8772 11.3  8.0 14.6  86499  81482  91516                                        Mercer County                                 NJ est21all.txt 30NOV2022
34  23    67146    60095    74197  8.0  7.2  8.8    17198    14005    20391  9.4  7.7 11.1    11334     8800    13868  8.3  6.5 10.1  98992  96570 101414                                        Middlesex County                              NJ est21all.txt 30NOV2022
34  25    47491    41269    53713  7.4  6.4  8.4    11674     9365    13983  8.8  7.1 10.5     8266     6479    10053  8.1  6.3  9.9 107500 104018 110982                                        Monmouth County                               NJ est21all.txt 30NOV2022
34  27    28395    23974    32816  5.6  4.7  6.5     5951     4715     7187  5.7  4.5  6.9     4377     3395     5359  5.5  4.3  6.7 122525 117429 127621                                        Morris County                                 NJ est21all.txt 30NOV2022
34  29    73139    64858    81420 11.4 10.1 12.7    30371    26110    34632 19.2 16.5 21.9    21061    17827    24295 18.7 15.8 21.6  75732  73525  77939                                        Ocean County                                  NJ est21all.txt 30NOV2022
34  31    71951    64696    79206 14.1 12.7 15.5    25769    22648    28890 21.3 18.7 23.9    17405    14803    20007 19.7 16.8 22.6  74016  70803  77229                                        Passaic County                                NJ est21all.txt 30NOV2022
34  33     7684     6389     8979 12.0 10.0 14.0     2672     2154     3190 19.2 15.5 22.9     1873     1449     2297 17.9 13.8 22.0  69844  64838  74850                                        Salem County                                  NJ est21all.txt 30NOV2022
34  35    18705    15390    22020  5.5  4.5  6.5     4527     3346     5708  6.3  4.7  7.9     3106     2189     4023  5.6  4.0  7.2 123708 117192 130224                                        Somerset County                               NJ est21all.txt 30NOV2022
34  37     8765     7189    10341  6.1  5.0  7.2     2013     1519     2507  7.3  5.5  9.1     1495     1116     1874  7.1  5.3  8.9  99695  96402 102988                                        Sussex County                                 NJ est21all.txt 30NOV2022
34  39    52354    45565    59143  9.3  8.1 10.5    16054    13059    19049 12.1  9.8 14.4    11885     9686    14084 12.2  9.9 14.5  85926  82355  89497                                        Union County                                  NJ est21all.txt 30NOV2022
34  41    10140     8657    11623  9.3  7.9 10.7     2363     1832     2894 11.3  8.8 13.8     1719     1292     2146 10.9  8.2 13.6  82900  75687  90113                                        Warren County                                 NJ est21all.txt 30NOV2022
35   0   367050   354401   379699 17.7 17.1 18.3   107621   103016   112226 23.1 22.1 24.1    78030    74285    81775 22.1 21.0 23.2  54304  52878  55730   28231   25602   30860 25.1 22.8 27.4 New Mexico                                    NM est21all.txt 30NOV2022
35   1   100775    91904   109646 15.2 13.9 16.5    25355    21655    29055 18.2 15.5 20.9    19253    16535    21971 18.3 15.7 20.9  59723  57298  62148                                        Bernalillo County                             NM est21all.txt 30NOV2022
35   3      737      545      929 19.8 14.6 25.0      161      111      211 36.8 25.3 48.3      119       80      158 34.5 23.1 45.9  40273  35339  45207                                        Catron County                                 NM est21all.txt 30NOV2022
35   5    17372    15389    19355 27.6 24.5 30.7     5799     4920     6678 35.7 30.3 41.1     4301     3605     4997 35.2 29.5 40.9  45098  40099  50097                                        Chaves County                                 NM est21all.txt 30NOV2022
35   6     6514     5010     8018 26.4 20.3 32.5     2118     1506     2730 34.0 24.2 43.8     1446      965     1927 30.3 20.2 40.4  42862  37689  48035                                        Cibola County                                 NM est21all.txt 30NOV2022
35   7     2245     1750     2740 18.8 14.7 22.9      604      432      776 28.7 20.5 36.9      426      295      557 26.6 18.4 34.8  42787  37752  47822                                        Colfax County                                 NM est21all.txt 30NOV2022
35   9     8797     7055    10539 18.9 15.2 22.6     3062     2272     3852 24.5 18.2 30.8     2048     1413     2683 23.4 16.2 30.6  50322  45429  55215                                        Curry County                                  NM est21all.txt 30NOV2022
35  11      327      252      402 19.6 15.1 24.1      106       73      139 30.8 21.2 40.4       78       52      104 27.9 18.8 37.0  40181  34962  45400                                        DeBaca County                                 NM est21all.txt 30NOV2022
35  13    41993    35865    48121 19.3 16.5 22.1    11850     8761    14939 22.7 16.8 28.6     8237     6068    10406 20.9 15.4 26.4  46619  42487  50751                                        Dona Ana County                               NM est21all.txt 30NOV2022
35  15     8329     6238    10420 13.8 10.3 17.3     2746     1888     3604 17.2 11.8 22.6     1990     1342     2638 16.9 11.4 22.4  66191  60865  71517                                        Eddy County                                   NM est21all.txt 30NOV2022
35  17     5090     3872     6308 18.6 14.1 23.1     1388      954     1822 26.7 18.3 35.1      981      653     1309 24.7 16.4 33.0  46503  40964  52042                                        Grant County                                  NM est21all.txt 30NOV2022
35  19      999      773     1225 25.8 20.0 31.6      258      183      333 29.9 21.2 38.6      183      125      241 27.6 18.8 36.4  37534  33112  41956                                        Guadalupe County                              NM est21all.txt 30NOV2022
35  21      111       84      138 17.4 13.1 21.7       24       16       32 31.6 20.9 42.3       19       12       26 29.7 19.3 40.1  44080  38560  49600                                        Harding County                                NM est21all.txt 30NOV2022
35  23      964      728     1200 24.1 18.2 30.0      279      193      365 31.6 21.9 41.3      203      137      269 29.8 20.2 39.4  40226  35388  45064                                        Hidalgo County                                NM est21all.txt 30NOV2022
35  25    13332    10974    15690 18.8 15.5 22.1     5022     3917     6127 23.3 18.2 28.4     3509     2647     4371 21.9 16.5 27.3  51749  48490  55008                                        Lea County                                    NM est21all.txt 30NOV2022
35  27     3723     2947     4499 18.4 14.6 22.2     1105      784     1426 29.9 21.2 38.6      769      530     1008 27.9 19.2 36.6  50472  44420  56524                                        Lincoln County                                NM est21all.txt 30NOV2022
35  28      719      539      899  3.7  2.8  4.6      130       90      170  3.2  2.2  4.2       92       62      122  2.9  2.0  3.8 134050 119083 149017                                        Los Alamos County                             NM est21all.txt 30NOV2022
35  29     6882     5494     8270 27.6 22.0 33.2     2505     1826     3184 37.4 27.3 47.5     1757     1225     2289 36.5 25.5 47.5  35040  31094  38986                                        Luna County                                   NM est21all.txt 30NOV2022
35  31    21535    18747    24323 30.3 26.4 34.2     7539     5966     9112 38.0 30.1 45.9     5552     4288     6816 35.6 27.5 43.7  40149  37134  43164                                        McKinley County                               NM est21all.txt 30NOV2022
35  33      916      689     1143 21.9 16.5 27.3      225      157      293 31.8 22.1 41.5      165      113      217 31.7 21.7 41.7  41734  36500  46968                                        Mora County                                   NM est21all.txt 30NOV2022
35  35    13201    10831    15571 19.9 16.3 23.5     4225     3210     5240 27.7 21.1 34.3     3320     2580     4060 30.4 23.6 37.2  49845  45778  53912                                        Otero County                                  NM est21all.txt 30NOV2022
35  37     1918     1474     2362 22.3 17.1 27.5      618      423      813 33.7 23.1 44.3      431      283      579 31.8 20.8 42.8  35776  31534  40018                                        Quay County                                   NM est21all.txt 30NOV2022
35  39     8138     6565     9711 20.4 16.5 24.3     2355     1719     2991 26.0 19.0 33.0     1600     1146     2054 22.9 16.4 29.4  47042  41844  52240                                        Rio Arriba County                             NM est21all.txt 30NOV2022
35  41     3775     2999     4551 21.1 16.8 25.4     1205      900     1510 26.9 20.1 33.7      924      695     1153 28.1 21.1 35.1  46977  41883  52071                                        Roosevelt County                              NM est21all.txt 30NOV2022
35  43    14144    11176    17112  9.4  7.4 11.4     3779     2515     5043 11.3  7.5 15.1     2826     1846     3806 10.8  7.0 14.6  72545  68231  76859                                        Sandoval County                               NM est21all.txt 30NOV2022
35  45    29043    25930    32156 24.3 21.7 26.9     9798     8320    11276 32.2 27.3 37.1     7014     5879     8149 30.0 25.2 34.8  49977  45330  54624                                        San Juan County                               NM est21all.txt 30NOV2022
35  47     5597     4185     7009 21.4 16.0 26.8     1349      923     1775 29.7 20.3 39.1     1002      675     1329 30.0 20.2 39.8  43564  39923  47205                                        San Miguel County                             NM est21all.txt 30NOV2022
35  49    18790    15483    22097 12.3 10.1 14.5     4631     3475     5787 17.9 13.4 22.4     3072     2172     3972 15.3 10.8 19.8  67311  63724  70898                                        Santa Fe County                               NM est21all.txt 30NOV2022
35  51     3001     2395     3607 26.7 21.3 32.1      913      723     1103 50.2 39.8 60.6      554      395      713 41.1 29.3 52.9  37660  33095  42225                                        Sierra County                                 NM est21all.txt 30NOV2022
35  53     3504     2587     4421 22.2 16.4 28.0     1319      913     1725 36.8 25.5 48.1      941      634     1248 35.4 23.9 46.9  38817  34196  43438                                        Socorro County                                NM est21all.txt 30NOV2022
35  55     6387     4916     7858 18.6 14.3 22.9     1682     1179     2185 29.2 20.5 37.9     1220      835     1605 27.5 18.8 36.2  45626  40834  50418                                        Taos County                                   NM est21all.txt 30NOV2022
35  57     3334     2555     4113 22.7 17.4 28.0      953      643     1263 30.5 20.6 40.4      706      468      944 30.4 20.1 40.7  45684  40283  51085                                        Torrance County                               NM est21all.txt 30NOV2022
35  59      670      502      838 19.5 14.6 24.4      225      154      296 27.8 19.0 36.6      164      109      219 27.3 18.1 36.5  41518  36298  46738                                        Union County                                  NM est21all.txt 30NOV2022
35  61    14188    11609    16767 18.8 15.4 22.2     4293     3262     5324 24.3 18.5 30.1     3128     2382     3874 23.1 17.6 28.6  50510  46161  54859                                        Valencia County                               NM est21all.txt 30NOV2022
36   0  2703053  2668539  2737567 14.0 13.8 14.2   758752   738369   779135 18.8 18.3 19.3   538385   520939   555831 18.2 17.6 18.8  74230  73620  74840  207920  197263  218577 19.5 18.5 20.5 New York                                      NY est21all.txt 30NOV2022
36   1    35631    31033    40229 11.9 10.4 13.4     8981     7179    10783 16.1 12.9 19.3     6207     4808     7606 15.0 11.6 18.4  74512  70611  78413                                        Albany County                                 NY est21all.txt 30NOV2022
36   3     6110     4930     7290 14.6 11.8 17.4     1840     1337     2343 20.3 14.8 25.8     1290      905     1675 19.3 13.5 25.1  55320  51861  58779                                        Allegany County                               NY est21all.txt 30NOV2022
36   5   366448   346943   385953 26.4 25.0 27.8   117053   107036   127070 34.3 31.4 37.2    84541    77074    92008 34.0 31.0 37.0  43143  41440  44846                                        Bronx County                                  NY est21all.txt 30NOV2022
36   7    26337    22025    30649 14.1 11.8 16.4     6554     4736     8372 17.6 12.7 22.5     4423     3025     5821 16.0 10.9 21.1  55729  52096  59362                                        Broome County                                 NY est21all.txt 30NOV2022
36   9    11919    10241    13597 16.1 13.8 18.4     3541     2695     4387 21.6 16.4 26.8     2452     1811     3093 20.0 14.8 25.2  54602  50643  58561                                        Cattaraugus County                            NY est21all.txt 30NOV2022
36  11    10696     9143    12249 14.8 12.6 17.0     3078     2507     3649 21.5 17.5 25.5     2093     1628     2558 19.9 15.5 24.3  62839  59432  66246                                        Cayuga County                                 NY est21all.txt 30NOV2022
36  13    20925    18299    23551 17.2 15.0 19.4     5830     4593     7067 23.2 18.3 28.1     4247     3318     5176 22.8 17.8 27.8  48102  44828  51376                                        Chautauqua County                             NY est21all.txt 30NOV2022
36  15    11843     9964    13722 14.9 12.5 17.3     3129     2243     4015 18.3 13.1 23.5     2261     1562     2960 17.8 12.3 23.3  59155  55100  63210                                        Chemung County                                NY est21all.txt 30NOV2022
36  17     6086     4841     7331 13.3 10.6 16.0     1954     1465     2443 20.8 15.6 26.0     1342      956     1728 19.1 13.6 24.6  58177  54419  61935                                        Chenango County                               NY est21all.txt 30NOV2022
36  19    11090     9261    12919 15.1 12.6 17.6     2942     2413     3471 20.9 17.1 24.7     2042     1636     2448 19.7 15.8 23.6  60094  54767  65421                                        Clinton County                                NY est21all.txt 30NOV2022
36  21     6333     5140     7526 10.5  8.5 12.5     1469     1053     1885 15.3 11.0 19.6     1048      729     1367 14.5 10.1 18.9  69403  63221  75585                                        Columbia County                               NY est21all.txt 30NOV2022
36  23     4710     3570     5850 11.0  8.3 13.7     1322      905     1739 15.5 10.6 20.4      941      622     1260 15.0  9.9 20.1  62292  58551  66033                                        Cortland County                               NY est21all.txt 30NOV2022
36  25     6757     5675     7839 15.9 13.3 18.5     1623     1246     2000 23.4 18.0 28.8     1113      809     1417 21.7 15.8 27.6  53385  49551  57219                                        Delaware County                               NY est21all.txt 30NOV2022
36  27    27106    22897    31315  9.7  8.2 11.2     6165     4823     7507 11.6  9.1 14.1     4277     3237     5317 10.7  8.1 13.3  87370  83341  91399                                        Dutchess County                               NY est21all.txt 30NOV2022
36  29   126486   116330   136642 13.7 12.6 14.8    36278    31812    40744 19.2 16.8 21.6    25541    21934    29148 18.3 15.7 20.9  63014  61357  64671                                        Erie County                                   NY est21all.txt 30NOV2022
36  31     4022     3183     4861 11.3  8.9 13.7      923      663     1183 16.2 11.6 20.8      653      442      864 15.9 10.8 21.0  62884  58829  66939                                        Essex County                                  NY est21all.txt 30NOV2022
36  33     7042     5792     8292 16.7 13.7 19.7     1903     1419     2387 21.3 15.9 26.7     1373     1005     1741 20.5 15.0 26.0  54960  50801  59119                                        Franklin County                               NY est21all.txt 30NOV2022
36  35     7078     5580     8576 13.6 10.7 16.5     2236     1641     2831 21.6 15.9 27.3     1573     1112     2034 20.2 14.3 26.1  56169  53714  58624                                        Fulton County                                 NY est21all.txt 30NOV2022
36  37     5349     4342     6356  9.6  7.8 11.4     1637     1169     2105 14.2 10.1 18.3     1151      794     1508 13.3  9.2 17.4  62785  58255  67315                                        Genesee County                                NY est21all.txt 30NOV2022
36  39     5354     4098     6610 11.7  8.9 14.5     1340      949     1731 17.9 12.7 23.1      919      617     1221 17.0 11.4 22.6  61375  55505  67245                                        Greene County                                 NY est21all.txt 30NOV2022
36  41      491      373      609  9.6  7.3 11.9      110       79      141 16.6 11.9 21.3       74       51       97 14.0  9.6 18.4  57427  50467  64387                                        Hamilton County                               NY est21all.txt 30NOV2022
36  43     7806     6279     9333 13.3 10.7 15.9     2357     1753     2961 19.6 14.6 24.6     1699     1224     2174 18.8 13.5 24.1  59366  56227  62505                                        Herkimer County                               NY est21all.txt 30NOV2022
36  45    13592    10970    16214 12.4 10.0 14.8     4828     3636     6020 17.6 13.3 21.9     3591     2672     4510 18.9 14.1 23.7  59430  55853  63007                                        Jefferson County                              NY est21all.txt 30NOV2022
36  47   501895   476582   527208 19.2 18.2 20.2   151846   137602   166090 25.8 23.4 28.2   106628    95672   117584 25.6 23.0 28.2  66943  65519  68367                                        Kings County                                  NY est21all.txt 30NOV2022
36  49     3312     2616     4008 12.6 10.0 15.2     1120      819     1421 18.8 13.7 23.9      789      557     1021 18.1 12.8 23.4  59978  53881  66075                                        Lewis County                                  NY est21all.txt 30NOV2022
36  51     6734     5526     7942 12.0  9.8 14.2     1493     1087     1899 14.1 10.3 17.9     1037      726     1348 12.9  9.0 16.8  65221  59499  70943                                        Livingston County                             NY est21all.txt 30NOV2022
36  53     6594     5345     7843 10.4  8.4 12.4     1744     1277     2211 14.0 10.2 17.8     1221      863     1579 13.3  9.4 17.2  66419  61431  71407                                        Madison County                                NY est21all.txt 30NOV2022
36  55    96950    89278   104622 13.3 12.3 14.3    27566    23798    31334 18.1 15.6 20.6    20544    17678    23410 18.1 15.6 20.6  66003  64323  67683                                        Monroe County                                 NY est21all.txt 30NOV2022
36  57     7313     6101     8525 15.0 12.5 17.5     2757     2164     3350 24.5 19.2 29.8     2000     1543     2457 24.4 18.8 30.0  55523  51349  59697                                        Montgomery County                             NY est21all.txt 30NOV2022
36  59    83489    72582    94396  6.1  5.3  6.9    20161    15974    24348  6.9  5.5  8.3    14811    11657    17965  6.7  5.3  8.1 125118 123023 127213                                        Nassau County                                 NY est21all.txt 30NOV2022
36  61   264938   247058   282818 17.4 16.2 18.6    51516    44987    58045 22.7 19.8 25.6    38863    33774    43952 24.5 21.3 27.7  84371  82001  86741                                        New York County                               NY est21all.txt 30NOV2022
36  63    27106    23466    30746 13.0 11.3 14.7     7898     6193     9603 19.1 15.0 23.2     5837     4541     7133 19.0 14.8 23.2  61068  57345  64791                                        Niagara County                                NY est21all.txt 30NOV2022
36  65    30993    27457    34529 14.2 12.6 15.8    10270     8598    11942 21.4 17.9 24.9     7248     5922     8574 20.3 16.6 24.0  59804  56994  62614                                        Oneida County                                 NY est21all.txt 30NOV2022
36  67    64695    58958    70432 14.2 12.9 15.5    19539    16814    22264 19.9 17.1 22.7    13451    11288    15614 18.5 15.5 21.5  65548  63816  67280                                        Onondaga County                               NY est21all.txt 30NOV2022
36  69     8524     6853    10195  7.8  6.3  9.3     2500     1803     3197 11.6  8.4 14.8     1458      966     1950  8.9  5.9 11.9  76137  71020  81254                                        Ontario County                                NY est21all.txt 30NOV2022
36  71    47939    41550    54328 12.2 10.6 13.8    18406    14983    21829 18.0 14.7 21.3    13426    10771    16081 17.7 14.2 21.2  88494  84210  92778                                        Orange County                                 NY est21all.txt 30NOV2022
36  73     6113     5174     7052 16.1 13.6 18.6     1689     1311     2067 22.8 17.7 27.9     1118      826     1410 20.4 15.1 25.7  56140  50024  62256                                        Orleans County                                NY est21all.txt 30NOV2022
36  75    17710    15287    20133 15.7 13.6 17.8     5552     4534     6570 23.1 18.9 27.3     3801     3046     4556 21.4 17.2 25.6  59394  56079  62709                                        Oswego County                                 NY est21all.txt 30NOV2022
36  77     7367     5860     8874 13.8 11.0 16.6     1628     1177     2079 18.3 13.2 23.4     1147      799     1495 17.9 12.5 23.3  61664  57404  65924                                        Otsego County                                 NY est21all.txt 30NOV2022
36  79     6398     5236     7560  6.6  5.4  7.8     1301      978     1624  7.0  5.3  8.7      893      630     1156  6.3  4.5  8.1 107014  97544 116484                                        Putnam County                                 NY est21all.txt 30NOV2022
36  81   312866   291769   333963 13.6 12.7 14.5    77671    67125    88217 17.0 14.7 19.3    54151    46259    62043 16.5 14.1 18.9  72807  71502  74112                                        Queens County                                 NY est21all.txt 30NOV2022
36  83    19087    16778    21396 12.3 10.8 13.8     5096     4070     6122 16.9 13.5 20.3     3576     2800     4352 16.0 12.5 19.5  74106  69299  78913                                        Rensselaer County                             NY est21all.txt 30NOV2022
36  85    57909    50324    65494 11.9 10.3 13.5    17509    13694    21324 16.5 12.9 20.1    12514     9693    15335 15.7 12.2 19.2  84744  80425  89063                                        Richmond County                               NY est21all.txt 30NOV2022
36  87    50989    45295    56683 15.2 13.5 16.9    25638    22392    28884 26.3 23.0 29.6    16509    13988    19030 23.6 20.0 27.2  98054  93899 102209                                        Rockland County                               NY est21all.txt 30NOV2022
36  89    14680    12027    17333 15.0 12.3 17.7     4127     3128     5126 19.5 14.8 24.2     2889     2123     3655 18.2 13.4 23.0  55531  51667  59395                                        St. Lawrence County                           NY est21all.txt 30NOV2022
36  91    18123    15561    20685  7.7  6.6  8.8     3986     3102     4870  8.8  6.8 10.8     2734     2048     3420  8.0  6.0 10.0  87154  82443  91865                                        Saratoga County                               NY est21all.txt 30NOV2022
36  93    19944    16731    23157 12.9 10.8 15.0     6124     4656     7592 18.3 13.9 22.7     4397     3290     5504 18.0 13.5 22.5  72357  67371  77343                                        Schenectady County                            NY est21all.txt 30NOV2022
36  95     3700     2993     4407 12.9 10.4 15.4      952      703     1201 18.5 13.7 23.3      700      507      893 18.2 13.2 23.2  67080  64178  69982                                        Schoharie County                              NY est21all.txt 30NOV2022
36  97     2394     1932     2856 13.6 11.0 16.2      728      550      906 22.2 16.8 27.6      508      369      647 20.7 15.0 26.4  57706  51915  63497                                        Schuyler County                               NY est21all.txt 30NOV2022
36  99     4194     3332     5056 13.4 10.6 16.2     1339      974     1704 20.5 14.9 26.1      957      674     1240 20.1 14.2 26.0  60985  57959  64011                                        Seneca County                                 NY est21all.txt 30NOV2022
36 101    12570    10616    14524 13.7 11.6 15.8     3598     2675     4521 18.4 13.7 23.1     2486     1797     3175 17.2 12.4 22.0  57584  54134  61034                                        Steuben County                                NY est21all.txt 30NOV2022
36 103    95569    84270   106868  6.4  5.6  7.2    23252    18195    28309  7.5  5.9  9.1    15173    11442    18904  6.5  4.9  8.1 112681 110021 115341                                        Suffolk County                                NY est21all.txt 30NOV2022
36 105    13224    10834    15614 17.1 14.0 20.2     4626     3587     5665 27.8 21.6 34.0     3126     2308     3944 26.1 19.3 32.9  57017  51245  62789                                        Sullivan County                               NY est21all.txt 30NOV2022
36 107     5569     4621     6517 11.7  9.7 13.7     1599     1206     1992 16.6 12.5 20.7     1204      908     1500 16.3 12.3 20.3  64052  57125  70979                                        Tioga County                                  NY est21all.txt 30NOV2022
36 109    14936    12778    17094 16.2 13.9 18.5     2041     1518     2564 14.0 10.4 17.6     1348      958     1738 12.4  8.8 16.0  65402  60517  70287                                        Tompkins County                               NY est21all.txt 30NOV2022
36 111    19822    16578    23066 11.3  9.5 13.1     4361     3173     5549 14.2 10.3 18.1     3138     2213     4063 13.7  9.7 17.7  77427  74299  80555                                        Ulster County                                 NY est21all.txt 30NOV2022
36 113     6601     5266     7936 10.2  8.1 12.3     1770     1279     2261 15.4 11.1 19.7     1299      921     1677 15.0 10.6 19.4  69314  63830  74798                                        Warren County                                 NY est21all.txt 30NOV2022
36 115     7120     5757     8483 12.3  9.9 14.7     2004     1522     2486 18.3 13.9 22.7     1428     1050     1806 17.4 12.8 22.0  61633  57080  66186                                        Washington County                             NY est21all.txt 30NOV2022
36 117     8981     7337    10625 10.0  8.2 11.8     2617     1880     3354 13.8  9.9 17.7     1878     1327     2429 13.4  9.5 17.3  65299  61665  68933                                        Wayne County                                  NY est21all.txt 30NOV2022
36 119    91529    81011   102047  9.4  8.3 10.5    23762    19621    27903 11.4  9.4 13.4    17915    14773    21057 11.3  9.3 13.3 109131 104972 113290                                        Westchester County                            NY est21all.txt 30NOV2022
36 121     3483     2674     4292  9.4  7.2 11.6      871      611     1131 12.0  8.4 15.6      611      411      811 11.2  7.5 14.9  66261  60189  72333                                        Wyoming County                                NY est21all.txt 30NOV2022
36 123     2482     1864     3100 10.6  8.0 13.2     1007      697     1317 18.9 13.1 24.7      721      484      958 19.1 12.8 25.4  63619  58558  68680                                        Yates County                                  NY est21all.txt 30NOV2022
37   0  1383626  1357735  1409517 13.5 13.2 13.8   412500   399456   425544 18.2 17.6 18.8   288493   277568   299418 17.2 16.6 17.8  61997  61459  62535  116355  109438  123272 20.2 19.0 21.4 North Carolina                                NC est21all.txt 30NOV2022
37   1    20916    17123    24709 12.5 10.2 14.8     6667     5123     8211 17.6 13.5 21.7     4648     3463     5833 16.6 12.4 20.8  58847  55472  62222                                        Alamance County                               NC est21all.txt 30NOV2022
37   3     4443     3462     5424 12.6  9.8 15.4     1307      949     1665 18.3 13.3 23.3      927      652     1202 17.2 12.1 22.3  52989  48645  57333                                        Alexander County                              NC est21all.txt 30NOV2022
37   5     1952     1553     2351 17.8 14.2 21.4      523      389      657 28.4 21.1 35.7      385      284      486 28.3 20.9 35.7  45239  39818  50660                                        Alleghany County                              NC est21all.txt 30NOV2022
37   7     4414     3494     5334 21.2 16.8 25.6     1328      980     1676 30.5 22.5 38.5      994      723     1265 31.2 22.7 39.7  40773  36050  45496                                        Anson County                                  NC est21all.txt 30NOV2022
37   9     3768     2909     4627 14.2 11.0 17.4     1004      711     1297 22.4 15.9 28.9      713      488      938 20.7 14.2 27.2  45551  40917  50185                                        Ashe County                                   NC est21all.txt 30NOV2022
37  11     2630     2013     3247 17.0 13.0 21.0      597      421      773 24.0 16.9 31.1      408      276      540 22.5 15.2 29.8  48470  44673  52267                                        Avery County                                  NC est21all.txt 30NOV2022
37  13     8863     7340    10386 20.1 16.6 23.6     2751     2211     3291 32.0 25.7 38.3     1960     1517     2403 30.1 23.3 36.9  50312  45072  55552                                        Beaufort County                               NC est21all.txt 30NOV2022
37  15     3345     2526     4164 20.7 15.6 25.8      902      639     1165 30.8 21.8 39.8      644      436      852 29.4 19.9 38.9  41280  36740  45820                                        Bertie County                                 NC est21all.txt 30NOV2022
37  17     6342     5182     7502 21.6 17.6 25.6     1819     1382     2256 30.6 23.2 38.0     1280      929     1631 29.3 21.2 37.4  42398  37345  47451                                        Bladen County                                 NC est21all.txt 30NOV2022
37  19    13997    11393    16601  9.8  8.0 11.6     3701     2677     4725 18.4 13.3 23.5     2618     1798     3438 17.4 12.0 22.8  67286  61782  72790                                        Brunswick County                              NC est21all.txt 30NOV2022
37  21    30954    25939    35969 11.7  9.8 13.6     8089     6118    10060 17.0 12.9 21.1     5853     4289     7417 16.6 12.2 21.0  63838  60465  67211                                        Buncombe County                               NC est21all.txt 30NOV2022
37  23    12185    10009    14361 14.3 11.7 16.9     3038     2270     3806 19.9 14.9 24.9     2170     1569     2771 19.4 14.0 24.8  53758  48483  59033                                        Burke County                                  NC est21all.txt 30NOV2022
37  25    21467    17840    25094  9.4  7.8 11.0     7293     5767     8819 12.7 10.0 15.4     5313     4134     6492 12.2  9.5 14.9  79148  75558  82738                                        Cabarrus County                               NC est21all.txt 30NOV2022
37  27    11804     9694    13914 14.8 12.1 17.5     3350     2497     4203 21.2 15.8 26.6     2376     1745     3007 20.2 14.8 25.6  44705  40826  48584                                        Caldwell County                               NC est21all.txt 30NOV2022
37  29      868      667     1069  8.0  6.1  9.9      244      175      313  9.8  7.0 12.6      171      118      224  8.9  6.1 11.7  79162  71168  87156                                        Camden County                                 NC est21all.txt 30NOV2022
37  31     7997     6468     9526 11.8  9.5 14.1     2065     1520     2610 17.9 13.2 22.6     1497     1068     1926 16.7 11.9 21.5  63146  59852  66440                                        Carteret County                               NC est21all.txt 30NOV2022
37  33     4463     3693     5233 20.7 17.1 24.3     1148      877     1419 27.8 21.2 34.4      797      586     1008 26.2 19.3 33.1  50879  45618  56140                                        Caswell County                                NC est21all.txt 30NOV2022
37  35    21477    18513    24441 13.5 11.6 15.4     6186     4824     7548 17.9 14.0 21.8     4378     3313     5443 16.8 12.7 20.9  59841  56557  63125                                        Catawba County                                NC est21all.txt 30NOV2022
37  37     9444     8316    10572 12.2 10.7 13.7     2481     2108     2854 16.7 14.2 19.2     1929     1667     2191 16.8 14.5 19.1  82764  75047  90481                                        Chatham County                                NC est21all.txt 30NOV2022
37  39     4012     3018     5006 13.9 10.5 17.3     1229      874     1584 26.9 19.1 34.7      869      595     1143 25.9 17.7 34.1  44211  40823  47599                                        Cherokee County                               NC est21all.txt 30NOV2022
37  41     2376     1843     2909 17.6 13.7 21.5      762      556      968 28.5 20.8 36.2      548      389      707 27.5 19.5 35.5  48568  42699  54437                                        Chowan County                                 NC est21all.txt 30NOV2022
37  43     1548     1196     1900 13.8 10.7 16.9      442      315      569 25.2 18.0 32.4      311      214      408 24.1 16.6 31.6  51537  45181  57893                                        Clay County                                   NC est21all.txt 30NOV2022
37  45    17757    15321    20193 18.0 15.5 20.5     5936     4745     7127 26.8 21.4 32.2     4147     3281     5013 25.4 20.1 30.7  49009  44975  53043                                        Cleveland County                              NC est21all.txt 30NOV2022
37  47    11160     9221    13099 23.4 19.3 27.5     3455     2696     4214 33.9 26.5 41.3     2560     1964     3156 33.8 25.9 41.7  41206  36838  45574                                        Columbus County                               NC est21all.txt 30NOV2022
37  49    12150     9740    14560 12.6 10.1 15.1     3822     2713     4931 18.0 12.8 23.2     2620     1756     3484 17.1 11.4 22.8  57628  52023  63233                                        Craven County                                 NC est21all.txt 30NOV2022
37  51    50499    45783    55215 15.8 14.3 17.3    17995    15211    20779 21.7 18.3 25.1    12172    10035    14309 20.8 17.1 24.5  52463  50792  54134                                        Cumberland County                             NC est21all.txt 30NOV2022
37  53     2542     1959     3125  8.6  6.6 10.6      827      595     1059 12.8  9.2 16.4      586      407      765 11.9  8.3 15.5  82759  76296  89222                                        Currituck County                              NC est21all.txt 30NOV2022
37  55     3274     2499     4049  8.7  6.6 10.8      962      689     1235 14.0 10.0 18.0      689      480      898 13.0  9.0 17.0  68682  63501  73863                                        Dare County                                   NC est21all.txt 30NOV2022
37  57    22945    19580    26310 13.6 11.6 15.6     7126     5660     8592 19.6 15.6 23.6     4975     3784     6166 18.2 13.8 22.6  53473  50078  56868                                        Davidson County                               NC est21all.txt 30NOV2022
37  59     4192     3231     5153  9.7  7.5 11.9     1296      944     1648 14.4 10.5 18.3      912      643     1181 13.3  9.4 17.2  67224  62524  71924                                        Davie County                                  NC est21all.txt 30NOV2022
37  61     9204     7603    10805 19.1 15.8 22.4     3270     2540     4000 28.4 22.1 34.7     2407     1827     2987 28.0 21.2 34.8  45149  40543  49755                                        Duplin County                                 NC est21all.txt 30NOV2022
37  63    41987    36760    47214 13.4 11.7 15.1    12335     9852    14818 19.3 15.4 23.2     8233     6367    10099 18.3 14.2 22.4  71436  69555  73317                                        Durham County                                 NC est21all.txt 30NOV2022
37  65    10671     8632    12710 22.4 18.1 26.7     3541     2631     4451 33.0 24.5 41.5     2438     1703     3173 30.6 21.4 39.8  41157  37826  44488                                        Edgecombe County                              NC est21all.txt 30NOV2022
37  67    53575    47748    59402 14.3 12.7 15.9    17205    14289    20121 19.9 16.5 23.3    11929     9701    14157 18.4 15.0 21.8  60228  57468  62988                                        Forsyth County                                NC est21all.txt 30NOV2022
37  69     8760     7135    10385 12.5 10.2 14.8     2663     2018     3308 17.4 13.2 21.6     1809     1309     2309 15.9 11.5 20.3  63687  57214  70160                                        Franklin County                               NC est21all.txt 30NOV2022
37  71    33888    29535    38241 14.9 13.0 16.8     9976     7955    11997 19.6 15.6 23.6     6685     5049     8321 17.7 13.4 22.0  56017  52166  59868                                        Gaston County                                 NC est21all.txt 30NOV2022
37  73     1389     1046     1732 13.5 10.2 16.8      417      298      536 20.7 14.8 26.6      292      200      384 18.9 12.9 24.9  59762  53038  66486                                        Gates County                                  NC est21all.txt 30NOV2022
37  75     1361     1027     1695 17.1 12.9 21.3      436      313      559 27.6 19.8 35.4      308      213      403 26.6 18.4 34.8  43647  39110  48184                                        Graham County                                 NC est21all.txt 30NOV2022
37  77     8231     6932     9530 14.0 11.8 16.2     2067     1527     2607 16.7 12.3 21.1     1485     1055     1915 16.0 11.4 20.6  62715  57360  68070                                        Granville County                              NC est21all.txt 30NOV2022
37  79     4217     3395     5039 23.3 18.8 27.8     1292      982     1602 31.8 24.2 39.4      907      663     1151 30.0 21.9 38.1  42884  38568  47200                                        Greene County                                 NC est21all.txt 30NOV2022
37  81    70898    62400    79396 13.5 11.9 15.1    20937    16587    25287 17.7 14.0 21.4    13756    10352    17160 15.6 11.7 19.5  60915  58245  63585                                        Guilford County                               NC est21all.txt 30NOV2022
37  83    12848    11039    14657 27.3 23.5 31.1     3662     2880     4444 35.9 28.2 43.6     2479     1838     3120 32.7 24.2 41.2  38944  34683  43205                                        Halifax County                                NC est21all.txt 30NOV2022
37  85    17603    15047    20159 13.3 11.4 15.2     6104     4803     7405 17.8 14.0 21.6     4260     3273     5247 17.2 13.2 21.2  61701  57896  65506                                        Harnett County                                NC est21all.txt 30NOV2022
37  87     8521     7106     9936 13.7 11.4 16.0     2237     1659     2815 20.4 15.1 25.7     1493     1037     1949 18.2 12.6 23.8  51817  46526  57108                                        Haywood County                                NC est21all.txt 30NOV2022
37  89    13838    11864    15812 12.0 10.3 13.7     3964     3204     4724 18.6 15.0 22.2     2856     2264     3448 17.8 14.1 21.5  60384  56642  64126                                        Henderson County                              NC est21all.txt 30NOV2022
37  91     4694     3865     5523 24.5 20.2 28.8     1353     1084     1622 35.1 28.1 42.1      974      763     1185 33.2 26.0 40.4  40461  35988  44934                                        Hertford County                               NC est21all.txt 30NOV2022
37  93     8120     6762     9478 15.5 12.9 18.1     3029     2272     3786 21.5 16.1 26.9     2120     1528     2712 21.3 15.3 27.3  54948  50099  59797                                        Hoke County                                   NC est21all.txt 30NOV2022
37  95      849      650     1048 21.0 16.1 25.9      215      156      274 30.3 22.0 38.6      158      111      205 28.3 19.9 36.7  44880  40076  49684                                        Hyde County                                   NC est21all.txt 30NOV2022
37  97    18028    15195    20861  9.5  8.0 11.0     5451     4209     6693 12.8  9.9 15.7     3797     2784     4810 11.7  8.6 14.8  69734  66531  72937                                        Iredell County                                NC est21all.txt 30NOV2022
37  99     7364     6128     8600 18.7 15.6 21.8     1585     1204     1966 22.5 17.1 27.9     1098      799     1397 21.2 15.4 27.0  50652  45325  55979                                        Jackson County                                NC est21all.txt 30NOV2022
37 101    26562    22193    30931 11.8  9.9 13.7     8491     6651    10331 15.2 11.9 18.5     5756     4352     7160 13.6 10.3 16.9  69889  65351  74427                                        Johnston County                               NC est21all.txt 30NOV2022
37 103     1616     1275     1957 17.6 13.9 21.3      484      343      625 29.1 20.6 37.6      344      235      453 27.9 19.1 36.7  47616  41729  53503                                        Jones County                                  NC est21all.txt 30NOV2022
37 105     9533     7891    11175 15.1 12.5 17.7     3107     2357     3857 20.6 15.6 25.6     2123     1564     2682 19.0 14.0 24.0  56679  53376  59982                                        Lee County                                    NC est21all.txt 30NOV2022
37 107    11414     9502    13326 21.1 17.6 24.6     3662     2774     4550 30.1 22.8 37.4     2570     1898     3242 28.6 21.1 36.1  44244  39911  48577                                        Lenoir County                                 NC est21all.txt 30NOV2022
37 109     7830     6056     9604  8.8  6.8 10.8     2249     1575     2923 12.3  8.6 16.0     1550     1028     2072 11.2  7.4 15.0  73319  67477  79161                                        Lincoln County                                NC est21all.txt 30NOV2022
37 111     6323     4968     7678 14.5 11.4 17.6     1876     1362     2390 21.8 15.8 27.8     1319      925     1713 20.2 14.2 26.2  50476  46220  54732                                        McDowell County                               NC est21all.txt 30NOV2022
37 113     5289     4228     6350 14.2 11.4 17.0     1468     1056     1880 21.8 15.7 27.9     1023      715     1331 20.4 14.2 26.6  49406  44950  53862                                        Macon County                                  NC est21all.txt 30NOV2022
37 115     3162     2458     3866 15.3 11.9 18.7      809      583     1035 22.2 16.0 28.4      570      395      745 21.0 14.5 27.5  51849  46441  57257                                        Madison County                                NC est21all.txt 30NOV2022
37 117     4336     3371     5301 20.1 15.6 24.6     1345      965     1725 30.8 22.1 39.5      959      663     1255 29.8 20.6 39.0  43261  38311  48211                                        Martin County                                 NC est21all.txt 30NOV2022
37 119   113013   102810   123216 10.2  9.3 11.1    35621    30321    40921 14.1 12.0 16.2    24900    20753    29047 13.6 11.3 15.9  75138  72889  77387                                        Mecklenburg County                            NC est21all.txt 30NOV2022
37 121     2223     1714     2732 15.0 11.6 18.4      611      434      788 22.4 15.9 28.9      439      301      577 21.8 14.9 28.7  49086  43229  54943                                        Mitchell County                               NC est21all.txt 30NOV2022
37 123     4407     3511     5303 17.6 14.0 21.2     1490     1151     1829 27.8 21.5 34.1      961      691     1231 23.8 17.1 30.5  52897  48646  57148                                        Montgomery County                             NC est21all.txt 30NOV2022
37 125     9369     7404    11334  9.2  7.3 11.1     2898     2060     3736 13.1  9.3 16.9     2137     1497     2777 13.3  9.3 17.3  69373  62883  75863                                        Moore County                                  NC est21all.txt 30NOV2022
37 127    13770    10922    16618 14.8 11.7 17.9     4595     3402     5788 22.3 16.5 28.1     3240     2302     4178 21.2 15.1 27.3  55956  51520  60392                                        Nash County                                   NC est21all.txt 30NOV2022
37 129    26307    22484    30130 11.9 10.2 13.6     5307     3742     6872 13.2  9.3 17.1     3450     2238     4662 11.5  7.5 15.5  66212  63186  69238                                        New Hanover County                            NC est21all.txt 30NOV2022
37 131     3962     3154     4770 23.6 18.8 28.4     1082      803     1361 36.4 27.0 45.8      783      562     1004 36.0 25.8 46.2  40524  35974  45074                                        Northampton County                            NC est21all.txt 30NOV2022
37 133    25172    20810    29534 13.9 11.5 16.3     8923     6917    10929 18.1 14.0 22.2     5855     4286     7424 17.7 13.0 22.4  55645  52217  59073                                        Onslow County                                 NC est21all.txt 30NOV2022
37 135    16964    14469    19459 12.2 10.4 14.0     2925     2154     3696 10.6  7.8 13.4     2048     1449     2647  9.4  6.6 12.2  79814  76259  83369                                        Orange County                                 NC est21all.txt 30NOV2022
37 137     1794     1407     2181 15.3 12.0 18.6      460      328      592 26.3 18.8 33.8      294      193      395 21.9 14.4 29.4  53732  47909  59555                                        Pamlico County                                NC est21all.txt 30NOV2022
37 139     5990     4735     7245 15.4 12.2 18.6     1943     1360     2526 22.4 15.7 29.1     1367      906     1828 21.7 14.4 29.0  51365  48016  54714                                        Pasquotank County                             NC est21all.txt 30NOV2022
37 141     6668     5223     8113 10.8  8.5 13.1     2117     1521     2713 15.4 11.1 19.7     1478     1033     1923 14.2  9.9 18.5  69555  65044  74066                                        Pender County                                 NC est21all.txt 30NOV2022
37 143     2032     1584     2480 15.5 12.1 18.9      656      482      830 27.2 20.0 34.4      474      337      611 25.8 18.3 33.3  53760  48674  58846                                        Perquimans County                             NC est21all.txt 30NOV2022
37 145     6772     5782     7762 17.5 14.9 20.1     2019     1649     2389 25.6 20.9 30.3     1242      928     1556 21.2 15.8 26.6  55287  48719  61855                                        Person County                                 NC est21all.txt 30NOV2022
37 147    35969    32494    39444 21.6 19.5 23.7     8507     6732    10282 23.5 18.6 28.4     5955     4531     7379 22.4 17.0 27.8  48116  43812  52420                                        Pitt County                                   NC est21all.txt 30NOV2022
37 149     2394     1891     2897 12.3  9.7 14.9      578      408      748 18.8 13.3 24.3      425      290      560 18.2 12.4 24.0  58064  51455  64673                                        Polk County                                   NC est21all.txt 30NOV2022
37 151    19487    16239    22735 13.5 11.2 15.8     6724     5370     8078 21.1 16.8 25.4     4563     3482     5644 19.1 14.6 23.6  57088  53357  60819                                        Randolph County                               NC est21all.txt 30NOV2022
37 153    10979     9329    12629 26.2 22.3 30.1     3994     3249     4739 40.2 32.7 47.7     2833     2261     3405 39.0 31.1 46.9  42158  37294  47022                                        Richmond County                               NC est21all.txt 30NOV2022
37 155    31425    28289    34561 27.9 25.1 30.7    10400     8823    11977 36.0 30.5 41.5     7137     5955     8319 33.6 28.0 39.2  38613  35484  41742                                        Robeson County                                NC est21all.txt 30NOV2022
37 157    16319    14069    18569 18.1 15.6 20.6     4799     3862     5736 26.5 21.3 31.7     3762     3067     4457 27.7 22.6 32.8  46868  42312  51424                                        Rockingham County                             NC est21all.txt 30NOV2022
37 159    24540    21295    27785 17.0 14.7 19.3     7493     5979     9007 23.6 18.8 28.4     5607     4459     6755 23.7 18.8 28.6  56441  53509  59373                                        Rowan County                                  NC est21all.txt 30NOV2022
37 161    11118     9286    12950 17.5 14.6 20.4     3248     2571     3925 25.3 20.0 30.6     2568     2071     3065 26.9 21.7 32.1  44477  40385  48569                                        Rutherford County                             NC est21all.txt 30NOV2022
37 163    11846    10174    13518 20.4 17.5 23.3     4160     3408     4912 29.2 23.9 34.5     2878     2270     3486 27.4 21.6 33.2  48267  43383  53151                                        Sampson County                                NC est21all.txt 30NOV2022
37 165     7747     6421     9073 24.4 20.2 28.6     2799     2112     3486 35.0 26.4 43.6     1907     1395     2419 32.7 23.9 41.5  44060  41463  46657                                        Scotland County                               NC est21all.txt 30NOV2022
37 167     8896     7364    10428 14.5 12.0 17.0     2783     2175     3391 20.7 16.2 25.2     1999     1526     2472 20.0 15.3 24.7  57465  51531  63399                                        Stanly County                                 NC est21all.txt 30NOV2022
37 169     5800     4620     6980 13.1 10.4 15.8     1533     1150     1916 19.1 14.3 23.9     1089      797     1381 17.9 13.1 22.7  57763  51736  63790                                        Stokes County                                 NC est21all.txt 30NOV2022
37 171    11343     9543    13143 16.1 13.5 18.7     3132     2394     3870 21.1 16.1 26.1     2206     1637     2775 19.8 14.7 24.9  51820  49523  54117                                        Surry County                                  NC est21all.txt 30NOV2022
37 173     2427     1959     2895 17.4 14.0 20.8      811      605     1017 25.8 19.3 32.3      600      444      756 25.5 18.8 32.2  47838  42301  53375                                        Swain County                                  NC est21all.txt 30NOV2022
37 175     4067     3203     4931 12.5  9.8 15.2     1113      837     1389 21.9 16.5 27.3      802      591     1013 21.0 15.5 26.5  61737  56521  66953                                        Transylvania County                           NC est21all.txt 30NOV2022
37 177      621      472      770 21.1 16.1 26.1      194      137      251 30.9 21.8 40.0      141       95      187 30.1 20.4 39.8  39970  34975  44965                                        Tyrrell County                                NC est21all.txt 30NOV2022
37 179    18556    15554    21558  7.7  6.5  8.9     5900     4708     7092  9.4  7.5 11.3     4296     3357     5235  8.7  6.8 10.6  87553  82847  92259                                        Union County                                  NC est21all.txt 30NOV2022
37 181     8694     6878    10510 20.8 16.5 25.1     3376     2539     4213 34.4 25.9 42.9     2548     1916     3180 35.8 26.9 44.7  45557  40833  50281                                        Vance County                                  NC est21all.txt 30NOV2022
37 183   105694    96113   115275  9.4  8.6 10.2    26641    21923    31359 10.1  8.3 11.9    19133    15685    22581  9.6  7.9 11.3  91558  88201  94915                                        Wake County                                   NC est21all.txt 30NOV2022
37 185     3581     2827     4335 19.9 15.7 24.1      967      690     1244 29.2 20.8 37.6      713      492      934 28.5 19.7 37.3  44794  39753  49835                                        Warren County                                 NC est21all.txt 30NOV2022
37 187     2237     1701     2773 20.7 15.7 25.7      841      603     1079 38.8 27.8 49.8      601      415      787 37.5 25.9 49.1  42582  37308  47856                                        Washington County                             NC est21all.txt 30NOV2022
37 189    10642     9478    11806 21.8 19.4 24.2      923      668     1178 13.8 10.0 17.6      646      449      843 12.8  8.9 16.7  55183  49198  61168                                        Watauga County                                NC est21all.txt 30NOV2022
37 191    21361    18645    24077 18.7 16.3 21.1     7347     6045     8649 26.7 22.0 31.4     5410     4367     6453 26.9 21.7 32.1  49955  45374  54536                                        Wayne County                                  NC est21all.txt 30NOV2022
37 193    11106     9238    12974 17.1 14.2 20.0     3092     2387     3797 23.9 18.4 29.4     2081     1536     2626 21.5 15.9 27.1  47891  43089  52693                                        Wilkes County                                 NC est21all.txt 30NOV2022
37 195    14510    12039    16981 18.8 15.6 22.0     4693     3662     5724 26.6 20.8 32.4     3242     2418     4066 24.8 18.5 31.1  48777  44677  52877                                        Wilson County                                 NC est21all.txt 30NOV2022
37 197     4695     3780     5610 12.7 10.2 15.2     1418     1055     1781 18.8 14.0 23.6      987      700     1274 17.5 12.4 22.6  56547  51150  61944                                        Yadkin County                                 NC est21all.txt 30NOV2022
37 199     3230     2599     3861 17.4 14.0 20.8      815      602     1028 24.2 17.9 30.5      548      381      715 22.4 15.6 29.2  46299  41533  51065                                        Yancey County                                 NC est21all.txt 30NOV2022
38   0    82270    78002    86538 10.9 10.3 11.5    21011    19433    22589 11.5 10.6 12.4    13843    12593    15093 10.5  9.6 11.4  67603  65854  69352    6455    5510    7400 12.9 11.0 14.8 North Dakota                                  ND est21all.txt 30NOV2022
38   1      255      196      314 12.0  9.2 14.8       62       43       81 14.6 10.0 19.2       43       28       58 13.6  8.8 18.4  56364  49419  63309                                        Adams County                                  ND est21all.txt 30NOV2022
38   3     1149      892     1406 11.2  8.7 13.7      245      164      326 11.6  7.7 15.5      176      114      238 11.1  7.2 15.0  61111  55609  66613                                        Barnes County                                 ND est21all.txt 30NOV2022
38   5     1520     1190     1850 26.3 20.6 32.0      763      532      994 37.0 25.8 48.2      511      336      686 34.8 22.9 46.7  47080  41628  52532                                        Benson County                                 ND est21all.txt 30NOV2022
38   7      103       79      127 10.8  8.3 13.3       26       18       34 13.3  9.0 17.6       18       11       25 12.7  8.1 17.3  77375  67742  87008                                        Billings County                               ND est21all.txt 30NOV2022
38   9      691      538      844 11.2  8.7 13.7      192      134      250 13.7  9.6 17.8      128       85      171 12.3  8.2 16.4  67400  60327  74473                                        Bottineau County                              ND est21all.txt 30NOV2022
38  11      259      202      316  9.0  7.0 11.0       65       45       85  9.2  6.3 12.1       45       29       61  8.2  5.3 11.1  68253  59934  76572                                        Bowman County                                 ND est21all.txt 30NOV2022
38  13      191      144      238  8.9  6.7 11.1       51       35       67  9.7  6.7 12.7       35       22       48  9.3  6.0 12.6  71492  64041  78943                                        Burke County                                  ND est21all.txt 30NOV2022
38  15     7923     6574     9272  8.3  6.9  9.7     1981     1470     2492  8.6  6.4 10.8     1309      924     1694  7.6  5.4  9.8  71980  66277  77683                                        Burleigh County                               ND est21all.txt 30NOV2022
38  17    19208    16971    21445 10.6  9.4 11.8     3844     2936     4752  9.3  7.1 11.5     2432     1755     3109  8.2  5.9 10.5  66351  64211  68491                                        Cass County                                   ND est21all.txt 30NOV2022
38  19      289      221      357  8.0  6.1  9.9       69       47       91  8.6  5.8 11.4       47       30       64  8.3  5.3 11.3  65006  57966  72046                                        Cavalier County                               ND est21all.txt 30NOV2022
38  21      527      405      649 11.2  8.6 13.8      129       89      169 11.0  7.5 14.5       87       57      117  9.8  6.4 13.2  55270  49131  61409                                        Dickey County                                 ND est21all.txt 30NOV2022
38  23      232      177      287 10.8  8.2 13.4       66       45       87 12.5  8.6 16.4       46       30       62 11.9  7.7 16.1  64646  56738  72554                                        Divide County                                 ND est21all.txt 30NOV2022
38  25      440      339      541 11.0  8.5 13.5      148      101      195 14.3  9.8 18.8      102       66      138 14.0  9.1 18.9  75713  66798  84628                                        Dunn County                                   ND est21all.txt 30NOV2022
38  27      264      207      321 11.7  9.2 14.2       79       55      103 14.0  9.7 18.3       53       35       71 12.7  8.4 17.0  57277  50065  64489                                        Eddy County                                   ND est21all.txt 30NOV2022
38  29      430      331      529 13.4 10.3 16.5      108       73      143 16.4 11.1 21.7       74       47      101 14.9  9.5 20.3  55883  49052  62714                                        Emmons County                                 ND est21all.txt 30NOV2022
38  31      295      229      361  8.9  6.9 10.9       68       46       90  9.1  6.2 12.0       46       30       62  8.3  5.3 11.3  69364  61697  77031                                        Foster County                                 ND est21all.txt 30NOV2022
38  33      218      168      268 12.7  9.8 15.6       59       40       78 19.5 13.3 25.7       41       26       56 19.3 12.3 26.3  63973  57845  70101                                        Golden Valley County                          ND est21all.txt 30NOV2022
38  35     9430     8131    10729 13.6 11.7 15.5     1876     1396     2356 12.1  9.0 15.2     1173      814     1532 10.7  7.4 14.0  64804  58873  70735                                        Grand Forks County                            ND est21all.txt 30NOV2022
38  37      401      311      491 17.3 13.4 21.2      128       89      167 26.2 18.2 34.2       84       55      113 22.8 15.0 30.6  48544  43605  53483                                        Grant County                                  ND est21all.txt 30NOV2022
38  39      239      181      297 10.7  8.1 13.3       68       47       89 14.3  9.8 18.8       46       30       62 12.7  8.2 17.2  59520  52230  66810                                        Griggs County                                 ND est21all.txt 30NOV2022
38  41      331      261      401 14.4 11.4 17.4      103       71      135 18.0 12.4 23.6       71       46       96 17.7 11.6 23.8  54282  47589  60975                                        Hettinger County                              ND est21all.txt 30NOV2022
38  43      335      256      414 14.2 10.8 17.6       85       58      112 16.9 11.5 22.3       60       39       81 16.8 10.8 22.8  55020  48926  61114                                        Kidder County                                 ND est21all.txt 30NOV2022
38  45      436      341      531 10.9  8.5 13.3       94       65      123 10.8  7.5 14.1       63       41       85  9.9  6.4 13.4  65932  59093  72771                                        LaMoure County                                ND est21all.txt 30NOV2022
38  47      259      196      322 14.2 10.8 17.6       95       64      126 21.3 14.3 28.3       67       43       91 20.5 13.0 28.0  51318  45066  57570                                        Logan County                                  ND est21all.txt 30NOV2022
38  49      621      475      767 11.9  9.1 14.7      183      126      240 14.7 10.1 19.3      124       81      167 13.1  8.5 17.7  64262  57236  71288                                        McHenry County                                ND est21all.txt 30NOV2022
38  51      335      260      410 13.8 10.7 16.9       87       59      115 17.4 11.9 22.9       60       39       81 16.2 10.4 22.0  54211  48175  60247                                        McIntosh County                               ND est21all.txt 30NOV2022
38  53     1254     1004     1504  9.1  7.3 10.9      486      351      621 11.2  8.1 14.3      334      234      434 10.7  7.5 13.9  86294  75698  96890                                        McKenzie County                               ND est21all.txt 30NOV2022
38  55     1021      799     1243 10.6  8.3 12.9      260      178      342 11.9  8.2 15.6      172      111      233 10.4  6.7 14.1  68419  61352  75486                                        McLean County                                 ND est21all.txt 30NOV2022
38  57      655      510      800  8.0  6.2  9.8      152      103      201  7.9  5.3 10.5      100       64      136  6.9  4.4  9.4  78823  69440  88206                                        Mercer County                                 ND est21all.txt 30NOV2022
38  59     3241     2612     3870  9.9  8.0 11.8      799      540     1058 10.2  6.9 13.5      525      330      720  9.4  5.9 12.9  71415  63469  79361                                        Morton County                                 ND est21all.txt 30NOV2022
38  61     1064      829     1299 11.2  8.7 13.7      384      265      503 14.2  9.8 18.6      260      170      350 13.8  9.0 18.6  71941  64426  79456                                        Mountrail County                              ND est21all.txt 30NOV2022
38  63      310      238      382 10.4  8.0 12.8       64       44       84 10.3  7.0 13.6       42       27       57  8.8  5.6 12.0  62095  55048  69142                                        Nelson County                                 ND est21all.txt 30NOV2022
38  65      207      157      257 11.1  8.4 13.8       72       49       95 15.9 10.9 20.9       50       32       68 14.3  9.2 19.4  72965  64102  81828                                        Oliver County                                 ND est21all.txt 30NOV2022
38  67      647      511      783  9.7  7.6 11.8      147      101      193 10.3  7.0 13.6      102       67      137  9.8  6.4 13.2  63809  57085  70533                                        Pembina County                                ND est21all.txt 30NOV2022
38  69      457      354      560 12.3  9.5 15.1      112       77      147 12.6  8.6 16.6       73       47       99 10.5  6.8 14.2  55747  49304  62190                                        Pierce County                                 ND est21all.txt 30NOV2022
38  71     1372     1063     1681 12.3  9.5 15.1      447      311      583 16.1 11.2 21.0      300      199      401 15.2 10.1 20.3  63973  56201  71745                                        Ramsey County                                 ND est21all.txt 30NOV2022
38  73      489      381      597  8.9  6.9 10.9      140      106      174 11.2  8.5 13.9       97       72      122 10.2  7.6 12.8  71594  63062  80126                                        Ransom County                                 ND est21all.txt 30NOV2022
38  75      188      145      231  8.5  6.5 10.5       29       20       38  5.9  4.0  7.8       20       13       27  5.2  3.4  7.0  66937  60115  73759                                        Renville County                               ND est21all.txt 30NOV2022
38  77     1582     1234     1930 10.1  7.9 12.3      390      262      518 10.6  7.1 14.1      259      164      354  9.6  6.1 13.1  65184  58818  71550                                        Richland County                               ND est21all.txt 30NOV2022
38  79     3253     2657     3849 27.2 22.2 32.2     1260      914     1606 30.8 22.3 39.3      833      578     1088 26.6 18.4 34.8  47394  42834  51954                                        Rolette County                                ND est21all.txt 30NOV2022
38  81      340      267      413  9.0  7.1 10.9       97       68      126 11.7  8.2 15.2       67       44       90 11.2  7.4 15.0  69666  61648  77684                                        Sargent County                                ND est21all.txt 30NOV2022
38  83      209      158      260 16.5 12.5 20.5       59       40       78 26.0 17.8 34.2       41       27       55 26.6 17.2 36.0  49374  43346  55402                                        Sheridan County                               ND est21all.txt 30NOV2022
38  85     1581     1335     1827 42.8 36.1 49.5      687      538      836 50.7 39.7 61.7      445      332      558 43.5 32.5 54.5  40307  35493  45121                                        Sioux County                                  ND est21all.txt 30NOV2022
38  87       88       67      109 12.8  9.7 15.9       22       15       29 16.1 11.1 21.1       15       10       20 15.2  9.9 20.5  57922  50719  65125                                        Slope County                                  ND est21all.txt 30NOV2022
38  89     3281     2720     3842 10.1  8.4 11.8      812      555     1069  8.9  6.1 11.7      556      361      751  8.6  5.6 11.6  73453  65992  80914                                        Stark County                                  ND est21all.txt 30NOV2022
38  91      153      121      185  8.5  6.7 10.3       47       33       61 11.9  8.4 15.4       30       19       41 10.3  6.5 14.1  77013  67750  86276                                        Steele County                                 ND est21all.txt 30NOV2022
38  93     2324     1831     2817 11.7  9.2 14.2      504      347      661 11.5  7.9 15.1      339      223      455 10.5  6.9 14.1  63871  56359  71383                                        Stutsman County                               ND est21all.txt 30NOV2022
38  95      241      191      291 11.4  9.0 13.8       71       49       93 15.0 10.3 19.7       48       31       65 13.3  8.6 18.0  66452  58641  74263                                        Towner County                                 ND est21all.txt 30NOV2022
38  97      761      607      915  9.9  7.9 11.9      163      116      210  8.9  6.3 11.5      105       69      141  7.6  5.0 10.2  72320  64222  80418                                        Traill County                                 ND est21all.txt 30NOV2022
38  99     1224      977     1471 11.9  9.5 14.3      301      208      394 12.6  8.7 16.5      194      123      265 11.0  7.0 15.0  61472  54178  68766                                        Walsh County                                  ND est21all.txt 30NOV2022
38 101     6234     4993     7475  9.4  7.5 11.3     1650     1145     2155 10.1  7.0 13.2     1097      722     1472  9.7  6.4 13.0  69957  66447  73467                                        Ward County                                   ND est21all.txt 30NOV2022
38 103      477      368      586 12.4  9.6 15.2      106       73      139 13.2  9.1 17.3       71       46       96 12.0  7.8 16.2  63665  55684  71646                                        Wells County                                  ND est21all.txt 30NOV2022
38 105     3239     2616     3862  8.5  6.9 10.1     1075      746     1404  9.3  6.4 12.2      727      474      980  9.2  6.0 12.4  77051  68593  85509                                        Williams County                               ND est21all.txt 30NOV2022
39   0  1523366  1498525  1548207 13.3 13.1 13.5   464430   451117   477743 18.2 17.7 18.7   319011   307948   330074 16.9 16.3 17.5  62286  61832  62740  135658  129038  142278 20.7 19.7 21.7 Ohio                                          OH est21all.txt 30NOV2022
39   1     5136     4243     6029 18.9 15.6 22.2     1789     1363     2215 27.5 21.0 34.0     1196      856     1536 24.8 17.7 31.9  47001  41983  52019                                        Adams County                                  OH est21all.txt 30NOV2022
39   3    14686    12567    16805 15.3 13.1 17.5     4644     3659     5629 20.1 15.8 24.4     3188     2422     3954 18.7 14.2 23.2  52518  49467  55569                                        Allen County                                  OH est21all.txt 30NOV2022
39   5     5494     4366     6622 10.9  8.7 13.1     1700     1225     2175 14.9 10.7 19.1     1162      805     1519 13.7  9.5 17.9  59117  53574  64660                                        Ashland County                                OH est21all.txt 30NOV2022
39   7    14787    12385    17189 15.7 13.1 18.3     4619     3436     5802 22.0 16.4 27.6     3193     2276     4110 20.6 14.7 26.5  48916  45051  52781                                        Ashtabula County                              OH est21all.txt 30NOV2022
39   9    11068     9087    13049 20.9 17.2 24.6     2039     1499     2579 23.3 17.1 29.5     1511     1104     1918 23.2 17.0 29.4  49023  45428  52618                                        Athens County                                 OH est21all.txt 30NOV2022
39  11     3607     2885     4329  7.9  6.3  9.5     1106      818     1394 10.1  7.5 12.7      772      557      987  9.5  6.9 12.1  64942  60856  69028                                        Auglaize County                               OH est21all.txt 30NOV2022
39  13     9903     8243    11563 15.9 13.2 18.6     2579     1965     3193 21.2 16.2 26.2     1823     1341     2305 20.0 14.7 25.3  50602  46230  54974                                        Belmont County                                OH est21all.txt 30NOV2022
39  15     7227     6291     8163 16.8 14.6 19.0     2212     1752     2672 22.6 17.9 27.3     1500     1151     1849 20.5 15.7 25.3  58990  54735  63245                                        Brown County                                  OH est21all.txt 30NOV2022
39  17    43595    38230    48960 11.6 10.2 13.0    11482     9122    13842 12.8 10.2 15.4     7600     5938     9262 11.3  8.8 13.8  72859  69942  75776                                        Butler County                                 OH est21all.txt 30NOV2022
39  19     3500     2839     4161 13.3 10.8 15.8     1080      821     1339 19.8 15.0 24.6      799      613      985 19.6 15.0 24.2  56287  51719  60855                                        Carroll County                                OH est21all.txt 30NOV2022
39  21     4013     3236     4790 10.6  8.6 12.6     1224      928     1520 14.7 11.1 18.3      825      599     1051 13.2  9.6 16.8  64876  58503  71249                                        Champaign County                              OH est21all.txt 30NOV2022
39  23    21066    18633    23499 16.0 14.2 17.8     6811     5560     8062 22.8 18.6 27.0     5015     4082     5948 22.9 18.6 27.2  59077  55503  62651                                        Clark County                                  OH est21all.txt 30NOV2022
39  25    19702    17004    22400  9.5  8.2 10.8     4678     3499     5857 10.1  7.6 12.6     3217     2353     4081  9.3  6.8 11.8  70789  66984  74594                                        Clermont County                               OH est21all.txt 30NOV2022
39  27     4908     3949     5867 12.0  9.7 14.3     1482     1082     1882 15.8 11.5 20.1      984      674     1294 14.1  9.6 18.6  62999  57384  68614                                        Clinton County                                OH est21all.txt 30NOV2022
39  29    16236    13802    18670 16.7 14.2 19.2     4906     3949     5863 24.3 19.6 29.0     3353     2608     4098 22.2 17.3 27.1  51019  46507  55531                                        Columbiana County                             OH est21all.txt 30NOV2022
39  31     5033     4141     5925 13.9 11.4 16.4     1648     1225     2071 19.0 14.1 23.9     1160      836     1484 18.2 13.1 23.3  50135  45283  54987                                        Coshocton County                              OH est21all.txt 30NOV2022
39  33     5552     4508     6596 13.5 11.0 16.0     1812     1336     2288 20.3 15.0 25.6     1210      836     1584 18.3 12.6 24.0  50656  47178  54134                                        Crawford County                               OH est21all.txt 30NOV2022
39  35   197374   185510   209238 16.2 15.2 17.2    58405    53017    63793 23.1 21.0 25.2    41267    36950    45584 22.2 19.9 24.5  55250  53866  56634                                        Cuyahoga County                               OH est21all.txt 30NOV2022
39  37     5295     4317     6273 10.4  8.5 12.3     1654     1228     2080 13.6 10.1 17.1     1158      833     1483 12.9  9.3 16.5  59456  55328  63584                                        Darke County                                  OH est21all.txt 30NOV2022
39  39     3773     3084     4462 10.1  8.3 11.9     1157      834     1480 13.6  9.8 17.4      795      550     1040 12.4  8.6 16.2  66697  61868  71526                                        Defiance County                               OH est21all.txt 30NOV2022
39  41     9056     7357    10755  4.1  3.3  4.9     2213     1648     2778  4.0  3.0  5.0     1467     1021     1913  3.4  2.4  4.4 118661 112570 124752                                        Delaware County                               OH est21all.txt 30NOV2022
39  43     9229     7838    10620 12.6 10.7 14.5     3007     2359     3655 20.4 16.0 24.8     2140     1611     2669 19.6 14.8 24.4  59226  55530  62922                                        Erie County                                   OH est21all.txt 30NOV2022
39  45    12969    10463    15475  8.2  6.6  9.8     4138     3053     5223 10.9  8.0 13.8     2831     2017     3645  9.9  7.1 12.7  80245  75224  85266                                        Fairfield County                              OH est21all.txt 30NOV2022
39  47     4622     3962     5282 16.3 14.0 18.6     1640     1331     1949 24.6 20.0 29.2     1056      819     1293 21.1 16.4 25.8  58020  52889  63151                                        Fayette County                                OH est21all.txt 30NOV2022
39  49   184504   173863   195145 14.3 13.5 15.1    60247    54962    65532 19.9 18.2 21.6    40060    35910    44210 18.6 16.7 20.5  66056  64340  67772                                        Franklin County                               OH est21all.txt 30NOV2022
39  51     3412     2726     4098  8.1  6.5  9.7     1108      824     1392 11.3  8.4 14.2      765      540      990 10.4  7.4 13.4  68985  64044  73926                                        Fulton County                                 OH est21all.txt 30NOV2022
39  53     5086     4020     6152 18.0 14.2 21.8     1700     1223     2177 25.6 18.4 32.8     1173      794     1552 24.0 16.2 31.8  49575  44244  54906                                        Gallia County                                 OH est21all.txt 30NOV2022
39  55     5915     4704     7126  6.2  4.9  7.5     1500     1117     1883  7.1  5.3  8.9     1049      757     1341  6.5  4.7  8.3  91701  86286  97116                                        Geauga County                                 OH est21all.txt 30NOV2022
39  57    16474    13948    19000 10.3  8.7 11.9     4131     3228     5034 12.1  9.5 14.7     3090     2394     3786 12.1  9.4 14.8  79035  74024  84046                                        Greene County                                 OH est21all.txt 30NOV2022
39  59     5748     4632     6864 15.2 12.3 18.1     1843     1337     2349 22.2 16.1 28.3     1283      887     1679 20.8 14.4 27.2  50599  46595  54603                                        Guernsey County                               OH est21all.txt 30NOV2022
39  61   126383   117637   135129 15.7 14.6 16.8    41362    37072    45652 22.1 19.8 24.4    27992    24368    31616 20.6 17.9 23.3  64087  62375  65799                                        Hamilton County                               OH est21all.txt 30NOV2022
39  63     7294     6019     8569 10.0  8.3 11.7     2001     1539     2463 12.5  9.6 15.4     1376     1022     1730 11.7  8.7 14.7  65866  60751  70981                                        Hancock County                                OH est21all.txt 30NOV2022
39  65     4853     4022     5684 16.9 14.0 19.8     1727     1418     2036 24.5 20.1 28.9     1108      870     1346 21.6 17.0 26.2  53940  48257  59623                                        Hardin County                                 OH est21all.txt 30NOV2022
39  67     2008     1556     2460 14.1 10.9 17.3      639      462      816 21.4 15.5 27.3      445      309      581 19.7 13.7 25.7  50691  45446  55936                                        Harrison County                               OH est21all.txt 30NOV2022
39  69     2424     1952     2896  8.9  7.2 10.6      744      570      918 11.9  9.1 14.7      495      361      629 10.6  7.7 13.5  69634  63863  75405                                        Henry County                                  OH est21all.txt 30NOV2022
39  71     5969     4835     7103 13.9 11.3 16.5     2048     1492     2604 20.2 14.7 25.7     1372      953     1791 18.5 12.9 24.1  56772  52176  61368                                        Highland County                               OH est21all.txt 30NOV2022
39  73     4583     3776     5390 16.5 13.6 19.4     1421     1103     1739 23.7 18.4 29.0      996      752     1240 22.2 16.8 27.6  55814  50188  61440                                        Hocking County                                OH est21all.txt 30NOV2022
39  75     4388     3669     5107 10.1  8.4 11.8     1751     1430     2072 13.1 10.7 15.5     1323     1084     1562 13.6 11.1 16.1  70027  62740  77314                                        Holmes County                                 OH est21all.txt 30NOV2022
39  77     6440     5179     7701 11.2  9.0 13.4     2288     1646     2930 16.8 12.1 21.5     1611     1121     2101 15.9 11.1 20.7  62153  58423  65883                                        Huron County                                  OH est21all.txt 30NOV2022
39  79     5676     4642     6710 17.7 14.5 20.9     1869     1411     2327 24.6 18.6 30.6     1350      995     1705 24.1 17.8 30.4  48745  43902  53588                                        Jackson County                                OH est21all.txt 30NOV2022
39  81    10783     9039    12527 17.2 14.4 20.0     2962     2254     3670 23.7 18.0 29.4     2138     1607     2669 23.2 17.4 29.0  50442  48100  52784                                        Jefferson County                              OH est21all.txt 30NOV2022
39  83     7421     6006     8836 12.5 10.1 14.9     2358     1784     2932 16.7 12.6 20.8     1714     1281     2147 16.4 12.3 20.5  61642  56877  66407                                        Knox County                                   OH est21all.txt 30NOV2022
39  85    16007    12950    19064  7.0  5.7  8.3     4706     3424     5988 10.6  7.7 13.5     3212     2204     4220  9.5  6.5 12.5  74208  71894  76522                                        Lake County                                   OH est21all.txt 30NOV2022
39  87     9767     8017    11517 17.2 14.1 20.3     2726     2004     3448 22.4 16.5 28.3     1944     1358     2530 21.2 14.8 27.6  49916  46191  53641                                        Lawrence County                               OH est21all.txt 30NOV2022
39  89    19460    16689    22231 11.0  9.4 12.6     6301     5144     7458 15.5 12.7 18.3     4254     3357     5151 14.0 11.0 17.0  72936  68380  77492                                        Licking County                                OH est21all.txt 30NOV2022
39  91     4597     3628     5566 10.1  8.0 12.2     1546     1131     1961 15.0 11.0 19.0     1072      757     1387 14.1 10.0 18.2  65499  60306  70692                                        Logan County                                  OH est21all.txt 30NOV2022
39  93    39308    35155    43461 12.8 11.4 14.2    13425    11597    15253 19.9 17.2 22.6     8929     7579    10279 17.6 14.9 20.3  63348  59982  66714                                        Lorain County                                 OH est21all.txt 30NOV2022
39  95    73260    66063    80457 17.4 15.7 19.1    23875    20360    27390 24.5 20.9 28.1    15934    13251    18617 22.3 18.5 26.1  53379  50338  56420                                        Lucas County                                  OH est21all.txt 30NOV2022
39  97     5356     4533     6179 13.4 11.3 15.5     1491     1193     1789 17.0 13.6 20.4     1071      844     1298 16.5 13.0 20.0  71958  65272  78644                                        Madison County                                OH est21all.txt 30NOV2022
39  99    42174    38719    45629 19.3 17.7 20.9    12778    11250    14306 28.5 25.1 31.9     8761     7470    10052 26.6 22.7 30.5  50216  47157  53275                                        Mahoning County                               OH est21all.txt 30NOV2022
39 101     9443     7903    10983 15.8 13.2 18.4     2921     2196     3646 21.5 16.2 26.8     2091     1533     2649 21.2 15.6 26.8  53172  47538  58806                                        Marion County                                 OH est21all.txt 30NOV2022
39 103    11016     8813    13219  6.1  4.9  7.3     3022     2280     3764  7.7  5.8  9.6     2079     1505     2653  6.9  5.0  8.8  86880  83542  90218                                        Medina County                                 OH est21all.txt 30NOV2022
39 105     4603     3870     5336 21.1 17.7 24.5     1333     1031     1635 29.3 22.7 35.9      857      609     1105 24.7 17.5 31.9  45935  40561  51309                                        Meigs County                                  OH est21all.txt 30NOV2022
39 107     3054     2351     3757  7.3  5.6  9.0     1006      729     1283  9.2  6.7 11.7      681      469      893  8.7  6.0 11.4  67958  62636  73280                                        Mercer County                                 OH est21all.txt 30NOV2022
39 109     8915     7048    10782  8.2  6.5  9.9     2842     2042     3642 11.5  8.3 14.7     1918     1302     2534 10.4  7.1 13.7  65537  61579  69495                                        Miami County                                  OH est21all.txt 30NOV2022
39 111     1874     1454     2294 14.2 11.0 17.4      581      416      746 21.8 15.6 28.0      419      290      548 20.7 14.3 27.1  53036  47942  58130                                        Monroe County                                 OH est21all.txt 30NOV2022
39 113    79459    71972    86946 15.2 13.8 16.6    26223    22481    29965 22.5 19.3 25.7    17251    14252    20250 20.3 16.8 23.8  56636  54881  58391                                        Montgomery County                             OH est21all.txt 30NOV2022
39 115     2211     1739     2683 16.4 12.9 19.9      658      467      849 23.8 16.9 30.7      461      311      611 22.1 14.9 29.3  46327  41398  51256                                        Morgan County                                 OH est21all.txt 30NOV2022
39 117     3911     3168     4654 11.3  9.2 13.4     1272      994     1550 16.8 13.1 20.5      814      589     1039 14.4 10.4 18.4  62516  57619  67413                                        Morrow County                                 OH est21all.txt 30NOV2022
39 119    13347    11222    15472 15.8 13.3 18.3     4286     3325     5247 22.3 17.3 27.3     2951     2224     3678 20.9 15.8 26.0  52806  48716  56896                                        Muskingum County                              OH est21all.txt 30NOV2022
39 121     1877     1478     2276 16.3 12.8 19.8      445      319      571 17.0 12.2 21.8      310      214      406 16.3 11.3 21.3  50109  43902  56316                                        Noble County                                  OH est21all.txt 30NOV2022
39 123     3318     2642     3994  8.4  6.7 10.1      871      621     1121 12.3  8.8 15.8      624      429      819 11.5  7.9 15.1  71409  65528  77290                                        Ottawa County                                 OH est21all.txt 30NOV2022
39 125     1925     1526     2324 10.3  8.2 12.4      696      523      869 15.6 11.7 19.5      490      361      619 14.8 10.9 18.7  60274  54968  65580                                        Paulding County                               OH est21all.txt 30NOV2022
39 127     4871     3852     5890 13.9 11.0 16.8     1727     1294     2160 21.1 15.8 26.4     1211      873     1549 19.9 14.4 25.4  63329  57874  68784                                        Perry County                                  OH est21all.txt 30NOV2022
39 129     5573     4337     6809 10.2  7.9 12.5     1644     1187     2101 13.3  9.6 17.0     1192      837     1547 12.9  9.1 16.7  72652  65839  79465                                        Pickaway County                               OH est21all.txt 30NOV2022
39 131     5112     4078     6146 19.2 15.3 23.1     1749     1297     2201 27.7 20.5 34.9     1224      874     1574 26.4 18.8 34.0  49357  43612  55102                                        Pike County                                   OH est21all.txt 30NOV2022
39 133    19241    16688    21794 12.4 10.8 14.0     4575     3633     5517 15.7 12.5 18.9     3371     2666     4076 15.2 12.0 18.4  65445  61162  69728                                        Portage County                                OH est21all.txt 30NOV2022
39 135     4448     3670     5226 11.0  9.1 12.9     1365     1035     1695 15.3 11.6 19.0      942      696     1188 13.9 10.3 17.5  56134  50855  61413                                        Preble County                                 OH est21all.txt 30NOV2022
39 137     2401     1945     2857  7.1  5.8  8.4      631      468      794  7.2  5.3  9.1      431      305      557  6.6  4.7  8.5  72588  65648  79528                                        Putnam County                                 OH est21all.txt 30NOV2022
39 139    15871    13132    18610 13.4 11.1 15.7     5121     3831     6411 19.1 14.3 23.9     3637     2590     4684 18.4 13.1 23.7  51733  49069  54397                                        Richland County                               OH est21all.txt 30NOV2022
39 141    13510    11645    15375 18.9 16.3 21.5     4193     3426     4960 26.5 21.6 31.4     2565     1904     3226 21.9 16.3 27.5  53068  48362  57774                                        Ross County                                   OH est21all.txt 30NOV2022
39 143     7568     6458     8678 13.1 11.2 15.0     2270     1789     2751 18.0 14.2 21.8     1546     1179     1913 16.4 12.5 20.3  54399  50530  58268                                        Sandusky County                               OH est21all.txt 30NOV2022
39 145    16807    14495    19119 23.9 20.6 27.2     5056     4084     6028 32.2 26.0 38.4     3559     2794     4324 30.4 23.9 36.9  43981  39634  48328                                        Scioto County                                 OH est21all.txt 30NOV2022
39 147     6327     5074     7580 12.0  9.6 14.4     1947     1447     2447 16.7 12.4 21.0     1310      933     1687 15.2 10.8 19.6  59292  53924  64660                                        Seneca County                                 OH est21all.txt 30NOV2022
39 149     5052     4197     5907 10.7  8.9 12.5     1625     1258     1992 14.0 10.8 17.2     1046      768     1324 12.3  9.0 15.6  63848  57721  69975                                        Shelby County                                 OH est21all.txt 30NOV2022
39 151    46583    42237    50929 12.8 11.6 14.0    13376    11223    15529 17.0 14.3 19.7     9440     7851    11029 16.2 13.5 18.9  59205  57200  61210                                        Stark County                                  OH est21all.txt 30NOV2022
39 153    65938    59424    72452 12.5 11.3 13.7    17773    14595    20951 16.1 13.2 19.0    12954    10552    15356 15.9 13.0 18.8  63191  61419  64963                                        Summit County                                 OH est21all.txt 30NOV2022
39 155    30583    26735    34431 15.5 13.5 17.5     9112     7353    10871 22.3 18.0 26.6     6421     5005     7837 21.1 16.4 25.8  51838  48615  55061                                        Trumbull County                               OH est21all.txt 30NOV2022
39 157    11331     9511    13151 12.4 10.4 14.4     3349     2616     4082 16.1 12.6 19.6     2264     1679     2849 15.0 11.1 18.9  58282  55047  61517                                        Tuscarawas County                             OH est21all.txt 30NOV2022
39 159     3440     2717     4163  5.5  4.3  6.7      859      628     1090  5.5  4.0  7.0      590      415      765  5.1  3.6  6.6  98167  92001 104333                                        Union County                                  OH est21all.txt 30NOV2022
39 161     2521     2051     2991  8.9  7.2 10.6      853      632     1074 13.1  9.7 16.5      562      390      734 11.8  8.2 15.4  61842  57617  66067                                        Van Wert County                               OH est21all.txt 30NOV2022
39 163     2436     1946     2926 19.3 15.4 23.2      759      545      973 28.7 20.6 36.8      511      347      675 25.9 17.6 34.2  46511  41294  51728                                        Vinton County                                 OH est21all.txt 30NOV2022
39 165    14184    11703    16665  5.9  4.9  6.9     3671     2795     4547  6.3  4.8  7.8     2642     1982     3302  5.9  4.4  7.4  97011  91553 102469                                        Warren County                                 OH est21all.txt 30NOV2022
39 167     7871     6547     9195 13.6 11.3 15.9     2246     1713     2779 19.4 14.8 24.0     1558     1132     1984 18.1 13.2 23.0  55133  49679  60587                                        Washington County                             OH est21all.txt 30NOV2022
39 169    10916     8654    13178  9.6  7.6 11.6     3539     2607     4471 12.8  9.4 16.2     2418     1701     3135 11.8  8.3 15.3  60709  57412  64006                                        Wayne County                                  OH est21all.txt 30NOV2022
39 171     3232     2522     3942  9.0  7.0 11.0     1078      764     1392 13.6  9.6 17.6      770      527     1013 13.2  9.0 17.4  57131  52456  61806                                        Williams County                               OH est21all.txt 30NOV2022
39 173    13773    12000    15546 10.9  9.5 12.3     2665     2062     3268 10.1  7.8 12.4     1801     1327     2275  9.1  6.7 11.5  64702  61348  68056                                        Wood County                                   OH est21all.txt 30NOV2022
39 175     1703     1336     2070  7.9  6.2  9.6      518      368      668 10.9  7.7 14.1      361      246      476 10.1  6.9 13.3  65757  59473  72041                                        Wyandot County                                OH est21all.txt 30NOV2022
40   0   599003   587366   610640 15.4 15.1 15.7   193524   187346   199702 20.5 19.8 21.2   133145   127959   138331 19.0 18.3 19.7  55829  55210  56448   56598   53190   60006 23.6 22.2 25.0 Oklahoma                                      OK est21all.txt 30NOV2022
40   1     4015     3237     4793 20.8 16.8 24.8     1480     1087     1873 28.5 20.9 36.1     1030      716     1344 27.3 19.0 35.6  43371  39595  47147                                        Adair County                                  OK est21all.txt 30NOV2022
40   3      766      593      939 16.4 12.7 20.1      187      132      242 16.9 11.9 21.9      129       87      171 15.2 10.3 20.1  55157  48405  61909                                        Alfalfa County                                OK est21all.txt 30NOV2022
40   5     2313     1803     2823 17.1 13.3 20.9      646      434      858 20.3 13.7 26.9      464      301      627 19.1 12.4 25.8  44489  41135  47843                                        Atoka County                                  OK est21all.txt 30NOV2022
40   7      570      435      705 11.6  8.9 14.3      208      145      271 17.1 11.9 22.3      145       97      193 15.1 10.1 20.1  60260  54165  66355                                        Beaver County                                 OK est21all.txt 30NOV2022
40   9     3688     2888     4488 18.4 14.4 22.4     1249      874     1624 23.0 16.1 29.9      826      536     1116 20.5 13.3 27.7  46744  41219  52269                                        Beckham County                                OK est21all.txt 30NOV2022
40  11     1523     1200     1846 18.0 14.2 21.8      527      385      669 24.4 17.8 31.0      372      262      482 23.1 16.3 29.9  50068  44170  55966                                        Blaine County                                 OK est21all.txt 30NOV2022
40  13     7600     6333     8867 16.5 13.7 19.3     2305     1799     2811 21.4 16.7 26.1     1519     1104     1934 19.5 14.2 24.8  47916  43325  52507                                        Bryan County                                  OK est21all.txt 30NOV2022
40  15     6435     5673     7197 26.1 23.0 29.2     2294     1991     2597 36.1 31.3 40.9     1707     1471     1943 36.0 31.0 41.0  44121  39724  48518                                        Caddo County                                  OK est21all.txt 30NOV2022
40  17    12976    10684    15268  8.2  6.8  9.6     4128     3116     5140 10.1  7.6 12.6     2739     1963     3515  8.9  6.4 11.4  75806  71749  79863                                        Canadian County                               OK est21all.txt 30NOV2022
40  19     6725     5381     8069 14.2 11.4 17.0     2288     1678     2898 19.1 14.0 24.2     1645     1167     2123 18.7 13.3 24.1  53211  50301  56121                                        Carter County                                 OK est21all.txt 30NOV2022
40  21    10031     8514    11548 21.8 18.5 25.1     2448     1823     3073 24.1 17.9 30.3     1702     1221     2183 22.9 16.4 29.4  42269  39024  45514                                        Cherokee County                               OK est21all.txt 30NOV2022
40  23     2630     2007     3253 18.6 14.2 23.0      912      604     1220 26.5 17.5 35.5      667      426      908 26.3 16.8 35.8  41228  37608  44848                                        Choctaw County                                OK est21all.txt 30NOV2022
40  25      355      267      443 15.9 12.0 19.8      144      100      188 25.2 17.6 32.8      100       67      133 22.1 14.8 29.4  50300  44157  56443                                        Cimarron County                               OK est21all.txt 30NOV2022
40  27    35293    31167    39419 12.3 10.9 13.7     8208     6476     9940 13.5 10.7 16.3     5630     4298     6962 12.1  9.2 15.0  67692  63823  71561                                        Cleveland County                              OK est21all.txt 30NOV2022
40  29      980      757     1203 18.7 14.4 23.0      330      231      429 26.7 18.7 34.7      227      152      302 25.8 17.3 34.3  44733  40429  49037                                        Coal County                                   OK est21all.txt 30NOV2022
40  31    21533    18945    24121 19.2 16.9 21.5     6702     5542     7862 23.4 19.4 27.4     5196     4341     6051 25.3 21.1 29.5  50090  47129  53051                                        Comanche County                               OK est21all.txt 30NOV2022
40  33      958      750     1166 17.6 13.8 21.4      310      221      399 24.9 17.7 32.1      216      147      285 22.6 15.4 29.8  48703  43156  54250                                        Cotton County                                 OK est21all.txt 30NOV2022
40  35     2338     1835     2841 17.5 13.7 21.3      750      541      959 24.4 17.6 31.2      514      355      673 22.3 15.4 29.2  48825  44264  53386                                        Craig County                                  OK est21all.txt 30NOV2022
40  37    10191     8653    11729 14.3 12.1 16.5     3165     2441     3889 19.2 14.8 23.6     2072     1507     2637 16.8 12.2 21.4  53287  50662  55912                                        Creek County                                  OK est21all.txt 30NOV2022
40  39     4526     3578     5474 17.0 13.4 20.6     1439     1056     1822 20.8 15.3 26.3     1006      709     1303 19.8 14.0 25.6  51098  45073  57123                                        Custer County                                 OK est21all.txt 30NOV2022
40  41     7376     6131     8621 18.1 15.0 21.2     2145     1628     2662 26.6 20.2 33.0     1516     1102     1930 25.0 18.2 31.8  47774  44311  51237                                        Delaware County                               OK est21all.txt 30NOV2022
40  43      715      593      837 16.4 13.6 19.2      254      197      311 21.8 17.0 26.6      167      124      210 19.0 14.1 23.9  53165  46786  59544                                        Dewey County                                  OK est21all.txt 30NOV2022
40  45      480      363      597 12.9  9.8 16.0      158      111      205 18.1 12.7 23.5      108       72      144 16.7 11.2 22.2  52503  46233  58773                                        Ellis County                                  OK est21all.txt 30NOV2022
40  47     7792     6055     9529 12.9 10.0 15.8     2936     2054     3818 18.7 13.1 24.3     2069     1390     2748 17.9 12.0 23.8  59514  56629  62399                                        Garfield County                               OK est21all.txt 30NOV2022
40  49     3982     3250     4714 15.6 12.7 18.5     1356     1040     1672 21.2 16.3 26.1      871      614     1128 18.1 12.8 23.4  50043  45849  54237                                        Garvin County                                 OK est21all.txt 30NOV2022
40  51     7316     6157     8475 13.4 11.3 15.5     2358     1902     2814 18.4 14.8 22.0     1658     1286     2030 16.7 13.0 20.4  61326  55833  66819                                        Grady County                                  OK est21all.txt 30NOV2022
40  53      576      454      698 14.1 11.1 17.1      190      139      241 19.2 14.1 24.3      127       88      166 16.6 11.5 21.7  51688  45461  57915                                        Grant County                                  OK est21all.txt 30NOV2022
40  55     1018      762     1274 23.0 17.2 28.8      297      206      388 28.5 19.8 37.2      204      135      273 26.2 17.3 35.1  39391  34542  44240                                        Greer County                                  OK est21all.txt 30NOV2022
40  57      650      517      783 27.8 22.1 33.5      232      171      293 38.8 28.7 48.9      169      122      216 37.6 27.2 48.0  38826  34200  43452                                        Harmon County                                 OK est21all.txt 30NOV2022
40  59      359      276      442 11.4  8.8 14.0      130       95      165 17.0 12.4 21.6       93       65      121 15.4 10.8 20.0  58116  50987  65245                                        Harper County                                 OK est21all.txt 30NOV2022
40  61     2485     2053     2917 21.5 17.8 25.2      901      702     1100 33.6 26.2 41.0      638      480      796 31.3 23.6 39.0  36954  34226  39682                                        Haskell County                                OK est21all.txt 30NOV2022
40  63     2544     1966     3122 21.4 16.5 26.3      784      551     1017 27.2 19.1 35.3      562      382      742 26.5 18.0 35.0  39603  35519  43687                                        Hughes County                                 OK est21all.txt 30NOV2022
40  65     3576     2750     4402 14.9 11.5 18.3     1265      883     1647 20.6 14.4 26.8      885      594     1176 20.1 13.5 26.7  55293  49835  60751                                        Jackson County                                OK est21all.txt 30NOV2022
40  67     1293     1079     1507 24.2 20.2 28.2      488      390      586 36.6 29.2 44.0      331      252      410 32.5 24.7 40.3  37798  33803  41793                                        Jefferson County                              OK est21all.txt 30NOV2022
40  69     2108     1717     2499 20.9 17.0 24.8      657      486      828 26.8 19.8 33.8      480      349      611 25.8 18.8 32.8  47039  42136  51942                                        Johnston County                               OK est21all.txt 30NOV2022
40  71     6745     5439     8051 15.8 12.7 18.9     2506     1846     3166 23.4 17.2 29.6     1757     1240     2274 22.0 15.5 28.5  50034  46092  53976                                        Kay County                                    OK est21all.txt 30NOV2022
40  73     1611     1239     1983 10.7  8.2 13.2      564      396      732 14.1  9.9 18.3      397      269      525 12.9  8.7 17.1  66770  59420  74120                                        Kingfisher County                             OK est21all.txt 30NOV2022
40  75     1701     1312     2090 20.6 15.9 25.3      583      412      754 29.0 20.5 37.5      405      275      535 27.2 18.5 35.9  40937  36016  45858                                        Kiowa County                                  OK est21all.txt 30NOV2022
40  77     1792     1440     2144 20.0 16.1 23.9      558      385      731 27.2 18.8 35.6      397      264      530 26.3 17.5 35.1  37294  34009  40579                                        Latimer County                                OK est21all.txt 30NOV2022
40  79    11053     9830    12276 23.5 20.9 26.1     3604     3022     4186 31.0 26.0 36.0     2546     2087     3005 29.3 24.0 34.6  42198  39183  45213                                        Le Flore County                               OK est21all.txt 30NOV2022
40  81     5295     4437     6153 15.8 13.2 18.4     1556     1173     1939 20.0 15.1 24.9     1007      694     1320 16.9 11.7 22.1  51525  48298  54752                                        Lincoln County                                OK est21all.txt 30NOV2022
40  83     6446     5407     7485 13.1 11.0 15.2     1673     1297     2049 15.1 11.7 18.5     1196      897     1495 14.4 10.8 18.0  68955  62027  75883                                        Logan County                                  OK est21all.txt 30NOV2022
40  85     1551     1287     1815 15.3 12.7 17.9      544      414      674 22.0 16.7 27.3      369      265      473 19.6 14.1 25.1  52205  47172  57238                                        Love County                                   OK est21all.txt 30NOV2022
40  87     3987     3133     4841  9.2  7.2 11.2     1212      850     1574 11.2  7.9 14.5      811      527     1095  9.6  6.2 13.0  72895  65755  80035                                        McClain County                                OK est21all.txt 30NOV2022
40  89     6571     5432     7710 21.5 17.8 25.2     2403     1885     2921 30.5 23.9 37.1     1678     1266     2090 28.7 21.6 35.8  43930  40197  47663                                        McCurtain County                              OK est21all.txt 30NOV2022
40  91     3444     2732     4156 18.1 14.4 21.8     1055      739     1371 27.9 19.5 36.3      708      466      950 24.9 16.4 33.4  42506  37800  47212                                        McIntosh County                               OK est21all.txt 30NOV2022
40  93      810      606     1014 10.7  8.0 13.4      344      237      451 17.7 12.2 23.2      233      154      312 15.8 10.4 21.2  55948  50244  61652                                        Major County                                  OK est21all.txt 30NOV2022
40  95     2290     1821     2759 14.9 11.8 18.0      738      541      935 21.3 15.6 27.0      489      332      646 19.6 13.3 25.9  49443  44535  54351                                        Marshall County                               OK est21all.txt 30NOV2022
40  97     5656     4668     6644 14.6 12.0 17.2     1698     1233     2163 19.1 13.9 24.3     1222      860     1584 18.3 12.9 23.7  53161  48750  57572                                        Mayes County                                  OK est21all.txt 30NOV2022
40  99     1804     1399     2209 13.5 10.5 16.5      608      433      783 19.2 13.7 24.7      432      300      564 18.0 12.5 23.5  55997  49688  62306                                        Murray County                                 OK est21all.txt 30NOV2022
40 101    12054    10194    13914 19.2 16.2 22.2     4278     3451     5105 27.1 21.9 32.3     2954     2331     3577 25.0 19.7 30.3  44521  40899  48143                                        Muskogee County                               OK est21all.txt 30NOV2022
40 103     1271      960     1582 11.8  8.9 14.7      375      259      491 15.0 10.4 19.6      255      168      342 13.6  9.0 18.2  58612  51555  65669                                        Noble County                                  OK est21all.txt 30NOV2022
40 105     1429     1135     1723 15.5 12.3 18.7      486      349      623 23.1 16.6 29.6      312      208      416 19.8 13.2 26.4  50228  44952  55504                                        Nowata County                                 OK est21all.txt 30NOV2022
40 107     2755     2307     3203 26.8 22.4 31.2      823      651      995 33.0 26.1 39.9      578      446      710 31.8 24.5 39.1  36567  33931  39203                                        Okfuskee County                               OK est21all.txt 30NOV2022
40 109   127511   119729   135293 16.3 15.3 17.3    47477    43423    51531 23.9 21.9 25.9    32569    29577    35561 22.5 20.4 24.6  57890  55872  59908                                        Oklahoma County                               OK est21all.txt 30NOV2022
40 111     6422     5284     7560 18.0 14.8 21.2     2051     1554     2548 24.0 18.2 29.8     1377      981     1773 21.3 15.2 27.4  46411  41701  51121                                        Okmulgee County                               OK est21all.txt 30NOV2022
40 113     5441     4291     6591 12.3  9.7 14.9     1720     1209     2231 18.0 12.7 23.3     1193      787     1599 16.2 10.7 21.7  56156  52796  59516                                        Osage County                                  OK est21all.txt 30NOV2022
40 115     6023     5384     6662 20.5 18.3 22.7     2015     1627     2403 26.8 21.7 31.9     1365     1053     1677 24.4 18.8 30.0  45523  42150  48896                                        Ottawa County                                 OK est21all.txt 30NOV2022
40 117     2312     1851     2773 14.8 11.8 17.8      733      519      947 20.0 14.1 25.9      523      356      690 18.8 12.8 24.8  52367  47213  57521                                        Pawnee County                                 OK est21all.txt 30NOV2022
40 119    15373    13459    17287 20.7 18.1 23.3     3043     2421     3665 20.0 15.9 24.1     1901     1402     2400 16.8 12.4 21.2  50651  45453  55849                                        Payne County                                  OK est21all.txt 30NOV2022
40 121     7506     6396     8616 18.2 15.5 20.9     2343     1835     2851 24.1 18.9 29.3     1571     1147     1995 21.6 15.8 27.4  47589  43692  51486                                        Pittsburg County                              OK est21all.txt 30NOV2022
40 123     6374     5415     7333 17.4 14.8 20.0     1864     1440     2288 20.4 15.8 25.0     1148      795     1501 17.2 11.9 22.5  51044  47628  54460                                        Pontotoc County                               OK est21all.txt 30NOV2022
40 125    10079     8221    11937 14.4 11.7 17.1     3104     2238     3970 18.6 13.4 23.8     2164     1482     2846 17.4 11.9 22.9  51569  48912  54226                                        Pottawatomie County                           OK est21all.txt 30NOV2022
40 127     1950     1528     2372 18.2 14.3 22.1      561      390      732 24.5 17.0 32.0      383      247      519 22.2 14.3 30.1  42360  39023  45697                                        Pushmataha County                             OK est21all.txt 30NOV2022
40 129      505      393      617 15.0 11.7 18.3      179      130      228 22.2 16.1 28.3      119       81      157 19.0 13.0 25.0  54944  48800  61088                                        Roger Mills County                            OK est21all.txt 30NOV2022
40 131     9248     7948    10548  9.7  8.3 11.1     2591     2028     3154 11.8  9.2 14.4     1886     1443     2329 11.3  8.7 13.9  69436  66321  72551                                        Rogers County                                 OK est21all.txt 30NOV2022
40 133     4623     3875     5371 20.1 16.9 23.3     1331      950     1712 23.6 16.8 30.4      945      654     1236 22.3 15.4 29.2  42053  38550  45556                                        Seminole County                               OK est21all.txt 30NOV2022
40 135     7656     6331     8981 19.6 16.2 23.0     2429     1783     3075 26.2 19.2 33.2     1710     1195     2225 25.3 17.7 32.9  43293  39599  46987                                        Sequoyah County                               OK est21all.txt 30NOV2022
40 137     8055     6916     9194 18.9 16.2 21.6     2404     1864     2944 24.6 19.1 30.1     1591     1156     2026 21.9 15.9 27.9  49840  45873  53807                                        Stephens County                               OK est21all.txt 30NOV2022
40 139     2615     2057     3173 12.9 10.1 15.7      933      670     1196 16.0 11.5 20.5      662      466      858 16.0 11.3 20.7  56229  50010  62448                                        Texas County                                  OK est21all.txt 30NOV2022
40 141     1432     1094     1770 20.9 16.0 25.8      459      321      597 28.3 19.8 36.8      324      218      430 26.4 17.7 35.1  44231  39723  48739                                        Tillman County                                OK est21all.txt 30NOV2022
40 143    97613    92415   102811 14.7 13.9 15.5    31608    28636    34580 19.1 17.3 20.9    21203    18748    23658 17.4 15.4 19.4  59232  57187  61277                                        Tulsa County                                  OK est21all.txt 30NOV2022
40 145     8104     6702     9506  9.7  8.0 11.4     2542     1904     3180 13.0  9.7 16.3     1759     1266     2252 11.8  8.5 15.1  70603  67153  74053                                        Wagoner County                                OK est21all.txt 30NOV2022
40 147     8693     7426     9960 16.7 14.3 19.1     2770     2220     3320 22.2 17.8 26.6     1892     1472     2312 20.3 15.8 24.8  54108  48426  59790                                        Washington County                             OK est21all.txt 30NOV2022
40 149     1702     1300     2104 15.9 12.1 19.7      666      465      867 24.8 17.3 32.3      469      314      624 23.2 15.6 30.8  51073  45518  56628                                        Washita County                                OK est21all.txt 30NOV2022
40 151     1125      849     1401 14.7 11.1 18.3      302      208      396 17.1 11.8 22.4      217      144      290 16.8 11.1 22.5  51371  45044  57698                                        Woods County                                  OK est21all.txt 30NOV2022
40 153     2662     2032     3292 14.0 10.7 17.3      920      650     1190 19.0 13.4 24.6      644      435      853 17.9 12.1 23.7  56666  50205  63127                                        Woodward County                               OK est21all.txt 30NOV2022
41   0   507504   493784   521224 12.2 11.9 12.5   115775   109621   121929 13.8 13.1 14.5    81501    76169    86833 12.9 12.1 13.7  71441  70406  72476   29637   26737   32537 14.6 13.2 16.0 Oregon                                        OR est21all.txt 30NOV2022
41   1     2639     2061     3217 16.0 12.5 19.5      674      454      894 20.4 13.7 27.1      471      302      640 19.0 12.2 25.8  53107  47104  59110                                        Baker County                                  OR est21all.txt 30NOV2022
41   3    15593    13941    17245 17.3 15.5 19.1     1703     1204     2202 11.4  8.1 14.7     1140      752     1528 10.0  6.6 13.4  65419  60665  70173                                        Benton County                                 OR est21all.txt 30NOV2022
41   5    35044    30767    39321  8.4  7.4  9.4     7798     6055     9541  8.9  6.9 10.9     5543     4244     6842  8.2  6.3 10.1  91076  88584  93568                                        Clackamas County                              OR est21all.txt 30NOV2022
41   7     5315     4297     6333 12.9 10.4 15.4     1255      885     1625 16.9 11.9 21.9      859      578     1140 15.4 10.4 20.4  59539  55046  64032                                        Clatsop County                                OR est21all.txt 30NOV2022
41   9     5361     4207     6515 10.2  8.0 12.4     1321      935     1707 12.5  8.9 16.1      902      607     1197 11.3  7.6 15.0  78267  71821  84713                                        Columbia County                               OR est21all.txt 30NOV2022
41  11    11136     9080    13192 17.4 14.2 20.6     2776     2042     3510 24.4 17.9 30.9     1951     1386     2516 23.1 16.4 29.8  54067  49508  58626                                        Coos County                                   OR est21all.txt 30NOV2022
41  13     3056     2364     3748 12.0  9.3 14.7      829      584     1074 16.6 11.7 21.5      559      375      743 15.3 10.3 20.3  65755  59686  71824                                        Crook County                                  OR est21all.txt 30NOV2022
41  15     3488     2714     4262 14.8 11.5 18.1      743      511      975 22.4 15.4 29.4      538      355      721 21.7 14.3 29.1  52586  47254  57918                                        Curry County                                  OR est21all.txt 30NOV2022
41  17    17681    14499    20863  8.7  7.1 10.3     3892     2733     5051 10.1  7.1 13.1     2816     1909     3723  9.6  6.5 12.7  79648  73743  85553                                        Deschutes County                              OR est21all.txt 30NOV2022
41  19    18301    15256    21346 16.5 13.7 19.3     4644     3462     5826 22.1 16.5 27.7     3214     2296     4132 20.7 14.8 26.6  52042  48397  55687                                        Douglas County                                OR est21all.txt 30NOV2022
41  21      205      154      256 10.4  7.8 13.0       58       40       76 14.8 10.2 19.4       41       27       55 13.7  9.1 18.3  69135  60887  77383                                        Gilliam County                                OR est21all.txt 30NOV2022
41  23     1123      874     1372 15.6 12.1 19.1      274      196      352 21.3 15.3 27.3      184      124      244 19.0 12.7 25.3  53079  46894  59264                                        Grant County                                  OR est21all.txt 30NOV2022
41  25     1200      950     1450 16.2 12.8 19.6      323      232      414 22.5 16.1 28.9      234      163      305 21.7 15.2 28.2  50113  43944  56282                                        Harney County                                 OR est21all.txt 30NOV2022
41  27     2584     2013     3155 10.9  8.5 13.3      696      484      908 13.1  9.1 17.1      483      321      645 12.2  8.1 16.3  70850  65430  76270                                        Hood River County                             OR est21all.txt 30NOV2022
41  29    29803    25600    34006 13.5 11.6 15.4     6931     4987     8875 15.5 11.2 19.8     4908     3370     6446 14.5  9.9 19.1  63308  59513  67103                                        Jackson County                                OR est21all.txt 30NOV2022
41  31     3836     3035     4637 15.9 12.6 19.2     1294      948     1640 22.6 16.6 28.6      918      656     1180 21.5 15.4 27.6  59317  52689  65945                                        Jefferson County                              OR est21all.txt 30NOV2022
41  33    14593    12283    16903 16.8 14.1 19.5     3858     2865     4851 23.6 17.5 29.7     2728     1985     3471 22.5 16.4 28.6  49833  45998  53668                                        Josephine County                              OR est21all.txt 30NOV2022
41  35    13193    11080    15306 19.1 16.0 22.2     3588     2608     4568 23.9 17.4 30.4     2581     1835     3327 23.3 16.6 30.0  49660  44634  54686                                        Klamath County                                OR est21all.txt 30NOV2022
41  37     1232      933     1531 15.7 11.9 19.5      317      217      417 20.1 13.7 26.5      221      144      298 18.2 11.9 24.5  52012  46100  57924                                        Lake County                                   OR est21all.txt 30NOV2022
41  39    53989    48156    59822 14.4 12.8 16.0     9837     7539    12135 14.8 11.3 18.3     6727     4913     8541 13.4  9.8 17.0  61509  58881  64137                                        Lane County                                   OR est21all.txt 30NOV2022
41  41     7633     6181     9085 15.2 12.3 18.1     1756     1283     2229 22.1 16.1 28.1     1189      797     1581 19.8 13.3 26.3  52751  49423  56079                                        Lincoln County                                OR est21all.txt 30NOV2022
41  43    15514    12829    18199 12.1 10.0 14.2     4094     2931     5257 14.5 10.4 18.6     2830     1934     3726 13.6  9.3 17.9  64834  60764  68904                                        Linn County                                   OR est21all.txt 30NOV2022
41  45     5664     4522     6806 20.0 16.0 24.0     1959     1377     2541 24.4 17.2 31.6     1339      893     1785 22.1 14.7 29.5  51466  47720  55212                                        Malheur County                                OR est21all.txt 30NOV2022
41  47    44959    39158    50760 13.3 11.6 15.0    12995    10383    15607 16.0 12.8 19.2     9062     7066    11058 15.0 11.7 18.3  64412  61429  67395                                        Marion County                                 OR est21all.txt 30NOV2022
41  49     1694     1330     2058 13.8 10.8 16.8      520      366      674 15.7 11.0 20.4      360      239      481 14.6  9.7 19.5  67334  59468  75200                                        Morrow County                                 OR est21all.txt 30NOV2022
41  51    97458    89934   104982 12.4 11.4 13.4    17896    14522    21270 12.7 10.3 15.1    12702    10093    15311 12.2  9.7 14.7  77851  75680  80022                                        Multnomah County                              OR est21all.txt 30NOV2022
41  53     9611     7945    11277 11.0  9.1 12.9     2429     1774     3084 12.6  9.2 16.0     1692     1197     2187 11.5  8.1 14.9  71606  65870  77342                                        Polk County                                   OR est21all.txt 30NOV2022
41  55      243      186      300 12.8  9.8 15.8       69       47       91 18.8 12.9 24.7       50       33       67 19.3 12.7 25.9  69892  61710  78074                                        Sherman County                                OR est21all.txt 30NOV2022
41  57     3974     3237     4711 14.6 11.9 17.3     1044      804     1284 21.3 16.4 26.2      744      570      918 20.1 15.4 24.8  56158  50161  62155                                        Tillamook County                              OR est21all.txt 30NOV2022
41  59     9968     7803    12133 13.2 10.3 16.1     3187     2282     4092 16.4 11.7 21.1     2136     1450     2822 14.6  9.9 19.3  58764  53223  64305                                        Umatilla County                               OR est21all.txt 30NOV2022
41  61     4446     3782     5110 17.5 14.9 20.1     1240      973     1507 22.0 17.3 26.7      883      681     1085 20.3 15.7 24.9  53294  48177  58411                                        Union County                                  OR est21all.txt 30NOV2022
41  63      958      723     1193 12.9  9.7 16.1      253      175      331 17.4 12.1 22.7      172      114      230 15.5 10.3 20.7  58311  52453  64169                                        Wallowa County                                OR est21all.txt 30NOV2022
41  65     3487     2735     4239 13.3 10.4 16.2     1042      735     1349 18.5 13.1 23.9      701      467      935 16.8 11.2 22.4  59638  53873  65403                                        Wasco County                                  OR est21all.txt 30NOV2022
41  67    51019    45407    56631  8.6  7.7  9.5    11676     9424    13928  9.1  7.4 10.8     8686     7016    10356  8.9  7.2 10.6  91899  88385  95413                                        Washington County                             OR est21all.txt 30NOV2022
41  69      248      187      309 17.4 13.1 21.7       65       45       85 33.0 22.9 43.1       45       30       60 31.0 20.5 41.5  43468  38427  48509                                        Wheeler County                                OR est21all.txt 30NOV2022
41  71    11257     9269    13245 10.9  9.0 12.8     2739     2042     3436 12.1  9.0 15.2     1892     1347     2437 11.1  7.9 14.3  75303  68706  81900                                        Yamhill County                                OR est21all.txt 30NOV2022
42   0  1503929  1480307  1527551 12.0 11.8 12.2   429209   414287   444131 16.3 15.7 16.9   303178   289981   316375 15.5 14.8 16.2  68931  68429  69433  116290  109264  123316 17.5 16.4 18.6 Pennsylvania                                  PA est21all.txt 30NOV2022
42   1     8622     7024    10220  8.6  7.0 10.2     2327     1758     2896 11.6  8.8 14.4     1730     1290     2170 11.3  8.4 14.2  72849  69104  76594                                        Adams County                                  PA est21all.txt 30NOV2022
42   3   136011   125723   146299 11.3 10.4 12.2    31834    26940    36728 13.9 11.8 16.0    23215    19579    26851 13.9 11.7 16.1  68874  66918  70830                                        Allegheny County                              PA est21all.txt 30NOV2022
42   5     7580     6165     8995 11.8  9.6 14.0     1927     1370     2484 15.7 11.2 20.2     1380      946     1814 14.9 10.2 19.6  54089  50706  57472                                        Armstrong County                              PA est21all.txt 30NOV2022
42   7    18184    15301    21067 11.1  9.3 12.9     5420     4476     6364 17.0 14.0 20.0     3590     2804     4376 15.0 11.7 18.3  64593  61679  67507                                        Beaver County                                 PA est21all.txt 30NOV2022
42   9     5445     4618     6272 11.6  9.8 13.4     1392     1028     1756 15.4 11.4 19.4     1034      750     1318 15.4 11.2 19.6  52984  48880  57088                                        Bedford County                                PA est21all.txt 30NOV2022
42  11    53947    48662    59232 12.9 11.6 14.2    16921    14603    19239 18.1 15.6 20.6    11680     9787    13573 16.6 13.9 19.3  68693  65909  71477                                        Berks County                                  PA est21all.txt 30NOV2022
42  13    14059    11366    16752 11.9  9.6 14.2     3975     2853     5097 16.3 11.7 20.9     2832     1899     3765 15.4 10.3 20.5  55843  51257  60429                                        Blair County                                  PA est21all.txt 30NOV2022
42  15     8085     6973     9197 13.7 11.8 15.6     2448     1952     2944 18.7 14.9 22.5     1604     1215     1993 16.4 12.4 20.4  55199  51500  58898                                        Bradford County                               PA est21all.txt 30NOV2022
42  17    41492    36123    46861  6.5  5.7  7.3    10454     8771    12137  8.2  6.9  9.5     7268     5949     8587  7.4  6.1  8.7  99755  96291 103219                                        Bucks County                                  PA est21all.txt 30NOV2022
42  19    16104    13510    18698  8.5  7.1  9.9     3257     2457     4057  8.8  6.7 10.9     2355     1735     2975  8.4  6.2 10.6  77902  74054  81750                                        Butler County                                 PA est21all.txt 30NOV2022
42  21    16322    13882    18762 12.9 11.0 14.8     4859     3858     5860 19.4 15.4 23.4     3642     2822     4462 19.3 15.0 23.6  52441  49563  55319                                        Cambria County                                PA est21all.txt 30NOV2022
42  23      588      444      732 13.4 10.1 16.7      186      131      241 25.0 17.6 32.4      133       90      176 23.3 15.7 30.9  47588  42016  53160                                        Cameron County                                PA est21all.txt 30NOV2022
42  25     9054     7661    10447 14.0 11.8 16.2     2728     2202     3254 22.4 18.1 26.7     1765     1352     2178 19.1 14.6 23.6  58295  54266  62324                                        Carbon County                                 PA est21all.txt 30NOV2022
42  27    21124    18172    24076 15.2 13.1 17.3     2422     1825     3019 10.6  8.0 13.2     1688     1235     2141  9.7  7.1 12.3  66239  60954  71524                                        Centre County                                 PA est21all.txt 30NOV2022
42  29    34996    30157    39835  6.6  5.7  7.5     9301     7597    11005  7.8  6.4  9.2     7190     5987     8393  7.9  6.6  9.2 109616 106476 112756                                        Chester County                                PA est21all.txt 30NOV2022
42  31     4190     3249     5131 11.8  9.1 14.5     1106      764     1448 15.8 10.9 20.7      787      522     1052 15.4 10.2 20.6  55551  52722  58380                                        Clarion County                                PA est21all.txt 30NOV2022
42  33    10556     8554    12558 14.2 11.5 16.9     2711     2020     3402 19.0 14.2 23.8     1868     1332     2404 17.4 12.4 22.4  54539  51256  57822                                        Clearfield County                             PA est21all.txt 30NOV2022
42  35     4732     3780     5684 13.2 10.5 15.9     1353      968     1738 18.3 13.1 23.5      910      609     1211 16.7 11.2 22.2  54171  49717  58625                                        Clinton County                                PA est21all.txt 30NOV2022
42  37     9948     8490    11406 16.2 13.8 18.6     2067     1628     2506 18.3 14.4 22.2     1426     1083     1769 16.7 12.7 20.7  56300  53348  59252                                        Columbia County                               PA est21all.txt 30NOV2022
42  39    11942    10146    13738 15.0 12.7 17.3     3542     2797     4287 21.1 16.7 25.5     2508     1944     3072 20.2 15.6 24.8  55141  51920  58362                                        Crawford County                               PA est21all.txt 30NOV2022
42  41    20156    16655    23657  8.0  6.6  9.4     5593     4420     6766 10.5  8.3 12.7     3898     2983     4813  9.8  7.5 12.1  81975  77821  86129                                        Cumberland County                             PA est21all.txt 30NOV2022
42  43    33359    29160    37558 11.8 10.3 13.3    10764     8634    12894 17.0 13.6 20.4     7742     5949     9535 17.1 13.1 21.1  66121  62071  70171                                        Dauphin County                                PA est21all.txt 30NOV2022
42  45    55843    48963    62723 10.1  8.9 11.3    17251    14434    20068 13.9 11.6 16.2    12240    10052    14428 13.2 10.8 15.6  78194  74793  81595                                        Delaware County                               PA est21all.txt 30NOV2022
42  47     3061     2420     3702 10.1  8.0 12.2      825      595     1055 14.1 10.2 18.0      559      385      733 12.7  8.7 16.7  56843  51048  62638                                        Elk County                                    PA est21all.txt 30NOV2022
42  49    40564    35757    45371 15.8 13.9 17.7    13154    11031    15277 23.8 20.0 27.6     9125     7396    10854 22.0 17.8 26.2  56799  53612  59986                                        Erie County                                   PA est21all.txt 30NOV2022
42  51    19633    16672    22594 15.9 13.5 18.3     5046     3831     6261 21.0 15.9 26.1     3596     2668     4524 20.3 15.1 25.5  47812  44499  51125                                        Fayette County                                PA est21all.txt 30NOV2022
42  53      907      648     1166 19.6 14.0 25.2      216      150      282 34.8 24.1 45.5      129       85      173 26.7 17.7 35.7  46432  41692  51172                                        Forest County                                 PA est21all.txt 30NOV2022
42  55    14695    11886    17504  9.5  7.7 11.3     4679     3607     5751 13.9 10.7 17.1     3147     2309     3985 12.7  9.3 16.1  66983  63188  70778                                        Franklin County                               PA est21all.txt 30NOV2022
42  57     1645     1311     1979 11.4  9.1 13.7      514      387      641 18.5 13.9 23.1      364      266      462 17.6 12.9 22.3  55100  49908  60292                                        Fulton County                                 PA est21all.txt 30NOV2022
42  59     4803     3669     5937 14.8 11.3 18.3     1342      958     1726 20.2 14.4 26.0      958      662     1254 19.2 13.3 25.1  55287  50594  59980                                        Greene County                                 PA est21all.txt 30NOV2022
42  61     5426     4458     6394 13.9 11.4 16.4     1504     1197     1811 19.7 15.7 23.7     1043      798     1288 18.2 13.9 22.5  54516  50875  58157                                        Huntingdon County                             PA est21all.txt 30NOV2022
42  63    10735     8489    12981 13.7 10.8 16.6     2668     1943     3393 18.2 13.3 23.1     1812     1218     2406 16.7 11.2 22.2  51887  48897  54877                                        Indiana County                                PA est21all.txt 30NOV2022
42  65     5759     4688     6830 13.3 10.8 15.8     1733     1296     2170 18.7 14.0 23.4     1140      797     1483 16.5 11.5 21.5  51099  46761  55437                                        Jefferson County                              PA est21all.txt 30NOV2022
42  67     2272     1775     2769  9.9  7.7 12.1      681      497      865 13.6  9.9 17.3      466      317      615 12.6  8.6 16.6  55279  51657  58901                                        Juniata County                                PA est21all.txt 30NOV2022
42  69    28502    24744    32260 13.7 11.9 15.5     8424     6794    10054 19.2 15.5 22.9     6234     4991     7477 18.8 15.1 22.5  61227  58542  63912                                        Lackawanna County                             PA est21all.txt 30NOV2022
42  71    47460    41553    53367  8.8  7.7  9.9    13824    10803    16845 10.8  8.4 13.2     9380     7053    11707 10.0  7.5 12.5  75619  73448  77790                                        Lancaster County                              PA est21all.txt 30NOV2022
42  73    10145     7823    12467 12.2  9.4 15.0     3111     2227     3995 18.5 13.3 23.7     2177     1489     2865 17.3 11.8 22.8  58307  54806  61808                                        Lawrence County                               PA est21all.txt 30NOV2022
42  75    12565    10140    14990  9.0  7.3 10.7     3940     2902     4978 12.3  9.1 15.5     2513     1720     3306 10.5  7.2 13.8  71826  68425  75227                                        Lebanon County                                PA est21all.txt 30NOV2022
42  77    40827    34676    46978 11.1  9.4 12.8    13120    10356    15884 15.6 12.3 18.9     8918     6773    11063 14.3 10.9 17.7  68688  65796  71580                                        Lehigh County                                 PA est21all.txt 30NOV2022
42  79    40126    34746    45506 12.8 11.1 14.5    12187     9638    14736 18.8 14.9 22.7     8240     6227    10253 17.3 13.1 21.5  58645  55492  61798                                        Luzerne County                                PA est21all.txt 30NOV2022
42  81    11647     9174    14120 10.7  8.4 13.0     3486     2468     4504 15.1 10.7 19.5     2332     1558     3106 13.6  9.1 18.1  58862  54483  63241                                        Lycoming County                               PA est21all.txt 30NOV2022
42  83     4953     3867     6039 13.4 10.5 16.3     1455     1004     1906 19.1 13.2 25.0     1036      690     1382 18.0 12.0 24.0  54377  50355  58399                                        Mc Kean County                                PA est21all.txt 30NOV2022
42  85    13461    11133    15789 12.9 10.7 15.1     3572     2617     4527 17.7 13.0 22.4     2488     1723     3253 16.6 11.5 21.7  54112  50005  58219                                        Mercer County                                 PA est21all.txt 30NOV2022
42  87     6882     5757     8007 15.1 12.6 17.6     2438     1942     2934 23.7 18.9 28.5     1626     1235     2017 21.9 16.6 27.2  51503  48825  54181                                        Mifflin County                                PA est21all.txt 30NOV2022
42  89    18697    15082    22312 11.3  9.1 13.5     5301     3979     6623 16.3 12.2 20.4     3975     2941     5009 16.1 11.9 20.3  74989  69433  80545                                        Monroe County                                 PA est21all.txt 30NOV2022
42  91    58621    52570    64672  7.0  6.3  7.7    14253    12104    16402  7.8  6.6  9.0    10481     8752    12210  7.6  6.3  8.9 102648 100109 105187                                        Montgomery County                             PA est21all.txt 30NOV2022
42  93     1609     1234     1984  9.3  7.1 11.5      484      341      627 13.6  9.6 17.6      330      222      438 12.9  8.7 17.1  68053  60263  75843                                        Montour County                                PA est21all.txt 30NOV2022
42  95    29433    25389    33477  9.7  8.4 11.0     7633     6070     9196 12.6 10.0 15.2     5505     4354     6656 12.0  9.5 14.5  78768  75079  82457                                        Northampton County                            PA est21all.txt 30NOV2022
42  97    10312     8341    12283 11.8  9.6 14.0     3030     2241     3819 17.3 12.8 21.8     2164     1509     2819 16.7 11.7 21.7  50930  48636  53224                                        Northumberland County                         PA est21all.txt 30NOV2022
42  99     3605     2776     4434  7.9  6.1  9.7     1193      839     1547 12.6  8.9 16.3      834      559     1109 12.1  8.1 16.1  76010  73290  78730                                        Perry County                                  PA est21all.txt 30NOV2022
42 101   341533   323099   359967 22.3 21.1 23.5   109295   100601   117989 32.7 30.1 35.3    78288    71720    84856 32.6 29.9 35.3  52882  51293  54471                                        Philadelphia County                           PA est21all.txt 30NOV2022
42 103     5210     3996     6424  8.8  6.8 10.8     1453     1028     1878 14.1 10.0 18.2     1044      708     1380 13.1  8.9 17.3  70065  64907  75223                                        Pike County                                   PA est21all.txt 30NOV2022
42 105     2583     2143     3023 16.1 13.4 18.8      836      663     1009 25.8 20.5 31.1      551      415      687 22.8 17.2 28.4  51348  46377  56319                                        Potter County                                 PA est21all.txt 30NOV2022
42 107    17477    14550    20404 12.8 10.7 14.9     4895     3724     6066 17.4 13.2 21.6     3346     2382     4310 15.7 11.2 20.2  57868  55062  60674                                        Schuylkill County                             PA est21all.txt 30NOV2022
42 109     3571     2839     4303  9.7  7.7 11.7      934      643     1225 11.6  8.0 15.2      657      423      891 11.0  7.1 14.9  61208  57646  64770                                        Snyder County                                 PA est21all.txt 30NOV2022
42 111     8898     7252    10544 12.9 10.5 15.3     2473     1910     3036 18.8 14.5 23.1     1641     1198     2084 16.9 12.3 21.5  53770  50755  56785                                        Somerset County                               PA est21all.txt 30NOV2022
42 113      742      563      921 12.9  9.8 16.0      104       71      137 17.3 11.9 22.7       69       45       93 17.6 11.5 23.7  55516  49557  61475                                        Sullivan County                               PA est21all.txt 30NOV2022
42 115     4561     3705     5417 12.0  9.8 14.2     1235      883     1587 17.4 12.4 22.4      877      597     1157 16.6 11.3 21.9  56995  53309  60681                                        Susquehanna County                            PA est21all.txt 30NOV2022
42 117     5266     4233     6299 13.3 10.7 15.9     1520     1155     1885 19.4 14.7 24.1     1122      837     1407 19.2 14.3 24.1  56920  51666  62174                                        Tioga County                                  PA est21all.txt 30NOV2022
42 119     4211     3281     5141 12.1  9.4 14.8      892      644     1140 12.0  8.6 15.4      644      450      838 11.8  8.3 15.3  67424  63781  71067                                        Union County                                  PA est21all.txt 30NOV2022
42 121     6437     5172     7702 13.1 10.5 15.7     1922     1456     2388 21.0 15.9 26.1     1304      905     1703 18.9 13.1 24.7  56992  54373  59611                                        Venango County                                PA est21all.txt 30NOV2022
42 123     4613     3718     5508 12.3  9.9 14.7     1483     1096     1870 20.2 14.9 25.5     1012      722     1302 18.9 13.5 24.3  54073  50116  58030                                        Warren County                                 PA est21all.txt 30NOV2022
42 125    18667    15653    21681  9.1  7.6 10.6     4732     3597     5867 11.6  8.8 14.4     3248     2383     4113 10.7  7.9 13.5  68238  65069  71407                                        Washington County                             PA est21all.txt 30NOV2022
42 127     6006     4879     7133 12.6 10.2 15.0     1493     1115     1871 18.2 13.6 22.8     1040      737     1343 16.6 11.8 21.4  54336  49942  58730                                        Wayne County                                  PA est21all.txt 30NOV2022
42 129    38934    34950    42918 11.2 10.1 12.3     9308     7757    10859 14.7 12.3 17.1     6357     5080     7634 13.2 10.6 15.8  63184  59632  66736                                        Westmoreland County                           PA est21all.txt 30NOV2022
42 131     2944     2375     3513 11.6  9.4 13.8      855      643     1067 17.4 13.1 21.7      590      419      761 15.9 11.3 20.5  63118  59990  66246                                        Wyoming County                                PA est21all.txt 30NOV2022
42 133    41594    36442    46746  9.2  8.1 10.3    12125     9743    14507 12.3  9.9 14.7     8331     6410    10252 11.2  8.6 13.8  72949  70419  75479                                        York County                                   PA est21all.txt 30NOV2022
44   0   126971   121343   132599 12.1 11.6 12.6    34400    32496    36304 17.0 16.1 17.9    24199    22676    25722 16.0 15.0 17.0  73324  71173  75475    9556    8437   10675 18.6 16.4 20.8 Rhode Island                                  RI est21all.txt 30NOV2022
44   1     3611     2755     4467  7.5  5.7  9.3      707      491      923  7.9  5.5 10.3      495      329      661  6.9  4.6  9.2  94553  87666 101440                                        Bristol County                                RI est21all.txt 30NOV2022
44   3    13635    11022    16248  8.1  6.6  9.6     3025     2114     3936  9.9  6.9 12.9     2086     1398     2774  9.1  6.1 12.1  74282  68870  79694                                        Kent County                                   RI est21all.txt 30NOV2022
44   5     7899     6474     9324  9.7  7.9 11.5     1706     1274     2138 12.7  9.5 15.9     1076      763     1389 10.8  7.7 13.9  85764  79092  92436                                        Newport County                                RI est21all.txt 30NOV2022
44   7    90405    84301    96509 14.3 13.3 15.3    27241    25033    29449 21.0 19.3 22.7    19286    17790    20782 20.2 18.6 21.8  66610  64332  68888                                        Providence County                             RI est21all.txt 30NOV2022
44   9    11421     9558    13284  9.2  7.7 10.7     1722     1182     2262  8.6  5.9 11.3     1256      840     1672  8.2  5.5 10.9  90152  85998  94306                                        Washington County                             RI est21all.txt 30NOV2022
45   0   736098   719691   752505 14.5 14.2 14.8   216791   208749   224833 19.7 19.0 20.4   154506   147582   161430 18.8 18.0 19.6  59447  58606  60288   59011   55007   63015 21.5 20.0 23.0 South Carolina                                SC est21all.txt 30NOV2022
45   1     3498     2707     4289 14.8 11.4 18.2     1006      714     1298 21.2 15.0 27.4      722      490      954 20.2 13.7 26.7  49485  44080  54890                                        Abbeville County                              SC est21all.txt 30NOV2022
45   3    26041    22472    29610 15.5 13.4 17.6     8179     6629     9729 22.7 18.4 27.0     5787     4581     6993 21.5 17.0 26.0  56711  52812  60610                                        Aiken County                                  SC est21all.txt 30NOV2022
45   5     2487     1936     3038 35.4 27.6 43.2      673      483      863 47.2 33.9 60.5      480      331      629 44.0 30.3 57.7  31262  27348  35176                                        Allendale County                              SC est21all.txt 30NOV2022
45   7    32461    28435    36487 15.9 13.9 17.9    10004     8335    11673 21.7 18.1 25.3     7352     6106     8598 21.1 17.5 24.7  58951  55549  62353                                        Anderson County                               SC est21all.txt 30NOV2022
45   9     3249     2537     3961 25.9 20.2 31.6      810      575     1045 34.4 24.4 44.4      583      399      767 34.0 23.3 44.7  37906  33261  42551                                        Bamberg County                                SC est21all.txt 30NOV2022
45  11     4680     3791     5569 23.0 18.6 27.4     1594     1135     2053 32.5 23.1 41.9     1141      783     1499 31.2 21.4 41.0  42265  37767  46763                                        Barnwell County                               SC est21all.txt 30NOV2022
45  13    20996    18262    23730 11.3  9.8 12.8     6555     5521     7589 19.4 16.3 22.5     4760     3949     5571 19.2 15.9 22.5  72661  67561  77761                                        Beaufort County                               SC est21all.txt 30NOV2022
45  15    23708    20183    27233 10.2  8.7 11.7     7846     6050     9642 14.2 11.0 17.4     5446     3955     6937 13.3  9.7 16.9  74289  70712  77866                                        Berkeley County                               SC est21all.txt 30NOV2022
45  17     2629     2118     3140 18.7 15.1 22.3      698      524      872 26.3 19.8 32.8      485      348      622 23.9 17.2 30.6  39476  34723  44229                                        Calhoun County                                SC est21all.txt 30NOV2022
45  19    55612    49165    62059 13.8 12.2 15.4    14607    11763    17451 18.5 14.9 22.1    10500     8525    12475 18.6 15.1 22.1  71755  68292  75218                                        Charleston County                             SC est21all.txt 30NOV2022
45  21    10318     8797    11839 18.8 16.0 21.6     3601     2923     4279 28.7 23.3 34.1     2558     2029     3087 27.4 21.7 33.1  45829  41681  49977                                        Cherokee County                               SC est21all.txt 30NOV2022
45  23     5530     4386     6674 17.3 13.7 20.9     1878     1382     2374 26.2 19.3 33.1     1411     1031     1791 26.4 19.3 33.5  46500  42171  50829                                        Chester County                                SC est21all.txt 30NOV2022
45  25     8658     7022    10294 20.2 16.4 24.0     2525     1837     3213 27.0 19.7 34.3     1787     1250     2324 25.3 17.7 32.9  45395  41531  49259                                        Chesterfield County                           SC est21all.txt 30NOV2022
45  27     6243     4938     7548 20.8 16.4 25.2     1565     1112     2018 28.0 19.9 36.1     1131      768     1494 26.5 18.0 35.0  41240  37162  45318                                        Clarendon County                              SC est21all.txt 30NOV2022
45  29     7964     6419     9509 20.9 16.8 25.0     2638     1919     3357 30.6 22.3 38.9     1905     1358     2452 30.0 21.4 38.6  46629  42017  51241                                        Colleton County                               SC est21all.txt 30NOV2022
45  31    12886    10839    14933 20.9 17.6 24.2     3942     2969     4915 28.6 21.5 35.7     2726     1947     3505 26.6 19.0 34.2  46291  41748  50834                                        Darlington County                             SC est21all.txt 30NOV2022
45  33     7239     5978     8500 26.1 21.6 30.6     2770     2192     3348 39.6 31.3 47.9     1884     1415     2353 36.8 27.6 46.0  39613  35454  43772                                        Dillon County                                 SC est21all.txt 30NOV2022
45  35    15929    13043    18815  9.9  8.1 11.7     5392     4106     6678 14.0 10.7 17.3     3941     2919     4963 13.4  9.9 16.9  71548  65015  78081                                        Dorchester County                             SC est21all.txt 30NOV2022
45  37     4047     3301     4793 16.8 13.7 19.9     1016      781     1251 22.8 17.5 28.1      662      455      869 19.1 13.1 25.1  57774  51109  64439                                        Edgefield County                              SC est21all.txt 30NOV2022
45  39     4212     3397     5027 20.6 16.6 24.6     1141      852     1430 30.5 22.8 38.2      773      544     1002 27.4 19.3 35.5  40766  36209  45323                                        Fairfield County                              SC est21all.txt 30NOV2022
45  41    25173    21954    28392 18.8 16.4 21.2     7430     5795     9065 23.3 18.2 28.4     5248     3956     6540 21.8 16.4 27.2  52062  47940  56184                                        Florence County                               SC est21all.txt 30NOV2022
45  43     9345     7345    11345 14.7 11.5 17.9     2739     1979     3499 25.3 18.3 32.3     1985     1394     2576 23.9 16.8 31.0  58419  54219  62619                                        Georgetown County                             SC est21all.txt 30NOV2022
45  45    56924    50428    63420 10.9  9.7 12.1    17099    14359    19839 14.2 11.9 16.5    11844     9657    14031 13.3 10.9 15.7  68487  66113  70861                                        Greenville County                             SC est21all.txt 30NOV2022
45  47    10688     8862    12514 15.9 13.2 18.6     3534     2614     4454 22.9 16.9 28.9     2499     1761     3237 21.8 15.4 28.2  52462  49756  55168                                        Greenwood County                              SC est21all.txt 30NOV2022
45  49     4208     3430     4986 23.5 19.2 27.8     1367     1050     1684 35.1 27.0 43.2      891      631     1151 30.0 21.2 38.8  41281  36524  46038                                        Hampton County                                SC est21all.txt 30NOV2022
45  51    45501    40500    50502 12.6 11.2 14.0    11969     9245    14693 19.2 14.8 23.6     8302     6220    10384 17.8 13.3 22.3  56342  53460  59224                                        Horry County                                  SC est21all.txt 30NOV2022
45  53     4723     3700     5746 16.1 12.6 19.6     1537     1071     2003 28.0 19.5 36.5     1119      752     1486 28.1 18.9 37.3  54099  48461  59737                                        Jasper County                                 SC est21all.txt 30NOV2022
45  55     9225     7570    10880 14.0 11.5 16.5     2958     2272     3644 19.7 15.1 24.3     2153     1621     2685 19.0 14.3 23.7  54900  49220  60580                                        Kershaw County                                SC est21all.txt 30NOV2022
45  57    11670     9482    13858 11.8  9.6 14.0     3664     2835     4493 17.3 13.4 21.2     2772     2138     3406 17.4 13.4 21.4  68993  62545  75441                                        Lancaster County                              SC est21all.txt 30NOV2022
45  59    12161    10183    14139 18.5 15.5 21.5     3649     2820     4478 25.0 19.3 30.7     2547     1885     3209 23.8 17.6 30.0  53130  48636  57624                                        Laurens County                                SC est21all.txt 30NOV2022
45  61     3817     2990     4644 25.9 20.3 31.5     1041      746     1336 34.0 24.4 43.6      748      513      983 32.6 22.4 42.8  39125  35066  43184                                        Lee County                                    SC est21all.txt 30NOV2022
45  63    32988    28454    37522 11.1  9.6 12.6     9656     7550    11762 14.3 11.2 17.4     6508     4831     8185 12.6  9.3 15.9  65016  63273  66759                                        Lexington County                              SC est21all.txt 30NOV2022
45  65     1720     1362     2078 19.5 15.4 23.6      356      258      454 35.7 25.9 45.5      253      175      331 32.6 22.6 42.6  50005  44219  55791                                        McCormick County                              SC est21all.txt 30NOV2022
45  67     8347     7128     9566 29.2 24.9 33.5     2513     1951     3075 39.5 30.7 48.3     1726     1267     2185 35.6 26.1 45.1  37534  33120  41948                                        Marion County                                 SC est21all.txt 30NOV2022
45  69     5752     4472     7032 24.1 18.7 29.5     1718     1213     2223 32.8 23.2 42.4     1226      834     1618 31.4 21.4 41.4  38254  33749  42759                                        Marlboro County                               SC est21all.txt 30NOV2022
45  71     5489     4235     6743 14.9 11.5 18.3     1878     1348     2408 23.4 16.8 30.0     1370      960     1780 22.7 15.9 29.5  57072  51868  62276                                        Newberry County                               SC est21all.txt 30NOV2022
45  73    12882    11221    14543 16.4 14.3 18.5     3539     2818     4260 23.5 18.7 28.3     2771     2250     3292 24.0 19.5 28.5  53432  49123  57741                                        Oconee County                                 SC est21all.txt 30NOV2022
45  75    21206    18713    23699 26.5 23.4 29.6     7492     6437     8547 41.9 36.0 47.8     5586     4797     6375 41.6 35.7 47.5  39832  35610  44054                                        Orangeburg County                             SC est21all.txt 30NOV2022
45  77    21938    19211    24665 17.8 15.6 20.0     4003     2928     5078 16.4 12.0 20.8     2835     1994     3676 15.5 10.9 20.1  54415  48623  60207                                        Pickens County                                SC est21all.txt 30NOV2022
45  79    66286    60044    72528 17.0 15.4 18.6    17339    14173    20505 19.6 16.0 23.2    12510    10037    14983 19.1 15.3 22.9  56940  54403  59477                                        Richland County                               SC est21all.txt 30NOV2022
45  81     3067     2404     3730 16.5 12.9 20.1      949      683     1215 23.7 17.1 30.3      662      458      866 22.1 15.3 28.9  50440  44464  56416                                        Saluda County                                 SC est21all.txt 30NOV2022
45  83    44859    40139    49579 13.7 12.3 15.1    13170    11147    15193 17.1 14.5 19.7     9507     7973    11041 16.7 14.0 19.4  60470  57902  63038                                        Spartanburg County                            SC est21all.txt 30NOV2022
45  85    20439    17504    23374 20.0 17.1 22.9     6731     5347     8115 27.2 21.6 32.8     5084     4022     6146 28.1 22.2 34.0  48286  43309  53263                                        Sumter County                                 SC est21all.txt 30NOV2022
45  87     5354     4414     6294 20.1 16.6 23.6     1624     1238     2010 29.3 22.3 36.3     1191      899     1483 28.9 21.8 36.0  43615  38795  48435                                        Union County                                  SC est21all.txt 30NOV2022
45  89     6280     4686     7874 21.2 15.8 26.6     2004     1384     2624 33.4 23.1 43.7     1494     1001     1987 32.7 21.9 43.5  40235  36135  44335                                        Williamsburg County                           SC est21all.txt 30NOV2022
45  91    27670    23950    31390  9.7  8.4 11.0     8391     6705    10077 12.4  9.9 14.9     5641     4282     7000 10.8  8.2 13.4  73466  70056  76876                                        York County                                   SC est21all.txt 30NOV2022
46   0   103337    99076   107598 11.9 11.4 12.4    30921    29027    32815 14.4 13.5 15.3    20663    19144    22182 13.1 12.1 14.1  66843  64779  68907    9423    8334   10512 16.5 14.6 18.4 South Dakota                                  SD est21all.txt 30NOV2022
46   3      263      204      322  9.9  7.7 12.1       74       49       99 11.9  7.9 15.9       54       35       73 12.0  7.8 16.2  56110  50002  62218                                        Aurora County                                 SD est21all.txt 30NOV2022
46   5     2383     1895     2871 12.7 10.1 15.3      800      554     1046 15.6 10.8 20.4      518      334      702 14.5  9.3 19.7  53648  47612  59684                                        Beadle County                                 SD est21all.txt 30NOV2022
46   7     1046      813     1279 31.0 24.1 37.9      488      341      635 43.3 30.3 56.3      328      217      439 37.3 24.7 49.9  41607  36431  46783                                        Bennett County                                SD est21all.txt 30NOV2022
46   9      781      598      964 14.0 10.7 17.3      188      128      248 14.7 10.1 19.3      126       80      172 13.8  8.8 18.8  54009  47978  60040                                        Bon Homme County                              SD est21all.txt 30NOV2022
46  11     3952     3376     4528 12.6 10.8 14.4      585      396      774  8.1  5.5 10.7      372      235      509  7.1  4.5  9.7  61581  54672  68490                                        Brookings County                              SD est21all.txt 30NOV2022
46  13     4281     3595     4967 11.6  9.7 13.5     1053      786     1320 11.8  8.8 14.8      719      517      921 10.9  7.8 14.0  62070  56699  67441                                        Brown County                                  SD est21all.txt 30NOV2022
46  15      655      500      810 12.8  9.8 15.8      227      154      300 16.8 11.4 22.2      153       99      207 15.1  9.8 20.4  58516  51800  65232                                        Brule County                                  SD est21all.txt 30NOV2022
46  17      686      529      843 35.9 27.7 44.1      313      216      410 44.4 30.7 58.1      217      144      290 39.2 26.0 52.4  25653  22577  28729                                        Buffalo County                                SD est21all.txt 30NOV2022
46  19     1269      973     1565 12.2  9.3 15.1      443      306      580 17.1 11.8 22.4      306      202      410 16.1 10.6 21.6  53812  47477  60147                                        Butte County                                  SD est21all.txt 30NOV2022
46  21      150      116      184 10.9  8.4 13.4       31       21       41 13.4  9.2 17.6       23       15       31 13.9  9.1 18.7  61892  54306  69478                                        Campbell County                               SD est21all.txt 30NOV2022
46  23     1990     1609     2371 22.6 18.3 26.9      768      562      974 28.6 20.9 36.3      523      372      674 26.8 19.1 34.5  50712  45132  56292                                        Charles Mix County                            SD est21all.txt 30NOV2022
46  25      386      286      486 10.6  7.9 13.3      150      101      199 16.0 10.8 21.2       99       63      135 16.6 10.6 22.6  59637  53258  66016                                        Clark County                                  SD est21all.txt 30NOV2022
46  27     2167     1720     2614 16.8 13.3 20.3      435      297      573 16.2 11.1 21.3      283      184      382 14.4  9.4 19.4  51388  45386  57390                                        Clay County                                   SD est21all.txt 30NOV2022
46  29     2712     2151     3273  9.6  7.6 11.6      729      508      950 11.0  7.7 14.3      453      288      618  9.0  5.7 12.3  65106  58351  71861                                        Codington County                              SD est21all.txt 30NOV2022
46  31     1615     1355     1875 41.9 35.2 48.6      749      558      940 53.1 39.6 66.6      513      372      654 50.9 36.9 64.9  34372  30106  38638                                        Corson County                                 SD est21all.txt 30NOV2022
46  33      822      647      997  9.8  7.7 11.9      166      115      217 15.0 10.4 19.6      118       78      158 14.7  9.7 19.7  68600  60252  76948                                        Custer County                                 SD est21all.txt 30NOV2022
46  35     2183     1722     2644 11.4  9.0 13.8      580      400      760 12.6  8.7 16.5      400      264      536 12.0  7.9 16.1  60924  53954  67894                                        Davison County                                SD est21all.txt 30NOV2022
46  37      765      621      909 14.5 11.8 17.2      234      182      286 19.3 15.0 23.6      156      115      197 16.9 12.5 21.3  56687  50232  63142                                        Day County                                    SD est21all.txt 30NOV2022
46  39      386      301      471  9.1  7.1 11.1       91       63      119  8.9  6.2 11.6       63       42       84  8.2  5.5 10.9  63342  56156  70528                                        Deuel County                                  SD est21all.txt 30NOV2022
46  41     1237      994     1480 23.7 19.0 28.4      518      363      673 26.3 18.5 34.1      374      256      492 26.9 18.4 35.4  45120  40257  49983                                        Dewey County                                  SD est21all.txt 30NOV2022
46  43      310      244      376 11.4  9.0 13.8       85       59      111 11.7  8.1 15.3       59       40       78 11.8  7.9 15.7  60711  53227  68195                                        Douglas County                                SD est21all.txt 30NOV2022
46  45      389      298      480 10.1  7.7 12.5       96       65      127 11.3  7.7 14.9       65       42       88 11.3  7.3 15.3  67142  59111  75173                                        Edmunds County                                SD est21all.txt 30NOV2022
46  47      948      744     1152 13.5 10.6 16.4      226      155      297 18.8 12.9 24.7      159      104      214 16.7 10.9 22.5  52113  47320  56906                                        Fall River County                             SD est21all.txt 30NOV2022
46  49      315      241      389 15.7 12.0 19.4      116       79      153 26.1 17.7 34.5       78       50      106 31.0 19.9 42.1  59970  52592  67348                                        Faulk County                                  SD est21all.txt 30NOV2022
46  51      730      563      897  9.8  7.6 12.0      205      141      269 12.3  8.4 16.2      143       93      193 11.5  7.4 15.6  66697  59554  73840                                        Grant County                                  SD est21all.txt 30NOV2022
46  53      560      424      696 14.2 10.8 17.6      177      121      233 18.7 12.8 24.6      124       81      167 17.4 11.4 23.4  45603  40147  51059                                        Gregory County                                SD est21all.txt 30NOV2022
46  55      193      147      239 10.7  8.2 13.2       57       39       75 13.6  9.2 18.0       40       26       54 12.5  8.1 16.9  54380  48633  60127                                        Haakon County                                 SD est21all.txt 30NOV2022
46  57      473      366      580  7.8  6.0  9.6      131       90      172  6.5  4.5  8.5       91       59      123  6.5  4.2  8.8  75467  68123  82811                                        Hamlin County                                 SD est21all.txt 30NOV2022
46  59      264      203      325  8.7  6.7 10.7       52       36       68  7.8  5.3 10.3       35       23       47  6.8  4.4  9.2  64118  56794  71442                                        Hand County                                   SD est21all.txt 30NOV2022
46  61      276      207      345  8.2  6.1 10.3      100       67      133 11.1  7.4 14.8       67       42       92 11.1  7.0 15.2  79602  72724  86480                                        Hanson County                                 SD est21all.txt 30NOV2022
46  63      150      114      186 11.5  8.8 14.2       41       28       54 14.3  9.7 18.9       29       19       39 15.0  9.7 20.3  58187  52506  63868                                        Harding County                                SD est21all.txt 30NOV2022
46  65     1652     1317     1987  9.8  7.8 11.8      495      346      644 11.6  8.1 15.1      329      218      440 10.3  6.8 13.8  72724  64718  80730                                        Hughes County                                 SD est21all.txt 30NOV2022
46  67      889      708     1070 12.8 10.2 15.4      277      189      365 16.5 11.3 21.7      190      124      256 17.0 11.1 22.9  60502  53606  67398                                        Hutchinson County                             SD est21all.txt 30NOV2022
46  69      137      105      169 11.3  8.6 14.0       42       29       55 14.9 10.2 19.6       29       19       39 15.0  9.6 20.4  60715  53324  68106                                        Hyde County                                   SD est21all.txt 30NOV2022
46  71      801      626      976 28.1 22.0 34.2      382      264      500 36.8 25.4 48.2      262      173      351 37.2 24.6 49.8  39639  34641  44637                                        Jackson County                                SD est21all.txt 30NOV2022
46  73      209      159      259 13.2 10.0 16.4       53       36       70 15.2 10.3 20.1       37       24       50 16.1 10.4 21.8  67818  63426  72210                                        Jerauld County                                SD est21all.txt 30NOV2022
46  75      113       86      140 12.9  9.8 16.0       44       30       58 22.6 15.4 29.8       31       20       42 20.9 13.4 28.4  53891  47509  60273                                        Jones County                                  SD est21all.txt 30NOV2022
46  77      470      369      571  9.3  7.3 11.3      130       90      170 10.6  7.4 13.8       88       57      119 10.2  6.6 13.8  60106  53670  66542                                        Kingsbury County                              SD est21all.txt 30NOV2022
46  79      986      762     1210  9.6  7.4 11.8      211      144      278 10.2  7.0 13.4      149       97      201  9.9  6.4 13.4  67151  59769  74533                                        Lake County                                   SD est21all.txt 30NOV2022
46  81     3307     2711     3903 13.0 10.7 15.3      621      434      808 14.2  9.9 18.5      405      268      542 12.2  8.0 16.4  62652  56303  69001                                        Lawrence County                               SD est21all.txt 30NOV2022
46  83     2657     2133     3181  3.9  3.1  4.7      747      537      957  4.1  2.9  5.3      491      337      645  3.6  2.5  4.7  91352  83026  99678                                        Lincoln County                                SD est21all.txt 30NOV2022
46  85      767      604      930 20.7 16.3 25.1      300      204      396 28.1 19.1 37.1      199      126      272 26.3 16.7 35.9  48076  42362  53790                                        Lyman County                                  SD est21all.txt 30NOV2022
46  87      507      394      620  9.2  7.1 11.3      173      120      226 11.1  7.7 14.5      122       81      163 11.2  7.4 15.0  69208  62030  76386                                        McCook County                                 SD est21all.txt 30NOV2022
46  89      380      294      466 16.7 12.9 20.5      114       77      151 23.0 15.5 30.5       74       47      101 22.8 14.6 31.0  49970  44092  55848                                        McPherson County                              SD est21all.txt 30NOV2022
46  91      468      356      580 11.2  8.5 13.9      169      115      223 17.8 12.0 23.6      115       73      157 18.4 11.7 25.1  62871  55650  70092                                        Marshall County                               SD est21all.txt 30NOV2022
46  93     2733     2201     3265  9.3  7.5 11.1      688      485      891 10.5  7.4 13.6      488      335      641  9.6  6.6 12.6  63475  57106  69844                                        Meade County                                  SD est21all.txt 30NOV2022
46  95      559      443      675 30.0 23.8 36.2      247      175      319 40.2 28.5 51.9      167      113      221 38.6 26.0 51.2  40223  35483  44963                                        Mellette County                               SD est21all.txt 30NOV2022
46  97      245      185      305 10.9  8.3 13.5       72       49       95 13.4  9.2 17.6       49       32       66 12.2  7.9 16.5  60032  55357  64707                                        Miner County                                  SD est21all.txt 30NOV2022
46  99    18377    16165    20589  9.5  8.4 10.6     4978     3900     6056 10.0  7.8 12.2     3181     2369     3993  8.9  6.6 11.2  73040  69374  76706                                        Minnehaha County                              SD est21all.txt 30NOV2022
46 101      651      525      777 10.5  8.5 12.5      201      143      259 12.4  8.8 16.0      143       98      188 12.1  8.3 15.9  66527  59166  73888                                        Moody County                                  SD est21all.txt 30NOV2022
46 102     5877     4948     6806 43.5 36.6 50.4     2080     1553     2607 41.4 30.9 51.9     1409     1007     1811 37.3 26.7 47.9  35046  30675  39417                                        Oglala Lakota County                          SD est21all.txt 30NOV2022
46 103    12746    10718    14774 11.6  9.7 13.5     3883     2912     4854 15.6 11.7 19.5     2647     1929     3365 14.7 10.7 18.7  64387  61202  67572                                        Pennington County                             SD est21all.txt 30NOV2022
46 105      397      306      488 14.3 11.0 17.6      114       78      150 19.2 13.2 25.2       79       52      106 18.6 12.2 25.0  49810  43981  55639                                        Perkins County                                SD est21all.txt 30NOV2022
46 107      242      185      299 10.1  7.7 12.5       68       46       90 12.4  8.4 16.4       46       30       62 10.7  6.9 14.5  64542  56965  72119                                        Potter County                                 SD est21all.txt 30NOV2022
46 109     1759     1394     2124 17.6 13.9 21.3      665      464      866 22.4 15.6 29.2      444      292      596 20.5 13.5 27.5  55666  51607  59725                                        Roberts County                                SD est21all.txt 30NOV2022
46 111      283      217      349 12.4  9.5 15.3       97       66      128 17.6 12.0 23.2       66       43       89 17.9 11.7 24.1  61286  54491  68081                                        Sanborn County                                SD est21all.txt 30NOV2022
46 115      673      525      821 11.2  8.7 13.7      189      130      248 14.7 10.1 19.3      124       81      167 14.2  9.3 19.1  62269  56152  68386                                        Spink County                                  SD est21all.txt 30NOV2022
46 117      226      173      279  7.5  5.8  9.2       74       51       97 10.4  7.2 13.6       51       34       68  9.5  6.3 12.7  73957  65452  82462                                        Stanley County                                SD est21all.txt 30NOV2022
46 119      111       84      138  7.5  5.7  9.3       18       12       24  5.7  3.9  7.5       12        8       16  5.3  3.3  7.3  62078  55427  68729                                        Sully County                                  SD est21all.txt 30NOV2022
46 121     3672     3020     4324 39.8 32.7 46.9     1875     1428     2322 48.1 36.6 59.6     1240      903     1577 42.9 31.3 54.5  36362  32112  40612                                        Todd County                                   SD est21all.txt 30NOV2022
46 123     1111      904     1318 20.5 16.7 24.3      388      294      482 29.1 22.0 36.2      256      183      329 27.2 19.5 34.9  50688  44396  56980                                        Tripp County                                  SD est21all.txt 30NOV2022
46 125      825      666      984  9.7  7.8 11.6      211      148      274 10.0  7.0 13.0      150       99      201  9.2  6.1 12.3  66854  59333  74375                                        Turner County                                 SD est21all.txt 30NOV2022
46 127     1086      878     1294  6.5  5.3  7.7      227      157      297  5.6  3.9  7.3      153      100      206  4.9  3.2  6.6  87314  78315  96313                                        Union County                                  SD est21all.txt 30NOV2022
46 129      836      675      997 16.4 13.2 19.6      325      264      386 27.2 22.1 32.3      178      129      227 20.8 15.1 26.5  53162  46722  59602                                        Walworth County                               SD est21all.txt 30NOV2022
46 135     2344     1845     2843 11.0  8.7 13.3      574      393      755 11.8  8.1 15.5      389      254      524 11.0  7.2 14.8  65826  59591  72061                                        Yankton County                                SD est21all.txt 30NOV2022
46 137      905      691     1119 38.1 29.1 47.1      276      193      359 45.8 32.0 59.6      182      122      242 39.1 26.2 52.0  37066  32955  41177                                        Ziebach County                                SD est21all.txt 30NOV2022
47   0   934856   915693   954019 13.7 13.4 14.0   277454   268009   286899 18.4 17.8 19.0   196884   188889   204879 17.7 17.0 18.4  59698  58920  60476   75501   70440   80562 19.3 18.0 20.6 Tennessee                                     TN est21all.txt 30NOV2022
47   1    10945     9206    12684 14.3 12.0 16.6     3005     2215     3795 18.7 13.8 23.6     2215     1600     2830 18.4 13.3 23.5  58633  53041  64225                                        Anderson County                               TN est21all.txt 30NOV2022
47   3     6785     5399     8171 13.4 10.7 16.1     2554     1875     3233 20.3 14.9 25.7     1738     1210     2266 18.9 13.2 24.6  55420  52079  58761                                        Bedford County                                TN est21all.txt 30NOV2022
47   5     2861     2282     3440 18.3 14.6 22.0      911      677     1145 29.1 21.6 36.6      637      454      820 27.5 19.6 35.4  45165  39987  50343                                        Benton County                                 TN est21all.txt 30NOV2022
47   7     2765     2124     3406 22.1 17.0 27.2      595      426      764 28.9 20.7 37.1      424      293      555 28.1 19.4 36.8  44867  39640  50094                                        Bledsoe County                                TN est21all.txt 30NOV2022
47   9    13065    10649    15481  9.7  7.9 11.5     3718     2732     4704 13.9 10.2 17.6     2685     1900     3470 13.3  9.4 17.2  62724  58558  66890                                        Blount County                                 TN est21all.txt 30NOV2022
47  11    12529     9885    15173 11.7  9.2 14.2     3556     2508     4604 15.2 10.7 19.7     2446     1607     3285 14.1  9.3 18.9  56273  51411  61135                                        Bradley County                                TN est21all.txt 30NOV2022
47  13     7730     6290     9170 19.9 16.2 23.6     2024     1447     2601 25.3 18.1 32.5     1477     1029     1925 25.5 17.8 33.2  44325  39500  49150                                        Campbell County                               TN est21all.txt 30NOV2022
47  15     2144     1738     2550 14.9 12.1 17.7      647      480      814 21.1 15.6 26.6      448      319      577 20.2 14.4 26.0  53093  46725  59461                                        Cannon County                                 TN est21all.txt 30NOV2022
47  17     4318     3406     5230 15.9 12.5 19.3     1377      977     1777 22.1 15.7 28.5      998      682     1314 21.3 14.5 28.1  45997  43319  48675                                        Carroll County                                TN est21all.txt 30NOV2022
47  19     9394     7786    11002 17.1 14.2 20.0     2471     1896     3046 25.1 19.3 30.9     1738     1277     2199 23.1 17.0 29.2  45293  41765  48821                                        Carter County                                 TN est21all.txt 30NOV2022
47  21     3526     2684     4368  8.6  6.6 10.6     1123      785     1461 12.9  9.0 16.8      767      514     1020 11.8  7.9 15.7  75162  68327  81997                                        Cheatham County                               TN est21all.txt 30NOV2022
47  23     2873     2348     3398 17.6 14.4 20.8      863      657     1069 23.3 17.7 28.9      664      506      822 23.6 18.0 29.2  51615  45371  57859                                        Chester County                                TN est21all.txt 30NOV2022
47  25     5291     4148     6434 17.1 13.4 20.8     1492     1064     1920 24.5 17.5 31.5     1071      735     1407 23.9 16.4 31.4  43331  39377  47285                                        Claiborne County                              TN est21all.txt 30NOV2022
47  27     1404     1062     1746 18.7 14.1 23.3      409      283      535 27.3 18.9 35.7      296      197      395 26.1 17.4 34.8  39770  35126  44414                                        Clay County                                   TN est21all.txt 30NOV2022
47  29     7563     6048     9078 21.0 16.8 25.2     2379     1764     2994 33.0 24.5 41.5     1608     1101     2115 29.9 20.5 39.3  40572  35756  45388                                        Cocke County                                  TN est21all.txt 30NOV2022
47  31     9069     7522    10616 15.6 12.9 18.3     2877     2100     3654 20.5 15.0 26.0     1978     1367     2589 19.1 13.2 25.0  55070  50482  59658                                        Coffee County                                 TN est21all.txt 30NOV2022
47  33     2156     1683     2629 15.6 12.2 19.0      686      498      874 20.7 15.0 26.4      454      312      596 18.3 12.6 24.0  50792  45237  56347                                        Crockett County                               TN est21all.txt 30NOV2022
47  35     9180     7620    10740 14.9 12.4 17.4     2494     1862     3126 23.9 17.8 30.0     1723     1224     2222 22.1 15.7 28.5  52000  46685  57315                                        Cumberland County                             TN est21all.txt 30NOV2022
47  37   101651    94145   109157 15.0 13.9 16.1    29434    25692    33176 21.1 18.4 23.8    20743    17879    23607 21.7 18.7 24.7  65463  62633  68293                                        Davidson County                               TN est21all.txt 30NOV2022
47  39     1977     1553     2401 17.7 13.9 21.5      549      397      701 24.3 17.6 31.0      405      288      522 23.5 16.7 30.3  48292  43095  53489                                        Decatur County                                TN est21all.txt 30NOV2022
47  41     3140     2440     3840 15.5 12.0 19.0      916      634     1198 21.3 14.7 27.9      644      427      861 20.6 13.7 27.5  45612  41034  50190                                        DeKalb County                                 TN est21all.txt 30NOV2022
47  43     6608     5423     7793 12.1  9.9 14.3     2097     1584     2610 17.2 13.0 21.4     1565     1185     1945 17.4 13.2 21.6  61219  56974  65464                                        Dickson County                                TN est21all.txt 30NOV2022
47  45     5767     4671     6863 16.0 13.0 19.0     1942     1391     2493 22.7 16.2 29.2     1396      958     1834 22.1 15.2 29.0  51499  46656  56342                                        Dyer County                                   TN est21all.txt 30NOV2022
47  47     5216     4321     6111 12.3 10.2 14.4     1368     1066     1670 18.6 14.5 22.7      982      736     1228 18.2 13.6 22.8  70943  65049  76837                                        Fayette County                                TN est21all.txt 30NOV2022
47  49     3692     2902     4482 19.9 15.6 24.2      989      687     1291 26.5 18.4 34.6      722      488      956 25.8 17.4 34.2  41469  36619  46319                                        Fentress County                               TN est21all.txt 30NOV2022
47  51     5097     4086     6108 12.4  9.9 14.9     1320      894     1746 15.9 10.8 21.0      928      598     1258 15.1  9.7 20.5  57723  52185  63261                                        Franklin County                               TN est21all.txt 30NOV2022
47  53     6592     5311     7873 13.4 10.8 16.0     2330     1683     2977 19.4 14.0 24.8     1696     1197     2195 18.5 13.1 23.9  51280  45819  56741                                        Gibson County                                 TN est21all.txt 30NOV2022
47  55     3709     2867     4551 12.4  9.6 15.2     1251      892     1610 19.9 14.2 25.6      898      608     1188 19.3 13.1 25.5  55468  50089  60847                                        Giles County                                  TN est21all.txt 30NOV2022
47  57     3988     3206     4770 16.9 13.6 20.2     1050      774     1326 23.1 17.0 29.2      724      507      941 21.2 14.8 27.6  46983  41451  52515                                        Grainger County                               TN est21all.txt 30NOV2022
47  59     8659     6705    10613 12.5  9.7 15.3     2660     1846     3474 20.2 14.0 26.4     1920     1292     2548 19.4 13.0 25.8  54166  51131  57201                                        Greene County                                 TN est21all.txt 30NOV2022
47  61     2744     2100     3388 20.5 15.7 25.3      832      584     1080 29.3 20.6 38.0      587      398      776 28.3 19.2 37.4  41266  37395  45137                                        Grundy County                                 TN est21all.txt 30NOV2022
47  63    11667     9957    13377 18.4 15.7 21.1     3664     2877     4451 25.2 19.8 30.6     2463     1870     3056 22.9 17.4 28.4  48483  42999  53967                                        Hamblen County                                TN est21all.txt 30NOV2022
47  65    45470    39950    50990 12.6 11.1 14.1    12609    10107    15111 16.8 13.5 20.1     9214     7387    11041 16.9 13.5 20.3  65689  62522  68856                                        Hamilton County                               TN est21all.txt 30NOV2022
47  67     1829     1453     2205 27.6 21.9 33.3      605      459      751 42.6 32.3 52.9      425      313      537 39.8 29.3 50.3  34055  30173  37937                                        Hancock County                                TN est21all.txt 30NOV2022
47  69     4501     3466     5536 20.9 16.1 25.7     1303      940     1666 27.3 19.7 34.9      986      708     1264 27.4 19.7 35.1  44314  39820  48808                                        Hardeman County                               TN est21all.txt 30NOV2022
47  71     4660     3710     5610 17.6 14.0 21.2     1405      977     1833 26.2 18.2 34.2     1028      691     1365 25.0 16.8 33.2  50309  47365  53253                                        Hardin County                                 TN est21all.txt 30NOV2022
47  73     9357     7674    11040 16.5 13.5 19.5     2467     1850     3084 22.7 17.0 28.4     1840     1354     2326 22.3 16.4 28.2  49873  45741  54005                                        Hawkins County                                TN est21all.txt 30NOV2022
47  75     3713     3049     4377 21.3 17.5 25.1     1203      921     1485 31.4 24.0 38.8      791      560     1022 27.5 19.5 35.5  42634  37889  47379                                        Haywood County                                TN est21all.txt 30NOV2022
47  77     3752     2879     4625 13.6 10.4 16.8     1255      876     1634 19.9 13.9 25.9      894      604     1184 19.0 12.8 25.2  53282  47736  58828                                        Henderson County                              TN est21all.txt 30NOV2022
47  79     5183     4237     6129 16.4 13.4 19.4     1534     1086     1982 24.0 17.0 31.0     1130      779     1481 23.5 16.2 30.8  45980  41002  50958                                        Henry County                                  TN est21all.txt 30NOV2022
47  81     3895     3126     4664 16.3 13.1 19.5     1118      807     1429 21.7 15.7 27.7      802      564     1040 21.0 14.8 27.2  50345  46946  53744                                        Hickman County                                TN est21all.txt 30NOV2022
47  83     1248      947     1549 15.3 11.6 19.0      402      278      526 23.3 16.1 30.5      285      189      381 22.0 14.6 29.4  48788  44109  53467                                        Houston County                                TN est21all.txt 30NOV2022
47  85     2282     1724     2840 12.1  9.1 15.1      771      546      996 19.3 13.7 24.9      552      378      726 18.9 12.9 24.9  55298  48775  61821                                        Humphreys County                              TN est21all.txt 30NOV2022
47  87     2453     2062     2844 21.2 17.8 24.6      556      398      714 26.8 19.2 34.4      407      285      529 25.7 18.0 33.4  43611  38699  48523                                        Jackson County                                TN est21all.txt 30NOV2022
47  89     7962     6551     9373 14.7 12.1 17.3     2216     1683     2749 21.2 16.1 26.3     1613     1198     2028 20.4 15.1 25.7  50969  45397  56541                                        Jefferson County                              TN est21all.txt 30NOV2022
47  91     3908     3152     4664 23.7 19.1 28.3      995      771     1219 34.1 26.4 41.8      736      562      910 33.6 25.7 41.5  42230  37708  46752                                        Johnson County                                TN est21all.txt 30NOV2022
47  93    57580    51888    63272 12.1 10.9 13.3    12535     9586    15484 12.6  9.6 15.6     8669     6444    10894 11.7  8.7 14.7  64817  62570  67064                                        Knox County                                   TN est21all.txt 30NOV2022
47  95     1643     1237     2049 33.4 25.2 41.6      369      258      480 38.9 27.2 50.6      264      178      350 37.8 25.5 50.1  29281  25614  32948                                        Lake County                                   TN est21all.txt 30NOV2022
47  97     4943     3933     5953 21.5 17.1 25.9     1594     1159     2029 29.3 21.3 37.3     1134      808     1460 28.0 19.9 36.1  42280  39414  45146                                        Lauderdale County                             TN est21all.txt 30NOV2022
47  99     5998     4660     7336 13.6 10.6 16.6     2155     1525     2785 19.7 13.9 25.5     1487     1003     1971 18.2 12.3 24.1  49794  44960  54628                                        Lawrence County                               TN est21all.txt 30NOV2022
47 101     1855     1418     2292 14.7 11.2 18.2      620      444      796 22.0 15.8 28.2      435      295      575 20.6 14.0 27.2  50422  44272  56572                                        Lewis County                                  TN est21all.txt 30NOV2022
47 103     5111     4065     6157 14.6 11.6 17.6     1626     1203     2049 21.1 15.6 26.6     1115      778     1452 19.0 13.3 24.7  52018  49363  54673                                        Lincoln County                                TN est21all.txt 30NOV2022
47 105     5365     4181     6549  9.6  7.5 11.7     1644     1196     2092 15.5 11.3 19.7     1117      766     1468 14.0  9.6 18.4  72378  64718  80038                                        Loudon County                                 TN est21all.txt 30NOV2022
47 107     7651     6092     9210 14.5 11.6 17.4     2395     1761     3029 21.3 15.6 27.0     1694     1202     2186 20.3 14.4 26.2  50480  46311  54649                                        McMinn County                                 TN est21all.txt 30NOV2022
47 109     3913     3053     4773 15.4 12.0 18.8     1191      846     1536 21.7 15.4 28.0      868      596     1140 21.1 14.5 27.7  45083  40747  49419                                        McNairy County                                TN est21all.txt 30NOV2022
47 111     4014     3122     4906 15.9 12.4 19.4     1430     1027     1833 22.9 16.4 29.4     1020      718     1322 22.6 15.9 29.3  49357  44313  54401                                        Macon County                                  TN est21all.txt 30NOV2022
47 113    16124    13938    18310 17.1 14.8 19.4     5406     4360     6452 25.0 20.2 29.8     3862     3065     4659 24.5 19.4 29.6  53954  50973  56935                                        Madison County                                TN est21all.txt 30NOV2022
47 115     4638     3721     5555 16.2 13.0 19.4     1341      974     1708 22.8 16.5 29.1      972      688     1256 22.3 15.8 28.8  51898  46847  56949                                        Marion County                                 TN est21all.txt 30NOV2022
47 117     3828     3005     4651 11.1  8.7 13.5     1275      920     1630 16.0 11.5 20.5      930      658     1202 15.8 11.2 20.4  64710  59460  69960                                        Marshall County                               TN est21all.txt 30NOV2022
47 119    10695     8724    12666 10.3  8.4 12.2     3804     2930     4678 16.2 12.5 19.9     2550     1855     3245 15.0 10.9 19.1  68425  61906  74944                                        Maury County                                  TN est21all.txt 30NOV2022
47 121     1956     1508     2404 15.2 11.7 18.7      652      455      849 24.6 17.2 32.0      458      308      608 23.3 15.7 30.9  51337  45864  56810                                        Meigs County                                  TN est21all.txt 30NOV2022
47 123     7185     5879     8491 15.6 12.8 18.4     2025     1466     2584 21.3 15.4 27.2     1450     1013     1887 20.4 14.2 26.6  50364  45813  54915                                        Monroe County                                 TN est21all.txt 30NOV2022
47 125    24078    20144    28012 10.8  9.0 12.6     8740     6612    10868 14.5 11.0 18.0     5885     4229     7541 13.8  9.9 17.7  63593  60362  66824                                        Montgomery County                             TN est21all.txt 30NOV2022
47 127      636      485      787  9.7  7.4 12.0      187      132      242 14.6 10.3 18.9      138       94      182 14.7 10.0 19.4  62609  55027  70191                                        Moore County                                  TN est21all.txt 30NOV2022
47 129     3447     2687     4207 18.1 14.1 22.1      907      651     1163 22.9 16.4 29.4      657      459      855 22.4 15.7 29.1  48122  42483  53761                                        Morgan County                                 TN est21all.txt 30NOV2022
47 131     4662     3752     5572 15.5 12.5 18.5     1466     1070     1862 22.6 16.5 28.7     1104      804     1404 22.9 16.7 29.1  50021  45543  54499                                        Obion County                                  TN est21all.txt 30NOV2022
47 133     3352     2705     3999 14.9 12.0 17.8      921      637     1205 19.2 13.3 25.1      652      430      874 18.1 11.9 24.3  45793  40516  51070                                        Overton County                                TN est21all.txt 30NOV2022
47 135     1413     1097     1729 17.0 13.2 20.8      463      325      601 24.8 17.4 32.2      333      227      439 24.8 16.9 32.7  43998  38565  49431                                        Perry County                                  TN est21all.txt 30NOV2022
47 137      715      537      893 14.2 10.7 17.7      218      153      283 25.4 17.8 33.0      155      105      205 23.8 16.1 31.5  44566  39269  49863                                        Pickett County                                TN est21all.txt 30NOV2022
47 139     2350     1783     2917 13.5 10.2 16.8      710      495      925 21.0 14.6 27.4      512      344      680 20.2 13.6 26.8  50863  45503  56223                                        Polk County                                   TN est21all.txt 30NOV2022
47 141    10745     8597    12893 13.7 11.0 16.4     2977     2143     3811 17.9 12.9 22.9     2180     1547     2813 17.8 12.6 23.0  52138  47561  56715                                        Putnam County                                 TN est21all.txt 30NOV2022
47 143     5103     4024     6182 15.8 12.5 19.1     1646     1188     2104 23.0 16.6 29.4     1133      789     1477 21.5 15.0 28.0  50479  46096  54862                                        Rhea County                                   TN est21all.txt 30NOV2022
47 145     7003     5423     8583 13.1 10.1 16.1     1911     1383     2439 19.5 14.1 24.9     1443     1032     1854 19.3 13.8 24.8  56355  50021  62689                                        Roane County                                  TN est21all.txt 30NOV2022
47 147     7662     6233     9091 10.5  8.5 12.5     2272     1656     2888 13.3  9.7 16.9     1675     1189     2161 13.2  9.4 17.0  67539  61003  74075                                        Robertson County                              TN est21all.txt 30NOV2022
47 149    30038    25378    34698  8.7  7.4 10.0     8984     6842    11126 10.6  8.1 13.1     6420     4812     8028 10.1  7.6 12.6  77942  74681  81203                                        Rutherford County                             TN est21all.txt 30NOV2022
47 151     4841     3986     5696 22.4 18.4 26.4     1485     1100     1870 29.2 21.6 36.8     1102      806     1398 29.2 21.4 37.0  40788  36588  44988                                        Scott County                                  TN est21all.txt 30NOV2022
47 153     2198     1646     2750 13.6 10.2 17.0      751      524      978 22.7 15.8 29.6      535      357      713 22.1 14.7 29.5  55099  49449  60749                                        Sequatchie County                             TN est21all.txt 30NOV2022
47 155    12973    10824    15122 13.2 11.0 15.4     3766     2799     4733 19.2 14.3 24.1     2698     1969     3427 18.6 13.6 23.6  51771  47544  55998                                        Sevier County                                 TN est21all.txt 30NOV2022
47 157   163230   150574   175886 18.0 16.6 19.4    54209    46934    61484 23.9 20.7 27.1    38270    32921    43619 23.0 19.8 26.2  54931  52932  56930                                        Shelby County                                 TN est21all.txt 30NOV2022
47 159     2331     1786     2876 11.7  9.0 14.4      757      525      989 16.8 11.7 21.9      539      359      719 16.0 10.7 21.3  56567  53125  60009                                        Smith County                                  TN est21all.txt 30NOV2022
47 161     1820     1393     2247 13.3 10.2 16.4      590      417      763 20.5 14.5 26.5      420      285      555 19.8 13.4 26.2  56764  50329  63199                                        Stewart County                                TN est21all.txt 30NOV2022
47 163    26800    23971    29629 17.1 15.3 18.9     7497     6350     8644 25.3 21.4 29.2     5370     4495     6245 24.0 20.1 27.9  49489  45806  53172                                        Sullivan County                               TN est21all.txt 30NOV2022
47 165    17062    14180    19944  8.6  7.1 10.1     4757     3511     6003 10.4  7.7 13.1     3337     2398     4276  9.6  6.9 12.3  71268  67265  75271                                        Sumner County                                 TN est21all.txt 30NOV2022
47 167     7822     6579     9065 13.1 11.0 15.2     2409     1780     3038 16.9 12.5 21.3     1811     1330     2292 16.7 12.3 21.1  62814  57031  68597                                        Tipton County                                 TN est21all.txt 30NOV2022
47 169     1666     1285     2047 17.8 13.7 21.9      403      290      516 18.5 13.3 23.7      271      187      355 17.2 11.9 22.5  49014  42912  55116                                        Trousdale County                              TN est21all.txt 30NOV2022
47 171     2514     1933     3095 14.5 11.1 17.9      684      479      889 22.0 15.4 28.6      480      324      636 20.6 13.9 27.3  44971  39852  50090                                        Unicoi County                                 TN est21all.txt 30NOV2022
47 173     3101     2355     3847 15.6 11.8 19.4      976      679     1273 23.5 16.3 30.7      714      479      949 22.9 15.4 30.4  51102  46598  55606                                        Union County                                  TN est21all.txt 30NOV2022
47 175     1045      816     1274 17.0 13.3 20.7      341      243      439 26.7 19.0 34.4      249      171      327 26.7 18.4 35.0  45565  39872  51258                                        Van Buren County                              TN est21all.txt 30NOV2022
47 177     6403     5082     7724 15.6 12.4 18.8     2122     1534     2710 22.6 16.4 28.8     1504     1052     1956 21.7 15.2 28.2  48444  43786  53102                                        Warren County                                 TN est21all.txt 30NOV2022
47 179    18653    16080    21226 14.3 12.3 16.3     4533     3475     5591 18.3 14.0 22.6     3159     2362     3956 16.9 12.6 21.2  56071  51922  60220                                        Washington County                             TN est21all.txt 30NOV2022
47 181     2819     2241     3397 19.8 15.7 23.9      564      392      736 21.8 15.2 28.4      401      267      535 20.6 13.7 27.5  47563  42646  52480                                        Wayne County                                  TN est21all.txt 30NOV2022
47 183     5665     4713     6617 18.0 15.0 21.0     1315      941     1689 21.4 15.3 27.5      939      650     1228 20.6 14.3 26.9  44799  40705  48893                                        Weakley County                                TN est21all.txt 30NOV2022
47 185     4457     3635     5279 16.4 13.4 19.4     1353      992     1714 23.0 16.9 29.1      971      698     1244 22.1 15.9 28.3  45239  40484  49994                                        White County                                  TN est21all.txt 30NOV2022
47 187    10137     8082    12192  4.0  3.2  4.8     2565     1851     3279  3.9  2.8  5.0     1971     1424     2518  3.7  2.7  4.7 123474 114243 132705                                        Williamson County                             TN est21all.txt 30NOV2022
47 189    11297     9240    13354  7.5  6.1  8.9     2891     2076     3706  8.3  6.0 10.6     2088     1448     2728  8.0  5.6 10.4  82489  76304  88674                                        Wilson County                                 TN est21all.txt 30NOV2022
48   0  4122799  4067445  4178153 14.2 14.0 14.4  1438533  1403971  1473095 19.5 19.0 20.0  1023611   992613  1054609 18.6 18.0 19.2  66959  66448  67470  393888  378420  409356 21.2 20.4 22.0 Texas                                         TX est21all.txt 30NOV2022
48   1     9124     7267    10981 20.4 16.2 24.6     2656     2008     3304 24.5 18.5 30.5     1854     1338     2370 23.4 16.9 29.9  54515  49327  59703                                        Anderson County                               TX est21all.txt 30NOV2022
48   3     2168     1699     2637 11.8  9.2 14.4      885      634     1136 15.4 11.0 19.8      628      435      821 14.8 10.3 19.3  70005  61331  78679                                        Andrews County                                TX est21all.txt 30NOV2022
48   5    15434    13056    17812 18.4 15.6 21.2     5771     4633     6909 26.4 21.2 31.6     4270     3359     5181 26.1 20.5 31.7  50620  46255  54985                                        Angelina County                               TX est21all.txt 30NOV2022
48   7     3629     2706     4552 15.1 11.3 18.9     1237      862     1612 27.8 19.4 36.2      896      604     1188 27.2 18.3 36.1  55435  49589  61281                                        Aransas County                                TX est21all.txt 30NOV2022
48   9      829      644     1014  9.6  7.5 11.7      241      177      305 12.5  9.2 15.8      176      127      225 12.1  8.7 15.5  69286  61373  77199                                        Archer County                                 TX est21all.txt 30NOV2022
48  11      178      136      220  9.9  7.5 12.3       53       37       69 13.2  9.3 17.1       38       26       50 12.5  8.5 16.5  64401  56774  72028                                        Armstrong County                              TX est21all.txt 30NOV2022
48  13     8151     6482     9820 16.4 13.0 19.8     3191     2345     4037 23.8 17.5 30.1     2242     1556     2928 22.3 15.5 29.1  57905  51565  64245                                        Atascosa County                               TX est21all.txt 30NOV2022
48  15     3122     2377     3867 10.4  7.9 12.9     1154      804     1504 16.5 11.5 21.5      818      548     1088 15.4 10.3 20.5  68150  63293  73007                                        Austin County                                 TX est21all.txt 30NOV2022
48  17     1084      832     1336 16.1 12.3 19.9      501      360      642 24.7 17.8 31.6      344      238      450 24.1 16.7 31.5  47375  41494  53256                                        Bailey County                                 TX est21all.txt 30NOV2022
48  19     2445     1897     2993 11.4  8.8 14.0      695      488      902 19.4 13.6 25.2      492      332      652 18.5 12.5 24.5  69051  62724  75378                                        Bandera County                                TX est21all.txt 30NOV2022
48  21    11414     8951    13877 11.5  9.0 14.0     4665     3348     5982 18.1 13.0 23.2     3393     2368     4418 17.4 12.1 22.7  72809  65602  80016                                        Bastrop County                                TX est21all.txt 30NOV2022
48  23      602      482      722 17.6 14.1 21.1      197      149      245 25.2 19.0 31.4      126       88      164 21.1 14.7 27.5  45408  39963  50853                                        Baylor County                                 TX est21all.txt 30NOV2022
48  25     6383     4937     7829 27.1 21.0 33.2     1910     1381     2439 30.9 22.3 39.5     1349      936     1762 29.0 20.1 37.9  45431  41559  49303                                        Bee County                                    TX est21all.txt 30NOV2022
48  27    52868    46947    58789 14.3 12.7 15.9    20370    16988    23752 19.7 16.4 23.0    13676    10929    16423 18.4 14.7 22.1  58878  55684  62072                                        Bell County                                   TX est21all.txt 30NOV2022
48  29   293859   274989   312729 14.8 13.8 15.8   104026    94753   113299 20.8 19.0 22.6    75763    68639    82887 20.4 18.5 22.3  63014  61651  64377                                        Bexar County                                  TX est21all.txt 30NOV2022
48  31     1063      813     1313  9.0  6.9 11.1      293      209      377 14.2 10.1 18.3      209      142      276 13.1  8.9 17.3  69247  61420  77074                                        Blanco County                                 TX est21all.txt 30NOV2022
48  33       61       46       76  9.9  7.5 12.3       16       11       21 12.0  8.5 15.5       12        8       16 11.7  7.9 15.5  69744  61268  78220                                        Borden County                                 TX est21all.txt 30NOV2022
48  35     2404     1861     2947 13.2 10.2 16.2      747      535      959 19.8 14.2 25.4      532      368      696 18.3 12.7 23.9  56041  49621  62461                                        Bosque County                                 TX est21all.txt 30NOV2022
48  37    15460    12623    18297 17.8 14.5 21.1     5108     3788     6428 23.6 17.5 29.7     3640     2627     4653 22.4 16.2 28.6  52934  48552  57316                                        Bowie County                                  TX est21all.txt 30NOV2022
48  39    33053    26458    39648  9.0  7.2 10.8    11439     8456    14422 11.8  8.7 14.9     8240     5865    10615 11.3  8.1 14.5  82165  76842  87488                                        Brazoria County                               TX est21all.txt 30NOV2022
48  41    50154    45597    54711 22.6 20.6 24.6    11427     9751    13103 23.5 20.0 27.0     7687     6376     8998 21.8 18.1 25.5  50494  47385  53603                                        Brazos County                                 TX est21all.txt 30NOV2022
48  43     1250      935     1565 13.3  9.9 16.7      347      247      447 20.8 14.8 26.8      243      166      320 19.7 13.5 25.9  51197  45062  57332                                        Brewster County                               TX est21all.txt 30NOV2022
48  45      205      157      253 14.7 11.3 18.1       74       52       96 24.3 17.1 31.5       52       35       69 23.1 15.7 30.5  49905  43603  56207                                        Briscoe County                                TX est21all.txt 30NOV2022
48  47     1986     1491     2481 28.6 21.5 35.7      897      633     1161 45.6 32.2 59.0      641      435      847 43.4 29.5 57.3  33460  29353  37567                                        Brooks County                                 TX est21all.txt 30NOV2022
48  49     5603     4432     6774 15.3 12.1 18.5     1698     1239     2157 22.3 16.3 28.3     1233      882     1584 21.8 15.6 28.0  48803  43724  53882                                        Brown County                                  TX est21all.txt 30NOV2022
48  51     2575     2023     3127 14.4 11.3 17.5      808      574     1042 20.7 14.7 26.7      581      401      761 19.9 13.7 26.1  57469  50762  64176                                        Burleson County                               TX est21all.txt 30NOV2022
48  53     4950     3830     6070  9.9  7.7 12.1     1685     1198     2172 16.3 11.6 21.0     1209      837     1581 15.3 10.6 20.0  72510  65930  79090                                        Burnet County                                 TX est21all.txt 30NOV2022
48  55     5779     4418     7140 12.8  9.8 15.8     1994     1407     2581 19.4 13.7 25.1     1416      950     1882 19.4 13.0 25.8  60063  53866  66260                                        Caldwell County                               TX est21all.txt 30NOV2022
48  57     2867     2166     3568 14.6 11.0 18.2     1021      724     1318 22.1 15.7 28.5      726      496      956 21.2 14.5 27.9  70662  64488  76836                                        Calhoun County                                TX est21all.txt 30NOV2022
48  59     1702     1298     2106 12.1  9.2 15.0      574      397      751 19.1 13.2 25.0      433      291      575 18.9 12.7 25.1  56708  50391  63025                                        Callahan County                               TX est21all.txt 30NOV2022
48  61   103230    92405   114055 24.6 22.0 27.2    39896    33878    45914 32.6 27.7 37.5    29399    24646    34152 31.9 26.7 37.1  46436  43306  49566                                        Cameron County                                TX est21all.txt 30NOV2022
48  63     2102     1621     2583 16.7 12.9 20.5      848      601     1095 26.0 18.4 33.6      608      415      801 25.5 17.4 33.6  51024  47045  55003                                        Camp County                                   TX est21all.txt 30NOV2022
48  65      520      396      644  9.1  6.9 11.3      174      124      224 13.0  9.3 16.7      124       85      163 11.4  7.8 15.0  66548  58342  74754                                        Carson County                                 TX est21all.txt 30NOV2022
48  67     5136     4209     6063 18.2 14.9 21.5     1896     1520     2272 29.9 24.0 35.8     1304      985     1623 27.2 20.5 33.9  42896  38206  47586                                        Cass County                                   TX est21all.txt 30NOV2022
48  69     1184      904     1464 16.2 12.4 20.0      443      313      573 21.0 14.8 27.2      312      210      414 19.7 13.3 26.1  62236  56988  67484                                        Castro County                                 TX est21all.txt 30NOV2022
48  71     5034     4190     5878 10.4  8.7 12.1     1729     1337     2121 12.7  9.8 15.6     1258      958     1558 12.3  9.4 15.2  89767  80573  98961                                        Chambers County                               TX est21all.txt 30NOV2022
48  73     8776     7088    10464 18.1 14.6 21.6     3192     2393     3991 25.1 18.8 31.4     2315     1688     2942 24.7 18.0 31.4  48664  43990  53338                                        Cherokee County                               TX est21all.txt 30NOV2022
48  75     1093      824     1362 21.1 15.9 26.3      294      209      379 24.0 17.0 31.0      203      138      268 21.8 14.9 28.7  42758  38134  47382                                        Childress County                              TX est21all.txt 30NOV2022
48  77     1093      840     1346 10.7  8.2 13.2      300      212      388 15.1 10.6 19.6      217      147      287 13.9  9.4 18.4  60973  53797  68149                                        Clay County                                   TX est21all.txt 30NOV2022
48  79      529      410      648 21.3 16.5 26.1      196      141      251 31.4 22.5 40.3      130       86      174 28.3 18.8 37.8  42274  37361  47187                                        Cochran County                                TX est21all.txt 30NOV2022
48  81      497      396      598 15.1 12.0 18.2      152      108      196 22.4 15.9 28.9      107       73      141 21.7 14.8 28.6  46767  40770  52764                                        Coke County                                   TX est21all.txt 30NOV2022
48  83     1488     1148     1828 19.3 14.9 23.7      490      353      627 31.8 22.9 40.7      345      240      450 29.5 20.5 38.5  42253  37237  47269                                        Coleman County                                TX est21all.txt 30NOV2022
48  85    72757    65193    80321  6.6  5.9  7.3    21968    18765    25171  7.9  6.7  9.1    14339    11615    17063  6.7  5.4  8.0 102119  99051 105187                                        Collin County                                 TX est21all.txt 30NOV2022
48  87      436      332      540 16.9 12.9 20.9      184      131      237 27.1 19.3 34.9      126       86      166 24.2 16.5 31.9  45734  40363  51105                                        Collingsworth County                          TX est21all.txt 30NOV2022
48  89     2527     1861     3193 12.4  9.1 15.7     1058      753     1363 21.8 15.5 28.1      754      516      992 20.9 14.3 27.5  62004  57439  66569                                        Colorado County                               TX est21all.txt 30NOV2022
48  91     9181     6730    11632  5.3  3.9  6.7     3687     2516     4858  9.6  6.6 12.6     2569     1674     3464  8.8  5.7 11.9  93487  90151  96823                                        Comal County                                  TX est21all.txt 30NOV2022
48  93     2196     1731     2661 16.1 12.7 19.5      754      545      963 24.7 17.9 31.5      530      366      694 22.9 15.8 30.0  49076  43552  54600                                        Comanche County                               TX est21all.txt 30NOV2022
48  95      490      369      611 14.9 11.2 18.6      147      104      190 25.6 18.1 33.1      102       69      135 24.2 16.4 32.0  48563  42611  54515                                        Concho County                                 TX est21all.txt 30NOV2022
48  97     5423     4352     6494 13.0 10.4 15.6     1854     1414     2294 19.3 14.7 23.9     1300      962     1638 18.6 13.8 23.4  58060  52365  63755                                        Cooke County                                  TX est21all.txt 30NOV2022
48  99     9611     7672    11550 13.6 10.8 16.4     3321     2471     4171 17.9 13.3 22.5     2258     1624     2892 16.8 12.1 21.5  59718  56183  63253                                        Coryell County                                TX est21all.txt 30NOV2022
48 101      259      195      323 18.8 14.2 23.4       96       68      124 34.0 24.1 43.9       69       47       91 31.7 21.6 41.8  44590  38978  50202                                        Cottle County                                 TX est21all.txt 30NOV2022
48 103      519      393      645 11.3  8.6 14.0      245      174      316 17.9 12.7 23.1      177      121      233 16.9 11.5 22.3  63555  55841  71269                                        Crane County                                  TX est21all.txt 30NOV2022
48 105      447      338      556 14.6 11.0 18.2      170      120      220 22.0 15.5 28.5      120       81      159 20.4 13.8 27.0  53159  46498  59820                                        Crockett County                               TX est21all.txt 30NOV2022
48 107     1173      915     1431 23.2 18.1 28.3      486      358      614 36.7 27.1 46.3      355      257      453 35.4 25.6 45.2  42728  38579  46877                                        Crosby County                                 TX est21all.txt 30NOV2022
48 109      427      327      527 19.6 15.0 24.2      150      106      194 29.9 21.2 38.6      105       72      138 29.5 20.1 38.9  48217  42124  54310                                        Culberson County                              TX est21all.txt 30NOV2022
48 111      747      557      937 10.5  7.8 13.2      382      271      493 16.4 11.6 21.2      260      177      343 16.0 10.9 21.1  70895  69799  71991                                        Dallam County                                 TX est21all.txt 30NOV2022
48 113   368709   345049   392369 14.4 13.5 15.3   132155   118914   145396 20.3 18.3 22.3    94078    84001   104155 19.8 17.7 21.9  63549  62192  64906                                        Dallas County                                 TX est21all.txt 30NOV2022
48 115     2330     1812     2848 21.3 16.6 26.0      877      631     1123 27.8 20.0 35.6      615      427      803 26.9 18.7 35.1  43627  38246  49008                                        Dawson County                                 TX est21all.txt 30NOV2022
48 117     3134     2479     3789 17.3 13.7 20.9     1355     1008     1702 24.1 17.9 30.3     1000      739     1261 24.6 18.2 31.0  50967  47225  54709                                        Deaf Smith County                             TX est21all.txt 30NOV2022
48 119      847      660     1034 15.8 12.3 19.3      293      209      377 23.3 16.6 30.0      207      142      272 23.2 15.9 30.5  50329  44384  56274                                        Delta County                                  TX est21all.txt 30NOV2022
48 121    68494    61404    75584  7.4  6.6  8.2    16855    13109    20601  7.6  5.9  9.3    12220     9325    15115  7.3  5.6  9.0  98027  94703 101351                                        Denton County                                 TX est21all.txt 30NOV2022
48 123     3108     2336     3880 17.1 12.9 21.3     1108      780     1436 25.0 17.6 32.4      779      527     1031 23.7 16.0 31.4  54279  48758  59800                                        DeWitt County                                 TX est21all.txt 30NOV2022
48 125      313      240      386 20.7 15.9 25.5       81       57      105 27.4 19.4 35.4       58       40       76 26.9 18.4 35.4  42690  37484  47896                                        Dickens County                                TX est21all.txt 30NOV2022
48 127     2162     1696     2628 25.7 20.2 31.2      875      651     1099 36.5 27.2 45.8      592      414      770 32.5 22.8 42.2  41838  36569  47107                                        Dimmit County                                 TX est21all.txt 30NOV2022
48 129      516      392      640 16.9 12.8 21.0      160      112      208 24.7 17.3 32.1      112       75      149 22.8 15.3 30.3  44353  39207  49499                                        Donley County                                 TX est21all.txt 30NOV2022
48 131     2776     2240     3312 30.0 24.2 35.8     1102      841     1363 43.3 33.0 53.6      737      525      949 39.3 28.0 50.6  37921  33321  42521                                        Duval County                                  TX est21all.txt 30NOV2022
48 133     3191     2553     3829 18.5 14.8 22.2      967      703     1231 25.5 18.6 32.4      696      493      899 25.0 17.7 32.3  47526  42077  52975                                        Eastland County                               TX est21all.txt 30NOV2022
48 135    26375    21813    30937 16.6 13.7 19.5    10810     8480    13140 22.0 17.3 26.7     7626     5888     9364 21.6 16.7 26.5  58389  53447  63331                                        Ector County                                  TX est21all.txt 30NOV2022
48 137      289      218      360 20.1 15.2 25.0      103       72      134 32.6 22.7 42.5       76       51      101 31.7 21.2 42.2  47573  41511  53635                                        Edwards County                                TX est21all.txt 30NOV2022
48 139    17641    14223    21059  8.8  7.1 10.5     6560     5003     8117 12.4  9.4 15.4     4538     3359     5717 11.3  8.4 14.2  87698  82171  93225                                        Ellis County                                  TX est21all.txt 30NOV2022
48 141   171242   156548   185936 20.1 18.4 21.8    62318    55074    69562 27.4 24.2 30.6    45162    39720    50604 26.7 23.5 29.9  50983  49538  52428                                        El Paso County                                TX est21all.txt 30NOV2022
48 143     7181     6005     8357 17.9 15.0 20.8     1841     1386     2296 20.4 15.4 25.4     1324      980     1668 20.2 15.0 25.4  51964  47768  56160                                        Erath County                                  TX est21all.txt 30NOV2022
48 145     3141     2358     3924 20.3 15.2 25.4      997      708     1286 27.5 19.5 35.5      721      494      948 27.4 18.8 36.0  46173  41540  50806                                        Falls County                                  TX est21all.txt 30NOV2022
48 147     4835     3809     5861 14.3 11.3 17.3     1375     1012     1738 17.9 13.2 22.6      952      665     1239 16.0 11.2 20.8  56794  50828  62760                                        Fannin County                                 TX est21all.txt 30NOV2022
48 149     2676     2107     3245 11.0  8.7 13.3      764      557      971 15.5 11.3 19.7      542      376      708 14.4 10.0 18.8  64711  58878  70544                                        Fayette County                                TX est21all.txt 30NOV2022
48 151      564      437      691 15.3 11.9 18.7      177      127      227 21.6 15.5 27.7      128       90      166 20.0 14.0 26.0  51362  45616  57108                                        Fisher County                                 TX est21all.txt 30NOV2022
48 153      966      729     1203 18.2 13.7 22.7      422      296      548 30.5 21.4 39.6      302      204      400 28.6 19.3 37.9  43855  38662  49048                                        Floyd County                                  TX est21all.txt 30NOV2022
48 155      183      138      228 17.4 13.2 21.6       69       49       89 31.8 22.5 41.1       50       34       66 33.3 22.7 43.9  42616  37308  47924                                        Foard County                                  TX est21all.txt 30NOV2022
48 157    61654    50676    72632  7.2  5.9  8.5    20364    15188    25540  8.9  6.6 11.2    14156    10056    18256  8.0  5.7 10.3  98070  92397 103743                                        Fort Bend County                              TX est21all.txt 30NOV2022
48 159     1537     1191     1883 14.8 11.5 18.1      540      385      695 22.4 16.0 28.8      375      256      494 20.5 14.0 27.0  51885  45546  58224                                        Franklin County                               TX est21all.txt 30NOV2022
48 161     2892     2275     3509 15.8 12.4 19.2      932      665     1199 21.2 15.1 27.3      679      469      889 20.5 14.1 26.9  48397  42464  54330                                        Freestone County                              TX est21all.txt 30NOV2022
48 163     4124     3246     5002 26.7 21.0 32.4     1402     1049     1755 33.7 25.2 42.2     1028      760     1296 33.7 24.9 42.5  47833  43314  52352                                        Frio County                                   TX est21all.txt 30NOV2022
48 165     3009     2288     3730 13.8 10.5 17.1     1606     1130     2082 20.3 14.3 26.3     1117      747     1487 19.5 13.0 26.0  58712  51573  65851                                        Gaines County                                 TX est21all.txt 30NOV2022
48 167    42174    35529    48819 12.1 10.2 14.0    13775    10731    16819 16.4 12.8 20.0     9882     7548    12216 15.5 11.8 19.2  77627  74601  80653                                        Galveston County                              TX est21all.txt 30NOV2022
48 169     1044      782     1306 24.8 18.6 31.0      235      166      304 26.7 18.9 34.5      168      114      222 24.8 16.9 32.7  43890  38757  49023                                        Garza County                                  TX est21all.txt 30NOV2022
48 171     2376     1832     2920  8.8  6.8 10.8      788      556     1020 14.8 10.5 19.1      560      380      740 13.8  9.4 18.2  71594  63543  79645                                        Gillespie County                              TX est21all.txt 30NOV2022
48 173       98       74      122  8.5  6.4 10.6       31       21       41 10.3  7.1 13.5       23       15       31 10.6  7.1 14.1 116958 112567 121349                                        Glasscock County                              TX est21all.txt 30NOV2022
48 175     1045      802     1288 14.7 11.3 18.1      355      252      458 24.3 17.3 31.3      259      178      340 23.7 16.3 31.1  58937  51787  66087                                        Goliad County                                 TX est21all.txt 30NOV2022
48 177     3129     2490     3768 16.1 12.8 19.4     1182      851     1513 23.1 16.6 29.6      846      576     1116 22.2 15.1 29.3  48164  42841  53487                                        Gonzales County                               TX est21all.txt 30NOV2022
48 179     3388     2731     4045 17.7 14.3 21.1     1230      954     1506 23.6 18.3 28.9      859      641     1077 21.5 16.0 27.0  45530  40366  50694                                        Gray County                                   TX est21all.txt 30NOV2022
48 181    15392    12648    18136 11.2  9.2 13.2     4838     3502     6174 14.8 10.7 18.9     3548     2550     4546 14.5 10.4 18.6  62678  58644  66712                                        Grayson County                                TX est21all.txt 30NOV2022
48 183    19426    16045    22807 16.1 13.3 18.9     6824     5122     8526 21.6 16.2 27.0     4642     3357     5927 19.7 14.2 25.2  57608  53623  61593                                        Gregg County                                  TX est21all.txt 30NOV2022
48 185     4419     3429     5409 16.1 12.5 19.7     1432     1030     1834 21.7 15.6 27.8     1041      725     1357 21.0 14.6 27.4  52540  46493  58587                                        Grimes County                                 TX est21all.txt 30NOV2022
48 187    16664    13968    19360  9.5  8.0 11.0     5332     4132     6532 12.5  9.7 15.3     4054     3125     4983 12.4  9.6 15.2  80145  74401  85889                                        Guadalupe County                              TX est21all.txt 30NOV2022
48 189     5848     4662     7034 19.6 15.6 23.6     2356     1783     2929 28.1 21.3 34.9     1544     1089     1999 24.0 16.9 31.1  47373  42590  52156                                        Hale County                                   TX est21all.txt 30NOV2022
48 191      679      531      827 24.1 18.9 29.3      257      193      321 42.3 31.7 52.9      178      127      229 35.9 25.6 46.2  34766  30537  38995                                        Hall County                                   TX est21all.txt 30NOV2022
48 193     1201      949     1453 14.8 11.7 17.9      395      286      504 22.8 16.5 29.1      286      199      373 21.3 14.8 27.8  53759  47185  60333                                        Hamilton County                               TX est21all.txt 30NOV2022
48 195      595      453      737 11.7  8.9 14.5      249      177      321 16.7 11.9 21.5      175      120      230 15.5 10.7 20.3  57692  51322  64062                                        Hansford County                               TX est21all.txt 30NOV2022
48 197      610      469      751 17.2 13.2 21.2      204      144      264 26.3 18.6 34.0      147      100      194 24.8 16.9 32.7  45677  40025  51329                                        Hardeman County                               TX est21all.txt 30NOV2022
48 199     5485     4071     6899  9.7  7.2 12.2     2108     1466     2750 15.1 10.5 19.7     1508     1005     2011 14.3  9.5 19.1  67183  60540  73826                                        Hardin County                                 TX est21all.txt 30NOV2022
48 201   767505   737646   797364 16.4 15.8 17.0   282319   266359   298279 23.0 21.7 24.3   201482   188971   213993 22.3 20.9 23.7  63539  62106  64972                                        Harris County                                 TX est21all.txt 30NOV2022
48 203    10198     8165    12231 15.0 12.0 18.0     3349     2411     4287 20.0 14.4 25.6     2370     1623     3117 18.4 12.6 24.2  56645  51716  61574                                        Harrison County                               TX est21all.txt 30NOV2022
48 205      450      340      560 10.4  7.9 12.9       92       65      119  8.2  5.8 10.6       66       45       87  8.4  5.7 11.1  71332  64279  78385                                        Hartley County                                TX est21all.txt 30NOV2022
48 207     1023      776     1270 20.6 15.6 25.6      260      180      340 27.4 18.9 35.9      187      124      250 25.8 17.1 34.5  43546  40450  46642                                        Haskell County                                TX est21all.txt 30NOV2022
48 209    30782    27113    34451 12.4 10.9 13.9     7197     5813     8581 12.6 10.2 15.0     5431     4452     6410 12.7 10.4 15.0  79336  73219  85453                                        Hays County                                   TX est21all.txt 30NOV2022
48 211      330      249      411 10.2  7.7 12.7      139       99      179 14.9 10.6 19.2       99       67      131 13.2  9.0 17.4  65387  57168  73606                                        Hemphill County                               TX est21all.txt 30NOV2022
48 213    12989    10841    15137 15.8 13.2 18.4     4028     2947     5109 22.7 16.6 28.8     2938     2077     3799 22.2 15.7 28.7  50348  46278  54418                                        Henderson County                              TX est21all.txt 30NOV2022
48 215   251220   234303   268137 28.8 26.9 30.7   103460    95079   111841 37.6 34.6 40.6    74526    67800    81252 36.0 32.7 39.3  44260  41628  46892                                        Hidalgo County                                TX est21all.txt 30NOV2022
48 217     4985     3969     6001 13.9 11.1 16.7     1768     1323     2213 21.3 15.9 26.7     1219      872     1566 19.6 14.0 25.2  52495  47131  57859                                        Hill County                                   TX est21all.txt 30NOV2022
48 219     3379     2710     4048 16.4 13.2 19.6     1253      923     1583 22.8 16.8 28.8      889      630     1148 21.5 15.2 27.8  51078  45671  56485                                        Hockley County                                TX est21all.txt 30NOV2022
48 221     6484     5293     7675 10.2  8.3 12.1     2098     1577     2619 16.1 12.1 20.1     1532     1118     1946 15.5 11.3 19.7  68911  63219  74603                                        Hood County                                   TX est21all.txt 30NOV2022
48 223     5350     4345     6355 14.5 11.8 17.2     1842     1402     2282 20.6 15.7 25.5     1300      963     1637 19.6 14.5 24.7  56680  51439  61921                                        Hopkins County                                TX est21all.txt 30NOV2022
48 225     3915     2926     4904 19.8 14.8 24.8     1258      885     1631 28.8 20.3 37.3      901      611     1191 27.3 18.5 36.1  45603  42109  49097                                        Houston County                                TX est21all.txt 30NOV2022
48 227     4851     3797     5905 16.9 13.2 20.6     1383      963     1803 19.4 13.5 25.3      982      654     1310 19.0 12.6 25.4  55842  49557  62127                                        Howard County                                 TX est21all.txt 30NOV2022
48 229      780      597      963 24.0 18.4 29.6      241      169      313 34.8 24.4 45.2      176      119      233 33.5 22.6 44.4  38904  34011  43797                                        Hudspeth County                               TX est21all.txt 30NOV2022
48 231    13902    11848    15956 13.8 11.8 15.8     4296     3189     5403 17.6 13.1 22.1     2998     2106     3890 16.5 11.6 21.4  58326  53142  63510                                        Hunt County                                   TX est21all.txt 30NOV2022
48 233     2551     1984     3118 12.6  9.8 15.4      874      629     1119 17.5 12.6 22.4      599      415      783 16.0 11.1 20.9  56646  53580  59712                                        Hutchinson County                             TX est21all.txt 30NOV2022
48 235      136      105      167  8.8  6.8 10.8       46       33       59 12.4  8.9 15.9       32       22       42 11.3  7.8 14.8  69966  61063  78869                                        Irion County                                  TX est21all.txt 30NOV2022
48 237     1233      953     1513 16.0 12.4 19.6      382      277      487 20.6 14.9 26.3      268      189      347 18.4 13.0 23.8  51846  45516  58176                                        Jack County                                   TX est21all.txt 30NOV2022
48 239     2002     1531     2473 13.5 10.3 16.7      690      483      897 18.1 12.7 23.5      489      329      649 17.7 11.9 23.5  60666  53553  67779                                        Jackson County                                TX est21all.txt 30NOV2022
48 241     7663     6662     8664 23.8 20.7 26.9     2449     2005     2893 32.2 26.4 38.0     1878     1530     2226 32.5 26.5 38.5  50038  44134  55942                                        Jasper County                                 TX est21all.txt 30NOV2022
48 243      398      287      509 21.3 15.3 27.3       40       28       52 57.1 40.2 74.0       27       18       36 55.1 36.7 73.5  56149  49082  63216                                        Jeff Davis County                             TX est21all.txt 30NOV2022
48 245    45633    40359    50907 19.2 17.0 21.4    16447    13859    19035 27.0 22.8 31.2    11061     9009    13113 24.9 20.3 29.5  55575  52368  58782                                        Jefferson County                              TX est21all.txt 30NOV2022
48 247     1111      855     1367 23.2 17.8 28.6      528      380      676 37.1 26.7 47.5      362      246      478 31.8 21.6 42.0  37454  34281  40627                                        Jim Hogg County                               TX est21all.txt 30NOV2022
48 249     8234     6512     9956 21.4 16.9 25.9     3079     2179     3979 29.3 20.7 37.9     2224     1526     2922 28.0 19.2 36.8  43852  39626  48078                                        Jim Wells County                              TX est21all.txt 30NOV2022
48 251    17978    14559    21397  9.8  7.9 11.7     6147     4448     7846 12.8  9.3 16.3     4363     3035     5691 12.0  8.3 15.7  76226  71044  81408                                        Johnson County                                TX est21all.txt 30NOV2022
48 253     2929     2202     3656 19.7 14.8 24.6      746      526      966 22.0 15.5 28.5      545      370      720 21.1 14.3 27.9  52288  47937  56639                                        Jones County                                  TX est21all.txt 30NOV2022
48 255     2721     2128     3314 22.1 17.3 26.9      793      562     1024 25.0 17.7 32.3      563      387      739 23.6 16.2 31.0  48470  42428  54512                                        Karnes County                                 TX est21all.txt 30NOV2022
48 257    13916    11093    16739  8.9  7.1 10.7     5308     3757     6859 12.0  8.5 15.5     3492     2321     4663 10.5  7.0 14.0  73660  68861  78459                                        Kaufman County                                TX est21all.txt 30NOV2022
48 259     3154     2388     3920  6.8  5.1  8.5      972      685     1259  9.2  6.5 11.9      689      470      908  8.2  5.6 10.8 102832  91568 114096                                        Kendall County                                TX est21all.txt 30NOV2022
48 261       48       36       60 14.2 10.7 17.7       15       11       19 23.4 16.4 30.4       10        7       13 18.9 12.8 25.0  42379  36994  47764                                        Kenedy County                                 TX est21all.txt 30NOV2022
48 263       81       62      100 11.5  8.7 14.3       25       18       32 15.8 11.3 20.3       18       12       24 13.8  9.5 18.1  54154  47438  60870                                        Kent County                                   TX est21all.txt 30NOV2022
48 265     6378     5072     7684 12.4  9.9 14.9     1977     1443     2511 20.1 14.7 25.5     1355      931     1779 18.7 12.8 24.6  60834  56281  65387                                        Kerr County                                   TX est21all.txt 30NOV2022
48 267      679      509      849 15.6 11.7 19.5      255      181      329 32.1 22.7 41.5      184      125      243 32.4 22.1 42.7  48671  42975  54367                                        Kimble County                                 TX est21all.txt 30NOV2022
48 269       30       23       37 11.6  8.7 14.5       11        8       14 14.5 10.1 18.9        8        5       11 13.3  9.0 17.6  74890  65425  84355                                        King County                                   TX est21all.txt 30NOV2022
48 271      545      414      676 19.0 14.4 23.6      148      105      191 24.7 17.4 32.0      107       73      141 24.4 16.6 32.2  50567  44268  56866                                        Kinney County                                 TX est21all.txt 30NOV2022
48 273     7233     5947     8519 24.6 20.2 29.0     2369     1805     2933 32.0 24.4 39.6     1801     1381     2221 33.6 25.8 41.4  49226  43490  54962                                        Kleberg County                                TX est21all.txt 30NOV2022
48 275      562      418      706 17.1 12.7 21.5      249      177      321 28.6 20.3 36.9      175      119      231 26.4 18.0 34.8  45558  40219  50897                                        Knox County                                   TX est21all.txt 30NOV2022
48 277     8424     6978     9870 17.0 14.1 19.9     3002     2357     3647 25.2 19.8 30.6     2143     1617     2669 24.4 18.4 30.4  50787  45189  56385                                        Lamar County                                  TX est21all.txt 30NOV2022
48 279     2423     1911     2935 19.1 15.1 23.1      921      671     1171 26.3 19.2 33.4      653      467      839 24.3 17.4 31.2  48981  43921  54041                                        Lamb County                                   TX est21all.txt 30NOV2022
48 281     2694     2094     3294 12.2  9.5 14.9      913      655     1171 19.4 13.9 24.9      654      457      851 18.2 12.7 23.7  64401  57547  71255                                        Lampasas County                               TX est21all.txt 30NOV2022
48 283     1503     1155     1851 28.6 22.0 35.2      406      287      525 32.3 22.8 41.8      296      202      390 32.5 22.2 42.8  40549  35436  45662                                        La Salle County                               TX est21all.txt 30NOV2022
48 285     2505     1969     3041 12.4  9.7 15.1      765      539      991 15.9 11.2 20.6      560      382      738 15.4 10.5 20.3  54421  48616  60226                                        Lavaca County                                 TX est21all.txt 30NOV2022
48 287     2215     1758     2672 12.8 10.2 15.4      639      470      808 18.1 13.3 22.9      432      298      566 16.9 11.7 22.1  59469  52338  66600                                        Lee County                                    TX est21all.txt 30NOV2022
48 289     2593     2101     3085 16.3 13.2 19.4      864      645     1083 23.8 17.8 29.8      656      484      828 24.1 17.8 30.4  51582  45405  57759                                        Leon County                                   TX est21all.txt 30NOV2022
48 291    14473    11740    17206 15.6 12.6 18.6     6100     4544     7656 22.0 16.4 27.6     4518     3309     5727 21.8 16.0 27.6  57174  51109  63239                                        Liberty County                                TX est21all.txt 30NOV2022
48 293     3503     2711     4295 16.8 13.0 20.6     1161      844     1478 24.5 17.8 31.2      846      595     1097 23.9 16.8 31.0  50381  46320  54442                                        Limestone County                              TX est21all.txt 30NOV2022
48 295      385      296      474 13.3 10.2 16.4      137       97      177 19.0 13.5 24.5       98       67      129 18.3 12.5 24.1  64249  57367  71131                                        Lipscomb County                               TX est21all.txt 30NOV2022
48 297     1838     1423     2253 17.7 13.7 21.7      563      402      724 25.0 17.9 32.1      404      276      532 25.0 17.0 33.0  52910  46414  59406                                        Live Oak County                               TX est21all.txt 30NOV2022
48 299     2650     2073     3227 12.1  9.5 14.7      750      557      943 23.1 17.1 29.1      570      420      720 23.8 17.5 30.1  61037  55474  66600                                        Llano County                                  TX est21all.txt 30NOV2022
48 301        3        2        4  5.3  4.0  6.6        2        1        3  8.7  6.0 11.4        1        1        1  4.8  2.5  7.1 100917  87622 114212                                        Loving County                                 TX est21all.txt 30NOV2022
48 303    48593    43305    53881 16.1 14.4 17.8    12899    10054    15744 17.6 13.7 21.5     8767     6540    10994 16.2 12.1 20.3  57270  54291  60249                                        Lubbock County                                TX est21all.txt 30NOV2022
48 305      952      748     1156 16.8 13.2 20.4      361      266      456 23.2 17.1 29.3      252      177      327 21.2 14.9 27.5  50374  44620  56128                                        Lynn County                                   TX est21all.txt 30NOV2022
48 307     1288      976     1600 17.3 13.1 21.5      453      318      588 29.0 20.3 37.7      310      206      414 26.6 17.7 35.5  43525  38424  48626                                        McCulloch County                              TX est21all.txt 30NOV2022
48 309    37352    32097    42607 14.7 12.6 16.8    11432     8730    14134 18.2 13.9 22.5     7968     5943     9993 17.2 12.8 21.6  58524  54139  62909                                        McLennan County                               TX est21all.txt 30NOV2022
48 311       73       55       91 12.1  9.2 15.0       22       15       29 17.6 12.3 22.9       16       11       21 18.2 12.2 24.2  63120  54948  71292                                        McMullen County                               TX est21all.txt 30NOV2022
48 313     2000     1528     2472 17.5 13.4 21.6      681      477      885 23.4 16.4 30.4      484      325      643 22.7 15.2 30.2  48251  42849  53653                                        Madison County                                TX est21all.txt 30NOV2022
48 315     2188     1764     2612 23.0 18.5 27.5      583      422      744 34.3 24.8 43.8      411      281      541 31.8 21.7 41.9  43178  38149  48207                                        Marion County                                 TX est21all.txt 30NOV2022
48 317      688      532      844 13.3 10.3 16.3      338      247      429 20.1 14.7 25.5      230      159      301 17.7 12.2 23.2  69505  60756  78254                                        Martin County                                 TX est21all.txt 30NOV2022
48 319      466      355      577 11.8  9.0 14.6      157      111      203 20.8 14.7 26.9      112       76      148 19.1 13.0 25.2  56690  49631  63749                                        Mason County                                  TX est21all.txt 30NOV2022
48 321     8267     7128     9406 22.9 19.7 26.1     2981     2418     3544 31.7 25.7 37.7     2182     1738     2626 31.6 25.2 38.0  50054  44812  55296                                        Matagorda County                              TX est21all.txt 30NOV2022
48 323    11691     8985    14397 20.5 15.8 25.2     4983     3440     6526 28.0 19.3 36.7     3612     2373     4851 28.2 18.5 37.9  41815  37054  46576                                        Maverick County                               TX est21all.txt 30NOV2022
48 325     7080     5637     8523 14.2 11.3 17.1     2294     1733     2855 19.6 14.8 24.4     1685     1254     2116 19.3 14.4 24.2  62907  57162  68652                                        Medina County                                 TX est21all.txt 30NOV2022
48 327      380      291      469 19.4 14.9 23.9      126       89      163 32.9 23.3 42.5       92       63      121 29.7 20.2 39.2  41507  36305  46709                                        Menard County                                 TX est21all.txt 30NOV2022
48 329    17432    14145    20719 10.5  8.5 12.5     6299     4547     8051 12.9  9.3 16.5     4468     3074     5862 12.8  8.8 16.8  84837  76118  93556                                        Midland County                                TX est21all.txt 30NOV2022
48 331     3604     2741     4467 14.6 11.1 18.1     1283      918     1648 22.7 16.2 29.2      889      597     1181 20.2 13.5 26.9  53320  47609  59031                                        Milam County                                  TX est21all.txt 30NOV2022
48 333      601      456      746 13.7 10.4 17.0      199      141      257 22.5 15.9 29.1      134       91      177 19.5 13.2 25.8  54948  49355  60541                                        Mills County                                  TX est21all.txt 30NOV2022
48 335     1447     1090     1804 19.2 14.5 23.9      505      358      652 25.3 17.9 32.7      352      240      464 23.5 16.0 31.0  44476  39583  49369                                        Mitchell County                               TX est21all.txt 30NOV2022
48 337     2850     2227     3473 14.1 11.0 17.2      977      715     1239 21.2 15.5 26.9      635      439      831 17.8 12.3 23.3  54988  50522  59454                                        Montague County                               TX est21all.txt 30NOV2022
48 339    67809    59505    76113 10.5  9.2 11.8    24521    20441    28601 14.7 12.2 17.2    16799    13499    20099 13.3 10.7 15.9  87831  82693  92969                                        Montgomery County                             TX est21all.txt 30NOV2022
48 341     2486     1933     3039 11.9  9.3 14.5     1018      735     1301 15.6 11.3 19.9      701      478      924 14.8 10.1 19.5  61833  54454  69212                                        Moore County                                  TX est21all.txt 30NOV2022
48 343     2213     1738     2688 18.5 14.5 22.5      814      583     1045 29.3 21.0 37.6      576      396      756 27.7 19.0 36.4  44957  39629  50285                                        Morris County                                 TX est21all.txt 30NOV2022
48 345      180      138      222 16.9 12.9 20.9       63       45       81 29.9 21.3 38.5       45       31       59 29.2 20.0 38.4  47835  42061  53609                                        Motley County                                 TX est21all.txt 30NOV2022
48 347    12474    10405    14543 20.8 17.4 24.2     3801     2863     4739 25.7 19.4 32.0     2748     1990     3506 25.0 18.1 31.9  46970  41847  52093                                        Nacogdoches County                            TX est21all.txt 30NOV2022
48 349     8469     6797    10141 16.0 12.8 19.2     3145     2315     3975 22.3 16.4 28.2     2246     1583     2909 21.3 15.0 27.6  51015  45656  56374                                        Navarro County                                TX est21all.txt 30NOV2022
48 351     2310     1809     2811 19.8 15.5 24.1      626      448      804 27.3 19.5 35.1      460      320      600 26.2 18.2 34.2  44030  38619  49441                                        Newton County                                 TX est21all.txt 30NOV2022
48 353     2601     2025     3177 18.3 14.3 22.3      935      660     1210 25.0 17.6 32.4      680      471      889 24.2 16.8 31.6  44342  39761  48923                                        Nolan County                                  TX est21all.txt 30NOV2022
48 355    62967    55554    70380 18.2 16.1 20.3    21001    17374    24628 24.9 20.6 29.2    15687    12795    18579 25.0 20.4 29.6  59337  56680  61994                                        Nueces County                                 TX est21all.txt 30NOV2022
48 357     1149      900     1398 11.8  9.2 14.4      503      365      641 16.8 12.2 21.4      363      258      468 16.0 11.4 20.6  60914  53781  68047                                        Ochiltree County                              TX est21all.txt 30NOV2022
48 359      239      182      296 15.7 12.0 19.4       57       40       74 30.6 21.5 39.7       33       23       43 24.4 16.7 32.1  62868  55616  70120                                        Oldham County                                 TX est21all.txt 30NOV2022
48 361    10515     8220    12810 12.5  9.8 15.2     3917     2802     5032 18.6 13.3 23.9     2800     1937     3663 17.9 12.4 23.4  65908  60966  70850                                        Orange County                                 TX est21all.txt 30NOV2022
48 363     4212     3300     5124 14.8 11.6 18.0     1457     1017     1897 22.3 15.6 29.0     1046      699     1393 21.5 14.4 28.6  57580  53923  61237                                        Palo Pinto County                             TX est21all.txt 30NOV2022
48 365     3018     2294     3742 13.5 10.3 16.7      999      700     1298 19.3 13.5 25.1      737      495      979 19.0 12.7 25.3  54244  47708  60780                                        Panola County                                 TX est21all.txt 30NOV2022
48 367    12227     9787    14667  7.9  6.3  9.5     3647     2606     4688  9.5  6.8 12.2     2599     1768     3430  8.9  6.0 11.8  85613  80032  91194                                        Parker County                                 TX est21all.txt 30NOV2022
48 369     1481     1191     1771 15.2 12.2 18.2      620      490      750 22.9 18.1 27.7      403      297      509 19.8 14.6 25.0  56632  49816  63448                                        Parmer County                                 TX est21all.txt 30NOV2022
48 371     2972     2412     3532 22.6 18.3 26.9     1075      842     1308 28.9 22.6 35.2      798      618      978 29.0 22.5 35.5  49291  43368  55214                                        Pecos County                                  TX est21all.txt 30NOV2022
48 373     8117     6800     9434 16.9 14.2 19.6     2555     1929     3181 24.7 18.7 30.7     1740     1276     2204 22.4 16.4 28.4  50827  44933  56721                                        Polk County                                   TX est21all.txt 30NOV2022
48 375    22716    19361    26071 20.7 17.6 23.8     8755     7023    10487 28.3 22.7 33.9     6215     4909     7521 26.9 21.3 32.5  45904  42029  49779                                        Potter County                                 TX est21all.txt 30NOV2022
48 377     1304      979     1629 21.3 16.0 26.6      602      420      784 35.0 24.4 45.6      448      301      595 36.2 24.3 48.1  39791  34794  44788                                        Presidio County                               TX est21all.txt 30NOV2022
48 379     1594     1212     1976 12.8  9.7 15.9      494      343      645 20.2 14.0 26.4      354      237      471 19.0 12.7 25.3  57294  50316  64272                                        Rains County                                  TX est21all.txt 30NOV2022
48 381    12785    10502    15068  9.1  7.5 10.7     3672     2652     4692 10.8  7.8 13.8     2576     1811     3341  9.9  6.9 12.9  72082  65883  78281                                        Randall County                                TX est21all.txt 30NOV2022
48 383      386      299      473 11.9  9.2 14.6      168      122      214 18.0 13.1 22.9      119       81      157 17.4 11.9 22.9  65162  57270  73054                                        Reagan County                                 TX est21all.txt 30NOV2022
48 385      435      328      542 15.6 11.8 19.4      143       98      188 29.7 20.4 39.0      111       74      148 33.2 22.0 44.4  46907  40900  52914                                        Real County                                   TX est21all.txt 30NOV2022
48 387     2140     1692     2588 18.7 14.8 22.6      643      473      813 28.2 20.7 35.7      471      340      602 27.8 20.1 35.5  46134  41461  50807                                        Red River County                              TX est21all.txt 30NOV2022
48 389     2590     1952     3228 22.2 16.7 27.7      860      611     1109 26.3 18.7 33.9      617      421      813 25.8 17.6 34.0  46275  40702  51848                                        Reeves County                                 TX est21all.txt 30NOV2022
48 391     1033      766     1300 15.5 11.5 19.5      430      306      554 28.3 20.1 36.5      311      213      409 26.5 18.1 34.9  46695  41137  52253                                        Refugio County                                TX est21all.txt 30NOV2022
48 393       59       45       73  7.4  5.6  9.2       17       12       22  9.1  6.5 11.7       12        8       16  7.9  5.3 10.5  73224  64049  82399                                        Roberts County                                TX est21all.txt 30NOV2022
48 395     2842     2185     3499 16.9 13.0 20.8      994      706     1282 24.9 17.7 32.1      706      483      929 23.9 16.3 31.5  50816  44903  56729                                        Robertson County                              TX est21all.txt 30NOV2022
48 397     5880     4592     7168  5.1  4.0  6.2     2118     1496     2740  6.9  4.9  8.9     1497     1012     1982  6.2  4.2  8.2 120696 113999 127393                                        Rockwall County                               TX est21all.txt 30NOV2022
48 399     1509     1149     1869 15.3 11.6 19.0      540      382      698 23.1 16.3 29.9      388      264      512 22.1 15.1 29.1  48190  42957  53423                                        Runnels County                                TX est21all.txt 30NOV2022
48 401     7880     6429     9331 16.8 13.7 19.9     2746     2162     3330 23.8 18.7 28.9     2117     1667     2567 24.3 19.1 29.5  53186  47434  58938                                        Rusk County                                   TX est21all.txt 30NOV2022
48 403     1628     1245     2011 16.3 12.5 20.1      491      347      635 27.6 19.5 35.7      355      241      469 26.9 18.3 35.5  46233  40635  51831                                        Sabine County                                 TX est21all.txt 30NOV2022
48 405     1768     1410     2126 22.7 18.1 27.3      495      350      640 32.0 22.6 41.4      351      238      464 30.2 20.5 39.9  43335  38004  48666                                        San Augustine County                          TX est21all.txt 30NOV2022
48 407     4804     3748     5860 17.3 13.5 21.1     1603     1161     2045 27.7 20.1 35.3     1150      805     1495 26.2 18.4 34.0  52302  46074  58530                                        San Jacinto County                            TX est21all.txt 30NOV2022
48 409    11367     9444    13290 16.4 13.6 19.2     4355     3393     5317 24.1 18.8 29.4     2936     2107     3765 21.7 15.6 27.8  58227  53100  63354                                        San Patricio County                           TX est21all.txt 30NOV2022
48 411      935      714     1156 17.9 13.7 22.1      309      217      401 27.3 19.2 35.4      221      150      292 26.9 18.3 35.5  45437  40046  50828                                        San Saba County                               TX est21all.txt 30NOV2022
48 413      358      270      446 14.8 11.2 18.4      123       87      159 21.6 15.3 27.9       88       60      116 18.9 12.9 24.9  52408  45906  58910                                        Schleicher County                             TX est21all.txt 30NOV2022
48 415     2308     1746     2870 15.1 11.4 18.8      856      605     1107 20.7 14.6 26.8      593      399      787 19.2 12.9 25.5  49727  45506  53948                                        Scurry County                                 TX est21all.txt 30NOV2022
48 417      383      288      478 12.0  9.0 15.0      137       97      177 18.8 13.3 24.3       97       66      128 17.6 12.0 23.2  61351  54105  68597                                        Shackelford County                            TX est21all.txt 30NOV2022
48 419     4650     3778     5522 19.6 15.9 23.3     1797     1423     2171 29.2 23.1 35.3     1379     1093     1665 30.5 24.2 36.8  43244  38398  48090                                        Shelby County                                 TX est21all.txt 30NOV2022
48 421      332      253      411 12.0  9.1 14.9      129       91      167 17.2 12.2 22.2       91       62      120 16.3 11.1 21.5  62557  54613  70501                                        Sherman County                                TX est21all.txt 30NOV2022
48 423    30154    24841    35467 13.0 10.7 15.3    10140     7621    12659 17.8 13.4 22.2     6982     4995     8969 16.5 11.8 21.2  62903  59841  65965                                        Smith County                                  TX est21all.txt 30NOV2022
48 425      863      657     1069  9.3  7.1 11.5      299      212      386 15.0 10.7 19.3      218      149      287 14.2  9.7 18.7  68280  60009  76551                                        Somervell County                              TX est21all.txt 30NOV2022
48 427    20610    17398    23822 31.6 26.7 36.5     8637     6660    10614 40.6 31.3 49.9     5891     4424     7358 37.7 28.3 47.1  33535  29620  37450                                        Starr County                                  TX est21all.txt 30NOV2022
48 429     1389     1033     1745 16.2 12.0 20.4      548      390      706 27.4 19.5 35.3      387      265      509 25.9 17.7 34.1  46064  40725  51403                                        Stephens County                               TX est21all.txt 30NOV2022
48 431      158      120      196 11.8  9.0 14.6       64       45       83 16.1 11.4 20.8       45       30       60 14.7 10.0 19.4  69212  60560  77864                                        Sterling County                               TX est21all.txt 30NOV2022
48 433      185      140      230 15.5 11.8 19.2       59       42       76 22.7 16.1 29.3       42       28       56 20.9 14.1 27.7  49813  43812  55814                                        Stonewall County                              TX est21all.txt 30NOV2022
48 435      459      349      569 13.9 10.6 17.2      168      119      217 20.9 14.8 27.0      121       82      160 20.2 13.7 26.7  59905  52465  67345                                        Sutton County                                 TX est21all.txt 30NOV2022
48 437     1347     1058     1636 20.9 16.4 25.4      487      351      623 29.4 21.2 37.6      329      224      434 25.5 17.3 33.7  45509  39757  51261                                        Swisher County                                TX est21all.txt 30NOV2022
48 439   242783   224662   260904 11.6 10.7 12.5    82631    72752    92510 15.3 13.5 17.1    57909    50171    65647 14.3 12.4 16.2  71399  69642  73156                                        Tarrant County                                TX est21all.txt 30NOV2022
48 441    24828    22048    27608 17.9 15.9 19.9     7238     5803     8673 20.6 16.5 24.7     5212     4153     6271 20.5 16.3 24.7  53820  50857  56783                                        Taylor County                                 TX est21all.txt 30NOV2022
48 443      126       95      157 17.4 13.2 21.6       31       22       40 21.4 15.1 27.7       21       14       28 19.3 13.0 25.6  44343  39013  49673                                        Terrell County                                TX est21all.txt 30NOV2022
48 445     2414     1893     2935 22.3 17.5 27.1      996      719     1273 31.0 22.4 39.6      686      480      892 29.2 20.4 38.0  42225  37348  47102                                        Terry County                                  TX est21all.txt 30NOV2022
48 447      224      175      273 15.0 11.7 18.3       83       59      107 24.4 17.4 31.4       58       40       76 23.1 16.0 30.2  46253  40442  52064                                        Throckmorton County                           TX est21all.txt 30NOV2022
48 449     4920     4001     5839 16.0 13.0 19.0     1826     1351     2301 20.6 15.2 26.0     1328      965     1691 20.0 14.5 25.5  49513  44785  54241                                        Titus County                                  TX est21all.txt 30NOV2022
48 451    15221    12593    17849 13.2 10.9 15.5     4634     3417     5851 16.5 12.2 20.8     3142     2137     4147 15.2 10.3 20.1  60750  57649  63851                                        Tom Green County                              TX est21all.txt 30NOV2022
48 453   143340   128427   158253 11.2 10.0 12.4    36719    30072    43366 13.8 11.3 16.3    26400    20957    31843 13.6 10.8 16.4  84519  82000  87038                                        Travis County                                 TX est21all.txt 30NOV2022
48 455     2339     1815     2863 17.1 13.3 20.9      736      524      948 27.3 19.4 35.2      521      355      687 25.5 17.4 33.6  46569  41367  51771                                        Trinity County                                TX est21all.txt 30NOV2022
48 457     3232     2522     3942 17.5 13.7 21.3      891      632     1150 23.3 16.5 30.1      627      424      830 21.6 14.6 28.6  46955  42207  51703                                        Tyler County                                  TX est21all.txt 30NOV2022
48 459     6166     4948     7384 14.9 12.0 17.8     1954     1432     2476 19.9 14.6 25.2     1452     1046     1858 19.4 14.0 24.8  51634  46010  57258                                        Upshur County                                 TX est21all.txt 30NOV2022
48 461      502      396      608 15.6 12.3 18.9      192      138      246 20.9 15.0 26.8      139       96      182 19.9 13.8 26.0  49340  42625  56055                                        Upton County                                  TX est21all.txt 30NOV2022
48 463     4984     3904     6064 20.5 16.1 24.9     2062     1504     2620 31.1 22.7 39.5     1515     1092     1938 31.4 22.6 40.2  48438  43676  53200                                        Uvalde County                                 TX est21all.txt 30NOV2022
48 465     8612     6542    10682 18.8 14.3 23.3     3728     2633     4823 27.8 19.6 36.0     2724     1853     3595 27.9 19.0 36.8  50532  46307  54757                                        Val Verde County                              TX est21all.txt 30NOV2022
48 467     8074     6307     9841 13.3 10.4 16.2     2639     1960     3318 19.1 14.2 24.0     1891     1347     2435 18.1 12.9 23.3  59929  55139  64719                                        Van Zandt County                              TX est21all.txt 30NOV2022
48 469    14471    12329    16613 16.2 13.8 18.6     4944     3771     6117 21.9 16.7 27.1     3379     2454     4304 20.3 14.8 25.8  57142  51829  62455                                        Victoria County                               TX est21all.txt 30NOV2022
48 471    14402    11883    16921 23.9 19.7 28.1     2773     2104     3442 24.8 18.8 30.8     1827     1318     2336 22.4 16.2 28.6  43012  38934  47090                                        Walker County                                 TX est21all.txt 30NOV2022
48 473     7505     5929     9081 13.6 10.8 16.4     2516     1813     3219 17.7 12.8 22.6     1830     1285     2375 17.3 12.2 22.4  65437  60986  69888                                        Waller County                                 TX est21all.txt 30NOV2022
48 475     1565     1201     1929 14.1 10.8 17.4      644      459      829 20.0 14.3 25.7      462      318      606 20.0 13.8 26.2  58461  51375  65547                                        Ward County                                   TX est21all.txt 30NOV2022
48 477     4719     3789     5649 14.0 11.2 16.8     1494     1122     1866 19.8 14.9 24.7     1150      862     1438 20.1 15.1 25.1  66601  59962  73240                                        Washington County                             TX est21all.txt 30NOV2022
48 479    59771    52377    67165 22.6 19.8 25.4    24486    20098    28874 29.0 23.8 34.2    16501    12929    20073 26.4 20.7 32.1  50865  48545  53185                                        Webb County                                   TX est21all.txt 30NOV2022
48 481     6575     5154     7996 15.9 12.5 19.3     2423     1753     3093 22.7 16.4 29.0     1762     1238     2286 22.6 15.9 29.3  56522  51046  61998                                        Wharton County                                TX est21all.txt 30NOV2022
48 483      691      531      851 14.1 10.8 17.4      266      192      340 22.0 15.9 28.1      189      133      245 19.6 13.8 25.4  49282  43258  55306                                        Wheeler County                                TX est21all.txt 30NOV2022
48 485    17237    14089    20385 14.6 11.9 17.3     5616     4111     7121 19.3 14.1 24.5     3852     2652     5052 18.1 12.4 23.8  53148  49998  56298                                        Wichita County                                TX est21all.txt 30NOV2022
48 487     1747     1334     2160 14.1 10.8 17.4      568      401      735 21.0 14.8 27.2      401      272      530 20.9 14.2 27.6  48117  42351  53883                                        Wilbarger County                              TX est21all.txt 30NOV2022
48 489     5912     4849     6975 34.3 28.1 40.5     1860     1401     2319 39.4 29.7 49.1     1327      969     1685 37.1 27.1 47.1  37087  32645  41529                                        Willacy County                                TX est21all.txt 30NOV2022
48 491    38403    33182    43624  6.0  5.2  6.8    11430     9017    13843  7.3  5.8  8.8     8275     6374    10176  7.0  5.4  8.6  96653  93505  99801                                        Williamson County                             TX est21all.txt 30NOV2022
48 493     5004     3951     6057  9.8  7.7 11.9     1601     1169     2033 13.4  9.8 17.0     1139      796     1482 12.4  8.7 16.1  78794  72280  85308                                        Wilson County                                 TX est21all.txt 30NOV2022
48 495     1076      829     1323 14.7 11.3 18.1      456      331      581 21.6 15.7 27.5      330      233      427 21.2 15.0 27.4  62477  54704  70250                                        Winkler County                                TX est21all.txt 30NOV2022
48 497     7216     5892     8540 10.2  8.3 12.1     2380     1789     2971 13.7 10.3 17.1     1745     1292     2198 13.1  9.7 16.5  77668  71384  83952                                        Wise County                                   TX est21all.txt 30NOV2022
48 499     6250     4997     7503 14.1 11.3 16.9     1818     1305     2331 21.5 15.4 27.6     1311      908     1714 20.5 14.2 26.8  53485  47376  59594                                        Wood County                                   TX est21all.txt 30NOV2022
48 501      971      729     1213 12.8  9.6 16.0      481      342      620 19.0 13.5 24.5      346      236      456 18.6 12.7 24.5  66816  61476  72156                                        Yoakum County                                 TX est21all.txt 30NOV2022
48 503     2628     2037     3219 14.8 11.5 18.1      892      635     1149 21.1 15.0 27.2      635      436      834 19.9 13.7 26.1  53715  47882  59548                                        Young County                                  TX est21all.txt 30NOV2022
48 505     4001     3159     4843 28.9 22.8 35.0     2012     1472     2552 44.6 32.6 56.6     1409      993     1825 40.5 28.6 52.4  37474  32949  41999                                        Zapata County                                 TX est21all.txt 30NOV2022
48 507     2338     1741     2935 25.4 18.9 31.9     1052      743     1361 38.8 27.4 50.2      766      519     1013 37.5 25.4 49.6  35046  30994  39098                                        Zavala County                                 TX est21all.txt 30NOV2022
49   0   286086   273709   298463  8.7  8.3  9.1    79258    73557    84959  8.5  7.9  9.1    52922    47900    57944  7.6  6.9  8.3  79449  78242  80656   22873   20451   25295  9.8  8.8 10.8 Utah                                          UT est21all.txt 30NOV2022
49   1      662      503      821  9.2  7.0 11.4      290      203      377 13.0  9.1 16.9      199      133      265 11.6  7.7 15.5  59437  52228  66646                                        Beaver County                                 UT est21all.txt 30NOV2022
49   3     4712     3830     5594  8.0  6.5  9.5     1469     1028     1910  8.1  5.7 10.5     1014      671     1357  7.3  4.8  9.8  69538  63905  75171                                        Box Elder County                              UT est21all.txt 30NOV2022
49   5    14719    12630    16808 11.0  9.4 12.6     3633     2781     4485  9.0  6.9 11.1     2414     1756     3072  8.0  5.8 10.2  69670  65453  73887                                        Cache County                                  UT est21all.txt 30NOV2022
49   7     3166     2595     3737 15.9 13.0 18.8      910      660     1160 17.8 12.9 22.7      607      417      797 15.6 10.7 20.5  50503  46078  54928                                        Carbon County                                 UT est21all.txt 30NOV2022
49   9       70       53       87  7.2  5.5  8.9       24       16       32 11.2  7.7 14.7       17       11       23 10.1  6.5 13.7  57400  50049  64751                                        Daggett County                                UT est21all.txt 30NOV2022
49  11    23286    19967    26605  6.4  5.5  7.3     7175     5717     8633  6.4  5.1  7.7     4254     3105     5403  5.0  3.7  6.3  93260  89235  97285                                        Davis County                                  UT est21all.txt 30NOV2022
49  13     2555     1974     3136 13.1 10.1 16.1     1045      744     1346 16.3 11.6 21.0      724      494      954 15.0 10.2 19.8  63327  57449  69205                                        Duchesne County                               UT est21all.txt 30NOV2022
49  15     1173      906     1440 11.8  9.1 14.5      414      294      534 14.8 10.5 19.1      288      196      380 13.2  9.0 17.4  62257  56602  67912                                        Emery County                                  UT est21all.txt 30NOV2022
49  17      490      371      609  9.9  7.5 12.3      164      113      215 15.0 10.4 19.6      112       73      151 13.5  8.8 18.2  56943  50543  63343                                        Garfield County                               UT est21all.txt 30NOV2022
49  19     1061      810     1312 11.1  8.5 13.7      327      227      427 16.8 11.6 22.0      221      144      298 15.5 10.1 20.9  52645  49812  55478                                        Grand County                                  UT est21all.txt 30NOV2022
49  21     7906     6384     9428 13.3 10.7 15.9     2432     1746     3118 14.5 10.4 18.6     1656     1129     2183 13.2  9.0 17.4  61421  55405  67437                                        Iron County                                   UT est21all.txt 30NOV2022
49  23     1057      830     1284  8.8  6.9 10.7      437      312      562 10.8  7.7 13.9      305      205      405 10.0  6.7 13.3  77036  68797  85275                                        Juab County                                   UT est21all.txt 30NOV2022
49  25      729      560      898  9.4  7.2 11.6      231      160      302 12.5  8.7 16.3      160      105      215 11.4  7.4 15.4  62311  54975  69647                                        Kane County                                   UT est21all.txt 30NOV2022
49  27     1322      990     1654 10.2  7.7 12.7      559      381      737 13.7  9.4 18.0      387      249      525 12.4  8.0 16.8  68131  62177  74085                                        Millard County                                UT est21all.txt 30NOV2022
49  29      564      425      703  4.5  3.4  5.6      197      136      258  4.6  3.2  6.0      140       91      189  4.0  2.6  5.4 111472  98991 123953                                        Morgan County                                 UT est21all.txt 30NOV2022
49  31      219      168      270 15.1 11.6 18.6       76       52      100 25.3 17.4 33.2       52       34       70 22.5 14.6 30.4  50768  44841  56695                                        Piute County                                  UT est21all.txt 30NOV2022
49  33      208      156      260  8.0  6.0 10.0       84       58      110 11.3  7.8 14.8       58       38       78  9.8  6.4 13.2  70815  61909  79721                                        Rich County                                   UT est21all.txt 30NOV2022
49  35   103046    94119   111973  8.8  8.0  9.6    26821    22961    30681  8.9  7.6 10.2    17989    14798    21180  8.0  6.6  9.4  80676  79068  82284                                        Salt Lake County                              UT est21all.txt 30NOV2022
49  37     3832     3266     4398 26.8 22.8 30.8     1254      966     1542 30.4 23.4 37.4      979      766     1192 30.1 23.5 36.7  48071  42398  53744                                        San Juan County                               UT est21all.txt 30NOV2022
49  39     3129     2423     3835 11.7  9.1 14.3      826      552     1100 12.0  8.0 16.0      567      350      784 11.4  7.0 15.8  62098  59107  65089                                        Sanpete County                                UT est21all.txt 30NOV2022
49  41     2107     1605     2609  9.7  7.4 12.0      750      506      994 12.4  8.4 16.4      525      337      713 11.4  7.3 15.5  68303  63298  73308                                        Sevier County                                 UT est21all.txt 30NOV2022
49  43     2509     2018     3000  5.8  4.7  6.9      571      413      729  5.8  4.2  7.4      391      266      516  5.0  3.4  6.6 124354 112007 136701                                        Summit County                                 UT est21all.txt 30NOV2022
49  45     4289     3246     5332  5.6  4.2  7.0     1428      957     1899  6.0  4.0  8.0      982      616     1348  5.4  3.4  7.4  90591  83694  97488                                        Tooele County                                 UT est21all.txt 30NOV2022
49  47     4285     3309     5261 11.9  9.2 14.6     1729     1220     2238 15.2 10.7 19.7     1154      763     1545 13.4  8.9 17.9  64105  57240  70970                                        Uintah County                                 UT est21all.txt 30NOV2022
49  49    54542    48184    60900  8.1  7.2  9.0    13609    10717    16501  6.2  4.9  7.5     9198     6937    11459  5.8  4.4  7.2  86597  83438  89756                                        Utah County                                   UT est21all.txt 30NOV2022
49  51     1751     1343     2159  4.9  3.8  6.0      655      453      857  6.2  4.3  8.1      447      291      603  5.4  3.5  7.3 102206  90123 114289                                        Wasatch County                                UT est21all.txt 30NOV2022
49  53    17782    15086    20478  9.4  8.0 10.8     4614     3246     5982  9.9  7.0 12.8     3211     2150     4272  9.1  6.1 12.1  63639  59157  68121                                        Washington County                             UT est21all.txt 30NOV2022
49  55      283      213      353 11.1  8.4 13.8       88       60      116 15.3 10.5 20.1       61       39       83 14.4  9.3 19.5  57768  50813  64723                                        Wayne County                                  UT est21all.txt 30NOV2022
49  57    24635    20841    28429  9.3  7.9 10.7     7446     5824     9068 10.4  8.1 12.7     4810     3514     6106  9.0  6.6 11.4  72348  68967  75729                                        Weber County                                  UT est21all.txt 30NOV2022
50   0    63208    59860    66556 10.2  9.7 10.7    12908    11928    13888 11.2 10.3 12.1     9163     8336     9990 10.5  9.6 11.4  72415  70396  74434    3196    2682    3710 11.6  9.7 13.5 Vermont                                       VT est21all.txt 30NOV2022
50   1     2919     2228     3610  8.4  6.4 10.4      551      370      732  9.3  6.2 12.4      390      255      525  8.8  5.8 11.8  79756  75313  84199                                        Addison County                                VT est21all.txt 30NOV2022
50   3     4471     3471     5471 12.5  9.7 15.3     1110      772     1448 16.1 11.2 21.0      773      514     1032 14.7  9.8 19.6  65185  58751  71619                                        Bennington County                             VT est21all.txt 30NOV2022
50   5     3687     2952     4422 12.5 10.0 15.0      872      623     1121 15.4 11.0 19.8      535      335      735 12.4  7.8 17.0  59762  55026  64498                                        Caledonia County                              VT est21all.txt 30NOV2022
50   7    15931    13894    17968 10.0  8.7 11.3     2305     1670     2940  7.9  5.7 10.1     1642     1167     2117  7.4  5.2  9.6  84290  80621  87959                                        Chittenden County                             VT est21all.txt 30NOV2022
50   9      854      667     1041 14.4 11.2 17.6      181      121      241 18.1 12.1 24.1      129       83      175 16.6 10.6 22.6  50840  45583  56097                                        Essex County                                  VT est21all.txt 30NOV2022
50  11     4578     3677     5479  9.2  7.4 11.0     1183      850     1516 10.9  7.8 14.0      845      593     1097 10.4  7.3 13.5  69583  64072  75094                                        Franklin County                               VT est21all.txt 30NOV2022
50  13      574      422      726  7.7  5.6  9.8      158      100      216 12.5  7.9 17.1      113       69      157 11.8  7.2 16.4  80693  74259  87127                                        Grand Isle County                             VT est21all.txt 30NOV2022
50  15     2222     1704     2740  8.7  6.7 10.7      551      355      747 10.7  6.9 14.5      410      260      560 10.5  6.7 14.3  64083  57438  70728                                        Lamoille County                               VT est21all.txt 30NOV2022
50  17     2827     2187     3467  9.8  7.6 12.0      645      442      848 12.4  8.5 16.3      482      325      639 12.1  8.2 16.0  71487  67368  75606                                        Orange County                                 VT est21all.txt 30NOV2022
50  19     3384     2613     4155 12.6  9.7 15.5      879      578     1180 16.7 11.0 22.4      613      383      843 15.5  9.7 21.3  54346  48913  59779                                        Orleans County                                VT est21all.txt 30NOV2022
50  21     6135     4725     7545 10.5  8.1 12.9     1381      917     1845 13.4  8.9 17.9     1012      658     1366 12.9  8.4 17.4  59916  55584  64248                                        Rutland County                                VT est21all.txt 30NOV2022
50  23     5015     3920     6110  8.8  6.9 10.7      984      658     1310  9.3  6.2 12.4      709      462      956  8.8  5.7 11.9  75692  70671  80713                                        Washington County                             VT est21all.txt 30NOV2022
50  25     5065     3964     6166 11.3  8.8 13.8     1100      723     1477 14.1  9.3 18.9      783      499     1067 13.2  8.4 18.0  64381  60013  68749                                        Windham County                                VT est21all.txt 30NOV2022
50  27     5547     4496     6598  9.7  7.9 11.5     1008      673     1343  9.9  6.6 13.2      727      472      982  9.3  6.0 12.6  65086  59915  70257                                        Windsor County                                VT est21all.txt 30NOV2022
51   0   862792   843622   881962 10.3 10.1 10.5   247264   237600   256928 13.3 12.8 13.8   172697   164587   180807 12.6 12.0 13.2  80926  80203  81649   69303   64164   74442 14.4 13.3 15.5 Virginia                                      VA est21all.txt 30NOV2022
51   1     5326     4096     6556 16.2 12.5 19.9     1725     1232     2218 25.7 18.4 33.0     1189      802     1576 23.8 16.1 31.5  50949  45481  56417                                        Accomack County                               VA est21all.txt 30NOV2022
51   3     7465     5780     9150  7.0  5.4  8.6     1821     1285     2357  8.2  5.8 10.6     1296      880     1712  7.9  5.4 10.4  91849  86125  97573                                        Albemarle County                              VA est21all.txt 30NOV2022
51   5     1967     1549     2385 13.3 10.5 16.1      529      370      688 19.7 13.8 25.6      382      256      508 18.6 12.5 24.7  49197  44695  53699                                        Alleghany County                              VA est21all.txt 30NOV2022
51   7     1307     1015     1599  9.9  7.7 12.1      367      258      476 13.8  9.7 17.9      259      174      344 13.2  8.9 17.5  62884  55162  70606                                        Amelia County                                 VA est21all.txt 30NOV2022
51   9     3742     2926     4558 12.4  9.7 15.1     1063      759     1367 17.4 12.4 22.4      737      509      965 16.4 11.3 21.5  57294  51767  62821                                        Amherst County                                VA est21all.txt 30NOV2022
51  11     1873     1439     2307 11.5  8.8 14.2      569      404      734 16.1 11.4 20.8      394      265      523 15.7 10.5 20.9  58860  52402  65318                                        Appomattox County                             VA est21all.txt 30NOV2022
51  13    18150    15509    20791  7.9  6.8  9.0     3999     3025     4973  9.5  7.2 11.8     2714     1984     3444  9.0  6.6 11.4 124474 119849 129099                                        Arlington County                              VA est21all.txt 30NOV2022
51  15     6314     5006     7622  8.5  6.7 10.3     1633     1207     2059 11.4  8.4 14.4     1119      773     1465 10.2  7.1 13.3  69243  63176  75310                                        Augusta County                                VA est21all.txt 30NOV2022
51  17      449      345      553 11.1  8.5 13.7      109       77      141 17.0 12.0 22.0       76       51      101 16.9 11.4 22.4  56200  49189  63211                                        Bath County                                   VA est21all.txt 30NOV2022
51  19     7042     5541     8543  8.8  6.9 10.7     1860     1373     2347 12.0  8.9 15.1     1374     1009     1739 11.6  8.5 14.7  66026  60864  71188                                        Bedford County                                VA est21all.txt 30NOV2022
51  21      796      604      988 14.4 10.9 17.9      155      109      201 17.4 12.2 22.6      107       72      142 16.0 10.7 21.3  50492  44587  56397                                        Bland County                                  VA est21all.txt 30NOV2022
51  23     2335     1859     2811  7.0  5.6  8.4      501      353      649  8.0  5.6 10.4      360      244      476  7.4  5.0  9.8  74081  67909  80253                                        Botetourt County                              VA est21all.txt 30NOV2022
51  25     2955     2287     3623 21.3 16.5 26.1      763      570      956 30.5 22.8 38.2      568      417      719 30.6 22.5 38.7  47401  42725  52077                                        Brunswick County                              VA est21all.txt 30NOV2022
51  27     4502     3498     5506 23.9 18.6 29.2     1102      824     1380 34.2 25.6 42.8      724      504      944 29.8 20.8 38.8  38087  34111  42063                                        Buchanan County                               VA est21all.txt 30NOV2022
51  29     2487     1848     3126 16.8 12.5 21.1      646      449      843 21.7 15.1 28.3      442      286      598 19.8 12.8 26.8  54263  49592  58934                                        Buckingham County                             VA est21all.txt 30NOV2022
51  31     6018     4708     7328 10.9  8.5 13.3     1690     1181     2199 15.5 10.8 20.2     1164      775     1553 14.5  9.7 19.3  53059  50168  55950                                        Campbell County                               VA est21all.txt 30NOV2022
51  33     3357     2665     4049 10.9  8.7 13.1     1079      804     1354 15.5 11.5 19.5      747      538      956 14.5 10.4 18.6  73390  67445  79335                                        Caroline County                               VA est21all.txt 30NOV2022
51  35     4231     3348     5114 14.6 11.5 17.7     1201      904     1498 23.8 17.9 29.7      854      629     1079 22.4 16.5 28.3  45956  42043  49869                                        Carroll County                                VA est21all.txt 30NOV2022
51  36      753      576      930 11.4  8.7 14.1      176      124      228 19.0 13.4 24.6      122       80      164 17.6 11.6 23.6  63299  56247  70351                                        Charles City County                           VA est21all.txt 30NOV2022
51  37     1917     1470     2364 16.9 12.9 20.9      619      428      810 25.8 17.9 33.7      446      295      597 24.7 16.4 33.0  48382  43510  53254                                        Charlotte County                              VA est21all.txt 30NOV2022
51  41    26947    22687    31207  7.4  6.2  8.6     8415     6527    10303  9.7  7.5 11.9     5427     3969     6885  8.3  6.1 10.5  86101  82991  89211                                        Chesterfield County                           VA est21all.txt 30NOV2022
51  43     1059      831     1287  7.2  5.6  8.8      224      162      286  7.9  5.7 10.1      148       99      197  6.6  4.4  8.8  91603  80860 102346                                        Clarke County                                 VA est21all.txt 30NOV2022
51  45      557      432      682 11.5  8.9 14.1      152      108      196 18.5 13.2 23.8      107       71      143 16.7 11.1 22.3  57299  50651  63947                                        Craig County                                  VA est21all.txt 30NOV2022
51  47     4647     3554     5740  8.9  6.8 11.0     1572     1111     2033 12.0  8.5 15.5     1105      742     1468 11.3  7.6 15.0  82220  73727  90713                                        Culpeper County                               VA est21all.txt 30NOV2022
51  49     1432     1089     1775 14.8 11.3 18.3      445      310      580 23.9 16.6 31.2      324      217      431 23.8 15.9 31.7  52200  45767  58633                                        Cumberland County                             VA est21all.txt 30NOV2022
51  51     2929     2262     3596 22.0 17.0 27.0      724      527      921 27.7 20.1 35.3      519      367      671 25.7 18.2 33.2  39722  35131  44313                                        Dickenson County                              VA est21all.txt 30NOV2022
51  53     3268     2637     3899 11.9  9.6 14.2      901      659     1143 16.2 11.8 20.6      638      444      832 14.9 10.4 19.4  66397  59157  73637                                        Dinwiddie County                              VA est21all.txt 30NOV2022
51  57     1211      907     1515 11.5  8.6 14.4      382      265      499 20.5 14.2 26.8      277      184      370 21.2 14.1 28.3  59012  51889  66135                                        Essex County                                  VA est21all.txt 30NOV2022
51  59    79572    71140    88004  7.1  6.4  7.8    23029    19466    26592  8.8  7.4 10.2    17656    15081    20231  9.1  7.8 10.4 133845 131600 136090                                        Fairfax County                                VA est21all.txt 30NOV2022
51  61     4780     3816     5744  6.5  5.2  7.8     1203      879     1527  7.2  5.3  9.1      793      548     1038  6.2  4.3  8.1 106714  98593 114835                                        Fauquier County                               VA est21all.txt 30NOV2022
51  63     1880     1442     2318 12.1  9.3 14.9      490      348      632 16.7 11.9 21.5      335      227      443 15.3 10.4 20.2  54765  48314  61216                                        Floyd County                                  VA est21all.txt 30NOV2022
51  65     2027     1565     2489  7.7  6.0  9.4      491      344      638  9.3  6.5 12.1      339      227      451  8.5  5.7 11.3  77226  69831  84621                                        Fluvanna County                               VA est21all.txt 30NOV2022
51  67     6052     4704     7400 11.2  8.7 13.7     1702     1216     2188 16.8 12.0 21.6     1205      831     1579 15.8 10.9 20.7  60062  55586  64538                                        Franklin County                               VA est21all.txt 30NOV2022
51  69     6980     5589     8371  7.5  6.0  9.0     2080     1538     2622  9.9  7.3 12.5     1493     1073     1913  9.4  6.7 12.1  85262  78429  92095                                        Frederick County                              VA est21all.txt 30NOV2022
51  71     1934     1516     2352 11.8  9.3 14.3      552      392      712 17.3 12.3 22.3      383      261      505 15.7 10.7 20.7  55018  50436  59600                                        Giles County                                  VA est21all.txt 30NOV2022
51  73     3252     2479     4025  8.4  6.4 10.4      939      656     1222 12.2  8.5 15.9      671      451      891 11.6  7.8 15.4  75630  69069  82191                                        Gloucester County                             VA est21all.txt 30NOV2022
51  75     1549     1163     1935  6.3  4.7  7.9      339      237      441  8.1  5.7 10.5      246      164      328  7.7  5.1 10.3 104379  92088 116670                                        Goochland County                              VA est21all.txt 30NOV2022
51  77     2527     1941     3113 17.6 13.5 21.7      592      416      768 24.4 17.1 31.7      423      281      565 23.1 15.4 30.8  42553  37856  47250                                        Grayson County                                VA est21all.txt 30NOV2022
51  79     1630     1252     2008  7.8  6.0  9.6      580      406      754 11.8  8.3 15.3      411      273      549 11.3  7.5 15.1  76941  69503  84379                                        Greene County                                 VA est21all.txt 30NOV2022
51  81     1945     1463     2427 24.4 18.3 30.5      445      311      579 25.4 17.7 33.1      294      190      398 22.5 14.5 30.5  49323  43246  55400                                        Greensville County                            VA est21all.txt 30NOV2022
51  83     5290     4176     6404 16.0 12.6 19.4     1533     1112     1954 22.4 16.2 28.6     1068      736     1400 21.2 14.6 27.8  46244  43174  49314                                        Halifax County                                VA est21all.txt 30NOV2022
51  85     7297     6226     8368  6.7  5.7  7.7     2020     1673     2367  8.5  7.0 10.0     1430     1158     1702  7.7  6.2  9.2  95195  89849 100541                                        Hanover County                                VA est21all.txt 30NOV2022
51  87    23099    18974    27224  7.0  5.8  8.2     7300     5164     9436  9.9  7.0 12.8     4963     3341     6585  9.1  6.1 12.1  78888  75702  82074                                        Henrico County                                VA est21all.txt 30NOV2022
51  89     8421     6846     9996 17.0 13.8 20.2     2340     1732     2948 24.6 18.2 31.0     1499     1008     1990 20.5 13.8 27.2  45784  41010  50558                                        Henry County                                  VA est21all.txt 30NOV2022
51  91      290      220      360 13.1 10.0 16.2       60       42       78 21.6 15.1 28.1       42       28       56 21.1 14.0 28.2  48972  43065  54879                                        Highland County                               VA est21all.txt 30NOV2022
51  93     3205     2518     3892  8.2  6.4 10.0      947      696     1198 11.4  8.4 14.4      670      478      862 10.5  7.5 13.5  86286  79637  92935                                        Isle of Wight County                          VA est21all.txt 30NOV2022
51  95     5538     4409     6667  7.0  5.6  8.4     1592     1190     1994 10.3  7.7 12.9     1135      820     1450  9.6  6.9 12.3  92270  84968  99572                                        James City County                             VA est21all.txt 30NOV2022
51  97      938      750     1126 14.1 11.3 16.9      262      201      323 22.5 17.3 27.7      177      129      225 21.0 15.3 26.7  59730  52452  67008                                        King and Queen County                         VA est21all.txt 30NOV2022
51  99     1776     1375     2177  6.5  5.0  8.0      562      398      726  8.4  5.9 10.9      395      270      520  7.7  5.2 10.2  98668  88512 108824                                        King George County                            VA est21all.txt 30NOV2022
51 101     1280      987     1573  7.1  5.5  8.7      409      289      529 10.0  7.1 12.9      287      195      379  9.4  6.4 12.4  79378  70204  88552                                        King William County                           VA est21all.txt 30NOV2022
51 103     1291      983     1599 12.0  9.1 14.9      393      272      514 23.1 16.0 30.2      287      190      384 22.3 14.8 29.8  58578  52932  64224                                        Lancaster County                              VA est21all.txt 30NOV2022
51 105     5178     4139     6217 25.1 20.1 30.1     1365      998     1732 33.9 24.8 43.0      983      713     1253 32.2 23.4 41.0  38529  34742  42316                                        Lee County                                    VA est21all.txt 30NOV2022
51 107    15315    12529    18101  3.6  2.9  4.3     4291     3150     5432  3.7  2.7  4.7     2842     1925     3759  3.2  2.2  4.2 153716 149197 158235                                        Loudoun County                                VA est21all.txt 30NOV2022
51 109     3873     3053     4693 10.0  7.9 12.1     1072      774     1370 14.1 10.2 18.0      735      502      968 13.1  8.9 17.3  68838  63370  74306                                        Louisa County                                 VA est21all.txt 30NOV2022
51 111     2045     1549     2541 18.7 14.2 23.2      568      399      737 24.7 17.3 32.1      400      270      530 23.1 15.6 30.6  44852  40350  49354                                        Lunenburg County                              VA est21all.txt 30NOV2022
51 113     1294      972     1616  9.4  7.1 11.7      433      304      562 15.8 11.1 20.5      300      201      399 14.5  9.7 19.3  67527  59721  75333                                        Madison County                                VA est21all.txt 30NOV2022
51 115      776      589      963  9.1  6.9 11.3      201      142      260 15.3 10.8 19.8      145       97      193 14.4  9.7 19.1  69978  61844  78112                                        Mathews County                                VA est21all.txt 30NOV2022
51 117     4619     3684     5554 15.7 12.5 18.9     1268      898     1638 22.9 16.2 29.6      920      633     1207 22.8 15.7 29.9  48013  43567  52459                                        Mecklenburg County                            VA est21all.txt 30NOV2022
51 119     1360     1036     1684 13.0  9.9 16.1      351      247      455 21.1 14.8 27.4      250      170      330 20.9 14.2 27.6  62710  55285  70135                                        Middlesex County                              VA est21all.txt 30NOV2022
51 121    20612    18606    22618 23.3 21.0 25.6     2095     1550     2640 14.0 10.4 17.6     1394      984     1804 12.6  8.9 16.3  57752  51893  63611                                        Montgomery County                             VA est21all.txt 30NOV2022
51 125     1828     1450     2206 12.4  9.8 15.0      476      335      617 18.8 13.2 24.4      330      220      440 17.9 11.9 23.9  61224  54065  68383                                        Nelson County                                 VA est21all.txt 30NOV2022
51 127     1150      861     1439  4.9  3.7  6.1      324      227      421  7.2  5.1  9.3      233      156      310  6.9  4.6  9.2 102920  90918 114922                                        New Kent County                               VA est21all.txt 30NOV2022
51 131     2089     1623     2555 17.6 13.7 21.5      659      465      853 29.2 20.6 37.8      463      313      613 27.0 18.2 35.8  51059  45277  56841                                        Northampton County                            VA est21all.txt 30NOV2022
51 133     1579     1210     1948 13.1 10.0 16.2      418      296      540 24.2 17.2 31.2      288      195      381 22.6 15.3 29.9  63255  55576  70934                                        Northumberland County                         VA est21all.txt 30NOV2022
51 135     2800     2118     3482 21.0 15.9 26.1      618      408      828 21.1 13.9 28.3      454      287      621 21.0 13.3 28.7  46442  40977  51907                                        Nottoway County                               VA est21all.txt 30NOV2022
51 137     3257     2501     4013  8.9  6.8 11.0      988      698     1278 12.9  9.1 16.7      705      481      929 12.5  8.5 16.5  94547  89727  99367                                        Orange County                                 VA est21all.txt 30NOV2022
51 139     3154     2524     3784 13.4 10.7 16.1      851      592     1110 18.0 12.5 23.5      603      402      804 17.4 11.6 23.2  53449  47173  59725                                        Page County                                   VA est21all.txt 30NOV2022
51 141     2481     1882     3080 14.3 10.8 17.8      681      476      886 22.5 15.7 29.3      476      319      633 19.9 13.3 26.5  46963  42018  51908                                        Patrick County                                VA est21all.txt 30NOV2022
51 143     7731     6217     9245 13.1 10.5 15.7     1972     1405     2539 18.3 13.1 23.5     1341      896     1786 16.2 10.8 21.6  52006  47090  56922                                        Pittsylvania County                           VA est21all.txt 30NOV2022
51 145     1812     1373     2251  6.0  4.5  7.5      405      286      524  7.3  5.2  9.4      292      199      385  6.9  4.7  9.1  99854  89545 110163                                        Powhatan County                               VA est21all.txt 30NOV2022
51 147     3407     2609     4205 18.7 14.3 23.1      867      605     1129 25.1 17.5 32.7      617      413      821 25.0 16.8 33.2  51239  45219  57259                                        Prince Edward County                          VA est21all.txt 30NOV2022
51 149     4017     3160     4874 10.4  8.2 12.6     1208      889     1527 12.7  9.3 16.1      864      622     1106 11.9  8.6 15.2  79710  71391  88029                                        Prince George County                          VA est21all.txt 30NOV2022
51 153    30613    26020    35206  6.4  5.4  7.4    10715     8239    13191  8.4  6.5 10.3     7551     5665     9437  8.0  6.0 10.0 116354 111580 121128                                        Prince William County                         VA est21all.txt 30NOV2022
51 155     4420     3449     5391 13.5 10.5 16.5     1186      842     1530 20.0 14.2 25.8      814      559     1069 18.6 12.8 24.4  53111  48287  57935                                        Pulaski County                                VA est21all.txt 30NOV2022
51 157      671      507      835  9.1  6.9 11.3      192      135      249 15.9 11.2 20.6      137       92      182 15.0 10.1 19.9  80098  70143  90053                                        Rappahannock County                           VA est21all.txt 30NOV2022
51 159     1250      939     1561 16.9 12.7 21.1      300      211      389 20.1 14.1 26.1      210      140      280 18.9 12.6 25.2  53959  47346  60572                                        Richmond County                               VA est21all.txt 30NOV2022
51 161     7597     6309     8885  8.1  6.7  9.5     1639     1195     2083  8.7  6.3 11.1     1180      834     1526  8.1  5.7 10.5  73438  67149  79727                                        Roanoke County                                VA est21all.txt 30NOV2022
51 163     2254     1673     2835 10.2  7.6 12.8      659      458      860 16.8 11.7 21.9      459      305      613 15.1 10.0 20.2  59252  54154  64350                                        Rockbridge County                             VA est21all.txt 30NOV2022
51 165     6848     5436     8260  8.3  6.6 10.0     1954     1387     2521 10.6  7.5 13.7     1347      914     1780  9.8  6.6 13.0  72392  68244  76540                                        Rockingham County                             VA est21all.txt 30NOV2022
51 167     4649     3661     5637 18.4 14.5 22.3     1154      822     1486 24.0 17.1 30.9      802      544     1060 22.4 15.2 29.6  45254  39950  50558                                        Russell County                                VA est21all.txt 30NOV2022
51 169     4049     3309     4789 19.6 16.0 23.2      906      671     1141 24.0 17.8 30.2      571      387      755 19.3 13.1 25.5  42894  37785  48003                                        Scott County                                  VA est21all.txt 30NOV2022
51 171     4361     3514     5208  9.8  7.9 11.7     1391     1034     1748 14.9 11.1 18.7      981      703     1259 14.4 10.3 18.5  65308  58285  72331                                        Shenandoah County                             VA est21all.txt 30NOV2022
51 173     5042     4161     5923 17.5 14.4 20.6     1288      900     1676 23.2 16.2 30.2      894      594     1194 21.1 14.0 28.2  42303  37986  46620                                        Smyth County                                  VA est21all.txt 30NOV2022
51 175     2316     1736     2896 14.1 10.6 17.6      636      442      830 19.2 13.4 25.0      433      282      584 17.0 11.1 22.9  57965  51792  64138                                        Southampton County                            VA est21all.txt 30NOV2022
51 177    10287     8276    12298  7.2  5.8  8.6     3625     2703     4547 10.5  7.8 13.2     2525     1767     3283  9.6  6.7 12.5 100162  95864 104460                                        Spotsylvania County                           VA est21all.txt 30NOV2022
51 179     8443     6672    10214  5.4  4.3  6.5     2767     1971     3563  6.7  4.8  8.6     1940     1314     2566  6.1  4.1  8.1 116569 111032 122106                                        Stafford County                               VA est21all.txt 30NOV2022
51 181      797      607      987 12.2  9.3 15.1      217      153      281 20.1 14.2 26.0      155      104      206 20.4 13.7 27.1  61358  53707  69009                                        Surry County                                  VA est21all.txt 30NOV2022
51 183     1616     1192     2040 19.5 14.4 24.6      431      296      566 26.9 18.5 35.3      303      198      408 25.2 16.5 33.9  54282  49246  59318                                        Sussex County                                 VA est21all.txt 30NOV2022
51 185     7500     6172     8828 19.6 16.1 23.1     2121     1661     2581 27.8 21.8 33.8     1480     1122     1838 25.7 19.5 31.9  40728  36316  45140                                        Tazewell County                               VA est21all.txt 30NOV2022
51 187     3699     2927     4471  9.2  7.3 11.1     1187      894     1480 13.4 10.1 16.7      816      589     1043 12.8  9.2 16.4  73546  67378  79714                                        Warren County                                 VA est21all.txt 30NOV2022
51 191     6900     5541     8259 13.3 10.7 15.9     1643     1168     2118 17.6 12.5 22.7     1182      799     1565 16.6 11.2 22.0  54223  49370  59076                                        Washington County                             VA est21all.txt 30NOV2022
51 193     2812     2257     3367 15.1 12.1 18.1      836      614     1058 24.2 17.8 30.6      603      434      772 23.9 17.2 30.6  59959  53249  66669                                        Westmoreland County                           VA est21all.txt 30NOV2022
51 195     6330     4958     7702 19.2 15.0 23.4     1754     1213     2295 25.7 17.8 33.6     1189      779     1599 23.2 15.2 31.2  41994  39209  44779                                        Wise County                                   VA est21all.txt 30NOV2022
51 197     4727     3985     5469 16.9 14.2 19.6     1366     1099     1633 25.4 20.4 30.4     1038      831     1245 25.8 20.7 30.9  51206  45972  56440                                        Wythe County                                  VA est21all.txt 30NOV2022
51 199     3559     2761     4357  5.1  4.0  6.2     1001      697     1305  6.1  4.3  7.9      703      470      936  5.5  3.7  7.3  97500  91996 103004                                        York County                                   VA est21all.txt 30NOV2022
51 510    15125    12830    17420  9.9  8.4 11.4     4158     3155     5161 15.1 11.5 18.7     2606     1813     3399 15.0 10.4 19.6 100877  96243 105511                                        Alexandria city                               VA est21all.txt 30NOV2022
51 520     3098     2382     3814 18.4 14.2 22.6     1067      748     1386 31.6 22.2 41.0      758      511     1005 29.6 20.0 39.2  41272  37323  45221                                        Bristol city                                  VA est21all.txt 30NOV2022
51 530      921      715     1127 15.1 11.7 18.5      299      213      385 21.7 15.5 27.9      208      143      273 21.0 14.5 27.5  47144  41294  52994                                        Buena Vista city                              VA est21all.txt 30NOV2022
51 540     9432     8222    10642 21.6 18.8 24.4     1453     1096     1810 20.4 15.4 25.4      915      634     1196 19.5 13.5 25.5  61255  54011  68499                                        Charlottesville city                          VA est21all.txt 30NOV2022
51 550    20347    16919    23775  8.3  6.9  9.7     5896     4294     7498  9.8  7.1 12.5     4143     2880     5406  9.2  6.4 12.0  87057  82372  91742                                        Chesapeake city                               VA est21all.txt 30NOV2022
51 570     1704     1289     2119  9.4  7.1 11.7      706      492      920 16.4 11.4 21.4      511      341      681 16.5 11.0 22.0  59455  52911  65999                                        Colonial Heights city                         VA est21all.txt 30NOV2022
51 580      979      776     1182 17.4 13.8 21.0      375      280      470 29.3 21.9 36.7      251      182      320 27.8 20.1 35.5  43075  38582  47568                                        Covington city                                VA est21all.txt 30NOV2022
51 590     9832     8001    11663 24.2 19.7 28.7     3480     2607     4353 37.8 28.3 47.3     2547     1852     3242 37.3 27.1 47.5  37652  34089  41215                                        Danville city                                 VA est21all.txt 30NOV2022
51 595     1143      875     1411 21.1 16.2 26.0      476      336      616 33.8 23.8 43.8      336      226      446 32.8 22.1 43.5  41610  36528  46692                                        Emporia city                                  VA est21all.txt 30NOV2022
51 600     1747     1363     2131  7.3  5.7  8.9      437      305      569  7.7  5.4 10.0      307      205      409  8.4  5.6 11.2 107334  97034 117634                                        Fairfax city                                  VA est21all.txt 30NOV2022
51 610      581      441      721  4.0  3.0  5.0      125       87      163  3.6  2.5  4.7       79       52      106  2.9  1.9  3.9 142430 126868 157992                                        Falls Church city                             VA est21all.txt 30NOV2022
51 620     1584     1212     1956 19.6 15.0 24.2      721      508      934 33.4 23.5 43.3      505      340      670 33.7 22.7 44.7  46460  40844  52076                                        Franklin city                                 VA est21all.txt 30NOV2022
51 630     3696     2870     4522 14.2 11.0 17.4     1208      850     1566 20.8 14.6 27.0      847      572     1122 20.9 14.1 27.7  77437  75422  79452                                        Fredericksburg city                           VA est21all.txt 30NOV2022
51 640     1334     1034     1634 21.0 16.3 25.7      596      434      758 36.7 26.7 46.7      426      304      548 35.6 25.4 45.8  42023  36936  47110                                        Galax city                                    VA est21all.txt 30NOV2022
51 650    16442    13278    19606 12.4 10.0 14.8     5618     4213     7023 19.3 14.5 24.1     3834     2736     4932 18.4 13.1 23.7  57662  53752  61572                                        Hampton city                                  VA est21all.txt 30NOV2022
51 660    11006     9571    12441 25.0 21.7 28.3     1540     1136     1944 18.3 13.5 23.1     1010      713     1307 17.5 12.4 22.6  50250  44850  55650                                        Harrisonburg city                             VA est21all.txt 30NOV2022
51 670     4737     3891     5583 20.8 17.1 24.5     1828     1333     2323 30.8 22.5 39.1     1253      888     1618 29.1 20.6 37.6  47263  41552  52974                                        Hopewell city                                 VA est21all.txt 30NOV2022
51 678      988      743     1233 21.0 15.8 26.2      122       85      159 13.1  9.2 17.0       75       50      100 12.1  8.0 16.2  53400  46589  60211                                        Lexington city                                VA est21all.txt 30NOV2022
51 680    12216    10047    14385 17.8 14.6 21.0     3169     2272     4066 21.6 15.5 27.7     2269     1587     2951 22.4 15.7 29.1  52127  46985  57269                                        Lynchburg city                                VA est21all.txt 30NOV2022
51 683     3660     2777     4543  8.6  6.5 10.7     1662     1173     2151 15.2 10.7 19.7     1138      761     1515 14.9  9.9 19.9 100530  94332 106728                                        Manassas city                                 VA est21all.txt 30NOV2022
51 685     1242      943     1541  7.3  5.5  9.1      524      369      679 13.3  9.4 17.2      359      241      477 11.9  8.0 15.8  87255  77294  97216                                        Manassas Park city                            VA est21all.txt 30NOV2022
51 690     2622     1997     3247 19.9 15.2 24.6     1125      771     1479 32.2 22.0 42.4      770      504     1036 30.1 19.7 40.5  38571  34388  42754                                        Martinsville city                             VA est21all.txt 30NOV2022
51 700    27809    23692    31926 15.8 13.5 18.1     9708     7703    11713 23.0 18.3 27.7     6846     5359     8333 23.2 18.2 28.2  58303  55083  61523                                        Newport News city                             VA est21all.txt 30NOV2022
51 710    34150    28465    39835 16.9 14.1 19.7    10358     7936    12780 23.1 17.7 28.5     6625     4874     8376 21.9 16.1 27.7  56951  54335  59567                                        Norfolk city                                  VA est21all.txt 30NOV2022
51 720      738      567      909 20.4 15.7 25.1      256      181      331 31.9 22.6 41.2      175      117      233 30.1 20.2 40.0  38316  33699  42933                                        Norton city                                   VA est21all.txt 30NOV2022
51 730     7518     6064     8972 22.8 18.4 27.2     2628     1873     3383 35.6 25.4 45.8     1750     1171     2329 35.9 24.0 47.8  40682  36443  44921                                        Petersburg city                               VA est21all.txt 30NOV2022
51 735      677      516      838  5.4  4.1  6.7      170      119      221  5.9  4.1  7.7      117       78      156  5.1  3.4  6.8 105525  95763 115287                                        Poquoson city                                 VA est21all.txt 30NOV2022
51 740    16721    13735    19707 17.6 14.5 20.7     5732     4193     7271 25.8 18.9 32.7     3942     2813     5071 25.8 18.4 33.2  53618  49715  57521                                        Portsmouth city                               VA est21all.txt 30NOV2022
51 750     3456     2747     4165 25.6 20.3 30.9      363      262      464 17.9 12.9 22.9      239      162      316 16.2 11.0 21.4  48898  44481  53315                                        Radford city                                  VA est21all.txt 30NOV2022
51 760    45409    40136    50682 21.1 18.7 23.5    12220    10021    14419 32.0 26.2 37.8     8810     7237    10383 34.8 28.6 41.0  52011  48627  55395                                        Richmond city                                 VA est21all.txt 30NOV2022
51 770    17429    14545    20313 17.9 14.9 20.9     5983     4422     7544 27.4 20.3 34.5     4079     2916     5242 26.4 18.9 33.9  47545  43736  51354                                        Roanoke city                                  VA est21all.txt 30NOV2022
51 775     2469     1976     2962 10.5  8.4 12.6      644      475      813 13.6 10.0 17.2      449      315      583 12.6  8.8 16.4  60740  53712  67768                                        Salem city                                    VA est21all.txt 30NOV2022
51 790     2979     2329     3629 12.0  9.4 14.6      841      580     1102 17.5 12.1 22.9      589      389      789 17.9 11.8 24.0  54508  48531  60485                                        Staunton city                                 VA est21all.txt 30NOV2022
51 800    10069     8207    11931 10.6  8.6 12.6     3077     2192     3962 13.7  9.8 17.6     2095     1379     2811 12.7  8.4 17.0  78090  73032  83148                                        Suffolk city                                  VA est21all.txt 30NOV2022
51 810    41912    36593    47231  9.4  8.2 10.6    11805     9518    14092 11.9  9.6 14.2     8342     6552    10132 11.5  9.0 14.0  81364  79364  83364                                        Virginia Beach city                           VA est21all.txt 30NOV2022
51 820     2748     2134     3362 12.3  9.6 15.0      989      701     1277 19.2 13.6 24.8      692      473      911 18.7 12.8 24.6  54106  48495  59717                                        Waynesboro city                               VA est21all.txt 30NOV2022
51 830     2170     1691     2649 19.3 15.0 23.6      387      273      501 21.9 15.5 28.3      257      173      341 20.4 13.7 27.1  61750  55038  68462                                        Williamsburg city                             VA est21all.txt 30NOV2022
51 840     3388     2578     4198 12.5  9.5 15.5     1158      804     1512 18.9 13.1 24.7      774      510     1038 17.5 11.5 23.5  55908  51403  60413                                        Winchester city                               VA est21all.txt 30NOV2022
53   0   755589   738622   772556  9.9  9.7 10.1   197271   188204   206338 12.0 11.4 12.6   136772   128977   144567 11.2 10.6 11.8  84155  83322  84988   53637   48940   58334 12.7 11.6 13.8 Washington                                    WA est21all.txt 30NOV2022
53   1     3268     2691     3845 16.0 13.2 18.8     1537     1202     1872 21.1 16.5 25.7     1015      759     1271 18.6 13.9 23.3  57405  52668  62142                                        Adams County                                  WA est21all.txt 30NOV2022
53   3     3080     2386     3774 13.9 10.8 17.0      940      698     1182 21.2 15.7 26.7      641      461      821 19.4 13.9 24.9  56438  50813  62063                                        Asotin County                                 WA est21all.txt 30NOV2022
53   5    22043    18652    25434 10.6  9.0 12.2     7299     5733     8865 13.4 10.5 16.3     4822     3609     6035 11.7  8.7 14.7  77339  73665  81013                                        Benton County                                 WA est21all.txt 30NOV2022
53   7     8478     6741    10215 10.8  8.6 13.0     2458     1791     3125 13.7 10.0 17.4     1795     1288     2302 13.3  9.6 17.0  64700  57816  71584                                        Chelan County                                 WA est21all.txt 30NOV2022
53   9     9204     7563    10845 12.0  9.9 14.1     2342     1744     2940 18.5 13.8 23.2     1575     1122     2028 16.6 11.8 21.4  62623  58386  66860                                        Clallam County                                WA est21all.txt 30NOV2022
53  11    45938    40570    51306  9.0  7.9 10.1    12978    10642    15314 11.2  9.2 13.2     8378     6642    10114  9.6  7.6 11.6  83790  81832  85748                                        Clark County                                  WA est21all.txt 30NOV2022
53  13      529      405      653 13.2 10.1 16.3      144      101      187 20.4 14.3 26.5      102       69      135 18.8 12.7 24.9  59650  52357  66943                                        Columbia County                               WA est21all.txt 30NOV2022
53  15    13865    11500    16230 12.6 10.5 14.7     3902     2886     4918 15.9 11.8 20.0     2650     1861     3439 14.6 10.3 18.9  70104  66393  73815                                        Cowlitz County                                WA est21all.txt 30NOV2022
53  17     4331     3300     5362 10.0  7.6 12.4     1523     1055     1991 14.1  9.8 18.4     1066      710     1422 13.0  8.7 17.3  64932  59645  70219                                        Douglas County                                WA est21all.txt 30NOV2022
53  19     1266      970     1562 17.5 13.4 21.6      352      249      455 30.5 21.6 39.4      232      155      309 27.3 18.3 36.3  50565  44456  56674                                        Ferry County                                  WA est21all.txt 30NOV2022
53  21    11196     8792    13600 11.8  9.3 14.3     4491     3298     5684 14.7 10.8 18.6     3111     2214     4008 13.6  9.7 17.5  79532  75506  83558                                        Franklin County                               WA est21all.txt 30NOV2022
53  23      305      231      379 13.2 10.0 16.4       88       62      114 18.1 12.8 23.4       60       41       79 16.2 11.0 21.4  61268  53619  68917                                        Garfield County                               WA est21all.txt 30NOV2022
53  25    11623     9251    13995 11.7  9.3 14.1     4165     2958     5372 14.6 10.4 18.8     2771     1833     3709 13.0  8.6 17.4  61815  57675  65955                                        Grant County                                  WA est21all.txt 30NOV2022
53  27    10157     8033    12281 13.7 10.8 16.6     3149     2266     4032 20.8 15.0 26.6     2205     1509     2901 19.5 13.4 25.6  55018  50003  60033                                        Grays Harbor County                           WA est21all.txt 30NOV2022
53  29     6905     5632     8178  8.1  6.6  9.6     1513     1095     1931  9.9  7.2 12.6     1026      708     1344  9.5  6.6 12.4  76729  72451  81007                                        Island County                                 WA est21all.txt 30NOV2022
53  31     3699     2890     4508 11.2  8.8 13.6      781      564      998 20.2 14.6 25.8      554      388      720 19.1 13.4 24.8  61548  55421  67675                                        Jefferson County                              WA est21all.txt 30NOV2022
53  33   205784   193867   217701  9.3  8.8  9.8    45678    41092    50264 10.4  9.4 11.4    32100    28576    35624 10.0  8.9 11.1 110351 108640 112062                                        King County                                   WA est21all.txt 30NOV2022
53  35    23100    19814    26386  8.7  7.5  9.9     5250     4065     6435  9.8  7.6 12.0     3605     2688     4522  9.2  6.9 11.5  86826  83560  90092                                        Kitsap County                                 WA est21all.txt 30NOV2022
53  37     6195     5196     7194 14.4 12.1 16.7      989      734     1244 13.2  9.8 16.6      664      466      862 11.9  8.4 15.4  62721  57909  67533                                        Kittitas County                               WA est21all.txt 30NOV2022
53  39     2978     2288     3668 13.0 10.0 16.0      826      599     1053 19.6 14.2 25.0      596      419      773 19.0 13.4 24.6  61542  54367  68717                                        Klickitat County                              WA est21all.txt 30NOV2022
53  41    11288     9587    12989 13.5 11.5 15.5     2973     2264     3682 16.6 12.6 20.6     2035     1478     2592 15.5 11.3 19.7  63828  59300  68356                                        Lewis County                                  WA est21all.txt 30NOV2022
53  43     1260      969     1551 11.3  8.7 13.9      368      265      471 15.2 10.9 19.5      259      180      338 14.0  9.7 18.3  64692  58472  70912                                        Lincoln County                                WA est21all.txt 30NOV2022
53  45     8214     6592     9836 12.6 10.1 15.1     2458     1791     3125 19.2 14.0 24.4     1706     1203     2209 18.3 12.9 23.7  73696  68514  78878                                        Mason County                                  WA est21all.txt 30NOV2022
53  47     6748     5468     8028 16.0 13.0 19.0     2003     1448     2558 20.9 15.1 26.7     1458     1037     1879 20.4 14.5 26.3  55233  50513  59953                                        Okanogan County                               WA est21all.txt 30NOV2022
53  49     3171     2452     3890 13.4 10.4 16.4      710      497      923 20.2 14.1 26.3      507      340      674 18.9 12.7 25.1  58715  54754  62676                                        Pacific County                                WA est21all.txt 30NOV2022
53  51     2188     1708     2668 15.9 12.4 19.4      668      473      863 24.9 17.6 32.2      464      314      614 23.2 15.7 30.7  55060  48677  61443                                        Pend Oreille County                           WA est21all.txt 30NOV2022
53  53    74284    65628    82940  8.2  7.2  9.2    21013    17158    24868 10.0  8.2 11.8    14554    11536    17572  9.4  7.5 11.3  85492  83426  87558                                        Pierce County                                 WA est21all.txt 30NOV2022
53  55     1997     1672     2322 10.8  9.0 12.6      375      291      459 16.5 12.8 20.2      265      198      332 15.0 11.2 18.8  71678  65696  77660                                        San Juan County                               WA est21all.txt 30NOV2022
53  57    15073    12758    17388 11.6  9.8 13.4     4010     3133     4887 14.8 11.6 18.0     2698     2029     3367 13.4 10.1 16.7  72831  67619  78043                                        Skagit County                                 WA est21all.txt 30NOV2022
53  59     1324     1026     1622 10.9  8.4 13.4      293      205      381 14.2 10.0 18.4      199      132      266 12.2  8.1 16.3  75158  68108  82208                                        Skamania County                               WA est21all.txt 30NOV2022
53  61    59505    51976    67034  7.2  6.3  8.1    14473    11417    17529  7.9  6.2  9.6    10222     7839    12605  7.7  5.9  9.5  99650  97151 102149                                        Snohomish County                              WA est21all.txt 30NOV2022
53  63    59848    53069    66627 11.2  9.9 12.5    14212    11079    17345 12.2  9.5 14.9    10202     7685    12719 11.8  8.9 14.7  65571  63518  67624                                        Spokane County                                WA est21all.txt 30NOV2022
53  65     6392     5064     7720 13.6 10.8 16.4     1983     1430     2536 20.1 14.5 25.7     1431     1006     1856 18.6 13.1 24.1  60180  54684  65676                                        Stevens County                                WA est21all.txt 30NOV2022
53  67    29197    25235    33159  9.9  8.6 11.2     7266     5772     8760 11.7  9.3 14.1     5104     3981     6227 11.1  8.7 13.5  81544  78603  84485                                        Thurston County                               WA est21all.txt 30NOV2022
53  69      535      419      651 11.7  9.2 14.2      156      110      202 21.6 15.3 27.9      112       76      148 19.8 13.4 26.2  64777  56684  72870                                        Wahkiakum County                              WA est21all.txt 30NOV2022
53  71     7043     5280     8806 12.1  9.1 15.1     1900     1347     2453 14.8 10.5 19.1     1273      859     1687 13.1  8.8 17.4  63631  57669  69593                                        Walla Walla County                            WA est21all.txt 30NOV2022
53  73    29011    25467    32555 13.0 11.4 14.6     6492     5343     7641 15.3 12.6 18.0     4532     3641     5423 14.2 11.4 17.0  71739  67140  76338                                        Whatcom County                                WA est21all.txt 30NOV2022
53  75     7490     6205     8775 18.1 15.0 21.2      904      628     1180 12.6  8.8 16.4      617      414      820 11.5  7.7 15.3  53140  47091  59189                                        Whitman County                                WA est21all.txt 30NOV2022
53  77    37078    31119    43037 14.7 12.3 17.1    14608    11746    17470 19.7 15.8 23.6    10166     8008    12324 18.3 14.4 22.2  60058  56688  63428                                        Yakima County                                 WA est21all.txt 30NOV2022
54   0   291051   282054   300048 16.8 16.3 17.3    74847    71804    77890 21.4 20.5 22.3    52556    50045    55067 20.0 19.0 21.0  51122  50059  52185   21090   19436   22744 24.7 22.8 26.6 West Virginia                                 WV est21all.txt 30NOV2022
54   1     2896     2262     3530 19.7 15.4 24.0      837      618     1056 27.5 20.3 34.7      565      388      742 25.0 17.2 32.8  43545  39467  47623                                        Barbour County                                WV est21all.txt 30NOV2022
54   3    12365     9917    14813  9.9  7.9 11.9     3578     2496     4660 12.7  8.9 16.5     2553     1717     3389 12.3  8.3 16.3  70893  64243  77543                                        Berkeley County                               WV est21all.txt 30NOV2022
54   5     5219     4362     6076 24.7 20.6 28.8     1208      885     1531 28.2 20.7 35.7      856      608     1104 25.9 18.4 33.4  41227  36546  45908                                        Boone County                                  WV est21all.txt 30NOV2022
54   7     2544     1980     3108 21.3 16.6 26.0      653      468      838 29.0 20.8 37.2      461      314      608 26.1 17.8 34.4  41587  36765  46409                                        Braxton County                                WV est21all.txt 30NOV2022
54   9     2776     2118     3434 13.0  9.9 16.1      710      499      921 18.8 13.2 24.4      502      339      665 17.5 11.8 23.2  52217  46129  58305                                        Brooke County                                 WV est21all.txt 30NOV2022
54  11    17022    14284    19760 19.0 15.9 22.1     4308     3282     5334 23.9 18.2 29.6     3007     2174     3840 22.7 16.4 29.0  46923  43394  50452                                        Cabell County                                 WV est21all.txt 30NOV2022
54  13     1459     1141     1777 23.8 18.6 29.0      357      261      453 32.0 23.4 40.6      270      196      344 31.7 23.0 40.4  38835  34119  43551                                        Calhoun County                                WV est21all.txt 30NOV2022
54  15     1745     1302     2188 22.3 16.6 28.0      525      357      693 31.0 21.1 40.9      380      249      511 28.9 18.9 38.9  38261  33716  42806                                        Clay County                                   WV est21all.txt 30NOV2022
54  17     1222      916     1528 18.1 13.6 22.6      238      163      313 23.4 16.0 30.8      169      110      228 22.0 14.4 29.6  48473  43006  53940                                        Doddridge County                              WV est21all.txt 30NOV2022
54  19     7599     6214     8984 19.9 16.3 23.5     1898     1284     2512 23.6 16.0 31.2     1373      887     1859 22.3 14.4 30.2  40478  36246  44710                                        Fayette County                                WV est21all.txt 30NOV2022
54  21     1455     1106     1804 25.3 19.2 31.4      259      179      339 23.8 16.5 31.1      185      123      247 22.8 15.1 30.5  40450  35680  45220                                        Gilmer County                                 WV est21all.txt 30NOV2022
54  23     1646     1269     2023 15.2 11.7 18.7      459      318      600 21.9 15.2 28.6      327      216      438 21.3 14.1 28.5  47357  41562  53152                                        Grant County                                  WV est21all.txt 30NOV2022
54  25     6037     4987     7087 18.9 15.6 22.2     1510     1129     1891 24.5 18.3 30.7      940      633     1247 20.4 13.7 27.1  41958  38138  45778                                        Greenbrier County                             WV est21all.txt 30NOV2022
54  27     3633     2841     4425 15.9 12.4 19.4     1007      740     1274 25.2 18.5 31.9      775      570      980 26.1 19.2 33.0  52186  48361  56011                                        Hampshire County                              WV est21all.txt 30NOV2022
54  29     4223     3448     4998 14.9 12.2 17.6     1053      758     1348 20.1 14.5 25.7      717      489      945 17.7 12.1 23.3  52301  46478  58124                                        Hancock County                                WV est21all.txt 30NOV2022
54  31     2457     2054     2860 17.5 14.6 20.4      601      449      753 22.0 16.5 27.5      406      284      528 20.3 14.2 26.4  51591  45422  57760                                        Hardy County                                  WV est21all.txt 30NOV2022
54  33     9405     7747    11063 14.6 12.0 17.2     2764     2106     3422 20.2 15.4 25.0     1722     1208     2236 16.7 11.7 21.7  52026  48638  55414                                        Harrison County                               WV est21all.txt 30NOV2022
54  35     4222     3244     5200 15.4 11.8 19.0     1259      899     1619 21.6 15.4 27.8      886      605     1167 20.2 13.8 26.6  58606  54633  62579                                        Jackson County                                WV est21all.txt 30NOV2022
54  37     5575     4580     6570  9.7  8.0 11.4     1333      966     1700 10.9  7.9 13.9      960      677     1243 10.2  7.2 13.2  85277  79171  91383                                        Jefferson County                              WV est21all.txt 30NOV2022
54  39    27810    24103    31517 15.9 13.8 18.0     7117     5594     8640 20.6 16.2 25.0     5043     3798     6288 19.3 14.5 24.1  55069  51933  58205                                        Kanawha County                                WV est21all.txt 30NOV2022
54  41     2975     2363     3587 17.9 14.2 21.6      848      602     1094 24.2 17.2 31.2      597      408      786 22.6 15.4 29.8  47275  41736  52814                                        Lewis County                                  WV est21all.txt 30NOV2022
54  43     4065     3123     5007 20.3 15.6 25.0     1168      801     1535 26.7 18.3 35.1      794      520     1068 24.1 15.8 32.4  41452  37364  45540                                        Lincoln County                                WV est21all.txt 30NOV2022
54  45     7325     5813     8837 23.5 18.6 28.4     1952     1418     2486 30.2 21.9 38.5     1368      960     1776 28.3 19.9 36.7  40394  36498  44290                                        Logan County                                  WV est21all.txt 30NOV2022
54  47     5768     4377     7159 31.7 24.1 39.3     1474     1012     1936 40.2 27.6 52.8     1045      697     1393 36.9 24.6 49.2  28720  25581  31859                                        McDowell County                               WV est21all.txt 30NOV2022
54  49     8257     6641     9873 15.1 12.1 18.1     2111     1559     2663 19.3 14.2 24.4     1429      992     1866 17.7 12.3 23.1  51252  48456  54048                                        Marion County                                 WV est21all.txt 30NOV2022
54  51     4826     3855     5797 16.4 13.1 19.7     1252      920     1584 22.4 16.5 28.3      924      671     1177 21.6 15.7 27.5  51385  46260  56510                                        Marshall County                               WV est21all.txt 30NOV2022
54  53     4554     3604     5504 18.6 14.7 22.5     1257      914     1600 24.7 17.9 31.5      892      618     1166 22.9 15.9 29.9  44360  39469  49251                                        Mason County                                  WV est21all.txt 30NOV2022
54  55    10503     8384    12622 18.1 14.4 21.8     3167     2320     4014 26.0 19.0 33.0     2265     1556     2974 24.9 17.1 32.7  45679  42087  49271                                        Mercer County                                 WV est21all.txt 30NOV2022
54  57     3534     2715     4353 13.5 10.4 16.6     1028      717     1339 19.8 13.8 25.8      745      501      989 19.1 12.8 25.4  54960  48749  61171                                        Mineral County                                WV est21all.txt 30NOV2022
54  59     7115     5927     8303 31.1 25.9 36.3     1797     1315     2279 35.8 26.2 45.4     1258      901     1615 33.7 24.1 43.3  33416  29274  37558                                        Mingo County                                  WV est21all.txt 30NOV2022
54  61    18293    16210    20376 18.3 16.2 20.4     2645     2053     3237 15.4 12.0 18.8     1762     1312     2212 14.2 10.6 17.8  56706  52269  61143                                        Monongalia County                             WV est21all.txt 30NOV2022
54  63     1872     1422     2322 15.3 11.6 19.0      520      362      678 21.7 15.1 28.3      355      232      478 19.3 12.6 26.0  47344  41779  52909                                        Monroe County                                 WV est21all.txt 30NOV2022
54  65     2184     1722     2646 12.8 10.1 15.5      527      381      673 18.0 13.0 23.0      368      255      481 16.1 11.1 21.1  58460  52050  64870                                        Morgan County                                 WV est21all.txt 30NOV2022
54  67     4776     3760     5792 19.8 15.6 24.0     1213      855     1571 25.1 17.7 32.5      864      577     1151 23.0 15.4 30.6  47186  43255  51117                                        Nicholas County                               WV est21all.txt 30NOV2022
54  69     5793     4593     6993 14.7 11.7 17.7     1493     1043     1943 18.9 13.2 24.6     1029      685     1373 17.3 11.5 23.1  53560  47679  59441                                        Ohio County                                   WV est21all.txt 30NOV2022
54  71      969      779     1159 16.0 12.9 19.1      254      189      319 22.6 16.9 28.3      179      130      228 21.7 15.8 27.6  48035  42120  53950                                        Pendleton County                              WV est21all.txt 30NOV2022
54  73      986      742     1230 14.3 10.7 17.9      257      176      338 18.1 12.4 23.8      175      115      235 16.7 11.0 22.4  53712  47611  59813                                        Pleasants County                              WV est21all.txt 30NOV2022
54  75     1227      917     1537 16.2 12.1 20.3      358      248      468 26.8 18.6 35.0      256      171      341 25.9 17.2 34.6  40260  35863  44657                                        Pocahontas County                             WV est21all.txt 30NOV2022
54  77     4618     3528     5708 14.3 10.9 17.7     1245      868     1622 19.5 13.6 25.4      873      584     1162 18.5 12.4 24.6  57174  53009  61339                                        Preston County                                WV est21all.txt 30NOV2022
54  79     5725     4524     6926 10.1  8.0 12.2     1508     1075     1941 12.3  8.8 15.8     1075      738     1412 11.1  7.6 14.6  66946  59929  73963                                        Putnam County                                 WV est21all.txt 30NOV2022
54  81    15381    13013    17749 22.0 18.6 25.4     3924     3020     4828 25.8 19.9 31.7     2732     2019     3445 23.9 17.7 30.1  42525  38306  46744                                        Raleigh County                                WV est21all.txt 30NOV2022
54  83     4491     3526     5456 17.6 13.8 21.4     1193      834     1552 23.8 16.6 31.0      858      577     1139 23.3 15.7 30.9  44451  39642  49260                                        Randolph County                               WV est21all.txt 30NOV2022
54  85     1589     1263     1915 19.2 15.3 23.1      416      298      534 25.6 18.4 32.8      308      216      400 25.7 18.0 33.4  47873  42156  53590                                        Ritchie County                                WV est21all.txt 30NOV2022
54  87     2510     1854     3166 18.2 13.4 23.0      731      494      968 26.3 17.8 34.8      500      320      680 23.3 14.9 31.7  41202  36269  46135                                        Roane County                                  WV est21all.txt 30NOV2022
54  89     2740     2173     3307 24.8 19.7 29.9      559      384      734 29.9 20.5 39.3      399      262      536 29.0 19.1 38.9  40704  36410  44998                                        Summers County                                WV est21all.txt 30NOV2022
54  91     2552     1993     3111 16.0 12.5 19.5      607      425      789 19.3 13.5 25.1      430      286      574 17.3 11.5 23.1  51580  45289  57871                                        Taylor County                                 WV est21all.txt 30NOV2022
54  93      954      728     1180 14.7 11.2 18.2      179      122      236 20.6 14.1 27.1      126       81      171 19.7 12.6 26.8  49097  43052  55142                                        Tucker County                                 WV est21all.txt 30NOV2022
54  95     1128      853     1403 14.0 10.6 17.4      344      239      449 21.9 15.2 28.6      247      164      330 20.4 13.6 27.2  51594  45252  57936                                        Tyler County                                  WV est21all.txt 30NOV2022
54  97     4183     3306     5060 18.6 14.7 22.5     1196      845     1547 25.2 17.8 32.6      851      581     1121 23.4 16.0 30.8  49704  45684  53724                                        Upshur County                                 WV est21all.txt 30NOV2022
54  99     6189     4707     7671 16.2 12.3 20.1     1747     1218     2276 23.1 16.1 30.1     1303      888     1718 22.6 15.4 29.8  49227  45088  53366                                        Wayne County                                  WV est21all.txt 30NOV2022
54 101     2060     1564     2556 25.2 19.1 31.3      568      393      743 36.3 25.1 47.5      409      272      546 34.1 22.7 45.5  36919  33411  40427                                        Webster County                                WV est21all.txt 30NOV2022
54 103     2304     1724     2884 16.4 12.3 20.5      712      488      936 24.7 16.9 32.5      525      350      700 24.7 16.5 32.9  50110  44686  55534                                        Wetzel County                                 WV est21all.txt 30NOV2022
54 105      893      670     1116 17.7 13.3 22.1      297      206      388 28.1 19.4 36.8      213      142      284 26.5 17.6 35.4  50160  44073  56247                                        Wirt County                                   WV est21all.txt 30NOV2022
54 107    12172     9952    14392 14.7 12.0 17.4     3447     2504     4390 20.1 14.6 25.6     2440     1700     3180 19.0 13.2 24.8  53435  48992  57878                                        Wood County                                   WV est21all.txt 30NOV2022
54 109     5232     4180     6284 25.0 20.0 30.0     1182      808     1556 28.4 19.4 37.4      865      572     1158 26.9 17.8 36.0  37522  32877  42167                                        Wyoming County                                WV est21all.txt 30NOV2022
55   0   622948   610655   635241 10.8 10.6 11.0   169816   163145   176487 13.6 13.1 14.1   120713   114750   126676 12.9 12.3 13.5  67150  66549  67751   44523   41734   47312 14.3 13.4 15.2 Wisconsin                                     WI est21all.txt 30NOV2022
55   1     2995     2526     3464 15.2 12.8 17.6      627      466      788 22.3 16.6 28.0      436      309      563 20.2 14.3 26.1  53592  48942  58242                                        Adams County                                  WI est21all.txt 30NOV2022
55   3     2266     1801     2731 14.6 11.6 17.6      718      535      901 21.1 15.7 26.5      521      381      661 20.7 15.1 26.3  54799  50657  58941                                        Ashland County                                WI est21all.txt 30NOV2022
55   5     4219     3297     5141  9.2  7.2 11.2     1270      889     1651 12.9  9.0 16.8      897      608     1186 12.2  8.3 16.1  60371  55329  65413                                        Barron County                                 WI est21all.txt 30NOV2022
55   7     1876     1496     2256 11.6  9.2 14.0      499      358      640 18.5 13.3 23.7      323      215      431 16.1 10.7 21.5  63136  58626  67646                                        Bayfield County                               WI est21all.txt 30NOV2022
55   9    24355    20824    27886  9.3  8.0 10.6     6598     5013     8183 10.7  8.1 13.3     4521     3325     5717  9.8  7.2 12.4  67232  63798  70666                                        Brown County                                  WI est21all.txt 30NOV2022
55  11     1177      942     1412  8.9  7.1 10.7      281      196      366 10.6  7.4 13.8      200      134      266 10.0  6.7 13.3  61382  56392  66372                                        Buffalo County                                WI est21all.txt 30NOV2022
55  13     2018     1664     2372 12.2 10.1 14.3      467      329      605 17.7 12.5 22.9      338      228      448 16.7 11.3 22.1  56874  53076  60672                                        Burnett County                                WI est21all.txt 30NOV2022
55  15     2763     2217     3309  5.3  4.3  6.3      768      569      967  6.5  4.8  8.2      540      387      693  5.9  4.2  7.6  78666  74936  82396                                        Calumet County                                WI est21all.txt 30NOV2022
55  17     6376     5313     7439  9.9  8.2 11.6     1870     1403     2337 13.2  9.9 16.5     1310      945     1675 12.3  8.9 15.7  62306  57900  66712                                        Chippewa County                               WI est21all.txt 30NOV2022
55  19     4257     3613     4901 12.4 10.5 14.3     1830     1402     2258 18.0 13.8 22.2     1249      915     1583 16.9 12.4 21.4  59258  54811  63705                                        Clark County                                  WI est21all.txt 30NOV2022
55  21     4415     3609     5221  7.7  6.3  9.1     1274      966     1582 10.6  8.0 13.2      878      637     1119  9.8  7.1 12.5  74842  70655  79029                                        Columbia County                               WI est21all.txt 30NOV2022
55  23     1831     1442     2220 11.9  9.4 14.4      544      388      700 17.5 12.5 22.5      395      271      519 17.0 11.7 22.3  57130  52326  61934                                        Crawford County                               WI est21all.txt 30NOV2022
55  25    62409    57803    67015 11.3 10.5 12.1    11183     9289    13077 10.1  8.4 11.8     8091     6624     9558  9.8  8.0 11.6  77653  75130  80176                                        Dane County                                   WI est21all.txt 30NOV2022
55  27     7043     5620     8466  8.5  6.8 10.2     1702     1234     2170 10.0  7.2 12.8     1206      852     1560  9.4  6.6 12.2  67743  62209  73277                                        Dodge County                                  WI est21all.txt 30NOV2022
55  29     2604     2112     3096  8.7  7.1 10.3      578      412      744 12.0  8.5 15.5      406      278      534 11.1  7.6 14.6  64818  60269  69367                                        Door County                                   WI est21all.txt 30NOV2022
55  31     6193     5385     7001 14.4 12.5 16.3     1533     1243     1823 18.3 14.8 21.8     1168      949     1387 18.5 15.0 22.0  58412  53989  62835                                        Douglas County                                WI est21all.txt 30NOV2022
55  33     5177     4252     6102 12.2 10.0 14.4     1097      786     1408 12.8  9.2 16.4      740      509      971 11.5  7.9 15.1  64065  60695  67435                                        Dunn County                                   WI est21all.txt 30NOV2022
55  35    12739    10943    14535 12.5 10.7 14.3     2415     1790     3040 11.5  8.5 14.5     1727     1252     2202 11.2  8.1 14.3  63073  59514  66632                                        Eau Claire County                             WI est21all.txt 30NOV2022
55  37      478      359      597 10.5  7.9 13.1      106       75      137 16.5 11.7 21.3       75       51       99 14.8 10.1 19.5  62243  56667  67819                                        Florence County                               WI est21all.txt 30NOV2022
55  39     8168     6632     9704  8.1  6.6  9.6     2348     1756     2940 10.9  8.2 13.6     1707     1234     2180 10.5  7.6 13.4  69428  65917  72939                                        Fond du Lac County                            WI est21all.txt 30NOV2022
55  41     1250      988     1512 13.7 10.8 16.6      373      272      474 21.5 15.7 27.3      256      179      333 20.8 14.5 27.1  52275  46534  58016                                        Forest County                                 WI est21all.txt 30NOV2022
55  43     6039     5132     6946 12.6 10.7 14.5     1403      994     1812 13.0  9.2 16.8      966      635     1297 12.2  8.0 16.4  57861  54014  61708                                        Grant County                                  WI est21all.txt 30NOV2022
55  45     2619     2045     3193  7.1  5.5  8.7      758      537      979  9.6  6.8 12.4      532      362      702  8.8  6.0 11.6  73386  69253  77519                                        Green County                                  WI est21all.txt 30NOV2022
55  47     2478     2109     2847 13.0 11.1 14.9      833      674      992 20.3 16.4 24.2      622      505      739 20.2 16.4 24.0  59732  54445  65019                                        Green Lake County                             WI est21all.txt 30NOV2022
55  49     1777     1390     2164  7.5  5.9  9.1      535      383      687 10.5  7.5 13.5      386      267      505 10.0  6.9 13.1  73294  67693  78895                                        Iowa County                                   WI est21all.txt 30NOV2022
55  51      743      571      915 12.2  9.4 15.0      176      126      226 18.7 13.4 24.0      123       84      162 17.1 11.7 22.5  50731  45264  56198                                        Iron County                                   WI est21all.txt 30NOV2022
55  53     2497     2000     2994 12.6 10.1 15.1      803      589     1017 18.1 13.3 22.9      548      387      709 16.7 11.8 21.6  59478  55560  63396                                        Jackson County                                WI est21all.txt 30NOV2022
55  55     6203     4933     7473  7.5  6.0  9.0     1537     1094     1980  9.1  6.5 11.7     1091      756     1426  8.6  6.0 11.2  69247  65551  72943                                        Jefferson County                              WI est21all.txt 30NOV2022
55  57     3549     2875     4223 13.9 11.3 16.5      889      639     1139 17.1 12.3 21.9      623      437      809 16.1 11.3 20.9  57000  52916  61084                                        Juneau County                                 WI est21all.txt 30NOV2022
55  59    17554    14709    20399 10.7  9.0 12.4     5073     3824     6322 13.9 10.5 17.3     3538     2576     4500 12.8  9.3 16.3  71051  68696  73406                                        Kenosha County                                WI est21all.txt 30NOV2022
55  61     1567     1238     1896  7.7  6.1  9.3      369      266      472  8.7  6.3 11.1      267      188      346  8.3  5.8 10.8  71861  64798  78924                                        Kewaunee County                               WI est21all.txt 30NOV2022
55  63    13944    12033    15855 12.1 10.4 13.8     2525     1843     3207 11.0  8.0 14.0     1786     1261     2311 10.3  7.3 13.3  62302  57612  66992                                        La Crosse County                              WI est21all.txt 30NOV2022
55  65     1639     1277     2001  9.8  7.6 12.0      623      444      802 15.4 11.0 19.8      455      313      597 15.5 10.7 20.3  66719  63104  70334                                        Lafayette County                              WI est21all.txt 30NOV2022
55  67     2348     1855     2841 12.2  9.6 14.8      668      456      880 18.4 12.6 24.2      466      303      629 17.3 11.2 23.4  57229  53981  60477                                        Langlade County                               WI est21all.txt 30NOV2022
55  69     2843     2235     3451 10.2  8.0 12.4      723      532      914 14.7 10.8 18.6      521      374      668 14.3 10.3 18.3  62064  56191  67937                                        Lincoln County                                WI est21all.txt 30NOV2022
55  71     8665     7475     9855 10.7  9.2 12.2     2134     1594     2674 13.0  9.7 16.3     1498     1057     1939 12.1  8.5 15.7  59774  55750  63798                                        Manitowoc County                              WI est21all.txt 30NOV2022
55  73    10345     8464    12226  7.6  6.2  9.0     2904     2057     3751  9.5  6.7 12.3     2197     1522     2872  9.5  6.6 12.4  74050  69800  78300                                        Marathon County                               WI est21all.txt 30NOV2022
55  75     3840     2985     4695  9.3  7.2 11.4     1238      864     1612 15.9 11.1 20.7      843      559     1127 14.4  9.6 19.2  56942  52619  61265                                        Marinette County                              WI est21all.txt 30NOV2022
55  77     1880     1561     2199 12.0 10.0 14.0      555      416      694 18.7 14.0 23.4      404      297      511 18.1 13.3 22.9  60020  55494  64546                                        Marquette County                              WI est21all.txt 30NOV2022
55  78     1027      777     1277 24.2 18.3 30.1      592      418      766 41.2 29.1 53.3      421      285      557 39.7 26.9 52.5  42976  37903  48049                                        Menominee County                              WI est21all.txt 30NOV2022
55  79   161890   152230   171550 17.8 16.7 18.9    51443    46593    56293 23.6 21.4 25.8    37270    33507    41033 23.5 21.1 25.9  56417  54745  58089                                        Milwaukee County                              WI est21all.txt 30NOV2022
55  81     5119     4172     6066 11.4  9.3 13.5     1729     1276     2182 15.1 11.1 19.1     1230      880     1580 14.3 10.2 18.4  62742  59037  66447                                        Monroe County                                 WI est21all.txt 30NOV2022
55  83     3225     2580     3870  8.3  6.6 10.0      854      607     1101 11.0  7.8 14.2      613      417      809 10.6  7.2 14.0  68480  64433  72527                                        Oconto County                                 WI est21all.txt 30NOV2022
55  85     3464     2724     4204  9.2  7.2 11.2      854      599     1109 13.4  9.4 17.4      587      392      782 12.3  8.2 16.4  60679  56333  65025                                        Oneida County                                 WI est21all.txt 30NOV2022
55  87    13789    11661    15917  7.3  6.2  8.4     3782     2942     4622  8.6  6.7 10.5     2667     2000     3334  8.1  6.1 10.1  73882  70298  77466                                        Outagamie County                              WI est21all.txt 30NOV2022
55  89     4244     3281     5207  4.7  3.6  5.8      866      616     1116  4.5  3.2  5.8      621      426      816  4.2  2.9  5.5  91014  83325  98703                                        Ozaukee County                                WI est21all.txt 30NOV2022
55  91      716      550      882  9.8  7.5 12.1      256      181      331 15.8 11.2 20.4      181      124      238 15.1 10.3 19.9  66179  59842  72516                                        Pepin County                                  WI est21all.txt 30NOV2022
55  93     3399     2703     4095  8.5  6.8 10.2      666      478      854  7.9  5.7 10.1      462      319      605  7.1  4.9  9.3  80354  75229  85479                                        Pierce County                                 WI est21all.txt 30NOV2022
55  95     3829     3047     4611  8.5  6.8 10.2     1065      767     1363 11.9  8.6 15.2      741      511      971 10.8  7.4 14.2  68732  65224  72240                                        Polk County                                   WI est21all.txt 30NOV2022
55  97     7031     5893     8169 10.4  8.7 12.1     1425     1083     1767 10.8  8.2 13.4     1026      760     1292 10.3  7.6 13.0  66471  62989  69953                                        Portage County                                WI est21all.txt 30NOV2022
55  99     1628     1269     1987 11.7  9.1 14.3      500      361      639 20.9 15.1 26.7      340      232      448 18.6 12.7 24.5  56249  51097  61401                                        Price County                                  WI est21all.txt 30NOV2022
55 101    23827    20748    26906 12.4 10.8 14.0     8042     6519     9565 18.2 14.7 21.7     5467     4183     6751 16.6 12.7 20.5  69021  65728  72314                                        Racine County                                 WI est21all.txt 30NOV2022
55 103     2320     1916     2724 13.7 11.3 16.1      721      556      886 20.2 15.6 24.8      496      368      624 18.4 13.7 23.1  59120  53290  64950                                        Richland County                               WI est21all.txt 30NOV2022
55 105    16283    13824    18742 10.1  8.6 11.6     5271     4039     6503 14.4 11.0 17.8     3654     2671     4637 13.4  9.8 17.0  66383  63256  69510                                        Rock County                                   WI est21all.txt 30NOV2022
55 107     1925     1544     2306 13.8 11.1 16.5      578      406      750 20.6 14.5 26.7      402      260      544 19.1 12.3 25.9  51585  47560  55610                                        Rusk County                                   WI est21all.txt 30NOV2022
55 109     5075     4131     6019  5.4  4.4  6.4     1275      959     1591  5.6  4.2  7.0      916      677     1155  5.3  3.9  6.7  94629  88150 101108                                        St. Croix County                              WI est21all.txt 30NOV2022
55 111     6305     5093     7517  9.7  7.8 11.6     2051     1553     2549 14.1 10.7 17.5     1441     1062     1820 13.3  9.8 16.8  70254  65907  74601                                        Sauk County                                   WI est21all.txt 30NOV2022
55 113     2588     2120     3056 14.4 11.8 17.0      767      577      957 22.7 17.1 28.3      590      444      736 22.7 17.1 28.3  51748  48318  55178                                        Sawyer County                                 WI est21all.txt 30NOV2022
55 115     3916     3195     4637  9.7  7.9 11.5     1130      791     1469 13.3  9.3 17.3      787      515     1059 12.5  8.2 16.8  62669  58694  66644                                        Shawano County                                WI est21all.txt 30NOV2022
55 117    10013     8233    11793  8.7  7.1 10.3     2689     1971     3407 10.7  7.9 13.5     1961     1417     2505 10.3  7.4 13.2  64133  60010  68256                                        Sheboygan County                              WI est21all.txt 30NOV2022
55 119     2027     1583     2471 10.3  8.0 12.6      685      493      877 15.2 10.9 19.5      486      335      637 14.2  9.8 18.6  59473  54688  64258                                        Taylor County                                 WI est21all.txt 30NOV2022
55 121     2892     2387     3397  9.6  7.9 11.3      891      657     1125 11.7  8.6 14.8      622      438      806 11.4  8.0 14.8  63235  59269  67201                                        Trempealeau County                            WI est21all.txt 30NOV2022
55 123     4489     3776     5202 14.7 12.4 17.0     1828     1448     2208 22.8 18.1 27.5     1284      991     1577 21.5 16.6 26.4  60041  56194  63888                                        Vernon County                                 WI est21all.txt 30NOV2022
55 125     2677     2178     3176 11.5  9.4 13.6      759      547      971 19.5 14.1 24.9      535      366      704 18.2 12.4 24.0  61716  56875  66557                                        Vilas County                                  WI est21all.txt 30NOV2022
55 127    10644     9134    12154 10.3  8.8 11.8     2240     1617     2863 10.8  7.8 13.8     1569     1084     2054  9.8  6.8 12.8  70688  66542  74834                                        Walworth County                               WI est21all.txt 30NOV2022
55 129     1955     1581     2329 11.8  9.5 14.1      561      416      706 18.6 13.8 23.4      407      295      519 17.5 12.7 22.3  57536  52116  62956                                        Washburn County                               WI est21all.txt 30NOV2022
55 131     7107     5545     8669  5.2  4.1  6.3     1651     1176     2126  5.8  4.1  7.5     1148      787     1509  5.2  3.6  6.8  85266  79489  91043                                        Washington County                             WI est21all.txt 30NOV2022
55 133    20035    17138    22932  5.0  4.3  5.7     4205     3299     5111  4.9  3.8  6.0     2975     2269     3681  4.6  3.5  5.7  94506  91750  97262                                        Waukesha County                               WI est21all.txt 30NOV2022
55 135     5014     4089     5939 10.0  8.2 11.8     1408     1047     1769 13.8 10.3 17.3      971      701     1241 12.8  9.3 16.3  63216  59907  66525                                        Waupaca County                                WI est21all.txt 30NOV2022
55 137     3055     2510     3600 12.9 10.6 15.2      863      668     1058 19.6 15.2 24.0      608      454      762 18.3 13.7 22.9  57188  52326  62050                                        Waushara County                               WI est21all.txt 30NOV2022
55 139    18013    15772    20254 11.0  9.6 12.4     4057     3180     4934 11.9  9.3 14.5     2847     2178     3516 11.3  8.7 13.9  64640  61810  67470                                        Winnebago County                              WI est21all.txt 30NOV2022
55 141     8286     7009     9563 11.3  9.6 13.0     2289     1741     2837 14.5 11.0 18.0     1538     1113     1963 13.1  9.5 16.7  55946  51423  60469                                        Wood County                                   WI est21all.txt 30NOV2022
56   0    60226    56527    63925 10.6  9.9 11.3    15661    14411    16911 12.1 11.1 13.1    10517     9480    11554 10.7  9.6 11.8  66508  64077  68939    4455    3781    5129 14.2 12.0 16.4 Wyoming                                       WY est21all.txt 30NOV2022
56   1     6309     5375     7243 17.7 15.1 20.3      742      528      956 12.7  9.0 16.4      487      328      646 11.5  7.7 15.3  53112  47300  58924                                        Albany County                                 WY est21all.txt 30NOV2022
56   3     1440     1116     1764 12.6  9.8 15.4      448      308      588 16.0 11.0 21.0      308      205      411 13.9  9.3 18.5  58697  53991  63403                                        Big Horn County                               WY est21all.txt 30NOV2022
56   5     3882     3114     4650  8.5  6.8 10.2     1148      804     1492  9.4  6.6 12.2      783      526     1040  8.5  5.7 11.3  88491  81291  95691                                        Campbell County                               WY est21all.txt 30NOV2022
56   7     1706     1323     2089 12.3  9.5 15.1      441      305      577 13.6  9.4 17.8      298      196      400 12.3  8.1 16.5  63984  56615  71353                                        Carbon County                                 WY est21all.txt 30NOV2022
56   9     1321     1007     1635  9.7  7.4 12.0      398      271      525 12.1  8.2 16.0      267      173      361 10.8  7.0 14.6  74174  65485  82863                                        Converse County                               WY est21all.txt 30NOV2022
56  11      548      418      678  7.5  5.7  9.3      167      112      222  9.2  6.1 12.3      118       74      162  9.0  5.7 12.3  63270  56036  70504                                        Crook County                                  WY est21all.txt 30NOV2022
56  13     5683     4614     6752 14.8 12.0 17.6     1859     1377     2341 19.1 14.2 24.0     1279      910     1648 17.4 12.4 22.4  56316  50499  62133                                        Fremont County                                WY est21all.txt 30NOV2022
56  15     1482     1122     1842 13.0  9.9 16.1      349      236      462 14.8 10.0 19.6      224      143      305 12.8  8.2 17.4  53428  47521  59335                                        Goshen County                                 WY est21all.txt 30NOV2022
56  17      592      463      721 13.1 10.3 15.9      159      110      208 16.7 11.5 21.9      110       72      148 14.8  9.7 19.9  54680  48126  61234                                        Hot Springs County                            WY est21all.txt 30NOV2022
56  19      855      677     1033 10.0  7.9 12.1      229      167      291 12.7  9.3 16.1      152      105      199 10.7  7.4 14.0  57275  51089  63461                                        Johnson County                                WY est21all.txt 30NOV2022
56  21     9765     8133    11397  9.9  8.2 11.6     2638     1995     3281 11.7  8.8 14.6     1715     1227     2203 10.2  7.3 13.1  63134  58950  67318                                        Laramie County                                WY est21all.txt 30NOV2022
56  23     1522     1181     1863  7.6  5.9  9.3      447      305      589  8.8  6.0 11.6      310      203      417  7.9  5.2 10.6  75872  68878  82866                                        Lincoln County                                WY est21all.txt 30NOV2022
56  25     8349     6743     9955 10.7  8.6 12.8     2430     1763     3097 13.0  9.4 16.6     1618     1120     2116 11.6  8.0 15.2  63940  61209  66671                                        Natrona County                                WY est21all.txt 30NOV2022
56  27      341      260      422 15.6 11.9 19.3       76       51      101 18.6 12.5 24.7       50       31       69 17.4 10.9 23.9  50733  44538  56928                                        Niobrara County                               WY est21all.txt 30NOV2022
56  29     3372     2732     4012 11.4  9.2 13.6      839      615     1063 13.8 10.1 17.5      589      420      758 12.7  9.1 16.3  63286  56610  69962                                        Park County                                   WY est21all.txt 30NOV2022
56  31     1009      776     1242 11.7  9.0 14.4      262      174      350 14.8  9.9 19.7      177      111      243 13.3  8.4 18.2  59634  52338  66930                                        Platte County                                 WY est21all.txt 30NOV2022
56  33     2929     2329     3529  9.5  7.6 11.4      676      457      895 10.5  7.1 13.9      458      294      622  9.3  6.0 12.6  63745  56669  70821                                        Sheridan County                               WY est21all.txt 30NOV2022
56  35      612      469      755  7.1  5.4  8.8      147      100      194  8.2  5.6 10.8      103       67      139  7.2  4.6  9.8  76703  68200  85206                                        Sublette County                               WY est21all.txt 30NOV2022
56  37     3761     3048     4474  9.2  7.5 10.9      990      674     1306  9.7  6.6 12.8      670      430      910  8.5  5.5 11.5  74677  66928  82426                                        Sweetwater County                             WY est21all.txt 30NOV2022
56  39     1392     1070     1714  5.9  4.5  7.3      223      153      293  5.5  3.8  7.2      142       91      193  4.7  3.0  6.4 102709  90132 115286                                        Teton County                                  WY est21all.txt 30NOV2022
56  41     1917     1457     2377  9.4  7.2 11.6      635      426      844 11.2  7.5 14.9      414      261      567  9.4  5.9 12.9  70162  62206  78118                                        Uinta County                                  WY est21all.txt 30NOV2022
56  43      773      579      967 10.2  7.6 12.8      195      131      259 12.5  8.4 16.6      136       86      186 11.4  7.2 15.6  62176  55415  68937                                        Washakie County                               WY est21all.txt 30NOV2022
56  45      666      504      828 10.4  7.9 12.9      163      109      217 12.3  8.3 16.3      109       69      149 10.7  6.8 14.6  62509  55613  69405                                        Weston County                                 WY est21all.txt 30NOV2022
