00   0 40951625 40691315 41211935 12.6 12.5 12.7 11582950 11449881 11716019 16.3 16.1 16.5  8176725  8075849  8277601 15.5 15.3 15.7  74755  74607  74903 3141107 3093587 3188627 17.4 17.1 17.7 United States                                 US est22all.txt 03DEC2023
01   0   798469   780933   816005 16.2 15.8 16.6   237861   228333   247389 21.8 20.9 22.7   165972   157610   174334 20.6 19.6 21.6  59703  58986  60420   68982   64247   73717 24.4 22.7 26.1 Alabama                                       AL est22all.txt 03DEC2023
01   1     6988     5522     8454 11.8  9.3 14.3     2151     1521     2781 15.7 11.1 20.3     1528     1047     2009 14.8 10.1 19.5  70148  62906  77390                                        Autauga County                                AL est22all.txt 03DEC2023
01   3    30195    26604    33786 12.4 10.9 13.9     8093     6701     9485 16.1 13.3 18.9     5341     4107     6575 14.0 10.8 17.2  71704  66180  77228                                        Baldwin County                                AL est22all.txt 03DEC2023
01   5     5860     4715     7005 26.7 21.5 31.9     1871     1383     2359 37.7 27.9 47.5     1244      860     1628 33.9 23.4 44.4  41151  36595  45707                                        Barbour County                                AL est22all.txt 03DEC2023
01   7     3979     3190     4768 20.0 16.0 24.0     1084      798     1370 25.5 18.8 32.2      805      596     1014 25.8 19.1 32.5  54309  47730  60888                                        Bibb County                                   AL est22all.txt 03DEC2023
01   9     8022     6474     9570 13.6 11.0 16.2     2105     1469     2741 15.8 11.0 20.6     1513     1037     1989 15.2 10.4 20.0  60553  53958  67148                                        Blount County                                 AL est22all.txt 03DEC2023
01  11     2670     1990     3350 31.5 23.5 39.5      825      567     1083 39.0 26.8 51.2      588      395      781 37.3 25.0 49.6  35798  31405  40191                                        Bullock County                                AL est22all.txt 03DEC2023
01  13     4298     3419     5177 23.4 18.6 28.2     1360      991     1729 33.0 24.1 41.9     1007      730     1284 33.1 24.0 42.2  41852  37088  46616                                        Butler County                                 AL est22all.txt 03DEC2023
01  15    20308    17295    23321 18.5 15.8 21.2     6257     4953     7561 26.2 20.7 31.7     4284     3243     5325 24.4 18.5 30.3  52772  48446  57098                                        Calhoun County                                AL est22all.txt 03DEC2023
01  17     6962     5654     8270 21.0 17.1 24.9     2097     1538     2656 30.6 22.4 38.8     1574     1163     1985 30.9 22.8 39.0  45563  40199  50927                                        Chambers County                               AL est22all.txt 03DEC2023
01  19     3862     3037     4687 15.5 12.2 18.8     1054      743     1365 22.7 16.0 29.4      765      529     1001 21.9 15.1 28.7  52613  47763  57463                                        Cherokee County                               AL est22all.txt 03DEC2023
01  21     7158     5713     8603 15.8 12.6 19.0     2349     1721     2977 22.1 16.2 28.0     1750     1291     2209 22.2 16.4 28.0  61823  57385  66261                                        Chilton County                                AL est22all.txt 03DEC2023
01  23     2554     1905     3203 20.7 15.4 26.0      758      522      994 31.2 21.5 40.9      546      369      723 31.0 20.9 41.1  44458  39050  49866                                        Choctaw County                                AL est22all.txt 03DEC2023
01  25     5204     4148     6260 23.5 18.7 28.3     1587     1144     2030 33.0 23.8 42.2     1140      802     1478 32.5 22.9 42.1  44906  39361  50451                                        Clarke County                                 AL est22all.txt 03DEC2023
01  27     2371     1800     2942 17.0 12.9 21.1      735      510      960 25.2 17.5 32.9      531      367      695 24.7 17.1 32.3  49599  44177  55021                                        Clay County                                   AL est22all.txt 03DEC2023
01  29     2370     1821     2919 15.7 12.1 19.3      746      534      958 21.7 15.5 27.9      518      361      675 20.3 14.1 26.5  49248  44051  54445                                        Cleburne County                               AL est22all.txt 03DEC2023
01  31     8492     7096     9888 15.7 13.1 18.3     2886     2233     3539 22.6 17.5 27.7     2140     1644     2636 22.4 17.2 27.6  62429  57360  67498                                        Coffee County                                 AL est22all.txt 03DEC2023
01  33     9962     8473    11451 17.3 14.7 19.9     3223     2643     3803 26.8 22.0 31.6     2286     1853     2719 25.9 21.0 30.8  54593  48946  60240                                        Colbert County                                AL est22all.txt 03DEC2023
01  35     3329     2769     3889 30.1 25.0 35.2      972      738     1206 43.9 33.3 54.5      748      572      924 46.1 35.2 57.0  36106  31594  40618                                        Conecuh County                                AL est22all.txt 03DEC2023
01  37     1813     1370     2256 18.1 13.7 22.5      520      370      670 31.2 22.2 40.2      378      264      492 31.6 22.0 41.2  49485  43534  55436                                        Coosa County                                  AL est22all.txt 03DEC2023
01  39     7071     5795     8347 19.2 15.7 22.7     2023     1476     2570 25.0 18.2 31.8     1558     1158     1958 26.0 19.3 32.7  46958  43241  50675                                        Covington County                              AL est22all.txt 03DEC2023
01  41     2762     2215     3309 21.5 17.2 25.8      841      596     1086 28.3 20.1 36.5      607      427      787 27.2 19.1 35.3  49161  44111  54211                                        Crenshaw County                               AL est22all.txt 03DEC2023
01  43    14478    12589    16367 16.2 14.1 18.3     3610     2815     4405 18.3 14.3 22.3     2393     1770     3016 16.4 12.1 20.7  61774  57437  66111                                        Cullman County                                AL est22all.txt 03DEC2023
01  45     9965     8627    11303 20.5 17.8 23.2     3433     2797     4069 30.3 24.7 35.9     2247     1751     2743 28.0 21.8 34.2  50567  45426  55708                                        Dale County                                   AL est22all.txt 03DEC2023
01  47    11945    10212    13678 32.9 28.1 37.7     3924     2984     4864 46.8 35.6 58.0     2635     1865     3405 42.2 29.9 54.5  35258  31320  39196                                        Dallas County                                 AL est22all.txt 03DEC2023
01  49    13248    11212    15284 18.7 15.8 21.6     3970     3093     4847 23.7 18.5 28.9     2451     1734     3168 19.3 13.7 24.9  50037  46685  53389                                        DeKalb County                                 AL est22all.txt 03DEC2023
01  51     9779     7762    11796 11.7  9.3 14.1     2837     2018     3656 15.0 10.7 19.3     2038     1399     2677 14.4  9.9 18.9  71463  67620  75306                                        Elmore County                                 AL est22all.txt 03DEC2023
01  53     7224     5596     8852 20.9 16.2 25.6     2153     1463     2843 26.4 17.9 34.9     1565     1060     2070 26.2 17.8 34.6  47792  42667  52917                                        Escambia County                               AL est22all.txt 03DEC2023
01  55    17990    14939    21041 17.7 14.7 20.7     5485     4300     6670 25.3 19.8 30.8     3627     2723     4531 22.8 17.1 28.5  55487  52175  58799                                        Etowah County                                 AL est22all.txt 03DEC2023
01  57     3092     2407     3777 19.5 15.2 23.8      926      678     1174 27.5 20.1 34.9      671      484      858 27.0 19.5 34.5  49205  43956  54454                                        Fayette County                                AL est22all.txt 03DEC2023
01  59     5804     4539     7069 18.5 14.5 22.5     1865     1344     2386 24.3 17.5 31.1     1278      888     1668 22.8 15.8 29.8  49611  44607  54615                                        Franklin County                               AL est22all.txt 03DEC2023
01  61     4926     3807     6045 18.6 14.4 22.8     1468     1030     1906 25.4 17.8 33.0     1066      723     1409 24.4 16.5 32.3  51585  46524  56646                                        Geneva County                                 AL est22all.txt 03DEC2023
01  63     2206     1634     2778 30.0 22.2 37.8      745      511      979 46.5 31.9 61.1      546      372      720 46.9 32.0 61.8  35449  31310  39588                                        Greene County                                 AL est22all.txt 03DEC2023
01  65     3294     2519     4069 22.9 17.5 28.3     1120      772     1468 32.5 22.4 42.6      786      528     1044 31.5 21.2 41.8  44702  39148  50256                                        Hale County                                   AL est22all.txt 03DEC2023
01  67     2754     2113     3395 15.8 12.1 19.5      796      550     1042 22.6 15.6 29.6      594      410      778 22.1 15.3 28.9  56702  50506  62898                                        Henry County                                  AL est22all.txt 03DEC2023
01  69    18465    16379    20551 17.2 15.3 19.1     6377     5414     7340 26.6 22.6 30.6     4135     3359     4911 23.8 19.3 28.3  56842  54034  59650                                        Houston County                                AL est22all.txt 03DEC2023
01  71     8434     6854    10014 16.1 13.1 19.1     2223     1585     2861 20.9 14.9 26.9     1600     1134     2066 20.5 14.5 26.5  51965  46715  57215                                        Jackson County                                AL est22all.txt 03DEC2023
01  73   106000    97498   114502 16.4 15.1 17.7    31449    27409    35489 21.4 18.7 24.1    22367    19112    25622 20.7 17.7 23.7  61996  60227  63765                                        Jefferson County                              AL est22all.txt 03DEC2023
01  75     2457     1923     2991 18.1 14.2 22.0      663      447      879 22.5 15.2 29.8      476      318      634 22.2 14.8 29.6  51523  45887  57159                                        Lamar County                                  AL est22all.txt 03DEC2023
01  77    12156     9677    14635 13.3 10.6 16.0     3401     2491     4311 18.8 13.8 23.8     2559     1874     3244 19.0 13.9 24.1  59023  54153  63893                                        Lauderdale County                             AL est22all.txt 03DEC2023
01  79     5402     4244     6560 16.4 12.9 19.9     1587     1135     2039 22.4 16.0 28.8     1101      751     1451 20.7 14.1 27.3  55516  49321  61711                                        Lawrence County                               AL est22all.txt 03DEC2023
01  81    26211    23017    29405 15.0 13.2 16.8     4783     3231     6335 13.0  8.8 17.2     3455     2317     4593 12.7  8.5 16.9  59637  55607  63667                                        Lee County                                    AL est22all.txt 03DEC2023
01  83    10669     8528    12810  9.9  7.9 11.9     3275     2448     4102 13.8 10.3 17.3     2394     1814     2974 13.4 10.1 16.7  83159  79521  86797                                        Limestone County                              AL est22all.txt 03DEC2023
01  85     2814     2248     3380 29.4 23.5 35.3      971      715     1227 46.1 33.9 58.3      683      489      877 44.8 32.1 57.5  42268  37286  47250                                        Lowndes County                                AL est22all.txt 03DEC2023
01  87     5351     4284     6418 32.4 25.9 38.9     1400     1027     1773 46.5 34.1 58.9     1015      734     1296 46.8 33.8 59.8  36601  32027  41175                                        Macon County                                  AL est22all.txt 03DEC2023
01  89    44142    38534    49750 11.3  9.9 12.7    11726     9156    14296 13.9 10.9 16.9     7851     5897     9805 12.6  9.5 15.7  80426  76804  84048                                        Madison County                                AL est22all.txt 03DEC2023
01  91     3603     2700     4506 19.5 14.6 24.4     1405      962     1848 34.1 23.4 44.8     1020      690     1350 33.2 22.5 43.9  45587  40930  50244                                        Marengo County                                AL est22all.txt 03DEC2023
01  93     5004     3996     6012 17.6 14.1 21.1     1382      982     1782 23.0 16.3 29.7     1027      730     1324 23.1 16.4 29.8  47742  42242  53242                                        Marion County                                 AL est22all.txt 03DEC2023
01  95    16175    13957    18393 16.5 14.2 18.8     5425     4275     6575 21.8 17.2 26.4     3669     2755     4583 20.6 15.5 25.7  53388  50147  56629                                        Marshall County                               AL est22all.txt 03DEC2023
01  97    77450    70210    84690 19.2 17.4 21.0    25444    21747    29141 27.2 23.2 31.2    17367    14466    20268 25.7 21.4 30.0  54315  52104  56526                                        Mobile County                                 AL est22all.txt 03DEC2023
01  99     3963     3022     4904 20.7 15.8 25.6     1276      878     1674 31.9 22.0 41.8      943      648     1238 31.5 21.7 41.3  47498  43032  51964                                        Monroe County                                 AL est22all.txt 03DEC2023
01 101    39991    33263    46719 18.4 15.3 21.5    14312    11087    17537 27.2 21.1 33.3     9981     7562    12400 26.4 20.0 32.8  56862  53284  60440                                        Montgomery County                             AL est22all.txt 03DEC2023
01 103    15935    13147    18723 13.1 10.8 15.4     4793     3529     6057 17.2 12.7 21.7     3233     2236     4230 15.7 10.9 20.5  62260  58364  66156                                        Morgan County                                 AL est22all.txt 03DEC2023
01 105     2714     2116     3312 35.9 28.0 43.8     1016      773     1259 61.2 46.6 75.8      639      435      843 52.9 36.0 69.8  33585  29556  37614                                        Perry County                                  AL est22all.txt 03DEC2023
01 107     4007     3229     4785 23.9 19.3 28.5     1046      728     1364 30.3 21.1 39.5      753      514      992 29.3 20.0 38.6  45440  40233  50647                                        Pickens County                                AL est22all.txt 03DEC2023
01 109     8436     7347     9525 27.4 23.9 30.9     2283     1852     2714 36.8 29.8 43.8     1476     1138     1814 32.9 25.4 40.4  45144  40224  50064                                        Pike County                                   AL est22all.txt 03DEC2023
01 111     4435     3637     5233 20.3 16.6 24.0     1275      889     1661 27.6 19.2 36.0      935      650     1220 27.3 19.0 35.6  49433  43576  55290                                        Randolph County                               AL est22all.txt 03DEC2023
01 113    12882    10552    15212 22.3 18.3 26.3     4269     3154     5384 30.5 22.5 38.5     3054     2230     3878 30.4 22.2 38.6  45074  40229  49919                                        Russell County                                AL est22all.txt 03DEC2023
01 115    11548     9683    13413 12.6 10.6 14.6     3501     2778     4224 17.2 13.6 20.8     2402     1831     2973 15.7 12.0 19.4  70361  64637  76085                                        St. Clair County                              AL est22all.txt 03DEC2023
01 117    15339    12423    18255  6.8  5.5  8.1     3939     2763     5115  7.8  5.5 10.1     2818     1932     3704  7.3  5.0  9.6  98263  92855 103671                                        Shelby County                                 AL est22all.txt 03DEC2023
01 119     3377     2542     4212 31.1 23.4 38.8      959      669     1249 42.7 29.8 55.6      689      474      904 42.4 29.2 55.6  35152  30903  39401                                        Sumter County                                 AL est22all.txt 03DEC2023
01 121    14318    11710    16926 18.3 15.0 21.6     4192     3107     5277 26.0 19.3 32.7     3139     2337     3941 26.5 19.7 33.3  55186  51202  59170                                        Talladega County                              AL est22all.txt 03DEC2023
01 123     7107     5594     8620 17.6 13.8 21.4     2073     1464     2682 26.1 18.4 33.8     1547     1098     1996 25.9 18.4 33.4  55270  50338  60202                                        Tallapoosa County                             AL est22all.txt 03DEC2023
01 125    36853    32129    41577 17.0 14.8 19.2     9540     7523    11557 20.4 16.1 24.7     6622     5137     8107 19.3 15.0 23.6  60875  58019  63731                                        Tuscaloosa County                             AL est22all.txt 03DEC2023
01 127    10557     8579    12535 16.7 13.6 19.8     2996     2147     3845 21.3 15.3 27.3     2089     1459     2719 20.3 14.2 26.4  51065  45745  56385                                        Walker County                                 AL est22all.txt 03DEC2023
01 129     2493     1844     3142 16.7 12.4 21.0      820      553     1087 25.6 17.2 34.0      603      403      803 26.0 17.4 34.6  53785  47334  60236                                        Washington County                             AL est22all.txt 03DEC2023
01 131     2965     2212     3718 29.7 22.1 37.3     1001      681     1321 45.6 31.1 60.1      711      471      951 45.1 29.9 60.3  33682  30051  37313                                        Wilcox County                                 AL est22all.txt 03DEC2023
01 133     4284     3452     5116 18.3 14.7 21.9     1191      890     1492 25.2 18.8 31.6      871      650     1092 24.7 18.4 31.0  51149  45495  56803                                        Winston County                                AL est22all.txt 03DEC2023
02   0    77305    73349    81261 10.8 10.2 11.4    23113    21077    25149 13.4 12.2 14.6    15001    13231    16771 11.9 10.5 13.3  88072  85702  90442    7304    6283    8325 16.1 13.8 18.4 Alaska                                        AK est22all.txt 03DEC2023
02  13      549      394      704 16.2 11.6 20.8       27       17       37 14.3  8.9 19.7       18       11       25 13.5  8.0 19.0  85852  75420  96284                                        Aleutians East Borough                        AK est22all.txt 03DEC2023
02  16      473      346      600  9.7  7.1 12.3       38       24       52  7.9  4.9 10.9       26       16       36  7.6  4.6 10.6 112218 104912 119524                                        Aleutians West Census Area                    AK est22all.txt 03DEC2023
02  20    29127    25785    32469 10.4  9.2 11.6     8369     6923     9815 12.7 10.5 14.9     4961     3852     6070 10.4  8.1 12.7  99162  95104 103220                                        Anchorage Borough                             AK est22all.txt 03DEC2023
02  50     3910     3091     4729 21.9 17.3 26.5     1693     1174     2212 27.0 18.7 35.3     1155      757     1553 26.2 17.2 35.2  59011  53762  64260                                        Bethel Census Area                            AK est22all.txt 03DEC2023
02  60      117       95      139 13.6 11.0 16.2       24       16       32 13.3  8.8 17.8       18       12       24 13.7  8.8 18.6  96382  84136 108628                                        Bristol Bay Borough                           AK est22all.txt 03DEC2023
02  63      448      318      578  6.7  4.7  8.7      117       74      160  7.8  4.9 10.7       84       52      116  7.4  4.6 10.2  91356  81888 100824                                        Chugach Census Area                           AK est22all.txt 03DEC2023
02  66      359      265      453 13.9 10.3 17.5      123       81      165 19.6 12.9 26.3       87       55      119 17.7 11.2 24.2  63837  55882  71792                                        Copper River Census Area                      AK est22all.txt 03DEC2023
02  68      116       87      145  7.3  5.5  9.1       31       22       40 11.2  8.1 14.3       21       15       27  9.7  6.7 12.7  90897  81002 100792                                        Denali Borough                                AK est22all.txt 03DEC2023
02  70      924      672     1176 19.7 14.3 25.1      384      240      528 26.8 16.8 36.8      278      169      387 27.0 16.4 37.6  69716  62835  76597                                        Dillingham Census Area                        AK est22all.txt 03DEC2023
02  90     7117     5591     8643  7.8  6.1  9.5     1826     1211     2441  8.4  5.6 11.2     1234      789     1679  8.0  5.1 10.9  84166  76596  91736                                        Fairbanks North Star Borough                  AK est22all.txt 03DEC2023
02 100      210      153      267 10.3  7.5 13.1       58       37       79 16.7 10.7 22.7       42       26       58 16.9 10.5 23.3  70610  62694  78526                                        Haines Borough                                AK est22all.txt 03DEC2023
02 105      399      300      498 17.5 13.2 21.8      106       68      144 28.1 18.1 38.1       76       48      104 28.4 17.8 39.0  64181  57223  71139                                        Hoonah-Angoon Census Area                     AK est22all.txt 03DEC2023
02 110     2455     1918     2992  7.9  6.2  9.6      554      365      743  8.8  5.8 11.8      374      243      505  7.8  5.1 10.5 102097  93962 110232                                        Juneau Borough                                AK est22all.txt 03DEC2023
02 122     6512     5256     7768 11.0  8.9 13.1     1660     1138     2182 12.7  8.7 16.7     1176      787     1565 12.0  8.0 16.0  76254  69043  83465                                        Kenai Peninsula Borough                       AK est22all.txt 03DEC2023
02 130     1164      847     1481  8.6  6.3 10.9      317      203      431 11.7  7.5 15.9      218      137      299 10.7  6.7 14.7  82648  74081  91215                                        Ketchikan Gateway Borough                     AK est22all.txt 03DEC2023
02 150      921      665     1177  7.5  5.4  9.6      268      172      364  9.3  6.0 12.6      180      113      247  8.5  5.3 11.7  83222  74051  92393                                        Kodiak Island Borough                         AK est22all.txt 03DEC2023
02 158     2454     1992     2916 29.8 24.2 35.4     1145      799     1491 33.3 23.2 43.4      774      503     1045 32.7 21.3 44.1  41824  37498  46150                                        Kusilvak Census Area                          AK est22all.txt 03DEC2023
02 164      276      201      351 20.1 14.6 25.6      107       69      145 27.0 17.4 36.6       77       48      106 28.4 17.9 38.9  63038  55954  70122                                        Lake and Peninsula Borough                    AK est22all.txt 03DEC2023
02 170    10866     9196    12536  9.8  8.3 11.3     3186     2468     3904 11.3  8.8 13.8     2075     1548     2602  9.8  7.3 12.3  86313  81196  91430                                        Matanuska-Susitna Borough                     AK est22all.txt 03DEC2023
02 180     1909     1508     2310 19.9 15.7 24.1      803      569     1037 24.7 17.5 31.9      560      385      735 23.4 16.1 30.7  64480  57304  71656                                        Nome Census Area                              AK est22all.txt 03DEC2023
02 185     1474     1124     1824 13.7 10.4 17.0      406      269      543 14.9  9.9 19.9      268      175      361 13.1  8.6 17.6  95795  83568 108022                                        North Slope Borough                           AK est22all.txt 03DEC2023
02 188     1447     1092     1802 19.7 14.9 24.5      665      454      876 24.4 16.7 32.1      462      307      617 23.0 15.3 30.7  69234  62954  75514                                        Northwest Arctic Borough                      AK est22all.txt 03DEC2023
02 195      230      168      292  7.1  5.2  9.0       63       41       85  9.5  6.1 12.9       42       26       58  8.2  5.1 11.3  76641  68209  85073                                        Petersburg Borough                            AK est22all.txt 03DEC2023
02 198      820      611     1029 14.6 10.9 18.3      259      173      345 21.8 14.5 29.1      177      114      240 19.4 12.5 26.3  58381  52379  64383                                        Prince of Wales-Hyder Census Area             AK est22all.txt 03DEC2023
02 220      651      482      820  7.9  5.8 10.0      155      101      209  9.8  6.4 13.2      106       69      143  9.1  5.9 12.3  90345  81913  98777                                        Sitka Borough                                 AK est22all.txt 03DEC2023
02 230      100       86      114  9.3  8.0 10.6       15        9       21  9.7  6.1 13.3       11        7       15  8.6  5.5 11.7  73603  65197  82009                                        Skagway Municipality                          AK est22all.txt 03DEC2023
02 240      865      654     1076 12.5  9.4 15.6      258      167      349 14.5  9.4 19.6      181      114      248 14.1  8.9 19.3  74732  65790  83674                                        Southeast Fairbanks Census Area               AK est22all.txt 03DEC2023
02 275      246      187      305 12.0  9.1 14.9       74       52       96 19.4 13.6 25.2       48       31       65 17.3 11.3 23.3  67761  59929  75593                                        Wrangell City and Borough                     AK est22all.txt 03DEC2023
02 282       82       59      105 11.7  8.4 15.0       20       13       27 14.8  9.5 20.1       14        9       19 13.7  8.3 19.1  78552  69718  87386                                        Yakutat Borough                               AK est22all.txt 03DEC2023
02 290     1084      830     1338 21.1 16.1 26.1      362      229      495 25.9 16.4 35.4      258      160      356 25.3 15.6 35.0  47798  42392  53204                                        Yukon-Koyukuk Census Area                     AK est22all.txt 03DEC2023
04   0   904567   882773   926361 12.5 12.2 12.8   250329   239450   261208 16.0 15.3 16.7   174580   165530   183630 14.9 14.1 15.7  74355  73441  75269   69229   63677   74781 18.0 16.6 19.4 Arizona                                       AZ est22all.txt 03DEC2023
04   1    18155    15847    20463 28.2 24.6 31.8     5761     4590     6932 34.2 27.3 41.1     4019     3195     4843 31.0 24.6 37.4  40632  36740  44524                                        Apache County                                 AZ est22all.txt 03DEC2023
04   3    21447    18519    24375 17.7 15.3 20.1     6311     5000     7622 24.6 19.5 29.7     4496     3462     5530 23.4 18.0 28.8  55254  51566  58942                                        Cochise County                                AZ est22all.txt 03DEC2023
04   5    22092    18994    25190 16.4 14.1 18.7     5447     4165     6729 19.8 15.1 24.5     3919     3009     4829 18.8 14.4 23.2  64016  59483  68549                                        Coconino County                               AZ est22all.txt 03DEC2023
04   7     9832     8125    11539 18.5 15.3 21.7     2715     1981     3449 27.1 19.8 34.4     1943     1373     2513 25.5 18.0 33.0  51928  46958  56898                                        Gila County                                   AZ est22all.txt 03DEC2023
04   9     5434     4316     6552 14.8 11.8 17.8     1698     1165     2231 16.6 11.4 21.8     1146      764     1528 14.8  9.9 19.7  63797  58659  68935                                        Graham County                                 AZ est22all.txt 03DEC2023
04  11      851      639     1063  9.2  6.9 11.5      226      156      296  9.2  6.3 12.1      160      110      210  8.9  6.1 11.7  76338  68788  83888                                        Greenlee County                               AZ est22all.txt 03DEC2023
04  12     3258     2463     4053 20.0 15.1 24.9      772      522     1022 30.2 20.4 40.0      569      381      757 31.3 21.0 41.6  53925  50395  57455                                        La Paz County                                 AZ est22all.txt 03DEC2023
04  13   487571   466446   508696 10.9 10.4 11.4   139817   129945   149689 14.0 13.0 15.0    98083    90905   105261 13.0 12.0 14.0  83668  82400  84936                                        Maricopa County                               AZ est22all.txt 03DEC2023
04  15    36075    31678    40472 16.7 14.7 18.7     8183     6321    10045 23.5 18.2 28.8     6047     4678     7416 23.3 18.0 28.6  54842  51292  58392                                        Mohave County                                 AZ est22all.txt 03DEC2023
04  17    27684    24105    31263 25.9 22.6 29.2     9022     7437    10607 33.5 27.6 39.4     6498     5269     7727 31.7 25.7 37.7  49948  46418  53478                                        Navajo County                                 AZ est22all.txt 03DEC2023
04  19   150271   137461   163081 14.6 13.4 15.8    36448    31172    41724 17.9 15.3 20.5    24526    20508    28544 16.0 13.4 18.6  64007  62037  65977                                        Pima County                                   AZ est22all.txt 03DEC2023
04  21    50448    43697    57199 11.4  9.9 12.9    14455    11264    17646 14.6 11.4 17.8     9431     7092    11770 12.7  9.6 15.8  76232  73801  78663                                        Pinal County                                  AZ est22all.txt 03DEC2023
04  23     9009     7098    10920 18.5 14.6 22.4     3323     2392     4254 27.2 19.6 34.8     2405     1708     3102 26.0 18.5 33.5  53467  48814  58120                                        Santa Cruz County                             AZ est22all.txt 03DEC2023
04  25    32990    28893    37087 13.6 11.9 15.3     6886     5365     8407 18.7 14.6 22.8     4927     3826     6028 17.7 13.7 21.7  64187  60679  67695                                        Yavapai County                                AZ est22all.txt 03DEC2023
04  27    29448    23953    34943 14.6 11.9 17.3     9264     6481    12047 18.1 12.7 23.5     6411     4260     8562 17.2 11.4 23.0  54209  51443  56975                                        Yuma County                                   AZ est22all.txt 03DEC2023
05   0   481650   467218   496082 16.3 15.8 16.8   144789   137611   151967 21.2 20.1 22.3    99080    92896   105264 19.6 18.4 20.8  55505  54535  56475   42721   39225   46217 24.7 22.7 26.7 Arkansas                                      AR est22all.txt 03DEC2023
05   1     3049     2382     3716 18.8 14.7 22.9      993      700     1286 26.6 18.7 34.5      690      481      899 25.0 17.4 32.6  52145  45855  58435                                        Arkansas County                               AR est22all.txt 03DEC2023
05   3     3956     3216     4696 21.8 17.7 25.9     1156      822     1490 28.8 20.5 37.1      842      591     1093 27.9 19.6 36.2  47253  41539  52967                                        Ashley County                                 AR est22all.txt 03DEC2023
05   5     5753     4627     6879 13.8 11.1 16.5     1446     1024     1868 19.6 13.9 25.3     1021      707     1335 18.1 12.5 23.7  48573  43592  53554                                        Baxter County                                 AR est22all.txt 03DEC2023
05   7    23586    19389    27783  7.9  6.5  9.3     7444     5525     9363  9.9  7.3 12.5     5001     3556     6446  9.0  6.4 11.6  86374  82198  90550                                        Benton County                                 AR est22all.txt 03DEC2023
05   9     5044     3804     6284 13.3 10.0 16.6     1501      980     2022 17.8 11.6 24.0     1052      680     1424 16.4 10.6 22.2  53025  47843  58207                                        Boone County                                  AR est22all.txt 03DEC2023
05  11     2189     1696     2682 21.9 17.0 26.8      616      413      819 25.6 17.2 34.0      440      289      591 24.0 15.7 32.3  44982  39424  50540                                        Bradley County                                AR est22all.txt 03DEC2023
05  13      720      545      895 15.9 12.0 19.8      166      110      222 19.6 12.9 26.3      123       80      166 18.9 12.3 25.5  52535  46069  59001                                        Calhoun County                                AR est22all.txt 03DEC2023
05  15     4553     3645     5461 16.0 12.8 19.2     1297      915     1679 21.2 15.0 27.4      919      640     1198 20.1 14.0 26.2  50433  45064  55802                                        Carroll County                                AR est22all.txt 03DEC2023
05  17     2468     1873     3063 27.0 20.5 33.5      783      526     1040 37.3 25.1 49.5      542      352      732 34.0 22.1 45.9  38217  33606  42828                                        Chicot County                                 AR est22all.txt 03DEC2023
05  19     3762     2941     4583 20.3 15.9 24.7      999      695     1303 24.0 16.7 31.3      700      473      927 22.8 15.4 30.2  50519  45202  55836                                        Clark County                                  AR est22all.txt 03DEC2023
05  21     2812     2234     3390 20.0 15.9 24.1      845      624     1066 28.1 20.8 35.4      614      456      772 27.9 20.7 35.1  46855  42933  50777                                        Clay County                                   AR est22all.txt 03DEC2023
05  23     3256     2463     4049 13.0  9.8 16.2      929      611     1247 20.3 13.4 27.2      666      433      899 18.9 12.3 25.5  52662  47518  57806                                        Cleburne County                               AR est22all.txt 03DEC2023
05  25     1114      849     1379 15.1 11.5 18.7      322      216      428 20.1 13.5 26.7      231      154      308 18.6 12.4 24.8  55533  48745  62321                                        Cleveland County                              AR est22all.txt 03DEC2023
05  27     4509     3492     5526 22.2 17.2 27.2     1378      991     1765 29.9 21.5 38.3     1005      726     1284 30.1 21.7 38.5  47278  41989  52567                                        Columbia County                               AR est22all.txt 03DEC2023
05  29     3746     3023     4469 18.0 14.5 21.5     1239      942     1536 26.9 20.5 33.3      905      689     1121 26.2 19.9 32.5  52405  46312  58498                                        Conway County                                 AR est22all.txt 03DEC2023
05  31    18689    15922    21456 17.1 14.6 19.6     6291     4931     7651 22.8 17.9 27.7     3804     2761     4847 18.9 13.7 24.1  60580  56116  65044                                        Craighead County                              AR est22all.txt 03DEC2023
05  33     9709     8087    11331 16.1 13.4 18.8     2954     2159     3749 20.6 15.1 26.1     2047     1448     2646 19.0 13.4 24.6  54741  49473  60009                                        Crawford County                               AR est22all.txt 03DEC2023
05  35    10118     7831    12405 21.8 16.9 26.7     3841     2658     5024 30.8 21.3 40.3     2784     1931     3637 30.1 20.9 39.3  49644  44319  54969                                        Crittenden County                             AR est22all.txt 03DEC2023
05  37     3589     3020     4158 21.9 18.4 25.4     1206      952     1460 31.6 24.9 38.3      869      689     1049 30.6 24.3 36.9  48299  42415  54183                                        Cross County                                  AR est22all.txt 03DEC2023
05  39     1192      895     1489 20.1 15.1 25.1      339      233      445 29.2 20.0 38.4      240      162      318 27.7 18.7 36.7  44476  38871  50081                                        Dallas County                                 AR est22all.txt 03DEC2023
05  41     2986     2352     3620 27.9 22.0 33.8     1071      783     1359 40.7 29.8 51.6      750      533      967 37.4 26.6 48.2  41251  36025  46477                                        Desha County                                  AR est22all.txt 03DEC2023
05  43     3387     2734     4040 20.8 16.8 24.8      976      686     1266 27.3 19.2 35.4      676      462      890 26.3 18.0 34.6  48635  42525  54745                                        Drew County                                   AR est22all.txt 03DEC2023
05  45    17847    15478    20216 14.6 12.7 16.5     4065     3042     5088 14.6 10.9 18.3     2714     1932     3496 13.1  9.3 16.9  63429  60647  66211                                        Faulkner County                               AR est22all.txt 03DEC2023
05  47     2853     2252     3454 16.8 13.3 20.3      836      565     1107 22.3 15.1 29.5      576      386      766 20.2 13.5 26.9  48248  42639  53857                                        Franklin County                               AR est22all.txt 03DEC2023
05  49     2099     1592     2606 17.2 13.0 21.4      642      423      861 24.8 16.3 33.3      448      293      603 22.8 14.9 30.7  42588  38958  46218                                        Fulton County                                 AR est22all.txt 03DEC2023
05  51    17077    14484    19670 17.3 14.7 19.9     4376     3101     5651 23.0 16.3 29.7     2797     1854     3740 20.0 13.2 26.8  53239  49459  57019                                        Garland County                                AR est22all.txt 03DEC2023
05  53     2387     1930     2844 13.3 10.8 15.8      783      612      954 20.2 15.8 24.6      520      392      648 17.5 13.2 21.8  63512  55777  71247                                        Grant County                                  AR est22all.txt 03DEC2023
05  55     7401     6021     8781 16.3 13.3 19.3     2434     1850     3018 22.6 17.2 28.0     1610     1180     2040 20.1 14.7 25.5  54475  49812  59138                                        Greene County                                 AR est22all.txt 03DEC2023
05  57     4011     3185     4837 20.9 16.6 25.2     1371      962     1780 28.8 20.2 37.4     1003      703     1303 28.6 20.0 37.2  46423  41069  51777                                        Hempstead County                              AR est22all.txt 03DEC2023
05  59     5339     4304     6374 17.4 14.0 20.8     1300      893     1707 20.9 14.3 27.5      873      564     1182 18.7 12.1 25.3  50654  45152  56156                                        Hot Spring County                             AR est22all.txt 03DEC2023
05  61     2214     1724     2704 17.9 13.9 21.9      721      487      955 22.9 15.5 30.3      519      349      689 21.9 14.7 29.1  46449  42501  50397                                        Howard County                                 AR est22all.txt 03DEC2023
05  63     5525     4328     6722 15.0 11.8 18.2     1772     1286     2258 20.0 14.5 25.5     1224      870     1578 18.7 13.3 24.1  57611  52738  62484                                        Independence County                           AR est22all.txt 03DEC2023
05  65     2894     2331     3457 22.4 18.0 26.8      718      515      921 29.1 20.9 37.3      506      358      654 27.1 19.2 35.0  43920  38805  49035                                        Izard County                                  AR est22all.txt 03DEC2023
05  67     3515     2892     4138 24.7 20.3 29.1      894      614     1174 27.6 19.0 36.2      615      415      815 25.6 17.3 33.9  43579  38194  48964                                        Jackson County                                AR est22all.txt 03DEC2023
05  69    13011    10620    15402 22.2 18.1 26.3     4493     3423     5563 33.4 25.4 41.4     2974     2132     3816 30.2 21.7 38.7  45894  41943  49845                                        Jefferson County                              AR est22all.txt 03DEC2023
05  71     4815     3950     5680 18.9 15.5 22.3     1532     1154     1910 24.7 18.6 30.8     1047      780     1314 22.9 17.1 28.7  46660  42062  51258                                        Johnson County                                AR est22all.txt 03DEC2023
05  73     1429     1101     1757 23.7 18.3 29.1      397      277      517 35.9 25.0 46.8      275      184      366 34.6 23.1 46.1  42437  37266  47608                                        Lafayette County                              AR est22all.txt 03DEC2023
05  75     2976     2345     3607 19.1 15.1 23.1      876      606     1146 25.0 17.3 32.7      645      442      848 24.8 17.0 32.6  47312  41963  52661                                        Lawrence County                               AR est22all.txt 03DEC2023
05  77     2353     1751     2955 35.1 26.1 44.1      663      452      874 44.9 30.6 59.2      468      309      627 44.9 29.6 60.2  35213  30936  39490                                        Lee County                                    AR est22all.txt 03DEC2023
05  79     2265     1702     2828 25.2 18.9 31.5      537      377      697 27.0 18.9 35.1      382      264      500 26.3 18.1 34.5  48311  42289  54333                                        Lincoln County                                AR est22all.txt 03DEC2023
05  81     1971     1527     2415 17.0 13.2 20.8      613      419      807 24.2 16.6 31.8      433      293      573 23.1 15.6 30.6  48883  42873  54893                                        Little River County                           AR est22all.txt 03DEC2023
05  83     3919     3183     4655 18.7 15.2 22.2     1192      894     1490 27.7 20.8 34.6      805      587     1023 25.3 18.4 32.2  48510  43560  53460                                        Logan County                                  AR est22all.txt 03DEC2023
05  85     8529     7008    10050 11.5  9.5 13.5     2774     2100     3448 15.3 11.6 19.0     1814     1299     2329 13.2  9.5 16.9  66160  60911  71409                                        Lonoke County                                 AR est22all.txt 03DEC2023
05  87     2856     2188     3524 16.5 12.6 20.4      953      667     1239 23.6 16.5 30.7      651      438      864 21.9 14.7 29.1  51233  45573  56893                                        Madison County                                AR est22all.txt 03DEC2023
05  89     2662     2037     3287 15.6 11.9 19.3      782      521     1043 24.8 16.5 33.1      565      373      757 23.6 15.6 31.6  49313  44306  54320                                        Marion County                                 AR est22all.txt 03DEC2023
05  91     9380     7878    10882 22.9 19.2 26.6     2764     2041     3487 28.3 20.9 35.7     1974     1453     2495 27.5 20.3 34.7  48652  43806  53498                                        Miller County                                 AR est22all.txt 03DEC2023
05  93     8269     6608     9930 21.8 17.4 26.2     2993     2295     3691 30.4 23.3 37.5     2115     1593     2637 29.5 22.2 36.8  45168  40103  50233                                        Mississippi County                            AR est22all.txt 03DEC2023
05  95     1612     1242     1982 24.9 19.2 30.6      538      366      710 36.6 24.9 48.3      393      266      520 37.8 25.6 50.0  33090  29710  36470                                        Monroe County                                 AR est22all.txt 03DEC2023
05  97     1692     1327     2057 20.0 15.7 24.3      469      330      608 30.9 21.8 40.0      342      241      443 30.7 21.6 39.8  46069  40385  51753                                        Montgomery County                             AR est22all.txt 03DEC2023
05  99     1748     1341     2155 21.9 16.8 27.0      567      407      727 31.6 22.7 40.5      377      259      495 27.3 18.8 35.8  44649  40228  49070                                        Nevada County                                 AR est22all.txt 03DEC2023
05 101     1357     1033     1681 19.4 14.8 24.0      379      255      503 29.4 19.8 39.0      274      181      367 27.7 18.3 37.1  47996  42989  53003                                        Newton County                                 AR est22all.txt 03DEC2023
05 103     3906     2982     4830 18.1 13.8 22.4     1250      865     1635 25.9 17.9 33.9      869      583     1155 24.3 16.3 32.3  49275  45553  52997                                        Ouachita County                               AR est22all.txt 03DEC2023
05 105     1614     1287     1941 16.2 12.9 19.5      459      313      605 21.9 14.9 28.9      324      216      432 20.0 13.4 26.6  56640  50933  62347                                        Perry County                                  AR est22all.txt 03DEC2023
05 107     5263     4391     6135 34.9 29.1 40.7     2040     1575     2505 53.3 41.2 65.4     1298      907     1689 46.2 32.3 60.1  36098  31816  40380                                        Phillips County                               AR est22all.txt 03DEC2023
05 109     1895     1450     2340 19.1 14.6 23.6      614      423      805 28.2 19.4 37.0      426      286      566 26.0 17.4 34.6  41348  36413  46283                                        Pike County                                   AR est22all.txt 03DEC2023
05 111     4416     3486     5346 20.0 15.8 24.2     1462     1014     1910 27.6 19.1 36.1     1045      714     1376 27.2 18.6 35.8  47372  42003  52741                                        Poinsett County                               AR est22all.txt 03DEC2023
05 113     3325     2535     4115 17.3 13.2 21.4     1036      691     1381 24.8 16.5 33.1      747      495      999 23.3 15.4 31.2  45289  40156  50422                                        Polk County                                   AR est22all.txt 03DEC2023
05 115     9379     7664    11094 15.3 12.5 18.1     2655     1903     3407 18.5 13.3 23.7     1857     1316     2398 17.3 12.3 22.3  57881  53002  62760                                        Pope County                                   AR est22all.txt 03DEC2023
05 117     1182      879     1485 14.9 11.1 18.7      345      222      468 21.1 13.6 28.6      249      158      340 20.5 13.0 28.0  51017  44598  57436                                        Prairie County                                AR est22all.txt 03DEC2023
05 119    67560    59458    75662 17.3 15.2 19.4    22117    17987    26247 24.6 20.0 29.2    15277    12375    18179 23.3 18.9 27.7  57057  54094  60020                                        Pulaski County                                AR est22all.txt 03DEC2023
05 121     3674     3030     4318 19.9 16.4 23.4     1084      769     1399 24.0 17.0 31.0      768      537      999 23.4 16.4 30.4  45638  40093  51183                                        Randolph County                               AR est22all.txt 03DEC2023
05 123     6544     5295     7793 34.4 27.8 41.0     2089     1569     2609 44.8 33.7 55.9     1370      933     1807 41.6 28.3 54.9  38062  33668  42456                                        St. Francis County                            AR est22all.txt 03DEC2023
05 125    12335    10336    14334  9.8  8.2 11.4     3393     2473     4313 11.9  8.7 15.1     2334     1646     3022 10.7  7.5 13.9  70330  64908  75752                                        Saline County                                 AR est22all.txt 03DEC2023
05 127     2042     1584     2500 21.2 16.4 26.0      680      477      883 31.1 21.8 40.4      468      326      610 29.0 20.2 37.8  42599  37454  47744                                        Scott County                                  AR est22all.txt 03DEC2023
05 129     1703     1317     2089 21.7 16.8 26.6      483      337      629 30.9 21.5 40.3      349      240      458 29.3 20.1 38.5  38070  33384  42756                                        Searcy County                                 AR est22all.txt 03DEC2023
05 131    21673    18710    24636 17.1 14.8 19.4     5902     4304     7500 19.8 14.4 25.2     3608     2391     4825 16.5 10.9 22.1  52679  48969  56389                                        Sebastian County                              AR est22all.txt 03DEC2023
05 133     3203     2589     3817 20.6 16.6 24.6     1160      858     1462 26.6 19.7 33.5      873      658     1088 26.6 20.0 33.2  49384  43320  55448                                        Sevier County                                 AR est22all.txt 03DEC2023
05 135     3433     2705     4161 19.5 15.4 23.6      998      702     1294 27.6 19.4 35.8      731      510      952 27.4 19.1 35.7  45740  40459  51021                                        Sharp County                                  AR est22all.txt 03DEC2023
05 137     2531     1981     3081 20.4 16.0 24.8      750      537      963 31.1 22.3 39.9      532      368      696 29.9 20.7 39.1  41063  36208  45918                                        Stone County                                  AR est22all.txt 03DEC2023
05 139     6993     5698     8288 18.9 15.4 22.4     2071     1465     2677 23.4 16.5 30.3     1459      987     1931 21.8 14.8 28.8  50258  45009  55507                                        Union County                                  AR est22all.txt 03DEC2023
05 141     3127     2580     3674 19.6 16.2 23.0      761      536      986 25.3 17.8 32.8      557      391      723 24.2 17.0 31.4  47150  41421  52879                                        Van Buren County                              AR est22all.txt 03DEC2023
05 143    35177    30918    39436 14.3 12.6 16.0     8364     6377    10351 14.4 11.0 17.8     5649     4233     7065 13.3 10.0 16.6  62100  58140  66060                                        Washington County                             AR est22all.txt 03DEC2023
05 145    11907     9790    14024 15.9 13.1 18.7     3374     2440     4308 19.2 13.9 24.5     2393     1702     3084 18.0 12.8 23.2  56866  52536  61196                                        White County                                  AR est22all.txt 03DEC2023
05 147     1337     1005     1669 22.6 17.0 28.2      414      273      555 32.2 21.2 43.2      300      196      404 31.8 20.7 42.9  41225  36038  46412                                        Woodruff County                               AR est22all.txt 03DEC2023
05 149     3235     2495     3975 16.3 12.6 20.0     1065      727     1403 22.8 15.6 30.0      737      496      978 21.3 14.3 28.3  50275  44500  56050                                        Yell County                                   AR est22all.txt 03DEC2023
06   0  4673718  4623575  4723861 12.2 12.1 12.3  1275904  1247003  1304805 15.3 15.0 15.6   926365   900269   952461 14.8 14.4 15.2  91517  91049  91985  318877  305719  332035 15.4 14.8 16.0 California                                    CA est22all.txt 03DEC2023
06   1   161918   152173   171663 10.1  9.5 10.7    32186    27511    36861 10.3  8.8 11.8    21718    18134    25302  9.4  7.8 11.0 121190 118039 124341                                        Alameda County                                CA est22all.txt 03DEC2023
06   3      193      148      238 16.3 12.5 20.1       50       34       66 26.6 18.1 35.1       35       24       46 24.1 16.4 31.8  71646  62602  80690                                        Alpine County                                 CA est22all.txt 03DEC2023
06   5     3767     2928     4606 10.1  7.9 12.3      746      516      976 12.0  8.3 15.7      540      370      710 11.8  8.1 15.5  74356  67892  80820                                        Amador County                                 CA est22all.txt 03DEC2023
06   7    37152    33470    40834 18.3 16.5 20.1     7632     5954     9310 18.7 14.6 22.8     5343     4074     6612 17.8 13.6 22.0  63353  59804  66902                                        Butte County                                  CA est22all.txt 03DEC2023
06   9     5561     4381     6741 12.1  9.5 14.7     1267      904     1630 16.2 11.6 20.8      861      584     1138 14.9 10.1 19.7  73175  64882  81468                                        Calaveras County                              CA est22all.txt 03DEC2023
06  11     2324     1748     2900 10.7  8.1 13.3      785      554     1016 13.7  9.7 17.7      550      382      718 12.7  8.8 16.6  72963  67102  78824                                        Colusa County                                 CA est22all.txt 03DEC2023
06  13    99767    89249   110285  8.7  7.8  9.6    24751    20820    28682 10.0  8.4 11.6    17801    14701    20901  9.5  7.8 11.2 119667 116587 122747                                        Contra Costa County                           CA est22all.txt 03DEC2023
06  15     4088     3024     5152 16.5 12.2 20.8     1243      849     1637 22.5 15.4 29.6      905      616     1194 21.5 14.6 28.4  57297  52171  62423                                        Del Norte County                              CA est22all.txt 03DEC2023
06  17    14477    11906    17048  7.6  6.3  8.9     2384     1574     3194  6.5  4.3  8.7     1759     1163     2355  6.2  4.1  8.3 104859 100820 108898                                        El Dorado County                              CA est22all.txt 03DEC2023
06  19   185876   172943   198809 18.6 17.3 19.9    69172    62974    75370 25.1 22.9 27.3    51593    46610    56576 25.0 22.6 27.4  68693  66276  71110                                        Fresno County                                 CA est22all.txt 03DEC2023
06  21     3933     3073     4793 14.0 10.9 17.1     1433     1069     1797 19.2 14.3 24.1     1042      778     1306 18.4 13.7 23.1  63247  57048  69446                                        Glenn County                                  CA est22all.txt 03DEC2023
06  23    23910    21160    26660 18.0 15.9 20.1     5012     3758     6266 20.5 15.4 25.6     3618     2645     4591 20.1 14.7 25.5  57660  54646  60674                                        Humboldt County                               CA est22all.txt 03DEC2023
06  25    36354    32180    40528 21.2 18.8 23.6    13642    11542    15742 27.5 23.3 31.7     9579     7856    11302 25.5 20.9 30.1  55523  50620  60426                                        Imperial County                               CA est22all.txt 03DEC2023
06  27     2073     1599     2547 11.2  8.6 13.8      503      344      662 13.5  9.2 17.8      356      239      473 12.6  8.5 16.7  64332  57108  71556                                        Inyo County                                   CA est22all.txt 03DEC2023
06  29   158995   148743   169247 17.8 16.7 18.9    60314    55220    65408 23.6 21.6 25.6    44887    40679    49095 23.3 21.1 25.5  65981  64214  67748                                        Kern County                                   CA est22all.txt 03DEC2023
06  31    24576    20178    28974 17.9 14.7 21.1     8579     6865    10293 21.3 17.0 25.6     6463     5270     7656 22.0 17.9 26.1  63683  59067  68299                                        Kings County                                  CA est22all.txt 03DEC2023
06  33    11556     9384    13728 17.1 13.9 20.3     3304     2418     4190 22.8 16.7 28.9     2284     1615     2953 21.5 15.2 27.8  51848  47931  55765                                        Lake County                                   CA est22all.txt 03DEC2023
06  35     4060     3193     4927 17.2 13.5 20.9      907      651     1163 17.0 12.2 21.8      638      457      819 16.3 11.7 20.9  60308  52972  67644                                        Lassen County                                 CA est22all.txt 03DEC2023
06  37  1328547  1291492  1365602 13.9 13.5 14.3   351449   334324   368574 18.1 17.2 19.0   262174   248502   275846 17.9 17.0 18.8  82455  81813  83097                                        Los Angeles County                            CA est22all.txt 03DEC2023
06  39    33721    29965    37477 22.0 19.6 24.4    13297    11518    15076 31.3 27.1 35.5    10114     8788    11440 31.7 27.5 35.9  71273  66341  76205                                        Madera County                                 CA est22all.txt 03DEC2023
06  41    19345    16142    22548  7.7  6.4  9.0     3863     3065     4661  8.1  6.4  9.8     2935     2349     3521  8.0  6.4  9.6 135960 126214 145706                                        Marin County                                  CA est22all.txt 03DEC2023
06  43     2555     1996     3114 15.1 11.8 18.4      625      457      793 21.3 15.6 27.0      474      346      602 21.6 15.8 27.4  66513  60389  72637                                        Mariposa County                               CA est22all.txt 03DEC2023
06  45    15657    13249    18065 17.6 14.9 20.3     4140     3214     5066 22.6 17.5 27.7     2804     2088     3520 20.5 15.3 25.7  63621  58519  68723                                        Mendocino County                              CA est22all.txt 03DEC2023
06  47    53454    47668    59240 18.8 16.8 20.8    21234    18594    23874 26.0 22.8 29.2    14036    11793    16279 22.7 19.1 26.3  65253  61387  69119                                        Merced County                                 CA est22all.txt 03DEC2023
06  49     1154      780     1528 13.7  9.3 18.1      425      295      555 28.0 19.4 36.6      310      213      407 26.1 18.0 34.2  51166  45778  56554                                        Modoc County                                  CA est22all.txt 03DEC2023
06  51     1319     1069     1569 10.3  8.4 12.2      231      161      301 10.6  7.4 13.8      161      110      212  9.9  6.8 13.0  79105  69292  88918                                        Mono County                                   CA est22all.txt 03DEC2023
06  53    50699    44724    56674 12.1 10.7 13.5    17671    14649    20693 16.4 13.6 19.2    12789    10549    15029 16.0 13.2 18.8  91450  88771  94129                                        Monterey County                               CA est22all.txt 03DEC2023
06  55    11343     9540    13146  8.6  7.2 10.0     2354     1748     2960  9.3  6.9 11.7     1528     1108     1948  7.9  5.7 10.1  98580  92412 104748                                        Napa County                                   CA est22all.txt 03DEC2023
06  57    10683     8969    12397 10.6  8.9 12.3     1968     1345     2591 11.8  8.1 15.5     1443      987     1899 11.5  7.9 15.1  80069  72665  87473                                        Nevada County                                 CA est22all.txt 03DEC2023
06  59   308990   288357   329623 10.0  9.3 10.7    70338    61524    79152 11.0  9.6 12.4    51491    45076    57906 10.7  9.4 12.0 106047 104752 107342                                        Orange County                                 CA est22all.txt 03DEC2023
06  61    25827    21894    29760  6.2  5.2  7.2     4904     3625     6183  5.5  4.1  6.9     3551     2585     4517  5.2  3.8  6.6 106114 101033 111195                                        Placer County                                 CA est22all.txt 03DEC2023
06  63     2416     1803     3029 12.6  9.4 15.8      575      399      751 18.0 12.5 23.5      411      281      541 16.9 11.6 22.2  66725  59569  73881                                        Plumas County                                 CA est22all.txt 03DEC2023
06  65   264935   245049   284821 10.9 10.1 11.7    77331    68501    86161 13.3 11.8 14.8    53628    46932    60324 12.1 10.6 13.6  86350  84740  87960                                        Riverside County                              CA est22all.txt 03DEC2023
06  67   190656   176778   204534 12.2 11.3 13.1    54525    47887    61163 15.4 13.5 17.3    38760    33348    44172 14.8 12.7 16.9  83985  82277  85693                                        Sacramento County                             CA est22all.txt 03DEC2023
06  69     4842     3532     6152  7.2  5.3  9.1     1385      918     1852  8.3  5.5 11.1     1050      701     1399  8.4  5.6 11.2 106560  99184 113936                                        San Benito County                             CA est22all.txt 03DEC2023
06  71   291258   270989   311527 13.5 12.6 14.4    99605    90407   108803 18.2 16.5 19.9    72773    65866    79680 17.7 16.0 19.4  78779  77270  80288                                        San Bernardino County                         CA est22all.txt 03DEC2023
06  73   338482   316526   360438 10.7 10.0 11.4    84001    74671    93331 12.6 11.2 14.0    59254    52371    66137 12.1 10.7 13.5  98365  96503 100227                                        San Diego County                              CA est22all.txt 03DEC2023
06  75    83231    76667    89795 10.4  9.6 11.2     8572     5954    11190  7.9  5.5 10.3     6773     4785     8761  9.0  6.3 11.7 135366 132087 138645                                        San Francisco County                          CA est22all.txt 03DEC2023
06  77    96295    85432   107158 12.3 10.9 13.7    32521    27770    37272 16.0 13.7 18.3    22329    18965    25693 14.6 12.4 16.8  84738  81692  87784                                        San Joaquin County                            CA est22all.txt 03DEC2023
06  79    31956    28099    35813 11.9 10.5 13.3     5048     3765     6331 10.7  8.0 13.4     3534     2574     4494 10.1  7.4 12.8  88578  83993  93163                                        San Luis Obispo County                        CA est22all.txt 03DEC2023
06  81    52227    46429    58025  7.2  6.4  8.0     9978     7972    11984  7.2  5.7  8.7     7365     5952     8778  7.2  5.8  8.6 143795 137828 149762                                        San Mateo County                              CA est22all.txt 03DEC2023
06  83    59962    54161    65763 14.1 12.7 15.5    15293    12571    18015 16.1 13.2 19.0    10701     8732    12670 15.5 12.7 18.3  89334  85671  92997                                        Santa Barbara County                          CA est22all.txt 03DEC2023
06  85   137728   126242   149214  7.5  6.9  8.1    25899    21111    30687  6.9  5.6  8.2    18260    14933    21587  6.5  5.3  7.7 150502 147818 153186                                        Santa Clara County                            CA est22all.txt 03DEC2023
06  87    31936    28162    35710 12.5 11.0 14.0     5592     4186     6998 12.0  9.0 15.0     4039     3023     5055 11.4  8.5 14.3  99256  93462 105050                                        Santa Cruz County                             CA est22all.txt 03DEC2023
06  89    24791    21362    28220 13.9 12.0 15.8     5971     4396     7546 15.8 11.6 20.0     4403     3204     5602 15.6 11.4 19.8  66312  62136  70488                                        Shasta County                                 CA est22all.txt 03DEC2023
06  91      389      290      488 12.2  9.1 15.3       71       49       93 13.6  9.3 17.9       52       35       69 13.6  9.3 17.9  63939  55881  71997                                        Sierra County                                 CA est22all.txt 03DEC2023
06  93     6823     5836     7810 15.8 13.5 18.1     1512     1076     1948 17.7 12.6 22.8     1135      815     1455 17.3 12.4 22.2  51593  47125  56061                                        Siskiyou County                               CA est22all.txt 03DEC2023
06  95    43957    38438    49476 10.0  8.7 11.3    11210     8963    13457 11.7  9.3 14.1     7751     6088     9414 11.0  8.6 13.4  92711  89373  96049                                        Solano County                                 CA est22all.txt 03DEC2023
06  97    42504    37027    47981  8.9  7.8 10.0     8295     6186    10404  9.4  7.0 11.8     5924     4362     7486  8.9  6.5 11.3  96312  92671  99953                                        Sonoma County                                 CA est22all.txt 03DEC2023
06  99    81730    73891    89569 15.0 13.6 16.4    26509    22988    30030 18.5 16.0 21.0    19496    16703    22289 18.2 15.6 20.8  75249  72669  77829                                        Stanislaus County                             CA est22all.txt 03DEC2023
06 101    13784    11435    16133 14.1 11.7 16.5     4365     3390     5340 18.0 14.0 22.0     3205     2477     3933 17.7 13.7 21.7  66071  59890  72252                                        Sutter County                                 CA est22all.txt 03DEC2023
06 103     9732     7855    11609 15.1 12.2 18.0     2922     2086     3758 19.3 13.8 24.8     1973     1360     2586 17.4 12.0 22.8  58900  54112  63688                                        Tehama County                                 CA est22all.txt 03DEC2023
06 105     2617     1901     3333 16.8 12.2 21.4      650      433      867 24.4 16.3 32.5      482      322      642 24.0 16.0 32.0  49485  43292  55678                                        Trinity County                                CA est22all.txt 03DEC2023
06 107    86096    77306    94886 18.2 16.3 20.1    33866    29709    38023 24.3 21.3 27.3    24500    21208    27792 23.2 20.1 26.3  64313  62335  66291                                        Tulare County                                 CA est22all.txt 03DEC2023
06 109     7014     5837     8191 13.5 11.2 15.8     1386     1002     1770 15.1 10.9 19.3      937      669     1205 13.8  9.9 17.7  70108  64312  75904                                        Tuolumne County                               CA est22all.txt 03DEC2023
06 111    78211    68646    87776  9.5  8.3 10.7    21960    18101    25819 12.5 10.3 14.7    16516    13571    19461 12.4 10.2 14.6 101981  99057 104905                                        Ventura County                                CA est22all.txt 03DEC2023
06 113    33935    30271    37599 16.1 14.4 17.8     6213     5018     7408 14.5 11.7 17.3     4418     3528     5308 13.5 10.8 16.2  82359  76999  87719                                        Yolo County                                   CA est22all.txt 03DEC2023
06 115    12337    10058    14616 14.9 12.2 17.6     4235     3183     5287 19.0 14.3 23.7     2914     2103     3725 18.0 13.0 23.0  63626  59516  67736                                        Yuba County                                   CA est22all.txt 03DEC2023
08   0   542333   527041   557625  9.5  9.2  9.8   133767   125156   142378 11.1 10.4 11.8    95548    87750   103346 10.7  9.8 11.6  89096  87864  90328   34104   30417   37791 11.2 10.0 12.4 Colorado                                      CO est22all.txt 03DEC2023
08   1    53153    44960    61346 10.2  8.6 11.8    18220    14602    21838 14.2 11.4 17.0    13437    10813    16061 14.1 11.3 16.9  89849  86221  93477                                        Adams County                                  CO est22all.txt 03DEC2023
08   3     2727     2084     3370 17.4 13.3 21.5      846      566     1126 21.2 14.2 28.2      638      429      847 21.3 14.3 28.3  53942  48063  59821                                        Alamosa County                                CO est22all.txt 03DEC2023
08   5    52215    45849    58581  8.0  7.0  9.0    14397    11564    17230 10.0  8.0 12.0    10628     8545    12711  9.9  8.0 11.8  93525  90811  96239                                        Arapahoe County                               CO est22all.txt 03DEC2023
08   7     1362     1003     1721  9.8  7.2 12.4      399      270      528 17.0 11.5 22.5      296      199      393 16.8 11.3 22.3  66025  58536  73514                                        Archuleta County                              CO est22all.txt 03DEC2023
08   9      642      480      804 19.0 14.2 23.8      202      135      269 26.4 17.7 35.1      146       98      194 25.5 17.0 34.0  47147  41256  53038                                        Baca County                                   CO est22all.txt 03DEC2023
08  11     1120      854     1386 27.0 20.6 33.4      252      176      328 29.1 20.3 37.9      189      132      246 28.5 19.9 37.1  42958  37672  48244                                        Bent County                                   CO est22all.txt 03DEC2023
08  13    37074    33875    40273 11.8 10.8 12.8     4802     3641     5963  8.6  6.5 10.7     3507     2651     4363  8.0  6.0 10.0  96584  92300 100868                                        Boulder County                                CO est22all.txt 03DEC2023
08  14     4014     3221     4807  5.3  4.3  6.3      841      608     1074  5.5  4.0  7.0      608      437      779  5.1  3.7  6.5 114746 105536 123956                                        Broomfield County                             CO est22all.txt 03DEC2023
08  15     1906     1459     2353 10.0  7.7 12.3      330      226      434 11.2  7.7 14.7      237      158      316 10.8  7.2 14.4  75151  66589  83713                                        Chaffee County                                CO est22all.txt 03DEC2023
08  17      238      178      298 14.0 10.5 17.5       86       58      114 20.5 13.8 27.2       63       42       84 19.2 12.8 25.6  62891  54996  70786                                        Cheyenne County                               CO est22all.txt 03DEC2023
08  19      691      521      861  7.4  5.6  9.2      131       89      173 10.4  7.1 13.7       92       62      122  9.9  6.7 13.1  90350  79567 101133                                        Clear Creek County                            CO est22all.txt 03DEC2023
08  21     1358     1033     1683 18.1 13.8 22.4      436      295      577 23.0 15.6 30.4      325      218      432 23.2 15.6 30.8  49141  43269  55013                                        Conejos County                                CO est22all.txt 03DEC2023
08  23      832      643     1021 23.2 17.9 28.5      227      153      301 34.7 23.4 46.0      174      117      231 34.7 23.3 46.1  36970  32402  41538                                        Costilla County                               CO est22all.txt 03DEC2023
08  25     1090      798     1382 35.6 26.1 45.1      209      146      272 31.4 21.9 40.9      153      106      200 29.7 20.6 38.8  49785  45180  54390                                        Crowley County                                CO est22all.txt 03DEC2023
08  27      581      435      727 10.9  8.1 13.7      143       95      191 18.5 12.3 24.7      108       71      145 19.1 12.6 25.6  67766  61079  74453                                        Custer County                                 CO est22all.txt 03DEC2023
08  29     4549     3668     5430 14.6 11.8 17.4     1207      878     1536 20.2 14.7 25.7      855      610     1100 19.0 13.6 24.4  53910  48344  59476                                        Delta County                                  CO est22all.txt 03DEC2023
08  31    83390    75266    91514 11.9 10.7 13.1    21182    17515    24849 16.7 13.8 19.6    14320    11540    17100 16.2 13.1 19.3  87619  84267  90971                                        Denver County                                 CO est22all.txt 03DEC2023
08  33      323      241      405 13.2  9.9 16.5       68       46       90 16.3 11.0 21.6       51       35       67 15.5 10.5 20.5  56695  49441  63949                                        Dolores County                                CO est22all.txt 03DEC2023
08  35    11794     9897    13691  3.1  2.6  3.6     2053     1403     2703  2.4  1.6  3.2     1431      953     1909  2.1  1.4  2.8 140768 136584 144952                                        Douglas County                                CO est22all.txt 03DEC2023
08  37     3993     3082     4904  7.2  5.5  8.9      820      562     1078  7.5  5.2  9.8      539      368      710  6.4  4.4  8.4 105813  95657 115969                                        Eagle County                                  CO est22all.txt 03DEC2023
08  39     1523     1162     1884  5.5  4.2  6.8      405      283      527  7.1  5.0  9.2      274      187      361  6.1  4.1  8.1 120394 108671 132117                                        Elbert County                                 CO est22all.txt 03DEC2023
08  41    61445    53716    69174  8.5  7.4  9.6    17269    13865    20673 10.3  8.3 12.3    12356     9802    14910 10.1  8.0 12.2  82248  79753  84743                                        El Paso County                                CO est22all.txt 03DEC2023
08  43     6998     5537     8459 16.8 13.3 20.3     1551     1123     1979 20.2 14.6 25.8     1137      818     1456 19.8 14.2 25.4  57275  51106  63444                                        Fremont County                                CO est22all.txt 03DEC2023
08  45     4894     3690     6098  8.0  6.0 10.0     1513     1026     2000 10.3  7.0 13.6     1052      713     1391  9.7  6.6 12.8  86566  77577  95555                                        Garfield County                               CO est22all.txt 03DEC2023
08  47      373      274      472  6.4  4.7  8.1       67       45       89  8.4  5.6 11.2       34       22       46  5.6  3.6  7.6  89805  78812 100798                                        Gilpin County                                 CO est22all.txt 03DEC2023
08  49     1101      832     1370  7.0  5.3  8.7      209      141      277  8.7  5.9 11.5      151      101      201  8.2  5.5 10.9  88059  78133  97985                                        Grand County                                  CO est22all.txt 03DEC2023
08  51     1578     1163     1993  9.7  7.1 12.3      249      169      329  9.3  6.3 12.3      168      113      223  8.3  5.6 11.0  88855  83150  94560                                        Gunnison County                               CO est22all.txt 03DEC2023
08  53       62       46       78  8.0  5.9 10.1       16       11       21 16.2 10.9 21.5       11        7       15 14.3  9.3 19.3  70675  61648  79702                                        Hinsdale County                               CO est22all.txt 03DEC2023
08  55     1356     1054     1658 19.4 15.1 23.7      328      222      434 29.4 19.9 38.9      236      159      313 27.5 18.5 36.5  47968  43209  52727                                        Huerfano County                               CO est22all.txt 03DEC2023
08  57      175      132      218 13.5 10.2 16.8       44       30       58 19.1 13.0 25.2       33       22       44 18.4 12.5 24.3  62439  54456  70422                                        Jackson County                                CO est22all.txt 03DEC2023
08  59    37513    32205    42821  6.6  5.7  7.5     7043     5040     9046  6.8  4.9  8.7     5093     3621     6565  6.6  4.7  8.5 102413  99362 105464                                        Jefferson County                              CO est22all.txt 03DEC2023
08  61      209      160      258 15.0 11.5 18.5       68       46       90 20.3 13.7 26.9       48       32       64 18.8 12.7 24.9  55573  48440  62706                                        Kiowa County                                  CO est22all.txt 03DEC2023
08  63      786      573      999 11.4  8.3 14.5      291      192      390 16.8 11.1 22.5      215      142      288 16.3 10.7 21.9  56720  53601  59839                                        Kit Carson County                             CO est22all.txt 03DEC2023
08  65      798      585     1011 11.0  8.1 13.9      239      161      317 16.6 11.2 22.0      167      112      222 16.0 10.7 21.3  71326  64488  78164                                        Lake County                                   CO est22all.txt 03DEC2023
08  67     6407     5300     7514 11.7  9.7 13.7     1284      973     1595 13.2 10.0 16.4      911      681     1141 12.2  9.1 15.3  79358  74269  84447                                        La Plata County                               CO est22all.txt 03DEC2023
08  69    39357    35563    43151 11.0  9.9 12.1     5903     4477     7329  9.0  6.8 11.2     4130     3065     5195  8.3  6.2 10.4  88338  82935  93741                                        Larimer County                                CO est22all.txt 03DEC2023
08  71     2476     1953     2999 17.8 14.0 21.6      611      414      808 23.8 16.1 31.5      468      319      617 24.1 16.4 31.8  49097  43577  54617                                        Las Animas County                             CO est22all.txt 03DEC2023
08  73      745      551      939 16.1 11.9 20.3      199      133      265 18.1 12.1 24.1      151      102      200 18.5 12.5 24.5  54345  47935  60755                                        Lincoln County                                CO est22all.txt 03DEC2023
08  75     2774     2138     3410 15.2 11.7 18.7      650      468      832 17.7 12.8 22.6      477      341      613 17.9 12.8 23.0  58976  52102  65850                                        Logan County                                  CO est22all.txt 03DEC2023
08  77    16577    13835    19319 10.7  8.9 12.5     4218     3008     5428 13.3  9.5 17.1     2804     1932     3676 11.8  8.1 15.5  69578  65556  73600                                        Mesa County                                   CO est22all.txt 03DEC2023
08  79       81       61      101  8.7  6.5 10.9       13        9       17 10.9  7.2 14.6       10        7       13 12.2  8.0 16.4  69794  61100  78488                                        Mineral County                                CO est22all.txt 03DEC2023
08  81     1302      954     1650 10.0  7.3 12.7      419      280      558 13.1  8.8 17.4      286      192      380 11.4  7.6 15.2  69088  60596  77580                                        Moffat County                                 CO est22all.txt 03DEC2023
08  83     3975     3044     4906 15.2 11.7 18.7     1248      845     1651 22.9 15.5 30.3      908      618     1198 22.0 15.0 29.0  58345  53040  63650                                        Montezuma County                              CO est22all.txt 03DEC2023
08  85     5101     3995     6207 11.7  9.2 14.2     1337      903     1771 15.4 10.4 20.4      914      607     1221 13.8  9.2 18.4  65736  58399  73073                                        Montrose County                               CO est22all.txt 03DEC2023
08  87     3311     2507     4115 11.5  8.7 14.3     1091      741     1441 14.4  9.8 19.0      773      521     1025 14.1  9.5 18.7  65599  57741  73457                                        Morgan County                                 CO est22all.txt 03DEC2023
08  89     4160     3445     4875 23.2 19.2 27.2     1370     1083     1657 32.7 25.9 39.5      990      770     1210 31.1 24.2 38.0  46607  40838  52376                                        Otero County                                  CO est22all.txt 03DEC2023
08  91      335      250      420  6.6  4.9  8.3       57       39       75  8.1  5.5 10.7       40       27       53  7.4  4.9  9.9  90837  79989 101685                                        Ouray County                                  CO est22all.txt 03DEC2023
08  93     1460     1102     1818  8.2  6.2 10.2      271      189      353 10.6  7.4 13.8      189      132      246  9.8  6.8 12.8  88020  77805  98235                                        Park County                                   CO est22all.txt 03DEC2023
08  95      489      362      616 11.2  8.3 14.1      145       98      192 13.6  9.2 18.0      107       72      142 13.2  8.9 17.5  68571  62942  74200                                        Phillips County                               CO est22all.txt 03DEC2023
08  97     1070      825     1315  6.4  4.9  7.9      106       72      140  4.3  2.9  5.7       74       50       98  4.0  2.7  5.3 111291  97360 125222                                        Pitkin County                                 CO est22all.txt 03DEC2023
08  99     2145     1629     2661 18.6 14.1 23.1      733      494      972 24.1 16.2 32.0      528      354      702 23.1 15.5 30.7  48832  42827  54837                                        Prowers County                                CO est22all.txt 03DEC2023
08 101    24790    20843    28737 14.9 12.5 17.3     6588     4776     8400 18.1 13.1 23.1     4800     3466     6134 17.6 12.7 22.5  58314  53990  62638                                        Pueblo County                                 CO est22all.txt 03DEC2023
08 103      634      466      802  9.9  7.3 12.5      182      123      241 11.9  8.0 15.8      130       87      173 10.8  7.2 14.4  71630  62826  80434                                        Rio Blanco County                             CO est22all.txt 03DEC2023
08 105     1579     1200     1958 14.1 10.7 17.5      487      327      647 20.6 13.8 27.4      365      244      486 20.5 13.7 27.3  56877  50313  63441                                        Rio Grande County                             CO est22all.txt 03DEC2023
08 107     1489     1144     1834  6.0  4.6  7.4      253      177      329  6.0  4.2  7.8      182      126      238  5.6  3.9  7.3 104407  95021 113793                                        Routt County                                  CO est22all.txt 03DEC2023
08 109     1487     1157     1817 22.5 17.5 27.5      365      250      480 29.7 20.3 39.1      263      181      345 27.5 18.9 36.1  45048  39259  50837                                        Saguache County                               CO est22all.txt 03DEC2023
08 111       99       73      125 12.4  9.2 15.6       20       13       27 23.5 15.9 31.1       16       11       21 24.6 16.7 32.5  62732  55177  70287                                        San Juan County                               CO est22all.txt 03DEC2023
08 113      562      406      718  7.0  5.1  8.9      107       72      142  8.4  5.7 11.1       76       51      101  7.7  5.1 10.3  94387  82387 106387                                        San Miguel County                             CO est22all.txt 03DEC2023
08 115      319      241      397 14.1 10.7 17.5       88       61      115 20.6 14.2 27.0       63       42       84 18.8 12.6 25.0  46980  41205  52755                                        Sedgwick County                               CO est22all.txt 03DEC2023
08 117     2651     2188     3114  8.7  7.2 10.2      316      222      410  6.8  4.8  8.8      193      133      253  5.6  3.8  7.4  96984  85169 108799                                        Summit County                                 CO est22all.txt 03DEC2023
08 119     1928     1466     2390  7.8  5.9  9.7      472      319      625 11.7  7.9 15.5      345      231      459 11.0  7.4 14.6  81466  72202  90730                                        Teller County                                 CO est22all.txt 03DEC2023
08 121      569      431      707 12.3  9.3 15.3      184      123      245 17.0 11.4 22.6      132       88      176 15.8 10.6 21.0  61492  56645  66339                                        Washington County                             CO est22all.txt 03DEC2023
08 123    31318    26575    36061  9.1  7.7 10.5     8454     6296    10612  9.7  7.2 12.2     6143     4545     7741  9.6  7.1 12.1  90770  86684  94856                                        Weld County                                   CO est22all.txt 03DEC2023
08 125     1280      971     1589 13.2 10.0 16.4      457      309      605 16.9 11.4 22.4      308      202      414 15.1  9.9 20.3  56075  49369  62781                                        Yuma County                                   CO est22all.txt 03DEC2023
09   0   345710   333991   357429  9.8  9.5 10.1    89266    83260    95272 12.4 11.6 13.2    62726    57547    67905 11.6 10.6 12.6  88182  86603  89761   23634   20747   26521 13.3 11.7 14.9 Connecticut                                   CT est22all.txt 03DEC2023
09 110    97319    88512   106126 10.3  9.4 11.2    26420    22726    30114 13.6 11.7 15.5    18513    15681    21345 12.7 10.8 14.6  84551  82535  86567                                        Capitol Planning Region                       CT est22all.txt 03DEC2023
09 120    41540    36491    46589 13.1 11.5 14.7    10682     8648    12716 15.4 12.5 18.3     7686     6121     9251 14.6 11.6 17.6  81042  77346  84738                                        Greater Bridgeport Planning Region            CT est22all.txt 03DEC2023
09 130    11880     9805    13955  7.0  5.8  8.2     2119     1553     2685  7.3  5.3  9.3     1486     1062     1910  6.8  4.9  8.7  99557  95707 103407                                        Lower Connecticut River Valley Planning Regio CT est22all.txt 03DEC2023
09 140    43191    37081    49301  9.7  8.3 11.1    11028     8487    13569 12.1  9.3 14.9     8015     6129     9901 11.7  8.9 14.5  81783  78847  84719                                        Naugatuck Valley Planning Region              CT est22all.txt 03DEC2023
09 150     8047     6305     9789  8.5  6.7 10.3     2016     1447     2585 10.9  7.8 14.0     1352      939     1765  9.7  6.7 12.7  81711  75892  87530                                        Northeastern Connecticut Planning Region      CT est22all.txt 03DEC2023
09 160     8813     7210    10416  7.9  6.5  9.3     1876     1337     2415  9.1  6.5 11.7     1330      932     1728  8.5  6.0 11.0  87206  82644  91768                                        Northwest Hills Planning Region               CT est22all.txt 03DEC2023
09 170    60090    53551    66629 11.0  9.8 12.2    17243    14374    20112 15.7 13.1 18.3    11703     9500    13906 14.3 11.6 17.0  84615  81365  87865                                        South Central Connecticut Planning Region     CT est22all.txt 03DEC2023
09 180    28992    25317    32667 10.8  9.4 12.2     6534     5072     7996 12.6  9.8 15.4     4704     3670     5738 12.1  9.4 14.8  80159  76148  84170                                        Southeastern Connecticut Planning Region      CT est22all.txt 03DEC2023
09 190    45839    40069    51609  7.4  6.5  8.3    11348     9247    13449  8.4  6.8 10.0     7937     6334     9540  7.8  6.2  9.4 122080 117991 126169                                        Western Connecticut Planning Region           CT est22all.txt 03DEC2023
10   0    99843    94392   105294 10.0  9.5 10.5    29390    26791    31989 14.3 13.0 15.6    20639    18302    22976 13.5 12.0 15.0  81933  80111  83755    8269    7146    9392 15.8 13.7 17.9 Delaware                                      DE est22all.txt 03DEC2023
10   1    19204    15675    22733 10.5  8.6 12.4     6087     4391     7783 14.5 10.4 18.6     4574     3332     5816 14.7 10.7 18.7  71866  67534  76198                                        Kent County                                   DE est22all.txt 03DEC2023
10   3    56547    50781    62313 10.1  9.1 11.1    15976    13380    18572 13.4 11.2 15.6    11100     9168    13032 12.5 10.3 14.7  85427  81552  89302                                        New Castle County                             DE est22all.txt 03DEC2023
10   5    24092    20244    27940  9.5  8.0 11.0     7327     5610     9044 16.8 12.9 20.7     4965     3679     6251 15.3 11.3 19.3  81188  78269  84107                                        Sussex County                                 DE est22all.txt 03DEC2023
11   0    91474    84632    98316 14.2 13.1 15.3    24651    19928    29374 20.0 16.2 23.8    17274    12841    21707 20.4 15.2 25.6  99897  97530 102264    6937    5658    8216 18.0 14.7 21.3 District of Columbia                          DC est22all.txt 03DEC2023
11   1    91474    84632    98316 14.2 13.1 15.3    24651    19928    29374 20.0 16.2 23.8    17274    12841    21707 20.4 15.2 25.6  99897  97530 102264                                        District of Columbia                          DC est22all.txt 03DEC2023
12   0  2770789  2731745  2809833 12.7 12.5 12.9   729819   707940   751698 17.3 16.8 17.8   500989   482264   519714 16.1 15.5 16.7  69287  68676  69898  210662  200184  221140 19.6 18.6 20.6 Florida                                       FL est22all.txt 03DEC2023
12   1    50816    45909    55723 19.1 17.3 20.9     7360     5123     9597 15.0 10.4 19.6     5138     3522     6754 14.3  9.8 18.8  58783  54516  63050                                        Alachua County                                FL est22all.txt 03DEC2023
12   3     3338     2487     4189 12.8  9.5 16.1     1202      805     1599 17.9 12.0 23.8      881      579     1183 17.9 11.8 24.0  67375  59323  75427                                        Baker County                                  FL est22all.txt 03DEC2023
12   5    21668    17613    25723 11.9  9.7 14.1     6700     4819     8581 17.8 12.8 22.8     4679     3347     6011 17.0 12.2 21.8  65521  61526  69516                                        Bay County                                    FL est22all.txt 03DEC2023
12   7     4028     3076     4980 16.4 12.5 20.3     1256      873     1639 22.8 15.9 29.7      910      615     1205 22.4 15.1 29.7  57664  51482  63846                                        Bradford County                               FL est22all.txt 03DEC2023
12   9    62175    54440    69910 10.0  8.8 11.2    14880    11037    18723 13.4  9.9 16.9    10505     7610    13400 12.5  9.0 16.0  74899  72426  77372                                        Brevard County                                FL est22all.txt 03DEC2023
12  11   257252   236641   277863 13.3 12.2 14.4    74305    65861    82749 18.9 16.8 21.0    52357    46088    58626 18.0 15.8 20.2  70834  69024  72644                                        Broward County                                FL est22all.txt 03DEC2023
12  13     2635     2039     3231 22.2 17.2 27.2      807      579     1035 30.1 21.6 38.6      579      414      744 28.5 20.4 36.6  46766  40877  52655                                        Calhoun County                                FL est22all.txt 03DEC2023
12  15    18138    15097    21179  9.1  7.6 10.6     3348     2214     4482 14.4  9.5 19.3     2292     1474     3110 12.9  8.3 17.5  65040  62027  68053                                        Charlotte County                              FL est22all.txt 03DEC2023
12  17    26985    23533    30437 16.9 14.7 19.1     5981     4759     7203 25.9 20.6 31.2     4241     3318     5164 24.3 19.0 29.6  52534  48736  56332                                        Citrus County                                 FL est22all.txt 03DEC2023
12  19    19677    15960    23394  8.8  7.1 10.5     5922     4262     7582 11.8  8.5 15.1     4093     2840     5346 10.6  7.4 13.8  84364  78889  89839                                        Clay County                                   FL est22all.txt 03DEC2023
12  21    40381    35145    45617 10.3  9.0 11.6    10486     8430    12542 16.6 13.3 19.9     7430     6002     8858 15.8 12.8 18.8  81821  78468  85174                                        Collier County                                FL est22all.txt 03DEC2023
12  23    12901    10874    14928 19.0 16.0 22.0     4022     3144     4900 26.2 20.5 31.9     2734     2045     3423 23.7 17.7 29.7  54060  49653  58467                                        Columbia County                               FL est22all.txt 03DEC2023
12  27     8087     6717     9457 24.8 20.6 29.0     1989     1496     2482 32.6 24.5 40.7     1282      906     1658 29.5 20.9 38.1  47097  41972  52222                                        DeSoto County                                 FL est22all.txt 03DEC2023
12  29     3411     2570     4252 22.1 16.7 27.5      929      654     1204 30.5 21.5 39.5      651      440      862 29.0 19.6 38.4  40587  35757  45417                                        Dixie County                                  FL est22all.txt 03DEC2023
12  31   137467   124253   150681 13.9 12.6 15.2    45053    38357    51749 20.3 17.3 23.3    29391    24087    34695 18.5 15.2 21.8  70203  67777  72629                                        Duval County                                  FL est22all.txt 03DEC2023
12  33    50147    44041    56253 16.4 14.4 18.4    16452    13422    19482 25.0 20.4 29.6    11195     8851    13539 23.6 18.7 28.5  61634  58852  64416                                        Escambia County                               FL est22all.txt 03DEC2023
12  35    11424     9254    13594  9.1  7.4 10.8     3266     2446     4086 16.5 12.4 20.6     2025     1387     2663 13.2  9.0 17.4  73336  67509  79163                                        Flagler County                                FL est22all.txt 03DEC2023
12  37     2050     1585     2515 18.1 14.0 22.2      501      352      650 27.3 19.2 35.4      357      250      464 26.0 18.2 33.8  52180  47332  57028                                        Franklin County                               FL est22all.txt 03DEC2023
12  39    10947     9476    12418 26.0 22.5 29.5     3218     2463     3973 34.7 26.5 42.9     2243     1657     2829 32.5 24.0 41.0  45628  40727  50529                                        Gadsden County                                FL est22all.txt 03DEC2023
12  41     2619     2003     3235 14.6 11.2 18.0      782      533     1031 20.4 13.9 26.9      573      387      759 20.4 13.8 27.0  58178  51862  64494                                        Gilchrist County                              FL est22all.txt 03DEC2023
12  43     2100     1618     2582 19.5 15.0 24.0      435      308      562 26.7 18.9 34.5      300      207      393 23.7 16.4 31.0  50559  44227  56891                                        Glades County                                 FL est22all.txt 03DEC2023
12  45     2425     1902     2948 18.0 14.1 21.9      637      473      801 25.7 19.1 32.3      420      293      547 22.2 15.5 28.9  55909  50345  61473                                        Gulf County                                   FL est22all.txt 03DEC2023
12  47     2715     2029     3401 23.4 17.5 29.3      927      633     1221 35.1 24.0 46.2      669      453      885 35.9 24.3 47.5  45484  40722  50246                                        Hamilton County                               FL est22all.txt 03DEC2023
12  49     5867     4857     6877 24.7 20.5 28.9     1894     1414     2374 29.9 22.3 37.5     1372     1019     1725 29.5 21.9 37.1  48572  42634  54510                                        Hardee County                                 FL est22all.txt 03DEC2023
12  51     8590     6858    10322 21.1 16.8 25.4     2796     2018     3574 27.5 19.8 35.2     1965     1410     2520 26.3 18.9 33.7  55308  50034  60582                                        Hendry County                                 FL est22all.txt 03DEC2023
12  53    24654    20531    28777 12.1 10.1 14.1     6094     4457     7731 16.3 11.9 20.7     4089     2813     5365 14.3  9.8 18.8  60582  56906  64258                                        Hernando County                               FL est22all.txt 03DEC2023
12  55    16289    13256    19322 15.6 12.7 18.5     4148     2833     5463 24.2 16.5 31.9     2975     2017     3933 23.0 15.6 30.4  51954  48581  55327                                        Highlands County                              FL est22all.txt 03DEC2023
12  57   191075   174993   207157 12.9 11.8 14.0    52185    44022    60348 16.4 13.8 19.0    35439    29258    41620 15.1 12.5 17.7  74091  72136  76046                                        Hillsborough County                           FL est22all.txt 03DEC2023
12  59     3513     2629     4397 19.6 14.7 24.5     1093      756     1430 28.0 19.4 36.6      786      533     1039 27.4 18.6 36.2  50118  45180  55056                                        Holmes County                                 FL est22all.txt 03DEC2023
12  61    19060    15951    22169 11.5  9.6 13.4     3975     2899     5051 16.5 12.0 21.0     2709     1877     3541 15.1 10.5 19.7  69462  64498  74426                                        Indian River County                           FL est22all.txt 03DEC2023
12  63     7242     5376     9108 17.5 13.0 22.0     2328     1610     3046 26.5 18.3 34.7     1588     1070     2106 25.0 16.9 33.1  50625  45942  55308                                        Jackson County                                FL est22all.txt 03DEC2023
12  65     2203     1673     2733 16.0 12.2 19.8      609      426      792 24.5 17.1 31.9      427      290      564 22.9 15.6 30.2  56900  50379  63421                                        Jefferson County                              FL est22all.txt 03DEC2023
12  67     1463     1162     1764 21.4 17.0 25.8      425      309      541 28.8 20.9 36.7      285      203      367 25.2 18.0 32.4  50775  44309  57241                                        Lafayette County                              FL est22all.txt 03DEC2023
12  69    39355    32757    45953  9.7  8.1 11.3    10749     7784    13714 14.2 10.3 18.1     7485     5234     9736 13.2  9.2 17.2  67637  64274  71000                                        Lake County                                   FL est22all.txt 03DEC2023
12  71    89587    80867    98307 11.1 10.0 12.2    21777    17891    25663 16.0 13.1 18.9    15761    12733    18789 15.8 12.8 18.8  71607  68305  74909                                        Lee County                                    FL est22all.txt 03DEC2023
12  73    52424    48184    56664 18.7 17.2 20.2     8747     6446    11048 16.4 12.1 20.7     6159     4380     7938 15.7 11.2 20.2  61560  58931  64189                                        Leon County                                   FL est22all.txt 03DEC2023
12  75     7151     5552     8750 15.9 12.3 19.5     2172     1546     2798 25.4 18.1 32.7     1504     1031     1977 23.5 16.1 30.9  55147  50728  59566                                        Levy County                                   FL est22all.txt 03DEC2023
12  77     1332     1012     1652 21.9 16.7 27.1      360      248      472 28.4 19.6 37.2      258      176      340 27.8 18.9 36.7  49514  43637  55391                                        Liberty County                                FL est22all.txt 03DEC2023
12  79     3537     2736     4338 21.2 16.4 26.0     1036      749     1323 32.3 23.4 41.2      729      502      956 31.4 21.6 41.2  46141  40501  51781                                        Madison County                                FL est22all.txt 03DEC2023
12  81    42580    36568    48592 10.1  8.7 11.5    10004     7296    12712 14.0 10.2 17.8     6701     4798     8604 12.5  9.0 16.0  72176  68084  76268                                        Manatee County                                FL est22all.txt 03DEC2023
12  83    60464    52525    68403 15.6 13.5 17.7    16645    12816    20474 23.2 17.9 28.5    11428     8549    14307 21.3 15.9 26.7  54517  51661  57373                                        Marion County                                 FL est22all.txt 03DEC2023
12  85    15939    13018    18860 10.1  8.3 11.9     3861     2892     4830 15.4 11.5 19.3     2651     1921     3381 14.1 10.2 18.0  80678  75372  85984                                        Martin County                                 FL est22all.txt 03DEC2023
12  86   381423   357813   405033 14.5 13.6 15.4    89891    78579   101203 17.3 15.1 19.5    61120    52461    69779 16.2 13.9 18.5  66952  65536  68368                                        Miami-Dade County                             FL est22all.txt 03DEC2023
12  87    10680     9035    12325 13.2 11.2 15.2     1795     1291     2299 14.4 10.4 18.4     1286      930     1642 14.2 10.3 18.1  79459  75209  83709                                        Monroe County                                 FL est22all.txt 03DEC2023
12  89     6603     5046     8160  6.8  5.2  8.4     1877     1263     2491 10.2  6.9 13.5     1323      881     1765  9.6  6.4 12.8  90808  86933  94683                                        Nassau County                                 FL est22all.txt 03DEC2023
12  91    16979    13201    20757  8.0  6.2  9.8     5934     4152     7716 12.6  8.8 16.4     4076     2790     5362 12.0  8.2 15.8  76663  72478  80848                                        Okaloosa County                               FL est22all.txt 03DEC2023
12  93     7027     5444     8610 18.4 14.3 22.5     2164     1515     2813 25.8 18.1 33.5     1478     1000     1956 25.1 17.0 33.2  50176  45854  54498                                        Okeechobee County                             FL est22all.txt 03DEC2023
12  95   178037   161188   194886 12.6 11.4 13.8    49216    40970    57462 16.3 13.6 19.0    32605    26567    38643 14.7 12.0 17.4  72129  70278  73980                                        Orange County                                 FL est22all.txt 03DEC2023
12  97    54089    46848    61330 12.9 11.2 14.6    18157    14567    21747 18.4 14.8 22.0    13079    10433    15725 17.6 14.0 21.2  63782  60122  67442                                        Osceola County                                FL est22all.txt 03DEC2023
12  99   165851   150945   180757 11.1 10.1 12.1    43300    36393    50207 15.7 13.2 18.2    29588    24212    34964 14.5 11.9 17.1  76713  74434  78992                                        Palm Beach County                             FL est22all.txt 03DEC2023
12 101    65148    57767    72529 10.9  9.7 12.1    16765    13498    20032 14.0 11.3 16.7    10411     7544    13278 11.5  8.3 14.7  65933  63147  68719                                        Pasco County                                  FL est22all.txt 03DEC2023
12 103   117299   106927   127671 12.4 11.3 13.5    22711    17650    27772 15.9 12.4 19.4    14524    10970    18078 13.6 10.3 16.9  66427  64833  68021                                        Pinellas County                               FL est22all.txt 03DEC2023
12 105   120353   110446   130260 15.7 14.4 17.0    40670    36305    45035 24.2 21.6 26.8    28997    25609    32385 23.2 20.5 25.9  61941  60162  63720                                        Polk County                                   FL est22all.txt 03DEC2023
12 107    16484    13868    19100 22.5 18.9 26.1     5674     4516     6832 37.0 29.4 44.6     3795     2869     4721 33.5 25.3 41.7  46459  43427  49491                                        Putnam County                                 FL est22all.txt 03DEC2023
12 109    17860    14843    20877  5.9  4.9  6.9     3933     2830     5036  6.1  4.4  7.8     2672     1834     3510  5.3  3.7  6.9 103757  99151 108363                                        St. Johns County                              FL est22all.txt 03DEC2023
12 111    47534    41713    53355 13.4 11.8 15.0    13058    10602    15514 19.1 15.5 22.7     9174     7265    11083 17.9 14.2 21.6  64038  59178  68898                                        St. Lucie County                              FL est22all.txt 03DEC2023
12 113    18064    14948    21180  9.4  7.8 11.0     4961     3732     6190 11.8  8.9 14.7     3397     2471     4323 10.6  7.7 13.5  82537  77018  88056                                        Santa Rosa County                             FL est22all.txt 03DEC2023
12 115    38638    33714    43562  8.5  7.4  9.6     7147     5169     9125 11.5  8.3 14.7     5115     3543     6687 10.8  7.5 14.1  78309  75338  81280                                        Sarasota County                               FL est22all.txt 03DEC2023
12 117    52808    47270    58346 11.1  9.9 12.3    11450     8868    14032 11.9  9.2 14.6     8611     6675    10547 11.8  9.1 14.5  80296  76969  83623                                        Seminole County                               FL est22all.txt 03DEC2023
12 119    12830    10477    15183  9.4  7.7 11.1     2773     2127     3419 27.5 21.1 33.9     2047     1582     2512 27.4 21.2 33.6  77851  71389  84313                                        Sumter County                                 FL est22all.txt 03DEC2023
12 121     8054     6343     9765 18.9 14.9 22.9     2674     1997     3351 29.0 21.7 36.3     1968     1463     2473 28.9 21.5 36.3  51295  46611  55979                                        Suwannee County                               FL est22all.txt 03DEC2023
12 123     3831     2949     4713 19.5 15.0 24.0     1180      828     1532 27.4 19.2 35.6      826      560     1092 26.3 17.8 34.8  48482  42770  54194                                        Taylor County                                 FL est22all.txt 03DEC2023
12 125     2070     1541     2599 18.0 13.4 22.6      636      444      828 18.8 13.1 24.5      457      320      594 17.9 12.5 23.3  60749  54967  66531                                        Union County                                  FL est22all.txt 03DEC2023
12 127    66107    57640    74574 11.8 10.3 13.3    17064    13014    21114 17.4 13.3 21.5    11404     8368    14440 15.7 11.5 19.9  64601  62394  66808                                        Volusia County                                FL est22all.txt 03DEC2023
12 129     3771     2876     4666 11.7  8.9 14.5     1107      775     1439 15.6 10.9 20.3      763      520     1006 14.2  9.7 18.7  63482  56880  70084                                        Wakulla County                                FL est22all.txt 03DEC2023
12 131     9000     7119    10881 11.1  8.8 13.4     2967     2285     3649 17.9 13.8 22.0     2068     1604     2532 16.9 13.1 20.7  78814  70826  86802                                        Walton County                                 FL est22all.txt 03DEC2023
12 133     4538     3624     5452 19.4 15.5 23.3     1357      971     1743 27.3 19.5 35.1      949      677     1221 25.7 18.3 33.1  49233  45196  53270                                        Washington County                             FL est22all.txt 03DEC2023
13   0  1372488  1344567  1400409 12.9 12.6 13.2   426470   410329   442611 17.2 16.5 17.9   301323   287032   315614 16.3 15.5 17.1  72742  72108  73376  116766  109205  124327 18.9 17.7 20.1 Georgia                                       GA est22all.txt 03DEC2023
13   1     3644     2877     4411 20.3 16.0 24.6     1286      925     1647 29.0 20.9 37.1      923      662     1184 27.7 19.9 35.5  51217  45974  56460                                        Appling County                                GA est22all.txt 03DEC2023
13   3     1717     1287     2147 21.1 15.8 26.4      606      414      798 30.2 20.6 39.8      410      273      547 28.3 18.9 37.7  46060  40794  51326                                        Atkinson County                               GA est22all.txt 03DEC2023
13   5     2485     1945     3025 22.9 17.9 27.9      888      644     1132 31.6 22.9 40.3      602      432      772 29.1 20.9 37.3  46044  40311  51777                                        Bacon County                                  GA est22all.txt 03DEC2023
13   7      599      435      763 21.6 15.7 27.5      205      136      274 39.0 25.9 52.1      149       98      200 37.4 24.5 50.3  50129  45221  55037                                        Baker County                                  GA est22all.txt 03DEC2023
13   9     9253     7704    10802 24.1 20.1 28.1     2284     1637     2931 29.3 21.0 37.6     1703     1229     2177 29.3 21.2 37.4  49883  44843  54923                                        Baldwin County                                GA est22all.txt 03DEC2023
13  11     2328     1780     2876 12.1  9.3 14.9      658      448      868 16.3 11.1 21.5      456      301      611 15.4 10.2 20.6  66928  59437  74419                                        Banks County                                  GA est22all.txt 03DEC2023
13  13     8282     6549    10015  9.3  7.3 11.3     2580     1770     3390 11.8  8.1 15.5     1928     1319     2537 11.8  8.1 15.5  77583  71903  83263                                        Barrow County                                 GA est22all.txt 03DEC2023
13  15    11545     9089    14001 10.3  8.1 12.5     3431     2374     4488 13.4  9.3 17.5     2420     1662     3178 12.8  8.8 16.8  80017  75121  84913                                        Bartow County                                 GA est22all.txt 03DEC2023
13  17     4489     3783     5195 26.8 22.6 31.0     1502     1128     1876 36.4 27.3 45.5     1183      915     1451 38.1 29.5 46.7  41141  36728  45554                                        Ben Hill County                               GA est22all.txt 03DEC2023
13  19     3947     3280     4614 21.9 18.2 25.6     1319     1038     1600 31.7 25.0 38.4      940      731     1149 30.4 23.6 37.2  48725  43205  54245                                        Berrien County                                GA est22all.txt 03DEC2023
13  21    34064    29058    39070 22.5 19.2 25.8    11574     8904    14244 31.2 24.0 38.4     8110     6083    10137 29.8 22.4 37.2  48539  44500  52578                                        Bibb County                                   GA est22all.txt 03DEC2023
13  23     1862     1375     2349 16.3 12.0 20.6      626      423      829 25.9 17.5 34.3      464      313      615 25.8 17.4 34.2  56070  49332  62808                                        Bleckley County                               GA est22all.txt 03DEC2023
13  25     2928     2176     3680 16.2 12.0 20.4      989      656     1322 24.0 15.9 32.1      700      457      943 22.7 14.8 30.6  50370  44221  56519                                        Brantley County                               GA est22all.txt 03DEC2023
13  27     4067     3253     4881 25.5 20.4 30.6     1184      835     1533 35.4 25.0 45.8      881      621     1141 35.3 24.9 45.7  43353  38783  47923                                        Brooks County                                 GA est22all.txt 03DEC2023
13  29     3864     2955     4773  8.0  6.1  9.9     1326      895     1757  9.6  6.5 12.7      945      630     1260  9.0  6.0 12.0  93057  85815 100299                                        Bryan County                                  GA est22all.txt 03DEC2023
13  31    18278    15793    20763 23.8 20.6 27.0     3689     2744     4634 22.9 17.0 28.8     2373     1673     3073 20.3 14.3 26.3  49471  45319  53623                                        Bulloch County                                GA est22all.txt 03DEC2023
13  33     5264     4106     6422 21.8 17.0 26.6     1742     1205     2279 29.5 20.4 38.6     1156      756     1556 25.8 16.8 34.8  49431  43428  55434                                        Burke County                                  GA est22all.txt 03DEC2023
13  35     3119     2266     3972 13.2  9.6 16.8     1018      668     1368 19.1 12.5 25.7      733      475      991 18.6 12.1 25.1  62231  55114  69348                                        Butts County                                  GA est22all.txt 03DEC2023
13  37     1282      954     1610 33.9 25.2 42.6      322      214      430 38.3 25.4 51.2      236      154      318 37.9 24.7 51.1  39681  34609  44753                                        Calhoun County                                GA est22all.txt 03DEC2023
13  39     6772     5583     7961 12.4 10.2 14.6     2256     1733     2779 16.7 12.8 20.6     1398      980     1816 14.4 10.1 18.7  67628  60596  74660                                        Camden County                                 GA est22all.txt 03DEC2023
13  43     1974     1402     2546 18.5 13.2 23.8      864      577     1151 30.9 20.7 41.1      610      402      818 28.9 19.0 38.8  44493  39277  49709                                        Candler County                                GA est22all.txt 03DEC2023
13  45    15981    12751    19211 13.2 10.5 15.9     4958     3639     6277 17.2 12.6 21.8     3510     2515     4505 16.7 12.0 21.4  69924  64917  74931                                        Carroll County                                GA est22all.txt 03DEC2023
13  47     7508     5920     9096 11.0  8.7 13.3     2084     1449     2719 14.0  9.7 18.3     1503     1049     1957 13.2  9.2 17.2  66918  61374  72462                                        Catoosa County                                GA est22all.txt 03DEC2023
13  49     2345     1749     2941 22.9 17.1 28.7      634      424      844 28.2 18.9 37.5      465      306      624 27.6 18.2 37.0  48147  42042  54252                                        Charlton County                               GA est22all.txt 03DEC2023
13  51    45884    39878    51890 15.9 13.8 18.0    12598     9823    15373 20.9 16.3 25.5     8346     6097    10595 19.3 14.1 24.5  64029  60000  68058                                        Chatham County                                GA est22all.txt 03DEC2023
13  53     1029      759     1299 15.6 11.5 19.7      314      213      415 15.9 10.8 21.0      218      147      289 17.6 11.9 23.3  57507  50755  64259                                        Chattahoochee County                          GA est22all.txt 03DEC2023
13  55     4271     3336     5206 18.1 14.1 22.1     1305      943     1667 24.3 17.6 31.0      959      683     1235 24.0 17.1 30.9  50714  48029  53399                                        Chattooga County                              GA est22all.txt 03DEC2023
13  57    15654    12298    19010  5.6  4.4  6.8     4125     2667     5583  6.6  4.3  8.9     2703     1682     3724  5.7  3.6  7.8  99932  95626 104238                                        Cherokee County                               GA est22all.txt 03DEC2023
13  59    31580    27867    35293 26.5 23.4 29.6     5268     3903     6633 24.9 18.4 31.4     3700     2715     4685 24.7 18.1 31.3  49832  44537  55127                                        Clarke County                                 GA est22all.txt 03DEC2023
13  61      700      528      872 25.1 18.9 31.3      219      146      292 38.6 25.8 51.4      154      101      207 35.3 23.1 47.5  37961  33192  42730                                        Clay County                                   GA est22all.txt 03DEC2023
13  63    42575    34999    50151 14.6 12.0 17.2    15353    10796    19910 19.7 13.9 25.5    11095     7658    14532 19.1 13.2 25.0  57625  54316  60934                                        Clayton County                                GA est22all.txt 03DEC2023
13  65     1410     1122     1698 21.5 17.1 25.9      453      299      607 27.3 18.0 36.6      310      200      420 25.6 16.5 34.7  45595  39808  51382                                        Clinch County                                 GA est22all.txt 03DEC2023
13  67    61108    51914    70302  8.0  6.8  9.2    16420    12162    20678  9.7  7.2 12.2    12056     8912    15200  9.5  7.0 12.0  96798  94456  99140                                        Cobb County                                   GA est22all.txt 03DEC2023
13  69     7959     6054     9864 19.9 15.1 24.7     2686     1818     3554 25.9 17.5 34.3     1900     1253     2547 25.2 16.6 33.8  48792  44088  53496                                        Coffee County                                 GA est22all.txt 03DEC2023
13  71    10128     8428    11828 22.6 18.8 26.4     3608     2816     4400 31.4 24.5 38.3     2710     2138     3282 32.0 25.2 38.8  49214  43972  54456                                        Colquitt County                               GA est22all.txt 03DEC2023
13  73    11298     9244    13352  7.0  5.7  8.3     3313     2420     4206  8.4  6.1 10.7     2340     1692     2988  7.8  5.6 10.0  94224  88213 100235                                        Columbia County                               GA est22all.txt 03DEC2023
13  75     3527     2705     4349 20.6 15.8 25.4     1233      830     1636 28.8 19.4 38.2      878      578     1178 27.0 17.8 36.2  44476  39199  49753                                        Cook County                                   GA est22all.txt 03DEC2023
13  77    11387     8829    13945  7.5  5.8  9.2     3451     2254     4648 10.1  6.6 13.6     2439     1554     3324  9.3  5.9 12.7  87618  80301  94935                                        Coweta County                                 GA est22all.txt 03DEC2023
13  79     2034     1539     2529 16.9 12.8 21.0      559      364      754 23.3 15.2 31.4      400      259      541 21.4 13.8 29.0  60295  53901  66689                                        Crawford County                               GA est22all.txt 03DEC2023
13  81     4833     3659     6007 25.1 19.0 31.2     1719     1182     2256 37.5 25.8 49.2     1152      769     1535 33.9 22.7 45.1  43884  38606  49162                                        Crisp County                                  GA est22all.txt 03DEC2023
13  83     1745     1244     2246 11.3  8.1 14.5      429      280      578 14.2  9.3 19.1      314      204      424 13.7  8.9 18.5  59708  53055  66361                                        Dade County                                   GA est22all.txt 03DEC2023
13  85     2398     1812     2984  8.0  6.0 10.0      651      433      869 11.1  7.4 14.8      454      299      609 10.6  7.0 14.2  84551  78960  90142                                        Dawson County                                 GA est22all.txt 03DEC2023
13  87     6363     4896     7830 22.6 17.4 27.8     2248     1579     2917 32.4 22.8 42.0     1615     1117     2113 31.9 22.1 41.7  46455  41235  51675                                        Decatur County                                GA est22all.txt 03DEC2023
13  89   101463    87620   115306 13.5 11.7 15.3    32033    24916    39150 19.2 14.9 23.5    22003    16686    27320 18.6 14.1 23.1  76736  73861  79611                                        DeKalb County                                 GA est22all.txt 03DEC2023
13  91     4391     3514     5268 24.4 19.5 29.3     1211      894     1528 33.3 24.6 42.0      852      612     1092 31.9 22.9 40.9  43783  38859  48707                                        Dodge County                                  GA est22all.txt 03DEC2023
13  93     2155     1571     2739 23.7 17.3 30.1      536      360      712 32.3 21.7 42.9      395      263      527 32.0 21.3 42.7  46191  40682  51700                                        Dooly County                                  GA est22all.txt 03DEC2023
13  95    22306    18931    25681 27.7 23.5 31.9     8106     6465     9747 41.3 32.9 49.7     5636     4346     6926 39.8 30.7 48.9  42629  39357  45901                                        Dougherty County                              GA est22all.txt 03DEC2023
13  97    14898    11488    18308 10.2  7.9 12.5     5239     3585     6893 14.4  9.9 18.9     3846     2595     5097 13.8  9.3 18.3  79242  75390  83094                                        Douglas County                                GA est22all.txt 03DEC2023
13  99     2461     1817     3105 23.7 17.5 29.9      909      606     1212 35.8 23.9 47.7      637      414      860 33.6 21.9 45.3  43417  38258  48576                                        Early County                                  GA est22all.txt 03DEC2023
13 101      774      567      981 21.1 15.5 26.7      282      186      378 30.2 19.9 40.5      208      137      279 30.1 19.8 40.4  47195  41418  52972                                        Echols County                                 GA est22all.txt 03DEC2023
13 103     5859     4565     7153  8.6  6.7 10.5     1812     1225     2399 10.1  6.8 13.4     1262      817     1707  9.3  6.0 12.6  88111  81893  94329                                        Effingham County                              GA est22all.txt 03DEC2023
13 105     3171     2304     4038 16.2 11.8 20.6     1135      753     1517 26.3 17.5 35.1      786      504     1068 23.9 15.3 32.5  49220  44281  54159                                        Elbert County                                 GA est22all.txt 03DEC2023
13 107     4490     3309     5671 20.8 15.3 26.3     1565     1075     2055 28.0 19.2 36.8     1143      771     1515 27.6 18.6 36.6  46975  43481  50469                                        Emanuel County                                GA est22all.txt 03DEC2023
13 109     2186     1598     2774 21.6 15.8 27.4      804      532     1076 30.7 20.3 41.1      582      382      782 29.0 19.0 39.0  45163  40204  50122                                        Evans County                                  GA est22all.txt 03DEC2023
13 111     2932     2135     3729 11.4  8.3 14.5      696      435      957 18.1 11.3 24.9      519      328      710 17.7 11.2 24.2  60604  54290  66918                                        Fannin County                                 GA est22all.txt 03DEC2023
13 113     7155     5661     8649  5.9  4.7  7.1     2120     1544     2696  7.8  5.7  9.9     1560     1141     1979  7.1  5.2  9.0 109358 102354 116362                                        Fayette County                                GA est22all.txt 03DEC2023
13 115    14366    11638    17094 15.1 12.2 18.0     3876     2578     5174 17.8 11.8 23.8     2861     1894     3828 17.5 11.6 23.4  56651  51536  61766                                        Floyd County                                  GA est22all.txt 03DEC2023
13 117    10836     8134    13538  4.1  3.1  5.1     2701     1800     3602  4.0  2.7  5.3     1910     1259     2561  3.6  2.4  4.8 130909 124788 137030                                        Forsyth County                                GA est22all.txt 03DEC2023
13 119     3731     2998     4464 16.0 12.9 19.1     1043      696     1390 20.2 13.5 26.9      760      504     1016 20.0 13.3 26.7  49940  44149  55731                                        Franklin County                               GA est22all.txt 03DEC2023
13 121   133088   118706   147470 12.7 11.3 14.1    38021    31040    45002 17.4 14.2 20.6    26995    21965    32025 16.6 13.5 19.7  89798  87071  92525                                        Fulton County                                 GA est22all.txt 03DEC2023
13 123     4480     3536     5424 14.0 11.1 16.9     1194      820     1568 20.7 14.2 27.2      828      566     1090 19.4 13.3 25.5  68294  64142  72446                                        Gilmer County                                 GA est22all.txt 03DEC2023
13 125      400      289      511 13.9 10.0 17.8      114       76      152 18.6 12.4 24.8       80       52      108 16.6 10.9 22.3  55539  49675  61403                                        Glascock County                               GA est22all.txt 03DEC2023
13 127    11354     8919    13789 13.7 10.8 16.6     3551     2471     4631 20.9 14.6 27.2     2418     1598     3238 19.1 12.6 25.6  63532  59403  67661                                        Glynn County                                  GA est22all.txt 03DEC2023
13 129     6721     5166     8276 11.5  8.8 14.2     1994     1346     2642 15.1 10.2 20.0     1490     1019     1961 15.0 10.3 19.7  63946  59925  67967                                        Gordon County                                 GA est22all.txt 03DEC2023
13 131     5587     4507     6667 21.6 17.4 25.8     2041     1586     2496 32.6 25.3 39.9     1411     1061     1761 30.1 22.6 37.6  48548  42911  54185                                        Grady County                                  GA est22all.txt 03DEC2023
13 133     2716     1989     3443 13.6 10.0 17.2      819      543     1095 23.9 15.8 32.0      550      350      750 21.0 13.4 28.6  74488  66439  82537                                        Greene County                                 GA est22all.txt 03DEC2023
13 135    86107    76311    95903  8.9  7.9  9.9    27003    21548    32458 10.9  8.7 13.1    17937    13893    21981  9.4  7.3 11.5  83918  81725  86111                                        Gwinnett County                               GA est22all.txt 03DEC2023
13 137     6213     4979     7447 13.8 11.1 16.5     1626     1115     2137 15.8 10.8 20.8     1102      730     1474 14.4  9.5 19.3  62428  57484  67372                                        Habersham County                              GA est22all.txt 03DEC2023
13 139    24679    21151    28207 11.7 10.0 13.4     8581     6967    10195 17.3 14.0 20.6     5968     4767     7169 16.3 13.0 19.6  76789  73011  80567                                        Hall County                                   GA est22all.txt 03DEC2023
13 141     1912     1405     2419 26.5 19.5 33.5      461      303      619 37.9 24.9 50.9      337      219      455 35.1 22.8 47.4  38570  33721  43419                                        Hancock County                                GA est22all.txt 03DEC2023
13 143     4682     3625     5739 15.1 11.7 18.5     1442     1015     1869 19.3 13.6 25.0      998      689     1307 18.1 12.5 23.7  57912  51968  63856                                        Haralson County                               GA est22all.txt 03DEC2023
13 145     3235     2531     3939  9.0  7.0 11.0      797      545     1049 10.4  7.1 13.7      572      384      760  9.7  6.5 12.9  90636  87191  94081                                        Harris County                                 GA est22all.txt 03DEC2023
13 147     3711     2820     4602 14.2 10.8 17.6     1082      717     1447 20.4 13.5 27.3      784      502     1066 19.6 12.5 26.7  56137  53075  59199                                        Hart County                                   GA est22all.txt 03DEC2023
13 149     1727     1290     2164 14.9 11.1 18.7      562      382      742 21.2 14.4 28.0      376      245      507 18.6 12.1 25.1  56724  50001  63447                                        Heard County                                  GA est22all.txt 03DEC2023
13 151    19857    15992    23722  8.0  6.4  9.6     7149     5042     9256 11.7  8.2 15.2     5130     3635     6625 10.9  7.7 14.1  82379  78082  86676                                        Henry County                                  GA est22all.txt 03DEC2023
13 153    17991    14055    21927 10.7  8.4 13.0     6626     4743     8509 15.6 11.2 20.0     4892     3549     6235 15.2 11.0 19.4  71237  67494  74980                                        Houston County                                GA est22all.txt 03DEC2023
13 155     1676     1240     2112 19.1 14.1 24.1      557      373      741 27.9 18.7 37.1      404      265      543 27.1 17.8 36.4  49224  43390  55058                                        Irwin County                                  GA est22all.txt 03DEC2023
13 157     6088     4381     7795  7.3  5.2  9.4     2038     1328     2748  9.9  6.4 13.4     1501      976     2026  9.7  6.3 13.1  82138  75810  88466                                        Jackson County                                GA est22all.txt 03DEC2023
13 159     2038     1522     2554 12.9  9.6 16.2      674      447      901 18.7 12.4 25.0      483      315      651 17.5 11.4 23.6  63718  56081  71355                                        Jasper County                                 GA est22all.txt 03DEC2023
13 161     2995     2335     3655 20.2 15.7 24.7     1062      750     1374 28.6 20.2 37.0      764      536      992 27.4 19.2 35.6  46143  40445  51841                                        Jeff Davis County                             GA est22all.txt 03DEC2023
13 163     3511     2748     4274 23.7 18.6 28.8     1176      845     1507 33.8 24.3 43.3      758      503     1013 28.8 19.1 38.5  44459  38967  49951                                        Jefferson County                              GA est22all.txt 03DEC2023
13 165     2070     1528     2612 27.9 20.6 35.2      585      389      781 34.8 23.1 46.5      419      275      563 34.2 22.5 45.9  41830  36553  47107                                        Jenkins County                                GA est22all.txt 03DEC2023
13 167     2033     1565     2501 27.3 21.0 33.6      529      370      688 32.7 22.9 42.5      387      268      506 33.2 23.0 43.4  42603  37672  47534                                        Johnson County                                GA est22all.txt 03DEC2023
13 169     3243     2462     4024 11.5  8.7 14.3     1018      699     1337 16.0 11.0 21.0      735      498      972 14.9 10.1 19.7  65515  58190  72840                                        Jones County                                  GA est22all.txt 03DEC2023
13 171     2442     1833     3051 13.0  9.8 16.2      784      518     1050 19.2 12.7 25.7      563      370      756 18.9 12.4 25.4  61542  54354  68730                                        Lamar County                                  GA est22all.txt 03DEC2023
13 173     1878     1456     2300 19.2 14.9 23.5      633      438      828 27.0 18.7 35.3      451      314      588 26.5 18.4 34.6  50671  44428  56914                                        Lanier County                                 GA est22all.txt 03DEC2023
13 175    10450     8817    12083 21.4 18.1 24.7     3679     2956     4402 30.7 24.7 36.7     2597     1989     3205 29.1 22.3 35.9  47918  43055  52781                                        Laurens County                                GA est22all.txt 03DEC2023
13 177     3360     2590     4130 10.3  7.9 12.7     1116      753     1479 13.1  8.8 17.4      793      528     1058 12.1  8.1 16.1  84260  78215  90305                                        Lee County                                    GA est22all.txt 03DEC2023
13 179     9160     7121    11199 14.4 11.2 17.6     3562     2415     4709 19.4 13.1 25.7     2504     1636     3372 20.9 13.7 28.1  59807  56106  63508                                        Liberty County                                GA est22all.txt 03DEC2023
13 181     1201      898     1504 15.4 11.5 19.3      363      251      475 24.7 17.1 32.3      273      187      359 24.9 17.0 32.8  69776  64199  75353                                        Lincoln County                                GA est22all.txt 03DEC2023
13 183     2550     1906     3194 14.2 10.6 17.8     1010      693     1327 20.3 13.9 26.7      696      462      930 19.6 13.0 26.2  71285  66345  76225                                        Long County                                   GA est22all.txt 03DEC2023
13 185    17678    14100    21256 15.4 12.3 18.5     5541     3665     7417 19.3 12.8 25.8     4126     2754     5498 19.9 13.3 26.5  52623  49180  56066                                        Lowndes County                                GA est22all.txt 03DEC2023
13 187     3740     2978     4502 12.1  9.6 14.6      802      523     1081 13.9  9.1 18.7      589      383      795 14.0  9.1 18.9  71486  65192  77780                                        Lumpkin County                                GA est22all.txt 03DEC2023
13 189     3798     2863     4733 17.7 13.3 22.1     1385      915     1855 26.2 17.3 35.1     1017      668     1366 25.7 16.9 34.5  50593  44838  56348                                        McDuffie County                               GA est22all.txt 03DEC2023
13 191     1893     1410     2376 17.0 12.7 21.3      522      347      697 30.8 20.5 41.1      362      230      494 28.9 18.4 39.4  51411  45123  57699                                        McIntosh County                               GA est22all.txt 03DEC2023
13 193     2365     1715     3015 23.8 17.3 30.3      699      445      953 32.8 20.9 44.7      519      330      708 33.5 21.3 45.7  40089  35335  44843                                        Macon County                                  GA est22all.txt 03DEC2023
13 195     3809     2872     4746 12.2  9.2 15.2     1059      669     1449 14.7  9.3 20.1      757      474     1040 14.2  8.9 19.5  58789  51813  65765                                        Madison County                                GA est22all.txt 03DEC2023
13 197     1423     1048     1798 19.4 14.3 24.5      450      299      601 30.0 19.9 40.1      319      209      429 28.2 18.4 38.0  47174  41546  52802                                        Marion County                                 GA est22all.txt 03DEC2023
13 199     3435     2523     4347 16.6 12.2 21.0     1158      762     1554 26.8 17.6 36.0      845      551     1139 26.6 17.4 35.8  53019  50895  55143                                        Meriwether County                             GA est22all.txt 03DEC2023
13 201     1292     1015     1569 22.9 18.0 27.8      369      253      485 28.4 19.5 37.3      268      184      352 27.5 18.9 36.1  45201  39277  51125                                        Miller County                                 GA est22all.txt 03DEC2023
13 205     4470     3338     5602 22.7 16.9 28.5     1541     1053     2029 32.8 22.4 43.2     1170      809     1531 32.7 22.6 42.8  45296  40143  50449                                        Mitchell County                               GA est22all.txt 03DEC2023
13 207     3208     2442     3974 11.4  8.7 14.1      881      596     1166 14.8 10.0 19.6      611      404      818 13.4  8.9 17.9  76428  67408  85448                                        Monroe County                                 GA est22all.txt 03DEC2023
13 209     1602     1232     1972 20.2 15.5 24.9      495      351      639 28.9 20.5 37.3      364      255      473 28.8 20.2 37.4  48356  42638  54074                                        Montgomery County                             GA est22all.txt 03DEC2023
13 211     2337     1789     2885 11.2  8.6 13.8      714      486      942 15.6 10.6 20.6      508      341      675 14.8  9.9 19.7  74340  66121  82559                                        Morgan County                                 GA est22all.txt 03DEC2023
13 213     5332     4036     6628 13.3 10.1 16.5     1787     1196     2378 19.1 12.8 25.4     1213      795     1631 17.4 11.4 23.4  62109  57026  67192                                        Murray County                                 GA est22all.txt 03DEC2023
13 215    35163    28989    41337 17.8 14.7 20.9    12594     9650    15538 25.6 19.6 31.6     9220     7194    11246 25.9 20.2 31.6  53740  50418  57062                                        Muscogee County                               GA est22all.txt 03DEC2023
13 217    14313    11276    17350 12.3  9.7 14.9     5371     3783     6959 18.5 13.0 24.0     3862     2675     5049 17.5 12.1 22.9  72128  67528  76728                                        Newton County                                 GA est22all.txt 03DEC2023
13 219     2583     1954     3212  6.0  4.5  7.5      690      478      902  6.2  4.3  8.1      469      318      620  5.2  3.5  6.9 114758 102862 126654                                        Oconee County                                 GA est22all.txt 03DEC2023
13 221     1954     1456     2452 12.7  9.5 15.9      589      395      783 18.3 12.3 24.3      419      277      561 17.3 11.4 23.2  62504  55543  69465                                        Oglethorpe County                             GA est22all.txt 03DEC2023
13 223    14003    11313    16693  7.9  6.4  9.4     4178     2914     5442  9.4  6.6 12.2     2893     1990     3796  8.5  5.8 11.2  87459  82267  92651                                        Paulding County                               GA est22all.txt 03DEC2023
13 225     5008     3796     6220 18.4 14.0 22.8     1516     1047     1985 25.9 17.9 33.9     1108      766     1450 25.8 17.8 33.8  58471  52598  64344                                        Peach County                                  GA est22all.txt 03DEC2023
13 227     3684     2997     4371 10.7  8.7 12.7      943      655     1231 14.9 10.4 19.4      667      454      880 13.8  9.4 18.2  71955  65617  78293                                        Pickens County                                GA est22all.txt 03DEC2023
13 229     3338     2584     4092 16.7 12.9 20.5     1075      742     1408 22.0 15.2 28.8      781      528     1034 21.5 14.6 28.4  52695  47364  58026                                        Pierce County                                 GA est22all.txt 03DEC2023
13 231     1709     1278     2140  8.7  6.5 10.9      504      334      674 10.9  7.2 14.6      367      242      492 10.4  6.9 13.9  80626  71285  89967                                        Pike County                                   GA est22all.txt 03DEC2023
13 233     6441     4749     8133 14.9 11.0 18.8     2138     1386     2890 19.8 12.8 26.8     1559     1001     2117 19.7 12.7 26.7  54894  48409  61379                                        Polk County                                   GA est22all.txt 03DEC2023
13 235     1693     1242     2144 19.6 14.4 24.8      438      286      590 25.5 16.7 34.3      323      210      436 25.3 16.4 34.2  46975  41074  52876                                        Pulaski County                                GA est22all.txt 03DEC2023
13 237     3027     2285     3769 13.3 10.1 16.5      946      619     1273 21.9 14.3 29.5      674      441      907 20.8 13.6 28.0  62241  54735  69747                                        Putnam County                                 GA est22all.txt 03DEC2023
13 239      501      370      632 22.3 16.5 28.1      140       94      186 34.5 23.1 45.9      104       69      139 35.5 23.6 47.4  41516  36334  46698                                        Quitman County                                GA est22all.txt 03DEC2023
13 241     2160     1679     2641 12.7  9.9 15.5      501      334      668 19.4 12.9 25.9      342      227      457 19.0 12.6 25.4  63387  57485  69289                                        Rabun County                                  GA est22all.txt 03DEC2023
13 243     1635     1294     1976 27.4 21.7 33.1      501      347      655 39.8 27.6 52.0      362      244      480 37.2 25.0 49.4  39188  34126  44250                                        Randolph County                               GA est22all.txt 03DEC2023
13 245    35823    29265    42381 18.4 15.0 21.8    12107     8647    15567 26.4 18.8 34.0     8375     5839    10911 25.7 17.9 33.5  50079  45717  54441                                        Richmond County                               GA est22all.txt 03DEC2023
13 247    10561     7717    13405 11.2  8.2 14.2     3967     2622     5312 18.0 11.9 24.1     2887     1907     3867 16.9 11.1 22.7  71984  66511  77457                                        Rockdale County                               GA est22all.txt 03DEC2023
13 249      693      517      869 15.4 11.5 19.3      236      157      315 22.3 14.8 29.8      172      113      231 21.3 14.0 28.6  57510  50218  64802                                        Schley County                                 GA est22all.txt 03DEC2023
13 251     2572     1891     3253 18.8 13.8 23.8      819      544     1094 29.8 19.8 39.8      601      392      810 30.4 19.8 41.0  52713  47949  57477                                        Screven County                                GA est22all.txt 03DEC2023
13 253     2090     1586     2594 23.2 17.6 28.8      626      428      824 35.3 24.1 46.5      451      308      594 34.3 23.4 45.2  45223  39624  50822                                        Seminole County                               GA est22all.txt 03DEC2023
13 255    13102    10811    15393 19.3 15.9 22.7     4917     3867     5967 31.3 24.6 38.0     3470     2714     4226 30.4 23.8 37.0  55086  49084  61088                                        Spalding County                               GA est22all.txt 03DEC2023
13 257     3587     2639     4535 13.7 10.1 17.3     1194      773     1615 20.5 13.3 27.7      844      539     1149 19.6 12.5 26.7  51980  47346  56614                                        Stephens County                               GA est22all.txt 03DEC2023
13 259     1010      730     1290 25.9 18.7 33.1      206      135      277 37.8 24.8 50.8      153       99      207 38.1 24.6 51.6  41158  36218  46098                                        Stewart County                                GA est22all.txt 03DEC2023
13 261     6101     4643     7559 22.3 17.0 27.6     2148     1466     2830 33.5 22.9 44.1     1525     1033     2017 32.1 21.8 42.4  44677  39555  49799                                        Sumter County                                 GA est22all.txt 03DEC2023
13 263     1192      890     1494 20.8 15.5 26.1      327      215      439 35.5 23.4 47.6      242      157      327 35.2 22.9 47.5  45163  39472  50854                                        Talbot County                                 GA est22all.txt 03DEC2023
13 265      315      231      399 20.0 14.7 25.3       88       58      118 30.7 20.2 41.2       66       43       89 30.7 20.0 41.4  42138  36798  47478                                        Taliaferro County                             GA est22all.txt 03DEC2023
13 267     4732     3544     5920 23.5 17.6 29.4     1382      919     1845 28.6 19.0 38.2     1019      678     1360 28.3 18.8 37.8  47401  42084  52718                                        Tattnall County                               GA est22all.txt 03DEC2023
13 269     1708     1303     2113 22.5 17.2 27.8      495      335      655 33.5 22.7 44.3      347      227      467 31.5 20.7 42.3  44035  38623  49447                                        Taylor County                                 GA est22all.txt 03DEC2023
13 271     2834     2159     3509 30.6 23.3 37.9      647      439      855 35.0 23.8 46.2      451      296      606 33.2 21.8 44.6  41547  37121  45973                                        Telfair County                                GA est22all.txt 03DEC2023
13 273     2462     1966     2958 29.2 23.3 35.1      897      683     1111 47.7 36.3 59.1      680      523      837 47.6 36.6 58.6  53281  49286  57276                                        Terrell County                                GA est22all.txt 03DEC2023
13 275     8921     7470    10372 19.8 16.6 23.0     2829     2221     3437 26.8 21.0 32.6     2245     1801     2689 28.3 22.7 33.9  52236  47420  57052                                        Thomas County                                 GA est22all.txt 03DEC2023
13 277     6697     5098     8296 16.6 12.6 20.6     2392     1542     3242 23.5 15.1 31.9     1764     1127     2401 23.3 14.9 31.7  52962  47898  58026                                        Tift County                                   GA est22all.txt 03DEC2023
13 279     5593     4332     6854 21.1 16.3 25.9     1955     1336     2574 28.0 19.1 36.9     1384      924     1844 27.1 18.1 36.1  45125  39731  50519                                        Toombs County                                 GA est22all.txt 03DEC2023
13 281     1597     1253     1941 12.9 10.1 15.7      333      240      426 19.9 14.4 25.4      246      177      315 20.1 14.5 25.7  59273  52102  66444                                        Towns County                                  GA est22all.txt 03DEC2023
13 283     1297      952     1642 21.7 15.9 27.5      438      291      585 30.8 20.5 41.1      310      203      417 28.3 18.5 38.1  43533  38054  49012                                        Treutlen County                               GA est22all.txt 03DEC2023
13 285    12263     9901    14625 17.8 14.4 21.2     4411     3334     5488 26.5 20.0 33.0     3132     2314     3950 25.6 18.9 32.3  55852  49743  61961                                        Troup County                                  GA est22all.txt 03DEC2023
13 287     2218     1728     2708 25.5 19.9 31.1      777      521     1033 35.6 23.9 47.3      559      370      748 34.6 22.9 46.3  40865  36359  45371                                        Turner County                                 GA est22all.txt 03DEC2023
13 289     1605     1217     1993 21.2 16.1 26.3      462      321      603 32.8 22.8 42.8      335      227      443 31.5 21.3 41.7  48772  42722  54822                                        Twiggs County                                 GA est22all.txt 03DEC2023
13 291     2665     1961     3369 10.3  7.6 13.0      650      425      875 16.5 10.8 22.2      473      307      639 15.7 10.2 21.2  64588  57868  71308                                        Union County                                  GA est22all.txt 03DEC2023
13 293     5780     4751     6809 20.9 17.2 24.6     1798     1309     2287 28.6 20.8 36.4     1391     1032     1750 30.1 22.3 37.9  48061  42314  53808                                        Upson County                                  GA est22all.txt 03DEC2023
13 295     9937     8033    11841 14.8 12.0 17.6     2849     2090     3608 19.9 14.6 25.2     1906     1334     2478 17.9 12.5 23.3  53407  49708  57106                                        Walker County                                 GA est22all.txt 03DEC2023
13 297    11458     9388    13528 11.3  9.3 13.3     3502     2596     4408 14.7 10.9 18.5     2380     1712     3048 13.1  9.4 16.8  83037  75878  90196                                        Walton County                                 GA est22all.txt 03DEC2023
13 299     5943     4344     7542 17.6 12.9 22.3     2416     1557     3275 27.6 17.8 37.4     1690     1062     2318 26.5 16.6 36.4  48245  44318  52172                                        Ware County                                   GA est22all.txt 03DEC2023
13 301     1189      882     1496 23.4 17.4 29.4      388      264      512 37.5 25.5 49.5      279      185      373 36.1 23.9 48.3  44367  39059  49675                                        Warren County                                 GA est22all.txt 03DEC2023
13 303     3949     2936     4962 22.0 16.4 27.6     1264      843     1685 30.1 20.1 40.1      931      620     1242 29.3 19.5 39.1  48462  43172  53752                                        Washington County                             GA est22all.txt 03DEC2023
13 305     5136     3943     6329 17.8 13.7 21.9     1839     1270     2408 25.0 17.2 32.8     1313      892     1734 23.8 16.2 31.4  51102  45730  56474                                        Wayne County                                  GA est22all.txt 03DEC2023
13 307      421      311      531 18.1 13.3 22.9      119       79      159 29.3 19.4 39.2       86       56      116 28.1 18.2 38.0  45987  40209  51765                                        Webster County                                GA est22all.txt 03DEC2023
13 309     1565     1136     1994 31.1 22.6 39.6      365      238      492 31.4 20.5 42.3      274      180      368 32.5 21.4 43.6  35952  32158  39746                                        Wheeler County                                GA est22all.txt 03DEC2023
13 311     3391     2613     4169 12.1  9.3 14.9      925      644     1206 17.1 11.9 22.3      627      419      835 15.3 10.2 20.4  62100  55080  69120                                        White County                                  GA est22all.txt 03DEC2023
13 313    13161    10393    15929 12.9 10.2 15.6     4320     3150     5490 17.1 12.5 21.7     3052     2188     3916 15.9 11.4 20.4  61680  55892  67468                                        Whitfield County                              GA est22all.txt 03DEC2023
13 315     1790     1317     2263 26.4 19.4 33.4      497      331      663 30.9 20.6 41.2      354      233      475 29.2 19.2 39.2  44905  39912  49898                                        Wilcox County                                 GA est22all.txt 03DEC2023
13 317     1766     1308     2224 18.6 13.8 23.4      550      367      733 28.2 18.8 37.6      405      265      545 28.2 18.5 37.9  47377  41943  52811                                        Wilkes County                                 GA est22all.txt 03DEC2023
13 319     1456     1086     1826 17.0 12.7 21.3      492      319      665 26.3 17.0 35.6      349      221      477 25.0 15.8 34.2  49648  44339  54957                                        Wilkinson County                              GA est22all.txt 03DEC2023
13 321     4499     3620     5378 22.2 17.9 26.5     1421     1056     1786 32.4 24.1 40.7     1040      768     1312 31.8 23.5 40.1  48956  42928  54984                                        Worth County                                  GA est22all.txt 03DEC2023
15   0   140871   134365   147377 10.0  9.5 10.5    34939    31345    38533 12.1 10.9 13.3    24567    21302    27832 11.6 10.1 13.1  93683  91582  95784    9487    7965   11009 12.5 10.5 14.5 Hawaii                                        HI est22all.txt 03DEC2023
15   1    29609    25171    34047 14.6 12.4 16.8     7916     5760    10072 18.8 13.7 23.9     5761     4127     7395 18.3 13.1 23.5  71143  66451  75835                                        Hawaii County                                 HI est22all.txt 03DEC2023
15   3    89980    82860    97100  9.3  8.6 10.0    21616    18278    24954 10.9  9.2 12.6    15014    12441    17587 10.4  8.6 12.2  96304  94794  97814                                        Honolulu County                               HI est22all.txt 03DEC2023
15   5        .        .        .   .    .    .         .        .        .   .    .    .         .        .        .   .    .    .       .      .      .                                        Kalawao County                                HI est22all.txt 03DEC2023
15   7     6620     4862     8378  9.1  6.7 11.5     1684     1086     2282 11.0  7.1 14.9     1204      764     1644 10.5  6.7 14.3  81939  75074  88804                                        Kauai County                                  HI est22all.txt 03DEC2023
15   9    14663    11530    17796  9.0  7.1 10.9     3723     2480     4966 11.1  7.4 14.8     2588     1690     3486 10.3  6.7 13.9  89794  83800  95788                                        Maui County                                   HI est22all.txt 03DEC2023
16   0   198979   190635   207323 10.5 10.1 10.9    56199    51038    61360 12.3 11.2 13.4    38776    34004    43548 11.3  9.9 12.7  72634  71534  73734   15393   13478   17308 14.0 12.3 15.7 Idaho                                         ID est22all.txt 03DEC2023
16   1    40623    36208    45038  8.0  7.1  8.9     9407     7608    11206  8.4  6.8 10.0     6921     5571     8271  8.1  6.5  9.7  87748  85482  90014                                        Ada County                                    ID est22all.txt 03DEC2023
16   3      579      431      727 12.1  9.0 15.2      161      107      215 19.4 12.9 25.9      115       75      155 18.8 12.2 25.4  56374  49899  62849                                        Adams County                                  ID est22all.txt 03DEC2023
16   5    11147     9194    13100 12.7 10.5 14.9     3375     2562     4188 15.3 11.6 19.0     2174     1562     2786 13.1  9.4 16.8  62120  57058  67182                                        Bannock County                                ID est22all.txt 03DEC2023
16   7      641      467      815  9.6  7.0 12.2      234      154      314 13.2  8.6 17.8      172      112      232 13.0  8.5 17.5  66006  58586  73426                                        Bear Lake County                              ID est22all.txt 03DEC2023
16   9     1483     1178     1788 14.4 11.4 17.4      447      315      579 19.4 13.7 25.1      308      213      403 17.5 12.1 22.9  56188  50735  61641                                        Benewah County                                ID est22all.txt 03DEC2023
16  11     5825     4611     7039 11.8  9.3 14.3     2138     1567     2709 14.9 10.9 18.9     1492     1061     1923 13.5  9.6 17.4  70052  64777  75327                                        Bingham County                                ID est22all.txt 03DEC2023
16  13     1700     1258     2142  6.9  5.1  8.7      350      236      464  7.5  5.0 10.0      235      155      315  6.3  4.2  8.4  98707  88766 108648                                        Blaine County                                 ID est22all.txt 03DEC2023
16  15      808      589     1027  9.7  7.1 12.3      183      122      244 14.7  9.8 19.6      131       85      177 13.7  8.9 18.5  74121  66153  82089                                        Boise County                                  ID est22all.txt 03DEC2023
16  17     6258     5091     7425 12.3 10.0 14.6     1491     1034     1948 15.3 10.6 20.0      996      671     1321 13.4  9.0 17.8  64860  60554  69166                                        Bonner County                                 ID est22all.txt 03DEC2023
16  19    13653    11099    16207 10.7  8.7 12.7     4614     3397     5831 12.2  9.0 15.4     3049     2173     3925 10.7  7.6 13.8  74505  71475  77535                                        Bonneville County                             ID est22all.txt 03DEC2023
16  21     1644     1237     2051 12.4  9.3 15.5      583      397      769 18.7 12.7 24.7      427      286      568 18.8 12.6 25.0  62801  56605  68997                                        Boundary County                               ID est22all.txt 03DEC2023
16  23      399      295      503 14.9 11.0 18.8      130       87      173 21.7 14.5 28.9       90       59      121 19.5 12.7 26.3  57085  50109  64061                                        Butte County                                  ID est22all.txt 03DEC2023
16  25      108       80      136  9.4  6.9 11.9       34       23       45 13.6  9.0 18.2       21       14       28 10.4  6.7 14.1  73311  64685  81937                                        Camas County                                  ID est22all.txt 03DEC2023
16  27    25965    22529    29401 10.5  9.1 11.9     8296     6552    10040 12.7 10.0 15.4     5612     4320     6904 11.5  8.8 14.2  70594  67365  73823                                        Canyon County                                 ID est22all.txt 03DEC2023
16  29      689      505      873  9.7  7.1 12.3      238      158      318 12.1  8.0 16.2      166      108      224 11.2  7.3 15.1  70354  62150  78558                                        Caribou County                                ID est22all.txt 03DEC2023
16  31     2926     2232     3620 11.6  8.9 14.3     1111      759     1463 14.3  9.8 18.8      773      517     1029 13.4  9.0 17.8  68170  62717  73623                                        Cassia County                                 ID est22all.txt 03DEC2023
16  33      116       86      146 14.5 10.8 18.2       43       29       57 22.4 15.0 29.8       29       19       39 21.0 13.6 28.4  53366  46588  60144                                        Clark County                                  ID est22all.txt 03DEC2023
16  35     1208      927     1489 14.5 11.1 17.9      280      195      365 22.2 15.4 29.0      209      144      274 21.8 15.0 28.6  57081  50464  63698                                        Clearwater County                             ID est22all.txt 03DEC2023
16  37      575      425      725 12.9  9.5 16.3      139       93      185 19.1 12.8 25.4       99       64      134 16.9 11.0 22.8  57405  50378  64432                                        Custer County                                 ID est22all.txt 03DEC2023
16  39     3004     2246     3762 10.6  7.9 13.3     1021      671     1371 14.8  9.7 19.9      717      465      969 14.7  9.5 19.9  63009  57833  68185                                        Elmore County                                 ID est22all.txt 03DEC2023
16  41     1203      903     1503  8.0  6.0 10.0      450      298      602  9.9  6.5 13.3      300      194      406  8.8  5.7 11.9  71669  65113  78225                                        Franklin County                               ID est22all.txt 03DEC2023
16  43     1580     1184     1976 11.7  8.8 14.6      519      360      678 16.6 11.5 21.7      355      234      476 15.3 10.1 20.5  61115  53792  68438                                        Fremont County                                ID est22all.txt 03DEC2023
16  45     2589     2035     3143 12.9 10.1 15.7      838      638     1038 19.2 14.6 23.8      525      373      677 16.1 11.5 20.7  60771  56616  64926                                        Gem County                                    ID est22all.txt 03DEC2023
16  47     2083     1668     2498 13.3 10.6 16.0      666      474      858 16.8 12.0 21.6      480      334      626 15.4 10.7 20.1  59838  53291  66385                                        Gooding County                                ID est22all.txt 03DEC2023
16  49     2161     1587     2735 12.6  9.2 16.0      589      388      790 17.5 11.5 23.5      421      272      570 16.4 10.6 22.2  60907  56576  65238                                        Idaho County                                  ID est22all.txt 03DEC2023
16  51     2774     2099     3449  8.4  6.4 10.4     1030      713     1347  9.6  6.6 12.6      720      485      955  8.6  5.8 11.4  76474  71010  81938                                        Jefferson County                              ID est22all.txt 03DEC2023
16  53     2924     2198     3650 11.7  8.8 14.6     1100      753     1447 15.0 10.3 19.7      767      517     1017 13.9  9.4 18.4  61509  56082  66936                                        Jerome County                                 ID est22all.txt 03DEC2023
16  55    18165    15342    20988 10.0  8.4 11.6     4702     3591     5813 11.8  9.0 14.6     3295     2472     4118 10.9  8.2 13.6  75583  70049  81117                                        Kootenai County                               ID est22all.txt 03DEC2023
16  57     6179     5354     7004 16.1 13.9 18.3      861      618     1104 11.3  8.1 14.5      561      388      734 10.0  6.9 13.1  60108  54690  65526                                        Latah County                                  ID est22all.txt 03DEC2023
16  59     1146      864     1428 14.0 10.6 17.4      295      199      391 20.5 13.8 27.2      206      135      277 18.5 12.1 24.9  55554  48557  62551                                        Lemhi County                                  ID est22all.txt 03DEC2023
16  61      592      482      702 15.8 12.9 18.7      183      129      237 22.2 15.7 28.7      133       93      173 22.1 15.5 28.7  55128  48793  61463                                        Lewis County                                  ID est22all.txt 03DEC2023
16  63      569      424      714 10.8  8.0 13.6      209      142      276 15.4 10.5 20.3      146       97      195 13.9  9.2 18.6  61658  54940  68376                                        Lincoln County                                ID est22all.txt 03DEC2023
16  65     8668     6959    10377 21.6 17.3 25.9     1356      939     1773 12.4  8.6 16.2      894      590     1198 12.9  8.5 17.3  52224  46947  57501                                        Madison County                                ID est22all.txt 03DEC2023
16  67     2727     2089     3365 12.3  9.4 15.2      956      654     1258 15.4 10.5 20.3      657      437      877 13.9  9.3 18.5  60834  53520  68148                                        Minidoka County                               ID est22all.txt 03DEC2023
16  69     4444     3459     5429 10.6  8.2 13.0     1207      845     1569 13.6  9.5 17.7      820      555     1085 12.6  8.5 16.7  65558  58922  72194                                        Nez Perce County                              ID est22all.txt 03DEC2023
16  71      506      379      633 10.8  8.1 13.5      172      116      228 13.8  9.3 18.3      121       79      163 12.2  7.9 16.5  66175  58353  73997                                        Oneida County                                 ID est22all.txt 03DEC2023
16  73     1632     1228     2036 13.1  9.9 16.3      586      398      774 19.4 13.2 25.6      411      272      550 18.1 12.0 24.2  57142  50669  63615                                        Owyhee County                                 ID est22all.txt 03DEC2023
16  75     3132     2427     3837 11.7  9.1 14.3      972      656     1288 14.6  9.9 19.3      684      449      919 13.8  9.1 18.5  61725  56422  67028                                        Payette County                                ID est22all.txt 03DEC2023
16  77     1112      836     1388 13.9 10.4 17.4      419      285      553 17.6 12.0 23.2      297      195      399 16.1 10.6 21.6  57426  50496  64356                                        Power County                                  ID est22all.txt 03DEC2023
16  79     1834     1351     2317 13.3  9.8 16.8      558      364      752 19.2 12.5 25.9      390      250      530 18.5 11.8 25.2  47005  43198  50812                                        Shoshone County                               ID est22all.txt 03DEC2023
16  81      919      698     1140  7.4  5.6  9.2      258      173      343  9.6  6.5 12.7      179      117      241  8.6  5.6 11.6  95580  86186 104974                                        Teton County                                  ID est22all.txt 03DEC2023
16  83    10192     7947    12437 11.1  8.7 13.5     3320     2384     4256 13.7  9.8 17.6     2217     1548     2886 12.2  8.5 15.9  63860  57767  69953                                        Twin Falls County                             ID est22all.txt 03DEC2023
16  85      946      698     1194  7.7  5.7  9.7      223      149      297 10.2  6.8 13.6      158      103      213  9.4  6.2 12.6  74166  65104  83228                                        Valley County                                 ID est22all.txt 03DEC2023
16  87     1548     1199     1897 14.2 11.0 17.4      456      322      590 19.0 13.4 24.6      303      209      397 16.4 11.3 21.5  55072  48429  61715                                        Washington County                             ID est22all.txt 03DEC2023
17   0  1465724  1440127  1491321 11.9 11.7 12.1   421492   404897   438087 15.7 15.1 16.3   301563   286460   316666 15.1 14.3 15.9  76744  76165  77323  110094  103258  116930 16.6 15.6 17.6 Illinois                                      IL est22all.txt 03DEC2023
17   1     8475     7220     9730 13.4 11.4 15.4     2460     1927     2993 17.4 13.6 21.2     1764     1364     2164 16.9 13.1 20.7  61747  56717  66777                                        Adams County                                  IL est22all.txt 03DEC2023
17   3     1120      826     1414 23.4 17.3 29.5      383      252      514 37.2 24.5 49.9      293      193      393 37.1 24.5 49.7  41378  36328  46428                                        Alexander County                              IL est22all.txt 03DEC2023
17   5     1701     1265     2137 12.0  8.9 15.1      470      326      614 16.0 11.1 20.9      330      229      431 15.0 10.4 19.6  66071  58629  73513                                        Bond County                                   IL est22all.txt 03DEC2023
17   7     4790     3796     5784  9.1  7.2 11.0     1488     1093     1883 12.2  9.0 15.4     1069      791     1347 11.2  8.3 14.1  83695  77044  90346                                        Boone County                                  IL est22all.txt 03DEC2023
17   9      637      481      793 13.9 10.5 17.3      127       89      165 12.1  8.4 15.8       93       64      122 12.6  8.7 16.5  78081  74240  81922                                        Brown County                                  IL est22all.txt 03DEC2023
17  11     4064     3454     4674 12.6 10.7 14.5     1154      894     1414 17.4 13.5 21.3      818      624     1012 16.5 12.6 20.4  63042  57232  68852                                        Bureau County                                 IL est22all.txt 03DEC2023
17  13      445      339      551 10.4  7.9 12.9      110       79      141 12.8  9.2 16.4       75       53       97 11.4  8.0 14.8  68525  60469  76581                                        Calhoun County                                IL est22all.txt 03DEC2023
17  15     1828     1434     2222 12.8 10.0 15.6      494      356      632 18.0 13.0 23.0      359      258      460 17.6 12.7 22.5  64157  58177  70137                                        Carroll County                                IL est22all.txt 03DEC2023
17  17     1474     1119     1829 11.8  9.0 14.6      470      320      620 15.7 10.7 20.7      350      239      461 16.3 11.2 21.4  62129  55782  68476                                        Cass County                                   IL est22all.txt 03DEC2023
17  19    36364    32562    40166 19.0 17.0 21.0     6286     4761     7811 16.6 12.6 20.6     4363     3208     5518 15.9 11.7 20.1  61205  57885  64525                                        Champaign County                              IL est22all.txt 03DEC2023
17  21     4747     4007     5487 15.6 13.2 18.0     1307     1034     1580 21.2 16.8 25.6      924      724     1124 20.0 15.7 24.3  56888  51294  62482                                        Christian County                              IL est22all.txt 03DEC2023
17  23     1703     1315     2091 11.4  8.8 14.0      498      351      645 14.9 10.5 19.3      354      241      467 14.5  9.9 19.1  63655  56077  71233                                        Clark County                                  IL est22all.txt 03DEC2023
17  25     1737     1355     2119 13.5 10.5 16.5      518      367      669 17.9 12.7 23.1      387      276      498 18.1 12.9 23.3  55282  48483  62081                                        Clay County                                   IL est22all.txt 03DEC2023
17  27     2901     2252     3550  8.2  6.4 10.0      708      500      916  9.2  6.5 11.9      505      350      660  9.0  6.2 11.8  79612  72650  86574                                        Clinton County                                IL est22all.txt 03DEC2023
17  29     7657     6315     8999 17.5 14.4 20.6     1567     1125     2009 19.1 13.7 24.5     1086      759     1413 18.3 12.8 23.8  57712  52422  63002                                        Coles County                                  IL est22all.txt 03DEC2023
17  31   688627   665332   711922 13.7 13.2 14.2   201104   188559   213649 19.1 17.9 20.3   146836   137052   156620 18.8 17.5 20.1  76614  75665  77563                                        Cook County                                   IL est22all.txt 03DEC2023
17  33     2050     1536     2564 11.9  8.9 14.9      596      411      781 16.5 11.4 21.6      439      301      577 16.4 11.3 21.5  66333  61149  71517                                        Crawford County                               IL est22all.txt 03DEC2023
17  35      958      713     1203  9.4  7.0 11.8      284      193      375 12.6  8.6 16.6      197      132      262 11.6  7.8 15.4  79140  71554  86726                                        Cumberland County                             IL est22all.txt 03DEC2023
17  37    12554    10581    14527 13.2 11.1 15.3     3051     2409     3693 14.6 11.5 17.7     2041     1578     2504 13.0 10.0 16.0  71882  65203  78561                                        DeKalb County                                 IL est22all.txt 03DEC2023
17  39     1631     1248     2014 10.8  8.3 13.3      488      340      636 15.5 10.8 20.2      350      242      458 15.1 10.5 19.7  64262  56889  71635                                        De Witt County                                IL est22all.txt 03DEC2023
17  41     1697     1295     2099  8.7  6.6 10.8      545      374      716 11.5  7.9 15.1      368      249      487 10.6  7.2 14.0  67796  59654  75938                                        Douglas County                                IL est22all.txt 03DEC2023
17  43    61619    54251    68987  6.8  6.0  7.6    15067    12387    17747  7.6  6.2  9.0    10801     8764    12838  7.2  5.8  8.6 102383  99279 105487                                        DuPage County                                 IL est22all.txt 03DEC2023
17  45     2277     1789     2765 14.2 11.2 17.2      634      449      819 19.9 14.1 25.7      451      316      586 19.6 13.7 25.5  63430  60481  66379                                        Edgar County                                  IL est22all.txt 03DEC2023
17  47      675      516      834 11.2  8.6 13.8      203      140      266 15.5 10.7 20.3      148      102      194 15.3 10.5 20.1  58387  54157  62617                                        Edwards County                                IL est22all.txt 03DEC2023
17  49     3133     2494     3772  9.2  7.3 11.1      939      685     1193 11.8  8.6 15.0      654      473      835 11.2  8.1 14.3  74800  69070  80530                                        Effingham County                              IL est22all.txt 03DEC2023
17  51     2513     1951     3075 13.3 10.3 16.3      693      474      912 16.8 11.5 22.1      464      304      624 15.4 10.1 20.7  57729  51707  63751                                        Fayette County                                IL est22all.txt 03DEC2023
17  53     1516     1219     1813 11.8  9.5 14.1      497      371      623 16.6 12.4 20.8      327      234      420 14.6 10.5 18.7  67135  58858  75412                                        Ford County                                   IL est22all.txt 03DEC2023
17  55     7166     6172     8160 19.5 16.8 22.2     2267     1831     2703 28.9 23.3 34.5     1457     1076     1838 25.1 18.5 31.7  49108  45244  52972                                        Franklin County                               IL est22all.txt 03DEC2023
17  57     3997     3210     4784 12.9 10.4 15.4     1038      721     1355 16.4 11.4 21.4      762      528      996 16.2 11.2 21.2  57362  52964  61760                                        Fulton County                                 IL est22all.txt 03DEC2023
17  59      905      710     1100 19.1 15.0 23.2      242      169      315 26.4 18.5 34.3      175      121      229 24.9 17.2 32.6  51367  44960  57774                                        Gallatin County                               IL est22all.txt 03DEC2023
17  61     1528     1177     1879 13.3 10.2 16.4      424      300      548 17.5 12.4 22.6      312      218      406 17.1 11.9 22.3  58196  52998  63394                                        Greene County                                 IL est22all.txt 03DEC2023
17  63     3677     2915     4439  7.0  5.6  8.4     1179      903     1455  9.4  7.2 11.6      786      577      995  8.2  6.0 10.4  93882  85502 102262                                        Grundy County                                 IL est22all.txt 03DEC2023
17  65     1058      816     1300 13.4 10.3 16.5      329      230      428 18.5 12.9 24.1      233      161      305 17.7 12.2 23.2  56984  50103  63865                                        Hamilton County                               IL est22all.txt 03DEC2023
17  67     2091     1687     2495 12.3  9.9 14.7      608      445      771 16.9 12.4 21.4      411      291      531 15.1 10.7 19.5  63324  58162  68486                                        Hancock County                                IL est22all.txt 03DEC2023
17  69      637      468      806 17.8 13.1 22.5      201      138      264 33.0 22.7 43.3      144       98      190 31.9 21.8 42.0  46568  40768  52368                                        Hardin County                                 IL est22all.txt 03DEC2023
17  71      732      553      911 12.0  9.1 14.9      176      123      229 16.0 11.2 20.8      130       89      171 16.0 11.0 21.0  61892  55642  68142                                        Henderson County                              IL est22all.txt 03DEC2023
17  73     4131     3125     5137  8.7  6.6 10.8     1213      814     1612 12.0  8.0 16.0      906      607     1205 11.8  7.9 15.7  70517  64966  76068                                        Henry County                                  IL est22all.txt 03DEC2023
17  75     3119     2555     3683 12.0  9.8 14.2      913      686     1140 16.7 12.6 20.8      649      485      813 15.9 11.9 19.9  65181  59203  71159                                        Iroquois County                               IL est22all.txt 03DEC2023
17  77    11569     9743    13395 23.3 19.6 27.0     2678     2054     3302 27.7 21.3 34.1     1688     1162     2214 24.5 16.9 32.1  44756  40090  49422                                        Jackson County                                IL est22all.txt 03DEC2023
17  79      966      743     1189 10.6  8.2 13.0      275      186      364 13.4  9.1 17.7      206      139      273 13.7  9.2 18.2  66290  58707  73873                                        Jasper County                                 IL est22all.txt 03DEC2023
17  81     5096     4130     6062 14.7 11.9 17.5     1499     1079     1919 19.1 13.8 24.4     1117      809     1425 19.4 14.0 24.8  58623  54180  63066                                        Jefferson County                              IL est22all.txt 03DEC2023
17  83     2057     1568     2546 10.0  7.6 12.4      513      355      671 12.4  8.6 16.2      358      241      475 11.5  7.7 15.3  72363  63863  80863                                        Jersey County                                 IL est22all.txt 03DEC2023
17  85     1828     1405     2251  8.5  6.5 10.5      432      309      555 11.4  8.2 14.6      309      213      405 10.4  7.2 13.6  67217  60890  73544                                        Jo Daviess County                             IL est22all.txt 03DEC2023
17  87     1692     1325     2059 15.5 12.1 18.9      375      286      464 17.4 13.3 21.5      246      181      311 15.1 11.1 19.1  59794  52863  66725                                        Johnson County                                IL est22all.txt 03DEC2023
17  89    41027    35092    46962  8.1  6.9  9.3    12945    10579    15311 10.8  8.8 12.8     9418     7593    11243 10.5  8.5 12.5  93475  89223  97727                                        Kane County                                   IL est22all.txt 03DEC2023
17  91    13994    11811    16177 13.6 11.5 15.7     4656     3686     5626 19.9 15.8 24.0     3314     2598     4030 18.9 14.8 23.0  70494  64615  76373                                        Kankakee County                               IL est22all.txt 03DEC2023
17  93     7862     6573     9151  5.8  4.9  6.7     2573     2077     3069  7.1  5.7  8.5     1880     1520     2240  6.7  5.4  8.0 102509  98602 106416                                        Kendall County                                IL est22all.txt 03DEC2023
17  95     6788     5641     7935 15.0 12.5 17.5     1870     1378     2362 19.7 14.5 24.9     1336      934     1738 19.6 13.7 25.5  57666  52597  62735                                        Knox County                                   IL est22all.txt 03DEC2023
17  97    56275    49629    62921  8.2  7.2  9.2    16332    13433    19231 10.2  8.4 12.0    12088     9882    14294  9.8  8.0 11.6 101621  98532 104710                                        Lake County                                   IL est22all.txt 03DEC2023
17  99    15239    13602    16876 14.5 12.9 16.1     4735     3948     5522 21.5 17.9 25.1     3318     2715     3921 20.0 16.4 23.6  64711  60685  68737                                        La Salle County                               IL est22all.txt 03DEC2023
17 101     2109     1634     2584 16.6 12.9 20.3      542      372      712 20.0 13.7 26.3      400      270      530 19.6 13.3 25.9  57460  52077  62843                                        Lawrence County                               IL est22all.txt 03DEC2023
17 103     3757     3044     4470 12.1  9.8 14.4      870      624     1116 13.5  9.7 17.3      603      421      785 12.4  8.6 16.2  67371  60653  74089                                        Lee County                                    IL est22all.txt 03DEC2023
17 105     4054     3280     4828 12.0  9.7 14.3     1188      880     1496 15.8 11.7 19.9      769      536     1002 14.0  9.8 18.2  74418  68649  80187                                        Livingston County                             IL est22all.txt 03DEC2023
17 107     3303     2701     3905 13.6 11.1 16.1      885      670     1100 17.0 12.9 21.1      639      479      799 16.4 12.3 20.5  53775  50358  57192                                        Logan County                                  IL est22all.txt 03DEC2023
17 109     4971     4138     5804 20.4 17.0 23.8      999      720     1278 21.4 15.4 27.4      738      530      946 21.6 15.5 27.7  52812  47204  58420                                        McDonough County                              IL est22all.txt 03DEC2023
17 111    18106    14993    21219  5.9  4.9  6.9     4801     3668     5934  7.0  5.4  8.6     3378     2559     4197  6.4  4.9  7.9  99128  95895 102361                                        McHenry County                                IL est22all.txt 03DEC2023
17 113    18099    15741    20457 11.2  9.7 12.7     3486     2611     4361  9.9  7.4 12.4     2350     1689     3011  9.0  6.5 11.5  71825  68476  75174                                        McLean County                                 IL est22all.txt 03DEC2023
17 115    14579    12186    16972 14.8 12.4 17.2     4565     3236     5894 20.5 14.5 26.5     2988     2022     3954 18.5 12.5 24.5  60648  56909  64387                                        Macon County                                  IL est22all.txt 03DEC2023
17 117     5241     4204     6278 12.1  9.7 14.5     1326      928     1724 14.9 10.4 19.4      910      614     1206 13.8  9.3 18.3  69880  64961  74799                                        Macoupin County                               IL est22all.txt 03DEC2023
17 119    31585    27388    35782 12.3 10.7 13.9     8199     6493     9905 15.0 11.9 18.1     5536     4241     6831 13.5 10.3 16.7  67441  64520  70362                                        Madison County                                IL est22all.txt 03DEC2023
17 121     5518     4425     6611 15.3 12.3 18.3     1735     1249     2221 20.6 14.8 26.4     1136      767     1505 18.4 12.4 24.4  58489  53449  63529                                        Marion County                                 IL est22all.txt 03DEC2023
17 123     1345     1107     1583 11.8  9.7 13.9      404      315      493 17.5 13.6 21.4      271      206      336 16.1 12.2 20.0  69593  62154  77032                                        Marshall County                               IL est22all.txt 03DEC2023
17 125     1598     1234     1962 12.7  9.8 15.6      498      342      654 19.2 13.2 25.2      360      246      474 18.4 12.6 24.2  60784  53763  67805                                        Mason County                                  IL est22all.txt 03DEC2023
17 127     2076     1599     2553 15.2 11.7 18.7      687      481      893 23.9 16.7 31.1      500      350      650 23.4 16.3 30.5  52880  48246  57514                                        Massac County                                 IL est22all.txt 03DEC2023
17 129     1034      795     1273  8.6  6.6 10.6      314      220      408 12.4  8.7 16.1      229      160      298 11.9  8.3 15.5  78115  71072  85158                                        Menard County                                 IL est22all.txt 03DEC2023
17 131     1318      992     1644  8.6  6.5 10.7      382      259      505 12.1  8.2 16.0      284      192      376 11.7  7.9 15.5  70430  62694  78166                                        Mercer County                                 IL est22all.txt 03DEC2023
17 133     2115     1762     2468  6.1  5.1  7.1      407      316      498  5.5  4.3  6.7      246      186      306  4.3  3.2  5.4 100487  88585 112389                                        Monroe County                                 IL est22all.txt 03DEC2023
17 135     3862     3110     4614 15.1 12.2 18.0     1023      735     1311 18.7 13.4 24.0      688      472      904 17.0 11.7 22.3  56381  50557  62205                                        Montgomery County                             IL est22all.txt 03DEC2023
17 137     3606     2813     4399 12.0  9.4 14.6      997      681     1313 16.9 11.6 22.2      702      471      933 16.2 10.9 21.5  64842  58827  70857                                        Morgan County                                 IL est22all.txt 03DEC2023
17 139     1428     1127     1729 10.2  8.1 12.3      448      325      571 12.8  9.3 16.3      316      225      407 11.8  8.4 15.2  75505  66250  84760                                        Moultrie County                               IL est22all.txt 03DEC2023
17 141     4320     3341     5299  8.5  6.6 10.4     1230      854     1606 11.2  7.8 14.6      898      616     1180 10.7  7.3 14.1  78577  73739  83415                                        Ogle County                                   IL est22all.txt 03DEC2023
17 143    23909    19942    27876 13.8 11.5 16.1     7560     5434     9686 18.4 13.2 23.6     5361     3703     7019 18.0 12.4 23.6  65421  61790  69052                                        Peoria County                                 IL est22all.txt 03DEC2023
17 145     2720     2104     3336 14.9 11.5 18.3      694      486      902 18.2 12.7 23.7      490      338      642 17.1 11.8 22.4  53051  50660  55442                                        Perry County                                  IL est22all.txt 03DEC2023
17 147     1211      944     1478  7.3  5.7  8.9      278      194      362  7.8  5.4 10.2      192      132      252  7.2  5.0  9.4  85430  76401  94459                                        Piatt County                                  IL est22all.txt 03DEC2023
17 149     2345     1966     2724 16.6 13.9 19.3      652      490      814 20.2 15.2 25.2      437      311      563 18.6 13.2 24.0  54244  47736  60752                                        Pike County                                   IL est22all.txt 03DEC2023
17 151      589      437      741 15.9 11.8 20.0      113       75      151 29.7 19.6 39.8       84       54      114 32.8 21.2 44.4  54878  48772  60984                                        Pope County                                   IL est22all.txt 03DEC2023
17 153     1188      922     1454 24.5 19.0 30.0      396      289      503 39.8 29.1 50.5      291      211      371 38.4 27.9 48.9  44873  39242  50504                                        Pulaski County                                IL est22all.txt 03DEC2023
17 155      419      313      525  7.5  5.6  9.4      120       82      158 11.6  7.9 15.3       87       59      115 11.2  7.5 14.9  83029  75166  90892                                        Putnam County                                 IL est22all.txt 03DEC2023
17 157     3999     3308     4690 14.6 12.1 17.1     1066      766     1366 18.2 13.1 23.3      751      537      965 17.3 12.4 22.2  62575  58195  66955                                        Randolph County                               IL est22all.txt 03DEC2023
17 159     2208     1746     2670 14.5 11.5 17.5      622      451      793 18.5 13.4 23.6      433      308      558 16.8 12.0 21.6  56831  50982  62680                                        Richland County                               IL est22all.txt 03DEC2023
17 161    20347    17590    23104 14.8 12.8 16.8     7160     5916     8404 23.2 19.2 27.2     4887     3943     5831 21.3 17.2 25.4  62652  57690  67614                                        Rock Island County                            IL est22all.txt 03DEC2023
17 163    39066    34094    44038 15.7 13.7 17.7    13003    10575    15431 22.8 18.5 27.1     8861     6954    10768 20.9 16.4 25.4  67185  64092  70278                                        St. Clair County                              IL est22all.txt 03DEC2023
17 165     4253     3592     4914 18.9 16.0 21.8     1144      845     1443 25.5 18.8 32.2      753      517      989 23.1 15.9 30.3  50979  45468  56490                                        Saline County                                 IL est22all.txt 03DEC2023
17 167    21500    18799    24201 11.2  9.8 12.6     6112     4775     7449 14.8 11.6 18.0     4087     2933     5241 13.4  9.6 17.2  73684  69988  77380                                        Sangamon County                               IL est22all.txt 03DEC2023
17 169      971      796     1146 14.6 12.0 17.2      183      129      237 15.8 11.1 20.5      135       94      176 15.7 10.9 20.5  62968  55891  70045                                        Schuyler County                               IL est22all.txt 03DEC2023
17 171      542      415      669 11.5  8.8 14.2      151      103      199 15.7 10.7 20.7      112       76      148 15.1 10.3 19.9  64853  56932  72774                                        Scott County                                  IL est22all.txt 03DEC2023
17 173     2327     1884     2770 11.3  9.1 13.5      574      410      738 13.4  9.6 17.2      399      278      520 12.4  8.6 16.2  65396  57895  72897                                        Shelby County                                 IL est22all.txt 03DEC2023
17 175      595      463      727 11.4  8.9 13.9      184      127      241 16.2 11.2 21.2      132       90      174 15.8 10.7 20.9  59234  52449  66019                                        Stark County                                  IL est22all.txt 03DEC2023
17 177     6005     4754     7256 14.0 11.1 16.9     1950     1438     2462 21.7 16.0 27.4     1339      969     1709 20.2 14.6 25.8  60988  55537  66439                                        Stephenson County                             IL est22all.txt 03DEC2023
17 179    11269     9167    13371  8.9  7.2 10.6     3241     2462     4020 11.7  8.9 14.5     2382     1814     2950 11.3  8.6 14.0  73285  69758  76812                                        Tazewell County                               IL est22all.txt 03DEC2023
17 181     3383     2879     3887 20.7 17.6 23.8     1021      850     1192 30.3 25.2 35.4      779      653      905 31.8 26.6 37.0  51116  45937  56295                                        Union County                                  IL est22all.txt 03DEC2023
17 183    12043    10069    14017 17.3 14.5 20.1     4020     3010     5030 24.5 18.4 30.6     2835     2069     3601 23.5 17.2 29.8  52083  49467  54699                                        Vermilion County                              IL est22all.txt 03DEC2023
17 185     1497     1157     1837 13.9 10.7 17.1      399      280      518 17.1 12.0 22.2      284      197      371 16.2 11.2 21.2  63777  56651  70903                                        Wabash County                                 IL est22all.txt 03DEC2023
17 187     2410     1979     2841 15.6 12.8 18.4      759      598      920 21.2 16.7 25.7      514      396      632 20.2 15.6 24.8  57357  51465  63249                                        Warren County                                 IL est22all.txt 03DEC2023
17 189     1082      835     1329  8.1  6.3  9.9      282      196      368 10.2  7.1 13.3      190      129      251  9.3  6.3 12.3  71958  64371  79545                                        Washington County                             IL est22all.txt 03DEC2023
17 191     2158     1705     2611 13.7 10.8 16.6      690      521      859 20.0 15.1 24.9      458      332      584 18.0 13.1 22.9  53359  47039  59679                                        Wayne County                                  IL est22all.txt 03DEC2023
17 193     1972     1564     2380 15.1 12.0 18.2      558      390      726 19.5 13.7 25.3      396      274      518 17.9 12.4 23.4  54611  48185  61037                                        White County                                  IL est22all.txt 03DEC2023
17 195     6944     5816     8072 12.9 10.8 15.0     2017     1529     2505 17.4 13.2 21.6     1307      949     1665 15.2 11.0 19.4  62038  56283  67793                                        Whiteside County                              IL est22all.txt 03DEC2023
17 197    48828    42911    54745  7.1  6.2  8.0    14858    12201    17515  9.2  7.5 10.9    10277     8408    12146  8.3  6.8  9.8  97076  93699 100453                                        Will County                                   IL est22all.txt 03DEC2023
17 199     8195     6663     9727 12.7 10.3 15.1     2306     1609     3003 16.6 11.6 21.6     1693     1163     2223 16.2 11.1 21.3  64152  58840  69464                                        Williamson County                             IL est22all.txt 03DEC2023
17 201    42830    38071    47589 15.4 13.7 17.1    14090    11762    16418 22.0 18.4 25.6    10089     8405    11773 21.4 17.8 25.0  62557  59420  65694                                        Winnebago County                              IL est22all.txt 03DEC2023
17 203     2572     2036     3108  6.9  5.5  8.3      685      483      887  7.8  5.5 10.1      498      350      646  7.4  5.2  9.6  85892  78863  92921                                        Woodford County                               IL est22all.txt 03DEC2023
18   0   827927   808143   847711 12.5 12.2 12.8   238070   225688   250452 15.4 14.6 16.2   161675   150656   172694 14.2 13.2 15.2  66768  66117  67419   70092   64808   75376 17.8 16.5 19.1 Indiana                                       IN est22all.txt 03DEC2023
18   1     4070     3079     5061 11.5  8.7 14.3     1963     1374     2552 17.8 12.5 23.1     1362      937     1787 17.1 11.8 22.4  60620  55434  65806                                        Adams County                                  IN est22all.txt 03DEC2023
18   3    44410    38915    49905 11.5 10.1 12.9    13746    10980    16512 14.2 11.3 17.1     8923     6780    11066 12.7  9.7 15.7  65967  63598  68336                                        Allen County                                  IN est22all.txt 03DEC2023
18   5    10442     9025    11859 12.7 11.0 14.4     2598     1959     3237 13.3 10.0 16.6     1909     1451     2367 13.3 10.1 16.5  68910  63325  74495                                        Bartholomew County                            IN est22all.txt 03DEC2023
18   7      872      673     1071 10.1  7.8 12.4      299      212      386 14.4 10.2 18.6      204      143      265 13.2  9.3 17.1  62248  56003  68493                                        Benton County                                 IN est22all.txt 03DEC2023
18   9     1492     1131     1853 12.7  9.6 15.8      490      336      644 19.0 13.0 25.0      344      233      455 18.0 12.2 23.8  54825  48877  60773                                        Blackford County                              IN est22all.txt 03DEC2023
18  11     3825     2922     4728  5.2  4.0  6.4      885      599     1171  4.8  3.2  6.4      603      405      801  4.3  2.9  5.7 102805  95819 109791                                        Boone County                                  IN est22all.txt 03DEC2023
18  13     1489     1099     1879  9.7  7.2 12.2      354      241      467 14.1  9.6 18.6      254      170      338 13.1  8.8 17.4  74161  67245  81077                                        Brown County                                  IN est22all.txt 03DEC2023
18  15     2106     1703     2509 10.3  8.3 12.3      549      386      712 12.6  8.9 16.3      387      269      505 11.9  8.3 15.5  64731  59031  70431                                        Carroll County                                IN est22all.txt 03DEC2023
18  17     4823     3908     5738 13.1 10.6 15.6     1545     1164     1926 18.7 14.1 23.3     1106      835     1377 18.1 13.7 22.5  60452  53903  67001                                        Cass County                                   IN est22all.txt 03DEC2023
18  19    11755     9538    13972  9.6  7.8 11.4     3341     2497     4185 12.7  9.5 15.9     2243     1607     2879 11.6  8.3 14.9  68493  64310  72676                                        Clark County                                  IN est22all.txt 03DEC2023
18  21     3302     2604     4000 12.7 10.0 15.4      998      692     1304 17.0 11.8 22.2      666      453      879 15.3 10.4 20.2  59057  55159  62955                                        Clay County                                   IN est22all.txt 03DEC2023
18  23     3592     2794     4390 11.2  8.7 13.7     1217      865     1569 14.5 10.3 18.7      796      547     1045 12.7  8.7 16.7  60916  54566  67266                                        Clinton County                                IN est22all.txt 03DEC2023
18  25     1879     1501     2257 18.0 14.4 21.6      528      374      682 24.5 17.4 31.6      366      254      478 22.5 15.6 29.4  53547  47030  60064                                        Crawford County                               IN est22all.txt 03DEC2023
18  27     3498     2617     4379 10.7  8.0 13.4     1319      888     1750 13.6  9.1 18.1      909      600     1218 12.8  8.4 17.2  63777  58701  68853                                        Daviess County                                IN est22all.txt 03DEC2023
18  29     5353     4512     6194 10.6  8.9 12.3     1310      977     1643 12.0  9.0 15.0      930      690     1170 11.4  8.5 14.3  77621  71085  84157                                        Dearborn County                               IN est22all.txt 03DEC2023
18  31     2828     2208     3448 10.9  8.5 13.3      825      561     1089 13.6  9.2 18.0      587      395      779 13.2  8.9 17.5  65847  58508  73186                                        Decatur County                                IN est22all.txt 03DEC2023
18  33     3956     3078     4834  9.2  7.2 11.2     1196      843     1549 11.7  8.3 15.1      758      516     1000 10.0  6.8 13.2  72910  67269  78551                                        De Kalb County                                IN est22all.txt 03DEC2023
18  35    19758    17458    22058 19.0 16.8 21.2     3937     3002     4872 20.5 15.6 25.4     2703     1983     3423 19.1 14.0 24.2  54059  50700  57418                                        Delaware County                               IN est22all.txt 03DEC2023
18  37     3606     2970     4242  8.4  6.9  9.9     1016      792     1240  9.8  7.6 12.0      713      549      877  9.3  7.2 11.4  71171  64461  77881                                        Dubois County                                 IN est22all.txt 03DEC2023
18  39    26704    23352    30056 13.1 11.5 14.7     8928     7420    10436 16.3 13.5 19.1     5802     4675     6929 14.5 11.7 17.3  63777  59939  67615                                        Elkhart County                                IN est22all.txt 03DEC2023
18  41     3290     2591     3989 14.3 11.3 17.3      934      631     1237 18.8 12.7 24.9      671      447      895 18.6 12.4 24.8  54892  49350  60434                                        Fayette County                                IN est22all.txt 03DEC2023
18  43     7971     6501     9441 10.1  8.2 12.0     2374     1790     2958 13.4 10.1 16.7     1616     1185     2047 12.0  8.8 15.2  74264  69068  79460                                        Floyd County                                  IN est22all.txt 03DEC2023
18  45     2026     1591     2461 12.3  9.6 15.0      564      406      722 16.3 11.7 20.9      341      228      454 13.5  9.0 18.0  63973  56980  70966                                        Fountain County                               IN est22all.txt 03DEC2023
18  47     2091     1597     2585  9.1  6.9 11.3      586      404      768 11.6  8.0 15.2      411      280      542 11.0  7.5 14.5  74779  66121  83437                                        Franklin County                               IN est22all.txt 03DEC2023
18  49     2779     2331     3227 13.8 11.6 16.0      787      573     1001 16.9 12.3 21.5      519      365      673 14.8 10.4 19.2  62412  55570  69254                                        Fulton County                                 IN est22all.txt 03DEC2023
18  51     3139     2391     3887  9.7  7.4 12.0      925      645     1205 12.1  8.4 15.8      656      457      855 11.5  8.0 15.0  66247  59385  73109                                        Gibson County                                 IN est22all.txt 03DEC2023
18  53    11806    10176    13436 19.3 16.6 22.0     3984     3345     4623 29.2 24.5 33.9     2944     2472     3416 29.7 24.9 34.5  51053  48163  53943                                        Grant County                                  IN est22all.txt 03DEC2023
18  55     3888     3058     4718 12.7 10.0 15.4     1144      779     1509 17.7 12.1 23.3      813      547     1079 17.0 11.5 22.5  61663  55328  67998                                        Greene County                                 IN est22all.txt 03DEC2023
18  57    16387    13845    18929  4.5  3.8  5.2     3619     2650     4588  4.0  2.9  5.1     2470     1795     3145  3.5  2.5  4.5 117068 111101 123035                                        Hamilton County                               IN est22all.txt 03DEC2023
18  59     4103     3183     5023  5.0  3.9  6.1      941      618     1264  5.1  3.4  6.8      657      429      885  4.6  3.0  6.2  87845  82683  93007                                        Hancock County                                IN est22all.txt 03DEC2023
18  61     3020     2266     3774  7.7  5.8  9.6      858      571     1145 10.1  6.7 13.5      571      363      779  8.8  5.6 12.0  72259  64822  79696                                        Harrison County                               IN est22all.txt 03DEC2023
18  63     9627     7690    11564  5.4  4.3  6.5     2401     1711     3091  5.5  3.9  7.1     1695     1193     2197  5.0  3.5  6.5  94760  88239 101281                                        Hendricks County                              IN est22all.txt 03DEC2023
18  65     6269     5120     7418 13.9 11.4 16.4     1577     1134     2020 16.3 11.7 20.9     1063      751     1375 14.8 10.4 19.2  54714  50388  59040                                        Henry County                                  IN est22all.txt 03DEC2023
18  67    12517    10674    14360 15.2 13.0 17.4     3928     3053     4803 21.2 16.5 25.9     2610     1982     3238 19.1 14.5 23.7  56960  53134  60786                                        Howard County                                 IN est22all.txt 03DEC2023
18  69     4554     3884     5224 12.8 10.9 14.7     1102      813     1391 14.1 10.4 17.8      739      525      953 12.9  9.2 16.6  59491  53195  65787                                        Huntington County                             IN est22all.txt 03DEC2023
18  71     5032     4011     6053 11.1  8.8 13.4     1359      956     1762 12.3  8.6 16.0      946      657     1235 12.1  8.4 15.8  66082  60514  71650                                        Jackson County                                IN est22all.txt 03DEC2023
18  73     3108     2411     3805  9.4  7.3 11.5      970      688     1252 13.1  9.3 16.9      663      449      877 11.8  8.0 15.6  75738  68900  82576                                        Jasper County                                 IN est22all.txt 03DEC2023
18  75     2728     2187     3269 13.7 11.0 16.4     1025      740     1310 20.6 14.9 26.3      700      504      896 19.8 14.2 25.4  57690  51248  64132                                        Jay County                                    IN est22all.txt 03DEC2023
18  77     3640     2836     4444 11.9  9.3 14.5      905      609     1201 14.5  9.8 19.2      694      468      920 15.3 10.3 20.3  64214  57730  70698                                        Jefferson County                              IN est22all.txt 03DEC2023
18  79     3307     2541     4073 12.2  9.4 15.0     1018      697     1339 16.5 11.3 21.7      708      480      936 15.6 10.6 20.6  63597  57920  69274                                        Jennings County                               IN est22all.txt 03DEC2023
18  81    12267     9726    14808  7.6  6.0  9.2     3437     2477     4397  8.8  6.4 11.2     2351     1681     3021  8.0  5.7 10.3  83036  77553  88519                                        Johnson County                                IN est22all.txt 03DEC2023
18  83     4988     3905     6071 14.6 11.4 17.8     1300      896     1704 17.6 12.1 23.1      890      597     1183 16.4 11.0 21.8  58238  52551  63925                                        Knox County                                   IN est22all.txt 03DEC2023
18  85     8459     6985     9933 10.7  8.8 12.6     2346     1795     2897 12.8  9.8 15.8     1469     1054     1884 10.8  7.8 13.8  71611  64784  78438                                        Kosciusko County                              IN est22all.txt 03DEC2023
18  87     3154     2358     3950  7.8  5.8  9.8     1191      801     1581  9.4  6.3 12.5      833      550     1116  9.1  6.0 12.2  81010  73714  88306                                        Lagrange County                               IN est22all.txt 03DEC2023
18  89    72873    65305    80441 14.7 13.2 16.2    23234    19677    26791 20.5 17.4 23.6    16550    13865    19235 19.5 16.3 22.7  66169  62420  69918                                        Lake County                                   IN est22all.txt 03DEC2023
18  91    16055    13814    18296 15.3 13.2 17.4     4794     3753     5835 20.8 16.3 25.3     3270     2482     4058 19.1 14.5 23.7  66336  62902  69770                                        La Porte County                               IN est22all.txt 03DEC2023
18  93     5525     4507     6543 12.4 10.1 14.7     1388      958     1818 14.8 10.2 19.4      931      627     1235 13.3  9.0 17.6  60141  53809  66473                                        Lawrence County                               IN est22all.txt 03DEC2023
18  95    18875    16222    21528 15.0 12.9 17.1     5514     4337     6691 20.3 16.0 24.6     3645     2792     4498 18.1 13.9 22.3  58926  55870  61982                                        Madison County                                IN est22all.txt 03DEC2023
18  97   149846   136716   162976 15.7 14.3 17.1    48991    42185    55797 21.0 18.1 23.9    32558    27554    37562 19.5 16.5 22.5  62776  60627  64925                                        Marion County                                 IN est22all.txt 03DEC2023
18  99     4719     3753     5685 10.3  8.2 12.4     1438     1076     1800 13.0  9.7 16.3      997      744     1250 12.0  9.0 15.0  70938  64662  77214                                        Marshall County                               IN est22all.txt 03DEC2023
18 101     1232      952     1512 12.8  9.9 15.7      345      246      444 16.5 11.8 21.2      241      170      312 15.6 11.0 20.2  64216  56588  71844                                        Martin County                                 IN est22all.txt 03DEC2023
18 103     4366     3392     5340 13.6 10.6 16.6     1375      981     1769 18.9 13.5 24.3      980      698     1262 18.1 12.9 23.3  60835  58094  63576                                        Miami County                                  IN est22all.txt 03DEC2023
18 105    23312    20495    26129 18.2 16.0 20.4     2982     2169     3795 14.0 10.2 17.8     2066     1515     2617 13.1  9.6 16.6  64299  59230  69368                                        Monroe County                                 IN est22all.txt 03DEC2023
18 107     4082     3255     4909 11.0  8.8 13.2     1313     1004     1622 15.5 11.9 19.1     1008      785     1231 15.9 12.4 19.4  66283  59242  73324                                        Montgomery County                             IN est22all.txt 03DEC2023
18 109     6594     5155     8033  9.2  7.2 11.2     1772     1260     2284 11.5  8.2 14.8     1264      891     1637 10.8  7.6 14.0  75542  68845  82239                                        Morgan County                                 IN est22all.txt 03DEC2023
18 111     1703     1378     2028 12.5 10.1 14.9      446      324      568 16.0 11.6 20.4      302      214      390 14.7 10.4 19.0  66837  58508  75166                                        Newton County                                 IN est22all.txt 03DEC2023
18 113     4571     3532     5610  9.8  7.6 12.0     1439     1039     1839 12.8  9.2 16.4      921      625     1217 11.4  7.7 15.1  69567  64956  74178                                        Noble County                                  IN est22all.txt 03DEC2023
18 115      553      417      689  9.1  6.8 11.4      149      103      195 12.2  8.4 16.0      101       69      133 10.9  7.5 14.3  70618  62482  78754                                        Ohio County                                   IN est22all.txt 03DEC2023
18 117     2809     2187     3431 14.5 11.3 17.7      880      621     1139 20.3 14.3 26.3      635      441      829 19.9 13.8 26.0  54128  47817  60439                                        Orange County                                 IN est22all.txt 03DEC2023
18 119     2964     2394     3534 14.0 11.3 16.7      869      652     1086 20.4 15.3 25.5      604      441      767 19.3 14.1 24.5  62460  56139  68781                                        Owen County                                   IN est22all.txt 03DEC2023
18 121     2213     1671     2755 14.4 10.9 17.9      738      515      961 20.5 14.3 26.7      525      361      689 20.0 13.8 26.2  64700  60095  69305                                        Parke County                                  IN est22all.txt 03DEC2023
18 123     2903     2430     3376 16.6 13.9 19.3      637      453      821 16.5 11.7 21.3      430      295      565 15.0 10.3 19.7  55503  49131  61875                                        Perry County                                  IN est22all.txt 03DEC2023
18 125     1410     1101     1719 11.8  9.2 14.4      419      304      534 15.9 11.5 20.3      263      180      346 13.8  9.4 18.2  63487  60023  66951                                        Pike County                                   IN est22all.txt 03DEC2023
18 127    15180    12794    17566  8.9  7.5 10.3     3737     2877     4597 10.3  7.9 12.7     2412     1761     3063  8.7  6.4 11.0  84352  79148  89556                                        Porter County                                 IN est22all.txt 03DEC2023
18 129     2416     1891     2941  9.7  7.6 11.8      605      424      786 11.4  8.0 14.8      407      276      538 10.0  6.8 13.2  75907  67965  83849                                        Posey County                                  IN est22all.txt 03DEC2023
18 131     1660     1328     1992 13.5 10.8 16.2      477      342      612 17.9 12.8 23.0      339      239      439 16.9 11.9 21.9  60487  53213  67761                                        Pulaski County                                IN est22all.txt 03DEC2023
18 133     3125     2311     3939  9.5  7.0 12.0      904      609     1199 12.7  8.6 16.8      626      412      840 11.9  7.8 16.0  68301  61530  75072                                        Putnam County                                 IN est22all.txt 03DEC2023
18 135     3714     3018     4410 15.4 12.5 18.3     1216      929     1503 22.7 17.3 28.1      900      695     1105 22.8 17.6 28.0  56920  52578  61262                                        Randolph County                               IN est22all.txt 03DEC2023
18 137     3410     2833     3987 12.0 10.0 14.0      879      617     1141 13.1  9.2 17.0      601      405      797 12.3  8.3 16.3  63571  56938  70204                                        Ripley County                                 IN est22all.txt 03DEC2023
18 139     2003     1616     2390 12.2  9.9 14.5      508      346      670 14.1  9.6 18.6      361      241      481 13.5  9.0 18.0  61653  55092  68214                                        Rush County                                   IN est22all.txt 03DEC2023
18 141    34388    30150    38626 13.2 11.6 14.8    10857     8986    12728 17.7 14.7 20.7     7205     5752     8658 16.0 12.8 19.2  61028  58613  63443                                        St. Joseph County                             IN est22all.txt 03DEC2023
18 143     3720     2914     4526 15.4 12.1 18.7     1097      793     1401 20.1 14.5 25.7      730      504      956 18.3 12.6 24.0  57837  51298  64376                                        Scott County                                  IN est22all.txt 03DEC2023
18 145     6233     5313     7153 14.1 12.0 16.2     1824     1479     2169 18.7 15.2 22.2     1101      840     1362 15.0 11.5 18.5  66045  59703  72387                                        Shelby County                                 IN est22all.txt 03DEC2023
18 147     1850     1462     2238  9.3  7.3 11.3      434      302      566 10.2  7.1 13.3      308      211      405  9.7  6.7 12.7  70440  62846  78034                                        Spencer County                                IN est22all.txt 03DEC2023
18 149     2907     2221     3593 12.6  9.6 15.6      927      628     1226 18.3 12.4 24.2      644      426      862 17.1 11.3 22.9  58523  52777  64269                                        Starke County                                 IN est22all.txt 03DEC2023
18 151     3078     2369     3787  9.4  7.2 11.6      831      551     1111 12.6  8.3 16.9      568      373      763 11.7  7.7 15.7  73250  67364  79136                                        Steuben County                                IN est22all.txt 03DEC2023
18 153     2339     1766     2912 12.7  9.6 15.8      632      430      834 17.2 11.7 22.7      447      302      592 16.5 11.1 21.9  55497  49812  61182                                        Sullivan County                               IN est22all.txt 03DEC2023
18 155     1340      991     1689 13.6 10.1 17.1      501      340      662 21.9 14.9 28.9      363      244      482 21.4 14.4 28.4  63246  55933  70559                                        Switzerland County                            IN est22all.txt 03DEC2023
18 157    33200    30713    35687 19.2 17.8 20.6     5531     4416     6646 14.9 11.9 17.9     3282     2425     4139 12.2  9.0 15.4  56088  52542  59634                                        Tippecanoe County                             IN est22all.txt 03DEC2023
18 159     1527     1241     1813 10.1  8.2 12.0      380      288      472 12.3  9.3 15.3      264      201      327 11.5  8.8 14.2  65025  59347  70703                                        Tipton County                                 IN est22all.txt 03DEC2023
18 161      782      593      971 11.3  8.6 14.0      243      169      317 16.7 11.6 21.8      171      117      225 15.6 10.7 20.5  61171  54035  68307                                        Union County                                  IN est22all.txt 03DEC2023
18 163    26687    23321    30053 15.4 13.5 17.3     7267     5714     8820 19.3 15.2 23.4     5122     4014     6230 18.6 14.6 22.6  57997  54012  61982                                        Vanderburgh County                            IN est22all.txt 03DEC2023
18 165     2130     1687     2573 14.0 11.1 16.9      599      438      760 18.3 13.4 23.2      410      294      526 16.8 12.1 21.5  58280  52294  64266                                        Vermillion County                             IN est22all.txt 03DEC2023
18 167    17975    15439    20511 18.5 15.9 21.1     4299     3084     5514 20.5 14.7 26.3     3103     2196     4010 20.2 14.3 26.1  52286  48159  56413                                        Vigo County                                   IN est22all.txt 03DEC2023
18 169     3400     2645     4155 11.5  8.9 14.1      910      636     1184 14.8 10.3 19.3      627      439      815 13.7  9.6 17.8  64025  57832  70218                                        Wabash County                                 IN est22all.txt 03DEC2023
18 171      803      617      989  9.6  7.4 11.8      240      167      313 13.3  9.2 17.4      164      113      215 11.7  8.1 15.3  73539  66463  80615                                        Warren County                                 IN est22all.txt 03DEC2023
18 173     4762     3749     5775  7.4  5.8  9.0     1166      832     1500  7.9  5.6 10.2      846      604     1088  7.5  5.4  9.6  84567  75662  93472                                        Warrick County                                IN est22all.txt 03DEC2023
18 175     3504     2738     4270 12.6  9.8 15.4     1120      783     1457 18.2 12.7 23.7      761      518     1004 16.6 11.3 21.9  65342  59860  70824                                        Washington County                             IN est22all.txt 03DEC2023
18 177    11373     9731    13015 17.8 15.2 20.4     3463     2752     4174 23.8 18.9 28.7     2435     1897     2973 23.2 18.1 28.3  51622  46847  56397                                        Wayne County                                  IN est22all.txt 03DEC2023
18 179     2525     1952     3098  9.1  7.0 11.2      827      595     1059 12.1  8.7 15.5      556      393      719 11.0  7.8 14.2  68879  60845  76913                                        Wells County                                  IN est22all.txt 03DEC2023
18 181     2295     1776     2814  9.4  7.3 11.5      716      479      953 12.9  8.6 17.2      511      336      686 12.5  8.2 16.8  66167  60692  71642                                        White County                                  IN est22all.txt 03DEC2023
18 183     3085     2501     3669  9.0  7.3 10.7      836      649     1023 10.8  8.4 13.2      525      387      663  9.1  6.7 11.5  72448  64384  80512                                        Whitley County                                IN est22all.txt 03DEC2023
19   0   340272   330571   349973 11.0 10.7 11.3    88115    82631    93599 12.3 11.5 13.1    59879    54974    64784 11.3 10.4 12.2  69708  68834  70582   25341   22915   27767 13.8 12.5 15.1 Iowa                                          IA est22all.txt 03DEC2023
19   1      666      500      832  9.1  6.8 11.4      190      127      253 11.4  7.6 15.2      131       87      175 11.1  7.4 14.8  66997  59673  74321                                        Adair County                                  IA est22all.txt 03DEC2023
19   3      362      267      457 10.1  7.4 12.8      117       79      155 15.1 10.3 19.9       81       54      108 13.9  9.2 18.6  58973  52190  65756                                        Adams County                                  IA est22all.txt 03DEC2023
19   5     1591     1245     1937 11.6  9.1 14.1      495      337      653 15.0 10.2 19.8      351      233      469 15.1 10.0 20.2  60743  55763  65723                                        Allamakee County                              IA est22all.txt 03DEC2023
19   7     1703     1265     2141 14.3 10.6 18.0      527      357      697 20.3 13.7 26.9      365      242      488 18.6 12.4 24.8  53589  47520  59658                                        Appanoose County                              IA est22all.txt 03DEC2023
19   9      635      503      767 11.6  9.2 14.0      179      123      235 15.0 10.3 19.7      117       78      156 13.3  8.8 17.8  60504  52787  68221                                        Audubon County                                IA est22all.txt 03DEC2023
19  11     1897     1493     2301  7.5  5.9  9.1      521      362      680  9.0  6.2 11.8      357      239      475  8.3  5.6 11.0  82762  76254  89270                                        Benton County                                 IA est22all.txt 03DEC2023
19  13    20825    18599    23051 16.6 14.8 18.4     5509     4585     6433 19.8 16.5 23.1     3738     3059     4417 18.8 15.4 22.2  62020  57560  66480                                        Black Hawk County                             IA est22all.txt 03DEC2023
19  15     2232     1752     2712  8.6  6.8 10.4      493      344      642  9.5  6.6 12.4      319      211      427  8.4  5.6 11.2  74896  68970  80822                                        Boone County                                  IA est22all.txt 03DEC2023
19  17     1582     1216     1948  6.7  5.2  8.2      342      233      451  6.1  4.1  8.1      233      153      313  5.5  3.6  7.4  83797  79297  88297                                        Bremer County                                 IA est22all.txt 03DEC2023
19  19     1962     1565     2359  9.6  7.7 11.5      594      393      795 11.5  7.6 15.4      382      239      525 10.2  6.4 14.0  70498  63943  77053                                        Buchanan County                               IA est22all.txt 03DEC2023
19  21     2019     1566     2472 10.2  7.9 12.5      612      406      818 11.6  7.7 15.5      416      270      562 10.9  7.1 14.7  67552  60624  74480                                        Buena Vista County                            IA est22all.txt 03DEC2023
19  23     1351     1079     1623  9.6  7.7 11.5      363      279      447 11.6  8.9 14.3      245      183      307 10.3  7.7 12.9  67233  62151  72315                                        Butler County                                 IA est22all.txt 03DEC2023
19  25      779      564      994  8.6  6.2 11.0      252      161      343 12.3  7.9 16.7      192      122      262 12.2  7.8 16.6  64634  59233  70035                                        Calhoun County                                IA est22all.txt 03DEC2023
19  27     1721     1369     2073  8.5  6.8 10.2      471      338      604  9.6  6.9 12.3      319      222      416  8.7  6.0 11.4  73643  66563  80723                                        Carroll County                                IA est22all.txt 03DEC2023
19  29     1763     1402     2124 13.7 10.9 16.5      562      416      708 19.2 14.2 24.2      378      270      486 16.8 12.0 21.6  61204  54681  67727                                        Cass County                                   IA est22all.txt 03DEC2023
19  31     1408     1122     1694  7.8  6.2  9.4      325      229      421  8.5  6.0 11.0      208      137      279  7.1  4.7  9.5  71563  64597  78529                                        Cedar County                                  IA est22all.txt 03DEC2023
19  33     4844     3963     5725 11.7  9.6 13.8     1270      955     1585 14.7 11.1 18.3      842      607     1077 13.1  9.4 16.8  63279  56637  69921                                        Cerro Gordo County                            IA est22all.txt 03DEC2023
19  35     1200      946     1454 10.7  8.4 13.0      311      219      403 12.4  8.7 16.1      206      139      273 10.9  7.4 14.4  65985  58272  73698                                        Cherokee County                               IA est22all.txt 03DEC2023
19  37      958      723     1193  8.3  6.3 10.3      261      176      346  9.8  6.6 13.0      183      120      246  9.3  6.1 12.5  74077  69035  79119                                        Chickasaw County                              IA est22all.txt 03DEC2023
19  39     1108      870     1346 11.6  9.1 14.1      378      267      489 15.3 10.8 19.8      260      180      340 14.1  9.7 18.5  65129  57583  72675                                        Clarke County                                 IA est22all.txt 03DEC2023
19  41     1499     1127     1871  9.3  7.0 11.6      457      311      603 12.4  8.4 16.4      291      192      390 10.6  7.0 14.2  68542  62036  75048                                        Clay County                                   IA est22all.txt 03DEC2023
19  43     1929     1559     2299 11.5  9.3 13.7      454      318      590 12.6  8.8 16.4      300      205      395 11.3  7.7 14.9  64486  57764  71208                                        Clayton County                                IA est22all.txt 03DEC2023
19  45     6077     5061     7093 13.3 11.1 15.5     1856     1366     2346 17.9 13.2 22.6     1262      907     1617 16.2 11.6 20.8  61136  55435  66837                                        Clinton County                                IA est22all.txt 03DEC2023
19  47     1876     1459     2293 11.8  9.2 14.4      592      422      762 15.1 10.8 19.4      409      288      530 14.4 10.1 18.7  67363  60106  74620                                        Crawford County                               IA est22all.txt 03DEC2023
19  49     5214     4150     6278  4.9  3.9  5.9     1401     1003     1799  4.9  3.5  6.3      923      641     1205  4.4  3.1  5.7 109138  99780 118496                                        Dallas County                                 IA est22all.txt 03DEC2023
19  51     1047      787     1307 11.6  8.7 14.5      377      256      498 14.0  9.5 18.5      261      172      350 13.5  8.9 18.1  65201  59069  71333                                        Davis County                                  IA est22all.txt 03DEC2023
19  53     1285     1003     1567 17.9 14.0 21.8      375      261      489 21.8 15.1 28.5      246      162      330 18.9 12.4 25.4  51749  46531  56967                                        Decatur County                                IA est22all.txt 03DEC2023
19  55     1471     1117     1825  8.5  6.5 10.5      376      255      497  9.4  6.4 12.4      261      171      351  8.7  5.7 11.7  74017  66767  81267                                        Delaware County                               IA est22all.txt 03DEC2023
19  57     5593     4647     6539 14.8 12.3 17.3     1610     1121     2099 19.3 13.4 25.2     1153      797     1509 18.4 12.7 24.1  59688  53734  65642                                        Des Moines County                             IA est22all.txt 03DEC2023
19  59     1240      945     1535  7.0  5.3  8.7      256      170      342  7.6  5.1 10.1      163      106      220  6.5  4.2  8.8  75406  66903  83909                                        Dickinson County                              IA est22all.txt 03DEC2023
19  61    10067     8634    11500 10.6  9.1 12.1     2430     1829     3031 11.3  8.5 14.1     1662     1253     2071 10.5  7.9 13.1  73492  70010  76974                                        Dubuque County                                IA est22all.txt 03DEC2023
19  63     1014      820     1208 11.5  9.3 13.7      220      152      288 13.3  9.2 17.4      164      107      221 13.6  8.9 18.3  56834  50774  62894                                        Emmet County                                  IA est22all.txt 03DEC2023
19  65     2389     1910     2868 13.0 10.4 15.6      648      466      830 16.0 11.5 20.5      445      304      586 15.0 10.3 19.7  56599  50829  62369                                        Fayette County                                IA est22all.txt 03DEC2023
19  67     1778     1393     2163 11.7  9.2 14.2      522      362      682 14.9 10.3 19.5      366      249      483 14.2  9.7 18.7  64553  56757  72349                                        Floyd County                                  IA est22all.txt 03DEC2023
19  69     1147      906     1388 11.8  9.3 14.3      390      286      494 16.9 12.4 21.4      283      208      358 16.7 12.3 21.1  63775  56294  71256                                        Franklin County                               IA est22all.txt 03DEC2023
19  71      670      517      823 10.5  8.1 12.9      189      128      250 13.5  9.1 17.9      132       87      177 12.3  8.1 16.5  69018  62201  75835                                        Fremont County                                IA est22all.txt 03DEC2023
19  73      900      682     1118 10.4  7.9 12.9      267      182      352 13.7  9.3 18.1      180      120      240 12.3  8.2 16.4  63562  56865  70259                                        Greene County                                 IA est22all.txt 03DEC2023
19  75      872      701     1043  7.1  5.7  8.5      195      134      256  6.9  4.8  9.0      131       87      175  6.1  4.0  8.2  79386  72059  86713                                        Grundy County                                 IA est22all.txt 03DEC2023
19  77     1060      843     1277 10.1  8.0 12.2      280      199      361 12.7  9.0 16.4      194      132      256 11.7  8.0 15.4  72701  64988  80414                                        Guthrie County                                IA est22all.txt 03DEC2023
19  79     1339     1040     1638  9.2  7.1 11.3      348      233      463 10.5  7.0 14.0      253      166      340 10.5  6.9 14.1  68795  61275  76315                                        Hamilton County                               IA est22all.txt 03DEC2023
19  81      807      613     1001  7.7  5.9  9.5      239      159      319 10.6  7.1 14.1      169      111      227 10.3  6.7 13.9  67498  61280  73716                                        Hancock County                                IA est22all.txt 03DEC2023
19  83     1701     1349     2053 10.7  8.5 12.9      415      279      551 14.3  9.6 19.0      278      179      377 13.0  8.4 17.6  59622  55363  63881                                        Hardin County                                 IA est22all.txt 03DEC2023
19  85     1323     1011     1635  9.2  7.0 11.4      389      271      507 11.5  8.0 15.0      271      184      358 10.8  7.3 14.3  73457  66417  80497                                        Harrison County                               IA est22all.txt 03DEC2023
19  87     2187     1691     2683 12.0  9.3 14.7      602      418      786 14.7 10.2 19.2      411      277      545 13.5  9.1 17.9  63702  58115  69289                                        Henry County                                  IA est22all.txt 03DEC2023
19  89      856      641     1071  9.1  6.8 11.4      263      176      350 11.1  7.4 14.8      180      117      243 10.4  6.7 14.1  66979  59078  74880                                        Howard County                                 IA est22all.txt 03DEC2023
19  91      735      532      938  7.8  5.6 10.0      253      167      339 11.4  7.5 15.3      174      113      235 10.5  6.8 14.2  71521  66548  76494                                        Humboldt County                               IA est22all.txt 03DEC2023
19  93      650      493      807  9.7  7.4 12.0      187      125      249 11.3  7.6 15.0      131       86      176 10.3  6.7 13.9  67696  60080  75312                                        Ida County                                    IA est22all.txt 03DEC2023
19  95     1194      942     1446  7.4  5.8  9.0      287      197      377  7.6  5.2 10.0      196      132      260  6.9  4.7  9.1  72948  64240  81656                                        Iowa County                                   IA est22all.txt 03DEC2023
19  97     1960     1521     2399 10.3  8.0 12.6      555      364      746 13.4  8.8 18.0      411      268      554 13.3  8.7 17.9  64792  58683  70901                                        Jackson County                                IA est22all.txt 03DEC2023
19  99     3182     2486     3878  8.8  6.9 10.7      841      571     1111 10.2  6.9 13.5      524      333      715  8.5  5.4 11.6  69047  61883  76211                                        Jasper County                                 IA est22all.txt 03DEC2023
19 101     2031     1552     2510 13.6 10.4 16.8      459      314      604 17.9 12.2 23.6      300      195      405 15.8 10.3 21.3  59603  53077  66129                                        Jefferson County                              IA est22all.txt 03DEC2023
19 103    22481    20312    24650 15.3 13.8 16.8     3007     2201     3813 10.2  7.5 12.9     2021     1416     2626  9.4  6.6 12.2  74909  70619  79199                                        Johnson County                                IA est22all.txt 03DEC2023
19 105     2076     1653     2499 10.6  8.4 12.8      489      345      633 11.7  8.3 15.1      336      232      440 10.7  7.4 14.0  70671  62751  78591                                        Jones County                                  IA est22all.txt 03DEC2023
19 107     1155      895     1415 11.8  9.1 14.5      355      244      466 16.2 11.1 21.3      251      169      333 15.1 10.1 20.1  65653  60368  70938                                        Keokuk County                                 IA est22all.txt 03DEC2023
19 109     1236      917     1555  8.7  6.5 10.9      373      247      499 11.9  7.9 15.9      264      172      356 11.4  7.4 15.4  65510  58855  72165                                        Kossuth County                                IA est22all.txt 03DEC2023
19 111     4255     3365     5145 13.5 10.7 16.3     1273      884     1662 18.7 13.0 24.4      888      598     1178 17.8 12.0 23.6  59017  53791  64243                                        Lee County                                    IA est22all.txt 03DEC2023
19 113    20251    17527    22975  9.1  7.9 10.3     4797     3577     6017  9.6  7.2 12.0     3113     2123     4103  8.4  5.7 11.1  74134  69088  79180                                        Linn County                                   IA est22all.txt 03DEC2023
19 115     1149      892     1406 10.9  8.5 13.3      337      233      441 14.9 10.3 19.5      228      152      304 13.5  9.0 18.0  70953  63719  78187                                        Louisa County                                 IA est22all.txt 03DEC2023
19 117     1391     1123     1659 16.1 13.0 19.2      460      337      583 23.2 17.0 29.4      309      215      403 21.5 14.9 28.1  60245  53834  66656                                        Lucas County                                  IA est22all.txt 03DEC2023
19 119      802      600     1004  6.7  5.0  8.4      258      173      343  7.6  5.1 10.1      185      122      248  7.4  4.9  9.9  74061  67092  81030                                        Lyon County                                   IA est22all.txt 03DEC2023
19 121     1132      848     1416  6.7  5.0  8.4      298      199      397  7.1  4.7  9.5      198      127      269  6.2  4.0  8.4  80887  72768  89006                                        Madison County                                IA est22all.txt 03DEC2023
19 123     2192     1711     2673 10.3  8.0 12.6      633      426      840 12.5  8.4 16.6      418      271      565 11.1  7.2 15.0  68759  62998  74520                                        Mahaska County                                IA est22all.txt 03DEC2023
19 125     2597     2020     3174  8.1  6.3  9.9      656      451      861  8.5  5.8 11.2      446      294      598  7.6  5.0 10.2  73451  65555  81347                                        Marion County                                 IA est22all.txt 03DEC2023
19 127     4283     3292     5274 11.1  8.5 13.7     1358      939     1777 13.6  9.4 17.8      930      628     1232 12.4  8.4 16.4  69818  64548  75088                                        Marshall County                               IA est22all.txt 03DEC2023
19 129     1283      993     1573  8.9  6.9 10.9      356      250      462 11.0  7.7 14.3      233      154      312  9.3  6.1 12.5  75835  67383  84287                                        Mills County                                  IA est22all.txt 03DEC2023
19 131     1186      970     1402 11.5  9.4 13.6      282      192      372 11.4  7.7 15.1      196      129      263 10.7  7.0 14.4  65132  58187  72077                                        Mitchell County                               IA est22all.txt 03DEC2023
19 133      941      724     1158 11.3  8.7 13.9      265      182      348 14.3  9.8 18.8      188      128      248 13.8  9.4 18.2  60237  53572  66902                                        Monona County                                 IA est22all.txt 03DEC2023
19 135      729      536      922  9.8  7.2 12.4      246      163      329 14.3  9.5 19.1      171      111      231 13.5  8.7 18.3  66176  58387  73965                                        Monroe County                                 IA est22all.txt 03DEC2023
19 137     1119      835     1403 11.2  8.4 14.0      381      254      508 17.0 11.3 22.7      263      170      356 15.6 10.1 21.1  58895  52955  64835                                        Montgomery County                             IA est22all.txt 03DEC2023
19 139     5116     4172     6060 12.3 10.0 14.6     1564     1170     1958 15.7 11.7 19.7     1044      764     1324 14.0 10.3 17.7  69096  62110  76082                                        Muscatine County                              IA est22all.txt 03DEC2023
19 141     1186      914     1458  8.7  6.7 10.7      329      218      440  9.9  6.6 13.2      226      146      306  9.3  6.0 12.6  67470  59878  75062                                        O'Brien County                                IA est22all.txt 03DEC2023
19 143      646      521      771 10.9  8.8 13.0      202      151      253 14.8 11.0 18.6      143      105      181 14.0 10.2 17.8  64993  56964  73022                                        Osceola County                                IA est22all.txt 03DEC2023
19 145     1738     1287     2189 12.5  9.2 15.8      468      309      627 18.6 12.3 24.9      308      199      417 16.3 10.5 22.1  60567  53964  67170                                        Page County                                   IA est22all.txt 03DEC2023
19 147      950      724     1176 11.2  8.5 13.9      269      183      355 13.6  9.3 17.9      184      121      247 12.6  8.3 16.9  65438  59341  71535                                        Palo Alto County                              IA est22all.txt 03DEC2023
19 149     1680     1274     2086  6.6  5.0  8.2      475      313      637  7.6  5.0 10.2      335      217      453  7.0  4.5  9.5  79431  71959  86903                                        Plymouth County                               IA est22all.txt 03DEC2023
19 151      760      589      931 11.0  8.5 13.5      239      160      318 15.1 10.1 20.1      172      113      231 14.9  9.8 20.0  61927  54891  68963                                        Pocahontas County                             IA est22all.txt 03DEC2023
19 153    50460    45127    55793 10.2  9.1 11.3    14197    11640    16754 12.0  9.8 14.2     9627     7780    11474 11.1  9.0 13.2  77369  74313  80425                                        Polk County                                   IA est22all.txt 03DEC2023
19 155    10637     8846    12428 11.7  9.7 13.7     3177     2361     3993 15.2 11.3 19.1     2127     1528     2726 13.6  9.8 17.4  68712  63763  73661                                        Pottawattamie County                          IA est22all.txt 03DEC2023
19 157     1498     1076     1920  8.9  6.4 11.4      415      282      548 11.7  8.0 15.4      288      191      385 10.8  7.2 14.4  69566  63227  75905                                        Poweshiek County                              IA est22all.txt 03DEC2023
19 159      601      448      754 13.2  9.8 16.6      202      136      268 18.8 12.7 24.9      138       90      186 17.3 11.3 23.3  60061  53315  66807                                        Ringgold County                               IA est22all.txt 03DEC2023
19 161      902      669     1135  9.5  7.1 11.9      276      184      368 12.9  8.6 17.2      188      123      253 11.7  7.6 15.8  72499  66186  78812                                        Sac County                                    IA est22all.txt 03DEC2023
19 163    20116    17033    23199 11.8 10.0 13.6     4999     3527     6471 12.7  9.0 16.4     3655     2535     4775 12.4  8.6 16.2  68576  64131  73021                                        Scott County                                  IA est22all.txt 03DEC2023
19 165     1007      789     1225  8.8  6.9 10.7      248      161      335  9.6  6.2 13.0      173      110      236  8.8  5.6 12.0  71628  63785  79471                                        Shelby County                                 IA est22all.txt 03DEC2023
19 167     2695     2193     3197  8.0  6.5  9.5      725      539      911  7.6  5.6  9.6      458      318      598  6.5  4.5  8.5  75994  69488  82500                                        Sioux County                                  IA est22all.txt 03DEC2023
19 169    14563    13249    15877 16.6 15.1 18.1     1326      963     1689  8.5  6.2 10.8      858      614     1102  7.4  5.3  9.5  68720  63062  74378                                        Story County                                  IA est22all.txt 03DEC2023
19 171     2243     1870     2616 13.5 11.3 15.7      726      563      889 18.3 14.2 22.4      484      361      607 16.3 12.1 20.5  66295  61268  71322                                        Tama County                                   IA est22all.txt 03DEC2023
19 173      719      550      888 12.4  9.5 15.3      184      124      244 13.5  9.1 17.9      129       85      173 12.6  8.3 16.9  56021  50129  61913                                        Taylor County                                 IA est22all.txt 03DEC2023
19 175     1501     1157     1845 13.0 10.0 16.0      437      299      575 16.9 11.6 22.2      300      201      399 15.2 10.2 20.2  55812  50590  61034                                        Union County                                  IA est22all.txt 03DEC2023
19 177      928      708     1148 12.9  9.8 16.0      299      194      404 17.7 11.5 23.9      210      134      286 17.6 11.2 24.0  64550  59636  69464                                        Van Buren County                              IA est22all.txt 03DEC2023
19 179     5473     4471     6475 16.1 13.2 19.0     1628     1219     2037 20.5 15.3 25.7     1104      794     1414 19.4 14.0 24.8  61555  58809  64301                                        Wapello County                                IA est22all.txt 03DEC2023
19 181     3305     2597     4013  6.3  5.0  7.6      833      582     1084  6.4  4.5  8.3      556      379      733  5.6  3.8  7.4  90943  82952  98934                                        Warren County                                 IA est22all.txt 03DEC2023
19 183     2188     1744     2632  9.9  7.9 11.9      722      527      917 13.2  9.6 16.8      493      355      631 12.3  8.8 15.8  70539  63806  77272                                        Washington County                             IA est22all.txt 03DEC2023
19 185      921      709     1133 14.5 11.2 17.8      343      235      451 20.4 14.0 26.8      230      152      308 18.9 12.5 25.3  58000  51140  64860                                        Wayne County                                  IA est22all.txt 03DEC2023
19 187     4197     3321     5073 12.5  9.9 15.1     1129      749     1509 14.7  9.8 19.6      778      498     1058 14.1  9.0 19.2  67110  63257  70963                                        Webster County                                IA est22all.txt 03DEC2023
19 189     1015      778     1252 10.1  7.8 12.4      276      186      366 12.1  8.2 16.0      191      123      259 10.9  7.0 14.8  66776  58969  74583                                        Winnebago County                              IA est22all.txt 03DEC2023
19 191     1777     1385     2169  9.7  7.6 11.8      312      220      404  8.6  6.1 11.1      218      151      285  8.0  5.5 10.5  72032  63606  80458                                        Winneshiek County                             IA est22all.txt 03DEC2023
19 193    13386    11136    15636 13.0 10.8 15.2     4112     2959     5265 15.5 11.2 19.8     2718     1843     3593 13.9  9.4 18.4  66830  61767  71893                                        Woodbury County                               IA est22all.txt 03DEC2023
19 195      702      540      864  9.7  7.5 11.9      204      139      269 13.6  9.3 17.9      142       94      190 12.9  8.5 17.3  71329  65407  77251                                        Worth County                                  IA est22all.txt 03DEC2023
19 197     1405     1094     1716 11.2  8.7 13.7      475      336      614 15.3 10.8 19.8      317      212      422 14.1  9.4 18.8  67291  61859  72723                                        Wright County                                 IA est22all.txt 03DEC2023
20   0   340106   329013   351199 11.9 11.5 12.3    92995    87480    98510 13.7 12.9 14.5    63771    58812    68730 12.6 11.6 13.6  68827  67712  69942   26454   24160   28748 15.4 14.1 16.7 Kansas                                        KS est22all.txt 03DEC2023
20   1     1904     1437     2371 15.7 11.9 19.5      587      401      773 21.3 14.6 28.0      406      277      535 20.4 13.9 26.9  50995  45119  56871                                        Allen County                                  KS est22all.txt 03DEC2023
20   3     1042      789     1295 13.6 10.3 16.9      336      230      442 17.7 12.1 23.3      235      159      311 16.5 11.2 21.8  59683  52162  67204                                        Anderson County                               KS est22all.txt 03DEC2023
20   5     2127     1631     2623 14.7 11.3 18.1      596      419      773 17.2 12.1 22.3      421      288      554 16.3 11.1 21.5  59085  52979  65191                                        Atchison County                               KS est22all.txt 03DEC2023
20   7      489      366      612 12.0  9.0 15.0      168      113      223 17.6 11.9 23.3      116       77      155 16.2 10.7 21.7  59845  52981  66709                                        Barber County                                 KS est22all.txt 03DEC2023
20   9     3430     2730     4130 13.9 11.1 16.7     1038      741     1335 17.6 12.6 22.6      692      465      919 15.9 10.7 21.1  56711  51703  61719                                        Barton County                                 KS est22all.txt 03DEC2023
20  11     2670     2172     3168 19.0 15.5 22.5      895      656     1134 24.2 17.7 30.7      660      489      831 24.3 18.0 30.6  44954  41017  48891                                        Bourbon County                                KS est22all.txt 03DEC2023
20  13     1331     1054     1608 14.4 11.4 17.4      409      284      534 17.4 12.1 22.7      267      175      359 15.2 10.0 20.4  56391  49523  63259                                        Brown County                                  KS est22all.txt 03DEC2023
20  15     5131     3870     6392  7.8  5.9  9.7     1493     1003     1983  9.1  6.1 12.1     1062      712     1412  8.3  5.6 11.0  80214  76094  84334                                        Butler County                                 KS est22all.txt 03DEC2023
20  17      268      202      334 11.3  8.5 14.1       74       50       98 15.1 10.1 20.1       53       35       71 14.7  9.7 19.7  58580  51165  65995                                        Chase County                                  KS est22all.txt 03DEC2023
20  19      574      438      710 17.1 13.0 21.2      194      136      252 26.5 18.5 34.5      138       95      181 26.2 18.0 34.4  49457  43568  55346                                        Chautauqua County                             KS est22all.txt 03DEC2023
20  21     3047     2400     3694 16.2 12.8 19.6      854      574     1134 19.9 13.4 26.4      592      385      799 18.8 12.2 25.4  54965  49246  60684                                        Cherokee County                               KS est22all.txt 03DEC2023
20  23      331      252      410 13.0  9.9 16.1      106       74      138 19.2 13.4 25.0       74       51       97 18.7 13.0 24.4  56500  49781  63219                                        Cheyenne County                               KS est22all.txt 03DEC2023
20  25      241      184      298 12.7  9.7 15.7       78       54      102 16.6 11.4 21.8       54       36       72 15.0 10.1 19.9  58914  52487  65341                                        Clark County                                  KS est22all.txt 03DEC2023
20  27      965      769     1161 12.3  9.8 14.8      276      202      350 15.1 11.1 19.1      185      130      240 13.4  9.4 17.4  59021  52595  65447                                        Clay County                                   KS est22all.txt 03DEC2023
20  29     1104      839     1369 13.1  9.9 16.3      335      232      438 16.2 11.2 21.2      220      149      291 14.6  9.9 19.3  52483  46308  58658                                        Cloud County                                  KS est22all.txt 03DEC2023
20  31      785      599      971  9.6  7.3 11.9      216      146      286 12.3  8.3 16.3      155      103      207 11.7  7.8 15.6  69100  60851  77349                                        Coffey County                                 KS est22all.txt 03DEC2023
20  33      193      147      239 11.9  9.1 14.7       59       40       78 15.9 10.7 21.1       36       24       48 12.3  8.1 16.5  53657  46864  60450                                        Comanche County                               KS est22all.txt 03DEC2023
20  35     5203     4186     6220 16.0 12.9 19.1     1721     1287     2155 21.8 16.3 27.3     1142      820     1464 19.5 14.0 25.0  56416  50597  62235                                        Cowley County                                 KS est22all.txt 03DEC2023
20  37     6656     5501     7811 17.7 14.6 20.8     1700     1249     2151 20.3 14.9 25.7     1191      857     1525 19.3 13.9 24.7  51835  46560  57110                                        Crawford County                               KS est22all.txt 03DEC2023
20  39      379      289      469 14.4 11.0 17.8      113       78      148 21.5 14.9 28.1       82       55      109 20.4 13.8 27.0  51152  44781  57523                                        Decatur County                                KS est22all.txt 03DEC2023
20  41     1840     1423     2257 10.2  7.9 12.5      536      381      691 13.0  9.2 16.8      391      275      507 12.5  8.8 16.2  63136  56985  69287                                        Dickinson County                              KS est22all.txt 03DEC2023
20  43      747      550      944 10.6  7.8 13.4      185      124      246 12.2  8.2 16.2      131       87      175 11.4  7.5 15.3  64608  58831  70385                                        Doniphan County                               KS est22all.txt 03DEC2023
20  45    16828    14588    19068 15.1 13.1 17.1     2117     1481     2753 10.4  7.3 13.5     1381      913     1849  9.0  5.9 12.1  67482  61380  73584                                        Douglas County                                KS est22all.txt 03DEC2023
20  47      328      250      406 12.1  9.2 15.0      112       79      145 18.5 13.0 24.0       76       52      100 17.2 11.8 22.6  55777  49917  61637                                        Edwards County                                KS est22all.txt 03DEC2023
20  49      410      309      511 16.8 12.7 20.9      140       96      184 25.2 17.2 33.2      106       71      141 23.3 15.7 30.9  47094  41438  52750                                        Elk County                                    KS est22all.txt 03DEC2023
20  51     3711     3097     4325 13.6 11.3 15.9      607      416      798 10.6  7.3 13.9      438      299      577 10.3  7.0 13.6  61675  55887  67463                                        Ellis County                                  KS est22all.txt 03DEC2023
20  53      617      465      769 11.9  9.0 14.8      146      100      192 13.6  9.3 17.9      103       70      136 12.9  8.8 17.0  63636  56000  71272                                        Ellsworth County                              KS est22all.txt 03DEC2023
20  55     4439     3370     5508 12.0  9.1 14.9     1618     1102     2134 14.7 10.0 19.4     1092      734     1450 13.4  9.0 17.8  69966  64068  75864                                        Finney County                                 KS est22all.txt 03DEC2023
20  57     3856     2982     4730 11.7  9.1 14.3     1302      907     1697 13.3  9.3 17.3      891      609     1173 12.5  8.5 16.5  67714  60374  75054                                        Ford County                                   KS est22all.txt 03DEC2023
20  59     2536     1931     3141 10.0  7.6 12.4      701      463      939 12.1  8.0 16.2      483      314      652 11.1  7.2 15.0  67263  62000  72526                                        Franklin County                               KS est22all.txt 03DEC2023
20  61     4576     3780     5372 13.2 10.9 15.5     1767     1309     2225 15.8 11.7 19.9     1136      802     1470 16.2 11.4 21.0  60026  53897  66155                                        Geary County                                  KS est22all.txt 03DEC2023
20  63      297      228      366 11.1  8.5 13.7      102       68      136 15.1 10.1 20.1       71       47       95 14.5  9.5 19.5  64037  58129  69945                                        Gove County                                   KS est22all.txt 03DEC2023
20  65      315      237      393 13.3 10.0 16.6       82       56      108 16.4 11.2 21.6       56       38       74 14.9 10.1 19.7  53233  46815  59651                                        Graham County                                 KS est22all.txt 03DEC2023
20  67      796      594      998 11.2  8.4 14.0      321      218      424 15.2 10.3 20.1      229      153      305 14.3  9.5 19.1  66022  57992  74052                                        Grant County                                  KS est22all.txt 03DEC2023
20  69      466      348      584  8.3  6.2 10.4      160      108      212  9.9  6.7 13.1      102       67      137  8.4  5.5 11.3  77761  69580  85942                                        Gray County                                   KS est22all.txt 03DEC2023
20  71      123       91      155 10.3  7.7 12.9       39       26       52 11.6  7.8 15.4       28       19       37 10.9  7.2 14.6  72300  65447  79153                                        Greeley County                                KS est22all.txt 03DEC2023
20  73      903      692     1114 15.4 11.8 19.0      275      192      358 21.8 15.2 28.4      179      120      238 18.5 12.4 24.6  52145  46990  57300                                        Greenwood County                              KS est22all.txt 03DEC2023
20  75      315      236      394 13.0  9.7 16.3      113       76      150 17.4 11.8 23.0       79       53      105 15.9 10.6 21.2  63442  55414  71470                                        Hamilton County                               KS est22all.txt 03DEC2023
20  77      722      547      897 13.8 10.5 17.1      240      161      319 18.1 12.2 24.0      167      110      224 16.5 10.9 22.1  52893  46961  58825                                        Harper County                                 KS est22all.txt 03DEC2023
20  79     2943     2278     3608  9.0  7.0 11.0      852      578     1126 11.0  7.5 14.5      581      385      777  9.8  6.5 13.1  73854  68110  79598                                        Harvey County                                 KS est22all.txt 03DEC2023
20  81      348      261      435  9.9  7.4 12.4      119       79      159 13.1  8.7 17.5       82       54      110 12.0  7.9 16.1  69971  61349  78593                                        Haskell County                                KS est22all.txt 03DEC2023
20  83      158      118      198  9.1  6.8 11.4       33       22       44  8.0  5.4 10.6       23       15       31  7.7  5.0 10.4  67478  59058  75898                                        Hodgeman County                               KS est22all.txt 03DEC2023
20  85     1145      835     1455  8.8  6.4 11.2      384      256      512 11.9  8.0 15.8      272      180      364 11.5  7.6 15.4  70445  62725  78165                                        Jackson County                                KS est22all.txt 03DEC2023
20  87     1465     1122     1808  8.1  6.2 10.0      361      242      480  9.2  6.2 12.2      243      161      325  8.2  5.4 11.0  75774  69982  81566                                        Jefferson County                              KS est22all.txt 03DEC2023
20  89      348      256      440 12.1  8.9 15.3      116       77      155 19.4 12.9 25.9       82       54      110 17.5 11.5 23.5  56144  48963  63325                                        Jewell County                                 KS est22all.txt 03DEC2023
20  91    33349    29320    37378  5.4  4.7  6.1     6700     5090     8310  4.7  3.6  5.8     4257     3078     5436  4.0  2.9  5.1  99174  95777 102571                                        Johnson County                                KS est22all.txt 03DEC2023
20  93      387      288      486 10.3  7.7 12.9      139       93      185 12.8  8.5 17.1       97       64      130 11.9  7.8 16.0  75773  66130  85416                                        Kearny County                                 KS est22all.txt 03DEC2023
20  95      820      617     1023 11.6  8.7 14.5      264      177      351 16.6 11.1 22.1      191      126      256 15.7 10.3 21.1  65597  63105  68089                                        Kingman County                                KS est22all.txt 03DEC2023
20  97      285      212      358 12.8  9.5 16.1       83       56      110 14.9 10.1 19.7       58       39       77 14.0  9.3 18.7  61700  54928  68472                                        Kiowa County                                  KS est22all.txt 03DEC2023
20  99     2969     2321     3617 15.3 12.0 18.6      930      601     1259 20.0 12.9 27.1      657      423      891 19.3 12.4 26.2  52318  46995  57641                                        Labette County                                KS est22all.txt 03DEC2023
20 101      163      123      203 10.6  8.0 13.2       53       37       69 15.0 10.4 19.6       35       23       47 13.0  8.7 17.3  64934  56693  73175                                        Lane County                                   KS est22all.txt 03DEC2023
20 103     7294     5942     8646  9.5  7.7 11.3     2015     1502     2528 10.5  7.8 13.2     1335      970     1700  9.3  6.8 11.8  79117  73903  84331                                        Leavenworth County                            KS est22all.txt 03DEC2023
20 105      322      239      405 11.3  8.4 14.2      101       68      134 16.2 10.9 21.5       69       46       92 14.3  9.5 19.1  58049  51462  64636                                        Lincoln County                                KS est22all.txt 03DEC2023
20 107     1246      966     1526 12.8  9.9 15.7      352      240      464 16.7 11.4 22.0      247      166      328 15.7 10.5 20.9  59651  52612  66690                                        Linn County                                   KS est22all.txt 03DEC2023
20 109      262      197      327  9.8  7.4 12.2       83       57      109 12.6  8.6 16.6       58       39       77 12.4  8.4 16.4  63204  55331  71077                                        Logan County                                  KS est22all.txt 03DEC2023
20 111     4935     4042     5828 16.1 13.2 19.0     1233      917     1549 17.8 13.2 22.4      849      628     1070 16.5 12.2 20.8  55863  50559  61167                                        Lyon County                                   KS est22all.txt 03DEC2023
20 113     2860     2322     3398 10.2  8.3 12.1      613      439      787  9.6  6.9 12.3      409      290      528  8.4  6.0 10.8  73766  66507  81025                                        McPherson County                              KS est22all.txt 03DEC2023
20 115     1141      868     1414 10.2  7.8 12.6      300      198      402 12.1  8.0 16.2      211      134      288 11.4  7.2 15.6  64337  60113  68561                                        Marion County                                 KS est22all.txt 03DEC2023
20 117     1045      819     1271 10.7  8.4 13.0      254      172      336 10.9  7.4 14.4      183      122      244 10.4  6.9 13.9  58942  51959  65925                                        Marshall County                               KS est22all.txt 03DEC2023
20 119      378      282      474  9.9  7.4 12.4      143       97      189 14.0  9.5 18.5       96       64      128 12.5  8.3 16.7  68038  60593  75483                                        Meade County                                  KS est22all.txt 03DEC2023
20 121     2377     1790     2964  6.9  5.2  8.6      627      423      831  7.9  5.3 10.5      441      293      589  7.2  4.8  9.6  82606  76159  89053                                        Miami County                                  KS est22all.txt 03DEC2023
20 123      680      526      834 12.1  9.4 14.8      206      143      269 15.3 10.6 20.0      147       99      195 14.8 10.0 19.6  63929  57917  69941                                        Mitchell County                               KS est22all.txt 03DEC2023
20 125     4559     3535     5583 15.1 11.7 18.5     1446      988     1904 20.1 13.7 26.5     1003      670     1336 18.6 12.4 24.8  54955  50905  59005                                        Montgomery County                             KS est22all.txt 03DEC2023
20 127      555      414      696 10.6  7.9 13.3      170      115      225 15.5 10.5 20.5      123       82      164 14.9  9.9 19.9  60741  53571  67911                                        Morris County                                 KS est22all.txt 03DEC2023
20 129      311      234      388 12.2  9.2 15.2      114       76      152 17.6 11.8 23.4       79       52      106 16.0 10.6 21.4  62896  55045  70747                                        Morton County                                 KS est22all.txt 03DEC2023
20 131      869      659     1079  8.8  6.7 10.9      261      183      339  9.7  6.8 12.6      186      125      247  9.5  6.4 12.6  72719  64426  81012                                        Nemaha County                                 KS est22all.txt 03DEC2023
20 133     2360     1835     2885 15.6 12.1 19.1      765      536      994 20.8 14.6 27.0      526      361      691 19.2 13.2 25.2  49322  45146  53498                                        Neosho County                                 KS est22all.txt 03DEC2023
20 135      289      222      356 11.3  8.7 13.9       78       55      101 13.4  9.4 17.4       53       36       70 12.7  8.5 16.9  61539  54403  68675                                        Ness County                                   KS est22all.txt 03DEC2023
20 137      699      547      851 16.1 12.6 19.6      210      158      262 20.8 15.7 25.9      147      109      185 20.7 15.3 26.1  56604  49618  63590                                        Norton County                                 KS est22all.txt 03DEC2023
20 139     1743     1378     2108 11.3  8.9 13.7      496      357      635 13.9 10.0 17.8      364      261      467 13.5  9.7 17.3  62995  57094  68896                                        Osage County                                  KS est22all.txt 03DEC2023
20 141      467      362      572 13.8 10.7 16.9      146      106      186 18.3 13.2 23.4       89       59      119 15.8 10.5 21.1  53971  47175  60767                                        Osborne County                                KS est22all.txt 03DEC2023
20 143      573      431      715 10.1  7.6 12.6      165      112      218 12.6  8.5 16.7      114       75      153 11.3  7.5 15.1  69542  62079  77005                                        Ottawa County                                 KS est22all.txt 03DEC2023
20 145      789      615      963 14.6 11.4 17.8      161      107      215 18.4 12.2 24.6      103       67      139 16.8 10.9 22.7  47939  43057  52821                                        Pawnee County                                 KS est22all.txt 03DEC2023
20 147      589      464      714 12.4  9.8 15.0      139       98      180 13.4  9.5 17.3       98       67      129 12.8  8.8 16.8  58834  51879  65789                                        Phillips County                               KS est22all.txt 03DEC2023
20 149     1906     1471     2341  7.4  5.7  9.1      608      413      803  8.2  5.6 10.8      428      282      574  7.7  5.1 10.3  85822  78813  92831                                        Pottawatomie County                           KS est22all.txt 03DEC2023
20 151      876      655     1097 10.2  7.6 12.8      269      181      357 12.7  8.5 16.9      184      122      246 11.5  7.6 15.4  65812  59047  72577                                        Pratt County                                  KS est22all.txt 03DEC2023
20 153      274      205      343 11.0  8.2 13.8       74       50       98 12.7  8.5 16.9       53       35       71 13.0  8.6 17.4  59116  52131  66101                                        Rawlins County                                KS est22all.txt 03DEC2023
20 155     9000     7511    10489 15.3 12.8 17.8     2509     1964     3054 19.0 14.9 23.1     1671     1259     2083 16.6 12.5 20.7  57663  54180  61146                                        Reno County                                   KS est22all.txt 03DEC2023
20 157      461      343      579 10.1  7.5 12.7      122       81      163 12.3  8.2 16.4       89       58      120 12.0  7.9 16.1  53974  47468  60480                                        Republic County                               KS est22all.txt 03DEC2023
20 159      960      701     1219 10.8  7.9 13.7      306      198      414 14.4  9.3 19.5      198      124      272 12.4  7.8 17.0  61727  54536  68918                                        Rice County                                   KS est22all.txt 03DEC2023
20 161    12237    10759    13715 20.2 17.8 22.6     1693     1311     2075 15.4 11.9 18.9      984      696     1272 12.8  9.1 16.5  55876  51135  60617                                        Riley County                                  KS est22all.txt 03DEC2023
20 163      518      390      646 11.2  8.4 14.0      124       84      164 12.3  8.4 16.2       92       62      122 12.3  8.3 16.3  57029  51414  62644                                        Rooks County                                  KS est22all.txt 03DEC2023
20 165      416      334      498 14.6 11.7 17.5       99       67      131 16.5 11.3 21.7       72       48       96 15.7 10.5 20.9  56629  49552  63706                                        Rush County                                   KS est22all.txt 03DEC2023
20 167      946      726     1166 14.4 11.0 17.8      284      197      371 19.4 13.5 25.3      190      129      251 17.6 12.0 23.2  48754  43557  53951                                        Russell County                                KS est22all.txt 03DEC2023
20 169     6832     5650     8014 13.1 10.8 15.4     1709     1203     2215 14.6 10.3 18.9     1214      857     1571 14.2 10.0 18.4  57563  52068  63058                                        Saline County                                 KS est22all.txt 03DEC2023
20 171      368      275      461  7.5  5.6  9.4      112       76      148  8.9  6.0 11.8       80       53      107  8.5  5.7 11.3  71121  63612  78630                                        Scott County                                  KS est22all.txt 03DEC2023
20 173    81103    75172    87034 15.7 14.6 16.8    24164    21086    27242 18.9 16.5 21.3    17102    14716    19488 18.0 15.5 20.5  64720  62172  67268                                        Sedgwick County                               KS est22all.txt 03DEC2023
20 175     2880     2163     3597 13.7 10.3 17.1     1039      699     1379 16.0 10.8 21.2      691      455      927 14.6  9.6 19.6  63579  56213  70945                                        Seward County                                 KS est22all.txt 03DEC2023
20 177    23618    20665    26571 13.6 11.9 15.3     6081     4623     7539 15.3 11.6 19.0     4070     2939     5201 13.7  9.9 17.5  61255  58290  64220                                        Shawnee County                                KS est22all.txt 03DEC2023
20 179      261      191      331 10.9  8.0 13.8       95       64      126 16.0 10.7 21.3       67       44       90 15.0  9.9 20.1  62918  54924  70912                                        Sheridan County                               KS est22all.txt 03DEC2023
20 181      720      540      900 12.8  9.6 16.0      211      142      280 15.8 10.6 21.0      146       96      196 14.5  9.6 19.4  57044  50151  63937                                        Sherman County                                KS est22all.txt 03DEC2023
20 183      393      288      498 11.3  8.3 14.3      106       72      140 15.4 10.4 20.4       76       50      102 14.4  9.6 19.2  52101  47322  56880                                        Smith County                                  KS est22all.txt 03DEC2023
20 185      498      378      618 12.8  9.7 15.9      172      118      226 17.9 12.3 23.5      122       84      160 16.7 11.4 22.0  58019  51187  64851                                        Stafford County                               KS est22all.txt 03DEC2023
20 187      198      147      249 10.2  7.6 12.8       59       39       79 10.9  7.3 14.5       39       26       52  9.0  5.9 12.1  76137  66408  85866                                        Stanton County                                KS est22all.txt 03DEC2023
20 189      507      373      641 10.0  7.4 12.6      210      142      278 14.1  9.5 18.7      143       95      191 12.5  8.3 16.7  69320  60687  77953                                        Stevens County                                KS est22all.txt 03DEC2023
20 191     2905     2376     3434 13.1 10.7 15.5      825      596     1054 15.4 11.1 19.7      542      367      717 13.3  9.0 17.6  62921  56904  68938                                        Sumner County                                 KS est22all.txt 03DEC2023
20 193      771      591      951 10.3  7.9 12.7      186      132      240 10.0  7.1 12.9      113       77      149  8.4  5.7 11.1  62916  55647  70185                                        Thomas County                                 KS est22all.txt 03DEC2023
20 195      295      223      367 10.9  8.2 13.6       62       42       82 12.4  8.3 16.5       46       31       61 13.1  8.7 17.5  54628  48546  60710                                        Trego County                                  KS est22all.txt 03DEC2023
20 197      533      395      671  7.8  5.8  9.8      151      102      200  9.8  6.6 13.0      105       71      139  9.1  6.1 12.1  68435  61874  74996                                        Wabaunsee County                              KS est22all.txt 03DEC2023
20 199      197      150      244 13.5 10.3 16.7       77       54      100 19.0 13.3 24.7       54       37       71 19.9 13.6 26.2  62309  54361  70257                                        Wallace County                                KS est22all.txt 03DEC2023
20 201      520      390      650  9.6  7.2 12.0      139       92      186 10.7  7.1 14.3       96       63      129 10.3  6.7 13.9  63797  57712  69882                                        Washington County                             KS est22all.txt 03DEC2023
20 203      225      170      280 11.1  8.4 13.8       69       48       90 12.2  8.5 15.9       46       31       61 11.0  7.4 14.6  68225  62997  73453                                        Wichita County                                KS est22all.txt 03DEC2023
20 205     1158      877     1439 13.7 10.4 17.0      350      231      469 17.2 11.4 23.0      255      167      343 16.7 11.0 22.4  52064  45948  58180                                        Wilson County                                 KS est22all.txt 03DEC2023
20 207      469      363      575 15.3 11.8 18.8      118       82      154 19.2 13.4 25.0       81       55      107 17.6 12.0 23.2  49477  43307  55647                                        Woodson County                                KS est22all.txt 03DEC2023
20 209    25639    21889    29389 15.7 13.4 18.0     9049     7025    11073 20.6 16.0 25.2     6294     4668     7920 19.7 14.6 24.8  58701  55861  61541                                        Wyandotte County                              KS est22all.txt 03DEC2023
21   0   716293   699775   732811 16.3 15.9 16.7   202846   194221   211471 20.6 19.7 21.5   141105   133611   148599 19.4 18.4 20.4  59246  58340  60152   57460   53557   61363 22.5 21.0 24.0 Kentucky                                      KY est22all.txt 03DEC2023
21   1     3943     3086     4800 22.1 17.3 26.9     1138      808     1468 31.9 22.7 41.1      776      538     1014 29.3 20.3 38.3  44153  39261  49045                                        Adair County                                  KY est22all.txt 03DEC2023
21   3     3230     2453     4007 15.3 11.6 19.0     1020      712     1328 21.5 15.0 28.0      700      480      920 20.1 13.8 26.4  61655  56566  66744                                        Allen County                                  KY est22all.txt 03DEC2023
21   5     2843     2360     3326 11.8  9.8 13.8      907      719     1095 16.6 13.1 20.1      627      489      765 15.2 11.9 18.5  66846  59417  74275                                        Anderson County                               KY est22all.txt 03DEC2023
21   7     1130      885     1375 15.0 11.7 18.3      321      224      418 21.6 15.1 28.1      222      151      293 19.3 13.2 25.4  56605  49724  63486                                        Ballard County                                KY est22all.txt 03DEC2023
21   9     7390     6090     8690 16.8 13.8 19.8     2206     1519     2893 21.5 14.8 28.2     1546     1035     2057 20.4 13.7 27.1  50658  46472  54844                                        Barren County                                 KY est22all.txt 03DEC2023
21  11     2613     2037     3189 20.6 16.1 25.1      946      674     1218 29.8 21.2 38.4      658      459      857 28.4 19.8 37.0  48260  42584  53936                                        Bath County                                   KY est22all.txt 03DEC2023
21  13     6953     5551     8355 30.4 24.3 36.5     2013     1419     2607 40.2 28.4 52.0     1401      954     1848 38.9 26.5 51.3  33923  29738  38108                                        Bell County                                   KY est22all.txt 03DEC2023
21  15    10120     8372    11868  7.4  6.1  8.7     2786     1969     3603  8.1  5.7 10.5     1921     1309     2533  7.5  5.1  9.9  90265  85796  94734                                        Boone County                                  KY est22all.txt 03DEC2023
21  17     3297     2681     3913 16.5 13.4 19.6     1019      744     1294 22.9 16.7 29.1      697      491      903 20.7 14.6 26.8  56879  50478  63280                                        Bourbon County                                KY est22all.txt 03DEC2023
21  19     8437     7057     9817 18.4 15.4 21.4     2275     1676     2874 22.8 16.8 28.8     1674     1240     2108 22.7 16.8 28.6  55397  49775  61019                                        Boyd County                                   KY est22all.txt 03DEC2023
21  21     4123     3359     4887 14.8 12.1 17.5     1078      766     1390 17.5 12.4 22.6      731      485      977 16.0 10.6 21.4  57975  51845  64105                                        Boyle County                                  KY est22all.txt 03DEC2023
21  23     1275     1009     1541 15.2 12.0 18.4      403      287      519 20.9 14.9 26.9      279      193      365 19.2 13.3 25.1  58301  51196  65406                                        Bracken County                                KY est22all.txt 03DEC2023
21  25     3950     3195     4705 30.1 24.3 35.9     1122      852     1392 41.5 31.5 51.5      854      656     1052 45.0 34.5 55.5  36300  32573  40027                                        Breathitt County                              KY est22all.txt 03DEC2023
21  27     3901     3118     4684 19.0 15.2 22.8     1143      815     1471 24.7 17.6 31.8      829      591     1067 24.4 17.4 31.4  52400  46442  58358                                        Breckinridge County                           KY est22all.txt 03DEC2023
21  29     7813     6385     9241  9.4  7.7 11.1     2054     1489     2619 11.9  8.6 15.2     1398      961     1835 10.7  7.3 14.1  77192  72046  82338                                        Bullitt County                                KY est22all.txt 03DEC2023
21  31     2263     1833     2693 18.7 15.1 22.3      605      426      784 22.4 15.8 29.0      420      289      551 21.2 14.6 27.8  50824  45688  55960                                        Butler County                                 KY est22all.txt 03DEC2023
21  33     2144     1662     2626 17.4 13.5 21.3      654      453      855 23.6 16.4 30.8      473      321      625 23.2 15.8 30.6  51553  45791  57315                                        Caldwell County                               KY est22all.txt 03DEC2023
21  35     6649     5544     7754 19.2 16.0 22.4     1436     1053     1819 21.3 15.6 27.0     1009      739     1279 20.2 14.8 25.6  51949  47500  56398                                        Calloway County                               KY est22all.txt 03DEC2023
21  37     8673     7140    10206  9.5  7.8 11.2     2135     1422     2848 11.5  7.7 15.3     1525     1006     2044 11.2  7.4 15.0  74149  67735  80563                                        Campbell County                               KY est22all.txt 03DEC2023
21  39      754      593      915 16.2 12.7 19.7      254      182      326 23.4 16.8 30.0      172      121      223 20.8 14.7 26.9  54535  47721  61349                                        Carlisle County                               KY est22all.txt 03DEC2023
21  41     1732     1328     2136 16.3 12.5 20.1      633      438      828 22.5 15.6 29.4      442      301      583 21.7 14.8 28.6  59226  51803  66649                                        Carroll County                                KY est22all.txt 03DEC2023
21  43     5010     3853     6167 19.5 15.0 24.0     1499     1020     1978 26.0 17.7 34.3     1011      669     1353 23.5 15.5 31.5  48285  42864  53706                                        Carter County                                 KY est22all.txt 03DEC2023
21  45     3954     3141     4767 25.5 20.3 30.7     1283      942     1624 36.1 26.5 45.7      909      654     1164 34.5 24.8 44.2  43539  39045  48033                                        Casey County                                  KY est22all.txt 03DEC2023
21  47    12282    10189    14375 18.3 15.2 21.4     4506     3334     5678 22.7 16.8 28.6     3070     2201     3939 23.3 16.7 29.9  56610  52274  60946                                        Christian County                              KY est22all.txt 03DEC2023
21  49     5621     4598     6644 15.4 12.6 18.2     1612     1181     2043 20.2 14.8 25.6     1139      834     1444 19.2 14.0 24.4  61641  54825  68457                                        Clark County                                  KY est22all.txt 03DEC2023
21  51     6407     5167     7647 35.1 28.3 41.9     1821     1344     2298 46.1 34.0 58.2     1333      956     1710 46.3 33.2 59.4  34473  30446  38500                                        Clay County                                   KY est22all.txt 03DEC2023
21  53     2108     1639     2577 23.5 18.3 28.7      640      441      839 33.8 23.3 44.3      447      300      594 32.0 21.5 42.5  41739  37343  46135                                        Clinton County                                KY est22all.txt 03DEC2023
21  55     1705     1318     2092 19.6 15.2 24.0      562      393      731 28.4 19.8 37.0      400      274      526 26.7 18.3 35.1  50452  44297  56607                                        Crittenden County                             KY est22all.txt 03DEC2023
21  57     1400     1105     1695 23.9 18.8 29.0      413      285      541 32.9 22.7 43.1      300      205      395 32.8 22.5 43.1  48864  45241  52487                                        Cumberland County                             KY est22all.txt 03DEC2023
21  59    13143    10888    15398 13.1 10.9 15.3     3541     2515     4567 14.6 10.4 18.8     2501     1761     3241 13.9  9.8 18.0  65949  62097  69801                                        Daviess County                                KY est22all.txt 03DEC2023
21  61     2048     1582     2514 16.8 13.0 20.6      564      406      722 26.6 19.1 34.1      422      302      542 27.0 19.3 34.7  51402  45224  57580                                        Edmonson County                               KY est22all.txt 03DEC2023
21  63     1673     1274     2072 27.2 20.7 33.7      386      261      511 32.2 21.8 42.6      275      181      369 29.4 19.4 39.4  40312  35313  45311                                        Elliott County                                KY est22all.txt 03DEC2023
21  65     2969     2363     3575 21.3 16.9 25.7      728      479      977 24.7 16.2 33.2      548      360      736 24.7 16.2 33.2  39402  34699  44105                                        Estill County                                 KY est22all.txt 03DEC2023
21  67    45848    40947    50749 14.9 13.3 16.5    10459     8281    12637 16.3 12.9 19.7     6748     5112     8384 14.4 10.9 17.9  63667  60472  66862                                        Fayette County                                KY est22all.txt 03DEC2023
21  69     3219     2641     3797 21.3 17.5 25.1      993      739     1247 28.0 20.8 35.2      690      500      880 26.8 19.4 34.2  50012  43851  56173                                        Fleming County                                KY est22all.txt 03DEC2023
21  71    12049    10657    13441 34.8 30.8 38.8     3843     3306     4380 49.8 42.8 56.8     2540     2088     2992 44.7 36.7 52.7  37296  33130  41462                                        Floyd County                                  KY est22all.txt 03DEC2023
21  73     7026     5837     8215 14.1 11.7 16.5     2028     1541     2515 19.2 14.6 23.8     1362      992     1732 17.5 12.8 22.2  58456  53232  63680                                        Franklin County                               KY est22all.txt 03DEC2023
21  75     1703     1356     2050 29.2 23.2 35.2      507      365      649 38.9 28.0 49.8      356      248      464 35.9 25.0 46.8  40409  35776  45042                                        Fulton County                                 KY est22all.txt 03DEC2023
21  77     1146      877     1415 13.3 10.2 16.4      374      259      489 18.9 13.1 24.7      253      170      336 17.4 11.7 23.1  59175  52047  66303                                        Gallatin County                               KY est22all.txt 03DEC2023
21  79     2810     2281     3339 16.1 13.1 19.1      767      542      992 20.5 14.5 26.5      543      377      709 19.2 13.3 25.1  57748  51573  63923                                        Garrard County                                KY est22all.txt 03DEC2023
21  81     3263     2557     3969 13.0 10.2 15.8     1082      726     1438 16.5 11.1 21.9      774      507     1041 16.4 10.7 22.1  66458  59692  73224                                        Grant County                                  KY est22all.txt 03DEC2023
21  83     6750     5712     7788 18.8 15.9 21.7     1663     1167     2159 19.5 13.7 25.3     1156      788     1524 18.5 12.6 24.4  53408  48607  58209                                        Graves County                                 KY est22all.txt 03DEC2023
21  85     4397     3470     5324 17.1 13.5 20.7     1352      947     1757 22.4 15.7 29.1      902      613     1191 20.5 13.9 27.1  52130  46912  57348                                        Grayson County                                KY est22all.txt 03DEC2023
21  87     2231     1750     2712 19.9 15.6 24.2      595      415      775 25.5 17.8 33.2      415      282      548 24.0 16.3 31.7  46169  40323  52015                                        Green County                                  KY est22all.txt 03DEC2023
21  89     5599     4502     6696 16.1 12.9 19.3     1496     1049     1943 20.4 14.3 26.5     1093      760     1426 19.4 13.5 25.3  54462  49296  59628                                        Greenup County                                KY est22all.txt 03DEC2023
21  91     1248      992     1504 14.0 11.1 16.9      371      257      485 17.6 12.2 23.0      261      179      343 16.0 11.0 21.0  66300  58629  73971                                        Hancock County                                KY est22all.txt 03DEC2023
21  93    13692    11518    15866 12.6 10.6 14.6     4155     3130     5180 15.4 11.6 19.2     2637     1834     3440 13.2  9.2 17.2  61920  57790  66050                                        Hardin County                                 KY est22all.txt 03DEC2023
21  95     6768     5332     8204 26.9 21.2 32.6     2067     1437     2697 34.5 24.0 45.0     1501     1043     1959 33.2 23.1 43.3  36022  32013  40031                                        Harlan County                                 KY est22all.txt 03DEC2023
21  97     2770     2191     3349 14.8 11.7 17.9      800      556     1044 18.9 13.1 24.7      559      373      745 18.2 12.1 24.3  60962  54408  67516                                        Harrison County                               KY est22all.txt 03DEC2023
21  99     3935     3150     4720 20.4 16.3 24.5     1129      795     1463 24.1 17.0 31.2      792      538     1046 23.4 15.9 30.9  47229  41568  52890                                        Hart County                                   KY est22all.txt 03DEC2023
21 101     7505     6377     8633 17.4 14.8 20.0     2302     1799     2805 23.8 18.6 29.0     1518     1134     1902 21.1 15.8 26.4  55530  49695  61365                                        Henderson County                              KY est22all.txt 03DEC2023
21 103     2029     1550     2508 13.0  9.9 16.1      648      445      851 18.3 12.6 24.0      445      302      588 16.8 11.4 22.2  65068  58004  72132                                        Henry County                                  KY est22all.txt 03DEC2023
21 105      690      513      867 16.1 12.0 20.2      227      153      301 27.1 18.3 35.9      160      107      213 25.2 16.8 33.6  53838  47069  60607                                        Hickman County                                KY est22all.txt 03DEC2023
21 107     8415     7213     9617 19.3 16.5 22.1     2825     2329     3321 28.1 23.2 33.0     1826     1426     2226 24.4 19.0 29.8  52198  48682  55714                                        Hopkins County                                KY est22all.txt 03DEC2023
21 109     3146     2458     3834 24.5 19.1 29.9      950      642     1258 32.1 21.7 42.5      683      456      910 31.4 21.0 41.8  41007  35947  46067                                        Jackson County                                KY est22all.txt 03DEC2023
21 111   115319   107344   123294 15.2 14.2 16.2    33169    29078    37260 20.0 17.5 22.5    23579    20339    26819 19.6 16.9 22.3  64719  62635  66803                                        Jefferson County                              KY est22all.txt 03DEC2023
21 113     6479     5331     7627 12.3 10.1 14.5     2035     1511     2559 16.4 12.2 20.6     1495     1123     1867 16.0 12.0 20.0  69216  65167  73265                                        Jessamine County                              KY est22all.txt 03DEC2023
21 115     5687     4593     6781 26.0 21.0 31.0     1514     1090     1938 31.3 22.5 40.1     1071      760     1382 29.0 20.6 37.4  42877  37667  48087                                        Johnson County                                KY est22all.txt 03DEC2023
21 117    18257    15578    20936 10.8  9.2 12.4     5296     4002     6590 13.8 10.4 17.2     3868     2970     4766 13.9 10.7 17.1  77284  72096  82472                                        Kenton County                                 KY est22all.txt 03DEC2023
21 119     3892     3065     4719 29.2 23.0 35.4     1150      854     1446 42.2 31.3 53.1      835      613     1057 39.9 29.3 50.5  38456  33808  43104                                        Knott County                                  KY est22all.txt 03DEC2023
21 121     9557     8053    11061 33.1 27.9 38.3     2755     2057     3453 40.5 30.3 50.7     1930     1378     2482 38.6 27.6 49.6  36573  32054  41092                                        Knox County                                   KY est22all.txt 03DEC2023
21 123     2687     2208     3166 18.0 14.8 21.2      761      573      949 23.0 17.3 28.7      490      347      633 20.1 14.2 26.0  53939  47312  60566                                        Larue County                                  KY est22all.txt 03DEC2023
21 125    12616    10233    14999 20.4 16.5 24.3     3467     2429     4505 24.9 17.5 32.3     2445     1682     3208 23.7 16.3 31.1  50721  45351  56091                                        Laurel County                                 KY est22all.txt 03DEC2023
21 127     4134     3417     4851 25.9 21.4 30.4     1103      773     1433 29.0 20.3 37.7      808      561     1055 28.3 19.6 37.0  42776  37383  48169                                        Lawrence County                               KY est22all.txt 03DEC2023
21 129     2230     1773     2687 36.4 28.9 43.9      569      416      722 45.4 33.2 57.6      431      315      547 46.3 33.9 58.7  34632  30454  38810                                        Lee County                                    KY est22all.txt 03DEC2023
21 131     2930     2255     3605 30.1 23.2 37.0      789      550     1028 37.1 25.9 48.3      571      392      750 35.6 24.5 46.7  36666  32114  41218                                        Leslie County                                 KY est22all.txt 03DEC2023
21 133     5910     4865     6955 28.7 23.6 33.8     1565     1140     1990 35.2 25.6 44.8     1121      795     1447 33.3 23.6 43.0  37854  33439  42269                                        Letcher County                                KY est22all.txt 03DEC2023
21 135     2946     2277     3615 23.1 17.9 28.3      886      610     1162 31.2 21.5 40.9      635      429      841 30.8 20.8 40.8  44098  38746  49450                                        Lewis County                                  KY est22all.txt 03DEC2023
21 137     4426     3422     5430 18.4 14.2 22.6     1402      981     1823 24.2 17.0 31.4      976      664     1288 23.2 15.8 30.6  49814  44845  54783                                        Lincoln County                                KY est22all.txt 03DEC2023
21 139     1300     1023     1577 14.6 11.5 17.7      403      291      515 22.6 16.3 28.9      294      213      375 21.7 15.7 27.7  55355  49384  61326                                        Livingston County                             KY est22all.txt 03DEC2023
21 141     4237     3307     5167 15.4 12.0 18.8     1285      860     1710 19.5 13.1 25.9      921      615     1227 19.5 13.0 26.0  56823  51006  62640                                        Logan County                                  KY est22all.txt 03DEC2023
21 143     1082      812     1352 14.9 11.2 18.6      221      150      292 18.1 12.3 23.9      159      107      211 16.6 11.2 22.0  58938  52532  65344                                        Lyon County                                   KY est22all.txt 03DEC2023
21 145    10063     8190    11936 15.2 12.4 18.0     3090     2240     3940 21.7 15.7 27.7     2210     1573     2847 20.8 14.8 26.8  60026  55845  64207                                        McCracken County                              KY est22all.txt 03DEC2023
21 147     5190     4189     6191 34.6 27.9 41.3     1513     1094     1932 43.0 31.1 54.9     1078      758     1398 42.4 29.8 55.0  35443  31538  39348                                        McCreary County                               KY est22all.txt 03DEC2023
21 149     1236      935     1537 13.7 10.4 17.0      351      230      472 16.9 11.1 22.7      264      175      353 16.7 11.1 22.3  55555  48955  62155                                        McLean County                                 KY est22all.txt 03DEC2023
21 151    14003    12145    15861 15.5 13.4 17.6     3686     2917     4455 18.9 15.0 22.8     2206     1598     2814 15.6 11.3 19.9  60994  56543  65445                                        Madison County                                KY est22all.txt 03DEC2023
21 153     3340     2629     4051 29.8 23.5 36.1      927      645     1209 36.9 25.6 48.2      627      414      840 33.5 22.1 44.9  35669  31754  39584                                        Magoffin County                               KY est22all.txt 03DEC2023
21 155     3588     2962     4214 18.6 15.4 21.8      980      702     1258 21.3 15.3 27.3      681      476      886 19.6 13.7 25.5  53676  47293  60059                                        Marion County                                 KY est22all.txt 03DEC2023
21 157     3939     3159     4719 12.6 10.1 15.1     1064      768     1360 17.1 12.3 21.9      764      556      972 16.1 11.7 20.5  64395  57847  70943                                        Marshall County                               KY est22all.txt 03DEC2023
21 159     3451     2648     4254 36.2 27.8 44.6      834      587     1081 40.2 28.3 52.1      577      390      764 37.2 25.2 49.2  34435  30188  38682                                        Martin County                                 KY est22all.txt 03DEC2023
21 161     3344     2735     3953 20.1 16.4 23.8      990      709     1271 25.7 18.4 33.0      683      475      891 24.0 16.7 31.3  49029  43085  54973                                        Mason County                                  KY est22all.txt 03DEC2023
21 163     3525     2817     4233 11.9  9.5 14.3     1020      738     1302 15.9 11.5 20.3      688      486      890 13.8  9.7 17.9  69632  62698  76566                                        Meade County                                  KY est22all.txt 03DEC2023
21 165     1424     1072     1776 23.1 17.4 28.8      408      278      538 38.1 26.0 50.2      290      196      384 38.9 26.3 51.5  43226  37776  48676                                        Menifee County                                KY est22all.txt 03DEC2023
21 167     2865     2169     3561 12.7  9.6 15.8      880      599     1161 18.0 12.3 23.7      618      413      823 16.9 11.3 22.5  65292  59200  71384                                        Mercer County                                 KY est22all.txt 03DEC2023
21 169     2492     1977     3007 24.3 19.3 29.3      788      571     1005 33.3 24.1 42.5      576      419      733 32.3 23.5 41.1  44973  39967  49979                                        Metcalfe County                               KY est22all.txt 03DEC2023
21 171     2337     1784     2890 20.9 16.0 25.8      745      526      964 28.8 20.3 37.3      535      377      693 28.5 20.1 36.9  45872  41020  50724                                        Monroe County                                 KY est22all.txt 03DEC2023
21 173     4279     3419     5139 15.3 12.2 18.4     1145      777     1513 18.0 12.2 23.8      786      516     1056 17.0 11.2 22.8  55924  49981  61867                                        Montgomery County                             KY est22all.txt 03DEC2023
21 175     3042     2366     3718 25.2 19.6 30.8      745      516      974 30.7 21.3 40.1      528      362      694 29.4 20.1 38.7  41863  37284  46442                                        Morgan County                                 KY est22all.txt 03DEC2023
21 177     6264     5170     7358 21.7 17.9 25.5     1657     1227     2087 27.1 20.1 34.1     1123      794     1452 25.1 17.7 32.5  48190  42711  53669                                        Muhlenberg County                             KY est22all.txt 03DEC2023
21 179     5263     4132     6394 11.2  8.8 13.6     1555     1089     2021 14.7 10.3 19.1     1083      752     1414 13.8  9.6 18.0  66681  62921  70441                                        Nelson County                                 KY est22all.txt 03DEC2023
21 181     1356     1042     1670 17.7 13.6 21.8      483      335      631 25.9 17.9 33.9      328      219      437 23.2 15.5 30.9  51100  44851  57349                                        Nicholas County                               KY est22all.txt 03DEC2023
21 183     4014     3204     4824 17.3 13.8 20.8     1256      917     1595 23.1 16.9 29.3      912      657     1167 22.2 16.0 28.4  50275  45752  54798                                        Ohio County                                   KY est22all.txt 03DEC2023
21 185     2836     2129     3543  4.4  3.3  5.5      641      408      874  3.8  2.4  5.2      434      273      595  3.2  2.0  4.4 116173 107713 124633                                        Oldham County                                 KY est22all.txt 03DEC2023
21 187     1632     1248     2016 14.6 11.2 18.0      465      324      606 19.8 13.8 25.8      329      223      435 18.2 12.3 24.1  60592  53625  67559                                        Owen County                                   KY est22all.txt 03DEC2023
21 189     1263      956     1570 32.9 24.9 40.9      387      264      510 44.0 30.0 58.0      279      186      372 44.9 30.0 59.8  32783  28625  36941                                        Owsley County                                 KY est22all.txt 03DEC2023
21 191     2090     1663     2517 14.4 11.5 17.3      603      404      802 18.3 12.3 24.3      441      293      589 17.9 11.9 23.9  65727  57738  73716                                        Pendleton County                              KY est22all.txt 03DEC2023
21 193     7200     5894     8506 27.0 22.1 31.9     1834     1252     2416 29.9 20.4 39.4     1342      909     1775 29.7 20.1 39.3  43945  39738  48152                                        Perry County                                  KY est22all.txt 03DEC2023
21 195    13778    11572    15984 25.1 21.1 29.1     3446     2539     4353 30.7 22.6 38.8     2548     1890     3206 30.0 22.3 37.7  41837  38178  45496                                        Pike County                                   KY est22all.txt 03DEC2023
21 197     3334     2735     3933 26.2 21.5 30.9      981      716     1246 32.3 23.6 41.0      651      452      850 29.0 20.1 37.9  42434  36969  47899                                        Powell County                                 KY est22all.txt 03DEC2023
21 199    12116    10065    14167 18.8 15.6 22.0     3257     2328     4186 23.3 16.7 29.9     2272     1583     2961 22.0 15.3 28.7  46380  42643  50117                                        Pulaski County                                KY est22all.txt 03DEC2023
21 201      419      322      516 19.3 14.8 23.8      125       86      164 26.9 18.6 35.2       89       61      117 24.7 16.9 32.5  53456  46662  60250                                        Robertson County                              KY est22all.txt 03DEC2023
21 203     3837     3151     4523 24.2 19.9 28.5     1003      733     1273 29.9 21.8 38.0      692      493      891 27.3 19.5 35.1  45161  39873  50449                                        Rockcastle County                             KY est22all.txt 03DEC2023
21 205     4632     3704     5560 21.4 17.1 25.7     1209      885     1533 25.7 18.8 32.6      827      590     1064 24.3 17.3 31.3  50498  45813  55183                                        Rowan County                                  KY est22all.txt 03DEC2023
21 207     3612     2815     4409 20.2 15.7 24.7     1060      717     1403 26.5 17.9 35.1      768      515     1021 25.7 17.2 34.2  44425  39065  49785                                        Russell County                                KY est22all.txt 03DEC2023
21 209     4818     3894     5742  8.3  6.7  9.9     1365      938     1792  9.7  6.7 12.7      911      597     1225  8.7  5.7 11.7  86169  79744  92594                                        Scott County                                  KY est22all.txt 03DEC2023
21 211     4235     3250     5220  8.9  6.8 11.0     1272      883     1661 12.3  8.5 16.1      862      595     1129 11.4  7.9 14.9  81815  76322  87308                                        Shelby County                                 KY est22all.txt 03DEC2023
21 213     3011     2460     3562 15.6 12.8 18.4      860      607     1113 19.1 13.5 24.7      608      427      789 18.0 12.6 23.4  58550  52084  65016                                        Simpson County                                KY est22all.txt 03DEC2023
21 215     1664     1346     1982  8.3  6.7  9.9      426      315      537  9.5  7.0 12.0      285      205      365  8.3  6.0 10.6 101552  92771 110333                                        Spencer County                                KY est22all.txt 03DEC2023
21 217     4445     3410     5480 17.8 13.7 21.9     1395      969     1821 23.7 16.5 30.9      989      674     1304 23.0 15.7 30.3  52414  46713  58115                                        Taylor County                                 KY est22all.txt 03DEC2023
21 219     2093     1612     2574 17.1 13.2 21.0      760      529      991 22.9 15.9 29.9      533      367      699 22.1 15.2 29.0  53280  48155  58405                                        Todd County                                   KY est22all.txt 03DEC2023
21 221     1971     1514     2428 13.8 10.6 17.0      629      418      840 20.6 13.7 27.5      442      292      592 19.4 12.8 26.0  56433  50310  62556                                        Trigg County                                  KY est22all.txt 03DEC2023
21 223     1027      761     1293 12.1  9.0 15.2      299      205      393 16.2 11.1 21.3      214      144      284 15.6 10.5 20.7  65828  57853  73803                                        Trimble County                                KY est22all.txt 03DEC2023
21 225     2185     1758     2612 17.2 13.8 20.6      582      421      743 25.4 18.4 32.4      375      256      494 23.4 16.0 30.8  58223  51384  65062                                        Union County                                  KY est22all.txt 03DEC2023
21 227    24613    22016    27210 18.4 16.5 20.3     6212     5001     7423 19.6 15.8 23.4     4053     3127     4979 17.7 13.7 21.7  60651  56076  65226                                        Warren County                                 KY est22all.txt 03DEC2023
21 229     1710     1340     2080 14.4 11.3 17.5      476      330      622 17.7 12.3 23.1      346      239      453 17.3 12.0 22.6  59937  52642  67232                                        Washington County                             KY est22all.txt 03DEC2023
21 231     5552     4673     6431 28.8 24.2 33.4     1491     1127     1855 38.5 29.1 47.9      989      711     1267 35.1 25.2 45.0  39863  35167  44559                                        Wayne County                                  KY est22all.txt 03DEC2023
21 233     1814     1357     2271 14.7 11.0 18.4      613      417      809 20.9 14.2 27.6      440      295      585 20.7 13.9 27.5  56052  51584  60520                                        Webster County                                KY est22all.txt 03DEC2023
21 235     9224     7649    10799 26.3 21.8 30.8     3233     2519     3947 34.6 27.0 42.2     2272     1722     2822 33.4 25.3 41.5  43604  38945  48263                                        Whitley County                                KY est22all.txt 03DEC2023
21 237     2001     1599     2403 32.0 25.6 38.4      593      420      766 42.8 30.3 55.3      419      290      548 41.4 28.6 54.2  37718  32954  42482                                        Wolfe County                                  KY est22all.txt 03DEC2023
21 239     2685     2144     3226 10.1  8.1 12.1      804      605     1003 14.3 10.8 17.8      586      444      728 13.6 10.3 16.9  76633  68414  84852                                        Woodford County                               KY est22all.txt 03DEC2023
22   0   832505   815185   849825 18.6 18.2 19.0   261311   251603   271019 24.9 24.0 25.8   187532   178813   196251 24.3 23.2 25.4  55458  54669  56247   71123   66847   75399 26.0 24.4 27.6 Louisiana                                     LA est22all.txt 03DEC2023
22   1    13921    11834    16008 24.9 21.2 28.6     4646     3596     5696 32.6 25.2 40.0     3337     2565     4109 31.6 24.3 38.9  42981  38295  47667                                        Acadia Parish                                 LA est22all.txt 03DEC2023
22   3     4064     3158     4970 20.9 16.2 25.6     1204      834     1574 23.8 16.5 31.1      841      568     1114 22.6 15.2 30.0  51423  45903  56943                                        Allen Parish                                  LA est22all.txt 03DEC2023
22   5    13406    10866    15946 10.3  8.3 12.3     4133     2905     5361 12.3  8.6 16.0     3089     2147     4031 12.3  8.6 16.0  81284  75310  87258                                        Ascension Parish                              LA est22all.txt 03DEC2023
22   7     3741     2846     4636 18.3 13.9 22.7     1107      759     1455 26.7 18.3 35.1      812      545     1079 26.5 17.8 35.2  54403  47935  60871                                        Assumption Parish                             LA est22all.txt 03DEC2023
22   9     9765     8467    11063 27.2 23.6 30.8     2950     2320     3580 32.8 25.8 39.8     2097     1585     2609 31.5 23.8 39.2  41587  36896  46278                                        Avoyelles Parish                              LA est22all.txt 03DEC2023
22  11     5285     4276     6294 14.9 12.0 17.8     1619     1179     2059 17.8 13.0 22.6     1006      681     1331 15.3 10.4 20.2  64394  58517  70271                                        Beauregard Parish                             LA est22all.txt 03DEC2023
22  13     3135     2520     3750 25.5 20.5 30.5     1040      783     1297 36.8 27.7 45.9      694      487      901 33.4 23.4 43.4  41807  36625  46989                                        Bienville Parish                              LA est22all.txt 03DEC2023
22  15    16634    13447    19821 13.1 10.6 15.6     5682     4223     7141 18.2 13.5 22.9     4025     2952     5098 17.3 12.7 21.9  63812  59338  68286                                        Bossier Parish                                LA est22all.txt 03DEC2023
22  17    49858    44619    55097 22.2 19.9 24.5    16548    13840    19256 31.5 26.3 36.7    11619     9431    13807 29.9 24.3 35.5  47699  44787  50611                                        Caddo Parish                                  LA est22all.txt 03DEC2023
22  19    32866    27718    38014 16.5 13.9 19.1    10320     7939    12701 21.1 16.2 26.0     7360     5582     9138 20.6 15.6 25.6  61797  57550  66044                                        Calcasieu Parish                              LA est22all.txt 03DEC2023
22  21     1868     1427     2309 21.1 16.1 26.1      617      418      816 28.8 19.5 38.1      439      294      584 28.2 18.9 37.5  46464  40552  52376                                        Caldwell Parish                               LA est22all.txt 03DEC2023
22  23      688      513      863 14.1 10.5 17.7      210      142      278 19.5 13.2 25.8      157      105      209 20.3 13.6 27.0  63413  55328  71498                                        Cameron Parish                                LA est22all.txt 03DEC2023
22  25     2044     1553     2535 25.3 19.2 31.4      673      459      887 36.9 25.1 48.7      482      324      640 35.2 23.6 46.8  41676  36941  46411                                        Catahoula Parish                              LA est22all.txt 03DEC2023
22  27     3448     2700     4196 28.9 22.6 35.2      931      652     1210 35.9 25.1 46.7      693      483      903 34.7 24.2 45.2  37788  33689  41887                                        Claiborne Parish                              LA est22all.txt 03DEC2023
22  29     4777     3904     5650 27.7 22.6 32.8     1814     1413     2215 42.5 33.1 51.9     1141      805     1477 35.8 25.2 46.4  41101  36034  46168                                        Concordia Parish                              LA est22all.txt 03DEC2023
22  31     5245     4197     6293 19.8 15.9 23.7     1732     1307     2157 27.6 20.8 34.4     1310      998     1622 27.7 21.1 34.3  52776  47930  57622                                        De Soto Parish                                LA est22all.txt 03DEC2023
22  33    80321    71815    88827 18.5 16.5 20.5    22497    18203    26791 22.8 18.4 27.2    16032    12835    19229 22.3 17.8 26.8  61376  58990  63762                                        East Baton Rouge Parish                       LA est22all.txt 03DEC2023
22  35     2208     1650     2766 41.5 31.0 52.0      670      470      870 48.2 33.8 62.6      492      343      641 45.6 31.8 59.4  30688  27030  34346                                        East Carroll Parish                           LA est22all.txt 03DEC2023
22  37     2718     1957     3479 16.3 11.7 20.9      765      511     1019 23.8 15.9 31.7      558      371      745 23.5 15.6 31.4  56830  50351  63309                                        East Feliciana Parish                         LA est22all.txt 03DEC2023
22  39     7328     5898     8758 24.0 19.3 28.7     2559     1863     3255 32.3 23.5 41.1     1918     1424     2412 33.3 24.7 41.9  40933  36338  45528                                        Evangeline Parish                             LA est22all.txt 03DEC2023
22  41     4700     3632     5768 24.8 19.2 30.4     1699     1180     2218 35.4 24.6 46.2     1185      811     1559 33.0 22.6 43.4  38584  34488  42680                                        Franklin Parish                               LA est22all.txt 03DEC2023
22  43     3472     2618     4326 18.3 13.8 22.8     1070      724     1416 23.7 16.0 31.4      769      516     1022 23.3 15.6 31.0  52832  46572  59092                                        Grant Parish                                  LA est22all.txt 03DEC2023
22  45    15387    13049    17725 22.8 19.3 26.3     5616     4436     6796 33.2 26.2 40.2     4069     3192     4946 32.6 25.6 39.6  45077  41729  48425                                        Iberia Parish                                 LA est22all.txt 03DEC2023
22  47     5105     3833     6377 19.1 14.3 23.9     1704     1185     2223 28.8 20.0 37.6     1221      827     1615 28.5 19.3 37.7  53205  46942  59468                                        Iberville Parish                              LA est22all.txt 03DEC2023
22  49     3404     2833     3975 24.1 20.1 28.1     1155      922     1388 36.9 29.5 44.3      818      640      996 34.3 26.8 41.8  43813  38407  49219                                        Jackson Parish                                LA est22all.txt 03DEC2023
22  51    63585    53850    73320 15.0 12.7 17.3    19415    14975    23855 21.1 16.3 25.9    14582    11161    18003 21.9 16.8 27.0  61157  58139  64175                                        Jefferson Parish                              LA est22all.txt 03DEC2023
22  53     5901     4733     7069 18.9 15.2 22.6     1762     1191     2333 22.1 14.9 29.3     1303      884     1722 22.1 15.0 29.2  52414  46297  58531                                        Jefferson Davis Parish                        LA est22all.txt 03DEC2023
22  55    41649    36762    46536 17.0 15.0 19.0    11752     9202    14302 20.2 15.8 24.6     8633     6771    10495 20.3 15.9 24.7  58641  54129  63153                                        Lafayette Parish                              LA est22all.txt 03DEC2023
22  57    16245    13831    18659 17.4 14.8 20.0     3921     2799     5043 18.4 13.1 23.7     2886     2042     3730 18.3 13.0 23.6  59575  55360  63790                                        Lafourche Parish                              LA est22all.txt 03DEC2023
22  59     2389     1822     2956 18.8 14.3 23.3      698      495      901 22.5 15.9 29.1      500      346      654 21.5 14.9 28.1  55633  49950  61316                                        La Salle Parish                               LA est22all.txt 03DEC2023
22  61    13878    12569    15187 32.4 29.3 35.5     3533     3038     4028 38.1 32.8 43.4     2284     1873     2695 34.3 28.1 40.5  44752  39182  50322                                        Lincoln Parish                                LA est22all.txt 03DEC2023
22  63    19692    16608    22776 13.4 11.3 15.5     5575     4124     7026 15.1 11.2 19.0     4123     3058     5188 14.9 11.0 18.8  72887  66967  78807                                        Livingston Parish                             LA est22all.txt 03DEC2023
22  65     3218     2519     3917 37.0 29.0 45.0     1138      799     1477 48.7 34.2 63.2      816      563     1069 48.2 33.3 63.1  33403  29239  37567                                        Madison Parish                                LA est22all.txt 03DEC2023
22  67     6222     4867     7577 26.8 21.0 32.6     2221     1611     2831 39.7 28.8 50.6     1663     1210     2116 40.1 29.2 51.0  39493  35259  43727                                        Morehouse Parish                              LA est22all.txt 03DEC2023
22  69     9973     8841    11105 28.9 25.6 32.2     2735     2198     3272 33.7 27.1 40.3     1860     1434     2286 31.0 23.9 38.1  42178  38727  45629                                        Natchitoches Parish                           LA est22all.txt 03DEC2023
22  71    80328    72536    88120 22.6 20.4 24.8    23489    20019    26959 33.2 28.3 38.1    16938    14110    19766 33.1 27.6 38.6  51913  50113  53713                                        Orleans Parish                                LA est22all.txt 03DEC2023
22  73    35808    32245    39371 23.5 21.2 25.8    12873    11223    14523 34.2 29.8 38.6     9680     8464    10896 34.7 30.3 39.1  47283  43947  50619                                        Ouachita Parish                               LA est22all.txt 03DEC2023
22  75     3569     2728     4410 16.4 12.5 20.3     1141      818     1464 21.2 15.2 27.2      830      592     1068 20.0 14.3 25.7  71876  65197  78555                                        Plaquemines Parish                            LA est22all.txt 03DEC2023
22  77     3411     2560     4262 17.1 12.8 21.4     1051      719     1383 24.9 17.0 32.8      767      519     1015 24.5 16.6 32.4  56457  50746  62168                                        Pointe Coupee Parish                          LA est22all.txt 03DEC2023
22  79    23295    19741    26849 18.7 15.8 21.6     8254     6556     9952 26.7 21.2 32.2     5427     4072     6782 23.7 17.8 29.6  55870  51664  60076                                        Rapides Parish                                LA est22all.txt 03DEC2023
22  81     1783     1371     2195 24.7 19.0 30.4      620      440      800 36.6 26.0 47.2      444      307      581 36.2 25.1 47.3  44139  38788  49490                                        Red River Parish                              LA est22all.txt 03DEC2023
22  83     3903     2890     4916 20.6 15.3 25.9     1418      961     1875 30.5 20.7 40.3     1064      719     1409 31.8 21.5 42.1  44470  39371  49569                                        Richland Parish                               LA est22all.txt 03DEC2023
22  85     5534     4832     6236 25.6 22.4 28.8     1682     1364     2000 33.7 27.3 40.1     1255     1012     1498 33.5 27.0 40.0  45072  40180  49964                                        Sabine Parish                                 LA est22all.txt 03DEC2023
22  87     9882     8504    11260 22.4 19.3 25.5     3261     2588     3934 29.1 23.1 35.1     2585     2092     3078 30.6 24.8 36.4  51485  46464  56506                                        St. Bernard Parish                            LA est22all.txt 03DEC2023
22  89     5688     4256     7120 11.3  8.5 14.1     1976     1342     2610 16.4 11.1 21.7     1392      935     1849 15.1 10.2 20.0  75223  66636  83810                                        St. Charles Parish                            LA est22all.txt 03DEC2023
22  91     2699     2145     3253 25.2 20.0 30.4      956      714     1198 44.6 33.3 55.9      641      451      831 40.5 28.5 52.5  45024  39266  50782                                        St. Helena Parish                             LA est22all.txt 03DEC2023
22  93     3051     2273     3829 15.8 11.8 19.8      988      678     1298 23.4 16.1 30.7      736      502      970 23.6 16.1 31.1  67938  61242  74634                                        St. James Parish                              LA est22all.txt 03DEC2023
22  95     6207     4507     7907 15.7 11.4 20.0     2443     1623     3263 26.2 17.4 35.0     1781     1178     2384 25.2 16.7 33.7  60569  54359  66779                                        St. John the Baptist Parish                   LA est22all.txt 03DEC2023
22  97    22555    19673    25437 28.0 24.4 31.6     7621     6156     9086 35.7 28.8 42.6     5243     4092     6394 33.3 26.0 40.6  42765  39087  46443                                        St. Landry Parish                             LA est22all.txt 03DEC2023
22  99     9246     7501    10991 18.2 14.8 21.6     2909     1984     3834 24.0 16.4 31.6     2215     1514     2916 24.6 16.8 32.4  54265  49627  58903                                        St. Martin Parish                             LA est22all.txt 03DEC2023
22 101    11575     9604    13546 24.6 20.4 28.8     3905     3022     4788 34.6 26.8 42.4     2910     2225     3595 35.2 26.9 43.5  48242  43928  52556                                        St. Mary Parish                               LA est22all.txt 03DEC2023
22 103    29091    24198    33984 10.7  8.9 12.5     9089     6912    11266 14.4 10.9 17.9     6260     4593     7927 13.1  9.6 16.6  78629  72814  84444                                        St. Tammany Parish                            LA est22all.txt 03DEC2023
22 105    25934    22216    29652 19.5 16.7 22.3     9034     7293    10775 27.6 22.3 32.9     6078     4655     7501 25.8 19.8 31.8  54942  50931  58953                                        Tangipahoa Parish                             LA est22all.txt 03DEC2023
22 107     1347     1066     1628 35.0 27.7 42.3      445      326      564 55.0 40.3 69.7      330      240      420 53.1 38.6 67.6  33290  29020  37560                                        Tensas Parish                                 LA est22all.txt 03DEC2023
22 109    17009    13555    20463 16.4 13.1 19.7     5467     3813     7121 21.5 15.0 28.0     4261     3020     5502 22.7 16.1 29.3  57376  51608  63144                                        Terrebonne Parish                             LA est22all.txt 03DEC2023
22 111     4719     3931     5507 23.3 19.4 27.2     1496     1143     1849 34.0 26.0 42.0     1047      777     1317 32.3 24.0 40.6  48003  42325  53681                                        Union Parish                                  LA est22all.txt 03DEC2023
22 113    11561     9488    13634 20.5 16.8 24.2     3770     2852     4688 26.8 20.3 33.3     2687     1968     3406 25.5 18.7 32.3  50554  44476  56632                                        Vermilion Parish                              LA est22all.txt 03DEC2023
22 115     8313     7154     9472 18.3 15.7 20.9     2708     2117     3299 23.0 18.0 28.0     1851     1426     2276 22.9 17.6 28.2  52626  47452  57800                                        Vernon Parish                                 LA est22all.txt 03DEC2023
22 117     9956     7759    12153 23.1 18.0 28.2     3127     2136     4118 30.0 20.5 39.5     2273     1550     2996 29.5 20.1 38.9  41779  37017  46541                                        Washington Parish                             LA est22all.txt 03DEC2023
22 119     7931     6629     9233 22.5 18.8 26.2     2723     2224     3222 34.5 28.2 40.8     1721     1272     2170 29.5 21.8 37.2  43698  38463  48933                                        Webster Parish                                LA est22all.txt 03DEC2023
22 121     3313     2394     4232 12.1  8.7 15.5     1256      840     1672 18.3 12.2 24.4      905      598     1212 18.1 12.0 24.2  71362  63687  79037                                        West Baton Rouge Parish                       LA est22all.txt 03DEC2023
22 123     1861     1385     2337 19.8 14.7 24.9      645      440      850 30.5 20.8 40.2      484      327      641 30.0 20.2 39.8  41380  37913  44847                                        West Carroll Parish                           LA est22all.txt 03DEC2023
22 125     1978     1396     2560 19.8 14.0 25.6      426      283      569 17.4 11.6 23.2      308      203      413 16.5 10.9 22.1  68266  60062  76470                                        West Feliciana Parish                         LA est22all.txt 03DEC2023
22 127     2820     2202     3438 24.0 18.7 29.3      827      596     1058 31.1 22.4 39.8      605      433      777 29.9 21.4 38.4  45646  40144  51148                                        Winn Parish                                   LA est22all.txt 03DEC2023
23   0   146963   140314   153612 10.9 10.4 11.4    29991    27396    32586 12.4 11.3 13.5    20702    18385    23019 11.5 10.2 12.8  69485  68072  70898    7790    6655    8925 13.0 11.1 14.9 Maine                                         ME est22all.txt 03DEC2023
23   1    13750    11319    16181 12.8 10.5 15.1     3591     2608     4574 15.9 11.5 20.3     2380     1641     3119 14.3  9.9 18.7  62848  58867  66829                                        Androscoggin County                           ME est22all.txt 03DEC2023
23   3    10138     8581    11695 15.4 13.0 17.8     1986     1330     2642 16.5 11.1 21.9     1417      917     1917 15.9 10.3 21.5  51562  47970  55154                                        Aroostook County                              ME est22all.txt 03DEC2023
23   5    19827    16498    23156  6.6  5.5  7.7     3640     2337     4943  6.8  4.4  9.2     2469     1509     3429  6.2  3.8  8.6  88571  85215  91927                                        Cumberland County                             ME est22all.txt 03DEC2023
23   7     4061     3181     4941 14.2 11.1 17.3      817      524     1110 16.3 10.5 22.1      585      364      806 15.4  9.6 21.2  52159  48393  55925                                        Franklin County                               ME est22all.txt 03DEC2023
23   9     6064     4912     7216 11.0  8.9 13.1     1177      829     1525 13.3  9.4 17.2      751      479     1023 11.2  7.2 15.2  63879  59691  68067                                        Hancock County                                ME est22all.txt 03DEC2023
23  11    14916    12506    17326 12.2 10.2 14.2     3280     2378     4182 14.4 10.4 18.4     2097     1438     2756 12.4  8.5 16.3  63191  58596  67786                                        Kennebec County                               ME est22all.txt 03DEC2023
23  13     4194     3301     5087 10.6  8.4 12.8      708      427      989 10.5  6.3 14.7      505      296      714  9.8  5.8 13.8  65615  59566  71664                                        Knox County                                   ME est22all.txt 03DEC2023
23  15     3232     2397     4067  9.1  6.8 11.4      680      415      945 11.9  7.3 16.5      475      280      670 11.0  6.5 15.5  72657  66959  78355                                        Lincoln County                                ME est22all.txt 03DEC2023
23  17     7462     5957     8967 12.7 10.1 15.3     1611     1036     2186 16.0 10.3 21.7     1082      656     1508 14.6  8.9 20.3  58842  52853  64831                                        Oxford County                                 ME est22all.txt 03DEC2023
23  19    21623    18691    24555 14.6 12.6 16.6     4012     2943     5081 15.5 11.4 19.6     2829     2065     3593 14.6 10.7 18.5  60761  57424  64098                                        Penobscot County                              ME est22all.txt 03DEC2023
23  21     2522     1988     3056 14.7 11.6 17.8      528      343      713 18.2 11.8 24.6      385      239      531 18.6 11.6 25.6  52529  48857  56201                                        Piscataquis County                            ME est22all.txt 03DEC2023
23  23     3424     2698     4150  9.3  7.3 11.3      620      385      855  9.6  6.0 13.2      428      258      598  8.7  5.3 12.1  73587  66514  80660                                        Sagadahoc County                              ME est22all.txt 03DEC2023
23  25     7760     6309     9211 15.4 12.5 18.3     1718     1165     2271 19.0 12.9 25.1     1237      824     1650 18.5 12.3 24.7  55093  50540  59646                                        Somerset County                               ME est22all.txt 03DEC2023
23  27     5139     4097     6181 13.0 10.4 15.6     1118      736     1500 16.2 10.7 21.7      809      520     1098 15.8 10.2 21.4  63619  58378  68860                                        Waldo County                                  ME est22all.txt 03DEC2023
23  29     4781     3892     5670 15.6 12.7 18.5     1042      657     1427 18.5 11.7 25.3      773      479     1067 18.4 11.4 25.4  55381  52788  57974                                        Washington County                             ME est22all.txt 03DEC2023
23  31    18069    15174    20964  8.5  7.1  9.9     3462     2463     4461  9.3  6.6 12.0     2480     1762     3198  8.9  6.3 11.5  81315  77284  85346                                        York County                                   ME est22all.txt 03DEC2023
24   0   589754   574244   605264  9.8  9.5 10.1   160856   151114   170598 12.1 11.4 12.8   114007   105410   122604 11.6 10.7 12.5  94957  93906  96008   42494   37820   47168 12.4 11.0 13.8 Maryland                                      MD est22all.txt 03DEC2023
24   1    11069     9152    12986 18.1 15.0 21.2     2308     1583     3033 19.8 13.6 26.0     1656     1109     2203 19.5 13.1 25.9  50582  45434  55730                                        Allegany County                               MD est22all.txt 03DEC2023
24   3    37624    31757    43491  6.4  5.4  7.4     9926     7425    12427  7.6  5.7  9.5     6954     5102     8806  7.3  5.4  9.2 112525 108789 116261                                        Anne Arundel County                           MD est22all.txt 03DEC2023
24   5    91009    81349   100669 11.0  9.8 12.2    25929    21805    30053 14.5 12.2 16.8    18718    15608    21828 14.2 11.8 16.6  86198  83374  89022                                        Baltimore County                              MD est22all.txt 03DEC2023
24   9     5011     3695     6327  5.3  3.9  6.7     1254      801     1707  5.9  3.8  8.0      911      578     1244  5.6  3.6  7.6 118110 108788 127432                                        Calvert County                                MD est22all.txt 03DEC2023
24  11     4251     3337     5165 12.9 10.1 15.7     1488     1129     1847 19.5 14.8 24.2     1030      769     1291 18.4 13.7 23.1  65981  59239  72723                                        Caroline County                               MD est22all.txt 03DEC2023
24  13     9468     7690    11246  5.5  4.5  6.5     2221     1587     2855  5.9  4.2  7.6     1625     1159     2091  5.7  4.1  7.3 105096  99264 110928                                        Carroll County                                MD est22all.txt 03DEC2023
24  15     9831     7919    11743  9.5  7.7 11.3     2670     1808     3532 11.8  8.0 15.6     1880     1267     2493 11.2  7.6 14.8  84513  77963  91063                                        Cecil County                                  MD est22all.txt 03DEC2023
24  17    13513    10895    16131  8.0  6.4  9.6     3979     2901     5057 10.0  7.3 12.7     2732     1924     3540  9.1  6.4 11.8 112932 106769 119095                                        Charles County                                MD est22all.txt 03DEC2023
24  19     4893     3808     5978 15.1 11.7 18.5     1523     1033     2013 22.6 15.3 29.9     1113      740     1486 22.8 15.1 30.5  54206  49292  59120                                        Dorchester County                             MD est22all.txt 03DEC2023
24  21    15874    12675    19073  5.6  4.5  6.7     3973     2759     5187  6.1  4.2  8.0     2708     1824     3592  5.5  3.7  7.3 116796 110615 122977                                        Frederick County                              MD est22all.txt 03DEC2023
24  23     4238     3517     4959 15.1 12.5 17.7      978      719     1237 19.8 14.5 25.1      690      493      887 19.2 13.7 24.7  59080  53448  64712                                        Garrett County                                MD est22all.txt 03DEC2023
24  25    19117    16012    22222  7.3  6.1  8.5     4741     3297     6185  8.2  5.7 10.7     3347     2330     4364  7.7  5.4 10.0 100334  94251 106417                                        Harford County                                MD est22all.txt 03DEC2023
24  27    18867    14923    22811  5.7  4.5  6.9     4856     3472     6240  6.2  4.4  8.0     3205     2216     4194  5.3  3.7  6.9 133068 127078 139058                                        Howard County                                 MD est22all.txt 03DEC2023
24  29     2181     1621     2741 12.1  9.0 15.2      531      357      705 18.5 12.4 24.6      377      250      504 17.9 11.9 23.9  69695  61435  77955                                        Kent County                                   MD est22all.txt 03DEC2023
24  31    82175    72723    91627  7.9  7.0  8.8    22673    19032    26314  9.7  8.1 11.3    15921    13140    18702  9.1  7.5 10.7 118020 114669 121371                                        Montgomery County                             MD est22all.txt 03DEC2023
24  33   101043    89600   112486 10.9  9.7 12.1    28941    23993    33889 14.3 11.8 16.8    19581    15787    23375 13.5 10.9 16.1  93833  91548  96118                                        Prince George's County                        MD est22all.txt 03DEC2023
24  35     3341     2567     4115  6.5  5.0  8.0      804      539     1069  7.6  5.1 10.1      583      385      781  7.4  4.9  9.9 109436 101239 117633                                        Queen Anne's County                           MD est22all.txt 03DEC2023
24  37     9049     7283    10815  8.0  6.4  9.6     2476     1663     3289  9.2  6.2 12.2     1813     1227     2399  9.0  6.1 11.9 112154 107737 116571                                        St. Mary's County                             MD est22all.txt 03DEC2023
24  39     4358     3222     5494 22.2 16.4 28.0     1149      772     1526 27.9 18.8 37.0      810      535     1085 26.7 17.6 35.8  53590  48601  58579                                        Somerset County                               MD est22all.txt 03DEC2023
24  41     3817     3006     4628 10.2  8.0 12.4      956      659     1253 14.2  9.8 18.6      657      434      880 13.3  8.8 17.8  76583  68875  84291                                        Talbot County                                 MD est22all.txt 03DEC2023
24  43    17387    14175    20599 11.7  9.5 13.9     4957     3528     6386 15.1 10.7 19.5     3482     2446     4518 14.4 10.1 18.7  69271  65557  72985                                        Washington County                             MD est22all.txt 03DEC2023
24  45    12746     9850    15642 12.6  9.7 15.5     3704     2471     4937 16.4 10.9 21.9     2696     1790     3602 16.6 11.0 22.2  68851  64410  73292                                        Wicomico County                               MD est22all.txt 03DEC2023
24  47     4483     3325     5641  8.4  6.2 10.6     1301      865     1737 14.4  9.6 19.2      951      624     1278 13.7  9.0 18.4  75969  68854  83084                                        Worcester County                              MD est22all.txt 03DEC2023
24 510   104408    92520   116296 18.9 16.7 21.1    27517    21586    33448 24.2 19.0 29.4    20567    16169    24965 25.6 20.1 31.1  54735  52200  57270                                        Baltimore city                                MD est22all.txt 03DEC2023
25   0   700507   682192   718822 10.4 10.1 10.7   153014   144378   161650 11.6 10.9 12.3   113034   105269   120799 11.6 10.8 12.4  94538  93324  95752   36327   32690   39964 10.9  9.8 12.0 Massachusetts                                 MA est22all.txt 03DEC2023
25   1    17549    14186    20912  7.7  6.2  9.2     2812     1973     3651  8.9  6.2 11.6     2104     1481     2727  8.8  6.2 11.4  89774  84588  94960                                        Barnstable County                             MA est22all.txt 03DEC2023
25   3    14737    12211    17263 12.0  9.9 14.1     3096     2309     3883 15.8 11.8 19.8     2285     1687     2883 15.5 11.4 19.6  71102  65609  76595                                        Berkshire County                              MA est22all.txt 03DEC2023
25   5    64988    58675    71301 11.4 10.3 12.5    17173    14580    19766 14.9 12.6 17.2    12612    10662    14562 14.6 12.3 16.9  80702  76733  84671                                        Bristol County                                MA est22all.txt 03DEC2023
25   7     1711     1282     2140  8.2  6.1 10.3      354      250      458 10.0  7.1 12.9      241      166      316  9.1  6.2 12.0  89136  80133  98139                                        Dukes County                                  MA est22all.txt 03DEC2023
25   9    77346    70408    84284  9.8  8.9 10.7    18869    15783    21955 11.5  9.6 13.4    14066    11719    16413 11.6  9.7 13.5  92118  89298  94938                                        Essex County                                  MA est22all.txt 03DEC2023
25  11     9425     8145    10705 13.5 11.7 15.3     1831     1426     2236 16.2 12.6 19.8     1269      963     1575 14.7 11.2 18.2  69929  63902  75956                                        Franklin County                               MA est22all.txt 03DEC2023
25  13    75753    68932    82574 16.9 15.4 18.4    21934    19111    24757 23.3 20.3 26.3    15260    13015    17505 21.8 18.6 25.0  64030  61558  66502                                        Hampden County                                MA est22all.txt 03DEC2023
25  15    16278    13966    18590 11.7 10.0 13.4     2012     1431     2593  9.1  6.5 11.7     1522     1080     1964  8.9  6.3 11.5  81878  77785  85971                                        Hampshire County                              MA est22all.txt 03DEC2023
25  17   127726   118292   137160  8.2  7.6  8.8    24170    20987    27353  7.9  6.9  8.9    17758    15253    20263  7.8  6.7  8.9 118494 116071 120917                                        Middlesex County                              MA est22all.txt 03DEC2023
25  19      898      686     1110  6.3  4.8  7.8      132       91      173  4.6  3.1  6.1       83       56      110  4.0  2.7  5.3 107613  94823 120403                                        Nantucket County                              MA est22all.txt 03DEC2023
25  21    46348    40957    51739  6.5  5.7  7.3     7618     5994     9242  5.3  4.2  6.4     5362     4121     6603  4.9  3.8  6.0 115770 111332 120208                                        Norfolk County                                MA est22all.txt 03DEC2023
25  23    40237    34692    45782  7.7  6.6  8.8     8594     6848    10340  8.0  6.4  9.6     6474     5094     7854  8.0  6.3  9.7 102647  99126 106168                                        Plymouth County                               MA est22all.txt 03DEC2023
25  25   118607   110643   126571 16.4 15.3 17.5    24304    21193    27415 20.2 17.6 22.8    19468    17006    21930 23.1 20.2 26.0  84548  81726  87370                                        Suffolk County                                MA est22all.txt 03DEC2023
25  27    88902    81875    95929 10.6  9.8 11.4    20115    17017    23213 11.7  9.9 13.5    14530    12015    17045 11.3  9.3 13.3  86078  83376  88780                                        Worcester County                              MA est22all.txt 03DEC2023
26   0  1306663  1282813  1330513 13.3 13.1 13.5   370055   356756   383354 17.8 17.2 18.4   259517   247762   271272 16.9 16.1 17.7  66926  66259  67593  101027   95047  107007 19.3 18.2 20.4 Michigan                                      MI est22all.txt 03DEC2023
26   1     1330     1031     1629 12.9 10.0 15.8      332      226      438 25.4 17.3 33.5      238      160      316 25.4 17.1 33.7  53788  48853  58723                                        Alcona County                                 MI est22all.txt 03DEC2023
26   3      896      662     1130 11.3  8.3 14.3      195      133      257 15.4 10.5 20.3      141       95      187 15.0 10.1 19.9  59390  54398  64382                                        Alger County                                  MI est22all.txt 03DEC2023
26   5    11735     9598    13872  9.8  8.0 11.6     3466     2651     4281 12.6  9.6 15.6     2506     1915     3097 12.1  9.2 15.0  75893  72111  79675                                        Allegan County                                MI est22all.txt 03DEC2023
26   7     4448     3680     5216 15.6 12.9 18.3     1127      860     1394 21.8 16.6 27.0      772      567      977 20.0 14.7 25.3  54161  49011  59311                                        Alpena County                                 MI est22all.txt 03DEC2023
26   9     2236     1711     2761  9.3  7.1 11.5      590      398      782 14.9 10.1 19.7      417      277      557 13.8  9.2 18.4  71945  67298  76592                                        Antrim County                                 MI est22all.txt 03DEC2023
26  11     2039     1632     2446 13.6 10.9 16.3      514      352      676 19.0 13.0 25.0      377      256      498 18.6 12.6 24.6  53615  50062  57168                                        Arenac County                                 MI est22all.txt 03DEC2023
26  13     1047      811     1283 14.2 11.0 17.4      266      185      347 18.7 13.0 24.4      190      130      250 18.4 12.6 24.2  52491  47271  57711                                        Baraga County                                 MI est22all.txt 03DEC2023
26  15     5351     4330     6372  8.5  6.9 10.1     1325      945     1705  9.9  7.0 12.8      969      695     1243  9.6  6.9 12.3  71173  64689  77657                                        Barry County                                  MI est22all.txt 03DEC2023
26  17    14566    12568    16564 14.3 12.3 16.3     3471     2660     4282 17.8 13.6 22.0     2259     1648     2870 15.5 11.3 19.7  56388  52447  60329                                        Bay County                                    MI est22all.txt 03DEC2023
26  19     1784     1429     2139  9.9  7.9 11.9      406      288      524 13.4  9.5 17.3      272      186      358 11.9  8.2 15.6  65846  60647  71045                                        Benzie County                                 MI est22all.txt 03DEC2023
26  21    22507    19876    25138 15.0 13.3 16.7     6631     5389     7873 20.9 17.0 24.8     4476     3528     5424 18.9 14.9 22.9  61790  57973  65607                                        Berrien County                                MI est22all.txt 03DEC2023
26  23     7035     5987     8083 16.3 13.9 18.7     2328     1887     2769 22.8 18.5 27.1     1534     1215     1853 20.8 16.5 25.1  63634  58080  69188                                        Branch County                                 MI est22all.txt 03DEC2023
26  25    17996    15093    20899 13.8 11.6 16.0     5780     4391     7169 19.7 15.0 24.4     3894     2746     5042 17.9 12.6 23.2  59652  56557  62747                                        Calhoun County                                MI est22all.txt 03DEC2023
26  27     6135     5058     7212 12.1 10.0 14.2     1688     1289     2087 16.7 12.8 20.6     1144      824     1464 14.9 10.7 19.1  65703  59255  72151                                        Cass County                                   MI est22all.txt 03DEC2023
26  29     2271     1766     2776  8.7  6.8 10.6      532      364      700 11.9  8.1 15.7      379      257      501 11.3  7.6 15.0  71362  66648  76076                                        Charlevoix County                             MI est22all.txt 03DEC2023
26  31     3081     2371     3791 12.0  9.2 14.8      786      549     1023 20.6 14.4 26.8      565      389      741 19.4 13.3 25.5  60849  57140  64558                                        Cheboygan County                              MI est22all.txt 03DEC2023
26  33     4299     3434     5164 13.4 10.7 16.1     1117      789     1445 17.5 12.4 22.6      796      564     1028 16.6 11.7 21.5  58924  54403  63445                                        Chippewa County                               MI est22all.txt 03DEC2023
26  35     5328     4250     6406 17.2 13.7 20.7     1541     1111     1971 25.9 18.7 33.1     1105      804     1406 25.0 18.2 31.8  47973  43858  52088                                        Clare County                                  MI est22all.txt 03DEC2023
26  37     7186     6222     8150  9.1  7.9 10.3     1400     1053     1747  8.4  6.3 10.5      977      732     1222  7.8  5.8  9.8  80212  75459  84965                                        Clinton County                                MI est22all.txt 03DEC2023
26  39     1881     1472     2290 14.1 11.0 17.2      484      331      637 21.2 14.5 27.9      352      239      465 20.9 14.2 27.6  57600  52326  62874                                        Crawford County                               MI est22all.txt 03DEC2023
26  41     4549     3745     5353 12.5 10.3 14.7      960      661     1259 14.1  9.7 18.5      663      449      877 12.8  8.7 16.9  57019  50756  63282                                        Delta County                                  MI est22all.txt 03DEC2023
26  43     3315     2690     3940 13.0 10.6 15.4      748      523      973 14.9 10.4 19.4      544      382      706 14.5 10.2 18.8  56349  49667  63031                                        Dickinson County                              MI est22all.txt 03DEC2023
26  45     9610     7861    11359  9.0  7.4 10.6     2632     1986     3278 12.2  9.2 15.2     1692     1221     2163 10.6  7.7 13.5  71499  68429  74569                                        Eaton County                                  MI est22all.txt 03DEC2023
26  47     2955     2350     3560  8.8  7.0 10.6      634      446      822 10.5  7.4 13.6      455      322      588  9.9  7.0 12.8  69805  63341  76269                                        Emmet County                                  MI est22all.txt 03DEC2023
26  49    65211    58692    71730 16.4 14.8 18.0    20493    17379    23607 23.7 20.1 27.3    14511    12050    16972 22.5 18.7 26.3  57443  54507  60379                                        Genesee County                                MI est22all.txt 03DEC2023
26  51     3536     2783     4289 13.9 10.9 16.9     1027      710     1344 21.4 14.8 28.0      738      502      974 20.9 14.2 27.6  55017  50237  59797                                        Gladwin County                                MI est22all.txt 03DEC2023
26  53     2349     1849     2849 16.8 13.2 20.4      557      386      728 24.0 16.6 31.4      403      279      527 22.9 15.9 29.9  50142  45727  54557                                        Gogebic County                                MI est22all.txt 03DEC2023
26  55     9012     7582    10442  9.5  8.0 11.0     1851     1390     2312 10.2  7.7 12.7     1230      893     1567  9.0  6.5 11.5  74746  69144  80348                                        Grand Traverse County                         MI est22all.txt 03DEC2023
26  57     4343     3327     5359 12.3  9.4 15.2     1272      919     1625 16.4 11.8 21.0      885      616     1154 15.4 10.7 20.1  58074  54036  62112                                        Gratiot County                                MI est22all.txt 03DEC2023
26  59     6179     5166     7192 13.9 11.6 16.2     1885     1439     2331 19.6 15.0 24.2     1271      947     1595 17.9 13.3 22.5  60070  55407  64733                                        Hillsdale County                              MI est22all.txt 03DEC2023
26  61     4871     3979     5763 14.4 11.8 17.0      940      665     1215 13.0  9.2 16.8      642      439      845 11.9  8.1 15.7  55623  50123  61123                                        Houghton County                               MI est22all.txt 03DEC2023
26  63     3693     2989     4397 12.0  9.7 14.3      882      618     1146 15.2 10.6 19.8      662      466      858 15.2 10.7 19.7  50177  46698  53656                                        Huron County                                  MI est22all.txt 03DEC2023
26  65    43468    38391    48545 16.3 14.4 18.2    10118     7991    12245 18.9 14.9 22.9     6861     5227     8495 17.5 13.3 21.7  60571  57153  63989                                        Ingham County                                 MI est22all.txt 03DEC2023
26  67     7295     5954     8636 12.1  9.9 14.3     1769     1236     2302 13.1  9.2 17.0     1176      795     1557 11.6  7.9 15.3  74391  70781  78001                                        Ionia County                                  MI est22all.txt 03DEC2023
26  69     4600     3905     5295 18.2 15.4 21.0     1094      802     1386 26.2 19.2 33.2      783      563     1003 25.7 18.5 32.9  46129  42622  49636                                        Iosco County                                  MI est22all.txt 03DEC2023
26  71     1460     1101     1819 12.8  9.6 16.0      424      288      560 21.4 14.5 28.3      303      205      401 19.6 13.2 26.0  54149  49128  59170                                        Iron County                                   MI est22all.txt 03DEC2023
26  73    11714    10078    13350 19.4 16.7 22.1     1934     1486     2382 17.4 13.4 21.4     1200      869     1531 14.8 10.7 18.9  54642  49609  59675                                        Isabella County                               MI est22all.txt 03DEC2023
26  75    19648    16778    22518 13.0 11.1 14.9     5772     4469     7075 17.7 13.7 21.7     3961     2916     5006 16.6 12.2 21.0  61299  56316  66282                                        Jackson County                                MI est22all.txt 03DEC2023
26  77    30887    26246    35528 12.2 10.4 14.0     7297     5248     9346 13.5  9.7 17.3     5186     3657     6715 13.0  9.2 16.8  69689  66367  73011                                        Kalamazoo County                              MI est22all.txt 03DEC2023
26  79     2210     1788     2632 12.3  9.9 14.7      585      408      762 16.7 11.7 21.7      409      281      537 15.4 10.6 20.2  59160  54084  64236                                        Kalkaska County                               MI est22all.txt 03DEC2023
26  81    69096    62571    75621 10.7  9.7 11.7    20340    17389    23291 13.5 11.5 15.5    12698    10304    15092 11.5  9.3 13.7  76923  74194  79652                                        Kent County                                   MI est22all.txt 03DEC2023
26  83      227      167      287 10.4  7.7 13.1       55       38       72 16.0 10.9 21.1       39       26       52 14.6  9.8 19.4  57103  50173  64033                                        Keweenaw County                               MI est22all.txt 03DEC2023
26  85     2605     2139     3071 22.9 18.8 27.0      569      393      745 32.3 22.3 42.3      410      280      540 31.1 21.3 40.9  48545  44668  52422                                        Lake County                                   MI est22all.txt 03DEC2023
26  87     8617     7184    10050  9.9  8.3 11.5     2416     1931     2901 14.0 11.2 16.8     1736     1378     2094 13.3 10.5 16.1  72737  67782  77692                                        Lapeer County                                 MI est22all.txt 03DEC2023
26  89     1671     1333     2009  7.4  5.9  8.9      344      242      446 10.1  7.1 13.1      239      166      312  9.4  6.5 12.3  89007  80010  98004                                        Leelanau County                               MI est22all.txt 03DEC2023
26  91    10923     9145    12701 11.6  9.7 13.5     3004     2341     3667 15.3 11.9 18.7     1913     1448     2378 13.1  9.9 16.3  67486  63045  71927                                        Lenawee County                                MI est22all.txt 03DEC2023
26  93     9680     7948    11412  5.0  4.1  5.9     2039     1506     2572  5.3  3.9  6.7     1482     1098     1866  5.0  3.7  6.3 101227  95859 106595                                        Livingston County                             MI est22all.txt 03DEC2023
26  95      848      649     1047 16.1 12.3 19.9      265      184      346 26.5 18.4 34.6      181      123      239 24.6 16.7 32.5  49371  43478  55264                                        Luce County                                   MI est22all.txt 03DEC2023
26  97     1550     1283     1817 14.3 11.8 16.8      343      257      429 21.1 15.8 26.4      237      171      303 19.8 14.3 25.3  56942  51579  62305                                        Mackinac County                               MI est22all.txt 03DEC2023
26  99    84662    76176    93148  9.8  8.8 10.8    23183    19717    26649 13.1 11.1 15.1    15583    12964    18202 11.9  9.9 13.9  73927  71676  76178                                        Macomb County                                 MI est22all.txt 03DEC2023
26 101     3115     2501     3729 13.0 10.4 15.6      802      581     1023 19.6 14.2 25.0      554      384      724 18.2 12.6 23.8  55788  51357  60219                                        Manistee County                               MI est22all.txt 03DEC2023
26 103     7141     5979     8303 11.4  9.5 13.3     1169      764     1574 10.2  6.7 13.7      853      566     1140 10.1  6.7 13.5  61598  57821  65375                                        Marquette County                              MI est22all.txt 03DEC2023
26 105     2972     2237     3707 10.2  7.7 12.7      902      597     1207 16.1 10.7 21.5      656      435      877 15.4 10.2 20.6  64014  59374  68654                                        Mason County                                  MI est22all.txt 03DEC2023
26 107     8089     7105     9073 20.4 17.9 22.9     1965     1589     2341 25.7 20.8 30.6     1221      932     1510 21.8 16.6 27.0  56096  51825  60367                                        Mecosta County                                MI est22all.txt 03DEC2023
26 109     2792     2237     3347 12.2  9.8 14.6      635      420      850 16.0 10.6 21.4      461      306      616 15.2 10.1 20.3  50564  47792  53336                                        Menominee County                              MI est22all.txt 03DEC2023
26 111     7341     5830     8852  8.9  7.1 10.7     1670     1125     2215  9.8  6.6 13.0     1184      785     1583  9.4  6.2 12.6  77595  72365  82825                                        Midland County                                MI est22all.txt 03DEC2023
26 113     2007     1620     2394 13.3 10.7 15.9      552      391      713 16.8 11.9 21.7      389      271      507 15.8 11.0 20.6  59230  53345  65115                                        Missaukee County                              MI est22all.txt 03DEC2023
26 115    14729    12033    17425  9.6  7.9 11.3     3719     2670     4768 11.7  8.4 15.0     2629     1863     3395 11.0  7.8 14.2  72166  66741  77591                                        Monroe County                                 MI est22all.txt 03DEC2023
26 117     9215     7746    10684 14.8 12.4 17.2     2674     2015     3333 19.4 14.6 24.2     1886     1399     2373 18.6 13.8 23.4  61590  57555  65625                                        Montcalm County                               MI est22all.txt 03DEC2023
26 119     1549     1268     1830 16.3 13.3 19.3      498      421      575 35.0 29.6 40.4      239      161      317 23.4 15.8 31.0  50680  46211  55149                                        Montmorency County                            MI est22all.txt 03DEC2023
26 121    24813    21224    28402 14.5 12.4 16.6     7941     6273     9609 20.7 16.3 25.1     5461     4155     6767 19.3 14.7 23.9  58303  55084  61522                                        Muskegon County                               MI est22all.txt 03DEC2023
26 123     6648     5506     7790 13.3 11.0 15.6     1981     1447     2515 18.2 13.3 23.1     1492     1103     1881 18.4 13.6 23.2  57992  52659  63325                                        Newaygo County                                MI est22all.txt 03DEC2023
26 125   102636    94820   110452  8.2  7.6  8.8    23239    19496    26982  9.3  7.8 10.8    17094    14093    20095  9.1  7.5 10.7  90801  88597  93005                                        Oakland County                                MI est22all.txt 03DEC2023
26 127     4314     3601     5027 16.2 13.5 18.9     1250      950     1550 22.4 17.0 27.8      879      643     1115 20.8 15.2 26.4  56853  51625  62081                                        Oceana County                                 MI est22all.txt 03DEC2023
26 129     3399     2802     3996 16.4 13.5 19.3      822      592     1052 22.4 16.1 28.7      601      421      781 22.1 15.5 28.7  53480  48751  58209                                        Ogemaw County                                 MI est22all.txt 03DEC2023
26 131      834      649     1019 14.3 11.1 17.5      162      112      212 22.6 15.7 29.5      116       79      153 20.6 14.0 27.2  45694  42617  48771                                        Ontonagon County                              MI est22all.txt 03DEC2023
26 133     3594     3021     4167 15.7 13.2 18.2      997      734     1260 20.5 15.1 25.9      667      475      859 18.7 13.3 24.1  54727  50665  58789                                        Osceola County                                MI est22all.txt 03DEC2023
26 135     1502     1216     1788 18.0 14.6 21.4      393      282      504 24.6 17.6 31.6      294      210      378 25.0 17.9 32.1  46626  41140  52112                                        Oscoda County                                 MI est22all.txt 03DEC2023
26 137     2744     2226     3262 10.8  8.8 12.8      824      628     1020 16.0 12.2 19.8      543      395      691 14.0 10.2 17.8  65915  60194  71636                                        Otsego County                                 MI est22all.txt 03DEC2023
26 139    23817    20691    26943  8.2  7.1  9.3     4509     3358     5660  6.7  5.0  8.4     3026     2160     3892  5.9  4.2  7.6  85968  81166  90770                                        Ottawa County                                 MI est22all.txt 03DEC2023
26 141     1626     1282     1970 12.3  9.7 14.9      383      262      504 19.1 13.1 25.1      282      192      372 18.7 12.7 24.7  56375  51398  61352                                        Presque Isle County                           MI est22all.txt 03DEC2023
26 143     3845     3174     4516 16.3 13.4 19.2      854      611     1097 25.6 18.3 32.9      605      425      785 24.1 16.9 31.3  49151  44287  54015                                        Roscommon County                              MI est22all.txt 03DEC2023
26 145    33127    29424    36830 18.1 16.1 20.1     9819     8227    11411 25.1 21.0 29.2     7088     5868     8308 24.6 20.4 28.8  54064  51561  56567                                        Saginaw County                                MI est22all.txt 03DEC2023
26 147    20337    17322    23352 12.8 10.9 14.7     5390     4203     6577 17.1 13.3 20.9     3830     2951     4709 16.1 12.4 19.8  64894  60624  69164                                        St. Clair County                              MI est22all.txt 03DEC2023
26 149     7936     6541     9331 13.2 10.9 15.5     2674     2100     3248 18.7 14.7 22.7     1703     1264     2142 16.1 11.9 20.3  60489  55859  65119                                        St. Joseph County                             MI est22all.txt 03DEC2023
26 151     5751     4837     6665 14.3 12.0 16.6     1640     1257     2023 19.7 15.1 24.3     1125      831     1419 18.0 13.3 22.7  56079  51179  60979                                        Sanilac County                                MI est22all.txt 03DEC2023
26 153     1033      796     1270 12.8  9.9 15.7      279      191      367 19.4 13.3 25.5      200      136      264 18.9 12.9 24.9  56707  50486  62928                                        Schoolcraft County                            MI est22all.txt 03DEC2023
26 155     8145     6761     9529 12.1 10.0 14.2     2083     1565     2601 15.3 11.5 19.1     1413     1045     1781 13.9 10.3 17.5  61959  59001  64917                                        Shiawassee County                             MI est22all.txt 03DEC2023
26 157     6411     5378     7444 12.3 10.3 14.3     1931     1501     2361 19.0 14.8 23.2     1375     1056     1694 18.3 14.1 22.5  61978  57895  66061                                        Tuscola County                                MI est22all.txt 03DEC2023
26 159    10781     9244    12318 14.4 12.4 16.4     3064     2416     3712 18.2 14.3 22.1     2212     1721     2703 17.6 13.7 21.5  61638  56480  66796                                        Van Buren County                              MI est22all.txt 03DEC2023
26 161    47071    43533    50609 13.6 12.6 14.6     6604     5259     7949 10.2  8.1 12.3     4553     3474     5632  9.4  7.2 11.6  80941  76527  85355                                        Washtenaw County                              MI est22all.txt 03DEC2023
26 163   369107   352456   385758 21.2 20.2 22.2   128008   119816   136200 31.5 29.5 33.5    92564    86260    98868 31.2 29.1 33.3  55928  54632  57224                                        Wayne County                                  MI est22all.txt 03DEC2023
26 165     4311     3568     5054 12.8 10.6 15.0     1204      829     1579 16.0 11.0 21.0      866      598     1134 15.6 10.8 20.4  56379  51826  60932                                        Wexford County                                MI est22all.txt 03DEC2023
27   0   538990   524525   553455  9.6  9.3  9.9   138469   129631   147307 10.9 10.2 11.6    96257    88164   104350 10.2  9.3 11.1  82343  81605  83081   36783   33424   40142 11.4 10.4 12.4 Minnesota                                     MN est22all.txt 03DEC2023
27   1     2141     1839     2443 13.5 11.6 15.4      428      317      539 17.8 13.2 22.4      327      244      410 17.6 13.2 22.0  59064  53188  64940                                        Aitkin County                                 MN est22all.txt 03DEC2023
27   3    27085    23663    30507  7.4  6.5  8.3     6887     5348     8426  8.1  6.3  9.9     4942     3790     6094  7.8  6.0  9.6  92249  88743  95755                                        Anoka County                                  MN est22all.txt 03DEC2023
27   5     3430     2780     4080  9.8  7.9 11.7      976      655     1297 12.0  8.0 16.0      650      414      886 10.6  6.7 14.5  67448  62897  71999                                        Becker County                                 MN est22all.txt 03DEC2023
27   7     7697     6490     8904 17.3 14.6 20.0     2482     1904     3060 22.2 17.0 27.4     1629     1175     2083 19.8 14.3 25.3  59882  54510  65254                                        Beltrami County                               MN est22all.txt 03DEC2023
27   9     3719     2995     4443  9.1  7.3 10.9     1082      818     1346 10.6  8.0 13.2      697      513      881  9.1  6.7 11.5  71493  64281  78705                                        Benton County                                 MN est22all.txt 03DEC2023
27  11      566      424      708 11.3  8.5 14.1      148      100      196 13.7  9.3 18.1      108       72      144 14.0  9.3 18.7  57821  50861  64781                                        Big Stone County                              MN est22all.txt 03DEC2023
27  13     9788     8434    11142 14.9 12.8 17.0     1732     1311     2153 12.9  9.7 16.1     1171      862     1480 12.0  8.8 15.2  68279  62976  73582                                        Blue Earth County                             MN est22all.txt 03DEC2023
27  15     2033     1615     2451  8.2  6.5  9.9      474      322      626  8.5  5.8 11.2      331      222      440  8.0  5.4 10.6  64093  58673  69513                                        Brown County                                  MN est22all.txt 03DEC2023
27  17     3580     3016     4144 10.3  8.7 11.9      788      586      990 10.1  7.5 12.7      520      367      673  8.8  6.2 11.4  78478  73725  83231                                        Carlton County                                MN est22all.txt 03DEC2023
27  19     4960     3988     5932  4.5  3.6  5.4     1085      778     1392  4.0  2.9  5.1      687      474      900  3.3  2.3  4.3 117602 111486 123718                                        Carver County                                 MN est22all.txt 03DEC2023
27  21     4265     3641     4889 13.8 11.8 15.8     1232      946     1518 19.9 15.3 24.5      834      620     1048 17.9 13.3 22.5  67121  63824  70418                                        Cass County                                   MN est22all.txt 03DEC2023
27  23     1244      996     1492 10.4  8.3 12.5      364      251      477 12.4  8.6 16.2      262      182      342 12.0  8.3 15.7  61878  54949  68807                                        Chippewa County                               MN est22all.txt 03DEC2023
27  25     3065     2342     3788  5.4  4.1  6.7      820      561     1079  6.5  4.5  8.5      559      378      740  5.9  4.0  7.8  98183  92758 103608                                        Chisago County                                MN est22all.txt 03DEC2023
27  27     7184     5982     8386 11.4  9.5 13.3     1898     1327     2469 11.9  8.3 15.5     1329      916     1742 11.4  7.9 14.9  79357  74902  83812                                        Clay County                                   MN est22all.txt 03DEC2023
27  29      906      676     1136 10.6  7.9 13.3      346      231      461 16.1 10.7 21.5      245      162      328 15.2 10.0 20.4  64716  58626  70806                                        Clearwater County                             MN est22all.txt 03DEC2023
27  31      519      386      652  9.2  6.9 11.5      125       84      166 15.1 10.2 20.0       84       56      112 13.5  8.9 18.1  69279  62725  75833                                        Cook County                                   MN est22all.txt 03DEC2023
27  33     1465     1206     1724 13.2 10.9 15.5      469      343      595 16.6 12.1 21.1      328      237      419 15.6 11.3 19.9  59981  53521  66441                                        Cottonwood County                             MN est22all.txt 03DEC2023
27  35     7126     5903     8349 10.6  8.8 12.4     1635     1185     2085 12.1  8.8 15.4     1103      784     1422 10.8  7.7 13.9  67373  62674  72072                                        Crow Wing County                              MN est22all.txt 03DEC2023
27  37    26859    23288    30430  6.1  5.3  6.9     6988     5400     8576  6.7  5.2  8.2     4931     3709     6153  6.3  4.7  7.9  97727  94593 100861                                        Dakota County                                 MN est22all.txt 03DEC2023
27  39     1253      970     1536  6.0  4.6  7.4      313      215      411  6.1  4.2  8.0      214      144      284  5.6  3.8  7.4  88994  83283  94705                                        Dodge County                                  MN est22all.txt 03DEC2023
27  41     3405     2760     4050  8.7  7.0 10.4      737      519      955  8.9  6.3 11.5      517      358      676  8.5  5.9 11.1  73521  67543  79499                                        Douglas County                                MN est22all.txt 03DEC2023
27  43     1465     1164     1766 10.7  8.5 12.9      439      318      560 14.7 10.6 18.8      318      233      403 13.9 10.2 17.6  67302  61746  72858                                        Faribault County                              MN est22all.txt 03DEC2023
27  45     1697     1314     2080  8.1  6.3  9.9      555      371      739 10.8  7.2 14.4      406      271      541 10.4  6.9 13.9  72065  67186  76944                                        Fillmore County                               MN est22all.txt 03DEC2023
27  47     3527     2924     4130 11.7  9.7 13.7     1161      928     1394 17.8 14.2 21.4      787      605      969 16.1 12.4 19.8  65632  61335  69929                                        Freeborn County                               MN est22all.txt 03DEC2023
27  49     4249     3570     4928  9.0  7.6 10.4     1083      863     1303 10.6  8.5 12.7      735      583      887  9.6  7.6 11.6  82091  77988  86194                                        Goodhue County                                MN est22all.txt 03DEC2023
27  51      679      544      814 11.2  9.0 13.4      194      144      244 14.0 10.4 17.6      127       91      163 12.1  8.6 15.6  68381  62000  74762                                        Grant County                                  MN est22all.txt 03DEC2023
27  53   133681   125121   142241 10.8 10.1 11.5    32181    27830    36532 12.2 10.6 13.8    23248    19755    26741 12.1 10.3 13.9  89418  87384  91452                                        Hennepin County                               MN est22all.txt 03DEC2023
27  55     1403     1099     1707  7.5  5.9  9.1      293      191      395  7.4  4.8 10.0      209      136      282  7.0  4.6  9.4  76170  69124  83216                                        Houston County                                MN est22all.txt 03DEC2023
27  57     2089     1658     2520  9.6  7.6 11.6      619      434      804 13.8  9.7 17.9      456      307      605 13.5  9.1 17.9  67797  62105  73489                                        Hubbard County                                MN est22all.txt 03DEC2023
27  59     2955     2285     3625  7.0  5.4  8.6      760      526      994  7.9  5.5 10.3      505      334      676  7.0  4.6  9.4  83212  75632  90792                                        Isanti County                                 MN est22all.txt 03DEC2023
27  61     5067     4282     5852 11.4  9.6 13.2     1113      783     1443 12.7  8.9 16.5      818      556     1080 12.3  8.3 16.3  66958  62426  71490                                        Itasca County                                 MN est22all.txt 03DEC2023
27  63      886      683     1089  9.1  7.0 11.2      259      177      341 12.6  8.6 16.6      185      123      247 12.2  8.1 16.3  66694  59611  73777                                        Jackson County                                MN est22all.txt 03DEC2023
27  65     1611     1227     1995  9.9  7.5 12.3      466      321      611 13.5  9.3 17.7      333      226      440 13.0  8.8 17.2  69588  64875  74301                                        Kanabec County                                MN est22all.txt 03DEC2023
27  67     3810     2906     4714  8.8  6.7 10.9     1277      884     1670 12.4  8.6 16.2      799      510     1088 10.6  6.8 14.4  72281  65889  78673                                        Kandiyohi County                              MN est22all.txt 03DEC2023
27  69      407      316      498 10.3  8.0 12.6      108       74      142 12.4  8.5 16.3       77       52      102 11.6  7.8 15.4  65244  57506  72982                                        Kittson County                                MN est22all.txt 03DEC2023
27  71     1373     1039     1707 11.8  8.9 14.7      333      228      438 16.5 11.3 21.7      247      167      327 16.3 11.0 21.6  63035  56350  69720                                        Koochiching County                            MN est22all.txt 03DEC2023
27  73      620      474      766  9.5  7.3 11.7      167      115      219 12.0  8.3 15.7      109       71      147 10.7  7.0 14.4  67556  61860  73252                                        Lac qui Parle County                          MN est22all.txt 03DEC2023
27  75      906      704     1108  8.4  6.5 10.3      193      132      254  9.4  6.4 12.4      126       84      168  8.2  5.5 10.9  73724  68319  79129                                        Lake County                                   MN est22all.txt 03DEC2023
27  77      421      325      517 11.0  8.5 13.5      106       74      138 14.4 10.1 18.7       74       50       98 13.7  9.3 18.1  62143  54419  69867                                        Lake of the Woods County                      MN est22all.txt 03DEC2023
27  79     1808     1371     2245  6.3  4.8  7.8      485      335      635  7.3  5.0  9.6      352      239      465  7.0  4.8  9.2  86864  79364  94364                                        Le Sueur County                               MN est22all.txt 03DEC2023
27  81      520      404      636  9.5  7.4 11.6      133       91      175 10.3  7.1 13.5       91       60      122  9.7  6.4 13.0  64860  59158  70562                                        Lincoln County                                MN est22all.txt 03DEC2023
27  83     2764     2222     3306 11.2  9.0 13.4      743      518      968 11.3  7.9 14.7      526      359      693 10.8  7.4 14.2  70958  67513  74403                                        Lyon County                                   MN est22all.txt 03DEC2023
27  85     2642     2102     3182  7.3  5.8  8.8      665      472      858  8.5  6.0 11.0      457      315      599  7.8  5.4 10.2  80874  75784  85964                                        McLeod County                                 MN est22all.txt 03DEC2023
27  87      949      761     1137 18.0 14.4 21.6      408      294      522 24.8 17.9 31.7      285      200      370 23.2 16.3 30.1  52926  47679  58173                                        Mahnomen County                               MN est22all.txt 03DEC2023
27  89      749      564      934  8.5  6.4 10.6      193      132      254  9.7  6.7 12.7      135       91      179  9.1  6.1 12.1  70606  63620  77592                                        Marshall County                               MN est22all.txt 03DEC2023
27  91     2210     1742     2678 11.4  9.0 13.8      667      470      864 15.4 10.8 20.0      482      333      631 15.0 10.4 19.6  61721  56627  66815                                        Martin County                                 MN est22all.txt 03DEC2023
27  93     2141     1758     2524  9.2  7.5 10.9      505      362      648  9.2  6.6 11.8      342      237      447  8.2  5.7 10.7  76506  71675  81337                                        Meeker County                                 MN est22all.txt 03DEC2023
27  95     2925     2398     3452 10.9  8.9 12.9      742      518      966 12.1  8.5 15.7      532      370      694 11.5  8.0 15.0  65294  60350  70238                                        Mille Lacs County                             MN est22all.txt 03DEC2023
27  97     3256     2606     3906  9.6  7.7 11.5      862      588     1136 11.2  7.6 14.8      569      377      761  9.7  6.4 13.0  64588  59158  70018                                        Morrison County                               MN est22all.txt 03DEC2023
27  99     3763     2897     4629  9.5  7.3 11.7     1222      835     1609 12.5  8.5 16.5      891      604     1178 12.3  8.3 16.3  68718  62815  74621                                        Mower County                                  MN est22all.txt 03DEC2023
27 101      755      600      910  9.4  7.5 11.3      206      148      264 12.0  8.6 15.4      141       98      184 11.1  7.7 14.5  68665  62238  75092                                        Murray County                                 MN est22all.txt 03DEC2023
27 103     2860     2299     3421  9.0  7.2 10.8      718      531      905 10.0  7.4 12.6      465      336      594  8.5  6.2 10.8  78091  71172  85010                                        Nicollet County                               MN est22all.txt 03DEC2023
27 105     2389     1845     2933 11.1  8.6 13.6      835      597     1073 13.7  9.8 17.6      589      417      761 13.8  9.8 17.8  65374  59409  71339                                        Nobles County                                 MN est22all.txt 03DEC2023
27 107      626      471      781 10.0  7.5 12.5      186      125      247 12.6  8.5 16.7      130       86      174 11.9  7.9 15.9  64319  58280  70358                                        Norman County                                 MN est22all.txt 03DEC2023
27 109    14379    12437    16321  8.9  7.7 10.1     3390     2546     4234  8.9  6.7 11.1     2480     1859     3101  8.7  6.5 10.9  88032  82338  93726                                        Olmsted County                                MN est22all.txt 03DEC2023
27 111     5203     4269     6137  8.7  7.1 10.3     1338      897     1779 10.5  7.0 14.0     1022      683     1361 10.6  7.1 14.1  65076  60770  69382                                        Otter Tail County                             MN est22all.txt 03DEC2023
27 113     1296     1001     1591  9.6  7.4 11.8      297      207      387  9.9  6.9 12.9      215      149      281  9.7  6.7 12.7  76423  71925  80921                                        Pennington County                             MN est22all.txt 03DEC2023
27 115     3376     2819     3933 11.9  9.9 13.9      782      551     1013 14.1  9.9 18.3      558      382      734 13.4  9.2 17.6  65139  59511  70767                                        Pine County                                   MN est22all.txt 03DEC2023
27 117      996      815     1177 10.8  8.8 12.8      335      247      423 13.5 10.0 17.0      202      139      265 11.2  7.7 14.7  65499  58676  72322                                        Pipestone County                              MN est22all.txt 03DEC2023
27 119     3170     2498     3842 10.7  8.4 13.0     1030      724     1336 14.0  9.9 18.1      734      510      958 13.5  9.4 17.6  69538  64088  74988                                        Polk County                                   MN est22all.txt 03DEC2023
27 121     1162      964     1360 10.3  8.5 12.1      242      168      316  9.9  6.8 13.0      176      121      231  9.7  6.7 12.7  68888  63271  74505                                        Pope County                                   MN est22all.txt 03DEC2023
27 123    72217    65613    78821 13.8 12.5 15.1    22576    19229    25923 18.7 15.9 21.5    15218    12484    17952 17.3 14.2 20.4  75041  72002  78080                                        Ramsey County                                 MN est22all.txt 03DEC2023
27 125      371      282      460  9.7  7.4 12.0      102       70      134 11.4  7.8 15.0       72       48       96 11.0  7.4 14.6  74120  66831  81409                                        Red Lake County                               MN est22all.txt 03DEC2023
27 127     1662     1397     1927 11.0  9.2 12.8      504      389      619 13.3 10.2 16.4      364      279      449 13.2 10.1 16.3  66582  60903  72261                                        Redwood County                                MN est22all.txt 03DEC2023
27 129     1563     1287     1839 11.0  9.1 12.9      456      350      562 13.9 10.7 17.1      303      224      382 12.4  9.1 15.7  66568  60743  72393                                        Renville County                               MN est22all.txt 03DEC2023
27 131     6425     5335     7515 10.6  8.8 12.4     1485     1094     1876 10.7  7.9 13.5      940      663     1217  9.1  6.4 11.8  77962  72146  83778                                        Rice County                                   MN est22all.txt 03DEC2023
27 133      811      619     1003  8.7  6.6 10.8      229      154      304 10.2  6.8 13.6      159      106      212  9.1  6.0 12.2  69835  62280  77390                                        Rock County                                   MN est22all.txt 03DEC2023
27 135     1481     1208     1754  9.8  8.0 11.6      427      322      532 12.0  9.1 14.9      286      208      364 10.4  7.6 13.2  71794  64390  79198                                        Roseau County                                 MN est22all.txt 03DEC2023
27 137    28093    25530    30656 14.6 13.3 15.9     4827     3689     5965 13.5 10.3 16.7     3245     2341     4149 12.2  8.8 15.6  63141  59735  66547                                        St. Louis County                              MN est22all.txt 03DEC2023
27 139     6968     5557     8379  4.6  3.7  5.5     1936     1358     2514  5.0  3.5  6.5     1378      953     1803  4.6  3.2  6.0 115687 106666 124708                                        Scott County                                  MN est22all.txt 03DEC2023
27 141     6015     4852     7178  6.1  4.9  7.3     1609     1151     2067  6.3  4.5  8.1     1107      790     1424  5.9  4.2  7.6  97999  91677 104321                                        Sherburne County                              MN est22all.txt 03DEC2023
27 143     1184      928     1440  8.0  6.3  9.7      326      226      426  9.9  6.8 13.0      226      154      298  9.4  6.4 12.4  75596  68660  82532                                        Sibley County                                 MN est22all.txt 03DEC2023
27 145    17033    14447    19619 11.1  9.4 12.8     4146     3001     5291 11.3  8.2 14.4     2846     2043     3649 10.8  7.8 13.8  72378  68522  76234                                        Stearns County                                MN est22all.txt 03DEC2023
27 147     3294     2682     3906  8.9  7.2 10.6      889      644     1134 10.0  7.2 12.8      628      448      808  9.3  6.6 12.0  75474  67038  83910                                        Steele County                                 MN est22all.txt 03DEC2023
27 149      958      746     1170 10.7  8.3 13.1      175      118      232  8.3  5.6 11.0      112       75      149  7.4  4.9  9.9  69171  62434  75908                                        Stevens County                                MN est22all.txt 03DEC2023
27 151      901      683     1119  9.5  7.2 11.8      240      155      325 11.2  7.2 15.2      167      107      227 10.7  6.9 14.5  67166  59641  74691                                        Swift County                                  MN est22all.txt 03DEC2023
27 153     2561     1995     3127 10.1  7.9 12.3      871      615     1127 14.6 10.3 18.9      587      386      788 13.3  8.8 17.8  66300  62520  70080                                        Todd County                                   MN est22all.txt 03DEC2023
27 155      434      335      533 13.7 10.6 16.8      132       90      174 18.8 12.8 24.8       94       63      125 18.7 12.4 25.0  63913  56413  71413                                        Traverse County                               MN est22all.txt 03DEC2023
27 157     1597     1256     1938  7.5  5.9  9.1      379      263      495  8.2  5.7 10.7      251      165      337  7.3  4.8  9.8  78953  73795  84111                                        Wabasha County                                MN est22all.txt 03DEC2023
27 159     1652     1239     2065 11.8  8.8 14.8      532      364      700 14.4  9.8 19.0      367      245      489 13.7  9.1 18.3  57527  51553  63501                                        Wadena County                                 MN est22all.txt 03DEC2023
27 161     1520     1172     1868  8.4  6.5 10.3      416      286      546  9.9  6.8 13.0      300      203      397  9.5  6.4 12.6  71519  65206  77832                                        Waseca County                                 MN est22all.txt 03DEC2023
27 163    15451    13245    17657  5.7  4.9  6.5     3636     2824     4448  5.6  4.3  6.9     2489     1889     3089  5.0  3.8  6.2 107649 102425 112873                                        Washington County                             MN est22all.txt 03DEC2023
27 165     1685     1487     1883 15.5 13.7 17.3      854      786      922 31.1 28.6 33.6      407      349      465 21.1 18.1 24.1  61295  55074  67516                                        Watonwan County                               MN est22all.txt 03DEC2023
27 167      638      503      773 10.2  8.0 12.4      170      117      223 12.1  8.3 15.9      122       82      162 11.3  7.6 15.0  71924  63480  80368                                        Wilkin County                                 MN est22all.txt 03DEC2023
27 169     6607     5720     7494 14.3 12.4 16.2     1042      793     1291 12.4  9.4 15.4      675      471      879 10.9  7.6 14.2  65699  60213  71185                                        Winona County                                 MN est22all.txt 03DEC2023
27 171     7779     6391     9167  5.3  4.4  6.2     1938     1403     2473  4.9  3.5  6.3     1328      942     1714  4.5  3.2  5.8  95259  89448 101070                                        Wright County                                 MN est22all.txt 03DEC2023
27 173     1010      817     1203 10.7  8.6 12.8      270      191      349 12.5  8.9 16.1      185      127      243 11.5  7.9 15.1  67543  60314  74772                                        Yellow Medicine County                        MN est22all.txt 03DEC2023
28   0   545773   532161   559385 19.2 18.7 19.7   175888   168701   183075 26.4 25.3 27.5   129241   122762   135720 26.2 24.9 27.5  52788  51910  53666   45007   42071   47943 26.5 24.8 28.2 Mississippi                                   MS est22all.txt 03DEC2023
28   1     8392     7114     9670 31.1 26.4 35.8     2525     2033     3017 44.7 36.0 53.4     2032     1673     2391 49.3 40.6 58.0  39547  34712  44382                                        Adams County                                  MS est22all.txt 03DEC2023
28   3     6019     4691     7347 18.0 14.0 22.0     1850     1307     2393 24.8 17.5 32.1     1364      964     1764 24.7 17.4 32.0  49627  45140  54114                                        Alcorn County                                 MS est22all.txt 03DEC2023
28   5     2543     1992     3094 20.3 15.9 24.7      711      492      930 28.2 19.5 36.9      539      373      705 28.5 19.7 37.3  45433  39790  51076                                        Amite County                                  MS est22all.txt 03DEC2023
28   7     3933     3113     4753 22.9 18.1 27.7     1422     1043     1801 33.0 24.2 41.8     1014      731     1297 30.8 22.2 39.4  44404  39817  48991                                        Attala County                                 MS est22all.txt 03DEC2023
28   9     1723     1375     2071 23.1 18.4 27.8      555      419      691 36.0 27.2 44.8      436      334      538 38.6 29.6 47.6  43247  37897  48597                                        Benton County                                 MS est22all.txt 03DEC2023
28  11     8072     6457     9687 29.1 23.3 34.9     2762     1966     3558 39.2 27.9 50.5     2081     1495     2667 39.3 28.2 50.4  39984  36579  43389                                        Bolivar County                                MS est22all.txt 03DEC2023
28  13     2850     2389     3311 22.8 19.1 26.5      946      753     1139 34.0 27.1 40.9      633      479      787 30.8 23.3 38.3  44172  38767  49577                                        Calhoun County                                MS est22all.txt 03DEC2023
28  15     1850     1485     2215 20.3 16.3 24.3      399      273      525 24.3 16.7 31.9      297      200      394 23.6 15.9 31.3  49397  43129  55665                                        Carroll County                                MS est22all.txt 03DEC2023
28  17     3633     2903     4363 22.3 17.8 26.8     1303      980     1626 32.0 24.1 39.9      951      714     1188 31.8 23.9 39.7  43776  39378  48174                                        Chickasaw County                              MS est22all.txt 03DEC2023
28  19     1519     1146     1892 19.3 14.6 24.0      474      326      622 28.8 19.8 37.8      339      231      447 27.1 18.5 35.7  49225  43792  54658                                        Choctaw County                                MS est22all.txt 03DEC2023
28  21     2568     1948     3188 33.2 25.2 41.2      802      551     1053 43.1 29.6 56.6      601      413      789 45.1 31.0 59.2  35591  31137  40045                                        Claiborne County                              MS est22all.txt 03DEC2023
28  23     3366     2715     4017 22.3 18.0 26.6      997      690     1304 30.3 21.0 39.6      760      530      990 32.3 22.5 42.1  46524  40896  52152                                        Clarke County                                 MS est22all.txt 03DEC2023
28  25     3958     3058     4858 21.9 16.9 26.9     1375      966     1784 33.8 23.8 43.8      997      691     1303 33.8 23.5 44.1  43451  38305  48597                                        Clay County                                   MS est22all.txt 03DEC2023
28  27     7043     5839     8247 35.9 29.8 42.0     2708     2121     3295 50.4 39.5 61.3     1983     1542     2424 50.7 39.4 62.0  36071  33044  39098                                        Coahoma County                                MS est22all.txt 03DEC2023
28  29     6845     5613     8077 25.6 21.0 30.2     2490     2009     2971 41.7 33.6 49.8     1754     1372     2136 39.9 31.2 48.6  43308  38520  48096                                        Copiah County                                 MS est22all.txt 03DEC2023
28  31     3774     2938     4610 21.3 16.6 26.0     1350      938     1762 30.8 21.4 40.2      982      665     1299 30.7 20.8 40.6  46630  41126  52134                                        Covington County                              MS est22all.txt 03DEC2023
28  33    18722    15814    21630  9.8  8.3 11.3     5913     4509     7317 12.7  9.7 15.7     4164     3126     5202 11.6  8.7 14.5  79967  76271  83663                                        DeSoto County                                 MS est22all.txt 03DEC2023
28  35    16194    13674    18714 22.4 18.9 25.9     4880     3800     5960 28.4 22.1 34.7     3327     2458     4196 26.8 19.8 33.8  51344  47851  54837                                        Forrest County                                MS est22all.txt 03DEC2023
28  37     1514     1152     1876 20.0 15.2 24.8      467      324      610 26.9 18.6 35.2      347      241      453 27.0 18.7 35.3  47165  41619  52711                                        Franklin County                               MS est22all.txt 03DEC2023
28  39     3815     2935     4695 15.4 11.8 19.0     1346      938     1754 20.5 14.3 26.7      990      695     1285 20.4 14.3 26.5  61956  56562  67350                                        George County                                 MS est22all.txt 03DEC2023
28  41     2454     1871     3037 22.7 17.3 28.1      655      460      850 26.7 18.7 34.7      478      336      620 26.7 18.7 34.7  52585  47646  57524                                        Greene County                                 MS est22all.txt 03DEC2023
28  43     4133     3194     5072 20.0 15.5 24.5     1342      912     1772 27.1 18.4 35.8     1010      692     1328 26.8 18.4 35.2  46718  41399  52037                                        Grenada County                                MS est22all.txt 03DEC2023
28  45     6839     5316     8362 15.0 11.7 18.3     1909     1327     2491 22.5 15.6 29.4     1351      929     1773 21.6 14.9 28.3  59874  54605  65143                                        Hancock County                                MS est22all.txt 03DEC2023
28  47    39771    35499    44043 19.3 17.2 21.4    11950     9747    14153 24.8 20.2 29.4     8751     7092    10410 24.5 19.9 29.1  55916  52474  59358                                        Harrison County                               MS est22all.txt 03DEC2023
28  49    47221    41565    52877 22.6 19.9 25.3    15088    12060    18116 30.6 24.5 36.7    11619     9330    13908 32.0 25.7 38.3  47479  43912  51046                                        Hinds County                                  MS est22all.txt 03DEC2023
28  51     5242     4153     6331 34.5 27.3 41.7     1727     1189     2265 44.4 30.6 58.2     1318      915     1721 45.7 31.7 59.7  31972  28312  35632                                        Holmes County                                 MS est22all.txt 03DEC2023
28  53     2339     1754     2924 32.3 24.2 40.4      889      603     1175 49.8 33.8 65.8      676      460      892 49.2 33.5 64.9  33148  28993  37303                                        Humphreys County                              MS est22all.txt 03DEC2023
28  55      329      240      418 42.3 30.9 53.7       55       36       62 88.7 57.3  100       16        0       32 41.0  1.5 80.5  36922  32145  41699                                        Issaquena County                              MS est22all.txt 03DEC2023
28  57     2985     2271     3699 13.3 10.1 16.5      847      576     1118 17.3 11.8 22.8      586      391      781 16.1 10.7 21.5  56484  49966  63002                                        Itawamba County                               MS est22all.txt 03DEC2023
28  59    22460    19387    25533 15.7 13.6 17.8     6920     5370     8470 21.6 16.8 26.4     4799     3586     6012 19.8 14.8 24.8  61515  56856  66174                                        Jackson County                                MS est22all.txt 03DEC2023
28  61     3240     2499     3981 20.3 15.7 24.9     1069      720     1418 29.5 19.9 39.1      826      559     1093 30.4 20.6 40.2  44810  39465  50155                                        Jasper County                                 MS est22all.txt 03DEC2023
28  63     2298     1829     2767 34.1 27.1 41.1      750      560      940 48.9 36.5 61.3      546      402      690 47.2 34.7 59.7  33852  29634  38070                                        Jefferson County                              MS est22all.txt 03DEC2023
28  65     3432     2794     4070 31.3 25.5 37.1     1156      916     1396 53.3 42.2 64.4      858      675     1041 53.7 42.3 65.1  36642  32116  41168                                        Jefferson Davis County                        MS est22all.txt 03DEC2023
28  67    11855     9316    14394 18.3 14.4 22.2     4070     2864     5276 25.5 18.0 33.0     2983     2108     3858 25.3 17.9 32.7  58000  55592  60408                                        Jones County                                  MS est22all.txt 03DEC2023
28  69     2163     1669     2657 27.7 21.4 34.0      651      471      831 43.5 31.5 55.5      474      338      610 42.4 30.2 54.6  39856  35105  44607                                        Kemper County                                 MS est22all.txt 03DEC2023
28  71     9234     7731    10737 17.8 14.9 20.7     1809     1365     2253 17.8 13.4 22.2     1288      946     1630 17.0 12.5 21.5  61736  55728  67744                                        Lafayette County                              MS est22all.txt 03DEC2023
28  73     9837     8421    11253 15.1 12.9 17.3     3015     2377     3653 19.5 15.4 23.6     2092     1607     2577 17.9 13.7 22.1  62326  57631  67021                                        Lamar County                                  MS est22all.txt 03DEC2023
28  75    16097    13436    18758 23.7 19.8 27.6     5646     4425     6867 34.8 27.3 42.3     4394     3527     5261 36.6 29.4 43.8  49351  44695  54007                                        Lauderdale County                             MS est22all.txt 03DEC2023
28  77     2410     1865     2955 20.7 16.0 25.4      847      613     1081 30.7 22.2 39.2      602      425      779 28.8 20.3 37.3  46407  40637  52177                                        Lawrence County                               MS est22all.txt 03DEC2023
28  79     4456     3405     5507 21.5 16.4 26.6     1522     1066     1978 32.3 22.6 42.0     1132      793     1471 34.3 24.0 44.6  46429  41133  51725                                        Leake County                                  MS est22all.txt 03DEC2023
28  81    11046     8905    13187 13.5 10.9 16.1     3598     2446     4750 17.8 12.1 23.5     2709     1861     3557 18.0 12.4 23.6  58266  52972  63560                                        Lee County                                    MS est22all.txt 03DEC2023
28  83     8835     7187    10483 34.4 28.0 40.8     3357     2549     4165 46.2 35.1 57.3     2545     1919     3171 47.2 35.6 58.8  35520  31329  39711                                        Leflore County                                MS est22all.txt 03DEC2023
28  85     7059     5822     8296 20.6 17.0 24.2     2147     1642     2652 27.6 21.1 34.1     1416     1019     1813 24.4 17.6 31.2  48596  43339  53853                                        Lincoln County                                MS est22all.txt 03DEC2023
28  87    10777     8630    12924 19.3 15.4 23.2     3753     2733     4773 28.1 20.5 35.7     2604     1841     3367 26.7 18.9 34.5  49344  44867  53821                                        Lowndes County                                MS est22all.txt 03DEC2023
28  89    11823     9389    14257 10.9  8.7 13.1     3649     2599     4699 13.9  9.9 17.9     2572     1772     3372 13.0  8.9 17.1  80641  73489  87793                                        Madison County                                MS est22all.txt 03DEC2023
28  91     4994     3869     6119 21.4 16.6 26.2     1817     1365     2269 33.5 25.1 41.9     1403     1073     1733 34.3 26.2 42.4  44129  39564  48694                                        Marion County                                 MS est22all.txt 03DEC2023
28  93     6219     4832     7606 19.4 15.1 23.7     1966     1365     2567 28.3 19.7 36.9     1472     1023     1921 29.3 20.4 38.2  52162  47429  56895                                        Marshall County                               MS est22all.txt 03DEC2023
28  95     5045     3930     6160 15.3 11.9 18.7     1538     1020     2056 20.7 13.7 27.7     1128      741     1515 20.7 13.6 27.8  51754  48255  55253                                        Monroe County                                 MS est22all.txt 03DEC2023
28  97     2285     1797     2773 24.2 19.0 29.4      708      490      926 33.3 23.0 43.6      529      367      691 34.4 23.9 44.9  42195  36752  47638                                        Montgomery County                             MS est22all.txt 03DEC2023
28  99     6533     5359     7707 23.3 19.1 27.5     2523     1935     3111 32.3 24.8 39.8     1839     1400     2278 32.2 24.5 39.9  50331  47085  53577                                        Neshoba County                                MS est22all.txt 03DEC2023
28 101     3922     3100     4744 19.5 15.4 23.6     1300      907     1693 25.8 18.0 33.6      954      675     1233 26.0 18.4 33.6  47320  41831  52809                                        Newton County                                 MS est22all.txt 03DEC2023
28 103     2751     2095     3407 28.0 21.3 34.7     1015      714     1316 40.5 28.5 52.5      725      497      953 41.0 28.1 53.9  36608  32099  41117                                        Noxubee County                                MS est22all.txt 03DEC2023
28 105    10762     8899    12625 23.6 19.5 27.7     2188     1573     2803 25.2 18.1 32.3     1525     1061     1989 24.5 17.1 31.9  47284  41745  52823                                        Oktibbeha County                              MS est22all.txt 03DEC2023
28 107     7896     6414     9378 24.5 19.9 29.1     2593     1896     3290 33.3 24.4 42.2     2015     1506     2524 36.0 26.9 45.1  40595  36482  44708                                        Panola County                                 MS est22all.txt 03DEC2023
28 109     9833     7903    11763 17.6 14.2 21.0     2936     2053     3819 23.2 16.2 30.2     2221     1569     2873 23.3 16.5 30.1  55830  51135  60525                                        Pearl River County                            MS est22all.txt 03DEC2023
28 111     2133     1643     2623 18.9 14.6 23.2      671      461      881 27.3 18.8 35.8      497      342      652 26.9 18.5 35.3  45071  40244  49898                                        Perry County                                  MS est22all.txt 03DEC2023
28 113     9923     8028    11818 25.7 20.8 30.6     3577     2716     4438 36.3 27.6 45.0     2720     2093     3347 37.0 28.5 45.5  40945  36841  45049                                        Pike County                                   MS est22all.txt 03DEC2023
28 115     5466     4602     6330 17.6 14.8 20.4     1832     1424     2240 23.0 17.9 28.1     1315     1010     1620 22.3 17.1 27.5  51086  45077  57095                                        Pontotoc County                               MS est22all.txt 03DEC2023
28 117     3951     3034     4868 16.8 12.9 20.7     1222      849     1595 22.9 15.9 29.9      889      619     1159 22.6 15.7 29.5  49217  44354  54080                                        Prentiss County                               MS est22all.txt 03DEC2023
28 119     1749     1337     2161 31.4 24.0 38.8      612      424      800 47.4 32.8 62.0      449      309      589 48.3 33.2 63.4  40255  37250  43260                                        Quitman County                                MS est22all.txt 03DEC2023
28 121    15716    12701    18731 10.3  8.3 12.3     4683     3513     5853 13.6 10.2 17.0     3394     2529     4259 13.1  9.8 16.4  72906  68627  77185                                        Rankin County                                 MS est22all.txt 03DEC2023
28 123     6264     5066     7462 22.8 18.4 27.2     2313     1689     2937 30.8 22.5 39.1     1653     1182     2124 31.4 22.4 40.4  45764  40296  51232                                        Scott County                                  MS est22all.txt 03DEC2023
28 125     1203      928     1478 35.1 27.1 43.1      450      318      582 54.3 38.4 70.2      325      222      428 55.2 37.7 72.7  36375  31857  40893                                        Sharkey County                                MS est22all.txt 03DEC2023
28 127     4117     3038     5196 16.4 12.1 20.7     1510      999     2021 26.7 17.7 35.7     1127      751     1503 27.1 18.1 36.1  50994  47164  54824                                        Simpson County                                MS est22all.txt 03DEC2023
28 129     2411     1846     2976 17.3 13.2 21.4      819      567     1071 26.0 18.0 34.0      612      424      800 27.0 18.7 35.3  51746  45324  58168                                        Smith County                                  MS est22all.txt 03DEC2023
28 131     3164     2490     3838 18.2 14.3 22.1      966      687     1245 24.8 17.6 32.0      681      478      884 23.7 16.6 30.8  54283  48097  60469                                        Stone County                                  MS est22all.txt 03DEC2023
28 133     6688     5171     8205 32.3 25.0 39.6     2187     1565     2809 42.1 30.1 54.1     1620     1152     2088 42.2 30.0 54.4  38423  34103  42743                                        Sunflower County                              MS est22all.txt 03DEC2023
28 135     3214     2470     3958 31.1 23.9 38.3      956      664     1248 40.5 28.1 52.9      736      515      957 43.2 30.2 56.2  39009  34194  43824                                        Tallahatchie County                           MS est22all.txt 03DEC2023
28 137     5004     4127     5881 18.5 15.3 21.7     1635     1270     2000 26.7 20.7 32.7     1134      871     1397 25.3 19.4 31.2  58623  51399  65847                                        Tate County                                   MS est22all.txt 03DEC2023
28 139     3335     2527     4143 16.0 12.1 19.9     1077      763     1391 22.0 15.6 28.4      774      547     1001 20.9 14.8 27.0  52635  47913  57357                                        Tippah County                                 MS est22all.txt 03DEC2023
28 141     2724     2143     3305 14.9 11.7 18.1      765      528     1002 19.7 13.6 25.8      572      397      747 19.4 13.5 25.3  51652  45629  57675                                        Tishomingo County                             MS est22all.txt 03DEC2023
28 143     2610     2015     3205 27.9 21.5 34.3     1087      770     1404 42.2 29.9 54.5      831      597     1065 45.8 32.9 58.7  37694  33444  41944                                        Tunica County                                 MS est22all.txt 03DEC2023
28 145     3852     2997     4707 13.8 10.7 16.9     1309      942     1676 19.1 13.7 24.5      926      644     1208 18.0 12.5 23.5  56050  49645  62455                                        Union County                                  MS est22all.txt 03DEC2023
28 147     2614     1926     3302 19.2 14.1 24.3      927      609     1245 30.5 20.0 41.0      698      462      934 30.8 20.4 41.2  40828  35760  45896                                        Walthall County                               MS est22all.txt 03DEC2023
28 149     8250     6537     9963 19.6 15.5 23.7     2953     2051     3855 30.3 21.0 39.6     2199     1529     2869 30.5 21.2 39.8  52117  46908  57326                                        Warren County                                 MS est22all.txt 03DEC2023
28 151    11375     9056    13694 27.3 21.7 32.9     4203     2936     5470 39.6 27.7 51.5     3278     2333     4223 41.7 29.7 53.7  39690  36096  43284                                        Washington County                             MS est22all.txt 03DEC2023
28 153     5115     4137     6093 26.1 21.1 31.1     1894     1437     2351 39.7 30.1 49.3     1316      975     1657 37.5 27.8 47.2  43562  38219  48905                                        Wayne County                                  MS est22all.txt 03DEC2023
28 155     1887     1505     2269 19.2 15.3 23.1      633      474      792 27.1 20.3 33.9      454      332      576 26.6 19.5 33.7  51249  44856  57642                                        Webster County                                MS est22all.txt 03DEC2023
28 157     2238     1680     2796 31.3 23.5 39.1      638      434      842 39.5 26.9 52.1      481      326      636 39.5 26.8 52.2  36798  32168  41428                                        Wilkinson County                              MS est22all.txt 03DEC2023
28 159     3734     2914     4554 21.9 17.1 26.7     1176      807     1545 30.9 21.2 40.6      891      611     1171 31.7 21.8 41.6  50082  45708  54456                                        Winston County                                MS est22all.txt 03DEC2023
28 161     2176     1607     2745 18.1 13.4 22.8      801      542     1060 30.5 20.7 40.3      575      384      766 30.6 20.4 40.8  45658  39965  51351                                        Yalobusha County                              MS est22all.txt 03DEC2023
28 163     7948     6546     9350 37.1 30.6 43.6     2706     2167     3245 49.4 39.6 59.2     2047     1660     2434 51.0 41.4 60.6  39620  34778  44462                                        Yazoo County                                  MS est22all.txt 03DEC2023
29   0   787164   771104   803224 13.1 12.8 13.4   224201   214465   233937 16.8 16.1 17.5   152728   144070   161386 15.5 14.6 16.4  64783  64059  65507   64095   59587   68603 18.8 17.5 20.1 Missouri                                      MO est22all.txt 03DEC2023
29   1     6334     5608     7060 28.2 25.0 31.4     1040      795     1285 24.0 18.3 29.7      648      473      823 21.5 15.7 27.3  46433  41232  51634                                        Adair County                                  MO est22all.txt 03DEC2023
29   3     1418     1033     1803  8.0  5.8 10.2      407      270      544 10.2  6.8 13.6      289      188      390  9.6  6.2 13.0  72630  65374  79886                                        Andrew County                                 MO est22all.txt 03DEC2023
29   5      629      480      778 12.4  9.5 15.3      174      119      229 17.0 11.7 22.3      122       82      162 15.3 10.3 20.3  57883  51762  64004                                        Atchison County                               MO est22all.txt 03DEC2023
29   7     4127     3342     4912 17.7 14.3 21.1     1389     1038     1740 25.9 19.4 32.4      916      661     1171 24.2 17.5 30.9  56305  49980  62630                                        Audrain County                                MO est22all.txt 03DEC2023
29   9     5728     4522     6934 16.6 13.1 20.1     1808     1283     2333 23.6 16.8 30.4     1331      939     1723 23.3 16.4 30.2  49968  45132  54804                                        Barry County                                  MO est22all.txt 03DEC2023
29  11     1762     1332     2192 15.2 11.5 18.9      560      378      742 21.0 14.2 27.8      348      221      475 17.7 11.3 24.1  49857  43928  55786                                        Barton County                                 MO est22all.txt 03DEC2023
29  13     2605     2115     3095 16.5 13.4 19.6      749      558      940 20.5 15.3 25.7      526      383      669 19.5 14.2 24.8  57291  50800  63782                                        Bates County                                  MO est22all.txt 03DEC2023
29  15     2937     2175     3699 14.7 10.9 18.5      857      576     1138 25.1 16.9 33.3      611      402      820 23.6 15.5 31.7  51473  45925  57021                                        Benton County                                 MO est22all.txt 03DEC2023
29  17     1228      861     1595 11.9  8.4 15.4      516      350      682 23.4 15.9 30.9      366      243      489 23.2 15.4 31.0  53932  47772  60092                                        Bollinger County                              MO est22all.txt 03DEC2023
29  19    29565    27183    31947 16.7 15.4 18.0     4631     3574     5688 12.7  9.8 15.6     3311     2572     4050 12.5  9.7 15.3  63981  59859  68103                                        Boone County                                  MO est22all.txt 03DEC2023
29  21    13932    11975    15889 17.6 15.1 20.1     3845     2912     4778 21.4 16.2 26.6     2585     1885     3285 20.0 14.6 25.4  56751  52341  61161                                        Buchanan County                               MO est22all.txt 03DEC2023
29  23     8078     6446     9710 19.6 15.6 23.6     2533     1801     3265 26.5 18.8 34.2     1713     1154     2272 24.6 16.6 32.6  44853  39944  49762                                        Butler County                                 MO est22all.txt 03DEC2023
29  25     1088      835     1341 12.5  9.6 15.4      372      257      487 18.2 12.6 23.8      264      180      348 17.1 11.7 22.5  56660  51909  61411                                        Caldwell County                               MO est22all.txt 03DEC2023
29  27     4379     3418     5340 10.6  8.3 12.9     1308      928     1688 14.9 10.6 19.2      940      675     1205 14.7 10.6 18.8  72398  68152  76644                                        Callaway County                               MO est22all.txt 03DEC2023
29  29     5405     4330     6480 12.5 10.0 15.0     1406      997     1815 19.9 14.1 25.7      979      682     1276 18.6 13.0 24.2  63703  58208  69198                                        Camden County                                 MO est22all.txt 03DEC2023
29  31    11048     9187    12909 14.0 11.6 16.4     2797     2081     3513 16.4 12.2 20.6     1884     1387     2381 15.0 11.0 19.0  64118  58088  70148                                        Cape Girardeau County                         MO est22all.txt 03DEC2023
29  33     1185      893     1477 14.3 10.8 17.8      355      242      468 19.8 13.5 26.1      235      155      315 17.2 11.3 23.1  56818  51138  62498                                        Carroll County                                MO est22all.txt 03DEC2023
29  35     1017      757     1277 19.5 14.5 24.5      389      262      516 31.5 21.2 41.8      277      180      374 31.1 20.2 42.0  42907  37481  48333                                        Carter County                                 MO est22all.txt 03DEC2023
29  37     8972     7286    10658  8.2  6.7  9.7     2596     1962     3230 10.4  7.9 12.9     1541     1035     2047  8.1  5.4 10.8  77805  73597  82013                                        Cass County                                   MO est22all.txt 03DEC2023
29  39     2351     1793     2909 16.4 12.5 20.3      825      557     1093 24.1 16.3 31.9      578      381      775 23.3 15.4 31.2  45952  40810  51094                                        Cedar County                                  MO est22all.txt 03DEC2023
29  41      934      712     1156 13.1 10.0 16.2      269      185      353 16.2 11.1 21.3      187      125      249 15.0 10.0 20.0  56633  51930  61336                                        Chariton County                               MO est22all.txt 03DEC2023
29  43     7730     6105     9355  8.4  6.6 10.2     2239     1536     2942  9.8  6.7 12.9     1588     1080     2096  9.2  6.3 12.1  73616  68208  79024                                        Christian County                              MO est22all.txt 03DEC2023
29  45      858      631     1085 13.0  9.6 16.4      293      197      389 19.2 12.9 25.5      214      141      287 18.9 12.5 25.3  63249  58969  67529                                        Clark County                                  MO est22all.txt 03DEC2023
29  47    19491    16415    22567  7.7  6.5  8.9     5186     3654     6718  8.8  6.2 11.4     3397     2354     4440  7.8  5.4 10.2  78930  73922  83938                                        Clay County                                   MO est22all.txt 03DEC2023
29  49     2655     2187     3123 12.7 10.5 14.9      692      518      866 14.6 10.9 18.3      450      322      578 12.6  9.0 16.2  68337  60261  76413                                        Clinton County                                MO est22all.txt 03DEC2023
29  51     7108     5576     8640  9.8  7.7 11.9     2200     1630     2770 13.4  9.9 16.9     1590     1184     1996 13.0  9.7 16.3  70837  64208  77466                                        Cole County                                   MO est22all.txt 03DEC2023
29  53     1773     1338     2208 11.1  8.4 13.8      545      369      721 15.1 10.2 20.0      393      262      524 15.0 10.0 20.0  63247  58399  68095                                        Cooper County                                 MO est22all.txt 03DEC2023
29  55     3406     2620     4192 15.3 11.8 18.8      995      666     1324 20.6 13.8 27.4      726      479      973 19.9 13.1 26.7  52536  47859  57213                                        Crawford County                               MO est22all.txt 03DEC2023
29  57     1373     1123     1623 18.4 15.1 21.7      354      256      452 22.9 16.6 29.2      256      184      328 21.5 15.5 27.5  49386  43380  55392                                        Dade County                                   MO est22all.txt 03DEC2023
29  59     2755     2043     3467 15.9 11.8 20.0      926      621     1231 22.4 15.0 29.8      650      429      871 21.8 14.4 29.2  49830  44356  55304                                        Dallas County                                 MO est22all.txt 03DEC2023
29  61     1266      987     1545 15.3 11.9 18.7      468      331      605 22.8 16.1 29.5      327      230      424 22.0 15.5 28.5  53639  48524  58754                                        Daviess County                                MO est22all.txt 03DEC2023
29  63     1169      858     1480 12.7  9.3 16.1      266      178      354 12.5  8.3 16.7      186      122      250 11.5  7.6 15.4  66880  61605  72155                                        DeKalb County                                 MO est22all.txt 03DEC2023
29  65     2550     2004     3096 17.9 14.1 21.7      756      529      983 24.2 16.9 31.5      556      385      727 23.9 16.6 31.2  52945  48514  57376                                        Dent County                                   MO est22all.txt 03DEC2023
29  67     2188     1676     2700 18.5 14.2 22.8      669      451      887 25.1 16.9 33.3      478      316      640 24.2 16.0 32.4  43694  38378  49010                                        Douglas County                                MO est22all.txt 03DEC2023
29  69     6882     5808     7956 25.9 21.9 29.9     2394     1833     2955 34.6 26.5 42.7     1659     1227     2091 32.7 24.2 41.2  39688  35549  43827                                        Dunklin County                                MO est22all.txt 03DEC2023
29  71     9199     7377    11021  8.8  7.1 10.5     2330     1617     3043 10.2  7.1 13.3     1718     1169     2267 10.1  6.9 13.3  65779  60277  71281                                        Franklin County                               MO est22all.txt 03DEC2023
29  73     2031     1638     2424 14.0 11.3 16.7      560      421      699 18.9 14.2 23.6      348      246      450 15.9 11.2 20.6  59287  52797  65777                                        Gasconade County                              MO est22all.txt 03DEC2023
29  75      908      718     1098 14.8 11.7 17.9      284      196      372 17.6 12.2 23.0      198      134      262 16.3 11.0 21.6  52653  46320  58986                                        Gentry County                                 MO est22all.txt 03DEC2023
29  77    44048    39635    48461 15.0 13.5 16.5    10365     8415    12315 17.1 13.9 20.3     6698     5157     8239 15.1 11.6 18.6  55751  52878  58624                                        Greene County                                 MO est22all.txt 03DEC2023
29  79     1710     1354     2066 18.0 14.3 21.7      533      356      710 22.2 14.8 29.6      357      234      480 20.7 13.6 27.8  48457  43135  53779                                        Grundy County                                 MO est22all.txt 03DEC2023
29  81     1321     1020     1622 16.4 12.7 20.1      462      318      606 23.3 16.0 30.6      303      203      403 20.0 13.4 26.6  51910  48375  55445                                        Harrison County                               MO est22all.txt 03DEC2023
29  83     3098     2414     3782 14.0 10.9 17.1      957      642     1272 19.7 13.2 26.2      691      461      921 19.7 13.1 26.3  54177  50227  58127                                        Henry County                                  MO est22all.txt 03DEC2023
29  85     1747     1401     2093 20.8 16.7 24.9      472      319      625 32.1 21.7 42.5      339      225      453 31.8 21.1 42.5  43468  38244  48692                                        Hickory County                                MO est22all.txt 03DEC2023
29  87      496      358      634 11.9  8.6 15.2      148       96      200 16.9 11.0 22.8      105       67      143 16.2 10.4 22.0  51295  46207  56383                                        Holt County                                   MO est22all.txt 03DEC2023
29  89     1460     1186     1734 15.6 12.7 18.5      353      246      460 16.6 11.6 21.6      232      154      310 14.6  9.7 19.5  53862  47713  60011                                        Howard County                                 MO est22all.txt 03DEC2023
29  91     7640     6155     9125 19.2 15.5 22.9     2388     1667     3109 25.1 17.5 32.7     1716     1190     2242 24.1 16.7 31.5  44858  39440  50276                                        Howell County                                 MO est22all.txt 03DEC2023
29  93     1748     1360     2136 19.2 14.9 23.5      501      336      666 26.1 17.5 34.7      367      245      489 25.5 17.0 34.0  44329  39582  49076                                        Iron County                                   MO est22all.txt 03DEC2023
29  95   105642    96410   114874 15.0 13.7 16.3    31620    26887    36353 19.8 16.8 22.8    22089    18398    25780 18.9 15.7 22.1  62509  60848  64170                                        Jackson County                                MO est22all.txt 03DEC2023
29  97    21971    19518    24424 18.1 16.1 20.1     7262     6067     8457 24.8 20.7 28.9     5050     4161     5939 23.5 19.4 27.6  53548  51846  55250                                        Jasper County                                 MO est22all.txt 03DEC2023
29  99    20356    17144    23568  9.0  7.6 10.4     5150     3732     6568 10.3  7.5 13.1     3584     2578     4590  9.6  6.9 12.3  78297  74662  81932                                        Jefferson County                              MO est22all.txt 03DEC2023
29 101     6941     5890     7992 13.6 11.5 15.7     1423      970     1876 12.2  8.3 16.1      989      663     1315 11.9  8.0 15.8  60086  56214  63958                                        Johnson County                                MO est22all.txt 03DEC2023
29 103      577      431      723 15.6 11.7 19.5      235      155      315 26.6 17.5 35.7      166      107      225 26.8 17.3 36.3  49552  43846  55258                                        Knox County                                   MO est22all.txt 03DEC2023
29 105     5375     4105     6645 15.0 11.4 18.6     1754     1218     2290 20.1 14.0 26.2     1218      836     1600 19.1 13.1 25.1  53224  47746  58702                                        Laclede County                                MO est22all.txt 03DEC2023
29 107     3568     2842     4294 11.0  8.8 13.2     1009      692     1326 13.8  9.5 18.1      674      447      901 12.5  8.3 16.7  70457  65165  75749                                        Lafayette County                              MO est22all.txt 03DEC2023
29 109     5072     3976     6168 13.3 10.4 16.2     1697     1134     2260 17.7 11.8 23.6     1123      718     1528 16.0 10.2 21.8  58031  53219  62843                                        Lawrence County                               MO est22all.txt 03DEC2023
29 111     1204      896     1512 13.6 10.1 17.1      399      267      531 19.4 13.0 25.8      278      182      374 18.0 11.8 24.2  57053  51674  62432                                        Lewis County                                  MO est22all.txt 03DEC2023
29 113     6143     5036     7250  9.9  8.1 11.7     1674     1180     2168 10.9  7.7 14.1      997      629     1365  9.0  5.7 12.3  77913  71165  84661                                        Lincoln County                                MO est22all.txt 03DEC2023
29 115     1564     1165     1963 13.5 10.1 16.9      522      350      694 19.2 12.9 25.5      382      253      511 18.9 12.5 25.3  52831  48562  57100                                        Linn County                                   MO est22all.txt 03DEC2023
29 117     1896     1484     2308 14.5 11.3 17.7      513      342      684 16.7 11.2 22.2      365      241      489 16.1 10.6 21.6  56654  52708  60600                                        Livingston County                             MO est22all.txt 03DEC2023
29 119     3689     2784     4594 15.8 11.9 19.7     1303      853     1753 22.7 14.9 30.5      941      610     1272 22.6 14.7 30.5  50100  45662  54538                                        McDonald County                               MO est22all.txt 03DEC2023
29 121     2074     1604     2544 14.0 10.8 17.2      642      448      836 18.8 13.1 24.5      445      306      584 17.3 11.9 22.7  52847  48406  57288                                        Macon County                                  MO est22all.txt 03DEC2023
29 123     2228     1737     2719 18.1 14.1 22.1      715      529      901 26.4 19.5 33.3      498      364      632 25.1 18.4 31.8  47068  41505  52631                                        Madison County                                MO est22all.txt 03DEC2023
29 125     1290     1042     1538 15.5 12.5 18.5      344      244      444 20.3 14.4 26.2      236      161      311 18.8 12.8 24.8  54815  48159  61471                                        Maries County                                 MO est22all.txt 03DEC2023
29 127     3378     2616     4140 12.4  9.6 15.2     1012      686     1338 15.8 10.7 20.9      680      446      914 14.3  9.4 19.2  57635  51962  63308                                        Marion County                                 MO est22all.txt 03DEC2023
29 129      509      390      628 15.1 11.6 18.6      156      108      204 19.3 13.4 25.2      110       75      145 18.6 12.6 24.6  49715  44554  54876                                        Mercer County                                 MO est22all.txt 03DEC2023
29 131     3142     2306     3978 12.6  9.2 16.0     1040      693     1387 17.7 11.8 23.6      721      472      970 16.7 10.9 22.5  61711  57433  65989                                        Miller County                                 MO est22all.txt 03DEC2023
29 133     2710     2133     3287 24.8 19.5 30.1      915      678     1152 35.2 26.1 44.3      649      467      831 34.4 24.8 44.0  42364  37383  47345                                        Mississippi County                            MO est22all.txt 03DEC2023
29 135     1655     1256     2054 11.4  8.6 14.2      573      389      757 15.3 10.4 20.2      380      249      511 13.6  8.9 18.3  64519  58303  70735                                        Moniteau County                               MO est22all.txt 03DEC2023
29 137     1162      885     1439 13.7 10.4 17.0      341      237      445 18.7 13.0 24.4      241      166      316 18.0 12.4 23.6  50276  45366  55186                                        Monroe County                                 MO est22all.txt 03DEC2023
29 139     1660     1343     1977 14.9 12.1 17.7      457      313      601 18.9 12.9 24.9      311      205      417 17.8 11.8 23.8  56538  50313  62763                                        Montgomery County                             MO est22all.txt 03DEC2023
29 141     4121     3419     4823 19.3 16.0 22.6     1227      910     1544 25.3 18.8 31.8      835      596     1074 23.7 16.9 30.5  51700  46304  57096                                        Morgan County                                 MO est22all.txt 03DEC2023
29 143     2653     1967     3339 17.3 12.8 21.8      905      582     1228 24.8 16.0 33.6      655      419      891 24.1 15.4 32.8  48162  42463  53861                                        New Madrid County                             MO est22all.txt 03DEC2023
29 145     8726     7182    10270 14.8 12.2 17.4     2701     2057     3345 19.6 14.9 24.3     1951     1489     2413 19.0 14.5 23.5  57423  52046  62800                                        Newton County                                 MO est22all.txt 03DEC2023
29 147     3332     2828     3836 17.4 14.8 20.0      506      377      635 15.4 11.5 19.3      335      239      431 14.3 10.2 18.4  57507  51979  63035                                        Nodaway County                                MO est22all.txt 03DEC2023
29 149     1786     1371     2201 20.8 16.0 25.6      617      434      800 31.3 22.0 40.6      443      309      577 30.7 21.4 40.0  45273  41625  48921                                        Oregon County                                 MO est22all.txt 03DEC2023
29 151     1088      835     1341  8.3  6.4 10.2      259      169      349  8.7  5.7 11.7      187      121      253  8.3  5.4 11.2  69094  61287  76901                                        Osage County                                  MO est22all.txt 03DEC2023
29 153     1869     1453     2285 21.1 16.4 25.8      527      358      696 31.4 21.3 41.5      377      252      502 28.8 19.2 38.4  44242  39223  49261                                        Ozark County                                  MO est22all.txt 03DEC2023
29 155     4356     3510     5202 30.0 24.2 35.8     1532     1068     1996 40.4 28.1 52.7     1056      722     1390 38.8 26.5 51.1  38456  33850  43062                                        Pemiscot County                               MO est22all.txt 03DEC2023
29 157     2138     1713     2563 11.5  9.2 13.8      579      416      742 14.1 10.1 18.1      407      287      527 13.4  9.5 17.3  63127  56977  69277                                        Perry County                                  MO est22all.txt 03DEC2023
29 159     5526     4312     6740 13.1 10.2 16.0     1932     1346     2518 18.4 12.8 24.0     1300      874     1726 17.2 11.6 22.8  58827  54005  63649                                        Pettis County                                 MO est22all.txt 03DEC2023
29 161     6676     5235     8117 15.7 12.3 19.1     1683     1163     2203 18.3 12.6 24.0     1128      760     1496 16.2 10.9 21.5  54740  49546  59934                                        Phelps County                                 MO est22all.txt 03DEC2023
29 163     2438     1811     3065 15.0 11.1 18.9      785      536     1034 20.1 13.7 26.5      556      372      740 19.3 12.9 25.7  59081  52561  65601                                        Pike County                                   MO est22all.txt 03DEC2023
29 165     9020     7768    10272  8.3  7.2  9.4     2238     1747     2729  9.0  7.0 11.0     1513     1171     1855  8.1  6.3  9.9  93925  87484 100366                                        Platte County                                 MO est22all.txt 03DEC2023
29 167     5592     4664     6520 17.7 14.8 20.6     1624     1232     2016 22.3 16.9 27.7     1103      808     1398 21.0 15.4 26.6  53693  49688  57698                                        Polk County                                   MO est22all.txt 03DEC2023
29 169     5331     4000     6662 12.3  9.2 15.4     1599     1080     2118 14.0  9.5 18.5     1084      719     1449 13.6  9.0 18.2  61718  55964  67472                                        Pulaski County                                MO est22all.txt 03DEC2023
29 171      752      581      923 16.4 12.7 20.1      230      161      299 21.9 15.3 28.5      153      102      204 20.1 13.4 26.8  49532  43594  55470                                        Putnam County                                 MO est22all.txt 03DEC2023
29 173      967      720     1214  9.4  7.0 11.8      273      184      362 13.1  8.9 17.3      185      123      247 11.7  7.8 15.6  65016  57570  72462                                        Ralls County                                  MO est22all.txt 03DEC2023
29 175     3777     3044     4510 16.8 13.5 20.1     1094      802     1386 20.9 15.3 26.5      727      507      947 19.2 13.4 25.0  48762  44076  53448                                        Randolph County                               MO est22all.txt 03DEC2023
29 177     2876     2425     3327 12.6 10.6 14.6      851      670     1032 16.7 13.1 20.3      553      416      690 14.6 11.0 18.2  70506  63792  77220                                        Ray County                                    MO est22all.txt 03DEC2023
29 179     1268     1012     1524 21.8 17.4 26.2      322      223      421 29.8 20.7 38.9      227      156      298 28.5 19.6 37.4  44409  39202  49616                                        Reynolds County                               MO est22all.txt 03DEC2023
29 181     2361     1844     2878 22.2 17.3 27.1      802      563     1041 32.3 22.6 42.0      581      402      760 32.2 22.3 42.1  41587  36690  46484                                        Ripley County                                 MO est22all.txt 03DEC2023
29 183    21209    17542    24876  5.2  4.3  6.1     5350     3918     6782  5.9  4.3  7.5     3323     2345     4301  4.8  3.4  6.2  98925  96561 101289                                        St. Charles County                            MO est22all.txt 03DEC2023
29 185     1855     1467     2243 19.8 15.7 23.9      567      395      739 28.9 20.1 37.7      380      254      506 25.9 17.3 34.5  45174  39705  50643                                        St. Clair County                              MO est22all.txt 03DEC2023
29 186     1801     1380     2222 10.1  7.7 12.5      505      342      668 13.1  8.9 17.3      349      232      466 12.4  8.2 16.6  63786  56404  71168                                        Ste. Genevieve County                         MO est22all.txt 03DEC2023
29 187    11489     9809    13169 18.9 16.1 21.7     3090     2343     3837 22.7 17.2 28.2     2108     1551     2665 20.9 15.4 26.4  48574  44933  52215                                        St. Francois County                           MO est22all.txt 03DEC2023
29 189   101623    92548   110698 10.5  9.6 11.4    30200    25717    34683 14.3 12.2 16.4    19937    16100    23774 12.7 10.3 15.1  79609  76949  82269                                        St. Louis County                              MO est22all.txt 03DEC2023
29 195     3188     2514     3862 15.3 12.1 18.5      903      642     1164 19.2 13.6 24.8      592      384      800 17.1 11.1 23.1  54623  48210  61036                                        Saline County                                 MO est22all.txt 03DEC2023
29 197      599      457      741 15.2 11.6 18.8      238      155      321 23.3 15.2 31.4      166      106      226 22.8 14.5 31.1  49508  43403  55613                                        Schuyler County                               MO est22all.txt 03DEC2023
29 199      527      376      678 11.6  8.3 14.9      213      137      289 16.3 10.5 22.1      152       97      207 16.1 10.3 21.9  54961  49003  60919                                        Scotland County                               MO est22all.txt 03DEC2023
29 201     6247     5082     7412 16.8 13.7 19.9     2066     1486     2646 23.3 16.7 29.9     1406      970     1842 22.0 15.2 28.8  57678  54672  60684                                        Scott County                                  MO est22all.txt 03DEC2023
29 203     1523     1130     1916 21.4 15.9 26.9      562      379      745 35.9 24.2 47.6      404      268      540 34.6 23.0 46.2  39671  35093  44249                                        Shannon County                                MO est22all.txt 03DEC2023
29 205      875      659     1091 15.2 11.4 19.0      288      200      376 20.8 14.4 27.2      205      140      270 19.9 13.5 26.3  54264  47691  60837                                        Shelby County                                 MO est22all.txt 03DEC2023
29 207     4201     3348     5054 15.1 12.0 18.2     1176      785     1567 19.6 13.1 26.1      768      487     1049 17.6 11.1 24.1  53391  49089  57693                                        Stoddard County                               MO est22all.txt 03DEC2023
29 209     4113     3201     5025 12.9 10.0 15.8     1025      670     1380 20.0 13.1 26.9      739      471     1007 19.3 12.3 26.3  56418  50510  62326                                        Stone County                                  MO est22all.txt 03DEC2023
29 211      891      672     1110 15.6 11.8 19.4      252      168      336 19.6 13.1 26.1      173      113      233 18.4 12.0 24.8  52384  47675  57093                                        Sullivan County                               MO est22all.txt 03DEC2023
29 213     7332     5849     8815 13.5 10.8 16.2     2143     1497     2789 18.9 13.2 24.6     1471     1004     1938 17.5 11.9 23.1  53009  48213  57805                                        Taney County                                  MO est22all.txt 03DEC2023
29 215     4533     3712     5354 19.3 15.8 22.8     1344      982     1706 25.3 18.5 32.1      928      635     1221 23.6 16.2 31.0  46622  42148  51096                                        Texas County                                  MO est22all.txt 03DEC2023
29 217     3336     2652     4020 17.6 14.0 21.2     1027      729     1325 22.9 16.3 29.5      697      478      916 21.4 14.7 28.1  51900  47474  56326                                        Vernon County                                 MO est22all.txt 03DEC2023
29 219     3063     2336     3790  8.3  6.3 10.3      950      636     1264 11.3  7.6 15.0      654      431      877 10.5  6.9 14.1  74355  66869  81841                                        Warren County                                 MO est22all.txt 03DEC2023
29 221     4376     3426     5326 19.6 15.3 23.9     1311      925     1697 25.5 18.0 33.0      886      594     1178 23.4 15.7 31.1  47636  42868  52404                                        Washington County                             MO est22all.txt 03DEC2023
29 223     2693     2178     3208 25.4 20.5 30.3      774      560      988 36.4 26.4 46.4      574      414      734 35.8 25.8 45.8  41724  36816  46632                                        Wayne County                                  MO est22all.txt 03DEC2023
29 225     6229     4992     7466 15.7 12.6 18.8     2569     1855     3283 23.5 17.0 30.0     1827     1304     2350 22.8 16.3 29.3  59784  53675  65893                                        Webster County                                MO est22all.txt 03DEC2023
29 227      315      248      382 16.4 12.9 19.9       79       54      104 21.9 14.9 28.9       54       36       72 21.6 14.4 28.8  48397  42258  54536                                        Worth County                                  MO est22all.txt 03DEC2023
29 229     4317     3526     5108 22.9 18.7 27.1     1552     1174     1930 31.6 23.9 39.3     1032      746     1318 28.5 20.6 36.4  45017  39640  50394                                        Wright County                                 MO est22all.txt 03DEC2023
29 510    59041    50873    67209 21.3 18.4 24.2    16815    13017    20613 33.3 25.8 40.8    11227     8203    14251 32.8 24.0 41.6  52278  49754  54802                                        St. Louis city                                MO est22all.txt 03DEC2023
30   0   130117   124419   135815 11.8 11.3 12.3    31626    29021    34231 13.8 12.7 14.9    21947    19590    24304 12.9 11.5 14.3  67915  66496  69334    8166    7119    9213 14.4 12.6 16.2 Montana                                       MT est22all.txt 03DEC2023
30   1     1091      796     1386 11.7  8.5 14.9      253      163      343 16.2 10.4 22.0      178      111      245 15.4  9.6 21.2  57497  53213  61781                                        Beaverhead County                             MT est22all.txt 03DEC2023
30   3     2877     2142     3612 22.8 17.0 28.6     1068      672     1464 26.1 16.4 35.8      779      482     1076 25.1 15.5 34.7  49113  43626  54600                                        Big Horn County                               MT est22all.txt 03DEC2023
30   5     1185      853     1517 17.3 12.5 22.1      443      285      601 22.4 14.5 30.3      307      193      421 20.9 13.1 28.7  53577  48445  58709                                        Blaine County                                 MT est22all.txt 03DEC2023
30   7      662      501      823  8.6  6.5 10.7      152       99      205 10.0  6.5 13.5      108       69      147  9.8  6.3 13.3  67927  59984  75870                                        Broadwater County                             MT est22all.txt 03DEC2023
30   9     1018      746     1290  9.2  6.7 11.7      219      137      301 11.4  7.1 15.7      154       94      214 10.5  6.4 14.6  67062  59440  74684                                        Carbon County                                 MT est22all.txt 03DEC2023
30  11      179      132      226 13.2  9.7 16.7       41       26       56 14.4  9.2 19.6       30       19       41 15.4  9.6 21.2  50597  45786  55408                                        Carter County                                 MT est22all.txt 03DEC2023
30  13    11401     9536    13266 13.8 11.5 16.1     3107     2342     3872 16.9 12.7 21.1     2174     1604     2744 16.2 12.0 20.4  59184  54371  63997                                        Cascade County                                MT est22all.txt 03DEC2023
30  15      930      705     1155 15.9 12.1 19.7      293      204      382 24.1 16.8 31.4      207      141      273 22.1 15.1 29.1  51137  45599  56675                                        Chouteau County                               MT est22all.txt 03DEC2023
30  17     1249      902     1596 10.8  7.8 13.8      335      213      457 14.8  9.4 20.2      234      145      323 13.9  8.6 19.2  64743  58801  70685                                        Custer County                                 MT est22all.txt 03DEC2023
30  19      159      115      203  9.9  7.2 12.6       37       24       50 10.9  7.0 14.8       26       16       36  9.8  6.1 13.5  57141  49919  64363                                        Daniels County                                MT est22all.txt 03DEC2023
30  21      995      721     1269 11.9  8.6 15.2      273      176      370 14.5  9.3 19.7      189      118      260 13.4  8.4 18.4  60763  53278  68248                                        Dawson County                                 MT est22all.txt 03DEC2023
30  23     1282      988     1576 14.0 10.8 17.2      208      132      284 18.0 11.4 24.6      150       93      207 18.6 11.5 25.7  52848  46757  58939                                        Deer Lodge County                             MT est22all.txt 03DEC2023
30  25      299      221      377 10.0  7.4 12.6       92       59      125 11.9  7.6 16.2       65       40       90 10.4  6.5 14.3  65637  57439  73835                                        Fallon County                                 MT est22all.txt 03DEC2023
30  27     1396     1053     1739 12.3  9.3 15.3      354      244      464 15.0 10.3 19.7      256      175      337 14.9 10.2 19.6  60466  53924  67008                                        Fergus County                                 MT est22all.txt 03DEC2023
30  29    11987     9994    13980 10.8  9.0 12.6     2760     1923     3597 11.6  8.1 15.1     1914     1288     2540 10.8  7.3 14.3  66395  63006  69784                                        Flathead County                               MT est22all.txt 03DEC2023
30  31    11442     9939    12945  9.5  8.3 10.7     1509     1056     1962  6.6  4.6  8.6     1040      728     1352  6.0  4.2  7.8  83520  78776  88264                                        Gallatin County                               MT est22all.txt 03DEC2023
30  33      176      129      223 14.7 10.8 18.6       54       35       73 19.7 12.7 26.7       37       23       51 18.7 11.7 25.7  50762  44648  56876                                        Garfield County                               MT est22all.txt 03DEC2023
30  35     3474     2820     4128 25.8 20.9 30.7     1046      708     1384 26.2 17.7 34.7      756      513      999 26.1 17.7 34.5  46270  40676  51864                                        Glacier County                                MT est22all.txt 03DEC2023
30  37      160      121      199 19.6 14.9 24.3       37       23       51 29.4 18.5 40.3       27       17       37 32.9 20.1 45.7  45622  39860  51384                                        Golden Valley County                          MT est22all.txt 03DEC2023
30  39      381      275      487 11.0  8.0 14.0       75       48      102 15.6 10.0 21.2       53       33       73 14.4  9.0 19.8  58186  51878  64494                                        Granite County                                MT est22all.txt 03DEC2023
30  41     2873     2292     3454 18.4 14.7 22.1      970      713     1227 22.2 16.3 28.1      605      407      803 19.6 13.2 26.0  50518  45863  55173                                        Hill County                                   MT est22all.txt 03DEC2023
30  43     1007      756     1258  8.0  6.0 10.0      231      151      311  9.2  6.0 12.4      157       97      217  8.0  5.0 11.0  83697  73921  93473                                        Jefferson County                              MT est22all.txt 03DEC2023
30  45      250      177      323 11.9  8.4 15.4       73       47       99 17.9 11.4 24.4       51       31       71 17.0 10.5 23.5  60677  54479  66875                                        Judith Basin County                           MT est22all.txt 03DEC2023
30  47     5923     4991     6855 18.2 15.3 21.1     1690     1323     2057 24.2 19.0 29.4     1160      854     1466 21.9 16.1 27.7  57225  53133  61317                                        Lake County                                   MT est22all.txt 03DEC2023
30  49     6649     5221     8077  9.2  7.2 11.2     1505      975     2035  9.9  6.4 13.4      951      579     1323  8.4  5.1 11.7  72491  68990  75992                                        Lewis and Clark County                        MT est22all.txt 03DEC2023
30  51      343      257      429 18.0 13.5 22.5       97       63      131 24.7 15.9 33.5       68       43       93 26.5 16.7 36.3  53601  46936  60266                                        Liberty County                                MT est22all.txt 03DEC2023
30  53     3686     2927     4445 17.3 13.7 20.9      900      589     1211 24.3 15.9 32.7      653      420      886 23.5 15.1 31.9  48432  42532  54332                                        Lincoln County                                MT est22all.txt 03DEC2023
30  55      237      173      301 14.0 10.2 17.8       52       33       71 16.1 10.3 21.9       36       22       50 14.3  8.9 19.7  59086  52864  65308                                        McCone County                                 MT est22all.txt 03DEC2023
30  57      885      655     1115  9.6  7.1 12.1      182      119      245 12.9  8.4 17.4      126       80      172 12.3  7.8 16.8  72487  63805  81169                                        Madison County                                MT est22all.txt 03DEC2023
30  59      295      215      375 15.0 10.9 19.1       64       41       87 19.5 12.4 26.6       46       29       63 21.1 13.2 29.0  53724  47760  59688                                        Meagher County                                MT est22all.txt 03DEC2023
30  61      628      457      799 12.5  9.1 15.9      169      108      230 17.7 11.3 24.1      119       74      164 17.5 10.9 24.1  55979  49597  62361                                        Mineral County                                MT est22all.txt 03DEC2023
30  63    10920     8636    13204  9.2  7.3 11.1     2086     1309     2863  9.9  6.2 13.6     1538      965     2111  9.7  6.1 13.3  68210  63713  72707                                        Missoula County                               MT est22all.txt 03DEC2023
30  65      824      609     1039 16.0 11.8 20.2      234      148      320 23.0 14.6 31.4      171      106      236 23.2 14.3 32.1  55291  49355  61227                                        Musselshell County                            MT est22all.txt 03DEC2023
30  67     1812     1414     2210 10.3  8.0 12.6      339      227      451 11.6  7.8 15.4      224      141      307 10.6  6.7 14.5  68594  61560  75628                                        Park County                                   MT est22all.txt 03DEC2023
30  69       67       49       85 12.8  9.3 16.3       15       10       20 18.5 11.7 25.3       10        6       14 18.2 11.1 25.3  48991  42915  55067                                        Petroleum County                              MT est22all.txt 03DEC2023
30  71      630      457      803 15.1 10.9 19.3      199      127      271 20.1 12.9 27.3      142       88      196 19.1 11.9 26.3  56043  50397  61689                                        Phillips County                               MT est22all.txt 03DEC2023
30  73     1197      953     1441 20.2 16.1 24.3      381      288      474 28.2 21.3 35.1      264      196      332 27.0 20.0 34.0  51057  44985  57129                                        Pondera County                                MT est22all.txt 03DEC2023
30  75      198      144      252 11.7  8.5 14.9       47       30       64 16.3 10.5 22.1       33       20       46 16.9 10.4 23.4  54102  47341  60863                                        Powder River County                           MT est22all.txt 03DEC2023
30  77      844      600     1088 15.7 11.2 20.2      191      123      259 18.6 12.0 25.2      135       85      185 17.9 11.2 24.6  60350  54469  66231                                        Powell County                                 MT est22all.txt 03DEC2023
30  79      146      111      181 13.4 10.2 16.6       32       21       43 14.1  9.1 19.1       22       14       30 13.6  8.5 18.7  49838  43426  56250                                        Prairie County                                MT est22all.txt 03DEC2023
30  81     5325     4224     6426 11.3  9.0 13.6     1198      807     1589 13.9  9.4 18.4      844      537     1151 13.1  8.3 17.9  65789  60131  71447                                        Ravalli County                                MT est22all.txt 03DEC2023
30  83     1104      849     1359  9.9  7.6 12.2      311      208      414 11.1  7.4 14.8      222      148      296 10.9  7.3 14.5  72974  64079  81869                                        Richland County                               MT est22all.txt 03DEC2023
30  85     2430     1845     3015 23.6 17.9 29.3      973      637     1309 27.7 18.1 37.3      686      438      934 26.6 17.0 36.2  48712  42988  54436                                        Roosevelt County                              MT est22all.txt 03DEC2023
30  87     1424     1085     1763 17.8 13.6 22.0      581      406      756 24.7 17.2 32.2      423      292      554 24.0 16.6 31.4  64003  56197  71809                                        Rosebud County                                MT est22all.txt 03DEC2023
30  89     2298     1882     2714 17.3 14.2 20.4      540      393      687 24.8 18.1 31.5      325      210      440 20.1 13.0 27.2  47976  43337  52615                                        Sanders County                                MT est22all.txt 03DEC2023
30  91      446      330      562 12.7  9.4 16.0      125       80      170 17.3 11.1 23.5       85       53      117 16.2 10.1 22.3  62982  57332  68632                                        Sheridan County                               MT est22all.txt 03DEC2023
30  93     5658     4676     6640 16.0 13.2 18.8     1193      842     1544 16.9 11.9 21.9      791      526     1056 15.0 10.0 20.0  58898  53974  63822                                        Silver Bow County                             MT est22all.txt 03DEC2023
30  95      871      677     1065  9.6  7.5 11.7      177      117      237  9.6  6.3 12.9      125       81      169  8.7  5.7 11.7  81147  72971  89323                                        Stillwater County                             MT est22all.txt 03DEC2023
30  97      375      276      474 10.2  7.5 12.9       90       58      122 13.0  8.3 17.7       63       39       87 11.3  7.0 15.6  68006  59758  76254                                        Sweet Grass County                            MT est22all.txt 03DEC2023
30  99      821      625     1017 13.2 10.0 16.4      196      126      266 13.6  8.7 18.5      134       84      184 13.2  8.3 18.1  57054  50483  63625                                        Teton County                                  MT est22all.txt 03DEC2023
30 101      752      563      941 17.5 13.1 21.9      175      115      235 17.0 11.1 22.9      116       74      158 15.5  9.8 21.2  49850  43971  55729                                        Toole County                                  MT est22all.txt 03DEC2023
30 103       94       69      119 12.4  9.1 15.7       30       19       41 17.4 11.1 23.7       21       13       29 19.1 11.9 26.3  60454  53875  67033                                        Treasure County                               MT est22all.txt 03DEC2023
30 105      863      635     1091 11.7  8.6 14.8      231      149      313 14.4  9.3 19.5      166      104      228 13.9  8.7 19.1  79703  76958  82448                                        Valley County                                 MT est22all.txt 03DEC2023
30 107      387      288      486 19.6 14.6 24.6       97       62      132 20.9 13.3 28.5       67       41       93 20.0 12.1 27.9  44002  38988  49016                                        Wheatland County                              MT est22all.txt 03DEC2023
30 109      125       94      156 14.1 10.6 17.6       37       26       48 19.1 13.2 25.0       23       14       32 16.1 10.0 22.2  56317  49474  63160                                        Wibaux County                                 MT est22all.txt 03DEC2023
30 111    15385    12525    18245  9.3  7.6 11.0     3862     2666     5058 10.2  7.0 13.4     2661     1796     3526  9.4  6.3 12.5  78216  74902  81530                                        Yellowstone County                            MT est22all.txt 03DEC2023
31   0   213320   204870   221770 11.1 10.7 11.5    63073    58439    67707 13.5 12.5 14.5    43721    39616    47826 12.7 11.5 13.9  69828  68696  70960   17200   15152   19248 14.3 12.6 16.0 Nebraska                                      NE est22all.txt 03DEC2023
31   1     3279     2538     4020 10.9  8.4 13.4      939      649     1229 13.2  9.1 17.3      671      460      882 12.9  8.8 17.0  64212  59252  69172                                        Adams County                                  NE est22all.txt 03DEC2023
31   3      751      566      936 12.1  9.1 15.1      259      175      343 16.9 11.4 22.4      187      125      249 17.2 11.5 22.9  63250  55864  70636                                        Antelope County                               NE est22all.txt 03DEC2023
31   5       61       45       77 14.1 10.4 17.8       20       13       27 20.2 13.5 26.9       15       10       20 18.8 12.4 25.2  57018  50196  63840                                        Arthur County                                 NE est22all.txt 03DEC2023
31   7       77       57       97 11.7  8.7 14.7       25       17       33 17.4 11.8 23.0       19       13       25 16.4 11.0 21.8  66584  58309  74859                                        Banner County                                 NE est22all.txt 03DEC2023
31   9       80       60      100 17.7 13.2 22.2       28       19       37 30.4 20.3 40.5       20       13       27 29.4 19.5 39.3  54936  49247  60625                                        Blaine County                                 NE est22all.txt 03DEC2023
31  11      506      378      634  9.6  7.2 12.0      158      109      207 12.3  8.5 16.1      115       79      151 12.2  8.4 16.0  68533  64144  72922                                        Boone County                                  NE est22all.txt 03DEC2023
31  13     1212      904     1520 11.5  8.6 14.4      413      277      549 15.6 10.5 20.7      295      197      393 14.5  9.7 19.3  66762  59408  74116                                        Box Butte County                              NE est22all.txt 03DEC2023
31  15      246      184      308 14.4 10.8 18.0       68       46       90 21.9 14.7 29.1       50       33       67 21.1 14.0 28.2  54443  47748  61138                                        Boyd County                                   NE est22all.txt 03DEC2023
31  17      345      264      426 12.1  9.3 14.9       85       57      113 14.0  9.3 18.7       60       40       80 14.1  9.4 18.8  55394  48345  62443                                        Brown County                                  NE est22all.txt 03DEC2023
31  19     6265     5293     7237 13.0 11.0 15.0     1399     1047     1751 12.6  9.4 15.8      954      698     1210 11.9  8.7 15.1  67809  60919  74699                                        Buffalo County                                NE est22all.txt 03DEC2023
31  21      764      609      919 11.5  9.2 13.8      205      147      263 13.3  9.5 17.1      142       97      187 12.2  8.3 16.1  58125  51894  64356                                        Burt County                                   NE est22all.txt 03DEC2023
31  23      721      547      895  8.7  6.6 10.8      208      143      273 10.5  7.2 13.8      145       99      191  9.9  6.8 13.0  76417  70409  82425                                        Butler County                                 NE est22all.txt 03DEC2023
31  25     1600     1171     2029  6.0  4.4  7.6      482      323      641  7.9  5.3 10.5      333      223      443  7.1  4.8  9.4  93195  87120  99270                                        Cass County                                   NE est22all.txt 03DEC2023
31  27      674      493      855  8.2  6.0 10.4      213      140      286 10.0  6.6 13.4      160      105      215 10.2  6.7 13.7  69033  61713  76353                                        Cedar County                                  NE est22all.txt 03DEC2023
31  29      347      257      437  9.5  7.0 12.0      110       75      145 11.9  8.1 15.7       77       52      102 11.4  7.7 15.1  64985  57314  72656                                        Chase County                                  NE est22all.txt 03DEC2023
31  31      648      485      811 12.0  9.0 15.0      216      146      286 16.3 11.0 21.6      152      102      202 15.9 10.6 21.2  58017  52258  63776                                        Cherry County                                 NE est22all.txt 03DEC2023
31  33     1130      869     1391 12.0  9.2 14.8      342      232      452 16.1 10.9 21.3      241      162      320 15.1 10.1 20.1  56604  49967  63241                                        Cheyenne County                               NE est22all.txt 03DEC2023
31  35      591      443      739  9.9  7.4 12.4      174      118      230 11.8  8.0 15.6      128       86      170 11.7  7.9 15.5  64251  57875  70627                                        Clay County                                   NE est22all.txt 03DEC2023
31  37      953      706     1200  9.2  6.8 11.6      342      224      460 11.2  7.3 15.1      246      159      333 11.3  7.3 15.3  69549  61108  77990                                        Colfax County                                 NE est22all.txt 03DEC2023
31  39      835      631     1039  9.5  7.2 11.8      250      179      321 11.8  8.4 15.2      175      124      226 11.3  8.0 14.6  65809  59790  71828                                        Cuming County                                 NE est22all.txt 03DEC2023
31  41     1147      857     1437 11.1  8.3 13.9      359      248      470 14.6 10.1 19.1      251      169      333 13.5  9.1 17.9  60328  54205  66451                                        Custer County                                 NE est22all.txt 03DEC2023
31  43     2424     1856     2992 11.7  9.0 14.4      983      694     1272 16.4 11.6 21.2      698      493      903 16.2 11.4 21.0  65986  60850  71122                                        Dakota County                                 NE est22all.txt 03DEC2023
31  45     1213      893     1533 16.2 11.9 20.5      291      195      387 20.0 13.4 26.6      176      117      235 17.1 11.4 22.8  52621  46050  59192                                        Dawes County                                  NE est22all.txt 03DEC2023
31  47     2864     2282     3446 12.1  9.6 14.6     1006      730     1282 15.7 11.4 20.0      709      507      911 15.5 11.1 19.9  62089  55351  68827                                        Dawson County                                 NE est22all.txt 03DEC2023
31  49      232      173      291 12.2  9.1 15.3       82       56      108 21.0 14.2 27.8       61       41       81 20.0 13.5 26.5  56099  49671  62527                                        Deuel County                                  NE est22all.txt 03DEC2023
31  51      512      387      637  9.6  7.3 11.9      155      105      205 11.7  8.0 15.4      109       72      146 10.8  7.1 14.5  61144  54923  67365                                        Dixon County                                  NE est22all.txt 03DEC2023
31  53     3843     3029     4657 10.6  8.3 12.9     1147      790     1504 12.9  8.9 16.9      808      557     1059 12.3  8.5 16.1  68267  61941  74593                                        Dodge County                                  NE est22all.txt 03DEC2023
31  55    69886    64313    75459 12.2 11.2 13.2    21740    18926    24554 15.2 13.2 17.2    14369    12198    16540 13.8 11.7 15.9  74424  71990  76858                                        Douglas County                                NE est22all.txt 03DEC2023
31  57      205      150      260 13.1  9.6 16.6       66       45       87 22.0 14.9 29.1       49       33       65 21.9 14.7 29.1  58441  51497  65385                                        Dundy County                                  NE est22all.txt 03DEC2023
31  59      495      378      612  9.2  7.0 11.4      118       79      157 11.7  7.8 15.6       85       56      114 12.0  8.0 16.0  68532  61192  75872                                        Fillmore County                               NE est22all.txt 03DEC2023
31  61      363      274      452 12.8  9.7 15.9      105       72      138 17.4 11.9 22.9       77       52      102 17.7 11.9 23.5  59400  52054  66746                                        Franklin County                               NE est22all.txt 03DEC2023
31  63      383      303      463 15.3 12.1 18.5      103       74      132 19.7 14.1 25.3       71       49       93 18.4 12.6 24.2  58241  50977  65505                                        Frontier County                               NE est22all.txt 03DEC2023
31  65      617      480      754 13.6 10.6 16.6      205      150      260 21.2 15.5 26.9      144      103      185 21.0 15.0 27.0  54213  49292  59134                                        Furnas County                                 NE est22all.txt 03DEC2023
31  67     2171     1666     2676 10.2  7.8 12.6      596      405      787 12.7  8.6 16.8      422      284      560 11.7  7.9 15.5  64406  60409  68403                                        Gage County                                   NE est22all.txt 03DEC2023
31  69      303      229      377 16.8 12.7 20.9       90       62      118 26.0 17.8 34.2       68       46       90 26.8 18.3 35.3  51734  48544  54924                                        Garden County                                 NE est22all.txt 03DEC2023
31  71      210      156      264 12.2  9.1 15.3       52       35       69 16.2 10.9 21.5       38       25       51 18.0 11.9 24.1  51530  44956  58104                                        Garfield County                               NE est22all.txt 03DEC2023
31  73      169      127      211  9.5  7.1 11.9       65       44       86 17.0 11.5 22.5       49       33       65 16.7 11.2 22.2  67697  59201  76193                                        Gosper County                                 NE est22all.txt 03DEC2023
31  75       62       46       78 10.8  8.1 13.5       24       16       32 17.0 11.4 22.6       18       12       24 17.8 11.9 23.7  63469  55374  71564                                        Grant County                                  NE est22all.txt 03DEC2023
31  77      240      173      307 10.9  7.9 13.9       78       53      103 14.5  9.8 19.2       57       38       76 14.1  9.3 18.9  58561  51288  65834                                        Greeley County                                NE est22all.txt 03DEC2023
31  79     7017     5537     8497 11.5  9.1 13.9     2417     1692     3142 14.8 10.4 19.2     1709     1181     2237 14.3  9.9 18.7  66277  60821  71733                                        Hall County                                   NE est22all.txt 03DEC2023
31  81      738      563      913  7.9  6.0  9.8      217      152      282  9.7  6.8 12.6      160      111      209  9.6  6.7 12.5  75369  67479  83259                                        Hamilton County                               NE est22all.txt 03DEC2023
31  83      315      236      394 10.5  7.9 13.1       94       63      125 14.7  9.9 19.5       67       45       89 14.0  9.4 18.6  62104  54807  69401                                        Harlan County                                 NE est22all.txt 03DEC2023
31  85      136      102      170 16.1 12.1 20.1       52       36       68 25.2 17.2 33.2       39       26       52 26.7 18.0 35.4  60141  52618  67664                                        Hayes County                                  NE est22all.txt 03DEC2023
31  87      370      282      458 14.5 11.1 17.9      109       76      142 18.0 12.5 23.5       76       50      102 16.6 11.0 22.2  54488  47793  61183                                        Hitchcock County                              NE est22all.txt 03DEC2023
31  89     1273      963     1583 12.8  9.7 15.9      394      275      513 15.5 10.8 20.2      294      204      384 15.6 10.8 20.4  60502  55567  65437                                        Holt County                                   NE est22all.txt 03DEC2023
31  91       62       46       78  9.1  6.8 11.4       16       11       21 11.1  7.4 14.8       12        8       16 10.2  6.9 13.5  53537  46738  60336                                        Hooker County                                 NE est22all.txt 03DEC2023
31  93      536      376      696  8.4  5.9 10.9      168      112      224 11.0  7.3 14.7      129       86      172 11.3  7.6 15.0  69423  61678  77168                                        Howard County                                 NE est22all.txt 03DEC2023
31  95      743      544      942 10.6  7.8 13.4      238      159      317 14.9 10.0 19.8      169      112      226 14.4  9.6 19.2  59478  52589  66367                                        Jefferson County                              NE est22all.txt 03DEC2023
31  97      560      416      704 13.4  9.9 16.9      135       90      180 14.4  9.6 19.2      102       68      136 13.9  9.3 18.5  60549  53604  67494                                        Johnson County                                NE est22all.txt 03DEC2023
31  99      536      398      674  8.1  6.0 10.2      175      118      232 10.6  7.2 14.0      126       84      168 10.2  6.8 13.6  74686  65523  83849                                        Kearney County                                NE est22all.txt 03DEC2023
31 101      936      694     1178 11.4  8.5 14.3      308      209      407 18.8 12.8 24.8      214      144      284 17.4 11.7 23.1  60608  56023  65193                                        Keith County                                  NE est22all.txt 03DEC2023
31 103      164      123      205 20.9 15.7 26.1       49       33       65 33.6 22.7 44.5       35       23       47 30.7 20.4 41.0  51579  45205  57953                                        Keya Paha County                              NE est22all.txt 03DEC2023
31 105      414      312      516 12.8  9.6 16.0      111       75      147 17.4 11.8 23.0       78       52      104 16.5 11.1 21.9  55797  49013  62581                                        Kimball County                                NE est22all.txt 03DEC2023
31 107     1280     1023     1537 15.6 12.5 18.7      396      276      516 19.4 13.5 25.3      274      182      366 18.1 12.0 24.2  54880  49743  60017                                        Knox County                                   NE est22all.txt 03DEC2023
31 109    38884    34960    42808 12.5 11.2 13.8     9671     7892    11450 13.7 11.2 16.2     6990     5660     8320 13.3 10.8 15.8  68358  63510  73206                                        Lancaster County                              NE est22all.txt 03DEC2023
31 111     3923     3071     4775 11.9  9.3 14.5     1128      777     1479 15.0 10.3 19.7      785      528     1042 13.8  9.3 18.3  62442  55886  68998                                        Lincoln County                                NE est22all.txt 03DEC2023
31 113       72       54       90 10.7  8.0 13.4       21       14       28 14.2  9.7 18.7       15       10       20 12.9  8.6 17.2  68723  62534  74912                                        Logan County                                  NE est22all.txt 03DEC2023
31 115       98       74      122 16.4 12.3 20.5       32       22       42 29.4 20.0 38.8       23       15       31 27.7 18.6 36.8  60487  52668  68306                                        Loup County                                   NE est22all.txt 03DEC2023
31 117       56       42       70 15.1 11.3 18.9       17       11       23 25.4 16.8 34.0       13        8       18 23.2 15.2 31.2  52774  45935  59613                                        McPherson County                              NE est22all.txt 03DEC2023
31 119     4489     3822     5156 13.1 11.1 15.1     1196      908     1484 13.7 10.4 17.0      775      553      997 12.1  8.6 15.6  63482  58847  68117                                        Madison County                                NE est22all.txt 03DEC2023
31 121      697      510      884  9.2  6.7 11.7      204      138      270 12.2  8.2 16.2      149      100      198 12.0  8.1 15.9  68754  62238  75270                                        Merrick County                                NE est22all.txt 03DEC2023
31 123      619      459      779 14.0 10.4 17.6      198      134      262 19.5 13.1 25.9      143       96      190 19.0 12.7 25.3  58889  51539  66239                                        Morrill County                                NE est22all.txt 03DEC2023
31 125      371      281      461 11.4  8.6 14.2      113       79      147 14.7 10.3 19.1       79       54      104 13.5  9.2 17.8  62863  55965  69761                                        Nance County                                  NE est22all.txt 03DEC2023
31 127      911      714     1108 13.8 10.8 16.8      242      171      313 15.2 10.7 19.7      173      122      224 14.7 10.4 19.0  61933  54155  69711                                        Nemaha County                                 NE est22all.txt 03DEC2023
31 129      435      328      542 10.9  8.2 13.6      130       87      173 16.1 10.8 21.4       96       64      128 16.2 10.8 21.6  57278  51056  63500                                        Nuckolls County                               NE est22all.txt 03DEC2023
31 131     1576     1245     1907  9.9  7.8 12.0      417      287      547 10.9  7.5 14.3      285      192      378 10.1  6.8 13.4  70433  62808  78058                                        Otoe County                                   NE est22all.txt 03DEC2023
31 133      328      244      412 13.2  9.8 16.6      115       78      152 20.6 14.0 27.2       83       56      110 20.5 13.8 27.2  55584  48845  62323                                        Pawnee County                                 NE est22all.txt 03DEC2023
31 135      299      225      373 10.7  8.1 13.3       91       63      119 13.7  9.4 18.0       67       46       88 13.3  9.1 17.5  67296  59010  75582                                        Perkins County                                NE est22all.txt 03DEC2023
31 137      831      634     1028  9.5  7.3 11.7      238      162      314 11.1  7.5 14.7      174      117      231 11.2  7.5 14.9  66287  58117  74457                                        Phelps County                                 NE est22all.txt 03DEC2023
31 139      681      499      863  9.4  6.9 11.9      216      146      286 11.7  7.9 15.5      151      100      202 11.1  7.4 14.8  70906  63316  78496                                        Pierce County                                 NE est22all.txt 03DEC2023
31 141     3361     2755     3967  9.9  8.1 11.7     1009      775     1243 11.5  8.8 14.2      756      599      913 11.7  9.3 14.1  67132  59922  74342                                        Platte County                                 NE est22all.txt 03DEC2023
31 143      397      299      495  7.8  5.9  9.7      113       77      149  9.7  6.7 12.7       79       54      104  9.0  6.1 11.9  70813  62433  79193                                        Polk County                                   NE est22all.txt 03DEC2023
31 145     1199      938     1460 11.7  9.2 14.2      330      231      429 14.2  9.9 18.5      242      169      315 14.2  9.9 18.5  60108  55188  65028                                        Red Willow County                             NE est22all.txt 03DEC2023
31 147      960      734     1186 12.8  9.8 15.8      266      187      345 16.2 11.4 21.0      190      133      247 15.5 10.8 20.2  56121  49508  62734                                        Richardson County                             NE est22all.txt 03DEC2023
31 149      172      126      218 14.1 10.3 17.9       51       34       68 19.0 12.7 25.3       37       24       50 19.2 12.7 25.7  55648  48735  62561                                        Rock County                                   NE est22all.txt 03DEC2023
31 151     1237      934     1540  9.0  6.8 11.2      392      258      526 10.6  7.0 14.2      293      192      394 10.7  7.0 14.4  72948  68128  77768                                        Saline County                                 NE est22all.txt 03DEC2023
31 153    11259     9262    13256  5.8  4.8  6.8     3386     2523     4249  6.7  5.0  8.4     2320     1681     2959  6.1  4.4  7.8  98619  94634 102604                                        Sarpy County                                  NE est22all.txt 03DEC2023
31 155     1687     1295     2079  7.4  5.7  9.1      426      293      559  7.6  5.2 10.0      298      204      392  7.0  4.8  9.2  86179  76737  95621                                        Saunders County                               NE est22all.txt 03DEC2023
31 157     5280     4148     6412 15.3 12.0 18.6     1951     1450     2452 23.1 17.2 29.0     1429     1061     1797 22.7 16.8 28.6  56853  51989  61717                                        Scotts Bluff County                           NE est22all.txt 03DEC2023
31 159     1253      942     1564  7.6  5.7  9.5      299      203      395  7.3  4.9  9.7      213      144      282  6.9  4.7  9.1  77778  71353  84203                                        Seward County                                 NE est22all.txt 03DEC2023
31 161      709      524      894 14.6 10.8 18.4      252      170      334 23.7 16.0 31.4      184      124      244 23.6 15.8 31.4  55388  48683  62093                                        Sheridan County                               NE est22all.txt 03DEC2023
31 163      384      287      481 13.1  9.8 16.4      128       87      169 19.7 13.4 26.0       90       60      120 18.9 12.6 25.2  58456  52561  64351                                        Sherman County                                NE est22all.txt 03DEC2023
31 165      181      136      226 16.1 12.1 20.1       43       29       57 23.5 15.9 31.1       33       22       44 24.8 16.6 33.0  60806  53041  68571                                        Sioux County                                  NE est22all.txt 03DEC2023
31 167      461      348      574  8.2  6.2 10.2      136       93      179 10.1  6.9 13.3      100       68      132 10.2  7.0 13.4  75068  67101  83035                                        Stanton County                                NE est22all.txt 03DEC2023
31 169      547      423      671 11.4  8.8 14.0      151      107      195 14.1 10.0 18.2      106       73      139 12.6  8.6 16.6  61125  54326  67924                                        Thayer County                                 NE est22all.txt 03DEC2023
31 171       90       67      113 13.5 10.0 17.0       32       22       42 21.8 14.7 28.9       24       16       32 21.4 14.3 28.5  58818  51851  65785                                        Thomas County                                 NE est22all.txt 03DEC2023
31 173     1256      912     1600 19.7 14.3 25.1      652      429      875 28.7 18.9 38.5      477      312      642 28.3 18.5 38.1  57129  51988  62270                                        Thurston County                               NE est22all.txt 03DEC2023
31 175      516      390      642 12.8  9.7 15.9      160      110      210 17.4 12.0 22.8      116       79      153 16.9 11.5 22.3  55050  48693  61407                                        Valley County                                 NE est22all.txt 03DEC2023
31 177     1493     1170     1816  7.1  5.6  8.6      415      304      526  8.5  6.2 10.8      276      196      356  7.2  5.1  9.3  87368  77179  97557                                        Washington County                             NE est22all.txt 03DEC2023
31 179     1135      883     1387 13.3 10.3 16.3      208      143      273 11.0  7.6 14.4      145       98      192 10.3  7.0 13.6  65664  58406  72922                                        Wayne County                                  NE est22all.txt 03DEC2023
31 181      368      271      465 11.3  8.3 14.3      108       73      143 14.4  9.7 19.1       80       54      106 14.3  9.6 19.0  62679  57870  67488                                        Webster County                                NE est22all.txt 03DEC2023
31 183      115       84      146 14.7 10.8 18.6       43       29       57 24.0 16.1 31.9       30       20       40 24.4 16.1 32.7  55951  49151  62751                                        Wheeler County                                NE est22all.txt 03DEC2023
31 185     1488     1168     1808 11.0  8.6 13.4      408      293      523 12.9  9.3 16.5      274      191      357 11.6  8.1 15.1  68440  60781  76099                                        York County                                   NE est22all.txt 03DEC2023
32   0   394516   381007   408025 12.6 12.2 13.0   111697   105507   117887 16.5 15.6 17.4    78589    72979    84199 15.6 14.5 16.7  72348  71348  73348   30250   27485   33015 17.8 16.2 19.4 Nevada                                        NV est22all.txt 03DEC2023
32   1     2556     1934     3178 10.1  7.6 12.6      766      525     1007 13.4  9.2 17.6      544      366      722 13.1  8.8 17.4  70149  62229  78069                                        Churchill County                              NV est22all.txt 03DEC2023
32   3   304986   291433   318539 13.3 12.7 13.9    90607    84425    96789 17.9 16.7 19.1    63932    59110    68754 17.0 15.7 18.3  70838  69610  72066                                        Clark County                                  NV est22all.txt 03DEC2023
32   5     4170     3348     4992  8.4  6.7 10.1      814      567     1061 11.2  7.8 14.6      586      406      766 10.4  7.2 13.6  91960  84143  99777                                        Douglas County                                NV est22all.txt 03DEC2023
32   7     4760     3677     5843  8.9  6.9 10.9     1541     1058     2024 11.0  7.6 14.4     1051      700     1402 10.1  6.7 13.5  88757  82424  95090                                        Elko County                                   NV est22all.txt 03DEC2023
32   9      109       81      137 14.7 10.9 18.5       22       15       29 21.4 14.3 28.5       18       12       24 21.7 14.7 28.7  57501  50485  64517                                        Esmeralda County                              NV est22all.txt 03DEC2023
32  11      199      148      250 10.7  8.0 13.4       59       40       78 14.7 10.0 19.4       42       28       56 12.8  8.6 17.0  80291  70148  90434                                        Eureka County                                 NV est22all.txt 03DEC2023
32  13     1663     1233     2093  9.7  7.2 12.2      578      398      758 12.8  8.8 16.8      395      266      524 11.8  8.0 15.6  80255  73211  87299                                        Humboldt County                               NV est22all.txt 03DEC2023
32  15      602      445      759 10.5  7.8 13.2      206      141      271 13.7  9.3 18.1      151      102      200 13.3  8.9 17.7  90190  79172 101208                                        Lander County                                 NV est22all.txt 03DEC2023
32  17      530      391      669 12.4  9.1 15.7      163      111      215 18.0 12.3 23.7      114       77      151 18.9 12.7 25.1  63978  55852  72104                                        Lincoln County                                NV est22all.txt 03DEC2023
32  19     6757     5577     7937 11.0  9.1 12.9     1847     1378     2316 15.0 11.2 18.8     1323      970     1676 14.4 10.5 18.3  74741  67211  82271                                        Lyon County                                   NV est22all.txt 03DEC2023
32  21      727      553      901 16.3 12.4 20.2      201      141      261 23.8 16.7 30.9      135       93      177 21.7 14.9 28.5  55704  48653  62755                                        Mineral County                                NV est22all.txt 03DEC2023
32  23     7936     6446     9426 14.8 12.0 17.6     1991     1432     2550 22.5 16.2 28.8     1442     1024     1860 21.7 15.4 28.0  51933  47243  56623                                        Nye County                                    NV est22all.txt 03DEC2023
32  27      755      560      950 15.1 11.2 19.0      184      125      243 16.8 11.4 22.2      134       89      179 16.6 11.1 22.1  65315  56961  73669                                        Pershing County                               NV est22all.txt 03DEC2023
32  29      299      221      377  7.2  5.3  9.1       53       36       70 10.4  7.2 13.6       38       26       50  9.1  6.2 12.0  90171  81181  99161                                        Storey County                                 NV est22all.txt 03DEC2023
32  31    50322    45328    55316 10.3  9.3 11.3    10690     8429    12951 10.7  8.4 13.0     7342     5597     9087  9.9  7.5 12.3  80245  77755  82735                                        Washoe County                                 NV est22all.txt 03DEC2023
32  33      912      672     1152 11.3  8.3 14.3      259      176      342 14.8 10.1 19.5      179      119      239 13.8  9.2 18.4  67639  59358  75920                                        White Pine County                             NV est22all.txt 03DEC2023
32 510     7235     6072     8398 13.1 11.0 15.2     1716     1272     2160 15.1 11.2 19.0     1163      837     1489 13.8  9.9 17.7  62859  57362  68356                                        Carson City                                   NV est22all.txt 03DEC2023
33   0   100965    95746   106184  7.4  7.0  7.8    19231    16780    21682  7.7  6.7  8.7    12215    10085    14345  6.6  5.5  7.7  90750  88681  92819    5573    4500    6646  9.1  7.3 10.9 New Hampshire                                 NH est22all.txt 03DEC2023
33   1     5552     4437     6667  8.7  7.0 10.4     1139      757     1521 10.5  7.0 14.0      718      445      991  8.6  5.3 11.9  77531  71370  83692                                        Belknap County                                NH est22all.txt 03DEC2023
33   3     4843     3852     5834  9.4  7.5 11.3      884      578     1190 11.8  7.7 15.9      595      366      824 10.3  6.3 14.3  71981  66026  77936                                        Carroll County                                NH est22all.txt 03DEC2023
33   5     6432     5104     7760  8.7  6.9 10.5     1266      795     1737  9.4  5.9 12.9      805      455     1155  8.1  4.6 11.6  76227  69306  83148                                        Cheshire County                               NH est22all.txt 03DEC2023
33   7     3810     2967     4653 12.7  9.9 15.5      812      511     1113 16.4 10.3 22.5      520      304      736 14.2  8.3 20.1  52292  47903  56681                                        Coos County                                   NH est22all.txt 03DEC2023
33   9     8774     7301    10247 10.2  8.5 11.9     1420      953     1887 10.1  6.8 13.4      930      590     1270  8.8  5.6 12.0  81205  76444  85966                                        Grafton County                                NH est22all.txt 03DEC2023
33  11    27790    24001    31579  6.6  5.7  7.5     5801     4238     7364  7.1  5.2  9.0     3623     2414     4832  6.0  4.0  8.0  96415  93016  99814                                        Hillsborough County                           NH est22all.txt 03DEC2023
33  13    11090     8905    13275  7.4  5.9  8.9     2107     1385     2829  7.5  4.9 10.1     1388      851     1925  6.6  4.0  9.2  84898  79625  90171                                        Merrimack County                              NH est22all.txt 03DEC2023
33  15    17191    14337    20045  5.4  4.5  6.3     2789     1928     3650  4.8  3.3  6.3     1678     1041     2315  3.9  2.4  5.4 107445 102297 112593                                        Rockingham County                             NH est22all.txt 03DEC2023
33  17    11209     9320    13098  9.0  7.5 10.5     2031     1339     2723  8.9  5.9 11.9     1354      839     1869  8.0  4.9 11.1  82845  77624  88066                                        Strafford County                              NH est22all.txt 03DEC2023
33  19     4273     3305     5241  9.9  7.7 12.1      982      662     1302 13.1  8.8 17.4      604      372      836 10.7  6.6 14.8  74700  67515  81885                                        Sullivan County                               NH est22all.txt 03DEC2023
34   0   879100   855257   902943  9.7  9.4 10.0   249908   236158   263658 12.7 12.0 13.4   178573   166516   190630 12.2 11.4 13.0  96341  95260  97422   66224   59808   72640 13.1 11.8 14.4 New Jersey                                    NJ est22all.txt 03DEC2023
34   1    30748    25573    35923 11.4  9.5 13.3     8933     6744    11122 15.9 12.0 19.8     6514     4864     8164 15.5 11.6 19.4  76108  73030  79186                                        Atlantic County                               NJ est22all.txt 03DEC2023
34   3    66461    58911    74011  7.0  6.2  7.8    15849    13213    18485  8.1  6.7  9.5    10877     8980    12774  7.3  6.0  8.6 113885 110458 117312                                        Bergen County                                 NJ est22all.txt 03DEC2023
34   5    29915    25996    33834  6.6  5.7  7.5     7862     6437     9287  8.4  6.9  9.9     6158     5095     7221  8.7  7.2 10.2 100188  97392 102984                                        Burlington County                             NJ est22all.txt 03DEC2023
34   7    64621    57453    71789 12.4 11.0 13.8    20450    17170    23730 17.5 14.7 20.3    15433    12867    17999 18.0 15.0 21.0  81372  78815  83929                                        Camden County                                 NJ est22all.txt 03DEC2023
34   9     9063     7252    10874  9.6  7.7 11.5     2027     1397     2657 12.7  8.8 16.6     1458      983     1933 12.1  8.1 16.1  80845  75733  85957                                        Cape May County                               NJ est22all.txt 03DEC2023
34  11    22152    18218    26086 15.5 12.8 18.2     7175     5441     8909 20.2 15.3 25.1     5470     4237     6703 20.7 16.0 25.4  60892  57218  64566                                        Cumberland County                             NJ est22all.txt 03DEC2023
34  13   128727   117456   139998 15.6 14.2 17.0    39130    33752    44508 20.0 17.3 22.7    28245    24200    32290 19.6 16.8 22.4  74747  71967  77527                                        Essex County                                  NJ est22all.txt 03DEC2023
34  15    22578    18860    26296  7.6  6.4  8.8     4981     3648     6314  7.8  5.7  9.9     3729     2731     4727  7.7  5.6  9.8  97851  94371 101331                                        Gloucester County                             NJ est22all.txt 03DEC2023
34  17    98969    88735   109203 14.2 12.7 15.7    25023    20351    29695 18.2 14.8 21.6    17461    13966    20956 18.5 14.8 22.2  82361  79480  85242                                        Hudson County                                 NJ est22all.txt 03DEC2023
34  19     5227     4047     6407  4.1  3.2  5.0     1042      750     1334  4.3  3.1  5.5      736      522      950  4.0  2.8  5.2 137334 125317 149351                                        Hunterdon County                              NJ est22all.txt 03DEC2023
34  21    38810    33867    43753 10.6  9.2 12.0    10661     8456    12866 13.3 10.6 16.0     7546     5844     9248 12.6  9.8 15.4  94832  90726  98938                                        Mercer County                                 NJ est22all.txt 03DEC2023
34  23    69157    62292    76022  8.2  7.4  9.0    16469    13442    19496  9.1  7.4 10.8    11284     8948    13620  8.3  6.6 10.0 102073  99032 105114                                        Middlesex County                              NJ est22all.txt 03DEC2023
34  25    40420    34089    46751  6.3  5.3  7.3     8989     6686    11292  6.9  5.1  8.7     6520     4742     8298  6.6  4.8  8.4 117699 114246 121152                                        Monmouth County                               NJ est22all.txt 03DEC2023
34  27    22171    18340    26002  4.4  3.6  5.2     4564     3302     5826  4.4  3.2  5.6     3330     2377     4283  4.3  3.1  5.5 131562 126884 136240                                        Morris County                                 NJ est22all.txt 03DEC2023
34  29    72554    65207    79901 11.2 10.1 12.3    29092    25066    33118 18.3 15.8 20.8    20465    17637    23293 18.2 15.7 20.7  81152  78063  84241                                        Ocean County                                  NJ est22all.txt 03DEC2023
34  31    62652    54895    70409 12.4 10.9 13.9    20937    17334    24540 17.6 14.6 20.6    14630    12021    17239 16.8 13.8 19.8  78779  75233  82325                                        Passaic County                                NJ est22all.txt 03DEC2023
34  33     6898     5488     8308 10.7  8.5 12.9     2106     1514     2698 15.1 10.8 19.4     1445      991     1899 13.8  9.5 18.1  76005  69533  82477                                        Salem County                                  NJ est22all.txt 03DEC2023
34  35    17692    14396    20988  5.1  4.1  6.1     4132     3111     5153  5.8  4.4  7.2     2817     2071     3563  5.1  3.7  6.5 134735 129085 140385                                        Somerset County                               NJ est22all.txt 03DEC2023
34  37     8578     6798    10358  5.9  4.7  7.1     1912     1424     2400  6.9  5.1  8.7     1354     1001     1707  6.5  4.8  8.2 111308 105191 117425                                        Sussex County                                 NJ est22all.txt 03DEC2023
34  39    54080    46473    61687  9.6  8.3 10.9    16578    13650    19506 12.7 10.5 14.9    11659     9447    13871 12.1  9.8 14.4  96483  92414 100552                                        Union County                                  NJ est22all.txt 03DEC2023
34  41     7628     5899     9357  7.0  5.4  8.6     1998     1427     2569  9.6  6.9 12.3     1442     1013     1871  9.3  6.5 12.1  97729  93639 101819                                        Warren County                                 NJ est22all.txt 03DEC2023
35   0   358749   348094   369404 17.3 16.8 17.8   103193    97152   109234 22.9 21.6 24.2    77273    71708    82838 22.6 21.0 24.2  59842  58587  61097   24485   22057   26913 22.9 20.6 25.2 New Mexico                                    NM est22all.txt 03DEC2023
35   1    92866    85195   100537 14.0 12.8 15.2    22707    19022    26392 17.0 14.2 19.8    16717    13969    19465 16.5 13.8 19.2  65034  62616  67452                                        Bernalillo County                             NM est22all.txt 03DEC2023
35   3      753      550      956 19.8 14.5 25.1      152      101      203 35.7 23.8 47.6      115       76      154 33.8 22.4 45.2  44247  38646  49848                                        Catron County                                 NM est22all.txt 03DEC2023
35   5    12152     9887    14417 19.6 15.9 23.3     3568     2471     4665 22.9 15.9 29.9     2747     1927     3567 23.3 16.3 30.3  47855  42142  53568                                        Chaves County                                 NM est22all.txt 03DEC2023
35   6     7313     6044     8582 29.6 24.5 34.7     2383     1882     2884 38.4 30.3 46.5     1623     1206     2040 34.3 25.5 43.1  45674  40574  50774                                        Cibola County                                 NM est22all.txt 03DEC2023
35   7     2148     1635     2661 18.5 14.1 22.9      522      352      692 26.3 17.7 34.9      379      254      504 25.1 16.8 33.4  49966  44266  55666                                        Colfax County                                 NM est22all.txt 03DEC2023
35   9     8131     6393     9869 17.5 13.8 21.2     2724     1861     3587 22.2 15.2 29.2     1949     1317     2581 22.6 15.3 29.9  52463  46220  58706                                        Curry County                                  NM est22all.txt 03DEC2023
35  11      317      233      401 18.8 13.8 23.8      115       77      153 30.9 20.6 41.2       84       56      112 27.6 18.2 37.0  45208  39783  50633                                        DeBaca County                                 NM est22all.txt 03DEC2023
35  13    50613    45151    56075 23.2 20.7 25.7    16011    13482    18540 31.6 26.6 36.6    12222    10268    14176 31.7 26.6 36.8  52011  47985  56037                                        Dona Ana County                               NM est22all.txt 03DEC2023
35  15     7904     6074     9734 13.3 10.2 16.4     2517     1636     3398 16.2 10.5 21.9     1911     1259     2563 16.6 10.9 22.3  65063  57422  72704                                        Eddy County                                   NM est22all.txt 03DEC2023
35  17     5330     4169     6491 19.7 15.4 24.0     1361      927     1795 27.2 18.5 35.9      999      677     1321 26.1 17.7 34.5  47099  42446  51752                                        Grant County                                  NM est22all.txt 03DEC2023
35  19      883      656     1110 23.8 17.7 29.9      236      158      314 28.7 19.2 38.2      175      116      234 27.5 18.2 36.8  43862  38532  49192                                        Guadalupe County                              NM est22all.txt 03DEC2023
35  21      104       78      130 16.6 12.4 20.8       31       21       41 37.8 25.2 50.4       23       15       31 35.4 22.7 48.1  45217  39503  50931                                        Harding County                                NM est22all.txt 03DEC2023
35  23      988      749     1227 25.2 19.1 31.3      325      230      420 37.4 26.4 48.4      245      173      317 36.2 25.6 46.8  43610  38236  48984                                        Hidalgo County                                NM est22all.txt 03DEC2023
35  25    12954    10699    15209 18.5 15.3 21.7     4749     3639     5859 22.7 17.4 28.0     3518     2675     4361 22.7 17.3 28.1  59194  53168  65220                                        Lea County                                    NM est22all.txt 03DEC2023
35  27     3517     2740     4294 17.4 13.6 21.2      992      682     1302 27.8 19.1 36.5      662      430      894 24.8 16.1 33.5  54344  47585  61103                                        Lincoln County                                NM est22all.txt 03DEC2023
35  28      704      523      885  3.7  2.7  4.7      117       77      157  3.0  2.0  4.0       82       54      110  2.7  1.8  3.6 139217 124274 154160                                        Los Alamos County                             NM est22all.txt 03DEC2023
35  29     6570     5202     7938 26.4 20.9 31.9     2239     1599     2879 34.3 24.5 44.1     1683     1202     2164 35.6 25.4 45.8  38796  34016  43576                                        Luna County                                   NM est22all.txt 03DEC2023
35  31    22063    19381    24745 31.9 28.0 35.8     7929     6584     9274 42.2 35.0 49.4     6006     4966     7046 40.9 33.8 48.0  43720  40182  47258                                        McKinley County                               NM est22all.txt 03DEC2023
35  33      872      643     1101 21.0 15.5 26.5      205      136      274 30.6 20.3 40.9      150       99      201 29.9 19.8 40.0  45155  40023  50287                                        Mora County                                   NM est22all.txt 03DEC2023
35  35    12722    10452    14992 19.6 16.1 23.1     4299     3235     5363 29.3 22.0 36.6     3237     2424     4050 30.5 22.9 38.1  52787  48353  57221                                        Otero County                                  NM est22all.txt 03DEC2023
35  37     1996     1573     2419 23.6 18.6 28.6      532      350      714 30.6 20.1 41.1      392      256      528 30.6 20.0 41.2  39885  34875  44895                                        Quay County                                   NM est22all.txt 03DEC2023
35  39     7214     5566     8862 18.1 14.0 22.2     2031     1365     2697 23.0 15.5 30.5     1566     1069     2063 22.9 15.6 30.2  56353  52598  60108                                        Rio Arriba County                             NM est22all.txt 03DEC2023
35  41     3142     2298     3986 17.6 12.9 22.3     1035      686     1384 24.0 15.9 32.1      761      502     1020 23.8 15.7 31.9  47854  41916  53792                                        Roosevelt County                              NM est22all.txt 03DEC2023
35  43    15683    12966    18400 10.3  8.5 12.1     4207     3142     5272 12.9  9.6 16.2     3172     2370     3974 12.4  9.3 15.5  82862  78937  86787                                        Sandoval County                               NM est22all.txt 03DEC2023
35  45    26630    23164    30096 22.4 19.5 25.3     8515     6822    10208 28.8 23.1 34.5     6484     5183     7785 28.3 22.6 34.0  51898  47706  56090                                        San Juan County                               NM est22all.txt 03DEC2023
35  47     6061     4792     7330 23.4 18.5 28.3     1254      844     1664 29.5 19.9 39.1      956      646     1266 30.7 20.8 40.6  47675  43481  51869                                        San Miguel County                             NM est22all.txt 03DEC2023
35  49    18396    15299    21493 12.0 10.0 14.0     3990     2966     5014 16.1 12.0 20.2     3062     2294     3830 16.0 12.0 20.0  72836  68564  77108                                        Santa Fe County                               NM est22all.txt 03DEC2023
35  51     2516     1885     3147 22.4 16.8 28.0      585      394      776 31.8 21.4 42.2      418      275      561 30.0 19.7 40.3  40420  35421  45419                                        Sierra County                                 NM est22all.txt 03DEC2023
35  53     3749     2887     4611 24.6 18.9 30.3     1104      728     1480 32.8 21.6 44.0      824      543     1105 32.7 21.6 43.8  42280  37181  47379                                        Socorro County                                NM est22all.txt 03DEC2023
35  55     6319     4857     7781 18.4 14.1 22.7     1489     1055     1923 27.1 19.2 35.0     1095      773     1417 25.9 18.3 33.5  48462  42565  54359                                        Taos County                                   NM est22all.txt 03DEC2023
35  57     3071     2292     3850 20.3 15.1 25.5      924      612     1236 29.2 19.4 39.0      690      459      921 29.0 19.3 38.7  48322  42566  54078                                        Torrance County                               NM est22all.txt 03DEC2023
35  59      665      495      835 18.9 14.1 23.7      221      150      292 27.8 18.9 36.7      158      104      212 26.9 17.7 36.1  48545  43377  53713                                        Union County                                  NM est22all.txt 03DEC2023
35  61    14404    12050    16758 18.8 15.7 21.9     4121     3103     5139 23.6 17.8 29.4     3168     2445     3891 23.7 18.3 29.1  53275  47834  58716                                        Valencia County                               NM est22all.txt 03DEC2023
36   0  2720649  2677454  2763844 14.2 14.0 14.4   725064   701428   748700 18.6 18.0 19.2   520705   499053   542357 18.2 17.4 19.0  79463  78750  80176  188106  179257  196955 18.3 17.4 19.2 New York                                      NY est22all.txt 03DEC2023
36   1    41781    37631    45931 14.0 12.6 15.4     8319     6550    10088 15.2 12.0 18.4     5906     4563     7249 14.6 11.3 17.9  76997  73334  80660                                        Albany County                                 NY est22all.txt 03DEC2023
36   3     7659     6520     8798 18.5 15.8 21.2     1767     1308     2226 19.9 14.7 25.1     1294      940     1648 19.8 14.4 25.2  55466  51672  59260                                        Allegany County                               NY est22all.txt 03DEC2023
36   5   372320   354409   390231 27.6 26.3 28.9   115129   106766   123492 35.3 32.7 37.9    82281    75671    88891 34.6 31.8 37.4  45864  43739  47989                                        Bronx County                                  NY est22all.txt 03DEC2023
36   7    35947    32623    39271 19.5 17.7 21.3     9765     8460    11070 27.0 23.4 30.6     6683     5699     7667 24.8 21.1 28.5  60533  57530  63536                                        Broome County                                 NY est22all.txt 03DEC2023
36   9    12031    10484    13578 16.2 14.1 18.3     3214     2537     3891 20.0 15.8 24.2     2098     1577     2619 17.6 13.2 22.0  52383  48374  56392                                        Cattaraugus County                            NY est22all.txt 03DEC2023
36  11     9386     7925    10847 13.0 11.0 15.0     2487     1894     3080 17.9 13.6 22.2     1737     1289     2185 17.0 12.6 21.4  64129  61105  67153                                        Cayuga County                                 NY est22all.txt 03DEC2023
36  13    21515    18729    24301 17.6 15.3 19.9     6551     5424     7678 26.6 22.0 31.2     4457     3656     5258 24.4 20.0 28.8  55644  52473  58815                                        Chautauqua County                             NY est22all.txt 03DEC2023
36  15    12033    10461    13605 15.3 13.3 17.3     3505     2791     4219 21.1 16.8 25.4     2441     1884     2998 19.7 15.2 24.2  56664  53490  59838                                        Chemung County                                NY est22all.txt 03DEC2023
36  17     5452     4299     6605 11.9  9.4 14.4     1554     1084     2024 16.9 11.8 22.0     1147      797     1497 16.6 11.5 21.7  60755  56003  65507                                        Chenango County                               NY est22all.txt 03DEC2023
36  19    10047     8598    11496 13.6 11.6 15.6     1916     1392     2440 14.0 10.2 17.8     1410     1021     1799 13.8 10.0 17.6  65272  60265  70279                                        Clinton County                                NY est22all.txt 03DEC2023
36  21     6648     5489     7807 11.1  9.2 13.0     1404     1026     1782 15.3 11.2 19.4      981      702     1260 14.3 10.2 18.4  83533  78126  88940                                        Columbia County                               NY est22all.txt 03DEC2023
36  23     6401     5295     7507 15.1 12.5 17.7     1344      956     1732 16.2 11.5 20.9      917      623     1211 15.1 10.3 19.9  58274  53605  62943                                        Cortland County                               NY est22all.txt 03DEC2023
36  25     6229     5145     7313 14.6 12.1 17.1     1313      953     1673 19.2 13.9 24.5      988      725     1251 19.8 14.5 25.1  61424  57227  65621                                        Delaware County                               NY est22all.txt 03DEC2023
36  27    25435    21972    28898  9.0  7.8 10.2     4802     3500     6104  9.2  6.7 11.7     3212     2240     4184  8.2  5.7 10.7  90740  87060  94420                                        Dutchess County                               NY est22all.txt 03DEC2023
36  29   122456   112989   131923 13.2 12.2 14.2    30716    26085    35347 16.6 14.1 19.1    24012    20670    27354 17.5 15.1 19.9  69888  67960  71816                                        Erie County                                   NY est22all.txt 03DEC2023
36  31     4576     3819     5333 12.9 10.8 15.0      878      639     1117 16.2 11.8 20.6      592      407      777 15.0 10.3 19.7  62376  56662  68090                                        Essex County                                  NY est22all.txt 03DEC2023
36  33     6905     5911     7899 15.7 13.4 18.0     2059     1625     2493 22.5 17.7 27.3     1353     1003     1703 19.9 14.7 25.1  59192  54570  63814                                        Franklin County                               NY est22all.txt 03DEC2023
36  35     6454     5145     7763 12.5 10.0 15.0     1774     1211     2337 17.8 12.2 23.4     1259      838     1680 16.8 11.2 22.4  61512  57777  65247                                        Fulton County                                 NY est22all.txt 03DEC2023
36  37     5613     4585     6641 10.0  8.2 11.8     1377      959     1795 12.2  8.5 15.9      993      694     1292 11.9  8.3 15.5  68973  62756  75190                                        Genesee County                                NY est22all.txt 03DEC2023
36  39     5115     3937     6293 11.2  8.6 13.8     1160      788     1532 15.8 10.7 20.9      816      544     1088 15.6 10.4 20.8  71433  66046  76820                                        Greene County                                 NY est22all.txt 03DEC2023
36  41      546      435      657 10.7  8.5 12.9       93       67      119 15.0 10.8 19.2       63       45       81 12.7  9.1 16.3  62149  54659  69639                                        Hamilton County                               NY est22all.txt 03DEC2023
36  43     7195     5820     8570 12.3 10.0 14.6     1884     1327     2441 15.9 11.2 20.6     1253      820     1686 14.1  9.2 19.0  62197  58031  66363                                        Herkimer County                               NY est22all.txt 03DEC2023
36  45    15329    13055    17603 14.0 11.9 16.1     4606     3694     5518 17.2 13.8 20.6     2874     2189     3559 15.6 11.9 19.3  58763  53158  64368                                        Jefferson County                              NY est22all.txt 03DEC2023
36  47   508254   481592   534916 19.8 18.8 20.8   154478   142281   166675 27.5 25.3 29.7   112466   103104   121828 28.2 25.8 30.6  73244  71633  74855                                        Kings County                                  NY est22all.txt 03DEC2023
36  49     3627     2991     4263 13.7 11.3 16.1     1087      843     1331 18.7 14.5 22.9      739      555      923 17.2 12.9 21.5  64452  57881  71023                                        Lewis County                                  NY est22all.txt 03DEC2023
36  51     6013     4808     7218 10.5  8.4 12.6     1370      973     1767 13.0  9.2 16.8      944      661     1227 12.0  8.4 15.6  75077  70419  79735                                        Livingston County                             NY est22all.txt 03DEC2023
36  53     6748     5489     8007 10.8  8.8 12.8     1819     1386     2252 15.1 11.5 18.7     1249      927     1571 13.9 10.3 17.5  69851  66139  73563                                        Madison County                                NY est22all.txt 03DEC2023
36  55   100844    93094   108594 13.9 12.8 15.0    28228    24845    31611 19.0 16.7 21.3    20204    17505    22903 18.3 15.9 20.7  68169  65824  70514                                        Monroe County                                 NY est22all.txt 03DEC2023
36  57     6694     5372     8016 13.7 11.0 16.4     2207     1571     2843 19.8 14.1 25.5     1569     1101     2037 19.4 13.6 25.2  58176  53731  62621                                        Montgomery County                             NY est22all.txt 03DEC2023
36  59    75800    65657    85943  5.6  4.9  6.3    19010    14972    23048  6.6  5.2  8.0    14372    11412    17332  6.6  5.2  8.0 135528 132164 138892                                        Nassau County                                 NY est22all.txt 03DEC2023
36  61   266257   249860   282654 17.2 16.1 18.3    46325    40321    52329 21.1 18.4 23.8    36017    31465    40569 23.4 20.4 26.4  95514  91988  99040                                        New York County                               NY est22all.txt 03DEC2023
36  63    29821    26758    32884 14.4 12.9 15.9     8602     7358     9846 21.3 18.2 24.4     5421     4450     6392 18.0 14.8 21.2  63565  60566  66564                                        Niagara County                                NY est22all.txt 03DEC2023
36  65    34520    30411    38629 15.8 13.9 17.7    10065     8066    12064 21.3 17.1 25.5     6807     5380     8234 19.5 15.4 23.6  63894  60567  67221                                        Oneida County                                 NY est22all.txt 03DEC2023
36  67    61353    56572    66134 13.6 12.5 14.7    17964    15675    20253 18.9 16.5 21.3    13035    11330    14740 18.5 16.1 20.9  70939  68686  73192                                        Onondaga County                               NY est22all.txt 03DEC2023
36  69    10547     8981    12113  9.6  8.2 11.0     2667     2069     3265 12.8  9.9 15.7     1873     1429     2317 11.8  9.0 14.6  76601  71909  81293                                        Ontario County                                NY est22all.txt 03DEC2023
36  71    57032    50863    63201 14.4 12.8 16.0    21249    18160    24338 21.0 17.9 24.1    14958    12625    17291 20.0 16.9 23.1  88532  84604  92460                                        Orange County                                 NY est22all.txt 03DEC2023
36  73     4268     3303     5233 11.2  8.7 13.7     1269      875     1663 17.5 12.1 22.9      920      627     1213 17.2 11.7 22.7  62900  57636  68164                                        Orleans County                                NY est22all.txt 03DEC2023
36  75    19649    17408    21890 17.4 15.4 19.4     5540     4577     6503 23.5 19.4 27.6     3664     2910     4418 21.0 16.7 25.3  59335  56915  61755                                        Oswego County                                 NY est22all.txt 03DEC2023
36  77     7081     5578     8584 13.3 10.5 16.1     1488     1034     1942 17.1 11.9 22.3     1083      752     1414 17.4 12.1 22.7  68962  65947  71977                                        Otsego County                                 NY est22all.txt 03DEC2023
36  79     6116     5153     7079  6.3  5.3  7.3     1058      720     1396  5.8  4.0  7.6      721      476      966  5.2  3.4  7.0 112167 102979 121355                                        Putnam County                                 NY est22all.txt 03DEC2023
36  81   295825   277074   314576 13.1 12.3 13.9    69821    62008    77634 16.1 14.3 17.9    50807    44641    56973 16.2 14.2 18.2  80180  78923  81437                                        Queens County                                 NY est22all.txt 03DEC2023
36  83    17178    14666    19690 11.2  9.6 12.8     4335     3298     5372 14.8 11.3 18.3     2915     2135     3695 13.5  9.9 17.1  80040  74376  85704                                        Rensselaer County                             NY est22all.txt 03DEC2023
36  85    54478    47773    61183 11.2  9.8 12.6    14918    11835    18001 14.5 11.5 17.5    10691     8304    13078 13.7 10.6 16.8  91582  87407  95757                                        Richmond County                               NY est22all.txt 03DEC2023
36  87    48087    42885    53289 14.4 12.8 16.0    22495    19544    25446 23.1 20.1 26.1    15191    13059    17323 21.9 18.8 25.0  99839  92772 106906                                        Rockland County                               NY est22all.txt 03DEC2023
36  89    17074    14483    19665 17.5 14.8 20.2     4513     3569     5457 21.9 17.3 26.5     3238     2548     3928 21.0 16.5 25.5  59451  56275  62627                                        St. Lawrence County                           NY est22all.txt 03DEC2023
36  91    15356    12952    17760  6.5  5.5  7.5     3294     2476     4112  7.5  5.6  9.4     2329     1711     2947  7.0  5.2  8.8  93341  88716  97966                                        Saratoga County                               NY est22all.txt 03DEC2023
36  93    17868    15019    20717 11.6  9.8 13.4     4847     3561     6133 14.6 10.7 18.5     3261     2275     4247 13.6  9.5 17.7  74206  70045  78367                                        Schenectady County                            NY est22all.txt 03DEC2023
36  95     2888     2183     3593 10.1  7.6 12.6      689      449      929 13.7  8.9 18.5      512      332      692 13.8  8.9 18.7  67975  62921  73029                                        Schoharie County                              NY est22all.txt 03DEC2023
36  97     2006     1558     2454 11.5  8.9 14.1      577      414      740 18.1 13.0 23.2      395      278      512 16.7 11.8 21.6  63233  57419  69047                                        Schuyler County                               NY est22all.txt 03DEC2023
36  99     4264     3413     5115 13.6 10.9 16.3     1273      945     1601 19.4 14.4 24.4      902      664     1140 19.0 14.0 24.0  65354  62722  67986                                        Seneca County                                 NY est22all.txt 03DEC2023
36 101    11667     9930    13404 12.8 10.9 14.7     3331     2511     4151 17.5 13.2 21.8     2435     1816     3054 17.3 12.9 21.7  60558  57296  63820                                        Steuben County                                NY est22all.txt 03DEC2023
36 103   100921    88865   112977  6.8  6.0  7.6    21440    16438    26442  7.1  5.4  8.8    14796    10940    18652  6.6  4.9  8.3 119253 116992 121514                                        Suffolk County                                NY est22all.txt 03DEC2023
36 105    12527    10281    14773 16.4 13.5 19.3     4044     3053     5035 24.9 18.8 31.0     2938     2207     3669 25.4 19.1 31.7  63733  58278  69188                                        Sullivan County                               NY est22all.txt 03DEC2023
36 107     4950     3895     6005 10.5  8.3 12.7     1382      987     1777 14.9 10.7 19.1      912      630     1194 13.0  9.0 17.0  76197  71172  81222                                        Tioga County                                  NY est22all.txt 03DEC2023
36 109    14405    12351    16459 16.0 13.7 18.3     1718     1202     2234 12.3  8.6 16.0     1146      773     1519 11.0  7.4 14.6  72025  66712  77338                                        Tompkins County                               NY est22all.txt 03DEC2023
36 111    28283    25701    30865 16.2 14.7 17.7     4876     3837     5915 16.4 12.9 19.9     3204     2396     4012 14.5 10.8 18.2  79340  75508  83172                                        Ulster County                                 NY est22all.txt 03DEC2023
36 113     6569     5306     7832 10.1  8.1 12.1     1581     1110     2052 14.3 10.0 18.6     1107      754     1460 13.3  9.1 17.5  69849  64254  75444                                        Warren County                                 NY est22all.txt 03DEC2023
36 115     6150     4869     7431 10.6  8.4 12.8     1572     1088     2056 14.6 10.1 19.1     1158      778     1538 14.5  9.7 19.3  67013  61563  72463                                        Washington County                             NY est22all.txt 03DEC2023
36 117    10101     8471    11731 11.2  9.4 13.0     2627     1922     3332 14.2 10.4 18.0     1812     1297     2327 13.2  9.4 17.0  70917  65063  76771                                        Wayne County                                  NY est22all.txt 03DEC2023
36 119    90385    80190   100580  9.3  8.2 10.4    21344    17657    25031 10.5  8.7 12.3    14445    11531    17359  9.5  7.6 11.4 108037 104422 111652                                        Westchester County                            NY est22all.txt 03DEC2023
36 121     4468     3690     5246 12.1 10.0 14.2     1197      952     1442 16.9 13.4 20.4      862      679     1045 16.4 12.9 19.9  65526  59793  71259                                        Wyoming County                                NY est22all.txt 03DEC2023
36 123     3504     2857     4151 15.0 12.2 17.8     1147      857     1437 21.7 16.2 27.2      840      637     1043 22.8 17.3 28.3  62637  56234  69040                                        Yates County                                  NY est22all.txt 03DEC2023
37   0  1335859  1310696  1361022 12.8 12.6 13.0   390486   377023   403949 17.3 16.7 17.9   274783   262536   287030 16.5 15.8 17.2  67516  66899  68133  107839  102112  113566 18.5 17.5 19.5 North Carolina                                NC est22all.txt 03DEC2023
37   1    21639    18039    25239 12.7 10.6 14.8     5692     4101     7283 15.0 10.8 19.2     4093     2947     5239 14.6 10.5 18.7  61034  57138  64930                                        Alamance County                               NC est22all.txt 03DEC2023
37   3     4854     3998     5710 13.8 11.4 16.2     1467     1158     1776 20.9 16.5 25.3     1062      838     1286 20.3 16.0 24.6  67717  64434  71000                                        Alexander County                              NC est22all.txt 03DEC2023
37   5     1730     1289     2171 15.6 11.6 19.6      458      313      603 25.3 17.3 33.3      324      219      429 24.7 16.7 32.7  49524  43671  55377                                        Alleghany County                              NC est22all.txt 03DEC2023
37   7     4538     3499     5577 22.4 17.3 27.5     1395     1007     1783 32.6 23.5 41.7     1017      727     1307 33.0 23.6 42.4  48284  42709  53859                                        Anson County                                  NC est22all.txt 03DEC2023
37   9     3861     3055     4667 14.4 11.4 17.4      911      623     1199 20.6 14.1 27.1      630      420      840 18.7 12.5 24.9  54379  48786  59972                                        Ashe County                                   NC est22all.txt 03DEC2023
37  11     2288     1683     2893 14.8 10.9 18.7      502      326      678 20.5 13.3 27.7      366      241      491 20.4 13.4 27.4  53894  47492  60296                                        Avery County                                  NC est22all.txt 03DEC2023
37  13     7815     6446     9184 17.7 14.6 20.8     2374     1688     3060 28.2 20.1 36.3     1756     1233     2279 27.6 19.4 35.8  54415  48991  59839                                        Beaufort County                               NC est22all.txt 03DEC2023
37  15     3758     2860     4656 23.8 18.1 29.5      996      709     1283 34.9 24.8 45.0      728      514      942 34.6 24.4 44.8  44434  39047  49821                                        Bertie County                                 NC est22all.txt 03DEC2023
37  17     5392     4246     6538 18.5 14.6 22.4     1599     1179     2019 27.5 20.3 34.7     1198      872     1524 28.5 20.7 36.3  46002  41135  50869                                        Bladen County                                 NC est22all.txt 03DEC2023
37  19    12872     9972    15772  8.5  6.6 10.4     3441     2330     4552 16.5 11.2 21.8     2518     1713     3323 16.3 11.1 21.5  73536  69152  77920                                        Brunswick County                              NC est22all.txt 03DEC2023
37  21    32755    28050    37460 12.3 10.5 14.1     7209     5441     8977 15.4 11.6 19.2     4891     3464     6318 14.1 10.0 18.2  67906  64877  70935                                        Buncombe County                               NC est22all.txt 03DEC2023
37  23    10770     8399    13141 12.6  9.8 15.4     2780     1933     3627 18.5 12.9 24.1     1965     1336     2594 17.9 12.2 23.6  60629  56783  64475                                        Burke County                                  NC est22all.txt 03DEC2023
37  25    18756    15205    22307  8.0  6.5  9.5     5721     4169     7273  9.9  7.2 12.6     3890     2764     5016  8.9  6.3 11.5  79649  74050  85248                                        Cabarrus County                               NC est22all.txt 03DEC2023
37  27    12850    10787    14913 16.2 13.6 18.8     3682     2942     4422 23.9 19.1 28.7     2442     1892     2992 21.3 16.5 26.1  53586  48730  58442                                        Caldwell County                               NC est22all.txt 03DEC2023
37  29      819      603     1035  7.4  5.5  9.3      230      158      302  9.2  6.3 12.1      161      109      213  8.4  5.7 11.1  82620  73883  91357                                        Camden County                                 NC est22all.txt 03DEC2023
37  31     8260     6692     9828 12.1  9.8 14.4     1935     1394     2476 17.0 12.2 21.8     1304      898     1710 14.7 10.1 19.3  67806  62660  72952                                        Carteret County                               NC est22all.txt 03DEC2023
37  33     3515     2693     4337 16.6 12.7 20.5      958      659     1257 24.0 16.5 31.5      674      455      893 22.6 15.3 29.9  54215  48351  60079                                        Caswell County                                NC est22all.txt 03DEC2023
37  35    19702    16442    22962 12.3 10.3 14.3     5631     4246     7016 16.4 12.4 20.4     4155     3119     5191 16.1 12.1 20.1  63934  58749  69119                                        Catawba County                                NC est22all.txt 03DEC2023
37  37     7015     5706     8324  8.9  7.2 10.6     1627     1162     2092 11.0  7.9 14.1     1153      815     1491 10.2  7.2 13.2  84516  76050  92982                                        Chatham County                                NC est22all.txt 03DEC2023
37  39     4403     3453     5353 15.1 11.9 18.3     1107      782     1432 24.5 17.3 31.7      793      550     1036 23.7 16.4 31.0  51607  48106  55108                                        Cherokee County                               NC est22all.txt 03DEC2023
37  41     2222     1660     2784 16.3 12.2 20.4      684      474      894 25.3 17.5 33.1      502      345      659 25.5 17.5 33.5  55818  49288  62348                                        Chowan County                                 NC est22all.txt 03DEC2023
37  43     1566     1193     1939 13.6 10.4 16.8      401      275      527 23.1 15.8 30.4      271      183      359 21.1 14.3 27.9  57698  50917  64479                                        Clay County                                   NC est22all.txt 03DEC2023
37  45    16448    13517    19379 16.7 13.7 19.7     5409     4149     6669 24.6 18.9 30.3     3709     2787     4631 23.0 17.3 28.7  53170  48768  57572                                        Cleveland County                              NC est22all.txt 03DEC2023
37  47     9902     7787    12017 20.9 16.4 25.4     2971     2056     3886 29.2 20.2 38.2     2232     1542     2922 29.9 20.6 39.2  45379  42028  48730                                        Columbus County                               NC est22all.txt 03DEC2023
37  49    13551    11364    15738 13.9 11.7 16.1     4091     3143     5039 19.1 14.7 23.5     2767     2021     3513 18.1 13.2 23.0  63076  57798  68354                                        Craven County                                 NC est22all.txt 03DEC2023
37  51    50909    45789    56029 15.9 14.3 17.5    17593    14841    20345 21.2 17.9 24.5    11926     9693    14159 20.5 16.7 24.3  58013  55633  60393                                        Cumberland County                             NC est22all.txt 03DEC2023
37  53     2753     2161     3345  8.9  7.0 10.8      794      578     1010 11.7  8.5 14.9      530      366      694 10.4  7.2 13.6  76217  68612  83822                                        Currituck County                              NC est22all.txt 03DEC2023
37  55     2960     2191     3729  7.9  5.9  9.9      723      489      957 10.8  7.3 14.3      527      355      699 10.3  6.9 13.7  82052  75059  89045                                        Dare County                                   NC est22all.txt 03DEC2023
37  57    21311    17583    25039 12.5 10.3 14.7     5851     4444     7258 16.1 12.2 20.0     4355     3298     5412 16.0 12.1 19.9  63590  59902  67278                                        Davidson County                               NC est22all.txt 03DEC2023
37  59     4985     4058     5912 11.4  9.3 13.5     1347     1008     1686 15.1 11.3 18.9      951      705     1197 14.0 10.4 17.6  63436  56932  69940                                        Davie County                                  NC est22all.txt 03DEC2023
37  61     9784     8103    11465 20.2 16.7 23.7     3421     2715     4127 29.6 23.5 35.7     2470     1964     2976 29.3 23.3 35.3  51270  45555  56985                                        Duplin County                                 NC est22all.txt 03DEC2023
37  63    35109    29891    40327 11.1  9.5 12.7    10753     8690    12816 17.0 13.7 20.3     6891     5210     8572 15.6 11.8 19.4  79524  74431  84617                                        Durham County                                 NC est22all.txt 03DEC2023
37  65     9969     7760    12178 20.8 16.2 25.4     3407     2439     4375 31.8 22.8 40.8     2509     1774     3244 31.9 22.6 41.2  48770  44355  53185                                        Edgecombe County                              NC est22all.txt 03DEC2023
37  67    55366    49162    61570 14.7 13.1 16.3    18471    15677    21265 21.6 18.3 24.9    13428    11354    15502 21.0 17.8 24.2  62992  59901  66083                                        Forsyth County                                NC est22all.txt 03DEC2023
37  69     7968     6097     9839 10.9  8.3 13.5     2468     1714     3222 15.7 10.9 20.5     1766     1229     2303 15.2 10.6 19.8  72415  68887  75943                                        Franklin County                               NC est22all.txt 03DEC2023
37  71    27520    22412    32628 12.0  9.8 14.2     8555     6287    10823 16.8 12.3 21.3     5730     4039     7421 15.3 10.8 19.8  65430  61947  68913                                        Gaston County                                 NC est22all.txt 03DEC2023
37  73     1452     1093     1811 14.2 10.7 17.7      381      271      491 19.5 13.9 25.1      277      196      358 18.5 13.1 23.9  66561  60351  72771                                        Gates County                                  NC est22all.txt 03DEC2023
37  75     1167      845     1489 14.8 10.7 18.9      348      237      459 22.7 15.5 29.9      251      169      333 22.6 15.2 30.0  50301  44212  56390                                        Graham County                                 NC est22all.txt 03DEC2023
37  77     6631     5142     8120 11.4  8.8 14.0     1840     1310     2370 15.3 10.9 19.7     1324      896     1752 14.8 10.0 19.6  74120  68640  79600                                        Granville County                              NC est22all.txt 03DEC2023
37  79     4313     3460     5166 25.3 20.3 30.3     1337     1025     1649 35.2 27.0 43.4      927      688     1166 32.9 24.4 41.4  49992  46157  53827                                        Greene County                                 NC est22all.txt 03DEC2023
37  81    85573    78420    92726 16.4 15.0 17.8    24655    21407    27903 21.2 18.4 24.0    17955    15524    20386 20.7 17.9 23.5  63822  61120  66524                                        Guilford County                               NC est22all.txt 03DEC2023
37  83     9123     7093    11153 19.6 15.2 24.0     2826     1969     3683 28.0 19.5 36.5     2167     1503     2831 29.1 20.2 38.0  44804  40979  48629                                        Halifax County                                NC est22all.txt 03DEC2023
37  85    18068    14900    21236 13.3 11.0 15.6     5732     4267     7197 16.6 12.4 20.8     3958     2958     4958 15.9 11.9 19.9  65242  60875  69609                                        Harnett County                                NC est22all.txt 03DEC2023
37  87     7163     5546     8780 11.6  9.0 14.2     1976     1367     2585 18.5 12.8 24.2     1307      872     1742 16.3 10.9 21.7  62374  56451  68297                                        Haywood County                                NC est22all.txt 03DEC2023
37  89    14418    12264    16572 12.3 10.5 14.1     3396     2602     4190 16.2 12.4 20.0     2371     1770     2972 14.9 11.1 18.7  65252  59755  70749                                        Henderson County                              NC est22all.txt 03DEC2023
37  91     4146     3349     4943 22.8 18.4 27.2     1268     1042     1494 35.1 28.8 41.4      773      566      980 28.4 20.8 36.0  43871  39615  48127                                        Hertford County                               NC est22all.txt 03DEC2023
37  93     7761     6309     9213 14.6 11.9 17.3     2860     2135     3585 20.2 15.1 25.3     2008     1458     2558 20.2 14.7 25.7  60903  58001  63805                                        Hoke County                                   NC est22all.txt 03DEC2023
37  95      812      611     1013 20.8 15.6 26.0      198      140      256 28.3 20.0 36.6      144       99      189 26.8 18.5 35.1  48068  41981  54155                                        Hyde County                                   NC est22all.txt 03DEC2023
37  97    18210    14683    21737  9.4  7.6 11.2     5122     3698     6546 12.1  8.7 15.5     3449     2417     4481 10.7  7.5 13.9  73446  68453  78439                                        Iredell County                                NC est22all.txt 03DEC2023
37  99     6916     5741     8091 17.6 14.6 20.6     1263      899     1627 18.6 13.2 24.0      898      634     1162 17.7 12.5 22.9  58491  51681  65301                                        Jackson County                                NC est22all.txt 03DEC2023
37 101    23285    19146    27424 10.0  8.2 11.8     7690     5963     9417 13.6 10.5 16.7     5192     3936     6448 12.2  9.3 15.1  80612  76074  85150                                        Johnston County                               NC est22all.txt 03DEC2023
37 103     1560     1195     1925 17.1 13.1 21.1      453      308      598 27.4 18.6 36.2      331      223      439 27.2 18.4 36.0  56079  51357  60801                                        Jones County                                  NC est22all.txt 03DEC2023
37 105    10200     8729    11671 15.8 13.5 18.1     3574     2934     4214 23.8 19.5 28.1     2529     2051     3007 22.9 18.6 27.2  58244  54326  62162                                        Lee County                                    NC est22all.txt 03DEC2023
37 107    11408     9462    13354 21.3 17.7 24.9     3829     2944     4714 31.7 24.4 39.0     2582     1917     3247 29.3 21.8 36.8  46410  41377  51443                                        Lenoir County                                 NC est22all.txt 03DEC2023
37 109     8267     6479    10055  9.0  7.1 10.9     2107     1455     2759 11.3  7.8 14.8     1603     1123     2083 11.5  8.1 14.9  78615  72346  84884                                        Lincoln County                                NC est22all.txt 03DEC2023
37 111     7020     5805     8235 16.1 13.3 18.9     1879     1406     2352 22.2 16.6 27.8     1426     1091     1761 22.4 17.1 27.7  54042  48436  59648                                        McDowell County                               NC est22all.txt 03DEC2023
37 113     4662     3504     5820 12.4  9.3 15.5     1242      846     1638 18.6 12.7 24.5      852      568     1136 17.2 11.5 22.9  53832  48417  59247                                        Macon County                                  NC est22all.txt 03DEC2023
37 115     3121     2368     3874 15.0 11.4 18.6      759      523      995 21.2 14.6 27.8      544      373      715 20.5 14.0 27.0  54137  48231  60043                                        Madison County                                NC est22all.txt 03DEC2023
37 117     4340     3481     5199 20.4 16.4 24.4     1250      870     1630 29.3 20.4 38.2      924      635     1213 29.4 20.2 38.6  44445  39393  49497                                        Martin County                                 NC est22all.txt 03DEC2023
37 119   115511   104853   126169 10.3  9.4 11.2    35626    30450    40802 14.1 12.1 16.1    25165    21058    29272 13.9 11.6 16.2  80645  78290  83000                                        Mecklenburg County                            NC est22all.txt 03DEC2023
37 121     2356     1863     2849 15.7 12.4 19.0      593      419      767 21.7 15.3 28.1      437      306      568 21.4 15.0 27.8  53555  47091  60019                                        Mitchell County                               NC est22all.txt 03DEC2023
37 123     4139     3255     5023 16.4 12.9 19.9     1265      909     1621 24.0 17.2 30.8      917      665     1169 23.2 16.8 29.6  55313  49488  61138                                        Montgomery County                             NC est22all.txt 03DEC2023
37 125    10220     8103    12337  9.8  7.8 11.8     2931     2118     3744 13.0  9.4 16.6     2137     1547     2727 13.0  9.4 16.6  84458  81084  87832                                        Moore County                                  NC est22all.txt 03DEC2023
37 127    13636    10535    16737 14.5 11.2 17.8     4419     3129     5709 21.4 15.1 27.7     3187     2225     4149 20.9 14.6 27.2  55406  51617  59195                                        Nash County                                   NC est22all.txt 03DEC2023
37 129    26876    22738    31014 11.7  9.9 13.5     6223     4676     7770 15.5 11.7 19.3     4746     3616     5876 15.9 12.1 19.7  70995  66752  75238                                        New Hanover County                            NC est22all.txt 03DEC2023
37 131     3229     2444     4014 19.6 14.8 24.4      846      553     1139 29.3 19.2 39.4      683      447      919 32.2 21.1 43.3  51550  48624  54476                                        Northampton County                            NC est22all.txt 03DEC2023
37 133    22869    18502    27236 12.4 10.0 14.8     8137     6105    10169 16.2 12.2 20.2     5512     4049     6975 16.3 12.0 20.6  62190  58933  65447                                        Onslow County                                 NC est22all.txt 03DEC2023
37 135    18594    16489    20699 13.3 11.8 14.8     3089     2382     3796 11.4  8.8 14.0     2196     1693     2699 10.3  7.9 12.7  87780  81713  93847                                        Orange County                                 NC est22all.txt 03DEC2023
37 137     1799     1370     2228 15.5 11.8 19.2      458      318      598 27.4 19.0 35.8      341      236      446 26.9 18.6 35.2  59845  52979  66711                                        Pamlico County                                NC est22all.txt 03DEC2023
37 139     5922     4495     7349 15.4 11.7 19.1     1931     1320     2542 22.8 15.6 30.0     1398      959     1837 22.9 15.7 30.1  59066  53796  64336                                        Pasquotank County                             NC est22all.txt 03DEC2023
37 141     6779     5169     8389 10.5  8.0 13.0     1994     1385     2603 13.9  9.7 18.1     1484     1042     1926 13.7  9.6 17.8  73663  67600  79726                                        Pender County                                 NC est22all.txt 03DEC2023
37 143     1751     1285     2217 13.4  9.8 17.0      553      369      737 23.0 15.4 30.6      411      271      551 22.5 14.9 30.1  60665  54341  66989                                        Perquimans County                             NC est22all.txt 03DEC2023
37 145     5397     4175     6619 13.8 10.7 16.9     1611     1130     2092 20.3 14.2 26.4     1145      795     1495 19.7 13.7 25.7  61302  54942  67662                                        Person County                                 NC est22all.txt 03DEC2023
37 147    32848    29266    36430 19.5 17.4 21.6     8259     6456    10062 22.9 17.9 27.9     5759     4376     7142 21.8 16.6 27.0  57319  53825  60813                                        Pitt County                                   NC est22all.txt 03DEC2023
37 149     2546     2028     3064 13.0 10.4 15.6      591      419      763 19.5 13.8 25.2      417      292      542 18.0 12.6 23.4  61585  54593  68577                                        Polk County                                   NC est22all.txt 03DEC2023
37 151    20479    17375    23583 14.2 12.1 16.3     5545     4154     6936 17.6 13.2 22.0     4073     3039     5107 17.2 12.8 21.6  58037  52653  63421                                        Randolph County                               NC est22all.txt 03DEC2023
37 153     9410     7502    11318 22.6 18.0 27.2     2996     2124     3868 30.6 21.7 39.5     2068     1442     2694 29.0 20.2 37.8  44383  39628  49138                                        Richmond County                               NC est22all.txt 03DEC2023
37 155    29466    26930    32002 26.1 23.9 28.3    10165     8715    11615 35.0 30.0 40.0     6743     5557     7929 32.2 26.5 37.9  39931  37287  42575                                        Robeson County                                NC est22all.txt 03DEC2023
37 157    15436    13088    17784 17.0 14.4 19.6     4170     3219     5121 22.9 17.7 28.1     3084     2386     3782 22.8 17.6 28.0  52494  48533  56455                                        Rockingham County                             NC est22all.txt 03DEC2023
37 159    21651    18149    25153 14.9 12.5 17.3     7360     5925     8795 23.1 18.6 27.6     4740     3622     5858 20.1 15.4 24.8  61105  55861  66349                                        Rowan County                                  NC est22all.txt 03DEC2023
37 161    10500     8670    12330 16.4 13.5 19.3     2722     1949     3495 21.4 15.3 27.5     1964     1402     2526 20.9 14.9 26.9  53485  49252  57718                                        Rutherford County                             NC est22all.txt 03DEC2023
37 163    11707     9782    13632 20.1 16.8 23.4     3634     2750     4518 25.7 19.4 32.0     2501     1770     3232 24.2 17.1 31.3  52248  46442  58054                                        Sampson County                                NC est22all.txt 03DEC2023
37 165     7420     6104     8736 24.1 19.8 28.4     2648     2058     3238 34.3 26.7 41.9     1934     1509     2359 34.2 26.7 41.7  45996  40985  51007                                        Scotland County                               NC est22all.txt 03DEC2023
37 167     8046     6439     9653 12.9 10.3 15.5     2594     1972     3216 19.0 14.4 23.6     1911     1449     2373 18.8 14.2 23.4  58642  53317  63967                                        Stanly County                                 NC est22all.txt 03DEC2023
37 169     4683     3540     5826 10.5  7.9 13.1     1259      845     1673 15.4 10.3 20.5      937      629     1245 15.3 10.3 20.3  56259  51115  61403                                        Stokes County                                 NC est22all.txt 03DEC2023
37 171    12242    10451    14033 17.3 14.8 19.8     3330     2564     4096 22.7 17.5 27.9     2378     1830     2926 21.7 16.7 26.7  49524  44515  54533                                        Surry County                                  NC est22all.txt 03DEC2023
37 173     1846     1411     2281 13.5 10.3 16.7      623      424      822 20.7 14.1 27.3      443      298      588 20.0 13.4 26.6  55462  49016  61908                                        Swain County                                  NC est22all.txt 03DEC2023
37 175     4362     3565     5159 13.4 11.0 15.8     1037      773     1301 20.9 15.6 26.2      693      498      888 18.8 13.5 24.1  62173  55677  68669                                        Transylvania County                           NC est22all.txt 03DEC2023
37 177      639      481      797 19.7 14.8 24.6      200      140      260 28.1 19.6 36.6      147      102      192 28.0 19.3 36.7  42514  37132  47896                                        Tyrrell County                                NC est22all.txt 03DEC2023
37 179    17565    14114    21016  7.1  5.7  8.5     5386     4024     6748  8.7  6.5 10.9     3664     2728     4600  7.5  5.6  9.4  95079  89845 100313                                        Union County                                  NC est22all.txt 03DEC2023
37 181     8368     6471    10265 20.1 15.5 24.7     3100     2249     3951 31.5 22.9 40.1     2130     1479     2781 30.2 21.0 39.4  49961  45192  54730                                        Vance County                                  NC est22all.txt 03DEC2023
37 183    86727    77504    95950  7.5  6.7  8.3    21956    17745    26167  8.3  6.7  9.9    15704    12503    18905  7.9  6.3  9.5  97099  94095 100103                                        Wake County                                   NC est22all.txt 03DEC2023
37 185     3695     2939     4451 20.7 16.5 24.9      877      590     1164 27.3 18.4 36.2      667      450      884 27.7 18.7 36.7  47170  41475  52865                                        Warren County                                 NC est22all.txt 03DEC2023
37 187     2252     1694     2810 21.1 15.9 26.3      760      523      997 35.3 24.3 46.3      554      373      735 35.6 24.0 47.2  46072  40790  51354                                        Washington County                             NC est22all.txt 03DEC2023
37 189    10007     8872    11142 21.0 18.6 23.4      820      582     1058 12.8  9.1 16.5      573      402      744 11.8  8.3 15.3  57888  51780  63996                                        Watauga County                                NC est22all.txt 03DEC2023
37 191    20467    17662    23272 18.0 15.5 20.5     7185     5899     8471 26.4 21.7 31.1     5068     4039     6097 25.6 20.4 30.8  55635  52440  58830                                        Wayne County                                  NC est22all.txt 03DEC2023
37 193    12348    10675    14021 19.1 16.5 21.7     3583     2965     4201 28.4 23.5 33.3     2173     1681     2665 23.2 17.9 28.5  48229  44341  52117                                        Wilkes County                                 NC est22all.txt 03DEC2023
37 195    15293    12863    17723 19.7 16.6 22.8     5358     4354     6362 30.6 24.9 36.3     3775     2985     4565 29.1 23.0 35.2  51535  47460  55610                                        Wilson County                                 NC est22all.txt 03DEC2023
37 197     4478     3448     5508 12.1  9.3 14.9     1308      943     1673 17.6 12.7 22.5      948      689     1207 17.2 12.5 21.9  61464  56647  66281                                        Yadkin County                                 NC est22all.txt 03DEC2023
37 199     2766     2122     3410 14.8 11.3 18.3      702      503      901 21.4 15.3 27.5      500      356      644 21.2 15.1 27.3  54455  48977  59933                                        Yancey County                                 NC est22all.txt 03DEC2023
38   0    84207    79609    88805 11.2 10.6 11.8    22003    19862    24144 12.3 11.1 13.5    15230    13315    17145 11.7 10.2 13.2  73240  71320  75160    6119    5179    7059 12.6 10.7 14.5 North Dakota                                  ND est22all.txt 03DEC2023
38   1      256      194      318 12.5  9.5 15.5       62       42       82 15.2 10.3 20.1       44       29       59 14.7  9.6 19.8  57593  50271  64915                                        Adams County                                  ND est22all.txt 03DEC2023
38   3     1177      907     1447 11.5  8.9 14.1      270      181      359 13.0  8.7 17.3      185      121      249 11.7  7.7 15.7  67058  60201  73915                                        Barnes County                                 ND est22all.txt 03DEC2023
38   5     1441     1103     1779 25.3 19.4 31.2      711      488      934 36.3 24.9 47.7      521      357      685 37.2 25.5 48.9  56605  50613  62597                                        Benson County                                 ND est22all.txt 03DEC2023
38   7      102       76      128 10.0  7.4 12.6       18       12       24  8.7  5.8 11.6       13        8       18  8.3  5.3 11.3  85947  75097  96797                                        Billings County                               ND est22all.txt 03DEC2023
38   9      587      427      747  9.5  6.9 12.1      179      119      239 13.0  8.7 17.3      122       79      165 11.9  7.7 16.1  69351  61605  77097                                        Bottineau County                              ND est22all.txt 03DEC2023
38  11      257      194      320  9.0  6.8 11.2       71       47       95 10.2  6.7 13.7       53       34       72  9.8  6.4 13.2  75386  67302  83470                                        Bowman County                                 ND est22all.txt 03DEC2023
38  13      207      155      259  9.6  7.2 12.0       64       42       86 12.2  8.0 16.4       46       29       63 11.7  7.4 16.0  75931  69382  82480                                        Burke County                                  ND est22all.txt 03DEC2023
38  15     9332     8092    10572  9.8  8.5 11.1     2176     1708     2644  9.6  7.5 11.7     1345      990     1700  7.9  5.8 10.0  83111  76876  89346                                        Burleigh County                               ND est22all.txt 03DEC2023
38  17    21797    19458    24136 11.8 10.5 13.1     5077     4203     5951 12.3 10.2 14.4     3494     2874     4114 11.8  9.7 13.9  70002  64545  75459                                        Cass County                                   ND est22all.txt 03DEC2023
38  19      313      234      392  8.9  6.7 11.1       87       57      117 10.8  7.1 14.5       62       40       84 10.8  6.9 14.7  73221  64059  82383                                        Cavalier County                               ND est22all.txt 03DEC2023
38  21      604      471      737 12.8 10.0 15.6      176      119      233 14.9 10.1 19.7      121       79      163 13.7  8.9 18.5  56326  52284  60368                                        Dickey County                                 ND est22all.txt 03DEC2023
38  23      233      175      291 10.9  8.2 13.6       62       42       82 11.9  8.1 15.7       46       31       61 11.8  7.9 15.7  70513  62166  78860                                        Divide County                                 ND est22all.txt 03DEC2023
38  25      450      338      562 11.4  8.6 14.2      164      108      220 15.7 10.3 21.1      117       76      158 15.8 10.2 21.4  82490  75588  89392                                        Dunn County                                   ND est22all.txt 03DEC2023
38  27      261      196      326 11.6  8.7 14.5       77       51      103 13.5  9.0 18.0       54       35       73 13.0  8.5 17.5  58848  52523  65173                                        Eddy County                                   ND est22all.txt 03DEC2023
38  29      388      279      497 12.2  8.8 15.6      107       71      143 16.6 11.0 22.2       76       49      103 15.5 10.0 21.0  60952  53562  68342                                        Emmons County                                 ND est22all.txt 03DEC2023
38  31      303      229      377  9.2  7.0 11.4       74       49       99  9.6  6.4 12.8       53       34       72  9.2  6.0 12.4  83156  77516  88796                                        Foster County                                 ND est22all.txt 03DEC2023
38  33      253      198      308 14.8 11.6 18.0       83       64      102 27.5 21.2 33.8       63       48       78 28.4 21.8 35.0  64823  56653  72993                                        Golden Valley County                          ND est22all.txt 03DEC2023
38  35     9118     7950    10286 13.4 11.7 15.1     1560     1063     2057 10.5  7.1 13.9     1068      715     1421 10.0  6.7 13.3  64914  59175  70653                                        Grand Forks County                            ND est22all.txt 03DEC2023
38  37      448      361      535 20.3 16.3 24.3      139      105      173 31.0 23.5 38.5       99       75      123 29.6 22.4 36.8  43988  38493  49483                                        Grant County                                  ND est22all.txt 03DEC2023
38  39      260      199      321 12.0  9.2 14.8       69       45       93 15.4 10.1 20.7       49       32       66 14.9  9.6 20.2  59332  53522  65142                                        Griggs County                                 ND est22all.txt 03DEC2023
38  41      276      199      353 12.1  8.7 15.5      110       73      147 19.1 12.7 25.5       79       51      107 18.9 12.3 25.5  66192  59315  73069                                        Hettinger County                              ND est22all.txt 03DEC2023
38  43      356      275      437 14.9 11.5 18.3       79       52      106 15.1  9.9 20.3       59       38       80 15.3  9.9 20.7  56951  49945  63957                                        Kidder County                                 ND est22all.txt 03DEC2023
38  45      398      295      501  9.9  7.4 12.4       86       56      116 10.0  6.5 13.5       62       39       85 10.2  6.5 13.9  77744  71391  84097                                        LaMoure County                                ND est22all.txt 03DEC2023
38  47      265      199      331 14.8 11.1 18.5       88       59      117 20.9 14.1 27.7       63       41       85 20.5 13.4 27.6  60695  53605  67785                                        Logan County                                  ND est22all.txt 03DEC2023
38  49      614      470      758 12.0  9.2 14.8      163      112      214 13.5  9.3 17.7      110       72      148 12.1  7.9 16.3  65378  57872  72884                                        McHenry County                                ND est22all.txt 03DEC2023
38  51      344      266      422 14.5 11.2 17.8       77       52      102 15.2 10.2 20.2       56       37       75 15.3 10.1 20.5  57614  50377  64851                                        McIntosh County                               ND est22all.txt 03DEC2023
38  53     1188      910     1466  8.6  6.6 10.6      400      261      539  9.1  5.9 12.3      280      177      383  8.8  5.6 12.0  84206  75768  92644                                        McKenzie County                               ND est22all.txt 03DEC2023
38  55      969      714     1224 10.1  7.4 12.8      236      157      315 11.2  7.5 14.9      167      109      225 10.4  6.8 14.0  79935  73068  86802                                        McLean County                                 ND est22all.txt 03DEC2023
38  57      587      423      751  7.2  5.2  9.2      152       99      205  8.1  5.3 10.9      107       69      145  7.5  4.8 10.2  90092  79412 100772                                        Mercer County                                 ND est22all.txt 03DEC2023
38  59     3291     2628     3954 10.0  8.0 12.0      919      648     1190 11.9  8.4 15.4      617      416      818 11.0  7.4 14.6  75133  67345  82921                                        Morton County                                 ND est22all.txt 03DEC2023
38  61      934      675     1193 10.1  7.3 12.9      409      272      546 15.5 10.3 20.7      280      182      378 14.9  9.7 20.1  74094  65389  82799                                        Mountrail County                              ND est22all.txt 03DEC2023
38  63      315      238      392 10.9  8.2 13.6       70       48       92 11.7  8.0 15.4       50       34       66 10.6  7.1 14.1  59947  52892  67002                                        Nelson County                                 ND est22all.txt 03DEC2023
38  65      179      129      229  9.7  7.0 12.4       64       42       86 14.7  9.7 19.7       47       30       64 14.1  9.1 19.1  79521  69648  89394                                        Oliver County                                 ND est22all.txt 03DEC2023
38  67      635      498      772  9.6  7.5 11.7      147       99      195 10.4  7.0 13.8      102       66      138  9.7  6.3 13.1  69141  61046  77236                                        Pembina County                                ND est22all.txt 03DEC2023
38  69      442      332      552 11.6  8.7 14.5      116       78      154 12.9  8.7 17.1       77       50      104 11.1  7.3 14.9  59007  51606  66408                                        Pierce County                                 ND est22all.txt 03DEC2023
38  71     1437     1147     1727 13.0 10.4 15.6      470      351      589 17.5 13.1 21.9      374      288      460 19.4 14.9 23.9  71307  63698  78916                                        Ramsey County                                 ND est22all.txt 03DEC2023
38  73      425      306      544  7.8  5.6 10.0      126       82      170 10.4  6.8 14.0       91       59      123  9.9  6.4 13.4  76130  67569  84691                                        Ransom County                                 ND est22all.txt 03DEC2023
38  75      188      142      234  8.6  6.5 10.7       37       25       49  7.7  5.3 10.1       27       18       36  7.2  4.9  9.5  71271  63265  79277                                        Renville County                               ND est22all.txt 03DEC2023
38  77     1504     1146     1862  9.6  7.3 11.9      371      254      488 10.5  7.2 13.8      250      165      335  9.6  6.3 12.9  74253  68322  80184                                        Richland County                               ND est22all.txt 03DEC2023
38  79     3020     2450     3590 25.7 20.9 30.5     1242      909     1575 31.8 23.3 40.3      882      631     1133 29.6 21.2 38.0  50598  45271  55925                                        Rolette County                                ND est22all.txt 03DEC2023
38  81      301      222      380  8.0  5.9 10.1       86       57      115 11.0  7.2 14.8       63       40       86 11.0  7.0 15.0  75325  66517  84133                                        Sargent County                                ND est22all.txt 03DEC2023
38  83      220      165      275 17.2 12.9 21.5       58       38       78 23.7 15.6 31.8       43       28       58 24.2 15.7 32.7  56922  50095  63749                                        Sheridan County                               ND est22all.txt 03DEC2023
38  85     1196      936     1456 33.0 25.8 40.2      467      326      608 36.2 25.2 47.2      336      234      438 34.5 24.0 45.0  43721  38374  49068                                        Sioux County                                  ND est22all.txt 03DEC2023
38  87       81       60      102 12.1  9.0 15.2       21       14       28 15.8 10.4 21.2       15       10       20 15.3  9.8 20.8  69249  65119  73379                                        Slope County                                  ND est22all.txt 03DEC2023
38  89     2980     2300     3660  9.3  7.2 11.4      816      552     1080  9.2  6.2 12.2      573      382      764  9.1  6.1 12.1  86963  82774  91152                                        Stark County                                  ND est22all.txt 03DEC2023
38  91      139      103      175  7.8  5.8  9.8       47       31       63 11.9  7.8 16.0       34       22       46 11.4  7.4 15.4  81081  71249  90913                                        Steele County                                 ND est22all.txt 03DEC2023
38  93     2162     1690     2634 10.9  8.5 13.3      475      307      643 11.2  7.2 15.2      354      232      476 11.4  7.5 15.3  65633  58124  73142                                        Stutsman County                               ND est22all.txt 03DEC2023
38  95      204      152      256 10.0  7.5 12.5       66       44       88 14.8  9.8 19.8       45       29       61 13.1  8.4 17.8  70656  61798  79514                                        Towner County                                 ND est22all.txt 03DEC2023
38  97      654      493      815  8.6  6.5 10.7      135       90      180  7.4  4.9  9.9       96       63      129  7.1  4.7  9.5  79065  70491  87639                                        Traill County                                 ND est22all.txt 03DEC2023
38  99     1097      834     1360 10.7  8.1 13.3      327      225      429 13.7  9.4 18.0      228      154      302 12.9  8.7 17.1  67249  60627  73871                                        Walsh County                                  ND est22all.txt 03DEC2023
38 101     6529     5225     7833  9.8  7.8 11.8     1759     1193     2325 10.9  7.4 14.4     1218      821     1615 10.7  7.2 14.2  72091  66686  77496                                        Ward County                                   ND est22all.txt 03DEC2023
38 103      481      363      599 12.5  9.4 15.6      124       84      164 15.2 10.3 20.1       82       52      112 13.5  8.6 18.4  66294  58005  74583                                        Wells County                                  ND est22all.txt 03DEC2023
38 105     3009     2282     3736  8.0  6.1  9.9     1035      698     1372  9.3  6.3 12.3      732      488      976  9.5  6.3 12.7  84145  74132  94158                                        Williams County                               ND est22all.txt 03DEC2023
39   0  1537902  1510878  1564926 13.4 13.2 13.6   445964   430664   461264 17.7 17.1 18.3   312747   299352   326142 16.8 16.1 17.5  65786  65173  66399  122422  115652  129192 19.0 18.0 20.0 Ohio                                          OH est22all.txt 03DEC2023
39   1     5354     4396     6312 19.8 16.3 23.3     1681     1252     2110 26.0 19.3 32.7     1240      912     1568 26.2 19.3 33.1  49068  43251  54885                                        Adams County                                  OH est22all.txt 03DEC2023
39   3    12570    10281    14859 12.9 10.6 15.2     3947     2829     5065 17.0 12.2 21.8     2948     2102     3794 17.3 12.3 22.3  60384  56317  64451                                        Allen County                                  OH est22all.txt 03DEC2023
39   5     5393     4191     6595 10.6  8.2 13.0     1549     1049     2049 13.8  9.4 18.2     1126      763     1489 13.4  9.1 17.7  62037  56114  67960                                        Ashland County                                OH est22all.txt 03DEC2023
39   7    16280    14152    18408 17.4 15.1 19.7     4638     3531     5745 22.5 17.1 27.9     3392     2571     4213 22.3 16.9 27.7  52468  49714  55222                                        Ashtabula County                              OH est22all.txt 03DEC2023
39   9    11625     9776    13474 21.6 18.2 25.0     1966     1383     2549 22.7 16.0 29.4     1367      933     1801 21.3 14.5 28.1  48265  43652  52878                                        Athens County                                 OH est22all.txt 03DEC2023
39  11     3790     3053     4527  8.4  6.8 10.0     1130      838     1422 10.5  7.8 13.2      734      517      951  9.2  6.5 11.9  71669  66953  76385                                        Auglaize County                               OH est22all.txt 03DEC2023
39  13    10591     8851    12331 17.2 14.4 20.0     2705     2024     3386 22.6 16.9 28.3     1962     1463     2461 22.0 16.4 27.6  55573  51262  59884                                        Belmont County                                OH est22all.txt 03DEC2023
39  15     7019     5864     8174 16.3 13.6 19.0     2107     1580     2634 21.8 16.3 27.3     1456     1069     1843 20.1 14.8 25.4  64034  58121  69947                                        Brown County                                  OH est22all.txt 03DEC2023
39  17    44146    38875    49417 11.7 10.3 13.1    12281    10004    14558 13.9 11.3 16.5     9010     7377    10643 13.6 11.1 16.1  74841  71908  77774                                        Butler County                                 OH est22all.txt 03DEC2023
39  19     3055     2337     3773 11.6  8.9 14.3      938      636     1240 17.5 11.9 23.1      692      467      917 17.2 11.6 22.8  62482  56808  68156                                        Carroll County                                OH est22all.txt 03DEC2023
39  21     3753     2864     4642  9.8  7.5 12.1     1166      816     1516 14.1  9.9 18.3      774      529     1019 12.5  8.5 16.5  72784  66782  78786                                        Champaign County                              OH est22all.txt 03DEC2023
39  23    19944    17043    22845 15.1 12.9 17.3     6011     4665     7357 20.4 15.8 25.0     4552     3574     5530 21.1 16.6 25.6  57264  53553  60975                                        Clark County                                  OH est22all.txt 03DEC2023
39  25    18724    15647    21801  9.0  7.5 10.5     5197     3881     6513 11.4  8.5 14.3     3469     2478     4460 10.2  7.3 13.1  79492  74105  84879                                        Clermont County                               OH est22all.txt 03DEC2023
39  27     4970     4003     5937 12.2  9.8 14.6     1522     1135     1909 16.6 12.4 20.8     1071      793     1349 15.9 11.8 20.0  65927  59065  72789                                        Clinton County                                OH est22all.txt 03DEC2023
39  29    15017    12334    17700 15.5 12.7 18.3     4371     3337     5405 22.1 16.9 27.3     3097     2341     3853 21.0 15.9 26.1  54167  50242  58092                                        Columbiana County                             OH est22all.txt 03DEC2023
39  31     5448     4543     6353 15.1 12.6 17.6     1586     1180     1992 18.6 13.8 23.4     1050      753     1347 16.7 12.0 21.4  50731  45379  56083                                        Coshocton County                              OH est22all.txt 03DEC2023
39  33     6206     5004     7408 15.2 12.3 18.1     1963     1469     2457 22.5 16.8 28.2     1317      960     1674 20.6 15.0 26.2  55912  51139  60685                                        Crawford County                               OH est22all.txt 03DEC2023
39  35   201450   188933   213967 16.6 15.6 17.6    59651    53834    65468 24.1 21.7 26.5    42101    37565    46637 23.1 20.6 25.6  60808  59354  62262                                        Cuyahoga County                               OH est22all.txt 03DEC2023
39  37     5539     4680     6398 10.9  9.2 12.6     1530     1105     1955 12.9  9.3 16.5     1121      809     1433 12.7  9.2 16.2  65643  59711  71575                                        Darke County                                  OH est22all.txt 03DEC2023
39  39     4023     3324     4722 10.7  8.8 12.6     1116      798     1434 13.2  9.4 17.0      796      570     1022 12.7  9.1 16.3  63904  57473  70335                                        Defiance County                               OH est22all.txt 03DEC2023
39  41    10385     8590    12180  4.6  3.8  5.4     2494     1934     3054  4.5  3.5  5.5     1611     1211     2011  3.8  2.9  4.7 121528 114543 128513                                        Delaware County                               OH est22all.txt 03DEC2023
39  43     8335     6843     9827 11.4  9.4 13.4     2273     1572     2974 15.9 11.0 20.8     1678     1173     2183 15.9 11.1 20.7  67925  62754  73096                                        Erie County                                   OH est22all.txt 03DEC2023
39  45    13961    11779    16143  8.8  7.4 10.2     3906     2929     4883 10.3  7.7 12.9     2711     2000     3422  9.5  7.0 12.0  82447  78096  86798                                        Fairfield County                              OH est22all.txt 03DEC2023
39  47     4166     3378     4954 14.7 11.9 17.5     1313      966     1660 20.1 14.8 25.4      925      688     1162 19.0 14.1 23.9  56901  50413  63389                                        Fayette County                                OH est22all.txt 03DEC2023
39  49   195678   183772   207584 15.1 14.2 16.0    62061    55669    68453 20.8 18.7 22.9    45010    40298    49722 21.1 18.9 23.3  69762  67962  71562                                        Franklin County                               OH est22all.txt 03DEC2023
39  51     3393     2653     4133  8.1  6.3  9.9      978      690     1266 10.3  7.3 13.3      677      470      884  9.5  6.6 12.4  75383  68879  81887                                        Fulton County                                 OH est22all.txt 03DEC2023
39  53     5676     4661     6691 20.0 16.4 23.6     1873     1437     2309 28.2 21.6 34.8     1257      915     1599 25.9 18.9 32.9  51449  45467  57431                                        Gallia County                                 OH est22all.txt 03DEC2023
39  55     5997     4698     7296  6.4  5.0  7.8     1380      973     1787  6.6  4.6  8.6      990      693     1287  6.3  4.4  8.2 101636  93380 109892                                        Geauga County                                 OH est22all.txt 03DEC2023
39  57    15145    12557    17733  9.4  7.8 11.0     3640     2599     4681 10.7  7.6 13.8     2700     1939     3461 10.6  7.6 13.6  82769  76561  88977                                        Greene County                                 OH est22all.txt 03DEC2023
39  59     5719     4684     6754 15.2 12.5 17.9     1722     1242     2202 21.0 15.1 26.9     1267      930     1604 21.0 15.4 26.6  56004  51550  60458                                        Guernsey County                               OH est22all.txt 03DEC2023
39  61   124767   116007   133527 15.6 14.5 16.7    33164    28094    38234 18.1 15.3 20.9    23152    18718    27586 17.3 14.0 20.6  67033  64779  69287                                        Hamilton County                               OH est22all.txt 03DEC2023
39  63     6286     4842     7730  8.6  6.6 10.6     1816     1281     2351 11.5  8.1 14.9     1310      929     1691 11.3  8.0 14.6  72658  65849  79467                                        Hancock County                                OH est22all.txt 03DEC2023
39  65     4269     3327     5211 15.0 11.7 18.3     1235      878     1592 17.9 12.7 23.1      826      574     1078 16.4 11.4 21.4  58844  54884  62804                                        Hardin County                                 OH est22all.txt 03DEC2023
39  67     1962     1507     2417 13.9 10.7 17.1      622      440      804 21.2 15.0 27.4      440      311      569 20.1 14.2 26.0  55129  48644  61614                                        Harrison County                               OH est22all.txt 03DEC2023
39  69     2444     1915     2973  9.0  7.0 11.0      684      491      877 11.1  8.0 14.2      473      330      616 10.3  7.2 13.4  72122  64328  79916                                        Henry County                                  OH est22all.txt 03DEC2023
39  71     6339     5137     7541 14.8 12.0 17.6     2050     1487     2613 20.4 14.8 26.0     1381      978     1784 18.8 13.3 24.3  59464  54442  64486                                        Highland County                               OH est22all.txt 03DEC2023
39  73     4194     3367     5021 15.2 12.2 18.2     1181      824     1538 20.0 13.9 26.1      817      551     1083 18.4 12.4 24.4  57353  51406  63300                                        Hocking County                                OH est22all.txt 03DEC2023
39  75     3505     2629     4381  8.0  6.0 10.0     1199      815     1583  9.1  6.2 12.0      835      554     1116  8.8  5.8 11.8  75226  68107  82345                                        Holmes County                                 OH est22all.txt 03DEC2023
39  77     7438     6033     8843 12.9 10.5 15.3     2354     1766     2942 17.6 13.2 22.0     1610     1184     2036 16.0 11.8 20.2  61482  57198  65766                                        Huron County                                  OH est22all.txt 03DEC2023
39  79     5912     4796     7028 18.4 14.9 21.9     1747     1247     2247 23.2 16.6 29.8     1233      859     1607 22.1 15.4 28.8  54893  49986  59800                                        Jackson County                                OH est22all.txt 03DEC2023
39  81    11626     9778    13474 18.8 15.8 21.8     3656     2913     4399 30.0 23.9 36.1     2467     1886     3048 27.5 21.0 34.0  54272  49697  58847                                        Jefferson County                              OH est22all.txt 03DEC2023
39  83     7287     5877     8697 12.2  9.8 14.6     2125     1544     2706 15.2 11.0 19.4     1440     1012     1868 14.0  9.8 18.2  68334  60876  75792                                        Knox County                                   OH est22all.txt 03DEC2023
39  85    20444    17523    23365  8.9  7.6 10.2     4930     3667     6193 11.3  8.4 14.2     3478     2561     4395 10.6  7.8 13.4  76163  70916  81410                                        Lake County                                   OH est22all.txt 03DEC2023
39  87     9583     7895    11271 17.1 14.1 20.1     2646     1915     3377 22.3 16.1 28.5     1885     1301     2469 21.1 14.6 27.6  51062  46638  55486                                        Lawrence County                               OH est22all.txt 03DEC2023
39  89    18074    15446    20702 10.2  8.7 11.7     4685     3413     5957 11.6  8.5 14.7     3148     2229     4067 10.4  7.4 13.4  76596  72389  80803                                        Licking County                                OH est22all.txt 03DEC2023
39  91     5858     4823     6893 12.9 10.6 15.2     1846     1438     2254 18.2 14.2 22.2     1243      944     1542 16.7 12.7 20.7  62449  58336  66562                                        Logan County                                  OH est22all.txt 03DEC2023
39  93    39513    35044    43982 12.8 11.4 14.2    12843    10638    15048 19.2 15.9 22.5     8711     7022    10400 17.5 14.1 20.9  67124  63882  70366                                        Lorain County                                 OH est22all.txt 03DEC2023
39  95    74533    67610    81456 17.9 16.2 19.6    22229    18556    25902 23.4 19.5 27.3    15529    12676    18382 22.3 18.2 26.4  57971  55689  60253                                        Lucas County                                  OH est22all.txt 03DEC2023
39  97     3926     3007     4845 10.0  7.7 12.3     1163      854     1472 13.7 10.1 17.3      778      551     1005 12.3  8.7 15.9  78533  72926  84140                                        Madison County                                OH est22all.txt 03DEC2023
39  99    41912    37540    46284 19.2 17.2 21.2    12532    10618    14446 28.1 23.8 32.4     8675     7137    10213 26.4 21.7 31.1  54774  52096  57452                                        Mahoning County                               OH est22all.txt 03DEC2023
39 101    10029     8467    11591 16.9 14.3 19.5     3129     2423     3835 23.3 18.1 28.5     2227     1713     2741 22.6 17.4 27.8  59012  52517  65507                                        Marion County                                 OH est22all.txt 03DEC2023
39 103    12288    10506    14070  6.8  5.8  7.8     2778     2070     3486  7.3  5.5  9.1     1963     1464     2462  6.7  5.0  8.4  89108  83759  94457                                        Medina County                                 OH est22all.txt 03DEC2023
39 105     3969     3199     4739 18.3 14.8 21.8     1107      774     1440 25.0 17.5 32.5      753      506     1000 22.5 15.1 29.9  46393  41415  51371                                        Meigs County                                  OH est22all.txt 03DEC2023
39 107     3447     2768     4126  8.3  6.7  9.9      950      671     1229  8.7  6.1 11.3      645      446      844  8.4  5.8 11.0  72077  66768  77386                                        Mercer County                                 OH est22all.txt 03DEC2023
39 109    10693     8612    12774  9.8  7.9 11.7     3247     2460     4034 13.2 10.0 16.4     2319     1741     2897 12.6  9.5 15.7  72887  66651  79123                                        Miami County                                  OH est22all.txt 03DEC2023
39 111     1823     1382     2264 13.9 10.5 17.3      557      384      730 21.2 14.6 27.8      404      274      534 20.6 14.0 27.2  56384  50688  62080                                        Monroe County                                 OH est22all.txt 03DEC2023
39 113    74391    67319    81463 14.3 12.9 15.7    23088    19857    26319 20.1 17.3 22.9    15696    13089    18303 18.7 15.6 21.8  62794  60382  65206                                        Montgomery County                             OH est22all.txt 03DEC2023
39 115     2292     1828     2756 17.0 13.6 20.4      676      477      875 24.2 17.1 31.3      476      332      620 22.9 16.0 29.8  58803  55738  61868                                        Morgan County                                 OH est22all.txt 03DEC2023
39 117     3783     3102     4464 10.8  8.9 12.7     1076      771     1381 14.4 10.3 18.5      765      536      994 13.8  9.7 17.9  71835  65453  78217                                        Morrow County                                 OH est22all.txt 03DEC2023
39 119    11524     9471    13577 13.7 11.3 16.1     3440     2349     4531 18.2 12.4 24.0     2380     1582     3178 17.1 11.4 22.8  58791  54002  63580                                        Muskingum County                              OH est22all.txt 03DEC2023
39 121     1835     1393     2277 15.9 12.1 19.7      449      316      582 16.9 11.9 21.9      318      223      413 16.6 11.6 21.6  57054  50516  63592                                        Noble County                                  OH est22all.txt 03DEC2023
39 123     3917     3200     4634  9.9  8.1 11.7      995      761     1229 14.5 11.1 17.9      682      511      853 12.9  9.7 16.1  72780  65476  80084                                        Ottawa County                                 OH est22all.txt 03DEC2023
39 125     1861     1437     2285 10.0  7.7 12.3      606      418      794 14.0  9.7 18.3      417      287      547 13.2  9.1 17.3  66332  60890  71774                                        Paulding County                               OH est22all.txt 03DEC2023
39 127     5445     4628     6262 15.5 13.2 17.8     1540     1087     1993 19.1 13.5 24.7     1136      801     1471 18.9 13.3 24.5  60448  55216  65680                                        Perry County                                  OH est22all.txt 03DEC2023
39 129     5369     4133     6605  9.6  7.4 11.8     1587     1079     2095 12.6  8.6 16.6     1179      804     1554 12.7  8.7 16.7  75916  67910  83922                                        Pickaway County                               OH est22all.txt 03DEC2023
39 131     5252     4239     6265 19.7 15.9 23.5     1610     1127     2093 25.9 18.1 33.7     1153      804     1502 25.0 17.4 32.6  55029  48739  61319                                        Pike County                                   OH est22all.txt 03DEC2023
39 133    19299    16662    21936 12.4 10.7 14.1     3538     2634     4442 12.4  9.2 15.6     2339     1618     3060 10.8  7.5 14.1  72965  66850  79080                                        Portage County                                OH est22all.txt 03DEC2023
39 135     4221     3400     5042 10.5  8.5 12.5     1336     1008     1664 15.3 11.5 19.1      945      712     1178 14.3 10.8 17.8  67605  61809  73401                                        Preble County                                 OH est22all.txt 03DEC2023
39 137     2206     1723     2689  6.5  5.1  7.9      620      427      813  7.2  5.0  9.4      437      300      574  6.7  4.6  8.8  81780  75239  88321                                        Putnam County                                 OH est22all.txt 03DEC2023
39 139    17953    15178    20728 15.2 12.8 17.6     5416     4144     6688 20.5 15.7 25.3     3765     2837     4693 19.4 14.6 24.2  54906  50756  59056                                        Richland County                               OH est22all.txt 03DEC2023
39 141     9783     7689    11877 13.7 10.8 16.6     3045     2195     3895 19.4 14.0 24.8     2218     1624     2812 19.1 14.0 24.2  60352  56771  63933                                        Ross County                                   OH est22all.txt 03DEC2023
39 143     6996     5843     8149 12.1 10.1 14.1     1888     1403     2373 15.2 11.3 19.1     1179      827     1531 12.7  8.9 16.5  62473  58149  66797                                        Sandusky County                               OH est22all.txt 03DEC2023
39 145    15113    12764    17462 21.8 18.4 25.2     4312     3343     5281 28.2 21.9 34.5     2785     2039     3531 24.4 17.9 30.9  48465  43988  52942                                        Scioto County                                 OH est22all.txt 03DEC2023
39 147     6258     5035     7481 12.0  9.7 14.3     1751     1257     2245 15.4 11.1 19.7     1206      835     1577 14.4 10.0 18.8  63221  60626  65816                                        Seneca County                                 OH est22all.txt 03DEC2023
39 149     4402     3451     5353  9.3  7.3 11.3     1390      978     1802 12.3  8.7 15.9      936      644     1228 11.3  7.8 14.8  72498  66096  78900                                        Shelby County                                 OH est22all.txt 03DEC2023
39 151    48044    42801    53287 13.2 11.8 14.6    14661    12051    17271 18.8 15.4 22.2    10142     8183    12101 17.5 14.1 20.9  64557  61814  67300                                        Stark County                                  OH est22all.txt 03DEC2023
39 153    66303    59625    72981 12.6 11.3 13.9    18853    15741    21965 17.5 14.6 20.4    12896    10355    15437 16.1 12.9 19.3  66034  63583  68485                                        Summit County                                 OH est22all.txt 03DEC2023
39 155    31959    28392    35526 16.2 14.4 18.0    10549     8790    12308 26.2 21.8 30.6     7183     5823     8543 23.9 19.4 28.4  54406  50710  58102                                        Trumbull County                               OH est22all.txt 03DEC2023
39 157    10432     8632    12232 11.5  9.5 13.5     2870     2061     3679 14.0 10.0 18.0     1978     1390     2566 13.3  9.3 17.3  59626  55829  63423                                        Tuscarawas County                             OH est22all.txt 03DEC2023
39 159     3331     2643     4019  5.2  4.1  6.3      829      570     1088  5.3  3.7  6.9      554      377      731  4.7  3.2  6.2 104512  96467 112557                                        Union County                                  OH est22all.txt 03DEC2023
39 161     2634     2122     3146  9.3  7.5 11.1      724      491      957 11.2  7.6 14.8      527      358      696 11.1  7.5 14.7  59377  54213  64541                                        Van Wert County                               OH est22all.txt 03DEC2023
39 163     2607     2136     3078 20.9 17.1 24.7      750      537      963 29.0 20.8 37.2      512      347      677 26.8 18.2 35.4  51015  45154  56876                                        Vinton County                                 OH est22all.txt 03DEC2023
39 165    13373    11129    15617  5.5  4.6  6.4     3354     2477     4231  5.8  4.3  7.3     2215     1560     2870  5.0  3.5  6.5 104523 100439 108607                                        Warren County                                 OH est22all.txt 03DEC2023
39 167     8812     7428    10196 15.3 12.9 17.7     2360     1820     2900 21.0 16.2 25.8     1718     1318     2118 20.4 15.6 25.2  59196  54415  63977                                        Washington County                             OH est22all.txt 03DEC2023
39 169    11468     9361    13575 10.2  8.3 12.1     3409     2483     4335 12.5  9.1 15.9     2402     1678     3126 12.0  8.4 15.6  70121  65848  74394                                        Wayne County                                  OH est22all.txt 03DEC2023
39 171     4368     3653     5083 12.3 10.3 14.3     1166      881     1451 15.0 11.3 18.7      756      550      962 13.2  9.6 16.8  60983  56198  65768                                        Williams County                               OH est22all.txt 03DEC2023
39 173    15268    13394    17142 12.1 10.6 13.6     2398     1741     3055  9.2  6.7 11.7     1655     1181     2129  8.5  6.1 10.9  67254  63179  71329                                        Wood County                                   OH est22all.txt 03DEC2023
39 175     1929     1496     2362  9.1  7.1 11.1      506      358      654 10.9  7.7 14.1      354      247      461 10.2  7.1 13.3  65631  58382  72880                                        Wyandot County                                OH est22all.txt 03DEC2023
40   0   608531   596773   620289 15.6 15.3 15.9   184552   177619   191485 19.7 19.0 20.4   129880   123768   135992 18.7 17.8 19.6  59632  58951  60313   51330   48158   54502 21.8 20.5 23.1 Oklahoma                                      OK est22all.txt 03DEC2023
40   1     4014     3255     4773 20.7 16.8 24.6     1438     1004     1872 28.3 19.7 36.9      987      673     1301 26.5 18.0 35.0  47799  43625  51973                                        Adair County                                  OK est22all.txt 03DEC2023
40   3      797      594     1000 17.9 13.4 22.4      194      134      254 17.9 12.4 23.4      138       94      182 16.7 11.4 22.0  58045  52122  63968                                        Alfalfa County                                OK est22all.txt 03DEC2023
40   5     2523     2028     3018 20.0 16.1 23.9      695      472      918 23.7 16.1 31.3      483      318      648 21.8 14.4 29.2  46160  41362  50958                                        Atoka County                                  OK est22all.txt 03DEC2023
40   7      613      465      761 12.4  9.4 15.4      194      132      256 16.4 11.1 21.7      139       93      185 15.1 10.2 20.0  64431  58686  70176                                        Beaver County                                 OK est22all.txt 03DEC2023
40   9     3771     2913     4629 19.3 14.9 23.7     1257      900     1614 24.1 17.3 30.9      882      623     1141 22.5 15.9 29.1  53119  48642  57596                                        Beckham County                                OK est22all.txt 03DEC2023
40  11     1401     1094     1708 16.9 13.2 20.6      469      323      615 22.2 15.3 29.1      350      242      458 22.2 15.3 29.1  54616  49617  59615                                        Blaine County                                 OK est22all.txt 03DEC2023
40  13     7726     6528     8924 16.4 13.9 18.9     1941     1416     2466 17.9 13.1 22.7     1514     1121     1907 19.2 14.2 24.2  53782  50246  57318                                        Bryan County                                  OK est22all.txt 03DEC2023
40  15     4294     3385     5203 19.1 15.1 23.1     1343      930     1756 23.0 15.9 30.1      984      679     1289 22.7 15.7 29.7  51071  47627  54515                                        Caddo County                                  OK est22all.txt 03DEC2023
40  17    14428    12202    16654  8.7  7.4 10.0     4201     3151     5251 10.0  7.5 12.5     2811     2025     3597  8.8  6.3 11.3  81761  77223  86299                                        Canadian County                               OK est22all.txt 03DEC2023
40  19     7436     6016     8856 15.5 12.5 18.5     2359     1636     3082 19.8 13.7 25.9     1668     1127     2209 19.0 12.8 25.2  56052  52568  59536                                        Carter County                                 OK est22all.txt 03DEC2023
40  21     8578     6927    10229 18.5 14.9 22.1     2264     1537     2991 22.6 15.3 29.9     1587     1057     2117 21.7 14.5 28.9  49403  45471  53335                                        Cherokee County                               OK est22all.txt 03DEC2023
40  23     3451     2895     4007 24.4 20.5 28.3     1065      796     1334 30.5 22.8 38.2      717      505      929 28.2 19.9 36.5  41999  37978  46020                                        Choctaw County                                OK est22all.txt 03DEC2023
40  25      381      281      481 17.0 12.5 21.5      147       99      195 25.3 17.1 33.5      101       67      135 22.3 14.9 29.7  50900  44303  57497                                        Cimarron County                               OK est22all.txt 03DEC2023
40  27    37908    34023    41793 13.3 11.9 14.7     7695     5884     9506 13.0  9.9 16.1     5388     4052     6724 11.9  8.9 14.9  70923  67290  74556                                        Cleveland County                              OK est22all.txt 03DEC2023
40  29     1221      972     1470 23.3 18.5 28.1      375      269      481 29.9 21.5 38.3      270      193      347 30.7 22.0 39.4  44040  39755  48325                                        Coal County                                   OK est22all.txt 03DEC2023
40  31    17939    15200    20678 15.9 13.5 18.3     5386     4011     6761 18.8 14.0 23.6     3829     2837     4821 18.7 13.9 23.5  55600  52440  58760                                        Comanche County                               OK est22all.txt 03DEC2023
40  33     1014      789     1239 18.7 14.5 22.9      349      257      441 28.0 20.6 35.4      236      167      305 24.5 17.3 31.7  51036  45263  56809                                        Cotton County                                 OK est22all.txt 03DEC2023
40  35     2740     2241     3239 20.6 16.8 24.4      818      605     1031 26.7 19.7 33.7      591      434      748 25.5 18.7 32.3  48922  43480  54364                                        Craig County                                  OK est22all.txt 03DEC2023
40  37    10554     8921    12187 14.7 12.4 17.0     3060     2275     3845 18.6 13.8 23.4     2277     1668     2886 18.3 13.4 23.2  57545  53304  61786                                        Creek County                                  OK est22all.txt 03DEC2023
40  39     4169     3250     5088 15.8 12.3 19.3     1186      778     1594 17.5 11.5 23.5      852      556     1148 16.7 10.9 22.5  54056  49331  58781                                        Custer County                                 OK est22all.txt 03DEC2023
40  41     7158     5944     8372 17.5 14.5 20.5     2060     1473     2647 25.9 18.5 33.3     1499     1049     1949 24.7 17.3 32.1  54799  52284  57314                                        Delaware County                               OK est22all.txt 03DEC2023
40  43      611      467      755 14.1 10.8 17.4      190      134      246 16.5 11.6 21.4      127       87      167 14.4  9.9 18.9  55444  49044  61844                                        Dewey County                                  OK est22all.txt 03DEC2023
40  45      544      424      664 15.1 11.8 18.4      157      109      205 19.9 13.8 26.0      110       75      145 18.2 12.4 24.0  54087  47353  60821                                        Ellis County                                  OK est22all.txt 03DEC2023
40  47     9431     7734    11128 15.6 12.8 18.4     3284     2432     4136 21.1 15.6 26.6     2298     1681     2915 20.0 14.6 25.4  55515  52597  58433                                        Garfield County                               OK est22all.txt 03DEC2023
40  49     4272     3536     5008 16.8 13.9 19.7     1322      964     1680 21.1 15.4 26.8      944      677     1211 19.7 14.1 25.3  49245  45708  52782                                        Garvin County                                 OK est22all.txt 03DEC2023
40  51     8226     7077     9375 15.0 12.9 17.1     2418     1918     2918 18.8 14.9 22.7     1743     1369     2117 17.7 13.9 21.5  66930  62657  71203                                        Grady County                                  OK est22all.txt 03DEC2023
40  53      581      451      711 14.4 11.2 17.6      168      116      220 17.1 11.8 22.4      115       76      154 15.8 10.5 21.1  55657  48887  62427                                        Grant County                                  OK est22all.txt 03DEC2023
40  55     1062      790     1334 22.8 17.0 28.6      314      211      417 28.1 18.8 37.4      222      148      296 26.4 17.6 35.2  40545  35552  45538                                        Greer County                                  OK est22all.txt 03DEC2023
40  57      617      466      768 26.1 19.7 32.5      233      159      307 36.4 24.8 48.0      172      116      228 35.7 24.1 47.3  41170  36315  46025                                        Harmon County                                 OK est22all.txt 03DEC2023
40  59      331      243      419 10.7  7.8 13.6      110       75      145 14.8 10.0 19.6       79       53      105 13.4  9.0 17.8  65228  59972  70484                                        Harper County                                 OK est22all.txt 03DEC2023
40  61     2372     1908     2836 20.5 16.5 24.5      774      556      992 29.0 20.8 37.2      556      392      720 27.7 19.5 35.9  44536  40350  48722                                        Haskell County                                OK est22all.txt 03DEC2023
40  63     2649     2012     3286 22.8 17.3 28.3      799      557     1041 27.9 19.4 36.4      585      411      759 28.2 19.8 36.6  43773  38863  48683                                        Hughes County                                 OK est22all.txt 03DEC2023
40  65     4032     3272     4792 17.0 13.8 20.2     1281      928     1634 21.1 15.3 26.9      843      571     1115 19.3 13.1 25.5  53513  48861  58165                                        Jackson County                                OK est22all.txt 03DEC2023
40  67     1132      871     1393 21.3 16.4 26.2      389      271      507 29.9 20.9 38.9      273      185      361 26.9 18.3 35.5  44188  39596  48780                                        Jefferson County                              OK est22all.txt 03DEC2023
40  69     2080     1669     2491 20.8 16.7 24.9      645      462      828 26.7 19.1 34.3      456      320      592 25.3 17.8 32.8  48452  42925  53979                                        Johnston County                               OK est22all.txt 03DEC2023
40  71     6820     5515     8125 16.0 12.9 19.1     2484     1826     3142 23.5 17.3 29.7     1715     1236     2194 21.6 15.6 27.6  53066  49774  56358                                        Kay County                                    OK est22all.txt 03DEC2023
40  73     1803     1411     2195 12.0  9.4 14.6      657      496      818 16.5 12.4 20.6      439      319      559 14.5 10.6 18.4  73023  65571  80475                                        Kingfisher County                             OK est22all.txt 03DEC2023
40  75     1872     1520     2224 22.8 18.5 27.1      650      496      804 32.5 24.8 40.2      419      299      539 27.3 19.5 35.1  44959  40016  49902                                        Kiowa County                                  OK est22all.txt 03DEC2023
40  77     1930     1493     2367 20.7 16.0 25.4      687      495      879 32.3 23.3 41.3      463      319      607 29.8 20.5 39.1  42409  37615  47203                                        Latimer County                                OK est22all.txt 03DEC2023
40  79     8966     7552    10380 19.0 16.0 22.0     2877     2180     3574 24.9 18.9 30.9     1926     1429     2423 22.3 16.6 28.0  47026  43599  50453                                        Le Flore County                               OK est22all.txt 03DEC2023
40  81     5189     4300     6078 15.3 12.7 17.9     1716     1337     2095 22.1 17.2 27.0     1137      840     1434 19.0 14.0 24.0  54922  50625  59219                                        Lincoln County                                OK est22all.txt 03DEC2023
40  83     6069     4869     7269 12.0  9.6 14.4     1612     1161     2063 14.6 10.5 18.7     1204      876     1532 14.3 10.4 18.2  76331  70837  81825                                        Logan County                                  OK est22all.txt 03DEC2023
40  85     1363     1052     1674 13.5 10.4 16.6      457      312      602 18.8 12.8 24.8      313      207      419 17.0 11.2 22.8  64723  60851  68595                                        Love County                                   OK est22all.txt 03DEC2023
40  87     4499     3587     5411 10.0  8.0 12.0     1401      996     1806 12.7  9.0 16.4      970      661     1279 11.2  7.6 14.8  75474  70444  80504                                        McClain County                                OK est22all.txt 03DEC2023
40  89     6395     5073     7717 20.9 16.6 25.2     2276     1638     2914 28.4 20.4 36.4     1615     1145     2085 27.5 19.5 35.5  44465  40214  48716                                        McCurtain County                              OK est22all.txt 03DEC2023
40  91     4013     3303     4723 20.9 17.2 24.6     1144      837     1451 29.4 21.5 37.3      834      606     1062 29.0 21.1 36.9  43700  38849  48551                                        McIntosh County                               OK est22all.txt 03DEC2023
40  93      900      678     1122 12.2  9.2 15.2      302      205      399 16.2 11.0 21.4      206      139      273 14.4  9.7 19.1  63840  57617  70063                                        Major County                                  OK est22all.txt 03DEC2023
40  95     2413     1913     2913 15.5 12.3 18.7      721      508      934 20.6 14.5 26.7      522      364      680 20.7 14.4 27.0  51341  45936  56746                                        Marshall County                               OK est22all.txt 03DEC2023
40  97     6977     5966     7988 17.8 15.2 20.4     2059     1577     2541 23.3 17.8 28.8     1392     1033     1751 21.1 15.7 26.5  50174  47026  53322                                        Mayes County                                  OK est22all.txt 03DEC2023
40  99     1783     1355     2211 13.5 10.3 16.7      519      342      696 17.2 11.3 23.1      365      239      491 16.0 10.5 21.5  60307  54529  66085                                        Murray County                                 OK est22all.txt 03DEC2023
40 101    11939    10213    13665 19.1 16.3 21.9     3881     3024     4738 24.6 19.2 30.0     2681     2044     3318 22.8 17.4 28.2  53035  50192  55878                                        Muskogee County                               OK est22all.txt 03DEC2023
40 103     1278      961     1595 12.0  9.0 15.0      372      245      499 15.3 10.1 20.5      266      174      358 14.7  9.6 19.8  61415  54350  68480                                        Noble County                                  OK est22all.txt 03DEC2023
40 105     1476     1142     1810 15.7 12.1 19.3      490      338      642 22.4 15.4 29.4      343      231      455 21.5 14.5 28.5  54339  48293  60385                                        Nowata County                                 OK est22all.txt 03DEC2023
40 107     2395     1900     2890 23.8 18.9 28.7      727      522      932 29.6 21.2 38.0      518      363      673 28.3 19.8 36.8  43544  38529  48559                                        Okfuskee County                               OK est22all.txt 03DEC2023
40 109   125992   116594   135390 16.0 14.8 17.2    40662    35591    45733 20.7 18.1 23.3    28820    25148    32492 20.1 17.5 22.7  61580  59715  63445                                        Oklahoma County                               OK est22all.txt 03DEC2023
40 111     6844     5629     8059 19.2 15.8 22.6     2192     1613     2771 25.8 19.0 32.6     1516     1062     1970 23.4 16.4 30.4  45754  42883  48625                                        Okmulgee County                               OK est22all.txt 03DEC2023
40 113     6270     5100     7440 14.1 11.5 16.7     1789     1293     2285 19.5 14.1 24.9     1158      795     1521 16.1 11.0 21.2  58677  54661  62693                                        Osage County                                  OK est22all.txt 03DEC2023
40 115     5806     5047     6565 19.8 17.2 22.4     1814     1409     2219 24.4 19.0 29.8     1213      898     1528 21.8 16.1 27.5  47855  45324  50386                                        Ottawa County                                 OK est22all.txt 03DEC2023
40 117     2618     2104     3132 16.9 13.6 20.2      812      587     1037 22.3 16.1 28.5      553      384      722 20.2 14.0 26.4  54690  48622  60758                                        Pawnee County                                 OK est22all.txt 03DEC2023
40 119    14232    11991    16473 19.4 16.3 22.5     2595     1848     3342 17.7 12.6 22.8     1826     1274     2378 16.9 11.8 22.0  51236  45714  56758                                        Payne County                                  OK est22all.txt 03DEC2023
40 121     7068     5811     8325 17.1 14.1 20.1     1939     1330     2548 20.0 13.7 26.3     1417      951     1883 19.6 13.2 26.0  47930  44011  51849                                        Pittsburg County                              OK est22all.txt 03DEC2023
40 123     5262     4115     6409 14.1 11.0 17.2     1652     1145     2159 17.7 12.3 23.1     1130      759     1501 16.5 11.1 21.9  56077  51649  60505                                        Pontotoc County                               OK est22all.txt 03DEC2023
40 125    13444    11982    14906 19.2 17.1 21.3     3678     2959     4397 22.3 17.9 26.7     2855     2333     3377 23.2 19.0 27.4  52695  48331  57059                                        Pottawatomie County                           OK est22all.txt 03DEC2023
40 127     2344     1892     2796 22.1 17.8 26.4      693      513      873 31.2 23.1 39.3      513      379      647 30.1 22.2 38.0  39267  35783  42751                                        Pushmataha County                             OK est22all.txt 03DEC2023
40 129      538      416      660 16.3 12.6 20.0      176      124      228 22.4 15.8 29.0      125       87      163 20.3 14.1 26.5  55183  51519  58847                                        Roger Mills County                            OK est22all.txt 03DEC2023
40 131    10019     8407    11631 10.3  8.6 12.0     2881     2178     3584 13.0  9.8 16.2     2055     1532     2578 12.2  9.1 15.3  72952  68750  77154                                        Rogers County                                 OK est22all.txt 03DEC2023
40 133     5672     4973     6371 25.0 21.9 28.1     1827     1485     2169 33.2 27.0 39.4     1318     1057     1579 31.5 25.2 37.8  44114  39878  48350                                        Seminole County                               OK est22all.txt 03DEC2023
40 135     8282     7135     9429 21.2 18.3 24.1     2684     2106     3262 29.2 22.9 35.5     1930     1488     2372 28.4 21.9 34.9  47450  43130  51770                                        Sequoyah County                               OK est22all.txt 03DEC2023
40 137     8361     7146     9576 19.4 16.6 22.2     2479     1931     3027 25.6 19.9 31.3     1613     1199     2027 22.2 16.5 27.9  55309  50793  59825                                        Stephens County                               OK est22all.txt 03DEC2023
40 139     2543     1942     3144 12.7  9.7 15.7      845      578     1112 14.8 10.1 19.5      588      401      775 14.2  9.7 18.7  60719  54585  66853                                        Texas County                                  OK est22all.txt 03DEC2023
40 141     1446     1125     1767 21.1 16.4 25.8      495      350      640 30.6 21.6 39.6      355      243      467 29.2 20.0 38.4  44333  39253  49413                                        Tillman County                                OK est22all.txt 03DEC2023
40 143   102568    96530   108606 15.4 14.5 16.3    33102    30007    36197 20.2 18.3 22.1    23113    20787    25439 19.1 17.2 21.0  63442  62013  64871                                        Tulsa County                                  OK est22all.txt 03DEC2023
40 145     7946     6493     9399  9.2  7.5 10.9     2473     1867     3079 12.5  9.4 15.6     1701     1238     2164 11.2  8.2 14.2  73851  69443  78259                                        Wagoner County                                OK est22all.txt 03DEC2023
40 147     7268     5910     8626 14.0 11.4 16.6     2288     1698     2878 18.4 13.7 23.1     1559     1140     1978 16.7 12.2 21.2  61704  56372  67036                                        Washington County                             OK est22all.txt 03DEC2023
40 149     1825     1437     2213 17.4 13.7 21.1      679      498      860 26.3 19.3 33.3      495      361      629 25.6 18.7 32.5  54789  48923  60655                                        Washita County                                OK est22all.txt 03DEC2023
40 151     1300     1012     1588 17.2 13.4 21.0      291      195      387 16.4 11.0 21.8      209      136      282 15.8 10.3 21.3  54020  47671  60369                                        Woods County                                  OK est22all.txt 03DEC2023
40 153     2744     2092     3396 14.7 11.2 18.2      891      620     1162 19.2 13.4 25.0      664      465      863 19.0 13.3 24.7  61248  58926  63570                                        Woodward County                               OK est22all.txt 03DEC2023
41   0   500100   486802   513398 12.0 11.7 12.3   111198   104554   117842 13.6 12.8 14.4    76942    70953    82931 12.5 11.5 13.5  75638  74498  76778   29493   26515   32471 14.8 13.3 16.3 Oregon                                        OR est22all.txt 03DEC2023
41   1     2570     1983     3157 15.5 11.9 19.1      677      464      890 20.7 14.2 27.2      488      330      646 19.9 13.4 26.4  54382  48712  60052                                        Baker County                                  OR est22all.txt 03DEC2023
41   3    16365    14713    18017 17.8 16.0 19.6     1746     1300     2192 12.0  8.9 15.1     1255      931     1579 11.2  8.3 14.1  70117  65220  75014                                        Benton County                                 OR est22all.txt 03DEC2023
41   5    34381    30383    38379  8.2  7.2  9.2     7786     6308     9264  9.1  7.4 10.8     4913     3788     6038  7.5  5.8  9.2  96915  92490 101340                                        Clackamas County                              OR est22all.txt 03DEC2023
41   7     5342     4405     6279 12.9 10.6 15.2     1065      714     1416 14.8  9.9 19.7      739      490      988 13.6  9.0 18.2  63667  57980  69354                                        Clatsop County                                OR est22all.txt 03DEC2023
41   9     5957     4976     6938 11.2  9.4 13.0     1299      947     1651 12.2  8.9 15.5      871      609     1133 10.9  7.6 14.2  77572  72014  83130                                        Columbia County                               OR est22all.txt 03DEC2023
41  11    10552     8647    12457 16.5 13.5 19.5     2523     1832     3214 22.6 16.4 28.8     1786     1273     2299 21.4 15.3 27.5  55983  50914  61052                                        Coos County                                   OR est22all.txt 03DEC2023
41  13     2786     2118     3454 10.6  8.1 13.1      719      484      954 14.3  9.6 19.0      513      342      684 13.8  9.2 18.4  69563  62735  76391                                        Crook County                                  OR est22all.txt 03DEC2023
41  15     3266     2490     4042 13.9 10.6 17.2      685      475      895 20.9 14.5 27.3      489      331      647 20.0 13.5 26.5  54595  48051  61139                                        Curry County                                  OR est22all.txt 03DEC2023
41  17    19627    16857    22397  9.6  8.2 11.0     4471     3535     5407 11.8  9.3 14.3     2798     2090     3506  9.8  7.3 12.3  84281  76759  91803                                        Deschutes County                              OR est22all.txt 03DEC2023
41  19    18753    16358    21148 16.9 14.7 19.1     4147     3146     5148 19.8 15.0 24.6     2821     2041     3601 18.1 13.1 23.1  55837  51082  60592                                        Douglas County                                OR est22all.txt 03DEC2023
41  21      223      168      278 11.2  8.4 14.0       59       40       78 15.2 10.3 20.1       42       28       56 14.6  9.6 19.6  69038  60846  77230                                        Gilliam County                                OR est22all.txt 03DEC2023
41  23     1106      858     1354 15.5 12.0 19.0      270      187      353 21.0 14.5 27.5      184      122      246 19.6 13.0 26.2  58348  51435  65261                                        Grant County                                  OR est22all.txt 03DEC2023
41  25     1095      823     1367 14.8 11.1 18.5      294      200      388 20.6 14.0 27.2      211      141      281 19.7 13.2 26.2  56001  49125  62877                                        Harney County                                 OR est22all.txt 03DEC2023
41  27     2408     1837     2979 10.1  7.7 12.5      615      414      816 11.9  8.0 15.8      427      283      571 11.1  7.4 14.8  75818  67394  84242                                        Hood River County                             OR est22all.txt 03DEC2023
41  29    27349    22972    31726 12.5 10.5 14.5     6314     4513     8115 14.4 10.3 18.5     4710     3339     6081 14.3 10.2 18.4  68239  64082  72396                                        Jackson County                                OR est22all.txt 03DEC2023
41  31     2911     2120     3702 12.0  8.7 15.3     1100      740     1460 19.6 13.2 26.0      764      500     1028 18.4 12.1 24.7  65600  60069  71131                                        Jefferson County                              OR est22all.txt 03DEC2023
41  33    15571    13399    17743 18.0 15.5 20.5     3353     2425     4281 20.9 15.1 26.7     2299     1594     3004 19.4 13.5 25.3  54983  50293  59673                                        Josephine County                              OR est22all.txt 03DEC2023
41  35    10752     8751    12753 15.5 12.6 18.4     2914     1988     3840 19.4 13.2 25.6     2036     1330     2742 18.4 12.0 24.8  54961  49330  60592                                        Klamath County                                OR est22all.txt 03DEC2023
41  37     1291      976     1606 16.5 12.5 20.5      299      205      393 18.8 12.9 24.7      203      134      272 16.6 11.0 22.2  54707  48307  61107                                        Lake County                                   OR est22all.txt 03DEC2023
41  39    56320    50902    61738 15.1 13.7 16.5     9567     7472    11662 14.9 11.6 18.2     7062     5502     8622 14.6 11.4 17.8  64192  61129  67255                                        Lane County                                   OR est22all.txt 03DEC2023
41  41     7756     6426     9086 15.5 12.8 18.2     1634     1208     2060 21.5 15.9 27.1     1132      814     1450 19.7 14.1 25.3  57216  51761  62671                                        Lincoln County                                OR est22all.txt 03DEC2023
41  43    16554    14103    19005 12.8 10.9 14.7     4484     3493     5475 16.2 12.6 19.8     2884     2116     3652 14.1 10.3 17.9  67265  61025  73505                                        Linn County                                   OR est22all.txt 03DEC2023
41  45     5681     4400     6962 19.8 15.3 24.3     1901     1346     2456 23.6 16.7 30.5     1322      918     1726 21.8 15.1 28.5  49380  44218  54542                                        Malheur County                                OR est22all.txt 03DEC2023
41  47    45903    40444    51362 13.6 12.0 15.2    12920    10446    15394 16.3 13.2 19.4     9286     7528    11044 15.6 12.6 18.6  70861  67825  73897                                        Marion County                                 OR est22all.txt 03DEC2023
41  49     1637     1283     1991 13.4 10.5 16.3      531      383      679 16.4 11.8 21.0      379      270      488 15.9 11.3 20.5  67524  59738  75310                                        Morrow County                                 OR est22all.txt 03DEC2023
41  51    94900    87366   102434 12.1 11.1 13.1    17593    14321    20865 13.0 10.6 15.4    11804     9314    14294 11.9  9.4 14.4  79432  75660  83204                                        Multnomah County                              OR est22all.txt 03DEC2023
41  53    11158     9416    12900 12.7 10.7 14.7     2625     2020     3230 13.9 10.7 17.1     1786     1351     2221 12.4  9.4 15.4  77156  71827  82485                                        Polk County                                   OR est22all.txt 03DEC2023
41  55      259      197      321 13.3 10.1 16.5       75       51       99 19.6 13.3 25.9       55       37       73 21.2 14.1 28.3  71460  62271  80649                                        Sherman County                                OR est22all.txt 03DEC2023
41  57     3256     2482     4030 12.0  9.1 14.9      834      579     1089 17.2 11.9 22.5      567      390      744 15.4 10.6 20.2  64877  60924  68830                                        Tillamook County                              OR est22all.txt 03DEC2023
41  59     8917     6814    11020 11.8  9.0 14.6     2872     1973     3771 15.1 10.4 19.8     1967     1312     2622 13.8  9.2 18.4  71012  65761  76263                                        Umatilla County                               OR est22all.txt 03DEC2023
41  61     3841     3211     4471 14.9 12.5 17.3      865      584     1146 15.5 10.5 20.5      604      402      806 14.0  9.3 18.7  57091  51203  62979                                        Union County                                  OR est22all.txt 03DEC2023
41  63      908      676     1140 12.0  8.9 15.1      233      157      309 15.8 10.6 21.0      159      104      214 14.0  9.2 18.8  61648  54744  68552                                        Wallowa County                                OR est22all.txt 03DEC2023
41  65     4160     3548     4772 16.0 13.6 18.4      922      640     1204 16.7 11.6 21.8      678      470      886 16.4 11.4 21.4  60506  53677  67335                                        Wasco County                                  OR est22all.txt 03DEC2023
41  67    45303    39241    51365  7.6  6.6  8.6    10991     8727    13255  8.8  7.0 10.6     7776     6106     9446  8.2  6.4 10.0  98706  95599 101813                                        Washington County                             OR est22all.txt 03DEC2023
41  69      228      169      287 15.9 11.8 20.0       42       28       56 23.3 15.8 30.8       30       20       40 23.3 15.5 31.1  49716  43691  55741                                        Wheeler County                                OR est22all.txt 03DEC2023
41  71    11015     8747    13283 10.7  8.5 12.9     2773     2014     3532 12.6  9.1 16.1     1902     1353     2451 11.5  8.2 14.8  77969  70644  85294                                        Yamhill County                                OR est22all.txt 03DEC2023
42   0  1483039  1455734  1510344 11.8 11.6 12.0   392438   377192   407684 15.2 14.6 15.8   279251   265672   292830 14.6 13.9 15.3  71789  71236  72342  104690   97644  111736 16.0 14.9 17.1 Pennsylvania                                  PA est22all.txt 03DEC2023
42   1     8731     7039    10423  8.6  6.9 10.3     1975     1438     2512 10.0  7.3 12.7     1340      931     1749  8.9  6.2 11.6  76554  71120  81988                                        Adams County                                  PA est22all.txt 03DEC2023
42   3   135204   125648   144760 11.3 10.5 12.1    32153    27774    36532 14.4 12.4 16.4    23105    19721    26489 14.1 12.0 16.2  71973  70412  73534                                        Allegheny County                              PA est22all.txt 03DEC2023
42   5     7982     6534     9430 12.5 10.2 14.8     1946     1365     2527 16.3 11.4 21.2     1406      969     1843 15.5 10.7 20.3  57609  54296  60922                                        Armstrong County                              PA est22all.txt 03DEC2023
42   7    16640    13806    19474 10.2  8.5 11.9     4298     3163     5433 13.7 10.1 17.3     3171     2309     4033 13.4  9.7 17.1  67135  64111  70159                                        Beaver County                                 PA est22all.txt 03DEC2023
42   9     5913     5034     6792 12.6 10.7 14.5     1338      978     1698 14.9 10.9 18.9      971      710     1232 14.6 10.7 18.5  55517  50841  60193                                        Bedford County                                PA est22all.txt 03DEC2023
42  11    45310    39971    50649 10.8  9.5 12.1    13119    10547    15691 14.3 11.5 17.1     9383     7333    11433 13.6 10.6 16.6  72157  69703  74611                                        Berks County                                  PA est22all.txt 03DEC2023
42  13    15337    12946    17728 13.1 11.1 15.1     4109     3041     5177 17.3 12.8 21.8     2839     2010     3668 15.9 11.3 20.5  57884  54073  61695                                        Blair County                                  PA est22all.txt 03DEC2023
42  15     7360     6050     8670 12.4 10.2 14.6     2141     1557     2725 16.7 12.2 21.2     1559     1117     2001 16.2 11.6 20.8  63529  59344  67714                                        Bradford County                               PA est22all.txt 03DEC2023
42  17    37561    31770    43352  5.9  5.0  6.8     8704     6693    10715  7.0  5.4  8.6     6038     4591     7485  6.3  4.8  7.8 105202 102004 108400                                        Bucks County                                  PA est22all.txt 03DEC2023
42  19    16947    14314    19580  8.9  7.5 10.3     3094     2245     3943  8.4  6.1 10.7     2236     1593     2879  8.1  5.8 10.4  81507  77591  85423                                        Butler County                                 PA est22all.txt 03DEC2023
42  21    20467    18069    22865 16.2 14.3 18.1     5317     4319     6315 21.6 17.5 25.7     3598     2856     4340 19.4 15.4 23.4  54612  51913  57311                                        Cambria County                                PA est22all.txt 03DEC2023
42  23      571      428      714 13.0  9.7 16.3      168      115      221 22.5 15.4 29.6      125       85      165 21.8 14.8 28.8  50338  44149  56527                                        Cameron County                                PA est22all.txt 03DEC2023
42  25     6600     5128     8072 10.2  7.9 12.5     1862     1313     2411 15.5 10.9 20.1     1314      885     1743 14.5  9.8 19.2  64766  59404  70128                                        Carbon County                                 PA est22all.txt 03DEC2023
42  27    22171    19699    24643 16.0 14.2 17.8     2208     1584     2832  9.9  7.1 12.7     1575     1123     2027  9.3  6.6 12.0  67654  63013  72295                                        Centre County                                 PA est22all.txt 03DEC2023
42  29    29965    24874    35056  5.6  4.6  6.6     7521     5856     9186  6.4  5.0  7.8     5202     3939     6465  5.9  4.5  7.3 117326 112967 121685                                        Chester County                                PA est22all.txt 03DEC2023
42  31     4821     3891     5751 13.7 11.0 16.4     1091      784     1398 16.0 11.5 20.5      795      565     1025 15.8 11.2 20.4  57844  53519  62169                                        Clarion County                                PA est22all.txt 03DEC2023
42  33     8635     6882    10388 11.7  9.3 14.1     2276     1587     2965 16.3 11.4 21.2     1717     1190     2244 16.3 11.3 21.3  59318  55727  62909                                        Clearfield County                             PA est22all.txt 03DEC2023
42  35     4650     3665     5635 12.9 10.2 15.6     1295      903     1687 17.6 12.3 22.9      930      635     1225 17.4 11.9 22.9  58892  53951  63833                                        Clinton County                                PA est22all.txt 03DEC2023
42  37     8498     7129     9867 13.9 11.7 16.1     1597     1148     2046 14.4 10.3 18.5     1138      790     1486 13.7  9.5 17.9  59127  53668  64586                                        Columbia County                               PA est22all.txt 03DEC2023
42  39    10976     9311    12641 13.9 11.8 16.0     3058     2302     3814 18.6 14.0 23.2     2146     1562     2730 17.7 12.9 22.5  54774  52382  57166                                        Crawford County                               PA est22all.txt 03DEC2023
42  41    20090    17170    23010  7.9  6.7  9.1     5018     3807     6229  9.4  7.1 11.7     3671     2786     4556  9.3  7.1 11.5  81295  77138  85452                                        Cumberland County                             PA est22all.txt 03DEC2023
42  43    34778    29956    39600 12.3 10.6 14.0     9712     7354    12070 15.7 11.9 19.5     7037     5188     8886 15.9 11.7 20.1  67813  63445  72181                                        Dauphin County                                PA est22all.txt 03DEC2023
42  45    53893    47434    60352  9.7  8.5 10.9    15741    13035    18447 12.8 10.6 15.0    10769     8911    12627 11.8  9.8 13.8  83856  79748  87964                                        Delaware County                               PA est22all.txt 03DEC2023
42  47     3009     2363     3655 10.0  7.9 12.1      813      587     1039 14.3 10.3 18.3      586      420      752 13.6  9.8 17.4  57570  51466  63674                                        Elk County                                    PA est22all.txt 03DEC2023
42  49    38149    33297    43001 14.9 13.0 16.8    10610     8185    13035 19.6 15.1 24.1     7714     5883     9545 19.1 14.6 23.6  56489  54003  58975                                        Erie County                                   PA est22all.txt 03DEC2023
42  51    21097    18374    23820 17.2 15.0 19.4     5445     4307     6583 23.1 18.3 27.9     3784     2862     4706 21.7 16.4 27.0  51494  47687  55301                                        Fayette County                                PA est22all.txt 03DEC2023
42  53     1038      771     1305 25.5 18.9 32.1      156      108      204 28.6 19.8 37.4       94       65      123 22.1 15.3 28.9  43362  38710  48014                                        Forest County                                 PA est22all.txt 03DEC2023
42  55    13339    10428    16250  8.6  6.7 10.5     3898     2803     4993 11.8  8.5 15.1     2701     1911     3491 11.1  7.9 14.3  73709  70175  77243                                        Franklin County                               PA est22all.txt 03DEC2023
42  57     1608     1261     1955 11.2  8.8 13.6      472      340      604 17.2 12.4 22.0      336      238      434 16.3 11.5 21.1  64405  58260  70550                                        Fulton County                                 PA est22all.txt 03DEC2023
42  59     4164     3165     5163 13.0  9.9 16.1     1140      769     1511 17.5 11.8 23.2      852      565     1139 17.4 11.5 23.3  63082  57454  68710                                        Greene County                                 PA est22all.txt 03DEC2023
42  61     5036     4055     6017 13.0 10.5 15.5     1184      848     1520 15.8 11.3 20.3      865      617     1113 15.5 11.1 19.9  58170  53605  62735                                        Huntingdon County                             PA est22all.txt 03DEC2023
42  63    10759     8713    12805 14.0 11.3 16.7     2564     1850     3278 17.8 12.8 22.8     1811     1283     2339 17.2 12.2 22.2  53040  49408  56672                                        Indiana County                                PA est22all.txt 03DEC2023
42  65     5738     4699     6777 13.3 10.9 15.7     1712     1296     2128 18.9 14.3 23.5     1231      921     1541 18.2 13.6 22.8  54248  51073  57423                                        Jefferson County                              PA est22all.txt 03DEC2023
42  67     2555     2053     3057 11.1  8.9 13.3      734      554      914 14.7 11.1 18.3      482      353      611 13.4  9.8 17.0  62661  58182  67140                                        Juniata County                                PA est22all.txt 03DEC2023
42  69    27211    23919    30503 13.1 11.5 14.7     7215     5679     8751 16.7 13.1 20.3     5009     3827     6191 15.4 11.8 19.0  61168  58204  64132                                        Lackawanna County                             PA est22all.txt 03DEC2023
42  71    48929    41680    56178  9.1  7.8 10.4    14877    11543    18211 11.9  9.2 14.6    10764     8265    13263 11.7  9.0 14.4  82434  79545  85323                                        Lancaster County                              PA est22all.txt 03DEC2023
42  73    10521     8732    12310 12.7 10.5 14.9     2755     2038     3472 16.7 12.4 21.0     2077     1524     2630 16.8 12.3 21.3  58730  54429  63031                                        Lawrence County                               PA est22all.txt 03DEC2023
42  75    15850    13548    18152 11.3  9.7 12.9     4467     3490     5444 14.1 11.0 17.2     3331     2652     4010 14.0 11.2 16.8  69490  64232  74748                                        Lebanon County                                PA est22all.txt 03DEC2023
42  77    41650    35932    47368 11.3  9.7 12.9    13029    10586    15472 15.8 12.8 18.8     9901     8074    11728 16.1 13.1 19.1  72590  69448  75732                                        Lehigh County                                 PA est22all.txt 03DEC2023
42  79    47930    43467    52393 15.2 13.8 16.6    13797    11601    15993 21.4 18.0 24.8     9707     8099    11315 20.4 17.0 23.8  59358  56856  61860                                        Luzerne County                                PA est22all.txt 03DEC2023
42  81    12939    10623    15255 12.0  9.9 14.1     3520     2656     4384 15.5 11.7 19.3     2323     1654     2992 13.8  9.8 17.8  61729  57772  65686                                        Lycoming County                               PA est22all.txt 03DEC2023
42  83     5725     4637     6813 15.4 12.5 18.3     1535     1093     1977 20.6 14.7 26.5     1068      744     1392 18.9 13.2 24.6  58112  53284  62940                                        Mc Kean County                                PA est22all.txt 03DEC2023
42  85    12979    10730    15228 12.5 10.3 14.7     3650     2715     4585 18.4 13.7 23.1     2712     1989     3435 18.6 13.6 23.6  57702  53184  62220                                        Mercer County                                 PA est22all.txt 03DEC2023
42  87     6660     5489     7831 14.7 12.1 17.3     2089     1579     2599 20.6 15.6 25.6     1389      998     1780 19.1 13.7 24.5  57096  52144  62048                                        Mifflin County                                PA est22all.txt 03DEC2023
42  89    20227    17295    23159 12.3 10.5 14.1     5062     3933     6191 16.1 12.5 19.7     3657     2804     4510 15.3 11.7 18.9  79824  74959  84689                                        Monroe County                                 PA est22all.txt 03DEC2023
42  91    55916    49175    62657  6.6  5.8  7.4    12932    10652    15212  7.2  5.9  8.5     9027     7303    10751  6.7  5.4  8.0 106743 104496 108990                                        Montgomery County                             PA est22all.txt 03DEC2023
42  93     1680     1276     2084  9.6  7.3 11.9      462      331      593 13.3  9.5 17.1      315      221      409 12.7  8.9 16.5  76229  69539  82919                                        Montour County                                PA est22all.txt 03DEC2023
42  95    32077    27733    36421 10.6  9.2 12.0     8501     7035     9967 14.3 11.8 16.8     5872     4778     6966 13.1 10.7 15.5  75468  71285  79651                                        Northampton County                            PA est22all.txt 03DEC2023
42  97    12222    10529    13915 14.0 12.1 15.9     3059     2320     3798 17.8 13.5 22.1     2161     1583     2739 16.9 12.4 21.4  57822  53434  62210                                        Northumberland County                         PA est22all.txt 03DEC2023
42  99     3968     3097     4839  8.7  6.8 10.6     1220      890     1550 13.1  9.6 16.6      814      561     1067 11.9  8.2 15.6  67834  64248  71420                                        Perry County                                  PA est22all.txt 03DEC2023
42 101   325746   304159   347333 21.5 20.1 22.9    91746    82103   101389 28.3 25.3 31.3    64906    57260    72552 27.8 24.5 31.1  56385  54031  58739                                        Philadelphia County                           PA est22all.txt 03DEC2023
42 103     5417     4298     6536  9.0  7.1 10.9     1310      896     1724 13.0  8.9 17.1      983      668     1298 12.6  8.6 16.6  81886  75361  88411                                        Pike County                                   PA est22all.txt 03DEC2023
42 105     2399     1950     2848 15.0 12.2 17.8      731      539      923 22.9 16.9 28.9      509      368      650 21.5 15.6 27.4  53935  49592  58278                                        Potter County                                 PA est22all.txt 03DEC2023
42 107    16576    13678    19474 12.2 10.1 14.3     4548     3383     5713 16.4 12.2 20.6     3246     2341     4151 15.4 11.1 19.7  63680  61634  65726                                        Schuylkill County                             PA est22all.txt 03DEC2023
42 109     3635     2844     4426  9.8  7.7 11.9     1104      818     1390 14.0 10.4 17.6      758      527      989 12.9  9.0 16.8  62382  56454  68310                                        Snyder County                                 PA est22all.txt 03DEC2023
42 111     9781     8211    11351 14.3 12.0 16.6     2405     1759     3051 18.6 13.6 23.6     1777     1301     2253 18.6 13.6 23.6  50516  46637  54395                                        Somerset County                               PA est22all.txt 03DEC2023
42 113      739      556      922 13.1  9.9 16.3      125       85      165 22.6 15.3 29.9       83       56      110 22.7 15.3 30.1  59957  53028  66886                                        Sullivan County                               PA est22all.txt 03DEC2023
42 115     4219     3449     4989 11.2  9.2 13.2     1321     1030     1612 19.1 14.9 23.3      894      670     1118 17.4 13.0 21.8  63413  60463  66363                                        Susquehanna County                            PA est22all.txt 03DEC2023
42 117     4822     3939     5705 12.2 10.0 14.4     1366     1011     1721 17.7 13.1 22.3      910      628     1192 15.9 11.0 20.8  61190  56704  65676                                        Tioga County                                  PA est22all.txt 03DEC2023
42 119     4022     3170     4874 11.4  9.0 13.8      840      597     1083 11.5  8.2 14.8      601      420      782 11.1  7.7 14.5  65521  59879  71163                                        Union County                                  PA est22all.txt 03DEC2023
42 121     6772     5528     8016 13.8 11.3 16.3     1826     1294     2358 20.1 14.3 25.9     1233      866     1600 18.0 12.6 23.4  52449  49939  54959                                        Venango County                                PA est22all.txt 03DEC2023
42 123     5002     4106     5898 13.5 11.1 15.9     1386     1043     1729 19.4 14.6 24.2      903      650     1156 17.2 12.4 22.0  56707  53160  60254                                        Warren County                                 PA est22all.txt 03DEC2023
42 125    23615    20497    26733 11.5 10.0 13.0     5287     4141     6433 13.2 10.3 16.1     3957     3107     4807 13.2 10.4 16.0  70751  66258  75244                                        Washington County                             PA est22all.txt 03DEC2023
42 127     6205     5116     7294 12.8 10.5 15.1     1506     1125     1887 18.1 13.5 22.7     1067      783     1351 17.1 12.5 21.7  56973  51672  62274                                        Wayne County                                  PA est22all.txt 03DEC2023
42 129    33697    29511    37883  9.7  8.5 10.9     8190     6601     9779 13.2 10.6 15.8     6096     4855     7337 12.9 10.3 15.5  71152  69023  73281                                        Westmoreland County                           PA est22all.txt 03DEC2023
42 131     2952     2357     3547 11.6  9.3 13.9      841      634     1048 17.4 13.1 21.7      596      440      752 16.3 12.0 20.6  67643  62065  73221                                        Wyoming County                                PA est22all.txt 03DEC2023
42 133    41364    35220    47508  9.1  7.7 10.5    11263     8919    13607 11.5  9.1 13.9     8084     6280     9888 11.0  8.5 13.5  79938  77425  82451                                        York County                                   PA est22all.txt 03DEC2023
44   0   117858   111301   124415 11.2 10.6 11.8    28009    25048    30970 14.0 12.5 15.5    20166    17472    22860 13.6 11.8 15.4  80873  78900  82846    7046    5825    8267 13.7 11.3 16.1 Rhode Island                                  RI est22all.txt 03DEC2023
44   1     3277     2430     4124  6.9  5.1  8.7      606      386      826  7.0  4.5  9.5      430      268      592  6.2  3.9  8.5 101158  93437 108879                                        Bristol County                                RI est22all.txt 03DEC2023
44   3    12518     9741    15295  7.4  5.8  9.0     2765     1859     3671  9.2  6.2 12.2     1953     1280     2626  8.7  5.7 11.7  84230  78284  90176                                        Kent County                                   RI est22all.txt 03DEC2023
44   5     5831     4439     7223  7.2  5.5  8.9     1213      764     1662  9.3  5.9 12.7      829      515     1143  8.5  5.3 11.7  92795  87635  97955                                        Newport County                                RI est22all.txt 03DEC2023
44   7    88238    81254    95222 14.0 12.9 15.1    21884    18835    24933 16.9 14.5 19.3    15829    13514    18144 16.8 14.3 19.3  74190  71651  76729                                        Providence County                             RI est22all.txt 03DEC2023
44   9     7993     6063     9923  6.5  4.9  8.1     1542      960     2124  8.0  5.0 11.0     1125      691     1559  7.6  4.7 10.5  99015  92511 105519                                        Washington County                             RI est22all.txt 03DEC2023
45   0   719381   702915   735847 14.0 13.7 14.3   210374   201245   219503 19.2 18.4 20.0   149973   141999   157947 18.4 17.4 19.4  64227  63535  64919   56636   52352   60920 20.4 18.9 21.9 South Carolina                                SC est22all.txt 03DEC2023
45   1     4011     3237     4785 17.0 13.7 20.3     1095      819     1371 23.5 17.6 29.4      796      596      996 22.8 17.1 28.5  50325  44309  56341                                        Abbeville County                              SC est22all.txt 03DEC2023
45   3    29144    25467    32821 17.0 14.9 19.1     8919     7413    10425 24.7 20.5 28.9     6079     4851     7307 22.7 18.1 27.3  67728  63294  72162                                        Aiken County                                  SC est22all.txt 03DEC2023
45   5     2423     1880     2966 36.7 28.5 44.9      673      475      871 51.2 36.2 66.2      493      341      645 49.7 34.4 65.0  35249  30783  39715                                        Allendale County                              SC est22all.txt 03DEC2023
45   7    31607    27859    35355 15.3 13.5 17.1     9557     7772    11342 20.8 16.9 24.7     6172     4734     7610 17.8 13.7 21.9  62708  58956  66460                                        Anderson County                               SC est22all.txt 03DEC2023
45   9     3471     2736     4206 28.4 22.4 34.4      911      644     1178 39.3 27.8 50.8      683      482      884 40.6 28.7 52.5  37952  33465  42439                                        Bamberg County                                SC est22all.txt 03DEC2023
45  11     4222     3248     5196 21.2 16.3 26.1     1597     1136     2058 33.5 23.8 43.2     1033      691     1375 29.2 19.5 38.9  45080  39910  50250                                        Barnwell County                               SC est22all.txt 03DEC2023
45  13    18794    15511    22077 10.0  8.3 11.7     6010     4756     7264 18.2 14.4 22.0     4426     3505     5347 18.4 14.6 22.2  83687  79963  87411                                        Beaufort County                               SC est22all.txt 03DEC2023
45  15    21513    17228    25798  9.0  7.2 10.8     6946     4850     9042 12.4  8.7 16.1     5035     3494     6576 12.2  8.5 15.9  79259  75055  83463                                        Berkeley County                               SC est22all.txt 03DEC2023
45  17     2127     1593     2661 15.2 11.4 19.0      621      419      823 24.1 16.3 31.9      462      310      614 23.5 15.8 31.2  55642  49043  62241                                        Calhoun County                                SC est22all.txt 03DEC2023
45  19    47690    41643    53737 11.6 10.1 13.1    11765     8861    14669 15.0 11.3 18.7     8575     6261    10889 15.3 11.2 19.4  79969  76775  83163                                        Charleston County                             SC est22all.txt 03DEC2023
45  21     9482     7751    11213 17.3 14.1 20.5     2905     2199     3611 23.3 17.6 29.0     2085     1543     2627 22.8 16.9 28.7  50403  45266  55540                                        Cherokee County                               SC est22all.txt 03DEC2023
45  23     5678     4582     6774 17.9 14.4 21.4     1762     1269     2255 25.4 18.3 32.5     1351      985     1717 25.9 18.9 32.9  53488  49579  57397                                        Chester County                                SC est22all.txt 03DEC2023
45  25     8439     6897     9981 19.6 16.0 23.2     2648     2023     3273 28.2 21.5 34.9     1799     1310     2288 25.7 18.7 32.7  44574  40401  48747                                        Chesterfield County                           SC est22all.txt 03DEC2023
45  27     6008     4757     7259 20.3 16.1 24.5     1579     1081     2077 29.2 20.0 38.4     1197      812     1582 29.6 20.1 39.1  46202  41061  51343                                        Clarendon County                              SC est22all.txt 03DEC2023
45  29     7753     6136     9370 20.3 16.1 24.5     2625     1885     3365 30.6 22.0 39.2     1883     1346     2420 29.9 21.4 38.4  47933  42759  53107                                        Colleton County                               SC est22all.txt 03DEC2023
45  31    12842    10643    15041 20.9 17.3 24.5     4189     3174     5204 30.8 23.3 38.3     3066     2306     3826 30.4 22.9 37.9  50427  46303  54551                                        Darlington County                             SC est22all.txt 03DEC2023
45  33     8272     7138     9406 30.3 26.1 34.5     2715     2118     3312 39.7 31.0 48.4     2049     1604     2494 41.0 32.1 49.9  37752  33699  41805                                        Dillon County                                 SC est22all.txt 03DEC2023
45  35    17484    14614    20354 10.7  8.9 12.5     5672     4439     6905 14.6 11.4 17.8     4053     3134     4972 13.9 10.7 17.1  74730  69127  80333                                        Dorchester County                             SC est22all.txt 03DEC2023
45  37     4048     3224     4872 16.4 13.1 19.7     1051      754     1348 23.8 17.1 30.5      756      525      987 21.9 15.2 28.6  61318  54302  68334                                        Edgefield County                              SC est22all.txt 03DEC2023
45  39     3644     2793     4495 18.1 13.9 22.3     1096      778     1414 30.4 21.6 39.2      762      518     1006 28.3 19.2 37.4  50743  45767  55719                                        Fairfield County                              SC est22all.txt 03DEC2023
45  41    27332    24143    30521 20.4 18.0 22.8     9097     7764    10430 28.8 24.6 33.0     5208     3894     6522 22.0 16.4 27.6  52650  47636  57664                                        Florence County                               SC est22all.txt 03DEC2023
45  43     9713     7723    11703 15.2 12.1 18.3     2782     2012     3552 26.3 19.0 33.6     2010     1433     2587 24.8 17.7 31.9  59457  54551  64363                                        Georgetown County                             SC est22all.txt 03DEC2023
45  45    54179    46534    61824 10.1  8.7 11.5    15944    12400    19488 13.1 10.2 16.0    11506     8882    14130 12.8  9.9 15.7  71833  68861  74805                                        Greenville County                             SC est22all.txt 03DEC2023
45  47    12235    10207    14263 18.4 15.4 21.4     3716     2774     4658 24.6 18.4 30.8     2579     1924     3234 23.0 17.2 28.8  49867  45605  54129                                        Greenwood County                              SC est22all.txt 03DEC2023
45  49     3665     2780     4550 21.9 16.6 27.2     1085      727     1443 29.8 20.0 39.6      797      527     1067 29.2 19.3 39.1  43987  39824  48150                                        Hampton County                                SC est22all.txt 03DEC2023
45  51    46928    41429    52427 12.5 11.0 14.0    12751    10441    15061 20.3 16.6 24.0     9122     7409    10835 19.4 15.8 23.0  61375  58837  63913                                        Horry County                                  SC est22all.txt 03DEC2023
45  53     5310     4242     6378 17.2 13.7 20.7     1655     1164     2146 29.7 20.9 38.5     1156      801     1511 29.6 20.5 38.7  61838  56591  67085                                        Jasper County                                 SC est22all.txt 03DEC2023
45  55     8257     6727     9787 12.3 10.0 14.6     2584     1820     3348 16.9 11.9 21.9     1950     1400     2500 17.0 12.2 21.8  61015  56018  66012                                        Kershaw County                                SC est22all.txt 03DEC2023
45  57    10876     8849    12903 10.6  8.6 12.6     2838     1995     3681 13.0  9.1 16.9     1974     1343     2605 12.2  8.3 16.1  70113  64373  75853                                        Lancaster County                              SC est22all.txt 03DEC2023
45  59    11924    10024    13824 18.0 15.1 20.9     3803     2913     4693 26.5 20.3 32.7     2573     1924     3222 24.3 18.2 30.4  53847  49789  57905                                        Laurens County                                SC est22all.txt 03DEC2023
45  61     4098     3273     4923 27.9 22.3 33.5     1264      966     1562 41.8 32.0 51.6      920      697     1143 40.3 30.5 50.1  41583  36700  46466                                        Lee County                                    SC est22all.txt 03DEC2023
45  63    33295    28813    37777 11.0  9.5 12.5    10394     8336    12452 15.4 12.4 18.4     7767     6254     9280 15.2 12.2 18.2  73022  70061  75983                                        Lexington County                              SC est22all.txt 03DEC2023
45  65     1531     1163     1899 17.0 12.9 21.1      337      231      443 35.0 24.0 46.0      253      170      336 34.6 23.3 45.9  56636  49842  63430                                        McCormick County                              SC est22all.txt 03DEC2023
45  67     8923     7757    10089 31.6 27.5 35.7     2968     2502     3434 47.9 40.4 55.4     2196     1848     2544 47.1 39.6 54.6  37244  33118  41370                                        Marion County                                 SC est22all.txt 03DEC2023
45  69     6709     5628     7790 28.7 24.1 33.3     1825     1374     2276 35.8 27.0 44.6     1304      960     1648 34.6 25.5 43.7  39160  34371  43949                                        Marlboro County                               SC est22all.txt 03DEC2023
45  71     6384     5121     7647 17.4 14.0 20.8     1912     1364     2460 24.1 17.2 31.0     1387      997     1777 23.2 16.7 29.7  55050  49136  60964                                        Newberry County                               SC est22all.txt 03DEC2023
45  73    13261    11561    14961 16.7 14.6 18.8     3189     2462     3916 21.5 16.6 26.4     2215     1666     2764 19.4 14.6 24.2  61716  54790  68642                                        Oconee County                                 SC est22all.txt 03DEC2023
45  75    19422    16710    22134 24.6 21.2 28.0     5482     4237     6727 31.6 24.4 38.8     4100     3189     5011 31.4 24.4 38.4  42209  38693  45725                                        Orangeburg County                             SC est22all.txt 03DEC2023
45  77    19849    17402    22296 16.0 14.0 18.0     3743     2781     4705 15.6 11.6 19.6     2477     1716     3238 13.8  9.5 18.1  55333  51248  59418                                        Pickens County                                SC est22all.txt 03DEC2023
45  79    63715    57040    70390 16.2 14.5 17.9    16693    13485    19901 19.0 15.3 22.7    11529     9101    13957 17.7 14.0 21.4  61010  58022  63998                                        Richland County                               SC est22all.txt 03DEC2023
45  81     2963     2305     3621 15.8 12.3 19.3      958      687     1229 23.7 17.0 30.4      678      481      875 22.9 16.2 29.6  57291  50634  63948                                        Saluda County                                 SC est22all.txt 03DEC2023
45  83    49261    43994    54528 14.6 13.0 16.2    15603    13217    17989 20.0 16.9 23.1    11990    10239    13741 20.7 17.7 23.7  58535  55743  61327                                        Spartanburg County                            SC est22all.txt 03DEC2023
45  85    14610    11143    18077 14.4 11.0 17.8     5077     3309     6845 21.1 13.8 28.4     3818     2498     5138 21.7 14.2 29.2  56937  54108  59766                                        Sumter County                                 SC est22all.txt 03DEC2023
45  87     4852     3940     5764 18.4 14.9 21.9     1392      981     1803 25.8 18.2 33.4     1017      710     1324 25.2 17.6 32.8  46461  41497  51425                                        Union County                                  SC est22all.txt 03DEC2023
45  89     7479     5862     9096 26.3 20.6 32.0     1950     1329     2571 34.5 23.5 45.5     1490     1008     1972 34.2 23.1 45.3  39757  35830  43684                                        Williamsburg County                           SC est22all.txt 03DEC2023
45  91    23957    20071    27843  8.3  7.0  9.6     6993     5460     8526 10.4  8.1 12.7     5202     4038     6366 10.0  7.8 12.2  83692  80134  87250                                        York County                                   SC est22all.txt 03DEC2023
46   0   108694   103935   113453 12.4 11.9 12.9    32252    29599    34905 15.1 13.9 16.3    21655    19309    24001 13.9 12.4 15.4  70597  68664  72530    9526    8292   10760 16.7 14.5 18.9 South Dakota                                  SD est22all.txt 03DEC2023
46   3      296      226      366 11.1  8.5 13.7       93       63      123 14.7 10.0 19.4       62       41       83 13.9  9.2 18.6  61013  55967  66059                                        Aurora County                                 SD est22all.txt 03DEC2023
46   5     2448     1895     3001 12.9 10.0 15.8      772      518     1026 15.0 10.0 20.0      551      362      740 15.4 10.1 20.7  59508  52519  66497                                        Beadle County                                 SD est22all.txt 03DEC2023
46   7     1008      763     1253 30.7 23.2 38.2      429      290      568 40.7 27.6 53.8      299      197      401 36.8 24.2 49.4  49152  43719  54585                                        Bennett County                                SD est22all.txt 03DEC2023
46   9      817      618     1016 14.5 11.0 18.0      195      131      259 15.1 10.1 20.1      143       95      191 15.8 10.5 21.1  62963  56733  69193                                        Bon Homme County                              SD est22all.txt 03DEC2023
46  11     4298     3645     4951 13.3 11.3 15.3      655      450      860  9.1  6.3 11.9      424      283      565  8.0  5.3 10.7  71166  63141  79191                                        Brookings County                              SD est22all.txt 03DEC2023
46  13     4064     3313     4815 11.0  9.0 13.0      993      689     1297 11.4  7.9 14.9      650      430      870 10.0  6.6 13.4  71731  65617  77845                                        Brown County                                  SD est22all.txt 03DEC2023
46  15      765      607      923 14.8 11.7 17.9      212      145      279 16.6 11.4 21.8      143       95      191 15.3 10.2 20.4  60133  52636  67630                                        Brule County                                  SD est22all.txt 03DEC2023
46  17      733      584      882 39.7 31.6 47.8      300      214      386 44.8 31.9 57.7      202      137      267 38.4 26.1 50.7  30659  26697  34621                                        Buffalo County                                SD est22all.txt 03DEC2023
46  19     1312      993     1631 12.3  9.3 15.3      461      313      609 17.4 11.8 23.0      309      200      418 16.2 10.5 21.9  64528  58239  70817                                        Butte County                                  SD est22all.txt 03DEC2023
46  21      166      127      205 12.4  9.5 15.3       41       28       54 17.3 11.7 22.9       31       20       42 19.0 12.5 25.5  65591  57484  73698                                        Campbell County                               SD est22all.txt 03DEC2023
46  23     1918     1525     2311 21.5 17.1 25.9      717      496      938 26.1 18.0 34.2      503      346      660 25.3 17.4 33.2  54367  48315  60419                                        Charles Mix County                            SD est22all.txt 03DEC2023
46  25      497      395      599 13.5 10.7 16.3      119       80      158 13.0  8.8 17.2       79       51      107 13.3  8.6 18.0  62559  54879  70239                                        Clark County                                  SD est22all.txt 03DEC2023
46  27     2550     2027     3073 20.0 15.9 24.1      438      310      566 17.1 12.1 22.1      268      180      356 14.1  9.5 18.7  55263  48912  61614                                        Clay County                                   SD est22all.txt 03DEC2023
46  29     3090     2549     3631 10.9  9.0 12.8      717      493      941 11.1  7.6 14.6      458      305      611  9.4  6.3 12.5  65009  58837  71181                                        Codington County                              SD est22all.txt 03DEC2023
46  31     1615     1341     1889 42.4 35.2 49.6      727      561      893 53.9 41.6 66.2      499      372      626 52.5 39.1 65.9  39329  34534  44124                                        Corson County                                 SD est22all.txt 03DEC2023
46  33      831      631     1031  9.3  7.1 11.5      197      133      261 16.8 11.4 22.2      136       88      184 16.1 10.4 21.8  75336  68662  82010                                        Custer County                                 SD est22all.txt 03DEC2023
46  35     2680     2240     3120 13.7 11.4 16.0      689      510      868 15.1 11.2 19.0      420      281      559 12.7  8.5 16.9  63753  56138  71368                                        Davison County                                SD est22all.txt 03DEC2023
46  37      816      653      979 15.2 12.2 18.2      232      165      299 19.4 13.8 25.0      163      114      212 18.3 12.7 23.9  62786  55355  70217                                        Day County                                    SD est22all.txt 03DEC2023
46  39      366      270      462  8.5  6.3 10.7       94       64      124  9.0  6.1 11.9       64       42       86  8.3  5.5 11.1  77694  73800  81588                                        Deuel County                                  SD est22all.txt 03DEC2023
46  41     1298     1040     1556 25.4 20.4 30.4      562      395      729 29.1 20.5 37.7      378      249      507 27.5 18.2 36.8  50048  44167  55929                                        Dewey County                                  SD est22all.txt 03DEC2023
46  43      320      246      394 12.1  9.3 14.9       94       66      122 13.3  9.3 17.3       65       44       86 13.6  9.2 18.0  73934  68883  78985                                        Douglas County                                SD est22all.txt 03DEC2023
46  45      394      294      494 10.1  7.5 12.7      106       71      141 13.1  8.8 17.4       73       47       99 13.6  8.8 18.4  72004  63889  80119                                        Edmunds County                                SD est22all.txt 03DEC2023
46  47     1083      863     1303 15.1 12.0 18.2      259      185      333 21.6 15.4 27.8      170      114      226 17.7 11.9 23.5  56976  50367  63585                                        Fall River County                             SD est22all.txt 03DEC2023
46  49      351      273      429 18.0 14.0 22.0       89       62      116 20.6 14.3 26.9       61       41       81 25.2 17.0 33.4  60853  53337  68369                                        Faulk County                                  SD est22all.txt 03DEC2023
46  51      793      625      961 10.9  8.6 13.2      198      140      256 12.5  8.9 16.1      136       92      180 11.6  7.9 15.3  70409  63122  77696                                        Grant County                                  SD est22all.txt 03DEC2023
46  53      627      477      777 16.2 12.3 20.1      195      134      256 20.8 14.3 27.3      135       90      180 19.2 12.7 25.7  49239  43631  54847                                        Gregory County                                SD est22all.txt 03DEC2023
46  55      232      177      287 12.9  9.8 16.0       72       50       94 17.6 12.2 23.0       49       32       66 15.4 10.2 20.6  58799  52109  65489                                        Haakon County                                 SD est22all.txt 03DEC2023
46  57      508      382      634  8.2  6.2 10.2      186      125      247  9.0  6.1 11.9      130       85      175  9.4  6.1 12.7  73995  69385  78605                                        Hamlin County                                 SD est22all.txt 03DEC2023
46  59      300      226      374  9.7  7.3 12.1       67       45       89  9.5  6.4 12.6       45       30       60  8.7  5.8 11.6  64536  56479  72593                                        Hand County                                   SD est22all.txt 03DEC2023
46  61      312      233      391  9.3  6.9 11.7      118       80      156 14.0  9.5 18.5       80       53      107 14.1  9.2 19.0  79488  70373  88603                                        Hanson County                                 SD est22all.txt 03DEC2023
46  63      158      118      198 11.9  8.9 14.9       43       29       57 14.2  9.6 18.8       30       20       40 14.0  9.1 18.9  65168  57737  72599                                        Harding County                                SD est22all.txt 03DEC2023
46  65     1619     1241     1997  9.6  7.4 11.8      477      328      626 11.2  7.7 14.7      309      204      414  9.8  6.5 13.1  79301  70274  88328                                        Hughes County                                 SD est22all.txt 03DEC2023
46  67      888      685     1091 12.7  9.8 15.6      267      178      356 16.0 10.7 21.3      183      118      248 16.0 10.3 21.7  64422  57828  71016                                        Hutchinson County                             SD est22all.txt 03DEC2023
46  69      141      107      175 12.3  9.3 15.3       40       27       53 15.2 10.4 20.0       28       19       37 15.3 10.2 20.4  64416  56413  72419                                        Hyde County                                   SD est22all.txt 03DEC2023
46  71      799      618      980 28.8 22.3 35.3      363      247      479 35.5 24.2 46.8      251      165      337 36.5 24.0 49.0  45190  39399  50981                                        Jackson County                                SD est22all.txt 03DEC2023
46  73      237      183      291 14.9 11.5 18.3       64       44       84 18.8 12.8 24.8       45       30       60 19.6 13.1 26.1  57560  50344  64776                                        Jerauld County                                SD est22all.txt 03DEC2023
46  75      131      100      162 14.9 11.4 18.4       54       37       71 26.7 18.2 35.2       38       25       51 25.5 16.8 34.2  60864  53126  68602                                        Jones County                                  SD est22all.txt 03DEC2023
46  77      514      400      628 10.0  7.8 12.2      155      108      202 12.3  8.6 16.0      112       77      147 12.7  8.7 16.7  64215  56645  71785                                        Kingsbury County                              SD est22all.txt 03DEC2023
46  79     1040      801     1279 10.0  7.7 12.3      222      153      291 10.7  7.4 14.0      154      103      205 10.4  7.0 13.8  74668  66353  82983                                        Lake County                                   SD est22all.txt 03DEC2023
46  81     2842     2180     3504 10.8  8.3 13.3      581      389      773 13.4  9.0 17.8      397      264      530 12.2  8.1 16.3  67606  60995  74217                                        Lawrence County                               SD est22all.txt 03DEC2023
46  83     3755     3142     4368  5.3  4.4  6.2     1026      795     1257  5.6  4.3  6.9      576      418      734  4.2  3.1  5.3  98387  89677 107097                                        Lincoln County                                SD est22all.txt 03DEC2023
46  85      812      641      983 22.3 17.6 27.0      327      241      413 32.2 23.7 40.7      232      170      294 32.5 23.8 41.2  54199  47424  60974                                        Lyman County                                  SD est22all.txt 03DEC2023
46  87      538      422      654  9.6  7.5 11.7      170      116      224 10.8  7.3 14.3      118       78      158 10.8  7.1 14.5  70320  63338  77302                                        McCook County                                 SD est22all.txt 03DEC2023
46  89      365      289      441 16.3 12.9 19.7      108       73      143 24.4 16.5 32.3       71       46       96 24.1 15.7 32.5  52850  46432  59268                                        McPherson County                              SD est22all.txt 03DEC2023
46  91      530      409      651 12.5  9.6 15.4      150      102      198 15.7 10.7 20.7      104       69      139 16.7 11.0 22.4  65643  57438  73848                                        Marshall County                               SD est22all.txt 03DEC2023
46  93     2299     1746     2852  7.8  5.9  9.7      648      423      873 10.3  6.7 13.9      444      282      606  9.1  5.8 12.4  71106  63778  78434                                        Meade County                                  SD est22all.txt 03DEC2023
46  95      644      529      759 35.0 28.8 41.2      247      187      307 42.2 31.9 52.5      163      118      208 39.5 28.5 50.5  44702  39055  50349                                        Mellette County                               SD est22all.txt 03DEC2023
46  97      269      209      329 12.1  9.4 14.8       63       44       82 12.2  8.5 15.9       42       28       56 11.5  7.6 15.4  64099  58152  70046                                        Miner County                                  SD est22all.txt 03DEC2023
46  99    18266    15731    20801  9.2  7.9 10.5     5446     4184     6708 10.9  8.4 13.4     3478     2551     4405  9.7  7.1 12.3  75623  70600  80646                                        Minnehaha County                              SD est22all.txt 03DEC2023
46 101      725      590      860 11.6  9.4 13.8      237      177      297 14.9 11.2 18.6      148      101      195 12.7  8.7 16.7  70603  62684  78522                                        Moody County                                  SD est22all.txt 03DEC2023
46 102     5529     4531     6527 42.3 34.7 49.9     2213     1667     2759 46.6 35.1 58.1     1560     1151     1969 43.3 32.0 54.6  40683  35467  45899                                        Oglala Lakota County                          SD est22all.txt 03DEC2023
46 103    15784    13791    17777 14.3 12.5 16.1     4437     3446     5428 18.1 14.1 22.1     3155     2462     3848 17.9 14.0 21.8  67573  62548  72598                                        Pennington County                             SD est22all.txt 03DEC2023
46 105      427      330      524 15.5 12.0 19.0      117       83      151 19.6 13.9 25.3       78       53      103 17.9 12.2 23.6  57148  50513  63783                                        Perkins County                                SD est22all.txt 03DEC2023
46 107      235      177      293  9.8  7.4 12.2       63       43       83 11.9  8.0 15.8       43       28       58 10.4  6.8 14.0  72374  64433  80315                                        Potter County                                 SD est22all.txt 03DEC2023
46 109     1727     1335     2119 17.4 13.4 21.4      675      465      885 23.3 16.0 30.6      469      311      627 22.2 14.7 29.7  57788  51531  64045                                        Roberts County                                SD est22all.txt 03DEC2023
46 111      316      240      392 13.6 10.3 16.9       99       67      131 17.8 12.0 23.6       67       44       90 17.9 11.7 24.1  63266  55935  70597                                        Sanborn County                                SD est22all.txt 03DEC2023
46 115      722      567      877 12.1  9.5 14.7      199      135      263 15.1 10.3 19.9      130       85      175 14.3  9.3 19.3  61513  55421  67605                                        Spink County                                  SD est22all.txt 03DEC2023
46 117      252      191      313  8.4  6.4 10.4       81       55      107 12.0  8.2 15.8       55       36       74 10.5  6.9 14.1  81788  71662  91914                                        Stanley County                                SD est22all.txt 03DEC2023
46 119      111       83      139  7.6  5.7  9.5       21       14       28  7.1  4.7  9.5       15       10       20  7.0  4.5  9.5  76192  66916  85468                                        Sully County                                  SD est22all.txt 03DEC2023
46 121     3598     2919     4277 39.5 32.0 47.0     1720     1304     2136 45.6 34.6 56.6     1118      805     1431 40.3 29.0 51.6  41862  36533  47191                                        Todd County                                   SD est22all.txt 03DEC2023
46 123     1053      811     1295 19.8 15.2 24.4      325      221      429 25.7 17.4 34.0      220      145      295 24.3 16.0 32.6  55946  48942  62950                                        Tripp County                                  SD est22all.txt 03DEC2023
46 125      724      550      898  8.3  6.3 10.3      206      140      272  9.6  6.5 12.7      146       96      196  8.9  5.8 12.0  74511  66062  82960                                        Turner County                                 SD est22all.txt 03DEC2023
46 127     1020      785     1255  6.0  4.6  7.4      253      172      334  6.4  4.4  8.4      169      112      226  5.5  3.6  7.4  85677  77547  93807                                        Union County                                  SD est22all.txt 03DEC2023
46 129      785      599      971 15.1 11.5 18.7      253      171      335 20.9 14.1 27.7      177      118      236 20.5 13.6 27.4  57100  50409  63791                                        Walworth County                               SD est22all.txt 03DEC2023
46 135     2420     1900     2940 11.2  8.8 13.6      586      394      778 12.1  8.1 16.1      405      270      540 11.5  7.7 15.3  62951  56187  69715                                        Yankton County                                SD est22all.txt 03DEC2023
46 137      929      709     1149 38.9 29.7 48.1      285      199      371 46.0 32.2 59.8      199      137      261 43.5 29.9 57.1  40004  34926  45082                                        Ziebach County                                SD est22all.txt 03DEC2023
47   0   920748   898162   943334 13.3 13.0 13.6   269156   256603   281709 17.8 17.0 18.6   184826   173606   196046 16.7 15.7 17.7  65231  64399  66063   79048   73542   84554 20.0 18.6 21.4 Tennessee                                     TN est22all.txt 03DEC2023
47   1    10167     8247    12087 13.1 10.6 15.6     2572     1747     3397 15.9 10.8 21.0     1908     1291     2525 15.7 10.6 20.8  64615  58691  70539                                        Anderson County                               TN est22all.txt 03DEC2023
47   3     6431     4804     8058 12.6  9.4 15.8     2242     1538     2946 17.9 12.3 23.5     1514     1024     2004 16.6 11.2 22.0  70185  65808  74562                                        Bedford County                                TN est22all.txt 03DEC2023
47   5     2649     2029     3269 16.7 12.8 20.6      795      541     1049 24.8 16.9 32.7      569      381      757 23.9 16.0 31.8  50635  45169  56101                                        Benton County                                 TN est22all.txt 03DEC2023
47   7     2907     2293     3521 22.6 17.8 27.4      680      507      853 32.1 24.0 40.2      464      335      593 30.2 21.8 38.6  46207  40397  52017                                        Bledsoe County                                TN est22all.txt 03DEC2023
47   9    13365    10928    15802  9.7  7.9 11.5     3224     2256     4192 12.0  8.4 15.6     2004     1303     2705  9.9  6.4 13.4  69713  65575  73851                                        Blount County                                 TN est22all.txt 03DEC2023
47  11    14210    11582    16838 13.1 10.7 15.5     4051     3010     5092 17.4 12.9 21.9     2856     2083     3629 16.5 12.0 21.0  62666  58278  67054                                        Bradley County                                TN est22all.txt 03DEC2023
47  13     7956     6505     9407 20.4 16.7 24.1     2132     1513     2751 26.8 19.0 34.6     1398      928     1868 24.1 16.0 32.2  44268  40295  48241                                        Campbell County                               TN est22all.txt 03DEC2023
47  15     1563     1127     1999 10.7  7.7 13.7      534      353      715 17.1 11.3 22.9      373      243      503 16.6 10.8 22.4  63155  57143  69167                                        Cannon County                                 TN est22all.txt 03DEC2023
47  17     4353     3380     5326 16.0 12.4 19.6     1406     1016     1796 23.0 16.6 29.4     1026      747     1305 22.3 16.2 28.4  52680  48143  57217                                        Carroll County                                TN est22all.txt 03DEC2023
47  19    10052     8254    11850 18.3 15.0 21.6     2331     1678     2984 24.3 17.5 31.1     1673     1182     2164 23.0 16.3 29.7  48912  44296  53528                                        Carter County                                 TN est22all.txt 03DEC2023
47  21     3582     2699     4465  8.6  6.5 10.7     1011      676     1346 11.7  7.8 15.6      663      431      895 10.4  6.8 14.0  78437  71738  85136                                        Cheatham County                               TN est22all.txt 03DEC2023
47  23     2460     1909     3011 15.1 11.7 18.5      819      611     1027 22.4 16.7 28.1      545      378      712 19.8 13.7 25.9  57732  51031  64433                                        Chester County                                TN est22all.txt 03DEC2023
47  25     6259     5101     7417 20.2 16.5 23.9     1540     1055     2025 25.7 17.6 33.8     1118      758     1478 25.3 17.2 33.4  41087  37300  44874                                        Claiborne County                              TN est22all.txt 03DEC2023
47  27     1546     1197     1895 20.5 15.9 25.1      405      272      538 26.9 18.0 35.8      292      192      392 25.4 16.8 34.0  43441  37936  48946                                        Clay County                                   TN est22all.txt 03DEC2023
47  29     8235     6802     9668 22.5 18.6 26.4     2471     1887     3055 33.7 25.7 41.7     1695     1244     2146 31.2 22.9 39.5  45361  39888  50834                                        Cocke County                                  TN est22all.txt 03DEC2023
47  31     9937     8514    11360 16.9 14.5 19.3     3039     2357     3721 21.8 16.9 26.7     1972     1456     2488 19.2 14.2 24.2  56519  51970  61068                                        Coffee County                                 TN est22all.txt 03DEC2023
47  33     2264     1775     2753 16.6 13.0 20.2      717      519      915 22.4 16.2 28.6      503      361      645 20.9 15.0 26.8  53598  47398  59798                                        Crockett County                               TN est22all.txt 03DEC2023
47  35     8833     7208    10458 14.0 11.4 16.6     2188     1470     2906 20.9 14.1 27.7     1538     1017     2059 19.7 13.0 26.4  53388  50309  56467                                        Cumberland County                             TN est22all.txt 03DEC2023
47  37    95816    86725   104907 14.0 12.7 15.3    28734    24270    33198 20.8 17.6 24.0    19490    16168    22812 20.7 17.2 24.2  72561  70488  74634                                        Davidson County                               TN est22all.txt 03DEC2023
47  39     1915     1470     2360 16.9 13.0 20.8      529      368      690 23.0 16.0 30.0      345      228      462 19.8 13.1 26.5  52294  46580  58008                                        Decatur County                                TN est22all.txt 03DEC2023
47  41     3245     2500     3990 15.6 12.0 19.2      965      668     1262 21.8 15.1 28.5      659      438      880 20.5 13.6 27.4  55392  48915  61869                                        DeKalb County                                 TN est22all.txt 03DEC2023
47  43     6135     4915     7355 11.1  8.9 13.3     1737     1196     2278 14.2  9.8 18.6     1171      768     1574 13.1  8.6 17.6  70192  63521  76863                                        Dickson County                                TN est22all.txt 03DEC2023
47  45     6131     4882     7380 17.1 13.6 20.6     1970     1393     2547 23.2 16.4 30.0     1430     1013     1847 23.0 16.3 29.7  53715  48924  58506                                        Dyer County                                   TN est22all.txt 03DEC2023
47  47     4486     3421     5551 10.4  7.9 12.9     1205      837     1573 16.2 11.3 21.1      844      569     1119 15.7 10.6 20.8  84328  78750  89906                                        Fayette County                                TN est22all.txt 03DEC2023
47  49     4428     3666     5190 23.3 19.3 27.3     1300     1010     1590 33.8 26.3 41.3      859      630     1088 30.1 22.1 38.1  41147  36446  45848                                        Fentress County                               TN est22all.txt 03DEC2023
47  51     5530     4466     6594 13.2 10.7 15.7     1581     1180     1982 18.7 14.0 23.4      999      696     1302 16.2 11.3 21.1  61417  56368  66466                                        Franklin County                               TN est22all.txt 03DEC2023
47  53     7424     6014     8834 14.9 12.1 17.7     2168     1499     2837 17.9 12.4 23.4     1519     1006     2032 16.6 11.0 22.2  55608  50796  60420                                        Gibson County                                 TN est22all.txt 03DEC2023
47  55     4708     3749     5667 15.9 12.7 19.1     1395     1015     1775 22.3 16.2 28.4      966      685     1247 20.8 14.8 26.8  54684  48807  60561                                        Giles County                                  TN est22all.txt 03DEC2023
47  57     3956     3102     4810 16.5 12.9 20.1     1056      756     1356 23.3 16.7 29.9      767      550      984 22.9 16.4 29.4  51951  46403  57499                                        Grainger County                               TN est22all.txt 03DEC2023
47  59    11835     9948    13722 17.1 14.4 19.8     2986     2234     3738 22.9 17.1 28.7     2077     1525     2629 21.3 15.6 27.0  50410  45605  55215                                        Greene County                                 TN est22all.txt 03DEC2023
47  61     2887     2261     3513 21.3 16.7 25.9      772      518     1026 27.0 18.1 35.9      555      368      742 26.9 17.9 35.9  44219  38970  49468                                        Grundy County                                 TN est22all.txt 03DEC2023
47  63     9734     7695    11773 15.1 11.9 18.3     2794     1950     3638 18.9 13.2 24.6     1815     1180     2450 16.6 10.8 22.4  56734  51271  62197                                        Hamblen County                                TN est22all.txt 03DEC2023
47  65    43066    36743    49389 11.8 10.1 13.5    12810    10071    15549 16.8 13.2 20.4     8848     6883    10813 16.2 12.6 19.8  75127  71902  78352                                        Hamilton County                               TN est22all.txt 03DEC2023
47  67     1819     1447     2191 27.1 21.5 32.7      524      370      678 36.8 25.9 47.7      380      263      497 35.3 24.4 46.2  38024  33708  42340                                        Hancock County                                TN est22all.txt 03DEC2023
47  69     4824     3884     5764 22.2 17.9 26.5     1230      897     1563 25.4 18.5 32.3      943      697     1189 26.1 19.3 32.9  44454  39399  49509                                        Hardeman County                               TN est22all.txt 03DEC2023
47  71     6278     5406     7150 23.7 20.4 27.0     1653     1307     1999 31.1 24.6 37.6     1092      818     1366 27.2 20.4 34.0  42573  39478  45668                                        Hardin County                                 TN est22all.txt 03DEC2023
47  73     8385     6547    10223 14.6 11.4 17.8     2391     1657     3125 21.9 15.2 28.6     1789     1252     2326 21.7 15.2 28.2  52819  48320  57318                                        Hawkins County                                TN est22all.txt 03DEC2023
47  75     3571     2808     4334 20.7 16.3 25.1     1188      871     1505 31.8 23.3 40.3      863      631     1095 30.9 22.6 39.2  46351  41508  51194                                        Haywood County                                TN est22all.txt 03DEC2023
47  77     4634     3821     5447 16.9 13.9 19.9     1354     1026     1682 22.0 16.7 27.3      917      677     1157 19.9 14.7 25.1  53822  47513  60131                                        Henderson County                              TN est22all.txt 03DEC2023
47  79     4941     3890     5992 15.5 12.2 18.8     1594     1159     2029 25.1 18.2 32.0     1127      800     1454 23.4 16.6 30.2  51194  46699  55689                                        Henry County                                  TN est22all.txt 03DEC2023
47  81     3489     2602     4376 14.5 10.8 18.2     1051      712     1390 20.4 13.8 27.0      731      487      975 19.4 12.9 25.9  56917  50510  63324                                        Hickman County                                TN est22all.txt 03DEC2023
47  83     1101      786     1416 13.7  9.8 17.6      397      270      524 23.9 16.2 31.6      281      187      375 22.2 14.8 29.6  60581  55354  65808                                        Houston County                                TN est22all.txt 03DEC2023
47  85     2381     1810     2952 12.8  9.7 15.9      667      450      884 17.6 11.9 23.3      470      308      632 17.1 11.2 23.0  58917  51885  65949                                        Humphreys County                              TN est22all.txt 03DEC2023
47  87     2254     1784     2724 19.1 15.1 23.1      521      363      679 24.8 17.3 32.3      381      266      496 23.8 16.6 31.0  43306  39382  47230                                        Jackson County                                TN est22all.txt 03DEC2023
47  89     6138     4723     7553 11.1  8.5 13.7     1752     1163     2341 16.7 11.1 22.3     1264      831     1697 16.0 10.5 21.5  60785  55499  66071                                        Jefferson County                              TN est22all.txt 03DEC2023
47  91     3686     2859     4513 22.3 17.3 27.3      848      599     1097 29.5 20.8 38.2      580      388      772 27.2 18.2 36.2  45495  40216  50774                                        Johnson County                                TN est22all.txt 03DEC2023
47  93    55899    49340    62458 11.6 10.2 13.0    12127     8964    15290 12.1  8.9 15.3     8318     5883    10753 11.3  8.0 14.6  70013  67545  72481                                        Knox County                                   TN est22all.txt 03DEC2023
47  95     1622     1241     2003 34.2 26.1 42.3      399      278      520 42.9 29.8 56.0      275      185      365 41.3 27.8 54.8  38088  33290  42886                                        Lake County                                   TN est22all.txt 03DEC2023
47  97     4449     3425     5473 19.5 15.0 24.0     1355      902     1808 25.2 16.8 33.6      939      605     1273 23.7 15.3 32.1  47575  41646  53504                                        Lauderdale County                             TN est22all.txt 03DEC2023
47  99     6112     4890     7334 13.6 10.9 16.3     1885     1261     2509 16.9 11.3 22.5     1322      867     1777 16.0 10.5 21.5  55562  50353  60771                                        Lawrence County                               TN est22all.txt 03DEC2023
47 101     1841     1398     2284 14.4 10.9 17.9      531      350      712 19.0 12.5 25.5      378      244      512 18.1 11.7 24.5  53189  46576  59802                                        Lewis County                                  TN est22all.txt 03DEC2023
47 103     4966     3808     6124 13.9 10.6 17.2     1479     1025     1933 18.7 12.9 24.5      984      655     1313 16.4 10.9 21.9  61591  56469  66713                                        Lincoln County                                TN est22all.txt 03DEC2023
47 105     5881     4740     7022 10.2  8.2 12.2     1755     1356     2154 16.5 12.7 20.3     1182      891     1473 14.9 11.2 18.6  79683  71899  87467                                        Loudon County                                 TN est22all.txt 03DEC2023
47 107     8003     6414     9592 14.9 11.9 17.9     2370     1660     3080 21.0 14.7 27.3     1699     1184     2214 20.4 14.2 26.6  60950  58132  63768                                        McMinn County                                 TN est22all.txt 03DEC2023
47 109     4424     3527     5321 17.3 13.8 20.8     1201      857     1545 22.0 15.7 28.3      889      634     1144 21.8 15.6 28.0  49706  44314  55098                                        McNairy County                                TN est22all.txt 03DEC2023
47 111     3793     2911     4675 14.7 11.3 18.1     1233      818     1648 19.5 12.9 26.1      859      562     1156 18.6 12.2 25.0  56817  52265  61369                                        Macon County                                  TN est22all.txt 03DEC2023
47 113    14152    11240    17064 14.9 11.8 18.0     4400     3049     5751 20.4 14.1 26.7     3059     2057     4061 19.5 13.1 25.9  57070  52452  61688                                        Madison County                                TN est22all.txt 03DEC2023
47 115     4000     3077     4923 13.9 10.7 17.1     1229      851     1607 21.2 14.7 27.7      867      581     1153 20.3 13.6 27.0  58686  52893  64479                                        Marion County                                 TN est22all.txt 03DEC2023
47 117     3905     2976     4834 11.0  8.4 13.6     1207      826     1588 14.9 10.2 19.6      842      567     1117 14.1  9.5 18.7  64013  57228  70798                                        Marshall County                               TN est22all.txt 03DEC2023
47 119    11092     8930    13254 10.4  8.4 12.4     3439     2476     4402 14.4 10.4 18.4     2454     1781     3127 14.3 10.4 18.2  70225  64531  75919                                        Maury County                                  TN est22all.txt 03DEC2023
47 121     2176     1707     2645 16.6 13.0 20.2      582      391      773 22.0 14.8 29.2      414      274      554 20.9 13.8 28.0  54257  48032  60482                                        Meigs County                                  TN est22all.txt 03DEC2023
47 123     7002     5569     8435 14.9 11.9 17.9     1986     1429     2543 20.8 15.0 26.6     1316      890     1742 18.7 12.7 24.7  56047  50711  61383                                        Monroe County                                 TN est22all.txt 03DEC2023
47 125    25722    21948    29496 11.2  9.6 12.8     9126     7215    11037 14.9 11.8 18.0     6029     4554     7504 13.9 10.5 17.3  67478  64295  70661                                        Montgomery County                             TN est22all.txt 03DEC2023
47 127      664      496      832 10.0  7.5 12.5      183      125      241 13.9  9.5 18.3      132       88      176 13.7  9.1 18.3  68086  59784  76388                                        Moore County                                  TN est22all.txt 03DEC2023
47 129     3253     2452     4054 16.9 12.7 21.1      866      593     1139 21.8 14.9 28.7      621      420      822 20.7 14.0 27.4  59967  55589  64345                                        Morgan County                                 TN est22all.txt 03DEC2023
47 131     5068     4175     5961 16.9 13.9 19.9     1489     1065     1913 23.1 16.5 29.7     1067      738     1396 22.2 15.4 29.0  50159  46423  53895                                        Obion County                                  TN est22all.txt 03DEC2023
47 133     3444     2695     4193 15.1 11.8 18.4      931      656     1206 19.7 13.9 25.5      643      434      852 18.4 12.4 24.4  52108  46726  57490                                        Overton County                                TN est22all.txt 03DEC2023
47 135     1438     1117     1759 16.9 13.1 20.7      446      315      577 23.4 16.5 30.3      322      225      419 23.2 16.2 30.2  46448  41183  51713                                        Perry County                                  TN est22all.txt 03DEC2023
47 137      810      617     1003 16.1 12.3 19.9      195      128      262 22.9 15.1 30.7      149       99      199 22.9 15.2 30.6  47932  41889  53975                                        Pickett County                                TN est22all.txt 03DEC2023
47 139     2717     2176     3258 15.4 12.3 18.5      658      456      860 19.8 13.7 25.9      480      332      628 19.6 13.6 25.6  55146  50062  60230                                        Polk County                                   TN est22all.txt 03DEC2023
47 141    15140    13258    17022 19.1 16.7 21.5     3760     3067     4453 22.9 18.7 27.1     2423     1893     2953 20.1 15.7 24.5  54996  51107  58885                                        Putnam County                                 TN est22all.txt 03DEC2023
47 143     4752     3597     5907 14.4 10.9 17.9     1466     1005     1927 20.5 14.1 26.9     1033      692     1374 19.6 13.1 26.1  59207  53937  64477                                        Rhea County                                   TN est22all.txt 03DEC2023
47 145     7203     5736     8670 13.2 10.5 15.9     1971     1419     2523 19.5 14.0 25.0     1383      938     1828 18.0 12.2 23.8  63430  58562  68298                                        Roane County                                  TN est22all.txt 03DEC2023
47 147     6825     5212     8438  9.1  6.9 11.3     2278     1576     2980 13.1  9.1 17.1     1606     1072     2140 12.5  8.3 16.7  77326  71504  83148                                        Robertson County                              TN est22all.txt 03DEC2023
47 149    33552    29223    37881  9.4  8.2 10.6     9208     7222    11194 10.7  8.4 13.0     5978     4508     7448  9.4  7.1 11.7  77320  74083  80557                                        Rutherford County                             TN est22all.txt 03DEC2023
47 151     4675     3774     5576 21.5 17.4 25.6     1358      972     1744 26.9 19.2 34.6      977      685     1269 26.3 18.4 34.2  44599  39183  50015                                        Scott County                                  TN est22all.txt 03DEC2023
47 153     2889     2363     3415 17.5 14.3 20.7      823      614     1032 24.7 18.4 31.0      586      428      744 24.1 17.6 30.6  56264  50034  62494                                        Sequatchie County                             TN est22all.txt 03DEC2023
47 155    11335     9303    13367 11.6  9.5 13.7     3113     2293     3933 16.1 11.9 20.3     1881     1255     2507 13.2  8.8 17.6  59530  55070  63990                                        Sevier County                                 TN est22all.txt 03DEC2023
47 157   150180   137891   162469 16.6 15.2 18.0    52737    45969    59505 23.5 20.5 26.5    36478    31005    41951 22.3 19.0 25.6  61452  59556  63348                                        Shelby County                                 TN est22all.txt 03DEC2023
47 159     2551     1969     3133 12.6  9.7 15.5      712      486      938 15.8 10.8 20.8      493      324      662 14.5  9.5 19.5  63960  57215  70705                                        Smith County                                  TN est22all.txt 03DEC2023
47 161     1814     1375     2253 13.1  9.9 16.3      526      349      703 18.0 11.9 24.1      374      244      504 17.3 11.3 23.3  60242  52948  67536                                        Stewart County                                TN est22all.txt 03DEC2023
47 163    24274    20661    27887 15.3 13.0 17.6     6897     5494     8300 23.1 18.4 27.8     4510     3467     5553 20.2 15.5 24.9  54361  51007  57715                                        Sullivan County                               TN est22all.txt 03DEC2023
47 165    15086    11941    18231  7.5  5.9  9.1     4063     2687     5439  8.9  5.9 11.9     3018     2015     4021  8.8  5.9 11.7  87453  81773  93133                                        Sumner County                                 TN est22all.txt 03DEC2023
47 167     8453     6924     9982 13.9 11.4 16.4     2649     1998     3300 18.6 14.0 23.2     1604     1093     2115 14.8 10.1 19.5  68778  63015  74541                                        Tipton County                                 TN est22all.txt 03DEC2023
47 169     1609     1202     2016 16.7 12.5 20.9      387      265      509 17.1 11.7 22.5      256      173      339 15.7 10.6 20.8  58584  51196  65972                                        Trousdale County                              TN est22all.txt 03DEC2023
47 171     2624     2022     3226 15.1 11.6 18.6      652      448      856 21.4 14.7 28.1      458      311      605 20.0 13.6 26.4  52260  46054  58466                                        Unicoi County                                 TN est22all.txt 03DEC2023
47 173     3281     2533     4029 16.2 12.5 19.9      879      568     1190 20.8 13.4 28.2      653      416      890 20.8 13.2 28.4  51169  45077  57261                                        Union County                                  TN est22all.txt 03DEC2023
47 175      969      729     1209 15.3 11.5 19.1      315      215      415 24.1 16.4 31.8      222      146      298 23.1 15.2 31.0  50260  44080  56440                                        Van Buren County                              TN est22all.txt 03DEC2023
47 177     6223     4736     7710 15.0 11.4 18.6     1954     1310     2598 20.6 13.8 27.4     1367      899     1835 19.8 13.0 26.6  52520  48550  56490                                        Warren County                                 TN est22all.txt 03DEC2023
47 179    18496    15607    21385 14.1 11.9 16.3     4238     3122     5354 17.4 12.8 22.0     2866     2021     3711 15.7 11.1 20.3  64270  61230  67310                                        Washington County                             TN est22all.txt 03DEC2023
47 181     2792     2131     3453 19.7 15.0 24.4      616      419      813 24.0 16.3 31.7      432      288      576 22.7 15.1 30.3  48321  42496  54146                                        Wayne County                                  TN est22all.txt 03DEC2023
47 183     5568     4446     6690 18.0 14.4 21.6     1381     1017     1745 22.9 16.9 28.9     1030      770     1290 23.2 17.3 29.1  49815  45519  54111                                        Weakley County                                TN est22all.txt 03DEC2023
47 185     4567     3653     5481 16.4 13.1 19.7     1274      919     1629 21.7 15.7 27.7      892      632     1152 20.5 14.5 26.5  49411  43606  55216                                        White County                                  TN est22all.txt 03DEC2023
47 187    10671     8474    12868  4.1  3.3  4.9     2380     1678     3082  3.6  2.5  4.7     1617     1113     2121  3.1  2.1  4.1 133486 125100 141872                                        Williamson County                             TN est22all.txt 03DEC2023
47 189    11221     9046    13396  7.2  5.8  8.6     3115     2280     3950  8.7  6.4 11.0     2176     1570     2782  8.1  5.8 10.4  88462  82443  94481                                        Wilson County                                 TN est22all.txt 03DEC2023
48   0  4118852  4064284  4173420 14.0 13.8 14.2  1413051  1378798  1447304 19.2 18.7 19.7  1002891   973170  1032612 18.3 17.8 18.8  72279  71839  72719  389616  373089  406143 20.9 20.0 21.8 Texas                                         TX est22all.txt 03DEC2023
48   1     8553     6477    10629 19.3 14.6 24.0     2404     1658     3150 22.2 15.3 29.1     1705     1162     2248 21.5 14.6 28.4  60800  55736  65864                                        Anderson County                               TX est22all.txt 03DEC2023
48   3     2223     1716     2730 12.2  9.4 15.0      871      629     1113 15.4 11.1 19.7      605      430      780 14.4 10.2 18.6  68998  61522  76474                                        Andrews County                                TX est22all.txt 03DEC2023
48   5    13520    10766    16274 15.9 12.7 19.1     4731     3380     6082 21.8 15.6 28.0     3481     2465     4497 21.6 15.3 27.9  56825  52211  61439                                        Angelina County                               TX est22all.txt 03DEC2023
48   7     4263     3274     5252 17.4 13.4 21.4     1346      953     1739 30.2 21.4 39.0      993      708     1278 29.9 21.3 38.5  60523  54067  66979                                        Aransas County                                TX est22all.txt 03DEC2023
48   9      789      592      986  9.0  6.8 11.2      229      155      303 11.8  8.0 15.6      164      110      218 10.9  7.3 14.5  72062  63764  80360                                        Archer County                                 TX est22all.txt 03DEC2023
48  11      184      137      231 10.2  7.6 12.8       56       38       74 13.6  9.2 18.0       41       28       54 13.5  9.1 17.9  67548  59214  75882                                        Armstrong County                              TX est22all.txt 03DEC2023
48  13     8191     6458     9924 16.2 12.8 19.6     3056     2116     3996 22.6 15.6 29.6     2296     1595     2997 22.7 15.8 29.6  59817  53016  66618                                        Atascosa County                               TX est22all.txt 03DEC2023
48  15     4625     3824     5426 15.0 12.4 17.6     1699     1366     2032 23.6 19.0 28.2     1023      764     1282 18.8 14.0 23.6  68630  61152  76108                                        Austin County                                 TX est22all.txt 03DEC2023
48  17     1084      815     1353 16.3 12.2 20.4      429      292      566 21.7 14.8 28.6      297      201      393 20.9 14.1 27.7  52751  46266  59236                                        Bailey County                                 TX est22all.txt 03DEC2023
48  19     2580     1980     3180 11.7  9.0 14.4      707      482      932 19.3 13.2 25.4      506      343      669 18.2 12.3 24.1  69284  61406  77162                                        Bandera County                                TX est22all.txt 03DEC2023
48  21    12789    10263    15315 12.3  9.9 14.7     4665     3455     5875 17.5 13.0 22.0     3349     2456     4242 16.8 12.3 21.3  73403  67826  78980                                        Bastrop County                                TX est22all.txt 03DEC2023
48  23      473      345      601 13.9 10.1 17.7      160      110      210 20.5 14.0 27.0      113       77      149 18.8 12.7 24.9  49059  42921  55197                                        Baylor County                                 TX est22all.txt 03DEC2023
48  25     6613     5321     7905 28.7 23.1 34.3     1962     1463     2461 32.3 24.1 40.5     1302      907     1697 28.6 19.9 37.3  48176  42471  53881                                        Bee County                                    TX est22all.txt 03DEC2023
48  27    53701    47417    59985 14.2 12.5 15.9    20455    17094    23816 19.5 16.3 22.7    14699    12234    17164 19.5 16.2 22.8  62412  59275  65549                                        Bell County                                   TX est22all.txt 03DEC2023
48  29   314925   292614   337236 15.6 14.5 16.7   107610    95920   119300 21.5 19.2 23.8    79971    71455    88487 21.6 19.3 23.9  65839  63939  67739                                        Bexar County                                  TX est22all.txt 03DEC2023
48  31     1031      767     1295  8.4  6.3 10.5      271      185      357 13.3  9.1 17.5      196      132      260 12.5  8.5 16.5  82236  72714  91758                                        Blanco County                                 TX est22all.txt 03DEC2023
48  33       67       50       84 11.5  8.5 14.5       22       15       29 17.5 11.7 23.3       17       11       23 17.3 11.4 23.2  75186  65518  84854                                        Borden County                                 TX est22all.txt 03DEC2023
48  35     2277     1697     2857 12.4  9.3 15.5      724      496      952 18.9 12.9 24.9      497      332      662 17.0 11.3 22.7  61048  54083  68013                                        Bosque County                                 TX est22all.txt 03DEC2023
48  37    16274    13699    18849 18.8 15.8 21.8     5518     4353     6683 25.7 20.3 31.1     3776     2833     4719 23.5 17.6 29.4  52460  47495  57425                                        Bowie County                                  TX est22all.txt 03DEC2023
48  39    38062    31709    44415 10.1  8.4 11.8    12313     9370    15256 12.6  9.6 15.6     8734     6601    10867 11.9  9.0 14.8  86197  82511  89883                                        Brazoria County                               TX est22all.txt 03DEC2023
48  41    49079    45534    52624 22.2 20.6 23.8     8271     6451    10091 17.4 13.6 21.2     5715     4422     7008 16.6 12.9 20.3  60355  56731  63979                                        Brazos County                                 TX est22all.txt 03DEC2023
48  43     1239      912     1566 14.0 10.3 17.7      334      229      439 21.4 14.7 28.1      235      160      310 20.3 13.8 26.8  52388  47829  56947                                        Brewster County                               TX est22all.txt 03DEC2023
48  45      220      170      270 15.4 11.9 18.9       63       42       84 20.1 13.5 26.7       44       29       59 19.0 12.6 25.4  53208  46366  60050                                        Briscoe County                                TX est22all.txt 03DEC2023
48  47     1804     1303     2305 28.0 20.2 35.8      857      588     1126 47.1 32.3 61.9      627      425      829 46.0 31.2 60.8  35359  30956  39762                                        Brooks County                                 TX est22all.txt 03DEC2023
48  49     6377     5106     7648 17.4 13.9 20.9     1883     1366     2400 25.0 18.1 31.9     1357      973     1741 24.7 17.7 31.7  53455  49531  57379                                        Brown County                                  TX est22all.txt 03DEC2023
48  51     2839     2200     3478 15.4 11.9 18.9      894      640     1148 22.2 15.9 28.5      659      474      844 22.0 15.8 28.2  62095  54752  69438                                        Burleson County                               TX est22all.txt 03DEC2023
48  53     4642     3568     5716  9.0  6.9 11.1     1457      981     1933 13.9  9.4 18.4     1021      683     1359 12.9  8.6 17.2  74897  68454  81340                                        Burnet County                                 TX est22all.txt 03DEC2023
48  55     6652     5336     7968 14.5 11.6 17.4     2166     1575     2757 20.7 15.0 26.4     1421      968     1874 19.5 13.3 25.7  60833  55111  66555                                        Caldwell County                               TX est22all.txt 03DEC2023
48  57     3071     2349     3793 15.9 12.2 19.6     1056      752     1360 23.5 16.8 30.2      719      495      943 21.7 15.0 28.4  62742  57022  68462                                        Calhoun County                                TX est22all.txt 03DEC2023
48  59     1932     1480     2384 13.7 10.5 16.9      613      433      793 20.5 14.5 26.5      443      309      577 19.4 13.5 25.3  63836  58145  69527                                        Callahan County                               TX est22all.txt 03DEC2023
48  61    95070    83931   106209 22.6 20.0 25.2    36073    30070    42076 30.1 25.1 35.1    25993    21219    30767 28.8 23.5 34.1  49583  46465  52701                                        Cameron County                                TX est22all.txt 03DEC2023
48  63     2290     1761     2819 18.1 13.9 22.3      913      657     1169 27.6 19.9 35.3      676      489      863 27.9 20.2 35.6  52919  46465  59373                                        Camp County                                   TX est22all.txt 03DEC2023
48  65      495      362      628  8.6  6.3 10.9      164      112      216 12.4  8.5 16.3      116       79      153 10.8  7.3 14.3  71902  65409  78395                                        Carson County                                 TX est22all.txt 03DEC2023
48  67     4902     3944     5860 17.4 14.0 20.8     1735     1315     2155 27.4 20.8 34.0     1302      980     1624 27.5 20.7 34.3  54276  50574  57978                                        Cass County                                   TX est22all.txt 03DEC2023
48  69     1197      907     1487 16.7 12.7 20.7      449      307      591 21.5 14.7 28.3      321      218      424 20.8 14.1 27.5  59958  52943  66973                                        Castro County                                 TX est22all.txt 03DEC2023
48  71     4236     3166     5306  8.3  6.2 10.4     1527     1049     2005 10.8  7.4 14.2     1073      722     1424 10.0  6.7 13.3 102146  90991 113301                                        Chambers County                               TX est22all.txt 03DEC2023
48  73     8284     6501    10067 16.8 13.2 20.4     2912     2022     3802 22.7 15.8 29.6     2092     1429     2755 22.3 15.2 29.4  50351  44413  56289                                        Cherokee County                               TX est22all.txt 03DEC2023
48  75     1101      816     1386 20.0 14.8 25.2      329      223      435 25.2 17.1 33.3      227      152      302 23.0 15.4 30.6  49200  42951  55449                                        Childress County                              TX est22all.txt 03DEC2023
48  77     1108      811     1405 10.7  7.8 13.6      315      214      416 15.2 10.3 20.1      228      154      302 14.6  9.8 19.4  66085  58768  73402                                        Clay County                                   TX est22all.txt 03DEC2023
48  79      657      533      781 26.3 21.3 31.3      252      189      315 38.6 29.0 48.2      178      131      225 38.9 28.7 49.1  45766  39883  51649                                        Cochran County                                TX est22all.txt 03DEC2023
48  81      501      392      610 15.4 12.1 18.7      143      101      185 21.0 14.9 27.1      102       72      132 20.5 14.4 26.6  43774  38489  49059                                        Coke County                                   TX est22all.txt 03DEC2023
48  83     1401     1070     1732 18.0 13.7 22.3      433      298      568 27.3 18.7 35.9      316      218      414 27.1 18.7 35.5  45834  40544  51124                                        Coleman County                                TX est22all.txt 03DEC2023
48  85    55552    47349    63755  4.8  4.1  5.5    13688    10029    17347  4.9  3.6  6.2     9189     6573    11805  4.3  3.1  5.5 113943 110362 117524                                        Collin County                                 TX est22all.txt 03DEC2023
48  87      431      318      544 16.9 12.5 21.3      177      121      233 26.1 17.9 34.3      122       83      161 23.5 15.9 31.1  52093  46536  57650                                        Collingsworth County                          TX est22all.txt 03DEC2023
48  89     2944     2228     3660 14.5 11.0 18.0     1020      706     1334 21.2 14.7 27.7      735      501      969 20.6 14.1 27.1  59711  52328  67094                                        Colorado County                               TX est22all.txt 03DEC2023
48  91    13044    10466    15622  7.1  5.7  8.5     3519     2456     4582  8.8  6.2 11.4     2482     1743     3221  8.1  5.7 10.5  92979  86182  99776                                        Comal County                                  TX est22all.txt 03DEC2023
48  93     2276     1704     2848 16.6 12.4 20.8      762      525      999 25.0 17.2 32.8      539      369      709 23.6 16.1 31.1  51559  45686  57432                                        Comanche County                               TX est22all.txt 03DEC2023
48  95      466      342      590 20.2 14.8 25.6      140       95      185 35.8 24.3 47.3       99       66      132 35.2 23.6 46.8  51191  44796  57586                                        Concho County                                 TX est22all.txt 03DEC2023
48  97     5277     4082     6472 12.5  9.7 15.3     1798     1276     2320 19.0 13.5 24.5     1284      915     1653 18.5 13.2 23.8  66466  62665  70267                                        Cooke County                                  TX est22all.txt 03DEC2023
48  99     8818     6763    10873 12.2  9.3 15.1     2952     2107     3797 15.8 11.3 20.3     2026     1400     2652 15.1 10.4 19.8  63428  59552  67304                                        Coryell County                                TX est22all.txt 03DEC2023
48 101      263      197      329 20.2 15.1 25.3       78       53      103 31.7 21.5 41.9       56       38       74 28.6 19.2 38.0  45351  39499  51203                                        Cottle County                                 TX est22all.txt 03DEC2023
48 103      506      377      635 11.4  8.5 14.3      200      137      263 15.6 10.7 20.5      144       97      191 14.5  9.8 19.2  67889  59324  76454                                        Crane County                                  TX est22all.txt 03DEC2023
48 105      457      340      574 15.8 11.7 19.9      182      124      240 23.9 16.3 31.5      128       86      170 22.1 14.9 29.3  71851  65532  78170                                        Crockett County                               TX est22all.txt 03DEC2023
48 107     1084      810     1358 22.0 16.4 27.6      436      298      574 33.8 23.1 44.5      320      217      423 33.6 22.8 44.4  46457  41257  51657                                        Crosby County                                 TX est22all.txt 03DEC2023
48 109      432      320      544 20.1 14.9 25.3      164      112      216 33.7 23.0 44.4      115       78      152 33.1 22.4 43.8  52160  45641  58679                                        Culberson County                              TX est22all.txt 03DEC2023
48 111      801      587     1015 11.1  8.1 14.1      352      235      469 14.5  9.7 19.3      244      162      326 15.1 10.0 20.2  61636  55661  67611                                        Dallam County                                 TX est22all.txt 03DEC2023
48 113   364132   340776   387488 14.2 13.3 15.1   128652   117219   140085 20.1 18.3 21.9    92038    83070   101006 19.7 17.8 21.6  70871  68833  72909                                        Dallas County                                 TX est22all.txt 03DEC2023
48 115     2339     1779     2899 22.2 16.9 27.5      851      591     1111 27.9 19.4 36.4      618      421      815 28.4 19.4 37.4  48801  42859  54743                                        Dawson County                                 TX est22all.txt 03DEC2023
48 117     3071     2304     3838 16.9 12.7 21.1     1236      863     1609 22.0 15.4 28.6      851      590     1112 21.2 14.7 27.7  55565  49027  62103                                        Deaf Smith County                             TX est22all.txt 03DEC2023
48 119      888      675     1101 16.6 12.6 20.6      306      215      397 23.9 16.8 31.0      210      143      277 22.6 15.4 29.8  54587  49029  60145                                        Delta County                                  TX est22all.txt 03DEC2023
48 121    75587    67723    83451  7.8  7.0  8.6    18844    15511    22177  8.4  6.9  9.9    13024    10613    15435  7.7  6.3  9.1 102711 100125 105297                                        Denton County                                 TX est22all.txt 03DEC2023
48 123     3599     2854     4344 19.8 15.7 23.9     1145      801     1489 25.6 17.9 33.3      803      553     1053 24.2 16.7 31.7  55525  48609  62441                                        DeWitt County                                 TX est22all.txt 03DEC2023
48 125      279      204      354 16.2 11.8 20.6       83       57      109 26.1 17.8 34.4       57       38       76 24.6 16.6 32.6  47074  41590  52558                                        Dickens County                                TX est22all.txt 03DEC2023
48 127     2057     1573     2541 25.1 19.2 31.0      826      560     1092 35.0 23.7 46.3      599      401      797 33.9 22.7 45.1  44312  38747  49877                                        Dimmit County                                 TX est22all.txt 03DEC2023
48 129      537      396      678 17.9 13.2 22.6      172      117      227 26.0 17.7 34.3      123       83      163 25.0 16.9 33.1  44866  40505  49227                                        Donley County                                 TX est22all.txt 03DEC2023
48 131     2426     1800     3052 27.0 20.0 34.0      949      648     1250 38.7 26.4 51.0      691      466      916 37.7 25.4 50.0  40539  35388  45690                                        Duval County                                  TX est22all.txt 03DEC2023
48 133     2567     1869     3265 14.9 10.8 19.0      750      473     1027 20.0 12.6 27.4      579      375      783 21.1 13.7 28.5  53351  47070  59632                                        Eastland County                               TX est22all.txt 03DEC2023
48 135    25752    21555    29949 16.2 13.6 18.8    10015     7811    12219 20.7 16.1 25.3     6930     5246     8614 19.8 15.0 24.6  64868  57927  71809                                        Ector County                                  TX est22all.txt 03DEC2023
48 137      291      218      364 20.7 15.5 25.9      110       75      145 36.2 24.8 47.6       82       55      109 36.4 24.6 48.2  50752  44171  57333                                        Edwards County                                TX est22all.txt 03DEC2023
48 139    18830    15136    22524  9.0  7.2 10.8     6616     4918     8314 12.1  9.0 15.2     4645     3445     5845 11.2  8.3 14.1  89314  82708  95920                                        Ellis County                                  TX est22all.txt 03DEC2023
48 141   179428   164619   194237 21.0 19.3 22.7    63962    56386    71538 28.7 25.3 32.1    46461    41057    51865 27.9 24.7 31.1  53441  51775  55107                                        El Paso County                                TX est22all.txt 03DEC2023
48 143     5198     4008     6388 12.9  9.9 15.9     1318      868     1768 15.0  9.9 20.1      925      601     1249 14.4  9.4 19.4  60093  54731  65455                                        Erath County                                  TX est22all.txt 03DEC2023
48 145     3247     2515     3979 21.4 16.6 26.2      985      682     1288 27.6 19.1 36.1      749      524      974 28.4 19.9 36.9  47534  41595  53473                                        Falls County                                  TX est22all.txt 03DEC2023
48 147     4662     3559     5765 13.7 10.5 16.9     1386      962     1810 17.8 12.3 23.3      990      683     1297 16.7 11.5 21.9  60959  56153  65765                                        Fannin County                                 TX est22all.txt 03DEC2023
48 149     2651     2022     3280 10.8  8.2 13.4      753      518      988 15.4 10.6 20.2      550      374      726 14.8 10.1 19.5  70476  65020  75932                                        Fayette County                                TX est22all.txt 03DEC2023
48 151      612      483      741 16.9 13.3 20.5      195      148      242 24.7 18.7 30.7      141      106      176 23.6 17.7 29.5  57867  52111  63623                                        Fisher County                                 TX est22all.txt 03DEC2023
48 153     1106      852     1360 21.3 16.4 26.2      431      295      567 31.8 21.8 41.8      311      210      412 30.0 20.2 39.8  45784  39955  51613                                        Floyd County                                  TX est22all.txt 03DEC2023
48 155      174      128      220 17.0 12.5 21.5       60       41       79 27.6 18.9 36.3       44       30       58 27.8 18.9 36.7  47657  42012  53302                                        Foard County                                  TX est22all.txt 03DEC2023
48 157    69965    60484    79446  7.9  6.8  9.0    22218    17656    26780  9.5  7.5 11.5    15505    12195    18815  8.6  6.8 10.4 105583 102225 108941                                        Fort Bend County                              TX est22all.txt 03DEC2023
48 159     1444     1101     1787 13.7 10.4 17.0      463      315      611 19.9 13.6 26.2      321      216      426 18.1 12.2 24.0  56623  49684  63562                                        Franklin County                               TX est22all.txt 03DEC2023
48 161     2874     2219     3529 15.7 12.1 19.3      828      570     1086 19.1 13.1 25.1      608      415      801 18.6 12.7 24.5  56372  50228  62516                                        Freestone County                              TX est22all.txt 03DEC2023
48 163     3706     2753     4659 24.6 18.3 30.9     1324      906     1742 32.5 22.3 42.7      934      629     1239 31.9 21.5 42.3  46769  40989  52549                                        Frio County                                   TX est22all.txt 03DEC2023
48 165     3239     2420     4058 14.7 11.0 18.4     1531     1025     2037 19.3 12.9 25.7     1084      715     1453 19.0 12.5 25.5  62465  54781  70149                                        Gaines County                                 TX est22all.txt 03DEC2023
48 167    47446    42445    52447 13.5 12.1 14.9    12420     9933    14907 15.0 12.0 18.0     9311     7404    11218 14.9 11.9 17.9  75947  71310  80584                                        Galveston County                              TX est22all.txt 03DEC2023
48 169     1073      787     1359 26.6 19.5 33.7      230      157      303 27.1 18.5 35.7      164      111      217 25.5 17.2 33.8  50255  43833  56677                                        Garza County                                  TX est22all.txt 03DEC2023
48 171     2613     2051     3175  9.6  7.5 11.7      710      484      936 13.5  9.2 17.8      500      338      662 12.4  8.4 16.4  77013  68705  85321                                        Gillespie County                              TX est22all.txt 03DEC2023
48 173      106       79      133  9.1  6.8 11.4       36       25       47 12.3  8.4 16.2       26       17       35 12.6  8.5 16.7  96533  83961 109105                                        Glasscock County                              TX est22all.txt 03DEC2023
48 175     1025      784     1266 14.5 11.1 17.9      305      206      404 21.4 14.5 28.3      230      154      306 21.1 14.2 28.0  62841  55150  70532                                        Goliad County                                 TX est22all.txt 03DEC2023
48 177     3011     2251     3771 15.4 11.5 19.3     1189      801     1577 22.9 15.4 30.4      844      558     1130 22.4 14.8 30.0  57523  51704  63342                                        Gonzales County                               TX est22all.txt 03DEC2023
48 179     3244     2561     3927 16.7 13.2 20.2     1027      723     1331 19.7 13.9 25.5      716      499      933 18.0 12.6 23.4  50648  44599  56697                                        Gray County                                   TX est22all.txt 03DEC2023
48 181    15629    12456    18802 11.1  8.8 13.4     4868     3366     6370 14.6 10.1 19.1     3456     2360     4552 14.0  9.6 18.4  66141  62933  69349                                        Grayson County                                TX est22all.txt 03DEC2023
48 183    19744    16546    22942 16.2 13.6 18.8     7155     5623     8687 22.6 17.8 27.4     4956     3757     6155 21.1 16.0 26.2  60932  58240  63624                                        Gregg County                                  TX est22all.txt 03DEC2023
48 185     4386     3306     5466 15.5 11.7 19.3     1425      989     1861 20.8 14.4 27.2     1039      720     1358 20.6 14.3 26.9  61188  54924  67452                                        Grimes County                                 TX est22all.txt 03DEC2023
48 187    17172    14259    20085  9.5  7.9 11.1     5639     4374     6904 13.1 10.2 16.0     4225     3314     5136 12.8 10.0 15.6  86043  80329  91757                                        Guadalupe County                              TX est22all.txt 03DEC2023
48 189     6435     5164     7706 21.5 17.3 25.7     2506     1953     3059 30.2 23.5 36.9     1720     1290     2150 27.5 20.6 34.4  49571  43906  55236                                        Hale County                                   TX est22all.txt 03DEC2023
48 191      643      483      803 23.1 17.4 28.8      231      160      302 38.6 26.8 50.4      167      115      219 35.5 24.4 46.6  40677  35566  45788                                        Hall County                                   TX est22all.txt 03DEC2023
48 193     1118      852     1384 13.7 10.4 17.0      354      242      466 20.7 14.2 27.2      262      178      346 19.9 13.5 26.3  59753  52516  66990                                        Hamilton County                               TX est22all.txt 03DEC2023
48 195      574      418      730 11.3  8.2 14.4      237      162      312 16.2 11.1 21.3      166      112      220 14.9 10.0 19.8  69064  61964  76164                                        Hansford County                               TX est22all.txt 03DEC2023
48 197      572      426      718 16.3 12.1 20.5      190      129      251 24.8 16.8 32.8      140       94      186 24.6 16.5 32.7  49539  43450  55628                                        Hardeman County                               TX est22all.txt 03DEC2023
48 199     7590     6226     8954 13.2 10.8 15.6     2348     1772     2924 16.7 12.6 20.8     1588     1140     2036 15.0 10.8 19.2  70432  62417  78447                                        Hardin County                                 TX est22all.txt 03DEC2023
48 201   775281   746461   804101 16.4 15.8 17.0   298813   283912   313714 24.6 23.4 25.8   210144   198136   222152 23.4 22.1 24.7  68748  67293  70203                                        Harris County                                 TX est22all.txt 03DEC2023
48 203    10570     8369    12771 15.7 12.4 19.0     3700     2815     4585 22.7 17.3 28.1     2795     2214     3376 22.4 17.7 27.1  64636  60002  69270                                        Harrison County                               TX est22all.txt 03DEC2023
48 205      389      289      489  9.0  6.7 11.3       98       67      129  8.8  6.0 11.6       70       47       93  8.7  5.9 11.5  84165  74699  93631                                        Hartley County                                TX est22all.txt 03DEC2023
48 207      996      742     1250 20.4 15.2 25.6      288      199      377 30.6 21.1 40.1      212      143      281 30.2 20.4 40.0  48587  42961  54213                                        Haskell County                                TX est22all.txt 03DEC2023
48 209    25751    22196    29306  9.9  8.5 11.3     4643     3081     6205  7.9  5.3 10.5     2948     1850     4046  6.7  4.2  9.2  89074  84784  93364                                        Hays County                                   TX est22all.txt 03DEC2023
48 211      350      262      438 11.2  8.4 14.0      135       92      178 15.4 10.5 20.3       96       65      127 13.7  9.3 18.1  73212  66012  80412                                        Hemphill County                               TX est22all.txt 03DEC2023
48 213    10798     8372    13224 13.0 10.1 15.9     3531     2404     4658 19.9 13.5 26.3     2502     1672     3332 19.1 12.7 25.5  62843  59423  66263                                        Henderson County                              TX est22all.txt 03DEC2023
48 215   240721   225887   255555 27.4 25.7 29.1   100640    92387   108893 37.1 34.1 40.1    74606    68487    80725 36.6 33.6 39.6  48825  46947  50703                                        Hidalgo County                                TX est22all.txt 03DEC2023
48 217     5714     4645     6783 15.6 12.7 18.5     1722     1226     2218 20.6 14.7 26.5     1177      824     1530 18.7 13.1 24.3  57566  52528  62604                                        Hill County                                   TX est22all.txt 03DEC2023
48 219     3104     2319     3889 14.9 11.1 18.7     1124      747     1501 20.3 13.5 27.1      813      532     1094 19.8 13.0 26.6  56923  50658  63188                                        Hockley County                                TX est22all.txt 03DEC2023
48 221     6447     5140     7754  9.8  7.8 11.8     1725     1172     2278 13.0  8.8 17.2     1260      849     1671 12.6  8.5 16.7  75545  68021  83069                                        Hood County                                   TX est22all.txt 03DEC2023
48 223     4779     3608     5950 12.8  9.7 15.9     1613     1093     2133 18.0 12.2 23.8     1150      777     1523 17.3 11.7 22.9  64249  59711  68787                                        Hopkins County                                TX est22all.txt 03DEC2023
48 225     3924     2919     4929 20.1 14.9 25.3     1259      856     1662 29.2 19.8 38.6      884      586     1182 27.1 18.0 36.2  49741  44543  54939                                        Houston County                                TX est22all.txt 03DEC2023
48 227     4813     3603     6023 17.0 12.7 21.3     1564     1104     2024 22.4 15.8 29.0     1129      789     1469 22.1 15.4 28.8  59598  52579  66617                                        Howard County                                 TX est22all.txt 03DEC2023
48 229      863      647     1079 35.7 26.8 44.6      236      157      315 48.6 32.4 64.8      180      119      241 51.3 33.9 68.7  39582  34719  44445                                        Hudspeth County                               TX est22all.txt 03DEC2023
48 231    13548    11101    15995 12.9 10.6 15.2     4359     3341     5377 17.0 13.0 21.0     2728     1967     3489 14.5 10.5 18.5  68019  63688  72350                                        Hunt County                                   TX est22all.txt 03DEC2023
48 233     2359     1742     2976 11.9  8.8 15.0      807      541     1073 16.5 11.1 21.9      577      385      769 15.6 10.4 20.8  65019  57565  72473                                        Hutchinson County                             TX est22all.txt 03DEC2023
48 235      131       97      165  8.6  6.4 10.8       36       25       47 10.3  7.0 13.6       25       17       33  9.2  6.2 12.2  77768  67991  87545                                        Irion County                                  TX est22all.txt 03DEC2023
48 237     1237      948     1526 15.8 12.1 19.5      350      247      453 18.5 13.0 24.0      237      165      309 16.3 11.4 21.2  54132  48119  60145                                        Jack County                                   TX est22all.txt 03DEC2023
48 239     2233     1728     2738 15.2 11.8 18.6      745      531      959 19.7 14.1 25.3      518      364      672 19.2 13.5 24.9  61953  54205  69701                                        Jackson County                                TX est22all.txt 03DEC2023
48 241     6202     4967     7437 19.4 15.5 23.3     2118     1581     2655 28.5 21.3 35.7     1432     1027     1837 25.4 18.2 32.6  50763  45933  55593                                        Jasper County                                 TX est22all.txt 03DEC2023
48 243      254      188      320 13.3  9.9 16.7       34       19       49 36.6 20.6 52.6       27       15       39 51.9 28.3 75.5  58285  52430  64140                                        Jeff Davis County                             TX est22all.txt 03DEC2023
48 245    44645    38182    51108 18.8 16.1 21.5    14458    11224    17692 24.0 18.6 29.4    10298     7828    12768 23.3 17.7 28.9  55065  51203  58927                                        Jefferson County                              TX est22all.txt 03DEC2023
48 247     1263      987     1539 26.9 21.0 32.8      580      432      728 42.4 31.6 53.2      375      264      486 34.9 24.5 45.3  43782  38238  49326                                        Jim Hogg County                               TX est22all.txt 03DEC2023
48 249     9541     7816    11266 24.8 20.3 29.3     3783     2917     4649 36.3 28.0 44.6     2744     2084     3404 35.0 26.6 43.4  48252  42390  54114                                        Jim Wells County                              TX est22all.txt 03DEC2023
48 251    19258    15526    22990 10.0  8.1 11.9     6300     4628     7972 12.8  9.4 16.2     4682     3442     5922 12.6  9.3 15.9  76747  72039  81455                                        Johnson County                                TX est22all.txt 03DEC2023
48 253     3224     2447     4001 22.0 16.7 27.3      776      541     1011 23.1 16.1 30.1      580      407      753 22.6 15.9 29.3  51894  45673  58115                                        Jones County                                  TX est22all.txt 03DEC2023
48 255     2296     1676     2916 19.5 14.2 24.8      758      511     1005 25.1 16.9 33.3      537      359      715 23.6 15.8 31.4  61860  54854  68866                                        Karnes County                                 TX est22all.txt 03DEC2023
48 257    14630    11369    17891  8.6  6.7 10.5     5693     4087     7299 11.8  8.5 15.1     3912     2715     5109 10.9  7.6 14.2  92814  88285  97343                                        Kaufman County                                TX est22all.txt 03DEC2023
48 259     3384     2532     4236  7.0  5.2  8.8      969      678     1260  9.1  6.4 11.8      667      460      874  7.9  5.4 10.4 120238 108799 131677                                        Kendall County                                TX est22all.txt 03DEC2023
48 261       27       17       37  7.6  4.9 10.3        9        6       12 15.3 10.3 20.3        6        4        8 13.0  8.4 17.6  43274  37692  48856                                        Kenedy County                                 TX est22all.txt 03DEC2023
48 263       82       61      103 11.8  8.7 14.9       26       18       34 15.5 10.5 20.5       19       13       25 14.3  9.7 18.9  58118  50764  65472                                        Kent County                                   TX est22all.txt 03DEC2023
48 265     6477     5106     7848 12.5  9.9 15.1     1879     1288     2470 19.2 13.2 25.2     1262      825     1699 17.4 11.4 23.4  59619  54596  64642                                        Kerr County                                   TX est22all.txt 03DEC2023
48 267      745      562      928 16.9 12.7 21.1      261      178      344 31.8 21.7 41.9      188      127      249 32.6 22.0 43.2  51851  45319  58383                                        Kimble County                                 TX est22all.txt 03DEC2023
48 269       24       18       30 10.3  7.6 13.0        6        4        8  9.7  6.3 13.1        5        3        7  9.8  6.7 12.9  87856  76545  99167                                        King County                                   TX est22all.txt 03DEC2023
48 271      563      419      707 21.0 15.6 26.4      151      103      199 27.7 18.9 36.5      111       74      148 27.7 18.6 36.8  52609  45956  59262                                        Kinney County                                 TX est22all.txt 03DEC2023
48 273     7761     6641     8881 26.7 22.8 30.6     2158     1535     2781 30.4 21.6 39.2     1515     1049     1981 29.4 20.4 38.4  51342  45066  57618                                        Kleberg County                                TX est22all.txt 03DEC2023
48 275      613      466      760 19.3 14.7 23.9      237      160      314 27.2 18.4 36.0      172      115      229 26.2 17.6 34.8  47207  41666  52748                                        Knox County                                   TX est22all.txt 03DEC2023
48 277     7422     5582     9262 15.0 11.3 18.7     2698     1887     3509 22.6 15.8 29.4     1918     1326     2510 22.0 15.2 28.8  62620  58120  67120                                        Lamar County                                  TX est22all.txt 03DEC2023
48 279     2235     1669     2801 17.8 13.3 22.3      873      602     1144 25.5 17.6 33.4      617      424      810 23.7 16.3 31.1  53008  47878  58138                                        Lamb County                                   TX est22all.txt 03DEC2023
48 281     2928     2304     3552 13.0 10.2 15.8      887      619     1155 18.7 13.0 24.4      629      433      825 17.2 11.9 22.5  67917  61199  74635                                        Lampasas County                               TX est22all.txt 03DEC2023
48 283     1485     1124     1846 29.0 22.0 36.0      449      307      591 36.4 24.9 47.9      330      224      436 37.3 25.3 49.3  40555  36742  44368                                        La Salle County                               TX est22all.txt 03DEC2023
48 285     2521     1936     3106 12.5  9.6 15.4      792      547     1037 16.5 11.4 21.6      556      373      739 15.3 10.3 20.3  58400  53533  63267                                        Lavaca County                                 TX est22all.txt 03DEC2023
48 287     2170     1656     2684 12.3  9.4 15.2      643      442      844 18.0 12.4 23.6      451      305      597 17.6 11.9 23.3  65911  58156  73666                                        Lee County                                    TX est22all.txt 03DEC2023
48 289     2265     1689     2841 14.0 10.4 17.6      791      542     1040 21.8 15.0 28.6      582      394      770 21.4 14.5 28.3  56749  50882  62616                                        Leon County                                   TX est22all.txt 03DEC2023
48 291    19323    16288    22358 19.9 16.8 23.0     8173     6664     9682 27.6 22.5 32.7     5917     4824     7010 26.7 21.8 31.6  61880  55913  67847                                        Liberty County                                TX est22all.txt 03DEC2023
48 293     3972     3135     4809 18.7 14.8 22.6     1250      885     1615 25.8 18.3 33.3      938      671     1205 26.2 18.7 33.7  51357  45946  56768                                        Limestone County                              TX est22all.txt 03DEC2023
48 295      383      294      472 13.6 10.4 16.8      124       87      161 18.3 12.9 23.7       87       59      115 17.0 11.6 22.4  70236  61757  78715                                        Lipscomb County                               TX est22all.txt 03DEC2023
48 297     1892     1452     2332 19.2 14.7 23.7      578      409      747 26.8 19.0 34.6      397      274      520 25.2 17.4 33.0  58576  51584  65568                                        Live Oak County                               TX est22all.txt 03DEC2023
48 299     2857     2233     3481 12.8 10.0 15.6      755      545      965 22.7 16.4 29.0      541      384      698 22.2 15.8 28.6  59528  53305  65751                                        Llano County                                  TX est22all.txt 03DEC2023
48 301        2        1        3  3.9  2.7  5.1        1        0        2  7.1  2.9 11.3        1        1        1  7.1  3.9 10.3  94716  81882 107550                                        Loving County                                 TX est22all.txt 03DEC2023
48 303    52929    47378    58480 17.3 15.5 19.1    13333    10555    16111 18.2 14.4 22.0     9406     7430    11382 17.5 13.8 21.2  59138  55697  62579                                        Lubbock County                                TX est22all.txt 03DEC2023
48 305      883      659     1107 15.6 11.7 19.5      329      226      432 21.2 14.6 27.8      240      164      316 20.2 13.8 26.6  56754  50403  63105                                        Lynn County                                   TX est22all.txt 03DEC2023
48 307     1370     1025     1715 18.6 13.9 23.3      458      314      602 30.1 20.7 39.5      319      217      421 28.3 19.3 37.3  45915  40261  51569                                        McCulloch County                              TX est22all.txt 03DEC2023
48 309    40862    35641    46083 16.0 14.0 18.0    12032     9616    14448 19.3 15.4 23.2     8609     6700    10518 18.9 14.7 23.1  63160  59368  66952                                        McLennan County                               TX est22all.txt 03DEC2023
48 311       72       54       90 12.6  9.5 15.7       23       16       30 19.0 13.1 24.9       17       12       22 19.3 13.2 25.4  67525  58294  76756                                        McMullen County                               TX est22all.txt 03DEC2023
48 313     1915     1409     2421 16.7 12.3 21.1      635      427      843 21.3 14.3 28.3      443      291      595 20.7 13.6 27.8  53906  47935  59877                                        Madison County                                TX est22all.txt 03DEC2023
48 315     1695     1219     2171 17.9 12.9 22.9      529      353      705 31.6 21.1 42.1      386      255      517 30.3 20.0 40.6  47720  42500  52940                                        Marion County                                 TX est22all.txt 03DEC2023
48 317      710      543      877 13.7 10.5 16.9      308      215      401 18.4 12.9 23.9      218      152      284 16.5 11.5 21.5  73315  63935  82695                                        Martin County                                 TX est22all.txt 03DEC2023
48 319      497      370      624 12.5  9.3 15.7      161      110      212 21.2 14.5 27.9      114       77      151 19.1 12.9 25.3  59129  51710  66548                                        Mason County                                  TX est22all.txt 03DEC2023
48 321     7106     5873     8339 19.9 16.5 23.3     2529     1910     3148 27.2 20.6 33.8     1690     1230     2150 24.8 18.0 31.6  58380  53314  63446                                        Matagorda County                              TX est22all.txt 03DEC2023
48 323    12535    10004    15066 21.9 17.5 26.3     5412     3994     6830 30.7 22.7 38.7     4196     3095     5297 32.9 24.3 41.5  43407  38302  48512                                        Maverick County                               TX est22all.txt 03DEC2023
48 325     6070     4499     7641 11.8  8.7 14.9     2056     1391     2721 17.2 11.6 22.8     1496     1012     1980 16.7 11.3 22.1  70313  64031  76595                                        Medina County                                 TX est22all.txt 03DEC2023
48 327      398      297      499 20.6 15.4 25.8      136       93      179 34.7 23.7 45.7      101       68      134 32.3 21.8 42.8  44145  38695  49595                                        Menard County                                 TX est22all.txt 03DEC2023
48 329    19792    16267    23317 11.6  9.5 13.7     6891     5149     8633 13.9 10.4 17.4     4721     3406     6036 13.2  9.5 16.9  81187  74461  87913                                        Midland County                                TX est22all.txt 03DEC2023
48 331     4189     3283     5095 16.6 13.0 20.2     1401     1024     1778 24.6 18.0 31.2      958      669     1247 22.2 15.5 28.9  54667  48161  61173                                        Milam County                                  TX est22all.txt 03DEC2023
48 333      646      489      803 15.0 11.4 18.6      190      132      248 23.2 16.0 30.4      135       94      176 21.7 15.1 28.3  58068  51935  64201                                        Mills County                                  TX est22all.txt 03DEC2023
48 335     1451     1078     1824 21.5 16.0 27.0      407      280      534 23.0 15.8 30.2      284      192      376 21.3 14.4 28.2  48378  44151  52605                                        Mitchell County                               TX est22all.txt 03DEC2023
48 337     3084     2487     3681 14.8 11.9 17.7      851      588     1114 18.3 12.7 23.9      613      420      806 17.0 11.6 22.4  57076  50990  63162                                        Montague County                               TX est22all.txt 03DEC2023
48 339    57427    49041    65813  8.5  7.3  9.7    18571    14195    22947 10.8  8.3 13.3    12217     9118    15316  9.4  7.0 11.8  95241  91473  99009                                        Montgomery County                             TX est22all.txt 03DEC2023
48 341     2392     1827     2957 11.5  8.8 14.2      907      629     1185 14.1  9.8 18.4      644      443      845 14.0  9.6 18.4  66583  58824  74342                                        Moore County                                  TX est22all.txt 03DEC2023
48 343     2218     1680     2756 18.5 14.0 23.0      771      525     1017 27.9 19.0 36.8      554      375      733 26.4 17.9 34.9  49847  45041  54653                                        Morris County                                 TX est22all.txt 03DEC2023
48 345      188      140      236 18.3 13.7 22.9       64       44       84 31.5 21.5 41.5       47       32       62 32.9 22.3 43.5  46320  40597  52043                                        Motley County                                 TX est22all.txt 03DEC2023
48 347    14076    12239    15913 23.3 20.3 26.3     4268     3435     5101 28.9 23.3 34.5     2764     2070     3458 25.4 19.0 31.8  51708  49070  54346                                        Nacogdoches County                            TX est22all.txt 03DEC2023
48 349    12232    10738    13726 22.9 20.1 25.7     4730     4076     5384 33.5 28.9 38.1     3393     2926     3860 32.0 27.6 36.4  50822  45115  56529                                        Navarro County                                TX est22all.txt 03DEC2023
48 351     2162     1640     2684 18.1 13.7 22.5      676      458      894 29.1 19.7 38.5      491      331      651 27.9 18.8 37.0  47804  42410  53198                                        Newton County                                 TX est22all.txt 03DEC2023
48 353     2605     2036     3174 18.3 14.3 22.3      927      616     1238 25.3 16.8 33.8      678      450      906 24.7 16.4 33.0  50579  44714  56444                                        Nolan County                                  TX est22all.txt 03DEC2023
48 355    59461    51592    67330 17.3 15.0 19.6    20875    17039    24711 25.3 20.7 29.9    14979    12224    17734 24.5 20.0 29.0  60250  57702  62798                                        Nueces County                                 TX est22all.txt 03DEC2023
48 357     1118      842     1394 11.7  8.8 14.6      444      305      583 15.6 10.7 20.5      306      208      404 14.2  9.6 18.8  69383  61304  77462                                        Ochiltree County                              TX est22all.txt 03DEC2023
48 359      194      148      240 12.3  9.4 15.2       57       38       76 28.4 19.0 37.8       33       22       44 24.8 16.5 33.1  66411  58983  73839                                        Oldham County                                 TX est22all.txt 03DEC2023
48 361    11655     9333    13977 13.8 11.0 16.6     3922     2747     5097 18.6 13.0 24.2     2856     1966     3746 18.1 12.4 23.8  63901  57869  69933                                        Orange County                                 TX est22all.txt 03DEC2023
48 363     4549     3578     5520 15.7 12.3 19.1     1586     1149     2023 23.8 17.2 30.4     1154      839     1469 23.6 17.2 30.0  56809  50880  62738                                        Palo Pinto County                             TX est22all.txt 03DEC2023
48 365     3063     2354     3772 13.7 10.5 16.9      971      647     1295 18.8 12.5 25.1      723      482      964 18.5 12.3 24.7  59772  54140  65404                                        Panola County                                 TX est22all.txt 03DEC2023
48 367    12854    10069    15639  7.8  6.1  9.5     4009     2894     5124 10.0  7.2 12.8     2884     2088     3680  9.5  6.9 12.1  95277  89252 101302                                        Parker County                                 TX est22all.txt 03DEC2023
48 369     1327      982     1672 13.9 10.3 17.5      488      333      643 18.5 12.6 24.4      352      238      466 18.0 12.2 23.8  57786  50991  64581                                        Parmer County                                 TX est22all.txt 03DEC2023
48 371     2300     1699     2901 17.9 13.2 22.6      871      598     1144 24.0 16.5 31.5      626      425      827 23.3 15.8 30.8  54003  47391  60615                                        Pecos County                                  TX est22all.txt 03DEC2023
48 373     9204     7721    10687 18.7 15.7 21.7     3280     2670     3890 31.0 25.2 36.8     2102     1612     2592 26.2 20.1 32.3  58894  53760  64028                                        Polk County                                   TX est22all.txt 03DEC2023
48 375    21130    17684    24576 19.5 16.3 22.7     8384     6614    10154 27.6 21.8 33.4     5591     4267     6915 24.7 18.9 30.5  51028  48007  54049                                        Potter County                                 TX est22all.txt 03DEC2023
48 377     1354     1007     1701 23.0 17.1 28.9      609      415      803 38.3 26.1 50.5      448      301      595 37.9 25.4 50.4  43666  37995  49337                                        Presidio County                               TX est22all.txt 03DEC2023
48 379     1770     1348     2192 13.9 10.6 17.2      513      360      666 20.5 14.4 26.6      372      261      483 19.8 13.9 25.7  45419  41932  48906                                        Rains County                                  TX est22all.txt 03DEC2023
48 381    12193     9953    14433  8.5  6.9 10.1     2853     1911     3795  8.4  5.6 11.2     2011     1345     2677  7.8  5.2 10.4  77066  73790  80342                                        Randall County                                TX est22all.txt 03DEC2023
48 383      355      266      444 11.3  8.4 14.2      137       94      180 15.4 10.6 20.2      101       69      133 15.5 10.6 20.4  83195  75971  90419                                        Reagan County                                 TX est22all.txt 03DEC2023
48 385      457      335      579 16.6 12.2 21.0      175      116      234 35.7 23.7 47.7      135       89      181 38.2 25.2 51.2  49467  43074  55860                                        Real County                                   TX est22all.txt 03DEC2023
48 387     2200     1736     2664 19.3 15.2 23.4      636      437      835 27.3 18.8 35.8      453      308      598 26.2 17.8 34.6  47081  41280  52882                                        Red River County                              TX est22all.txt 03DEC2023
48 389     2589     2008     3170 22.9 17.8 28.0      898      652     1144 28.4 20.6 36.2      664      483      845 29.1 21.1 37.1  53969  47333  60605                                        Reeves County                                 TX est22all.txt 03DEC2023
48 391     1145      859     1431 17.5 13.1 21.9      411      285      537 28.2 19.6 36.8      300      206      394 26.1 17.9 34.3  50936  44489  57383                                        Refugio County                                TX est22all.txt 03DEC2023
48 393       76       56       96  9.5  7.0 12.0       24       16       32 13.3  9.0 17.6       18       12       24 13.1  8.9 17.3  70814  62069  79559                                        Roberts County                                TX est22all.txt 03DEC2023
48 395     2993     2330     3656 17.6 13.7 21.5     1085      777     1393 26.6 19.0 34.2      786      557     1015 26.0 18.4 33.6  57796  51887  63705                                        Robertson County                              TX est22all.txt 03DEC2023
48 397     5809     4471     7147  4.7  3.6  5.8     1909     1324     2494  6.0  4.2  7.8     1329      911     1747  5.3  3.6  7.0 124291 116646 131936                                        Rockwall County                               TX est22all.txt 03DEC2023
48 399     1550     1155     1945 16.0 11.9 20.1      552      374      730 24.2 16.4 32.0      402      270      534 23.4 15.7 31.1  52729  46953  58505                                        Runnels County                                TX est22all.txt 03DEC2023
48 401     8322     6700     9944 17.4 14.0 20.8     2596     1957     3235 22.1 16.7 27.5     1920     1451     2389 21.5 16.2 26.8  55085  49627  60543                                        Rusk County                                   TX est22all.txt 03DEC2023
48 403     1670     1282     2058 16.8 12.9 20.7      476      318      634 27.1 18.1 36.1      354      236      472 27.8 18.6 37.0  50564  44700  56428                                        Sabine County                                 TX est22all.txt 03DEC2023
48 405     1522     1125     1919 19.9 14.7 25.1      494      336      652 32.1 21.8 42.4      361      244      478 31.5 21.3 41.7  49591  44238  54944                                        San Augustine County                          TX est22all.txt 03DEC2023
48 407     4748     3604     5892 16.8 12.7 20.9     1574     1107     2041 27.0 19.0 35.0     1156      811     1501 26.1 18.3 33.9  57855  51594  64116                                        San Jacinto County                            TX est22all.txt 03DEC2023
48 409    11937     9830    14044 17.2 14.2 20.2     4255     3239     5271 23.7 18.0 29.4     2905     2130     3680 21.8 16.0 27.6  62919  57245  68593                                        San Patricio County                           TX est22all.txt 03DEC2023
48 411      978      746     1210 18.9 14.4 23.4      303      213      393 27.9 19.6 36.2      207      141      273 25.5 17.4 33.6  51350  45007  57693                                        San Saba County                               TX est22all.txt 03DEC2023
48 413      370      275      465 16.0 11.9 20.1      122       84      160 22.7 15.7 29.7       88       60      116 21.0 14.3 27.7  54168  47261  61075                                        Schleicher County                             TX est22all.txt 03DEC2023
48 415     2326     1710     2942 15.2 11.2 19.2      873      592     1154 21.0 14.2 27.8      610      408      812 19.6 13.1 26.1  60387  53195  67579                                        Scurry County                                 TX est22all.txt 03DEC2023
48 417      398      295      501 12.6  9.3 15.9      139       95      183 19.5 13.4 25.6       99       67      131 18.7 12.7 24.7  64690  56632  72748                                        Shackelford County                            TX est22all.txt 03DEC2023
48 419     4878     3929     5827 20.5 16.5 24.5     1673     1255     2091 27.4 20.5 34.3     1172      851     1493 25.9 18.8 33.0  51551  46850  56252                                        Shelby County                                 TX est22all.txt 03DEC2023
48 421      334      248      420 12.1  9.0 15.2      115       78      152 15.3 10.4 20.2       82       55      109 14.9 10.0 19.8  73395  65403  81387                                        Sherman County                                TX est22all.txt 03DEC2023
48 423    27902    22739    33065 11.8  9.6 14.0     9468     6914    12022 16.5 12.0 21.0     6759     4779     8739 15.9 11.2 20.6  67978  65204  70752                                        Smith County                                  TX est22all.txt 03DEC2023
48 425      868      647     1089  9.0  6.7 11.3      269      184      354 13.4  9.2 17.6      194      131      257 12.7  8.6 16.8  75568  66387  84749                                        Somervell County                              TX est22all.txt 03DEC2023
48 427    21456    18652    24260 32.8 28.5 37.1     8407     6709    10105 40.0 31.9 48.1     5441     3988     6894 34.9 25.6 44.2  35758  31887  39629                                        Starr County                                  TX est22all.txt 03DEC2023
48 429     1602     1213     1991 18.9 14.3 23.5      503      349      657 26.0 18.1 33.9      365      254      476 25.5 17.7 33.3  50710  44357  57063                                        Stephens County                               TX est22all.txt 03DEC2023
48 431      167      124      210 12.1  9.0 15.2       70       48       92 17.1 11.7 22.5       51       35       67 17.1 11.6 22.6  75895  66221  85569                                        Sterling County                               TX est22all.txt 03DEC2023
48 433      181      137      225 15.8 12.0 19.6       47       32       62 19.6 13.3 25.9       35       24       46 18.3 12.3 24.3  53153  46335  59971                                        Stonewall County                              TX est22all.txt 03DEC2023
48 435      443      327      559 13.8 10.2 17.4      166      113      219 21.6 14.7 28.5      120       81      159 20.9 14.1 27.7  68838  61421  76255                                        Sutton County                                 TX est22all.txt 03DEC2023
48 437     1244      955     1533 19.9 15.3 24.5      447      309      585 27.4 18.9 35.9      310      208      412 24.8 16.7 32.9  52148  45422  58874                                        Swisher County                                TX est22all.txt 03DEC2023
48 439   225849   207027   244671 10.6  9.7 11.5    74671    64375    84967 13.9 12.0 15.8    51861    43851    59871 12.9 10.9 14.9  76285  74137  78433                                        Tarrant County                                TX est22all.txt 03DEC2023
48 441    22632    19553    25711 16.2 14.0 18.4     6759     5328     8190 19.5 15.4 23.6     4056     2941     5171 16.2 11.8 20.6  61798  57801  65795                                        Taylor County                                 TX est22all.txt 03DEC2023
48 443      126       94      158 18.2 13.5 22.9       29       20       38 23.0 15.6 30.4       20       13       27 21.7 14.5 28.9  47969  41914  54024                                        Terrell County                                TX est22all.txt 03DEC2023
48 445     2228     1642     2814 20.6 15.2 26.0      962      652     1272 30.0 20.4 39.6      656      438      874 27.6 18.4 36.8  46998  41167  52829                                        Terry County                                  TX est22all.txt 03DEC2023
48 447      199      150      248 12.9  9.8 16.0       68       47       89 19.0 13.1 24.9       47       32       62 18.1 12.2 24.0  50997  44524  57470                                        Throckmorton County                           TX est22all.txt 03DEC2023
48 449     4934     4035     5833 16.0 13.1 18.9     1927     1475     2379 22.1 16.9 27.3     1295      942     1648 19.8 14.4 25.2  58411  53690  63132                                        Titus County                                  TX est22all.txt 03DEC2023
48 451    15080    11940    18220 13.1 10.4 15.8     4702     3245     6159 16.8 11.6 22.0     3205     2107     4303 15.5 10.2 20.8  60348  55659  65037                                        Tom Green County                              TX est22all.txt 03DEC2023
48 453   131687   119431   143943 10.1  9.2 11.0    30619    24438    36800 11.7  9.3 14.1    19920    15115    24725 10.5  8.0 13.0  95151  92470  97832                                        Travis County                                 TX est22all.txt 03DEC2023
48 455     2205     1614     2796 15.9 11.6 20.2      757      514     1000 27.8 18.9 36.7      549      370      728 26.7 18.0 35.4  49629  43817  55441                                        Trinity County                                TX est22all.txt 03DEC2023
48 457     3166     2397     3935 17.5 13.2 21.8      979      690     1268 25.4 17.9 32.9      742      529      955 25.4 18.1 32.7  50722  44802  56642                                        Tyler County                                  TX est22all.txt 03DEC2023
48 459     6553     5233     7873 15.6 12.5 18.7     2105     1527     2683 21.4 15.5 27.3     1537     1109     1965 20.8 15.0 26.6  59690  54107  65273                                        Upshur County                                 TX est22all.txt 03DEC2023
48 461      482      366      598 15.6 11.8 19.4      192      136      248 22.5 15.9 29.1      143      101      185 21.0 14.9 27.1  61607  53725  69489                                        Upton County                                  TX est22all.txt 03DEC2023
48 463     5983     4874     7092 24.9 20.3 29.5     2509     1971     3047 38.7 30.4 47.0     1973     1578     2368 42.2 33.7 50.7  48427  42538  54316                                        Uvalde County                                 TX est22all.txt 03DEC2023
48 465     9706     7635    11777 21.3 16.8 25.8     3941     2835     5047 29.9 21.5 38.3     2796     1986     3606 29.3 20.8 37.8  52593  47601  57585                                        Val Verde County                              TX est22all.txt 03DEC2023
48 467     8488     6790    10186 13.6 10.9 16.3     2464     1777     3151 17.4 12.5 22.3     1688     1177     2199 15.7 10.9 20.5  57706  51916  63496                                        Van Zandt County                              TX est22all.txt 03DEC2023
48 469    13969    11425    16513 15.5 12.7 18.3     4405     3026     5784 19.7 13.5 25.9     3129     2090     4168 19.0 12.7 25.3  67905  62607  73203                                        Victoria County                               TX est22all.txt 03DEC2023
48 471    11970     9384    14556 20.0 15.7 24.3     2357     1633     3081 21.2 14.7 27.7     1609     1088     2130 20.0 13.5 26.5  53301  47110  59492                                        Walker County                                 TX est22all.txt 03DEC2023
48 473     7974     6367     9581 14.3 11.4 17.2     2598     1920     3276 18.2 13.4 23.0     1931     1441     2421 18.4 13.7 23.1  75223  69649  80797                                        Waller County                                 TX est22all.txt 03DEC2023
48 475     1581     1206     1956 14.6 11.1 18.1      616      442      790 19.7 14.1 25.3      444      317      571 19.7 14.1 25.3  60775  53203  68347                                        Ward County                                   TX est22all.txt 03DEC2023
48 477     4606     3599     5613 13.5 10.5 16.5     1388      963     1813 18.6 12.9 24.3     1013      701     1325 17.9 12.4 23.4  66911  59421  74401                                        Washington County                             TX est22all.txt 03DEC2023
48 479    55124    46688    63560 20.9 17.7 24.1    22371    17341    27401 27.2 21.1 33.3    15590    11842    19338 25.5 19.4 31.6  56289  52745  59833                                        Webb County                                   TX est22all.txt 03DEC2023
48 481     6017     4484     7550 14.6 10.9 18.3     2217     1479     2955 21.1 14.1 28.1     1533      997     2069 19.9 13.0 26.8  57487  51799  63175                                        Wharton County                                TX est22all.txt 03DEC2023
48 483      727      561      893 15.3 11.8 18.8      253      183      323 21.8 15.8 27.8      162      111      213 17.2 11.8 22.6  55713  49839  61587                                        Wheeler County                                TX est22all.txt 03DEC2023
48 485    18368    15409    21327 15.5 13.0 18.0     6002     4743     7261 20.7 16.4 25.0     4049     3052     5046 19.0 14.3 23.7  56634  52270  60998                                        Wichita County                                TX est22all.txt 03DEC2023
48 487     2025     1581     2469 16.6 13.0 20.2      626      440      812 24.1 16.9 31.3      436      301      571 23.4 16.1 30.7  52983  46709  59257                                        Wilbarger County                              TX est22all.txt 03DEC2023
48 489     5082     3835     6329 29.0 21.9 36.1     1732     1178     2286 36.4 24.7 48.1     1296      881     1711 35.9 24.4 47.4  41648  37495  45801                                        Willacy County                                TX est22all.txt 03DEC2023
48 491    41275    36294    46256  6.2  5.5  6.9    10284     8063    12505  6.5  5.1  7.9     7099     5583     8615  6.0  4.7  7.3 101891  98889 104893                                        Williamson County                             TX est22all.txt 03DEC2023
48 493     5481     4391     6571 10.5  8.4 12.6     1583     1110     2056 13.1  9.2 17.0     1156      811     1501 12.4  8.7 16.1  79432  72049  86815                                        Wilson County                                 TX est22all.txt 03DEC2023
48 495     1009      750     1268 14.0 10.4 17.6      396      272      520 19.4 13.3 25.5      289      197      381 19.0 12.9 25.1  69775  62095  77455                                        Winkler County                                TX est22all.txt 03DEC2023
48 497     6023     4591     7455  8.2  6.3 10.1     2086     1394     2778 11.6  7.8 15.4     1513     1012     2014 11.1  7.4 14.8  80096  74752  85440                                        Wise County                                   TX est22all.txt 03DEC2023
48 499     5895     4543     7247 13.0 10.0 16.0     1570     1035     2105 18.4 12.1 24.7     1167      777     1557 17.9 11.9 23.9  57504  51758  63250                                        Wood County                                   TX est22all.txt 03DEC2023
48 501     1038      791     1285 14.1 10.7 17.5      441      312      570 18.1 12.8 23.4      311      215      407 17.3 11.9 22.7  62748  54982  70514                                        Yoakum County                                 TX est22all.txt 03DEC2023
48 503     2792     2154     3430 15.7 12.1 19.3      931      669     1193 22.2 16.0 28.4      674      486      862 21.3 15.4 27.2  58297  51871  64723                                        Young County                                  TX est22all.txt 03DEC2023
48 505     4508     3648     5368 32.8 26.5 39.1     2075     1581     2569 47.1 35.9 58.3     1529     1164     1894 44.8 34.1 55.5  39403  34330  44476                                        Zapata County                                 TX est22all.txt 03DEC2023
48 507     2709     2042     3376 29.1 21.9 36.3     1136      781     1491 41.9 28.8 55.0      842      569     1115 41.5 28.0 55.0  36237  32169  40305                                        Zavala County                                 TX est22all.txt 03DEC2023
49   0   276360   265397   287323  8.3  8.0  8.6    78357    71528    85186  8.5  7.8  9.2    51908    45723    58093  7.5  6.6  8.4  88531  86848  90214   23728   20862   26594 10.5  9.2 11.8 Utah                                          UT est22all.txt 03DEC2023
49   1      685      512      858  9.9  7.4 12.4      275      184      366 13.2  8.8 17.6      187      122      252 11.8  7.7 15.9  66394  60386  72402                                        Beaver County                                 UT est22all.txt 03DEC2023
49   3     4923     3953     5893  8.1  6.5  9.7     1673     1187     2159  9.1  6.5 11.7     1188      842     1534  8.5  6.0 11.0  79450  72266  86634                                        Box Elder County                              UT est22all.txt 03DEC2023
49   5    16598    14576    18620 12.2 10.7 13.7     3822     3005     4639  9.5  7.5 11.5     2314     1698     2930  7.7  5.6  9.8  76631  72105  81157                                        Cache County                                  UT est22all.txt 03DEC2023
49   7     2748     2117     3379 13.5 10.4 16.6      857      576     1138 16.8 11.3 22.3      586      383      789 15.1  9.9 20.3  59243  52927  65559                                        Carbon County                                 UT est22all.txt 03DEC2023
49   9       74       57       91  7.3  5.6  9.0       19       13       25  8.9  5.9 11.9       13        8       18  7.7  4.9 10.5  66427  58141  74713                                        Daggett County                                UT est22all.txt 03DEC2023
49  11    23448    19732    27164  6.4  5.4  7.4     7435     5770     9100  6.8  5.3  8.3     4818     3590     6046  5.7  4.2  7.2 103143  99126 107160                                        Davis County                                  UT est22all.txt 03DEC2023
49  13     2760     2182     3338 13.8 10.9 16.7     1085      783     1387 17.0 12.3 21.7      748      531      965 15.4 10.9 19.9  67256  60447  74065                                        Duchesne County                               UT est22all.txt 03DEC2023
49  15     1168      889     1447 11.6  8.8 14.4      410      284      536 14.8 10.2 19.4      290      198      382 13.4  9.1 17.7  64651  56766  72536                                        Emery County                                  UT est22all.txt 03DEC2023
49  17      479      358      600  9.3  7.0 11.6      162      107      217 14.3  9.4 19.2      110       71      149 12.9  8.3 17.5  66786  59343  74229                                        Garfield County                               UT est22all.txt 03DEC2023
49  19     1051      802     1300 10.9  8.3 13.5      271      182      360 14.1  9.5 18.7      184      120      248 12.9  8.4 17.4  67218  58886  75550                                        Grand County                                  UT est22all.txt 03DEC2023
49  21     7723     6211     9235 12.7 10.2 15.2     2228     1506     2950 13.5  9.1 17.9     1559     1030     2088 12.5  8.3 16.7  66499  59915  73083                                        Iron County                                   UT est22all.txt 03DEC2023
49  23      946      684     1208  7.6  5.5  9.7      422      280      564 10.2  6.8 13.6      308      201      415 10.0  6.6 13.4  94181  87929 100433                                        Juab County                                   UT est22all.txt 03DEC2023
49  25      734      563      905  9.2  7.1 11.3      189      125      253 10.0  6.6 13.4      131       84      178  9.2  5.9 12.5  66609  58375  74843                                        Kane County                                   UT est22all.txt 03DEC2023
49  27     1380     1003     1757 10.5  7.6 13.4      572      377      767 14.1  9.3 18.9      402      258      546 12.9  8.3 17.5  67318  60609  74027                                        Millard County                                UT est22all.txt 03DEC2023
49  29      514      375      653  4.0  2.9  5.1      153      101      205  3.6  2.4  4.8      110       71      149  3.1  2.0  4.2 119482 106976 131988                                        Morgan County                                 UT est22all.txt 03DEC2023
49  31      215      158      272 14.5 10.7 18.3       78       52      104 25.9 17.1 34.7       54       35       73 25.1 16.1 34.1  54495  47614  61376                                        Piute County                                  UT est22all.txt 03DEC2023
49  33      231      170      292  8.8  6.5 11.1       83       55      111 11.6  7.7 15.5       58       37       79 10.0  6.5 13.5  71800  62680  80920                                        Rich County                                   UT est22all.txt 03DEC2023
49  35    90158    81509    98807  7.7  7.0  8.4    24703    20000    29406  8.4  6.8 10.0    16145    12655    19635  7.4  5.8  9.0  91713  89824  93602                                        Salt Lake County                              UT est22all.txt 03DEC2023
49  37     3208     2595     3821 22.8 18.4 27.2     1167      872     1462 29.0 21.7 36.3      849      628     1070 26.9 19.9 33.9  50452  45436  55468                                        San Juan County                               UT est22all.txt 03DEC2023
49  39     4096     3302     4890 15.2 12.2 18.2     1240      947     1533 18.4 14.1 22.7      817      598     1036 16.7 12.2 21.2  65044  59762  70326                                        Sanpete County                                UT est22all.txt 03DEC2023
49  41     2185     1656     2714 10.1  7.7 12.5      794      526     1062 13.4  8.9 17.9      539      348      730 11.9  7.7 16.1  73014  68584  77444                                        Sevier County                                 UT est22all.txt 03DEC2023
49  43     2316     1775     2857  5.4  4.1  6.7      484      323      645  5.1  3.4  6.8      333      217      449  4.4  2.9  5.9 132358 118871 145845                                        Summit County                                 UT est22all.txt 03DEC2023
49  45     5151     4095     6207  6.5  5.2  7.8     1722     1211     2233  7.1  5.0  9.2     1005      650     1360  5.4  3.5  7.3  91353  82699 100007                                        Tooele County                                 UT est22all.txt 03DEC2023
49  47     4402     3413     5391 11.9  9.2 14.6     1651     1136     2166 14.6 10.1 19.1     1153      775     1531 13.4  9.0 17.8  67554  62943  72165                                        Uintah County                                 UT est22all.txt 03DEC2023
49  49    55585    49197    61973  8.1  7.2  9.0    12847     9764    15930  5.9  4.5  7.3     8368     6101    10635  5.3  3.9  6.7  95085  91912  98258                                        Utah County                                   UT est22all.txt 03DEC2023
49  51     1808     1373     2243  5.0  3.8  6.2      582      400      764  5.6  3.8  7.4      374      245      503  4.5  2.9  6.1 115793 105581 126005                                        Wasatch County                                UT est22all.txt 03DEC2023
49  53    18880    15750    22010  9.7  8.1 11.3     6061     4727     7395 13.0 10.2 15.8     4255     3280     5230 12.0  9.3 14.7  75572  69810  81334                                        Washington County                             UT est22all.txt 03DEC2023
49  55      305      224      386 11.5  8.4 14.6      112       75      149 18.6 12.4 24.8       79       51      107 18.1 11.8 24.4  63705  56101  71309                                        Wayne County                                  UT est22all.txt 03DEC2023
49  57    22590    18452    26728  8.5  6.9 10.1     7263     5433     9093 10.4  7.8 13.0     4931     3567     6295  9.4  6.8 12.0  83465  80377  86553                                        Weber County                                  UT est22all.txt 03DEC2023
50   0    63667    59971    67363 10.2  9.6 10.8    12569    11138    14000 11.1  9.8 12.4     8462     7161     9763  9.9  8.4 11.4  74555  72577  76533    3454    2855    4053 12.8 10.6 15.0 Vermont                                       VT est22all.txt 03DEC2023
50   1     3037     2302     3772  8.8  6.7 10.9      527      328      726  9.0  5.6 12.4      357      217      497  8.2  5.0 11.4  79526  72887  86165                                        Addison County                                VT est22all.txt 03DEC2023
50   3     3986     3158     4814 11.0  8.7 13.3      878      554     1202 13.0  8.2 17.8      628      379      877 12.2  7.3 17.1  69249  63150  75348                                        Bennington County                             VT est22all.txt 03DEC2023
50   5     3632     2806     4458 12.1  9.3 14.9      786      496     1076 14.1  8.9 19.3      549      330      768 13.0  7.8 18.2  61554  55896  67212                                        Caledonia County                              VT est22all.txt 03DEC2023
50   7    15769    13532    18006  9.8  8.4 11.2     2572     1926     3218  9.0  6.7 11.3     1629     1132     2126  7.6  5.3  9.9  86579  80423  92735                                        Chittenden County                             VT est22all.txt 03DEC2023
50   9      722      516      928 12.1  8.7 15.5      180      108      252 17.4 10.4 24.4      128       74      182 16.9  9.7 24.1  54570  49041  60099                                        Essex County                                  VT est22all.txt 03DEC2023
50  11     4316     3305     5327  8.6  6.6 10.6     1049      677     1421  9.8  6.3 13.3      717      451      983  9.0  5.7 12.3  76395  69847  82943                                        Franklin County                               VT est22all.txt 03DEC2023
50  13      642      484      800  8.6  6.5 10.7      150       98      202 11.8  7.7 15.9      101       62      140 10.7  6.6 14.8  76260  70795  81725                                        Grand Isle County                             VT est22all.txt 03DEC2023
50  15     2361     1799     2923  9.2  7.0 11.4      461      281      641  9.1  5.6 12.6      331      196      466  8.6  5.1 12.1  65190  60409  69971                                        Lamoille County                               VT est22all.txt 03DEC2023
50  17     3032     2411     3653 10.3  8.2 12.4      621      420      822 12.1  8.2 16.0      404      245      563 10.3  6.2 14.4  73057  67138  78976                                        Orange County                                 VT est22all.txt 03DEC2023
50  19     3713     2913     4513 13.8 10.8 16.8      910      605     1215 17.2 11.4 23.0      649      423      875 16.5 10.8 22.2  56818  51732  61904                                        Orleans County                                VT est22all.txt 03DEC2023
50  21     7261     5932     8590 12.4 10.1 14.7     1430      982     1878 14.0  9.6 18.4      985      648     1322 12.8  8.4 17.2  61290  55682  66898                                        Rutland County                                VT est22all.txt 03DEC2023
50  23     5382     4365     6399  9.3  7.5 11.1      961      625     1297  9.1  5.9 12.3      639      387      891  8.0  4.9 11.1  77432  72591  82273                                        Washington County                             VT est22all.txt 03DEC2023
50  25     4821     3740     5902 10.9  8.5 13.3     1083      737     1429 14.6  9.9 19.3      680      423      937 11.9  7.4 16.4  61976  56111  67841                                        Windham County                                VT est22all.txt 03DEC2023
50  27     4992     3792     6192  8.7  6.6 10.8      960      607     1313  9.6  6.1 13.1      665      404      926  8.7  5.3 12.1  74244  69131  79357                                        Windsor County                                VT est22all.txt 03DEC2023
51   0   893559   874160   912958 10.6 10.4 10.8   234609   224993   244225 12.8 12.3 13.3   160033   151932   168134 11.8 11.2 12.4  85838  85086  86590   68787   63621   73953 14.4 13.3 15.5 Virginia                                      VA est22all.txt 03DEC2023
51   1     5236     4077     6395 16.0 12.5 19.5     1479      969     1989 22.6 14.8 30.4     1054      670     1438 21.6 13.7 29.5  56357  50273  62441                                        Accomack County                               VA est22all.txt 03DEC2023
51   3     9024     7395    10653  8.4  6.9  9.9     1827     1276     2378  8.5  5.9 11.1     1259      863     1655  7.8  5.4 10.2  94727  87635 101819                                        Albemarle County                              VA est22all.txt 03DEC2023
51   5     1966     1537     2395 13.5 10.6 16.4      489      332      646 18.8 12.8 24.8      355      234      476 18.1 12.0 24.2  52412  48502  56322                                        Alleghany County                              VA est22all.txt 03DEC2023
51   7     1510     1193     1827 11.3  8.9 13.7      409      304      514 14.9 11.1 18.7      292      215      369 14.9 11.0 18.8  65835  57731  73939                                        Amelia County                                 VA est22all.txt 03DEC2023
51   9     3953     3128     4778 12.8 10.1 15.5     1052      737     1367 17.2 12.1 22.3      729      505      953 16.2 11.2 21.2  61271  55555  66987                                        Amherst County                                VA est22all.txt 03DEC2023
51  11     1996     1540     2452 12.0  9.3 14.7      580      399      761 16.1 11.1 21.1      406      271      541 16.0 10.7 21.3  62375  56389  68361                                        Appomattox County                             VA est22all.txt 03DEC2023
51  13    15822    13406    18238  6.8  5.8  7.8     2985     2021     3949  7.1  4.8  9.4     2147     1455     2839  7.2  4.9  9.5 131020 125291 136749                                        Arlington County                              VA est22all.txt 03DEC2023
51  15     6185     4920     7450  8.2  6.5  9.9     1411     1000     1822 10.1  7.1 13.1     1010      697     1323  9.4  6.5 12.3  77487  70892  84082                                        Augusta County                                VA est22all.txt 03DEC2023
51  17      500      398      602 12.6 10.0 15.2       98       68      128 15.3 10.7 19.9       68       47       89 15.6 10.8 20.4  59763  52123  67403                                        Bath County                                   VA est22all.txt 03DEC2023
51  19     6770     5307     8233  8.4  6.6 10.2     1513      976     2050  9.9  6.4 13.4     1057      665     1449  9.0  5.7 12.3  71135  65913  76357                                        Bedford County                                VA est22all.txt 03DEC2023
51  21      731      534      928 13.4  9.8 17.0      145       98      192 16.7 11.3 22.1       99       65      133 14.9  9.9 19.9  55722  49404  62040                                        Bland County                                  VA est22all.txt 03DEC2023
51  23     2373     1855     2891  7.0  5.5  8.5      473      322      624  7.7  5.2 10.2      337      226      448  7.1  4.8  9.4  81122  73592  88652                                        Botetourt County                              VA est22all.txt 03DEC2023
51  25     2880     2198     3562 20.8 15.9 25.7      705      495      915 28.1 19.7 36.5      501      342      660 27.6 18.8 36.4  49080  43994  54166                                        Brunswick County                              VA est22all.txt 03DEC2023
51  27     4865     3889     5841 26.9 21.5 32.3      917      632     1202 29.7 20.5 38.9      691      477      905 30.0 20.7 39.3  39652  35366  43938                                        Buchanan County                               VA est22all.txt 03DEC2023
51  29     2732     2065     3399 18.4 13.9 22.9      659      448      870 22.6 15.3 29.9      461      306      616 21.2 14.1 28.3  55965  50526  61404                                        Buckingham County                             VA est22all.txt 03DEC2023
51  31     6910     5596     8224 12.7 10.3 15.1     1659     1171     2147 15.9 11.2 20.6     1157      781     1533 14.7  9.9 19.5  63516  57796  69236                                        Campbell County                               VA est22all.txt 03DEC2023
51  33     3302     2580     4024 10.5  8.2 12.8      996      721     1271 14.2 10.3 18.1      615      408      822 11.8  7.8 15.8  72210  63821  80599                                        Caroline County                               VA est22all.txt 03DEC2023
51  35     4591     3681     5501 15.8 12.7 18.9     1047      729     1365 21.0 14.6 27.4      720      494      946 19.1 13.1 25.1  51111  45038  57184                                        Carroll County                                VA est22all.txt 03DEC2023
51  36      776      594      958 11.8  9.0 14.6      174      119      229 18.7 12.7 24.7      127       85      169 18.2 12.1 24.3  67596  59881  75311                                        Charles City County                           VA est22all.txt 03DEC2023
51  37     2065     1589     2541 18.2 14.0 22.4      603      406      800 24.7 16.6 32.8      435      285      585 24.5 16.0 33.0  50151  43931  56371                                        Charlotte County                              VA est22all.txt 03DEC2023
51  41    25672    21021    30323  6.9  5.7  8.1     7481     5331     9631  8.6  6.1 11.1     5163     3548     6778  7.9  5.4 10.4 100149  96461 103837                                        Chesterfield County                           VA est22all.txt 03DEC2023
51  43     1081      819     1343  7.2  5.5  8.9      233      159      307  8.2  5.6 10.8      156      103      209  7.0  4.6  9.4 106914  99275 114553                                        Clarke County                                 VA est22all.txt 03DEC2023
51  45      570      427      713 11.8  8.8 14.8      154      104      204 19.9 13.5 26.3      112       74      150 18.9 12.5 25.3  62672  54948  70396                                        Craig County                                  VA est22all.txt 03DEC2023
51  47     4362     3273     5451  8.3  6.2 10.4     1403      940     1866 10.7  7.2 14.2      998      657     1339 10.3  6.8 13.8  94287  88466 100108                                        Culpeper County                               VA est22all.txt 03DEC2023
51  49     1464     1110     1818 15.1 11.5 18.7      417      283      551 22.4 15.2 29.6      296      196      396 21.3 14.1 28.5  55257  49600  60914                                        Cumberland County                             VA est22all.txt 03DEC2023
51  51     3113     2489     3737 23.4 18.7 28.1      723      519      927 27.9 20.0 35.8      500      344      656 25.0 17.2 32.8  43271  38223  48319                                        Dickenson County                              VA est22all.txt 03DEC2023
51  53     3047     2331     3763 11.0  8.4 13.6      913      632     1194 16.6 11.5 21.7      639      431      847 14.9 10.1 19.7  72695  67111  78279                                        Dinwiddie County                              VA est22all.txt 03DEC2023
51  57     1401     1081     1721 13.3 10.3 16.3      378      255      501 21.1 14.3 27.9      267      174      360 22.0 14.3 29.7  58214  51166  65262                                        Essex County                                  VA est22all.txt 03DEC2023
51  59    66177    58241    74113  5.9  5.2  6.6    15837    12030    19644  6.2  4.7  7.7    10383     7590    13176  5.5  4.0  7.0 144632 141506 147758                                        Fairfax County                                VA est22all.txt 03DEC2023
51  61     4759     3666     5852  6.4  4.9  7.9     1197      858     1536  7.1  5.1  9.1      767      531     1003  6.1  4.2  8.0 120301 110351 130251                                        Fauquier County                               VA est22all.txt 03DEC2023
51  63     1897     1479     2315 12.3  9.6 15.0      446      303      589 15.4 10.5 20.3      310      205      415 14.4  9.5 19.3  62561  57121  68001                                        Floyd County                                  VA est22all.txt 03DEC2023
51  65     2065     1560     2570  7.7  5.8  9.6      488      336      640  9.2  6.3 12.1      326      220      432  8.3  5.6 11.0  88162  79440  96884                                        Fluvanna County                               VA est22all.txt 03DEC2023
51  67     7186     5907     8465 13.3 10.9 15.7     1866     1407     2325 18.9 14.3 23.5     1307      965     1649 17.7 13.1 22.3  68089  62597  73581                                        Franklin County                               VA est22all.txt 03DEC2023
51  69     6794     5344     8244  7.2  5.7  8.7     1914     1375     2453  9.1  6.5 11.7     1274      863     1685  8.1  5.5 10.7  97091  92214 101968                                        Frederick County                              VA est22all.txt 03DEC2023
51  71     1954     1501     2407 12.0  9.2 14.8      529      370      688 16.7 11.7 21.7      376      262      490 15.9 11.1 20.7  62716  55717  69715                                        Giles County                                  VA est22all.txt 03DEC2023
51  73     3419     2596     4242  8.7  6.6 10.8      903      616     1190 11.8  8.1 15.5      635      425      845 11.0  7.4 14.6  76960  68602  85318                                        Gloucester County                             VA est22all.txt 03DEC2023
51  75     1548     1156     1940  6.1  4.5  7.7      323      218      428  7.8  5.3 10.3      228      148      308  7.2  4.7  9.7 113617 102207 125027                                        Goochland County                              VA est22all.txt 03DEC2023
51  77     2749     2206     3292 19.3 15.5 23.1      600      420      780 24.7 17.3 32.1      426      288      564 23.1 15.6 30.6  45414  39789  51039                                        Grayson County                                VA est22all.txt 03DEC2023
51  79     1753     1344     2162  8.4  6.4 10.4      517      355      679 10.7  7.4 14.0      365      243      487 10.2  6.8 13.6  82772  73785  91759                                        Greene County                                 VA est22all.txt 03DEC2023
51  81     1667     1214     2120 21.1 15.4 26.8      389      260      518 22.1 14.8 29.4      279      182      376 21.4 14.0 28.8  47596  42025  53167                                        Greensville County                            VA est22all.txt 03DEC2023
51  83     5445     4290     6600 16.5 13.0 20.0     1432      983     1881 21.2 14.6 27.8      929      594     1264 18.7 11.9 25.5  50578  45166  55990                                        Halifax County                                VA est22all.txt 03DEC2023
51  85     5754     4505     7003  5.2  4.1  6.3     1398      953     1843  5.9  4.0  7.8      982      660     1304  5.4  3.6  7.2 103639  97138 110140                                        Hanover County                                VA est22all.txt 03DEC2023
51  87    30491    26578    34404  9.2  8.0 10.4     8302     6313    10291 11.6  8.8 14.4     5229     3778     6680  9.9  7.2 12.6  82187  78937  85437                                        Henrico County                                VA est22all.txt 03DEC2023
51  89     8414     6818    10010 17.1 13.9 20.3     1921     1302     2540 20.8 14.1 27.5     1382      932     1832 19.3 13.0 25.6  49370  44253  54487                                        Henry County                                  VA est22all.txt 03DEC2023
51  91      295      220      370 12.9  9.6 16.2       52       35       69 17.7 11.9 23.5       36       24       48 17.5 11.5 23.5  54470  47924  61016                                        Highland County                               VA est22all.txt 03DEC2023
51  93     3407     2711     4103  8.5  6.8 10.2      757      507     1007  9.0  6.0 12.0      544      359      729  8.4  5.5 11.3  85227  76869  93585                                        Isle of Wight County                          VA est22all.txt 03DEC2023
51  95     5478     4355     6601  6.9  5.5  8.3     1364      975     1753  8.8  6.3 11.3      912      620     1204  7.8  5.3 10.3 103070  93177 112963                                        James City County                             VA est22all.txt 03DEC2023
51  97      953      752     1154 14.2 11.2 17.2      246      184      308 20.8 15.6 26.0      181      135      227 21.2 15.8 26.6  62180  54419  69941                                        King and Queen County                         VA est22all.txt 03DEC2023
51  99     1904     1482     2326  6.9  5.4  8.4      539      371      707  8.0  5.5 10.5      371      251      491  7.2  4.9  9.5 100092  91480 108704                                        King George County                            VA est22all.txt 03DEC2023
51 101     1351     1037     1665  7.3  5.6  9.0      384      258      510  9.4  6.3 12.5      272      181      363  9.1  6.0 12.2  82715  72481  92949                                        King William County                           VA est22all.txt 03DEC2023
51 103     1489     1171     1807 14.2 11.2 17.2      377      271      483 24.1 17.3 30.9      265      185      345 21.8 15.2 28.4  60857  53295  68419                                        Lancaster County                              VA est22all.txt 03DEC2023
51 105     4981     3969     5993 24.4 19.5 29.3     1255      888     1622 31.3 22.1 40.5      909      634     1184 30.5 21.3 39.7  41573  36409  46737                                        Lee County                                    VA est22all.txt 03DEC2023
51 107    16440    13599    19281  3.8  3.1  4.5     4278     3134     5422  3.8  2.8  4.8     2645     1840     3450  3.0  2.1  3.9 167605 160031 175179                                        Loudoun County                                VA est22all.txt 03DEC2023
51 109     4288     3426     5150 10.7  8.5 12.9     1090      775     1405 14.0  9.9 18.1      765      531      999 13.5  9.4 17.6  72569  63904  81234                                        Louisa County                                 VA est22all.txt 03DEC2023
51 111     2418     1938     2898 21.9 17.6 26.2      636      463      809 27.2 19.8 34.6      458      331      585 25.8 18.6 33.0  47660  41647  53673                                        Lunenburg County                              VA est22all.txt 03DEC2023
51 113     1469     1139     1799 10.7  8.3 13.1      371      252      490 13.7  9.3 18.1      255      170      340 12.7  8.5 16.9  71697  62683  80711                                        Madison County                                VA est22all.txt 03DEC2023
51 115      739      557      921  8.8  6.6 11.0      186      126      246 14.7 10.0 19.4      136       90      182 14.2  9.4 19.0  73827  65167  82487                                        Mathews County                                VA est22all.txt 03DEC2023
51 117     5741     4887     6595 19.4 16.5 22.3     1806     1530     2082 32.9 27.9 37.9     1219      998     1440 30.5 25.0 36.0  52092  46250  57934                                        Mecklenburg County                            VA est22all.txt 03DEC2023
51 119     1293      970     1616 12.2  9.2 15.2      345      231      459 20.0 13.4 26.6      251      167      335 19.8 13.2 26.4  68881  61891  75871                                        Middlesex County                              VA est22all.txt 03DEC2023
51 121    18472    16807    20137 21.0 19.1 22.9     1771     1263     2279 12.1  8.6 15.6     1250      884     1616 11.5  8.1 14.9  69668  65895  73441                                        Montgomery County                             VA est22all.txt 03DEC2023
51 125     1864     1463     2265 12.8 10.1 15.5      433      295      571 17.6 12.0 23.2      305      202      408 17.1 11.3 22.9  66612  58714  74510                                        Nelson County                                 VA est22all.txt 03DEC2023
51 127     1243      937     1549  5.1  3.8  6.4      308      212      404  6.5  4.5  8.5      222      149      295  6.4  4.3  8.5 115627 102540 128714                                        New Kent County                               VA est22all.txt 03DEC2023
51 131     2230     1763     2697 19.1 15.1 23.1      650      473      827 30.4 22.1 38.7      473      344      602 28.9 21.0 36.8  52783  46332  59234                                        Northampton County                            VA est22all.txt 03DEC2023
51 133     1634     1245     2023 13.3 10.1 16.5      385      257      513 23.1 15.4 30.8      282      187      377 22.3 14.8 29.8  67077  59218  74936                                        Northumberland County                         VA est22all.txt 03DEC2023
51 135     2892     2311     3473 21.2 16.9 25.5      731      509      953 24.2 16.9 31.5      517      347      687 23.7 15.9 31.5  50756  44499  57013                                        Nottoway County                               VA est22all.txt 03DEC2023
51 137     3820     3035     4605 10.1  8.0 12.2     1052      750     1354 13.2  9.4 17.0      718      497      939 12.4  8.6 16.2  81390  73692  89088                                        Orange County                                 VA est22all.txt 03DEC2023
51 139     3075     2368     3782 13.1 10.1 16.1      816      552     1080 17.7 12.0 23.4      581      384      778 17.1 11.3 22.9  60061  53673  66449                                        Page County                                   VA est22all.txt 03DEC2023
51 141     2487     1862     3112 14.4 10.8 18.0      655      437      873 21.7 14.5 28.9      456      298      614 19.4 12.7 26.1  49319  43468  55170                                        Patrick County                                VA est22all.txt 03DEC2023
51 143     8407     6867     9947 14.4 11.8 17.0     1980     1412     2548 18.9 13.5 24.3     1443     1018     1868 18.0 12.7 23.3  49659  46145  53173                                        Pittsylvania County                           VA est22all.txt 03DEC2023
51 145     1702     1271     2133  5.6  4.2  7.0      403      270      536  7.2  4.8  9.6      284      186      382  6.7  4.4  9.0 105231  95816 114646                                        Powhatan County                               VA est22all.txt 03DEC2023
51 147     3554     2739     4369 20.3 15.7 24.9      831      570     1092 24.6 16.9 32.3      591      397      785 24.8 16.6 33.0  57400  52594  62206                                        Prince Edward County                          VA est22all.txt 03DEC2023
51 149     3863     2929     4797 11.4  8.6 14.2      993      685     1301 11.9  8.2 15.6      695      464      926 11.1  7.4 14.8  76571  70020  83122                                        Prince George County                          VA est22all.txt 03DEC2023
51 153    33481    28408    38554  6.9  5.8  8.0    11040     8660    13420  8.8  6.9 10.7     7720     5954     9486  8.2  6.3 10.1 119051 113796 124306                                        Prince William County                         VA est22all.txt 03DEC2023
51 155     4551     3643     5459 14.0 11.2 16.8     1128      823     1433 19.4 14.2 24.6      741      513      969 17.1 11.8 22.4  57731  52101  63361                                        Pulaski County                                VA est22all.txt 03DEC2023
51 157      731      560      902  9.8  7.5 12.1      184      129      239 15.2 10.6 19.8      134       93      175 14.3  9.9 18.7  85575  74911  96239                                        Rappahannock County                           VA est22all.txt 03DEC2023
51 159     1226      910     1542 16.3 12.1 20.5      313      210      416 19.9 13.4 26.4      220      144      296 19.0 12.4 25.6  60180  58379  61981                                        Richmond County                               VA est22all.txt 03DEC2023
51 161     7062     5633     8491  7.5  6.0  9.0     1607     1140     2074  8.7  6.2 11.2     1117      767     1467  7.8  5.4 10.2  77010  70432  83588                                        Roanoke County                                VA est22all.txt 03DEC2023
51 163     2677     2103     3251 12.1  9.5 14.7      647      454      840 17.0 11.9 22.1      451      311      591 15.1 10.4 19.8  64393  57507  71279                                        Rockbridge County                             VA est22all.txt 03DEC2023
51 165     8740     7366    10114 10.5  8.8 12.2     2103     1590     2616 11.5  8.7 14.3     1297      902     1692  9.5  6.6 12.4  72921  69067  76775                                        Rockingham County                             VA est22all.txt 03DEC2023
51 167     4645     3605     5685 18.4 14.3 22.5     1131      779     1483 23.8 16.4 31.2      764      506     1022 21.4 14.2 28.6  49537  44351  54723                                        Russell County                                VA est22all.txt 03DEC2023
51 169     4021     3284     4758 19.5 15.9 23.1      863      608     1118 22.7 16.0 29.4      600      413      787 20.4 14.0 26.8  43743  40318  47168                                        Scott County                                  VA est22all.txt 03DEC2023
51 171     5498     4684     6312 12.4 10.6 14.2     1369     1012     1726 14.8 10.9 18.7     1001      749     1253 14.9 11.1 18.7  65289  58361  72217                                        Shenandoah County                             VA est22all.txt 03DEC2023
51 173     5672     4786     6558 19.7 16.6 22.8     1298      940     1656 23.5 17.0 30.0      939      679     1199 22.5 16.3 28.7  45484  40191  50777                                        Smyth County                                  VA est22all.txt 03DEC2023
51 175     2469     1878     3060 15.0 11.4 18.6      656      452      860 20.1 13.9 26.3      459      307      611 18.2 12.2 24.2  61246  53691  68801                                        Southampton County                            VA est22all.txt 03DEC2023
51 177    12109    10178    14040  8.3  7.0  9.6     3514     2530     4498 10.1  7.3 12.9     2505     1792     3218  9.5  6.8 12.2  96322  90034 102610                                        Spotsylvania County                           VA est22all.txt 03DEC2023
51 179     8703     6649    10757  5.5  4.2  6.8     2812     1955     3669  6.7  4.6  8.8     1893     1319     2467  5.9  4.1  7.7 134456 128036 140876                                        Stafford County                               VA est22all.txt 03DEC2023
51 181      806      608     1004 12.4  9.4 15.4      208      141      275 19.2 13.0 25.4      152      101      203 19.9 13.3 26.5  65339  58231  72447                                        Surry County                                  VA est22all.txt 03DEC2023
51 183     2012     1549     2475 23.5 18.1 28.9      500      357      643 30.0 21.5 38.5      350      244      456 29.1 20.3 37.9  49340  43416  55264                                        Sussex County                                 VA est22all.txt 03DEC2023
51 185     6687     5436     7938 17.6 14.3 20.9     1793     1287     2299 23.7 17.0 30.4     1268      879     1657 22.2 15.4 29.0  48360  44381  52339                                        Tazewell County                               VA est22all.txt 03DEC2023
51 187     3950     3178     4722  9.8  7.9 11.7     1009      711     1307 11.6  8.2 15.0      682      467      897 10.9  7.5 14.3  79949  72197  87701                                        Warren County                                 VA est22all.txt 03DEC2023
51 191     5905     4545     7265 11.3  8.7 13.9     1318      851     1785 14.2  9.2 19.2      974      630     1318 14.1  9.1 19.1  61686  56871  66501                                        Washington County                             VA est22all.txt 03DEC2023
51 193     2989     2446     3532 16.1 13.2 19.0      757      540      974 22.7 16.2 29.2      502      345      659 20.9 14.4 27.4  61545  54325  68765                                        Westmoreland County                           VA est22all.txt 03DEC2023
51 195     7279     5909     8649 22.2 18.0 26.4     1777     1283     2271 26.6 19.2 34.0     1214      848     1580 24.3 17.0 31.6  45220  40474  49966                                        Wise County                                   VA est22all.txt 03DEC2023
51 197     4392     3677     5107 15.7 13.1 18.3      967      694     1240 18.2 13.1 23.3      685      475      895 17.2 11.9 22.5  47257  41668  52846                                        Wythe County                                  VA est22all.txt 03DEC2023
51 199     3563     2715     4411  5.1  3.9  6.3      952      628     1276  5.9  3.9  7.9      645      421      869  5.1  3.3  6.9 111346 103761 118931                                        York County                                   VA est22all.txt 03DEC2023
51 510    13926    11173    16679  9.0  7.2 10.8     3666     2567     4765 13.4  9.4 17.4     2392     1608     3176 13.8  9.3 18.3 110115 103372 116858                                        Alexandria city                               VA est22all.txt 03DEC2023
51 520     3452     2770     4134 20.7 16.6 24.8      911      604     1218 27.3 18.1 36.5      662      429      895 26.9 17.4 36.4  43123  37871  48375                                        Bristol city                                  VA est22all.txt 03DEC2023
51 530      942      723     1161 15.7 12.0 19.4      278      198      358 20.5 14.6 26.4      191      135      247 19.8 14.0 25.6  51030  45039  57021                                        Buena Vista city                              VA est22all.txt 03DEC2023
51 540     9354     8270    10438 21.8 19.3 24.3     1249      892     1606 17.4 12.4 22.4      866      601     1131 18.2 12.6 23.8  67903  59512  76294                                        Charlottesville city                          VA est22all.txt 03DEC2023
51 550    21696    18192    25200  8.7  7.3 10.1     6228     4657     7799 10.5  7.9 13.1     4321     3171     5471  9.7  7.1 12.3  87127  82070  92184                                        Chesapeake city                               VA est22all.txt 03DEC2023
51 570     1876     1461     2291 10.4  8.1 12.7      618      423      813 14.2  9.7 18.7      440      294      586 14.0  9.4 18.6  68456  62444  74468                                        Colonial Heights city                         VA est22all.txt 03DEC2023
51 580      906      686     1126 16.2 12.3 20.1      308      209      407 23.8 16.2 31.4      199      132      266 22.3 14.7 29.9  46592  40823  52361                                        Covington city                                VA est22all.txt 03DEC2023
51 590    10935     9150    12720 26.8 22.4 31.2     3233     2384     4082 35.3 26.0 44.6     2212     1580     2844 32.7 23.4 42.0  40799  36822  44776                                        Danville city                                 VA est22all.txt 03DEC2023
51 595     1170      884     1456 22.2 16.8 27.6      449      305      593 33.2 22.6 43.8      321      214      428 32.3 21.5 43.1  43496  38053  48939                                        Emporia city                                  VA est22all.txt 03DEC2023
51 600     1861     1458     2264  7.6  6.0  9.2      397      274      520  6.5  4.5  8.5      277      188      366  7.2  4.9  9.5 122790 111427 134153                                        Fairfax city                                  VA est22all.txt 03DEC2023
51 610      588      441      735  4.1  3.1  5.1      108       73      143  3.1  2.1  4.1       66       44       88  2.5  1.7  3.3 142513 126924 158102                                        Falls Church city                             VA est22all.txt 03DEC2023
51 620     1544     1156     1932 19.0 14.2 23.8      663      450      876 30.6 20.8 40.4      479      317      641 31.8 21.1 42.5  54594  49919  59269                                        Franklin city                                 VA est22all.txt 03DEC2023
51 630     3983     3116     4850 15.0 11.7 18.3     1156      811     1501 19.8 13.9 25.7      795      549     1041 19.6 13.5 25.7  71217  63389  79045                                        Fredericksburg city                           VA est22all.txt 03DEC2023
51 640     1428     1130     1726 22.0 17.4 26.6      548      403      693 31.8 23.4 40.2      354      247      461 28.9 20.1 37.7  44706  39101  50311                                        Galax city                                    VA est22all.txt 03DEC2023
51 650    19408    15728    23088 14.4 11.7 17.1     6034     4414     7654 20.8 15.2 26.4     4268     3044     5492 20.4 14.5 26.3  64086  60677  67495                                        Hampton city                                  VA est22all.txt 03DEC2023
51 660    12480    11073    13887 28.5 25.3 31.7     1733     1322     2144 20.7 15.8 25.6     1197      924     1470 21.3 16.4 26.2  56057  52117  59997                                        Harrisonburg city                             VA est22all.txt 03DEC2023
51 670     4053     3111     4995 17.9 13.7 22.1     1481      985     1977 26.1 17.4 34.8     1022      672     1372 24.8 16.3 33.3  53098  47661  58535                                        Hopewell city                                 VA est22all.txt 03DEC2023
51 678      952      707     1197 20.0 14.8 25.2      102       69      135 10.5  7.1 13.9       59       39       79  9.5  6.2 12.8  62382  55243  69521                                        Lexington city                                VA est22all.txt 03DEC2023
51 680    13550    11474    15626 19.6 16.6 22.6     3533     2625     4441 23.9 17.8 30.0     2252     1558     2946 22.6 15.6 29.6  50494  46535  54453                                        Lynchburg city                                VA est22all.txt 03DEC2023
51 683     3864     2911     4817  9.1  6.9 11.3     1514     1020     2008 13.9  9.4 18.4     1007      661     1353 13.3  8.7 17.9  97722  91686 103758                                        Manassas city                                 VA est22all.txt 03DEC2023
51 685     1480     1168     1792  8.9  7.0 10.8      563      418      708 15.3 11.4 19.2      335      233      437 11.7  8.1 15.3  90816  80198 101434                                        Manassas Park city                            VA est22all.txt 03DEC2023
51 690     2743     2129     3357 20.6 16.0 25.2      992      655     1329 27.5 18.2 36.8      712      467      957 28.0 18.4 37.6  41500  37247  45753                                        Martinsville city                             VA est22all.txt 03DEC2023
51 700    30290    26157    34423 17.2 14.8 19.6     9924     7774    12074 23.7 18.6 28.8     7143     5568     8718 24.5 19.1 29.9  63350  60470  66230                                        Newport News city                             VA est22all.txt 03DEC2023
51 710    39741    34633    44849 18.8 16.4 21.2    11512     9023    14001 25.1 19.7 30.5     7662     5772     9552 24.6 18.5 30.7  60030  57670  62390                                        Norfolk city                                  VA est22all.txt 03DEC2023
51 720      725      554      896 20.3 15.5 25.1      230      157      303 29.0 19.9 38.1      160      107      213 27.9 18.7 37.1  41298  36029  46567                                        Norton city                                   VA est22all.txt 03DEC2023
51 730     7499     5950     9048 22.8 18.1 27.5     2557     1791     3323 33.3 23.3 43.3     1768     1209     2327 35.5 24.3 46.7  42385  38104  46666                                        Petersburg city                               VA est22all.txt 03DEC2023
51 735      692      517      867  5.6  4.2  7.0      175      120      230  6.2  4.2  8.2      120       80      160  5.4  3.6  7.2 109549  96881 122217                                        Poquoson city                                 VA est22all.txt 03DEC2023
51 740    18630    15753    21507 19.8 16.7 22.9     5701     4220     7182 26.2 19.4 33.0     3515     2409     4621 23.2 15.9 30.5  54843  49813  59873                                        Portsmouth city                               VA est22all.txt 03DEC2023
51 750     3263     2571     3955 24.6 19.4 29.8      324      223      425 16.1 11.1 21.1      216      144      288 15.4 10.3 20.5  47892  42754  53030                                        Radford city                                  VA est22all.txt 03DEC2023
51 760    47338    42106    52570 21.6 19.2 24.0    11503     9110    13896 30.1 23.8 36.4     7598     5832     9364 30.4 23.3 37.5  58719  55169  62269                                        Richmond city                                 VA est22all.txt 03DEC2023
51 770    19041    16233    21849 19.9 17.0 22.8     5649     4248     7050 26.4 19.9 32.9     3940     2893     4987 26.1 19.2 33.0  50425  45839  55011                                        Roanoke city                                  VA est22all.txt 03DEC2023
51 775     2548     2023     3073 10.9  8.7 13.1      600      430      770 12.5  9.0 16.0      417      289      545 11.8  8.2 15.4  63676  56473  70879                                        Salem city                                    VA est22all.txt 03DEC2023
51 790     3031     2372     3690 12.4  9.7 15.1      812      548     1076 16.9 11.4 22.4      556      365      747 17.0 11.2 22.8  61917  55238  68596                                        Staunton city                                 VA est22all.txt 03DEC2023
51 800    11279     9420    13138 11.6  9.7 13.5     3336     2531     4141 14.7 11.2 18.2     2138     1504     2772 12.9  9.1 16.7  81858  76431  87285                                        Suffolk city                                  VA est22all.txt 03DEC2023
51 810    44340    39367    49313  9.9  8.8 11.0    12295     9891    14699 12.6 10.1 15.1     8419     6691    10147 11.8  9.4 14.2  83066  80473  85659                                        Virginia Beach city                           VA est22all.txt 03DEC2023
51 820     2911     2222     3600 12.9  9.8 16.0      947      645     1249 18.5 12.6 24.4      648      425      871 17.7 11.6 23.8  58527  51705  65349                                        Waynesboro city                               VA est22all.txt 03DEC2023
51 830     2044     1556     2532 18.6 14.2 23.0      349      238      460 20.2 13.8 26.6      237      160      314 18.7 12.6 24.8  67543  59306  75780                                        Williamsburg city                             VA est22all.txt 03DEC2023
51 840     4373     3566     5180 16.3 13.3 19.3     1310      982     1638 21.7 16.3 27.1      871      645     1097 20.1 14.9 25.3  60557  55099  66015                                        Winchester city                               VA est22all.txt 03DEC2023
53   0   764405   746613   782197 10.0  9.8 10.2   185218   175136   195300 11.5 10.9 12.1   132429   123085   141773 11.1 10.3 11.9  91255  90428  92082   45672   41680   49664 11.1 10.1 12.1 Washington                                    WA est22all.txt 03DEC2023
53   1     3025     2371     3679 14.6 11.5 17.7     1253      884     1622 17.4 12.3 22.5      884      612     1156 16.4 11.4 21.4  62410  55822  68998                                        Adams County                                  WA est22all.txt 03DEC2023
53   3     3548     2957     4139 16.0 13.3 18.7      876      646     1106 20.4 15.0 25.8      631      465      797 19.7 14.5 24.9  65625  60945  70305                                        Asotin County                                 WA est22all.txt 03DEC2023
53   5    23033    19875    26191 10.9  9.4 12.4     7110     5605     8615 13.1 10.3 15.9     4795     3626     5964 11.7  8.8 14.6  85144  79247  91041                                        Benton County                                 WA est22all.txt 03DEC2023
53   7     7342     5615     9069  9.3  7.1 11.5     2162     1502     2822 12.3  8.6 16.0     1548     1048     2048 11.7  7.9 15.5  81697  77122  86272                                        Chelan County                                 WA est22all.txt 03DEC2023
53   9     9001     7499    10503 11.8  9.8 13.8     1937     1360     2514 15.8 11.1 20.5     1415      995     1835 15.4 10.8 20.0  66693  62471  70915                                        Clallam County                                WA est22all.txt 03DEC2023
53  11    44218    38943    49493  8.6  7.6  9.6    10585     8130    13040  9.4  7.2 11.6     6984     5213     8755  8.2  6.1 10.3  91149  88043  94255                                        Clark County                                  WA est22all.txt 03DEC2023
53  13      471      353      589 11.8  8.8 14.8      119       81      157 17.6 12.0 23.2       89       60      118 17.1 11.6 22.6  62935  55089  70781                                        Columbia County                               WA est22all.txt 03DEC2023
53  15    14574    12376    16772 13.2 11.2 15.2     4007     3091     4923 16.5 12.7 20.3     2779     2093     3465 15.4 11.6 19.2  71847  66211  77483                                        Cowlitz County                                WA est22all.txt 03DEC2023
53  17     3777     2739     4815  8.6  6.2 11.0     1231      807     1655 11.8  7.7 15.9      908      598     1218 11.5  7.6 15.4  83870  79317  88423                                        Douglas County                                WA est22all.txt 03DEC2023
53  19     1205      909     1501 16.3 12.3 20.3      324      219      429 27.1 18.3 35.9      228      151      305 25.9 17.2 34.6  57064  50636  63492                                        Ferry County                                  WA est22all.txt 03DEC2023
53  21    10356     8002    12710 10.8  8.4 13.2     3864     2719     5009 12.9  9.1 16.7     2826     1994     3658 12.6  8.9 16.3  77820  72391  83249                                        Franklin County                               WA est22all.txt 03DEC2023
53  23      288      209      367 12.3  8.9 15.7       92       63      121 18.4 12.6 24.2       66       45       87 17.1 11.5 22.7  64413  56747  72079                                        Garfield County                               WA est22all.txt 03DEC2023
53  25    14238    11810    16666 14.2 11.8 16.6     4649     3453     5845 16.5 12.2 20.8     3306     2432     4180 15.7 11.5 19.9  63809  58401  69217                                        Grant County                                  WA est22all.txt 03DEC2023
53  27    13651    11519    15783 18.3 15.4 21.2     3925     3259     4591 26.4 21.9 30.9     2542     1996     3088 22.7 17.8 27.6  62258  59455  65061                                        Grays Harbor County                           WA est22all.txt 03DEC2023
53  29     5577     4259     6895  6.6  5.0  8.2     1173      773     1573  8.0  5.3 10.7      771      493     1049  7.3  4.7  9.9  82717  76046  89388                                        Island County                                 WA est22all.txt 03DEC2023
53  31     3707     3013     4401 11.2  9.1 13.3      574      388      760 15.5 10.5 20.5      424      285      563 15.0 10.1 19.9  69176  62846  75506                                        Jefferson County                              WA est22all.txt 03DEC2023
53  33   190175   178412   201938  8.5  8.0  9.0    38828    33899    43757  9.1  7.9 10.3    29243    25427    33059  9.3  8.1 10.5 116044 113684 118404                                        King County                                   WA est22all.txt 03DEC2023
53  35    25406    21679    29133  9.5  8.1 10.9     5517     4218     6816 10.5  8.0 13.0     3705     2776     4634  9.6  7.2 12.0  93794  89310  98278                                        Kitsap County                                 WA est22all.txt 03DEC2023
53  37     4918     3786     6050 11.0  8.5 13.5      855      590     1120 11.3  7.8 14.8      615      422      808 10.8  7.4 14.2  71737  64452  79022                                        Kittitas County                               WA est22all.txt 03DEC2023
53  39     2802     2151     3453 12.1  9.3 14.9      722      502      942 17.6 12.2 23.0      546      380      712 17.8 12.4 23.2  70371  63834  76908                                        Klickitat County                              WA est22all.txt 03DEC2023
53  41     9934     7778    12090 11.7  9.2 14.2     2607     1791     3423 14.6 10.0 19.2     1753     1170     2336 13.3  8.9 17.7  67954  62231  73677                                        Lewis County                                  WA est22all.txt 03DEC2023
53  43     1237      948     1526 10.8  8.3 13.3      332      230      434 13.5  9.3 17.7      246      169      323 13.0  8.9 17.1  68318  60244  76392                                        Lincoln County                                WA est22all.txt 03DEC2023
53  45     7520     6099     8941 11.4  9.2 13.6     1992     1358     2626 15.7 10.7 20.7     1400      952     1848 15.1 10.3 19.9  78029  72735  83323                                        Mason County                                  WA est22all.txt 03DEC2023
53  47     7212     5760     8664 16.9 13.5 20.3     1966     1376     2556 20.7 14.5 26.9     1377      949     1805 19.3 13.3 25.3  58661  54230  63092                                        Okanogan County                               WA est22all.txt 03DEC2023
53  49     3262     2587     3937 13.6 10.8 16.4      640      462      818 18.4 13.3 23.5      473      336      610 17.8 12.6 23.0  55615  49292  61938                                        Pacific County                                WA est22all.txt 03DEC2023
53  51     2192     1740     2644 15.6 12.4 18.8      651      485      817 23.8 17.7 29.9      441      309      573 21.1 14.8 27.4  59332  52175  66489                                        Pend Oreille County                           WA est22all.txt 03DEC2023
53  53    82369    73166    91572  9.1  8.1 10.1    20893    17104    24682 10.1  8.3 11.9    14343    11306    17380  9.4  7.4 11.4  92793  90102  95484                                        Pierce County                                 WA est22all.txt 03DEC2023
53  55     1774     1468     2080  9.5  7.9 11.1      277      195      359 12.1  8.5 15.7      206      142      270 11.8  8.1 15.5  84024  75501  92547                                        San Juan County                               WA est22all.txt 03DEC2023
53  57    14795    12725    16865 11.4  9.8 13.0     3533     2687     4379 13.3 10.1 16.5     2463     1827     3099 12.5  9.3 15.7  79118  74755  83481                                        Skagit County                                 WA est22all.txt 03DEC2023
53  59     1197      928     1466  9.6  7.4 11.8      274      186      362 13.0  8.8 17.2      198      133      263 12.2  8.2 16.2  82132  75217  89047                                        Skamania County                               WA est22all.txt 03DEC2023
53  61    70524    64264    76784  8.5  7.7  9.3    14983    12286    17680  8.3  6.8  9.8    11788     9769    13807  9.0  7.5 10.5 101440  98345 104535                                        Snohomish County                              WA est22all.txt 03DEC2023
53  63    65239    58548    71930 12.2 11.0 13.4    17244    14428    20060 15.0 12.5 17.5    11856     9725    13987 13.9 11.4 16.4  69079  66073  72085                                        Spokane County                                WA est22all.txt 03DEC2023
53  65     6201     4987     7415 13.0 10.5 15.5     1771     1225     2317 18.0 12.4 23.6     1287      880     1694 16.9 11.6 22.2  65748  60010  71486                                        Stevens County                                WA est22all.txt 03DEC2023
53  67    25609    21965    29253  8.7  7.5  9.9     5946     4476     7416  9.8  7.4 12.2     4262     3135     5389  9.5  7.0 12.0  88560  85009  92111                                        Thurston County                               WA est22all.txt 03DEC2023
53  69      534      413      655 11.4  8.8 14.0      156      111      201 21.1 15.1 27.1      116       82      150 20.4 14.5 26.3  70099  61698  78500                                        Wahkiakum County                              WA est22all.txt 03DEC2023
53  71     7540     5968     9112 13.1 10.4 15.8     1708     1188     2228 13.8  9.6 18.0     1204      826     1582 12.8  8.8 16.8  66542  59969  73115                                        Walla Walla County                            WA est22all.txt 03DEC2023
53  73    25890    22362    29418 11.5  9.9 13.1     4645     3415     5875 11.2  8.2 14.2     3355     2412     4298 10.8  7.8 13.8  78796  74408  83184                                        Whatcom County                                WA est22all.txt 03DEC2023
53  75     8185     7208     9162 19.5 17.2 21.8      812      524     1100 11.3  7.3 15.3      574      375      773 10.8  7.0 14.6  54412  49907  58917                                        Whitman County                                WA est22all.txt 03DEC2023
53  77    41877    36688    47066 16.5 14.5 18.5    14986    12234    17738 20.6 16.8 24.4    10782     8712    12852 19.8 16.0 23.6  63058  59518  66598                                        Yakima County                                 WA est22all.txt 03DEC2023
54   0   299275   289448   309102 17.4 16.8 18.0    78339    73839    82839 22.7 21.4 24.0    55374    51350    59398 21.5 19.9 23.1  54097  52812  55382   21501   19539   23463 25.3 23.0 27.6 West Virginia                                 WV est22all.txt 03DEC2023
54   1     2871     2211     3531 19.6 15.1 24.1      841      586     1096 27.5 19.2 35.8      629      438      820 27.4 19.1 35.7  46302  40545  52059                                        Barbour County                                WV est22all.txt 03DEC2023
54   3    14175    11935    16415 11.1  9.4 12.8     3772     2848     4696 13.0  9.8 16.2     2390     1637     3143 11.3  7.8 14.8  70829  66041  75617                                        Berkeley County                               WV est22all.txt 03DEC2023
54   5     3850     2882     4818 18.5 13.8 23.2     1087      725     1449 26.0 17.4 34.6      802      530     1074 25.4 16.8 34.0  46508  41019  51997                                        Boone County                                  WV est22all.txt 03DEC2023
54   7     2459     1881     3037 21.0 16.1 25.9      588      397      779 27.2 18.4 36.0      439      294      584 25.9 17.3 34.5  43328  38998  47658                                        Braxton County                                WV est22all.txt 03DEC2023
54   9     2656     2024     3288 12.6  9.6 15.6      632      421      843 17.2 11.5 22.9      450      292      608 16.1 10.4 21.8  61551  57304  65798                                        Brooke County                                 WV est22all.txt 03DEC2023
54  11    17142    14588    19696 19.4 16.5 22.3     3917     2885     4949 22.2 16.3 28.1     2657     1864     3450 20.7 14.5 26.9  51017  46190  55844                                        Cabell County                                 WV est22all.txt 03DEC2023
54  13     1341     1049     1633 22.2 17.4 27.0      297      197      397 27.3 18.1 36.5      224      148      300 27.7 18.3 37.1  43589  38755  48423                                        Calhoun County                                WV est22all.txt 03DEC2023
54  15     1843     1376     2310 23.8 17.8 29.8      578      397      759 34.3 23.5 45.1      423      287      559 33.4 22.6 44.2  42604  37370  47838                                        Clay County                                   WV est22all.txt 03DEC2023
54  17     1327      998     1656 20.2 15.2 25.2      256      171      341 25.4 16.9 33.9      184      120      248 24.8 16.2 33.4  47755  42477  53033                                        Doddridge County                              WV est22all.txt 03DEC2023
54  19     7671     6244     9098 20.2 16.4 24.0     2182     1655     2709 27.5 20.9 34.1     1384      907     1861 22.9 15.0 30.8  48710  44070  53350                                        Fayette County                                WV est22all.txt 03DEC2023
54  21     1314      962     1666 23.2 17.0 29.4      271      181      361 24.8 16.6 33.0      201      133      269 25.0 16.5 33.5  44938  39977  49899                                        Gilmer County                                 WV est22all.txt 03DEC2023
54  23     1544     1161     1927 14.3 10.8 17.8      412      273      551 19.7 13.1 26.3      303      202      404 20.0 13.3 26.7  58150  53959  62341                                        Grant County                                  WV est22all.txt 03DEC2023
54  25     5783     4634     6932 18.1 14.5 21.7     1422      978     1866 23.3 16.0 30.6      965      648     1282 21.1 14.2 28.0  45137  40713  49561                                        Greenbrier County                             WV est22all.txt 03DEC2023
54  27     3563     2774     4352 15.5 12.1 18.9      929      635     1223 23.3 15.9 30.7      693      469      917 23.8 16.1 31.5  58266  52847  63685                                        Hampshire County                              WV est22all.txt 03DEC2023
54  29     3322     2522     4122 11.9  9.0 14.8      847      561     1133 16.8 11.1 22.5      586      379      793 15.1  9.8 20.4  58077  52731  63423                                        Hancock County                                WV est22all.txt 03DEC2023
54  31     1792     1320     2264 12.7  9.3 16.1      512      344      680 18.6 12.5 24.7      364      239      489 18.2 11.9 24.5  53876  47440  60312                                        Hardy County                                  WV est22all.txt 03DEC2023
54  33     9584     7635    11533 15.0 11.9 18.1     2731     1945     3517 20.4 14.5 26.3     1927     1351     2503 19.3 13.5 25.1  57764  52913  62615                                        Harrison County                               WV est22all.txt 03DEC2023
54  35     5008     4062     5954 18.2 14.8 21.6     1521     1155     1887 26.0 19.7 32.3     1112      839     1385 25.8 19.5 32.1  54735  48433  61037                                        Jackson County                                WV est22all.txt 03DEC2023
54  37     5357     4262     6452  9.3  7.4 11.2     1417     1043     1791 11.7  8.6 14.8      924      642     1206 10.1  7.0 13.2  87259  79141  95377                                        Jefferson County                              WV est22all.txt 03DEC2023
54  39    30549    26749    34349 17.7 15.5 19.9     8731     7192    10270 25.8 21.2 30.4     6292     5153     7431 24.8 20.3 29.3  55160  50887  59433                                        Kanawha County                                WV est22all.txt 03DEC2023
54  41     2977     2312     3642 17.9 13.9 21.9      883      630     1136 25.3 18.1 32.5      632      444      820 24.1 16.9 31.3  53283  47415  59151                                        Lewis County                                  WV est22all.txt 03DEC2023
54  43     4743     3743     5743 24.0 18.9 29.1     1434     1073     1795 33.7 25.2 42.2     1060      799     1321 32.8 24.7 40.9  43727  38267  49187                                        Lincoln County                                WV est22all.txt 03DEC2023
54  45     7800     6419     9181 25.5 21.0 30.0     2070     1609     2531 32.9 25.6 40.2     1376      990     1762 28.9 20.8 37.0  42615  37834  47396                                        Logan County                                  WV est22all.txt 03DEC2023
54  47     5944     4543     7345 37.6 28.7 46.5     1460      989     1931 46.2 31.3 61.1     1062      701     1423 44.1 29.1 59.1  28972  25675  32269                                        McDowell County                               WV est22all.txt 03DEC2023
54  49     8380     6716    10044 15.4 12.3 18.5     2173     1571     2775 20.2 14.6 25.8     1554     1101     2007 19.6 13.9 25.3  58855  55192  62518                                        Marion County                                 WV est22all.txt 03DEC2023
54  51     5071     4173     5969 17.6 14.5 20.7     1448     1143     1753 26.5 20.9 32.1     1078      845     1311 26.1 20.5 31.7  51934  46374  57494                                        Marshall County                               WV est22all.txt 03DEC2023
54  53     4519     3516     5522 18.7 14.6 22.8     1248      879     1617 25.0 17.6 32.4      927      647     1207 24.7 17.2 32.2  48077  43231  52923                                        Mason County                                  WV est22all.txt 03DEC2023
54  55    12167     9893    14441 21.2 17.2 25.2     3400     2432     4368 28.0 20.0 36.0     2370     1654     3086 26.1 18.2 34.0  43917  39668  48166                                        Mercer County                                 WV est22all.txt 03DEC2023
54  57     4158     3347     4969 15.8 12.7 18.9     1159      847     1471 22.3 16.3 28.3      850      616     1084 22.0 15.9 28.1  59669  54389  64949                                        Mineral County                                WV est22all.txt 03DEC2023
54  59     6886     5740     8032 30.7 25.6 35.8     1934     1429     2439 39.0 28.8 49.2     1320      924     1716 36.3 25.4 47.2  35761  31832  39690                                        Mingo County                                  WV est22all.txt 03DEC2023
54  61    18418    16281    20555 18.6 16.4 20.8     2450     1786     3114 14.6 10.6 18.6     1562     1088     2036 12.9  9.0 16.8  59094  53081  65107                                        Monongalia County                             WV est22all.txt 03DEC2023
54  63     1825     1341     2309 15.0 11.0 19.0      488      319      657 20.5 13.4 27.6      369      245      493 21.0 13.9 28.1  53154  48147  58161                                        Monroe County                                 WV est22all.txt 03DEC2023
54  65     2701     2286     3116 15.7 13.3 18.1      634      488      780 21.9 16.9 26.9      379      265      493 17.0 11.9 22.1  56162  50820  61504                                        Morgan County                                 WV est22all.txt 03DEC2023
54  67     4521     3439     5603 18.7 14.2 23.2     1220      823     1617 25.5 17.2 33.8      888      592     1184 24.0 16.0 32.0  46757  41169  52345                                        Nicholas County                               WV est22all.txt 03DEC2023
54  69     5831     4670     6992 14.8 11.9 17.7     1525     1060     1990 19.4 13.5 25.3     1075      729     1421 18.2 12.3 24.1  60241  55137  65345                                        Ohio County                                   WV est22all.txt 03DEC2023
54  71      898      692     1104 15.2 11.7 18.7      244      170      318 22.4 15.6 29.2      170      117      223 20.4 14.1 26.7  52553  46582  58524                                        Pendleton County                              WV est22all.txt 03DEC2023
54  73      988      745     1231 14.5 10.9 18.1      251      166      336 17.9 11.9 23.9      173      113      233 16.8 11.0 22.6  56391  49677  63105                                        Pleasants County                              WV est22all.txt 03DEC2023
54  75     1472     1159     1785 19.6 15.4 23.8      389      285      493 29.1 21.3 36.9      255      175      335 26.1 17.9 34.3  44553  39462  49644                                        Pocahontas County                             WV est22all.txt 03DEC2023
54  77     4305     3270     5340 14.0 10.6 17.4     1079      718     1440 18.0 12.0 24.0      779      511     1047 17.3 11.4 23.2  55965  52144  59786                                        Preston County                                WV est22all.txt 03DEC2023
54  79     5911     4645     7177 10.4  8.2 12.6     1504     1039     1969 12.6  8.7 16.5     1047      711     1383 11.2  7.6 14.8  80034  74326  85742                                        Putnam County                                 WV est22all.txt 03DEC2023
54  81    13637    11180    16094 19.6 16.1 23.1     4033     3070     4996 27.0 20.6 33.4     3049     2328     3770 27.1 20.7 33.5  51317  48656  53978                                        Raleigh County                                WV est22all.txt 03DEC2023
54  83     4254     3237     5271 16.9 12.9 20.9     1091      738     1444 22.5 15.2 29.8      791      526     1056 22.3 14.8 29.8  49362  46768  51956                                        Randolph County                               WV est22all.txt 03DEC2023
54  85     1594     1254     1934 19.6 15.4 23.8      446      322      570 28.3 20.4 36.2      349      256      442 29.7 21.7 37.7  51965  45387  58543                                        Ritchie County                                WV est22all.txt 03DEC2023
54  87     2577     1929     3225 18.8 14.1 23.5      761      510     1012 28.0 18.8 37.2      562      376      748 27.2 18.2 36.2  42697  38675  46719                                        Roane County                                  WV est22all.txt 03DEC2023
54  89     2483     1861     3105 23.1 17.3 28.9      619      429      809 34.6 24.0 45.2      459      316      602 35.3 24.3 46.3  40569  35751  45387                                        Summers County                                WV est22all.txt 03DEC2023
54  91     2605     2014     3196 16.4 12.7 20.1      629      426      832 20.0 13.6 26.4      464      311      617 19.0 12.7 25.3  53972  47302  60642                                        Taylor County                                 WV est22all.txt 03DEC2023
54  93     1040      808     1272 16.2 12.6 19.8      202      136      268 24.0 16.2 31.8      147       95      199 23.5 15.2 31.8  50444  44801  56087                                        Tucker County                                 WV est22all.txt 03DEC2023
54  95     1235      950     1520 15.3 11.8 18.8      337      223      451 21.6 14.3 28.9      236      149      323 20.3 12.8 27.8  57560  51776  63344                                        Tyler County                                  WV est22all.txt 03DEC2023
54  97     4198     3246     5150 18.5 14.3 22.7     1153      791     1515 24.5 16.8 32.2      852      587     1117 23.6 16.2 31.0  47035  42826  51244                                        Upshur County                                 WV est22all.txt 03DEC2023
54  99     6752     5345     8159 17.9 14.2 21.6     1846     1332     2360 24.8 17.9 31.7     1396      994     1798 25.1 17.9 32.3  52540  47874  57206                                        Wayne County                                  WV est22all.txt 03DEC2023
54 101     1911     1401     2421 23.7 17.4 30.0      546      361      731 35.4 23.4 47.4      411      271      551 34.9 23.0 46.8  40598  35928  45268                                        Webster County                                WV est22all.txt 03DEC2023
54 103     2887     2348     3426 20.8 16.9 24.7      756      522      990 26.7 18.4 35.0      542      366      718 25.9 17.5 34.3  48563  43176  53950                                        Wetzel County                                 WV est22all.txt 03DEC2023
54 105      950      717     1183 18.7 14.1 23.3      304      205      403 28.3 19.1 37.5      223      149      297 27.4 18.3 36.5  43441  40892  45990                                        Wirt County                                   WV est22all.txt 03DEC2023
54 107    15321    13338    17304 18.7 16.3 21.1     4347     3449     5245 25.7 20.4 31.0     3124     2471     3777 24.7 19.5 29.9  57599  52319  62879                                        Wood County                                   WV est22all.txt 03DEC2023
54 109     5162     4076     6248 25.3 20.0 30.6     1333      964     1702 33.3 24.1 42.5      894      607     1181 28.9 19.6 38.2  39892  35493  44291                                        Wyoming County                                WV est22all.txt 03DEC2023
55   0   621380   606478   636282 10.8 10.5 11.1   159967   152100   167834 13.0 12.4 13.6   111881   104564   119198 12.2 11.4 13.0  71050  70412  71688   42995   39597   46393 14.0 12.9 15.1 Wisconsin                                     WI est22all.txt 03DEC2023
55   1     3158     2673     3643 15.8 13.4 18.2      635      484      786 23.3 17.8 28.8      452      337      567 21.4 16.0 26.8  54682  49698  59666                                        Adams County                                  WI est22all.txt 03DEC2023
55   3     2180     1734     2626 14.1 11.2 17.0      550      368      732 16.9 11.3 22.5      396      264      528 16.5 11.0 22.0  56848  51162  62534                                        Ashland County                                WI est22all.txt 03DEC2023
55   5     5806     4879     6733 12.6 10.6 14.6     1479     1114     1844 15.4 11.6 19.2      988      721     1255 13.8 10.1 17.5  62344  57286  67402                                        Barron County                                 WI est22all.txt 03DEC2023
55   7     1736     1363     2109 10.5  8.2 12.8      464      315      613 17.4 11.8 23.0      334      221      447 16.5 10.9 22.1  63680  60600  66760                                        Bayfield County                               WI est22all.txt 03DEC2023
55   9    25824    22482    29166  9.8  8.5 11.1     7313     5988     8638 12.1  9.9 14.3     5178     4192     6164 11.5  9.3 13.7  72398  68334  76462                                        Brown County                                  WI est22all.txt 03DEC2023
55  11     1279      997     1561  9.6  7.5 11.7      279      191      367 10.8  7.4 14.2      200      134      266 10.2  6.9 13.5  63969  58695  69243                                        Buffalo County                                WI est22all.txt 03DEC2023
55  13     1974     1638     2310 11.7  9.7 13.7      466      318      614 17.7 12.1 23.3      324      211      437 15.9 10.3 21.5  57438  52261  62615                                        Burnett County                                WI est22all.txt 03DEC2023
55  15     2865     2293     3437  5.5  4.4  6.6      654      449      859  5.7  3.9  7.5      450      299      601  5.1  3.4  6.8  85589  77457  93721                                        Calumet County                                WI est22all.txt 03DEC2023
55  17     6485     5246     7724 10.1  8.2 12.0     1836     1365     2307 13.2  9.8 16.6     1247      906     1588 11.9  8.6 15.2  74425  69951  78899                                        Chippewa County                               WI est22all.txt 03DEC2023
55  19     4361     3608     5114 12.7 10.5 14.9     1642     1183     2101 16.4 11.8 21.0     1066      719     1413 14.7  9.9 19.5  63641  62087  65195                                        Clark County                                  WI est22all.txt 03DEC2023
55  21     4341     3442     5240  7.6  6.0  9.2     1067      759     1375  9.1  6.5 11.7      761      536      986  8.7  6.1 11.3  78767  71729  85805                                        Columbia County                               WI est22all.txt 03DEC2023
55  23     1749     1353     2145 11.4  8.8 14.0      504      342      666 16.6 11.3 21.9      362      241      483 16.1 10.7 21.5  63862  59176  68548                                        Crawford County                               WI est22all.txt 03DEC2023
55  25    57011    52413    61609 10.3  9.5 11.1     7872     5905     9839  7.2  5.4  9.0     5651     4093     7209  7.0  5.1  8.9  85189  82535  87843                                        Dane County                                   WI est22all.txt 03DEC2023
55  27     7403     6139     8667  8.9  7.4 10.4     1734     1297     2171 10.4  7.8 13.0     1063      740     1386  8.5  5.9 11.1  69681  64925  74437                                        Dodge County                                  WI est22all.txt 03DEC2023
55  29     2350     1794     2906  7.8  6.0  9.6      494      340      648 10.6  7.3 13.9      348      235      461  9.9  6.7 13.1  72296  65322  79270                                        Door County                                   WI est22all.txt 03DEC2023
55  31     4703     3805     5601 11.0  8.9 13.1     1117      779     1455 13.7  9.6 17.8      746      499      993 12.1  8.1 16.1  66180  61072  71288                                        Douglas County                                WI est22all.txt 03DEC2023
55  33     4596     3633     5559 10.8  8.5 13.1     1036      728     1344 12.3  8.7 15.9      726      499      953 11.5  7.9 15.1  71434  65381  77487                                        Dunn County                                   WI est22all.txt 03DEC2023
55  35    11756    10050    13462 11.5  9.8 13.2     2100     1422     2778 10.2  6.9 13.5     1485      997     1973  9.8  6.6 13.0  70564  65001  76127                                        Eau Claire County                             WI est22all.txt 03DEC2023
55  37      516      393      639 11.1  8.4 13.8      126       88      164 19.5 13.6 25.4       88       59      117 17.5 11.8 23.2  64512  57399  71625                                        Florence County                               WI est22all.txt 03DEC2023
55  39     9397     7947    10847  9.3  7.9 10.7     2436     1846     3026 11.5  8.7 14.3     1579     1133     2025 10.0  7.2 12.8  71206  66917  75495                                        Fond du Lac County                            WI est22all.txt 03DEC2023
55  41     1284      994     1574 13.9 10.8 17.0      347      245      449 19.6 13.9 25.3      228      154      302 18.5 12.5 24.5  56118  50130  62106                                        Forest County                                 WI est22all.txt 03DEC2023
55  43     6152     5050     7254 12.8 10.5 15.1     1628     1217     2039 15.4 11.5 19.3     1069      746     1392 13.8  9.6 18.0  63247  58653  67841                                        Grant County                                  WI est22all.txt 03DEC2023
55  45     2583     1990     3176  7.1  5.5  8.7      661      452      870  8.6  5.9 11.3      427      276      578  7.2  4.6  9.8  79337  76842  81832                                        Green County                                  WI est22all.txt 03DEC2023
55  47     2000     1586     2414 10.5  8.3 12.7      592      426      758 14.8 10.7 18.9      412      291      533 13.7  9.7 17.7  66070  62303  69837                                        Green Lake County                             WI est22all.txt 03DEC2023
55  49     2054     1667     2441  8.7  7.1 10.3      536      402      670 10.6  7.9 13.3      332      229      435  8.7  6.0 11.4  76404  71168  81640                                        Iowa County                                   WI est22all.txt 03DEC2023
55  51      685      515      855 11.2  8.4 14.0      156      106      206 16.4 11.2 21.6      112       75      149 15.7 10.5 20.9  60694  56554  64834                                        Iron County                                   WI est22all.txt 03DEC2023
55  53     2485     2012     2958 12.7 10.3 15.1      698      485      911 16.1 11.2 21.0      472      318      626 14.5  9.8 19.2  64344  59599  69089                                        Jackson County                                WI est22all.txt 03DEC2023
55  55     6817     5448     8186  8.3  6.6 10.0     1622     1193     2051  9.9  7.3 12.5     1061      734     1388  8.8  6.1 11.5  78728  74305  83151                                        Jefferson County                              WI est22all.txt 03DEC2023
55  57     3562     3058     4066 14.1 12.1 16.1      919      696     1142 18.3 13.9 22.7      625      446      804 16.8 12.0 21.6  61904  57685  66123                                        Juneau County                                 WI est22all.txt 03DEC2023
55  59    16116    13117    19115  9.8  8.0 11.6     4496     3209     5783 12.6  9.0 16.2     3337     2381     4293 12.5  8.9 16.1  75067  70822  79312                                        Kenosha County                                WI est22all.txt 03DEC2023
55  61     1539     1222     1856  7.5  6.0  9.0      338      237      439  8.2  5.8 10.6      237      164      310  7.6  5.3  9.9  73717  66749  80685                                        Kewaunee County                               WI est22all.txt 03DEC2023
55  63    13327    11447    15207 11.5  9.9 13.1     2395     1703     3087 10.5  7.5 13.5     1732     1235     2229 10.1  7.2 13.0  70075  65508  74642                                        La Crosse County                              WI est22all.txt 03DEC2023
55  65     1761     1397     2125 10.5  8.3 12.7      588      416      760 14.7 10.4 19.0      412      284      540 14.4  9.9 18.9  67311  61513  73109                                        Lafayette County                              WI est22all.txt 03DEC2023
55  67     2303     1764     2842 12.0  9.2 14.8      666      452      880 18.5 12.6 24.4      478      315      641 17.8 11.7 23.9  57745  51841  63649                                        Langlade County                               WI est22all.txt 03DEC2023
55  69     3131     2635     3627 11.2  9.4 13.0      618      449      787 13.0  9.4 16.6      439      317      561 12.4  8.9 15.9  59637  55285  63989                                        Lincoln County                                WI est22all.txt 03DEC2023
55  71     8492     7197     9787 10.6  9.0 12.2     2150     1631     2669 13.5 10.2 16.8     1530     1138     1922 12.7  9.4 16.0  62910  59515  66305                                        Manitowoc County                              WI est22all.txt 03DEC2023
55  73    14999    13323    16675 11.0  9.8 12.2     4152     3402     4902 13.8 11.3 16.3     2881     2326     3436 12.7 10.2 15.2  70955  66900  75010                                        Marathon County                               WI est22all.txt 03DEC2023
55  75     4840     3998     5682 11.7  9.7 13.7     1049      713     1385 13.7  9.3 18.1      770      517     1023 13.5  9.1 17.9  58554  52929  64179                                        Marinette County                              WI est22all.txt 03DEC2023
55  77     1837     1538     2136 11.8  9.9 13.7      479      355      603 16.6 12.3 20.9      332      235      429 15.3 10.8 19.8  58197  53761  62633                                        Marquette County                              WI est22all.txt 03DEC2023
55  78     1010      750     1270 24.2 18.0 30.4      562      381      743 40.8 27.7 53.9      409      273      545 40.4 27.0 53.8  51623  46774  56472                                        Menominee County                              WI est22all.txt 03DEC2023
55  79   157016   146772   167260 17.4 16.3 18.5    48975    43282    54668 23.0 20.3 25.7    35227    30651    39803 22.8 19.8 25.8  58375  56685  60065                                        Milwaukee County                              WI est22all.txt 03DEC2023
55  81     6209     5181     7237 13.6 11.3 15.9     1996     1499     2493 17.8 13.4 22.2     1347      983     1711 16.0 11.7 20.3  65232  59985  70479                                        Monroe County                                 WI est22all.txt 03DEC2023
55  83     3568     2927     4209  9.1  7.5 10.7      802      555     1049 10.5  7.3 13.7      568      390      746 10.0  6.9 13.1  68127  62033  74221                                        Oconto County                                 WI est22all.txt 03DEC2023
55  85     4419     3781     5057 11.7 10.0 13.4      845      621     1069 13.5  9.9 17.1      605      443      767 12.9  9.5 16.3  62242  57359  67125                                        Oneida County                                 WI est22all.txt 03DEC2023
55  87    13737    11784    15690  7.3  6.3  8.3     3565     2776     4354  8.3  6.5 10.1     2390     1766     3014  7.4  5.5  9.3  78808  75575  82041                                        Outagamie County                              WI est22all.txt 03DEC2023
55  89     5245     4409     6081  5.8  4.9  6.7      874      655     1093  4.6  3.5  5.7      604      442      766  4.2  3.1  5.3  97778  88393 107163                                        Ozaukee County                                WI est22all.txt 03DEC2023
55  91      688      524      852  9.3  7.1 11.5      233      160      306 14.5 10.0 19.0      162      108      216 13.6  9.1 18.1  69535  63886  75184                                        Pepin County                                  WI est22all.txt 03DEC2023
55  93     3411     2746     4076  8.5  6.8 10.2      620      444      796  7.4  5.3  9.5      439      311      567  6.8  4.8  8.8  85508  77519  93497                                        Pierce County                                 WI est22all.txt 03DEC2023
55  95     3868     3132     4604  8.6  7.0 10.2      960      668     1252 11.0  7.7 14.3      698      483      913 10.4  7.2 13.6  73982  69331  78633                                        Polk County                                   WI est22all.txt 03DEC2023
55  97     6692     5428     7956  9.9  8.0 11.8     1396      983     1809 10.8  7.6 14.0      967      667     1267  9.9  6.8 13.0  71360  65689  77031                                        Portage County                                WI est22all.txt 03DEC2023
55  99     1717     1403     2031 12.2 10.0 14.4      440      297      583 18.4 12.4 24.4      319      213      425 17.3 11.6 23.0  53883  49217  58549                                        Price County                                  WI est22all.txt 03DEC2023
55 101    18463    14701    22225  9.6  7.6 11.6     5824     3917     7731 13.5  9.1 17.9     3919     2572     5266 12.2  8.0 16.4  72331  68683  75979                                        Racine County                                 WI est22all.txt 03DEC2023
55 103     1969     1582     2356 11.6  9.3 13.9      561      390      732 16.2 11.2 21.2      393      267      519 15.1 10.3 19.9  67086  63239  70933                                        Richland County                               WI est22all.txt 03DEC2023
55 105    16659    13799    19519 10.3  8.5 12.1     5087     3845     6329 14.2 10.7 17.7     3643     2733     4553 13.8 10.4 17.2  67430  63718  71142                                        Rock County                                   WI est22all.txt 03DEC2023
55 107     1843     1451     2235 13.2 10.4 16.0      543      365      721 19.5 13.1 25.9      399      262      536 19.3 12.6 26.0  56410  51945  60875                                        Rusk County                                   WI est22all.txt 03DEC2023
55 109     5135     4198     6072  5.4  4.4  6.4     1104      789     1419  5.0  3.6  6.4      759      530      988  4.5  3.1  5.9  97589  91756 103422                                        St. Croix County                              WI est22all.txt 03DEC2023
55 111     6112     4957     7267  9.4  7.6 11.2     1697     1239     2155 12.0  8.8 15.2     1129      793     1465 10.7  7.5 13.9  70484  66084  74884                                        Sauk County                                   WI est22all.txt 03DEC2023
55 113     2751     2319     3183 15.1 12.7 17.5      653      473      833 19.6 14.2 25.0      483      346      620 18.8 13.5 24.1  60034  54108  65960                                        Sawyer County                                 WI est22all.txt 03DEC2023
55 115     4608     3841     5375 11.4  9.5 13.3     1259      937     1581 14.9 11.1 18.7      863      616     1110 13.8  9.8 17.8  66733  62016  71450                                        Shawano County                                WI est22all.txt 03DEC2023
55 117    10828     9150    12506  9.4  7.9 10.9     2844     2154     3534 11.6  8.8 14.4     1941     1429     2453 10.5  7.7 13.3  65008  61084  68932                                        Sheboygan County                              WI est22all.txt 03DEC2023
55 119     2249     1856     2642 11.4  9.4 13.4      704      520      888 15.8 11.7 19.9      494      349      639 14.7 10.4 19.0  67544  60889  74199                                        Taylor County                                 WI est22all.txt 03DEC2023
55 121     2804     2261     3347  9.2  7.4 11.0      807      575     1039 10.5  7.5 13.5      492      324      660  9.0  5.9 12.1  68184  62425  73943                                        Trempealeau County                            WI est22all.txt 03DEC2023
55 123     4560     3763     5357 14.8 12.2 17.4     1782     1363     2201 22.5 17.2 27.8     1170      850     1490 19.9 14.5 25.3  67812  63055  72569                                        Vernon County                                 WI est22all.txt 03DEC2023
55 125     2456     1961     2951 10.4  8.3 12.5      673      501      845 17.8 13.3 22.3      485      351      619 16.8 12.2 21.4  63356  57509  69203                                        Vilas County                                  WI est22all.txt 03DEC2023
55 127    10286     8783    11789 10.0  8.5 11.5     2307     1753     2861 11.6  8.8 14.4     1639     1233     2045 10.6  8.0 13.2  73723  69813  77633                                        Walworth County                               WI est22all.txt 03DEC2023
55 129     1958     1616     2300 11.7  9.7 13.7      469      338      600 15.9 11.5 20.3      327      225      429 14.2  9.8 18.6  59221  54436  64006                                        Washburn County                               WI est22all.txt 03DEC2023
55 131     8309     6839     9779  6.1  5.0  7.2     1745     1302     2188  6.2  4.6  7.8     1225      909     1541  5.6  4.1  7.1  90313  84918  95708                                        Washington County                             WI est22all.txt 03DEC2023
55 133    21345    18917    23773  5.2  4.6  5.8     4040     3188     4892  4.8  3.8  5.8     2559     1846     3272  4.0  2.9  5.1  99525  95857 103193                                        Waukesha County                               WI est22all.txt 03DEC2023
55 135     5552     4695     6409 11.0  9.3 12.7     1229      849     1609 12.3  8.5 16.1      829      558     1100 11.1  7.5 14.7  65960  60905  71015                                        Waupaca County                                WI est22all.txt 03DEC2023
55 137     3571     3070     4072 15.0 12.9 17.1      863      660     1066 19.8 15.1 24.5      606      455      757 18.4 13.8 23.0  55982  51633  60331                                        Waushara County                               WI est22all.txt 03DEC2023
55 139    18809    16823    20795 11.4 10.2 12.6     4606     3773     5439 13.8 11.3 16.3     3085     2476     3694 12.5 10.0 15.0  69887  66916  72858                                        Winnebago County                              WI est22all.txt 03DEC2023
55 141     8078     6787     9369 11.0  9.2 12.8     2007     1460     2554 13.0  9.5 16.5     1376      975     1777 12.0  8.5 15.5  64408  60335  68481                                        Wood County                                   WI est22all.txt 03DEC2023
56   0    63555    59381    67729 11.2 10.5 11.9    16818    14983    18653 13.2 11.8 14.6    11420     9727    13113 11.8 10.1 13.5  71275  68846  73704    4748    4054    5442 15.6 13.3 17.9 Wyoming                                       WY est22all.txt 03DEC2023
56   1     5927     4976     6878 16.8 14.1 19.5      734      500      968 13.0  8.9 17.1      496      328      664 12.0  7.9 16.1  53537  49233  57841                                        Albany County                                 WY est22all.txt 03DEC2023
56   3     1658     1335     1981 14.3 11.5 17.1      470      341      599 16.8 12.2 21.4      337      244      430 15.1 11.0 19.2  59702  54668  64736                                        Big Horn County                               WY est22all.txt 03DEC2023
56   5     3998     3097     4899  8.6  6.7 10.5     1193      810     1576  9.8  6.6 13.0      824      549     1099  9.0  6.0 12.0  89870  80481  99259                                        Campbell County                               WY est22all.txt 03DEC2023
56   7     1671     1256     2086 12.1  9.1 15.1      448      291      605 14.2  9.3 19.1      317      203      431 13.1  8.4 17.8  66225  58446  74004                                        Carbon County                                 WY est22all.txt 03DEC2023
56   9     1653     1296     2010 12.1  9.5 14.7      540      392      688 16.6 12.1 21.1      327      217      437 13.1  8.7 17.5  78015  68308  87722                                        Converse County                               WY est22all.txt 03DEC2023
56  11      638      479      797  8.6  6.4 10.8      200      130      270 11.1  7.2 15.0      142       89      195 10.8  6.8 14.8  70196  61803  78589                                        Crook County                                  WY est22all.txt 03DEC2023
56  13     6508     5334     7682 17.0 13.9 20.1     2070     1506     2634 21.9 15.9 27.9     1428      995     1861 19.9 13.9 25.9  55125  49709  60541                                        Fremont County                                WY est22all.txt 03DEC2023
56  15     1701     1309     2093 14.8 11.4 18.2      393      260      526 16.5 10.9 22.1      255      165      345 14.2  9.2 19.2  58720  52346  65094                                        Goshen County                                 WY est22all.txt 03DEC2023
56  17      569      425      713 12.7  9.5 15.9      157      108      206 17.1 11.8 22.4      114       77      151 16.1 10.9 21.3  64734  57588  71880                                        Hot Springs County                            WY est22all.txt 03DEC2023
56  19      741      550      932  8.6  6.4 10.8      157      102      212  8.9  5.8 12.0      108       68      148  7.8  4.9 10.7  70067  61722  78412                                        Johnson County                                WY est22all.txt 03DEC2023
56  21    10114     8425    11803 10.2  8.5 11.9     2631     1936     3326 11.9  8.7 15.1     1857     1342     2372 11.3  8.2 14.4  71956  67974  75938                                        Laramie County                                WY est22all.txt 03DEC2023
56  23     1677     1284     2070  8.2  6.3 10.1      504      349      659  9.8  6.8 12.8      344      230      458  8.6  5.8 11.4  93044  84325 101763                                        Lincoln County                                WY est22all.txt 03DEC2023
56  25     8480     6727    10233 10.8  8.6 13.0     2544     1826     3262 13.9 10.0 17.8     1699     1155     2243 12.3  8.4 16.2  70142  65163  75121                                        Natrona County                                WY est22all.txt 03DEC2023
56  27      335      247      423 16.0 11.8 20.2       85       55      115 20.5 13.4 27.6       57       36       78 19.7 12.5 26.9  54573  47633  61513                                        Niobrara County                               WY est22all.txt 03DEC2023
56  29     3211     2500     3922 10.8  8.4 13.2      760      513     1007 12.5  8.4 16.6      534      342      726 11.4  7.3 15.5  69802  62866  76738                                        Park County                                   WY est22all.txt 03DEC2023
56  31     1029      771     1287 12.1  9.1 15.1      279      178      380 15.8 10.0 21.6      206      132      280 15.6 10.0 21.2  61185  53574  68796                                        Platte County                                 WY est22all.txt 03DEC2023
56  33     2981     2309     3653  9.5  7.4 11.6      659      423      895 10.2  6.5 13.9      458      287      629  9.3  5.8 12.8  70224  63271  77177                                        Sheridan County                               WY est22all.txt 03DEC2023
56  35      658      485      831  7.6  5.6  9.6      163      107      219  8.9  5.8 12.0      113       72      154  7.9  5.0 10.8  85649  77234  94064                                        Sublette County                               WY est22all.txt 03DEC2023
56  37     5039     4230     5848 12.4 10.4 14.4     1496     1164     1828 14.9 11.6 18.2      909      661     1157 11.7  8.5 14.9  75779  67457  84101                                        Sweetwater County                             WY est22all.txt 03DEC2023
56  39     1212      906     1518  5.2  3.9  6.5      208      136      280  5.3  3.5  7.1      134       85      183  4.6  2.9  6.3 127677 113980 141374                                        Teton County                                  WY est22all.txt 03DEC2023
56  41     2207     1671     2743 10.8  8.2 13.4      726      487      965 13.2  8.8 17.6      480      313      647 11.2  7.3 15.1  73072  65016  81128                                        Uinta County                                  WY est22all.txt 03DEC2023
56  43      822      606     1038 10.9  8.0 13.8      219      142      296 14.3  9.2 19.4      158       99      217 13.6  8.5 18.7  60699  55566  65832                                        Washakie County                               WY est22all.txt 03DEC2023
56  45      725      537      913 11.5  8.5 14.5      183      121      245 14.3  9.5 19.1      123       79      167 12.6  8.1 17.1  67677  60867  74487                                        Weston County                                 WY est22all.txt 03DEC2023
