00   0 40763043 40485829 41040257 12.5 12.4 12.6 11445264 11310265 11580263 16.0 15.8 16.2  8139044  8036505  8241583 15.3 15.1 15.5  77719  77533  77905 3027969 2977590 3078348 16.8 16.5 17.1 United States                                 US est23all.txt 27NOV2024
01   0   780043   762230   797856 15.7 15.3 16.1   236320   226963   245677 21.3 20.5 22.1   165981   157700   174262 20.2 19.2 21.2  62248  61546  62950   66457   61943   70971 23.2 21.6 24.8 Alabama                                       AL est23all.txt 27NOV2024
01   1     7004     5599     8409 11.7  9.3 14.1     2363     1759     2967 17.0 12.7 21.3     1722     1254     2190 16.7 12.2 21.2  68857  62667  75047                                        Autauga County                                AL est23all.txt 27NOV2024
01   3    24942    20972    28912 10.0  8.4 11.6     7334     5752     8916 14.1 11.1 17.1     5105     3889     6321 13.0  9.9 16.1  74248  69046  79450                                        Baldwin County                                AL est23all.txt 27NOV2024
01   5     5585     4266     6904 25.5 19.5 31.5     1738     1187     2289 34.8 23.8 45.8     1226      813     1639 33.2 22.0 44.4  45298  40531  50065                                        Barbour County                                AL est23all.txt 27NOV2024
01   7     3870     3112     4628 19.4 15.6 23.2      910      640     1180 21.4 15.1 27.7      649      444      854 20.9 14.3 27.5  56025  49463  62587                                        Bibb County                                   AL est23all.txt 27NOV2024
01   9     7590     6121     9059 12.8 10.3 15.3     2250     1652     2848 16.6 12.2 21.0     1587     1124     2050 15.8 11.2 20.4  64962  59013  70911                                        Blount County                                 AL est23all.txt 27NOV2024
01  11     2779     2162     3396 33.6 26.1 41.1      791      557     1025 39.8 28.0 51.6      566      385      747 37.9 25.8 50.0  36204  31398  41010                                        Bullock County                                AL est23all.txt 27NOV2024
01  13     4263     3469     5057 23.6 19.2 28.0     1517     1171     1863 37.4 28.9 45.9     1054      766     1342 35.3 25.7 44.9  44729  40192  49266                                        Butler County                                 AL est23all.txt 27NOV2024
01  15    22174    19284    25064 20.1 17.5 22.7     6923     5829     8017 28.5 24.0 33.0     4451     3498     5404 25.0 19.7 30.3  51841  48155  55527                                        Calhoun County                                AL est23all.txt 27NOV2024
01  17     5661     4296     7026 17.1 13.0 21.2     1814     1196     2432 26.0 17.1 34.9     1329      856     1802 25.8 16.6 35.0  50390  44560  56220                                        Chambers County                               AL est23all.txt 27NOV2024
01  19     3949     3042     4856 15.6 12.0 19.2      966      640     1292 20.5 13.6 27.4      717      462      972 20.3 13.1 27.5  56400  50628  62172                                        Cherokee County                               AL est23all.txt 27NOV2024
01  21     7026     5487     8565 15.3 12.0 18.6     2355     1647     3063 21.5 15.0 28.0     1576     1050     2102 19.3 12.8 25.8  59165  55581  62749                                        Chilton County                                AL est23all.txt 27NOV2024
01  23     3017     2420     3614 24.8 19.9 29.7      854      633     1075 35.8 26.5 45.1      575      402      748 32.9 23.0 42.8  47432  41597  53267                                        Choctaw County                                AL est23all.txt 27NOV2024
01  25     4174     3131     5217 19.0 14.3 23.7     1386      938     1834 28.7 19.4 38.0     1020      669     1371 29.1 19.1 39.1  50868  44973  56763                                        Clarke County                                 AL est23all.txt 27NOV2024
01  27     2337     1837     2837 16.9 13.3 20.5      726      509      943 25.0 17.5 32.5      489      323      655 22.9 15.1 30.7  52077  45838  58316                                        Clay County                                   AL est23all.txt 27NOV2024
01  29     2432     1916     2948 15.8 12.5 19.1      769      560      978 21.7 15.8 27.6      529      369      689 20.1 14.0 26.2  59526  52148  66904                                        Cleburne County                               AL est23all.txt 27NOV2024
01  31     9055     7810    10300 16.5 14.2 18.8     2769     2203     3335 21.0 16.7 25.3     2140     1717     2563 21.7 17.4 26.0  64737  59002  70472                                        Coffee County                                 AL est23all.txt 27NOV2024
01  33     8912     7303    10521 15.4 12.6 18.2     2507     1832     3182 20.5 15.0 26.0     1771     1280     2262 19.7 14.2 25.2  57770  52928  62612                                        Colbert County                                AL est23all.txt 27NOV2024
01  35     2920     2317     3523 26.5 21.0 32.0      961      728     1194 43.1 32.7 53.5      686      503      869 42.6 31.2 54.0  46702  43315  50089                                        Conecuh County                                AL est23all.txt 27NOV2024
01  37     1809     1372     2246 18.2 13.8 22.6      459      315      603 28.0 19.2 36.8      336      224      448 28.2 18.8 37.6  59736  55224  64248                                        Coosa County                                  AL est23all.txt 27NOV2024
01  39     6204     4848     7560 16.7 13.1 20.3     1863     1261     2465 22.4 15.1 29.7     1346      878     1814 21.9 14.3 29.5  50119  44957  55281                                        Covington County                              AL est23all.txt 27NOV2024
01  41     2520     1972     3068 19.5 15.3 23.7      809      552     1066 27.1 18.5 35.7      597      393      801 26.7 17.6 35.8  49128  43260  54996                                        Crenshaw County                               AL est23all.txt 27NOV2024
01  43    14081    11975    16187 15.5 13.2 17.8     4308     3528     5088 21.3 17.4 25.2     2880     2260     3500 19.3 15.1 23.5  61231  54767  67695                                        Cullman County                                AL est23all.txt 27NOV2024
01  45     8124     6816     9432 16.6 13.9 19.3     2525     1733     3317 22.0 15.1 28.9     1686     1108     2264 20.9 13.7 28.1  54697  50032  59362                                        Dale County                                   AL est23all.txt 27NOV2024
01  47    11197     9216    13178 31.4 25.9 36.9     3819     2903     4735 46.5 35.4 57.6     2698     2030     3366 44.2 33.3 55.1  39013  34241  43785                                        Dallas County                                 AL est23all.txt 27NOV2024
01  49    15494    13745    17243 21.6 19.2 24.0     4885     4096     5674 28.8 24.2 33.4     3510     2936     4084 27.4 22.9 31.9  50614  44649  56579                                        DeKalb County                                 AL est23all.txt 27NOV2024
01  51    10562     8491    12633 12.5 10.1 14.9     3251     2359     4143 17.0 12.3 21.7     2338     1647     3029 16.2 11.4 21.0  73125  67020  79230                                        Elmore County                                 AL est23all.txt 27NOV2024
01  53     7331     5713     8949 21.3 16.6 26.0     2365     1710     3020 29.0 21.0 37.0     1691     1212     2170 28.2 20.2 36.2  50333  45240  55426                                        Escambia County                               AL est23all.txt 27NOV2024
01  55    19921    17377    22465 19.6 17.1 22.1     5668     4519     6817 25.5 20.3 30.7     3810     2887     4733 23.2 17.6 28.8  52504  49174  55834                                        Etowah County                                 AL est23all.txt 27NOV2024
01  57     2542     1953     3131 16.2 12.4 20.0      743      500      986 22.0 14.8 29.2      534      348      720 21.4 13.9 28.9  49235  43591  54879                                        Fayette County                                AL est23all.txt 27NOV2024
01  59     7035     6021     8049 22.5 19.3 25.7     2703     2353     3053 34.4 29.9 38.9     1302      959     1645 22.7 16.7 28.7  49682  43562  55802                                        Franklin County                               AL est23all.txt 27NOV2024
01  61     5109     4071     6147 19.2 15.3 23.1     1575     1131     2019 27.0 19.4 34.6     1086      736     1436 24.5 16.6 32.4  50006  44378  55634                                        Geneva County                                 AL est23all.txt 27NOV2024
01  63     2255     1742     2768 31.0 23.9 38.1      735      508      962 46.8 32.3 61.3      543      366      720 48.0 32.4 63.6  34619  30256  38982                                        Greene County                                 AL est23all.txt 27NOV2024
01  65     3383     2636     4130 23.0 17.9 28.1     1159      805     1513 32.2 22.4 42.0      832      568     1096 31.7 21.6 41.8  42380  38849  45911                                        Hale County                                   AL est23all.txt 27NOV2024
01  67     2904     2254     3554 16.4 12.7 20.1      820      559     1081 22.7 15.5 29.9      607      406      808 22.1 14.7 29.5  55598  49721  61475                                        Henry County                                  AL est23all.txt 27NOV2024
01  69    17707    15964    19450 16.5 14.9 18.1     5982     5039     6925 24.6 20.7 28.5     4024     3295     4753 22.7 18.6 26.8  59412  56210  62614                                        Houston County                                AL est23all.txt 27NOV2024
01  71     8437     7113     9761 16.0 13.5 18.5     2099     1566     2632 19.2 14.3 24.1     1513     1079     1947 18.8 13.4 24.2  51479  48245  54713                                        Jackson County                                AL est23all.txt 27NOV2024
01  73   103120    93558   112682 16.0 14.5 17.5    31910    27297    36523 21.5 18.4 24.6    23439    19919    26959 21.4 18.2 24.6  64726  61862  67590                                        Jefferson County                              AL est23all.txt 27NOV2024
01  75     2217     1691     2743 16.4 12.5 20.3      685      476      894 23.0 16.0 30.0      482      320      644 22.2 14.7 29.7  50929  44791  57067                                        Lamar County                                  AL est23all.txt 27NOV2024
01  77    12563    10012    15114 13.6 10.8 16.4     3063     2084     4042 16.8 11.4 22.2     2243     1483     3003 16.6 11.0 22.2  63895  59600  68190                                        Lauderdale County                             AL est23all.txt 27NOV2024
01  79     4710     3642     5778 14.2 11.0 17.4     1384      951     1817 19.2 13.2 25.2     1011      667     1355 18.8 12.4 25.2  61064  55014  67114                                        Lawrence County                               AL est23all.txt 27NOV2024
01  81    31839    28753    34925 17.9 16.2 19.6     5610     4076     7144 14.9 10.8 19.0     3920     2754     5086 14.0  9.8 18.2  62301  57268  67334                                        Lee County                                    AL est23all.txt 27NOV2024
01  83     9604     7604    11604  8.6  6.8 10.4     2795     1974     3616 11.3  8.0 14.6     1907     1289     2525 10.3  7.0 13.6  81811  77874  85748                                        Limestone County                              AL est23all.txt 27NOV2024
01  85     2799     2257     3341 29.4 23.7 35.1      894      639     1149 42.1 30.1 54.1      686      488      884 44.7 31.8 57.6  42011  36781  47241                                        Lowndes County                                AL est23all.txt 27NOV2024
01  87     4712     3605     5819 28.8 22.0 35.6     1201      829     1573 40.6 28.0 53.2      876      581     1171 41.0 27.2 54.8  40710  36252  45168                                        Macon County                                  AL est23all.txt 27NOV2024
01  89    41983    36343    47623 10.5  9.1 11.9    11793     9275    14311 13.5 10.6 16.4     8696     6863    10529 13.5 10.7 16.3  86172  82954  89390                                        Madison County                                AL est23all.txt 27NOV2024
01  91     4335     3478     5192 23.5 18.9 28.1     1369      960     1778 33.1 23.2 43.0      956      635     1277 30.9 20.5 41.3  47228  41172  53284                                        Marengo County                                AL est23all.txt 27NOV2024
01  93     5415     4457     6373 19.0 15.6 22.4     1464     1085     1843 24.3 18.0 30.6     1000      702     1298 22.5 15.8 29.2  48829  43293  54365                                        Marion County                                 AL est23all.txt 27NOV2024
01  95    16432    14276    18588 16.5 14.3 18.7     5516     4346     6686 21.5 16.9 26.1     3674     2728     4620 20.0 14.8 25.2  59882  55549  64215                                        Marshall County                               AL est23all.txt 27NOV2024
01  97    65684    58161    73207 16.3 14.4 18.2    23306    19136    27476 24.8 20.4 29.2    16432    13322    19542 24.1 19.5 28.7  55538  52899  58177                                        Mobile County                                 AL est23all.txt 27NOV2024
01  99     3627     2777     4477 19.1 14.6 23.6     1113      727     1499 27.9 18.2 37.6      814      509     1119 27.7 17.3 38.1  49314  43688  54940                                        Monroe County                                 AL est23all.txt 27NOV2024
01 101    39395    34121    44669 18.3 15.9 20.7    13820    11046    16594 26.0 20.8 31.2     9390     7172    11608 24.5 18.7 30.3  60063  56591  63535                                        Montgomery County                             AL est23all.txt 27NOV2024
01 103    14759    11718    17800 12.0  9.5 14.5     4799     3340     6258 16.8 11.7 21.9     3497     2401     4593 16.5 11.3 21.7  70387  64678  76096                                        Morgan County                                 AL est23all.txt 27NOV2024
01 105     2501     1951     3051 33.8 26.4 41.2      823      576     1070 50.3 35.2 65.4      630      433      827 53.0 36.4 69.6  34176  29744  38608                                        Perry County                                  AL est23all.txt 27NOV2024
01 107     3587     2697     4477 21.5 16.2 26.8     1049      710     1388 30.3 20.5 40.1      781      513     1049 30.2 19.8 40.6  47372  41270  53474                                        Pickens County                                AL est23all.txt 27NOV2024
01 109     7364     6106     8622 23.8 19.7 27.9     2073     1578     2568 32.5 24.7 40.3     1640     1289     1991 35.7 28.1 43.3  50675  45473  55877                                        Pike County                                   AL est23all.txt 27NOV2024
01 111     3508     2628     4388 15.9 11.9 19.9     1179      789     1569 25.0 16.7 33.3      876      571     1181 25.1 16.4 33.8  57148  52026  62270                                        Randolph County                               AL est23all.txt 27NOV2024
01 113    10957     8715    13199 18.9 15.0 22.8     3785     2689     4881 26.7 19.0 34.4     2594     1766     3422 25.2 17.2 33.2  52312  48106  56518                                        Russell County                                AL est23all.txt 27NOV2024
01 115    10089     7883    12295 10.8  8.4 13.2     2964     2052     3876 14.3  9.9 18.7     2106     1400     2812 13.5  9.0 18.0  78349  72699  83999                                        St. Clair County                              AL est23all.txt 27NOV2024
01 117    19207    16500    21914  8.4  7.2  9.6     4825     3717     5933  9.4  7.2 11.6     3428     2571     4285  8.7  6.5 10.9  90280  84649  95911                                        Shelby County                                 AL est23all.txt 27NOV2024
01 119     3607     2892     4322 33.5 26.9 40.1     1025      766     1284 45.4 33.9 56.9      643      419      867 38.9 25.4 52.4  37021  32535  41507                                        Sumter County                                 AL est23all.txt 27NOV2024
01 121    13329    10945    15713 17.0 14.0 20.0     3701     2638     4764 22.8 16.2 29.4     2514     1660     3368 21.2 14.0 28.4  59491  55623  63359                                        Talladega County                              AL est23all.txt 27NOV2024
01 123     6041     4690     7392 15.1 11.7 18.5     1797     1198     2396 22.6 15.1 30.1     1343      885     1801 22.3 14.7 29.9  60583  56615  64551                                        Tallapoosa County                             AL est23all.txt 27NOV2024
01 125    41429    36618    46240 19.2 17.0 21.4    11299     9287    13311 23.8 19.6 28.0     7334     5705     8963 20.9 16.3 25.5  61117  57987  64247                                        Tuscaloosa County                             AL est23all.txt 27NOV2024
01 127    11099     9251    12947 17.5 14.6 20.4     3366     2585     4147 23.3 17.9 28.7     2367     1780     2954 22.5 16.9 28.1  57950  53220  62680                                        Walker County                                 AL est23all.txt 27NOV2024
01 129     2778     2163     3393 18.7 14.6 22.8      832      587     1077 26.2 18.5 33.9      618      426      810 27.4 18.9 35.9  57311  50928  63694                                        Washington County                             AL est23all.txt 27NOV2024
01 131     3194     2460     3928 32.7 25.2 40.2     1049      731     1367 48.5 33.8 63.2      758      512     1004 47.9 32.3 63.5  34426  30218  38634                                        Wilcox County                                 AL est23all.txt 27NOV2024
01 133     3855     3091     4619 16.6 13.3 19.9     1130      827     1433 24.0 17.6 30.4      801      567     1035 22.7 16.1 29.3  52280  45967  58593                                        Winston County                                AL est23all.txt 27NOV2024
02   0    75594    71582    79606 10.5  9.9 11.1    21568    19587    23549 12.5 11.4 13.6    14239    12439    16039 11.2  9.8 12.6  88696  86365  91027    6451    5648    7254 14.5 12.7 16.3 Alaska                                        AK est23all.txt 27NOV2024
02  13      624      447      801 18.0 12.9 23.1       35       24       46 18.6 12.8 24.4       27       18       36 19.3 12.9 25.7  83000  71794  94206                                        Aleutians East Borough                        AK est23all.txt 27NOV2024
02  16      492      373      611 10.0  7.6 12.4       20       13       27  4.8  3.2  6.4       16       11       21  5.3  3.5  7.1 104159  91965 116353                                        Aleutians West Census Area                    AK est23all.txt 27NOV2024
02  20    24807    21524    28090  8.9  7.7 10.1     6493     5072     7914  9.9  7.7 12.1     4276     3153     5399  8.9  6.6 11.2  93881  87984  99778                                        Anchorage Borough                             AK est23all.txt 27NOV2024
02  50     5242     4481     6003 29.3 25.0 33.6     2295     1794     2796 36.2 28.3 44.1     1523     1138     1908 34.0 25.4 42.6  62140  56980  67300                                        Bethel Census Area                            AK est23all.txt 27NOV2024
02  60       98       73      123 11.7  8.7 14.7       32       21       43 18.0 11.6 24.4       23       14       32 18.9 11.5 26.3  99790  87655 111925                                        Bristol Bay Borough                           AK est23all.txt 27NOV2024
02  63      570      440      700  8.7  6.7 10.7      116       77      155  7.9  5.3 10.5       81       51      111  7.2  4.5  9.9  95180  83221 107139                                        Chugach Census Area                           AK est23all.txt 27NOV2024
02  66      380      287      473 14.2 10.7 17.7      136       89      183 20.1 13.2 27.0       93       58      128 18.1 11.3 24.9  69092  61907  76277                                        Copper River Census Area                      AK est23all.txt 27NOV2024
02  68      123       93      153  7.8  5.9  9.7       33       21       45 11.3  7.3 15.3       24       15       33 11.0  6.7 15.3  86118  74903  97333                                        Denali Borough                                AK est23all.txt 27NOV2024
02  70     1073      857     1289 23.4 18.7 28.1      441      308      574 31.3 21.9 40.7      294      193      395 28.8 18.9 38.7  62598  55378  69818                                        Dillingham Census Area                        AK est23all.txt 27NOV2024
02  90     7015     5589     8441  7.6  6.0  9.2     1751     1156     2346  7.9  5.2 10.6     1187      745     1629  7.6  4.8 10.4  86780  80726  92834                                        Fairbanks North Star Borough                  AK est23all.txt 27NOV2024
02 100      207      155      259 10.0  7.5 12.5       46       30       62 13.1  8.5 17.7       34       21       47 13.7  8.4 19.0  78649  71233  86065                                        Haines Borough                                AK est23all.txt 27NOV2024
02 105      390      296      484 17.2 13.0 21.4      101       66      136 27.2 17.6 36.8       72       44      100 27.1 16.7 37.5  64720  56480  72960                                        Hoonah-Angoon Census Area                     AK est23all.txt 27NOV2024
02 110     2815     2335     3295  9.1  7.6 10.6      592      429      755  9.5  6.9 12.1      353      232      474  7.4  4.9  9.9  99748  88694 110802                                        Juneau Borough                                AK est23all.txt 27NOV2024
02 122     6885     5801     7969 11.5  9.7 13.3     1612     1119     2105 12.1  8.4 15.8     1123      737     1509 11.3  7.4 15.2  74185  68530  79840                                        Kenai Peninsula Borough                       AK est23all.txt 27NOV2024
02 130     1269      968     1570  9.3  7.1 11.5      310      205      415 11.7  7.7 15.7      209      131      287 10.4  6.5 14.3  87760  78204  97316                                        Ketchikan Gateway Borough                     AK est23all.txt 27NOV2024
02 150     1035      787     1283  8.5  6.5 10.5      253      165      341  8.8  5.7 11.9      173      107      239  8.1  5.0 11.2  86250  75264  97236                                        Kodiak Island Borough                         AK est23all.txt 27NOV2024
02 158     2455     2007     2903 30.8 25.2 36.4     1219      867     1571 36.5 25.9 47.1      823      546     1100 35.2 23.4 47.0  42029  37140  46918                                        Kusilvak Census Area                          AK est23all.txt 27NOV2024
02 164      271      204      338 20.4 15.4 25.4       99       65      133 27.3 17.8 36.8       70       43       97 25.5 15.8 35.2  62547  55074  70020                                        Lake and Peninsula Borough                    AK est23all.txt 27NOV2024
02 170    10906     9289    12523  9.7  8.3 11.1     3018     2325     3711 10.5  8.1 12.9     1863     1321     2405  8.6  6.1 11.1  94376  89441  99311                                        Matanuska-Susitna Borough                     AK est23all.txt 27NOV2024
02 180     1981     1609     2353 20.7 16.8 24.6      743      500      986 23.0 15.5 30.5      520      332      708 21.3 13.6 29.0  75296  68594  81998                                        Nome Census Area                              AK est23all.txt 27NOV2024
02 185     1261      915     1607 12.0  8.7 15.3      373      236      510 14.2  9.0 19.4      230      134      326 11.4  6.6 16.2 103556  91785 115327                                        North Slope Borough                           AK est23all.txt 27NOV2024
02 188     1390     1059     1721 19.1 14.6 23.6      638      409      867 23.0 14.7 31.3      414      249      579 20.1 12.1 28.1  78619  71208  86030                                        Northwest Arctic Borough                      AK est23all.txt 27NOV2024
02 195      276      209      343  8.4  6.4 10.4       75       49      101 11.0  7.2 14.8       50       30       70  9.3  5.6 13.0  68449  60250  76648                                        Petersburg Borough                            AK est23all.txt 27NOV2024
02 198      892      676     1108 15.7 11.9 19.5      276      182      370 22.1 14.6 29.6      178      109      247 19.0 11.6 26.4  57304  50404  64204                                        Prince of Wales-Hyder Census Area             AK est23all.txt 27NOV2024
02 220      755      589      921  9.3  7.3 11.3      161      112      210 10.6  7.4 13.8       97       60      134  8.4  5.2 11.6  89264  78595  99933                                        Sitka Borough                                 AK est23all.txt 27NOV2024
02 230       64       48       80  5.9  4.5  7.3       15       10       20  8.9  5.7 12.1       11        7       15  8.6  5.3 11.9  79412  69515  89309                                        Skagway Municipality                          AK est23all.txt 27NOV2024
02 240      857      650     1064 12.2  9.3 15.1      252      163      341 14.0  9.1 18.9      175      107      243 13.4  8.2 18.6  79014  71160  86868                                        Southeast Fairbanks Census Area               AK est23all.txt 27NOV2024
02 275      239      184      294 11.7  9.0 14.4       56       37       75 15.1 10.0 20.2       38       23       53 14.8  9.1 20.5  65011  56644  73378                                        Wrangell City and Borough                     AK est23all.txt 27NOV2024
02 282      105       80      130 15.3 11.7 18.9       34       24       44 26.0 18.2 33.8       21       13       29 20.0 12.2 27.8  77108  67093  87123                                        Yakutat Borough                               AK est23all.txt 27NOV2024
02 290     1117      861     1373 21.9 16.9 26.9      343      222      464 24.8 16.0 33.6      241      148      334 22.7 13.9 31.5  49498  43196  55800                                        Yukon-Koyukuk Census Area                     AK est23all.txt 27NOV2024
04   0   917925   893776   942074 12.6 12.3 12.9   246285   234756   257814 15.8 15.1 16.5   174022   163713   184331 15.0 14.1 15.9  77158  76244  78072   65451   60510   70392 17.1 15.8 18.4 Arizona                                       AZ est23all.txt 27NOV2024
04   1    18929    16783    21075 29.6 26.2 33.0     5883     4763     7003 35.7 28.9 42.5     4552     3682     5422 35.7 28.9 42.5  43121  38867  47375                                        Apache County                                 AZ est23all.txt 27NOV2024
04   3    19759    16791    22727 16.3 13.8 18.8     4890     3498     6282 19.6 14.0 25.2     3451     2370     4532 18.4 12.6 24.2  53011  49872  56150                                        Cochise County                                AZ est23all.txt 27NOV2024
04   5    23888    21121    26655 17.8 15.7 19.9     5668     4568     6768 20.9 16.8 25.0     4321     3497     5145 21.0 17.0 25.0  71528  67322  75734                                        Coconino County                               AZ est23all.txt 27NOV2024
04   7     9431     7826    11036 17.7 14.7 20.7     2753     2075     3431 28.0 21.1 34.9     1968     1437     2499 26.2 19.1 33.3  55804  49805  61803                                        Gila County                                   AZ est23all.txt 27NOV2024
04   9     6397     5261     7533 17.3 14.2 20.4     2086     1669     2503 20.4 16.3 24.5     1623     1299     1947 21.0 16.8 25.2  66469  60412  72526                                        Graham County                                 AZ est23all.txt 27NOV2024
04  11      900      694     1106  9.7  7.5 11.9      235      163      307  9.6  6.7 12.5      163      110      216  9.1  6.1 12.1  71273  64923  77623                                        Greenlee County                               AZ est23all.txt 27NOV2024
04  12     3097     2397     3797 18.7 14.5 22.9      733      536      930 29.3 21.4 37.2      561      403      719 31.6 22.7 40.5  48801  44065  53537                                        La Paz County                                 AZ est23all.txt 27NOV2024
04  13   498844   477661   520027 11.1 10.6 11.6   138167   128406   147928 13.9 12.9 14.9    96495    88953   104037 13.0 12.0 14.0  86973  85553  88393                                        Maricopa County                               AZ est23all.txt 27NOV2024
04  15    36816    32317    41315 16.8 14.7 18.9     7945     5964     9926 22.7 17.0 28.4     5909     4487     7331 22.8 17.3 28.3  56302  53426  59178                                        Mohave County                                 AZ est23all.txt 27NOV2024
04  17    26533    23647    29419 24.7 22.0 27.4     7726     6339     9113 29.0 23.8 34.2     5834     4756     6912 28.6 23.3 33.9  51011  48577  53445                                        Navajo County                                 AZ est23all.txt 27NOV2024
04  19   144676   132750   156602 14.0 12.8 15.2    35945    30629    41261 17.9 15.3 20.5    25028    20956    29100 16.5 13.8 19.2  69553  67307  71799                                        Pima County                                   AZ est23all.txt 27NOV2024
04  21    54702    48415    60989 11.8 10.4 13.2    12606     9789    15423 12.4  9.6 15.2     8982     6698    11266 11.8  8.8 14.8  77290  73498  81082                                        Pinal County                                  AZ est23all.txt 27NOV2024
04  23     9831     8196    11466 20.1 16.8 23.4     3517     2659     4375 28.8 21.8 35.8     2634     1966     3302 28.3 21.1 35.5  52400  46578  58222                                        Santa Cruz County                             AZ est23all.txt 27NOV2024
04  25    31465    27831    35099 12.8 11.3 14.3     6316     4853     7779 17.0 13.1 20.9     4534     3405     5663 16.2 12.2 20.2  67317  64050  70584                                        Yavapai County                                AZ est23all.txt 27NOV2024
04  27    32657    27400    37914 15.9 13.3 18.5    11816     9320    14312 23.0 18.1 27.9     7967     5971     9963 21.3 16.0 26.6  61225  57300  65150                                        Yuma County                                   AZ est23all.txt 27NOV2024
05   0   459700   446622   472778 15.4 15.0 15.8   140145   132654   147636 20.2 19.1 21.3    98718    91995   105441 19.2 17.9 20.5  58748  57628  59868   38354   35092   41616 21.8 19.9 23.7 Arkansas                                      AR est23all.txt 27NOV2024
05   1     2697     2130     3264 16.8 13.3 20.3      857      583     1131 23.1 15.7 30.5      622      413      831 22.9 15.2 30.6  50198  44511  55885                                        Arkansas County                               AR est23all.txt 27NOV2024
05   3     3338     2614     4062 18.4 14.4 22.4     1030      693     1367 25.2 17.0 33.4      741      482     1000 24.2 15.7 32.7  49560  46035  53085                                        Ashley County                                 AR est23all.txt 27NOV2024
05   5     6746     5793     7699 16.0 13.7 18.3     1522     1152     1892 20.6 15.6 25.6     1026      724     1328 18.3 12.9 23.7  48804  43539  54069                                        Baxter County                                 AR est23all.txt 27NOV2024
05   7    23885    20323    27447  7.8  6.6  9.0     6929     5209     8649  9.0  6.8 11.2     4673     3243     6103  8.2  5.7 10.7  92632  87279  97985                                        Benton County                                 AR est23all.txt 27NOV2024
05   9     5660     4613     6707 14.9 12.2 17.6     1604     1098     2110 18.7 12.8 24.6     1132      757     1507 17.4 11.6 23.2  56154  50194  62114                                        Boone County                                  AR est23all.txt 27NOV2024
05  11     2314     1876     2752 23.2 18.8 27.6      698      506      890 28.7 20.8 36.6      523      376      670 28.5 20.5 36.5  44525  38850  50200                                        Bradley County                                AR est23all.txt 27NOV2024
05  13      639      483      795 14.3 10.8 17.8      149      100      198 17.8 12.0 23.6      113       74      152 17.8 11.6 24.0  57689  50433  64945                                        Calhoun County                                AR est23all.txt 27NOV2024
05  15     4232     3418     5046 14.8 11.9 17.7     1180      801     1559 19.4 13.2 25.6      867      578     1156 19.2 12.8 25.6  53986  48564  59408                                        Carroll County                                AR est23all.txt 27NOV2024
05  17     2621     2063     3179 29.7 23.4 36.0      744      506      982 37.2 25.3 49.1      550      369      731 35.6 23.9 47.3  40381  37341  43421                                        Chicot County                                 AR est23all.txt 27NOV2024
05  19     3512     2734     4290 18.9 14.7 23.1      864      558     1170 20.4 13.2 27.6      670      430      910 21.7 13.9 29.5  53561  47858  59264                                        Clark County                                  AR est23all.txt 27NOV2024
05  21     2454     1916     2992 17.5 13.7 21.3      667      459      875 22.3 15.4 29.2      479      321      637 21.7 14.5 28.9  47663  41942  53384                                        Clay County                                   AR est23all.txt 27NOV2024
05  23     3387     2666     4108 13.5 10.6 16.4      964      660     1268 20.6 14.1 27.1      710      473      947 19.9 13.3 26.5  56692  50809  62575                                        Cleburne County                               AR est23all.txt 27NOV2024
05  25     1147      911     1383 15.7 12.5 18.9      325      220      430 20.8 14.1 27.5      238      158      318 19.9 13.2 26.6  54458  47620  61296                                        Cleveland County                              AR est23all.txt 27NOV2024
05  27     4704     3934     5474 23.3 19.5 27.1     1294      961     1627 27.8 20.6 35.0      891      612     1170 26.4 18.1 34.7  44175  39099  49251                                        Columbia County                               AR est23all.txt 27NOV2024
05  29     3566     2936     4196 17.1 14.1 20.1     1070      780     1360 23.0 16.8 29.2      729      501      957 20.8 14.3 27.3  53863  48720  59006                                        Conway County                                 AR est23all.txt 27NOV2024
05  31    17811    14970    20652 16.1 13.5 18.7     6519     5161     7877 23.1 18.3 27.9     4280     3205     5355 20.7 15.5 25.9  60204  55504  64904                                        Craighead County                              AR est23all.txt 27NOV2024
05  33     8147     6564     9730 13.3 10.7 15.9     2666     1899     3433 18.3 13.0 23.6     1988     1401     2575 18.2 12.8 23.6  63905  58174  69636                                        Crawford County                               AR est23all.txt 27NOV2024
05  35     9578     7575    11581 20.6 16.3 24.9     3674     2558     4790 29.3 20.4 38.2     2668     1810     3526 28.5 19.3 37.7  52153  47632  56674                                        Crittenden County                             AR est23all.txt 27NOV2024
05  37     3091     2470     3712 19.1 15.3 22.9      970      654     1286 25.4 17.1 33.7      716      468      964 25.3 16.5 34.1  47669  41812  53526                                        Cross County                                  AR est23all.txt 27NOV2024
05  39     1162      895     1429 19.6 15.1 24.1      316      211      421 26.9 18.0 35.8      232      151      313 26.0 16.9 35.1  46701  41495  51907                                        Dallas County                                 AR est23all.txt 27NOV2024
05  41     2598     2092     3104 25.0 20.1 29.9      904      643     1165 35.6 25.3 45.9      694      495      893 35.7 25.5 45.9  43469  38674  48264                                        Desha County                                  AR est23all.txt 27NOV2024
05  43     3365     2746     3984 20.6 16.8 24.4      995      742     1248 27.8 20.7 34.9      751      557      945 29.3 21.7 36.9  48746  42195  55297                                        Drew County                                   AR est23all.txt 27NOV2024
05  45    16042    13690    18394 12.9 11.0 14.8     4433     3445     5421 15.4 12.0 18.8     2934     2152     3716 13.7 10.0 17.4  68543  63754  73332                                        Faulkner County                               AR est23all.txt 27NOV2024
05  47     3260     2762     3758 19.0 16.1 21.9      912      687     1137 23.7 17.8 29.6      638      467      809 22.1 16.2 28.0  54077  47197  60957                                        Franklin County                               AR est23all.txt 27NOV2024
05  49     2136     1698     2574 17.5 13.9 21.1      642      433      851 24.9 16.8 33.0      438      281      595 22.0 14.1 29.9  46346  40442  52250                                        Fulton County                                 AR est23all.txt 27NOV2024
05  51    18604    16497    20711 18.9 16.8 21.0     5631     4684     6578 29.4 24.5 34.3     3916     3188     4644 27.6 22.5 32.7  53849  48849  58849                                        Garland County                                AR est23all.txt 27NOV2024
05  53     2018     1597     2439 11.1  8.8 13.4      544      362      726 13.6  9.1 18.1      390      250      530 12.8  8.2 17.4  64306  58692  69920                                        Grant County                                  AR est23all.txt 27NOV2024
05  55     7390     6146     8634 16.2 13.5 18.9     2065     1484     2646 19.1 13.7 24.5     1409      960     1858 17.5 11.9 23.1  55444  49969  60919                                        Greene County                                 AR est23all.txt 27NOV2024
05  57     3171     2357     3985 16.6 12.3 20.9     1249      821     1677 25.8 17.0 34.6      834      511     1157 23.3 14.3 32.3  50576  45043  56109                                        Hempstead County                              AR est23all.txt 27NOV2024
05  59     5155     4214     6096 16.9 13.8 20.0     1346      946     1746 21.7 15.3 28.1      900      582     1218 19.4 12.6 26.2  53767  50366  57168                                        Hot Spring County                             AR est23all.txt 27NOV2024
05  61     2190     1768     2612 17.8 14.4 21.2      714      481      947 22.5 15.2 29.8      516      336      696 21.9 14.3 29.5  47308  41618  52998                                        Howard County                                 AR est23all.txt 27NOV2024
05  63     5006     3904     6108 13.5 10.5 16.5     1633     1134     2132 18.1 12.6 23.6     1178      803     1553 17.5 11.9 23.1  59695  53775  65615                                        Independence County                           AR est23all.txt 27NOV2024
05  65     2637     2140     3134 20.3 16.5 24.1      598      407      789 23.9 16.3 31.5      445      297      593 23.6 15.7 31.5  47320  41842  52798                                        Izard County                                  AR est23all.txt 27NOV2024
05  67     3513     2853     4173 24.6 20.0 29.2     1045      794     1296 32.0 24.3 39.7      771      587      955 31.9 24.3 39.5  45762  40329  51195                                        Jackson County                                AR est23all.txt 27NOV2024
05  69    14081    11619    16543 24.3 20.1 28.5     4291     3126     5456 32.0 23.3 40.7     3172     2322     4022 32.1 23.5 40.7  49581  44658  54504                                        Jefferson County                              AR est23all.txt 27NOV2024
05  71     4377     3608     5146 17.1 14.1 20.1     1213      833     1593 19.6 13.4 25.8      832      540     1124 17.9 11.6 24.2  50387  43980  56794                                        Johnson County                                AR est23all.txt 27NOV2024
05  73     1372     1091     1653 22.8 18.1 27.5      341      233      449 30.6 20.9 40.3      257      172      342 31.3 21.0 41.6  43824  38244  49404                                        Lafayette County                              AR est23all.txt 27NOV2024
05  75     2882     2272     3492 18.3 14.4 22.2      868      590     1146 24.5 16.6 32.4      595      381      809 22.7 14.6 30.8  49015  43518  54512                                        Lawrence County                               AR est23all.txt 27NOV2024
05  77     2507     1920     3094 38.7 29.6 47.8      651      449      853 46.1 31.8 60.4      473      319      627 46.4 31.3 61.5  36735  31946  41524                                        Lee County                                    AR est23all.txt 27NOV2024
05  79     2327     1774     2880 26.2 20.0 32.4      488      337      639 24.8 17.1 32.5      362      245      479 25.0 16.9 33.1  53381  46996  59766                                        Lincoln County                                AR est23all.txt 27NOV2024
05  81     2060     1627     2493 17.7 14.0 21.4      640      444      836 25.3 17.6 33.0      465      317      613 24.8 16.9 32.7  48837  43912  53762                                        Little River County                           AR est23all.txt 27NOV2024
05  83     3504     2828     4180 16.6 13.4 19.8     1023      720     1326 22.5 15.8 29.2      787      555     1019 23.8 16.8 30.8  51290  45241  57339                                        Logan County                                  AR est23all.txt 27NOV2024
05  85     7223     5763     8683  9.6  7.7 11.5     2166     1478     2854 11.8  8.0 15.6     1615     1086     2144 11.7  7.9 15.5  74687  68370  81004                                        Lonoke County                                 AR est23all.txt 27NOV2024
05  87     2601     1994     3208 14.8 11.3 18.3      852      569     1135 20.5 13.7 27.3      623      402      844 20.3 13.1 27.5  52262  46423  58101                                        Madison County                                AR est23all.txt 27NOV2024
05  89     3009     2457     3561 17.4 14.2 20.6      837      605     1069 26.0 18.8 33.2      590      413      767 23.6 16.5 30.7  49975  44812  55138                                        Marion County                                 AR est23all.txt 27NOV2024
05  91     8806     7511    10101 21.5 18.3 24.7     2659     2002     3316 27.3 20.6 34.0     1813     1302     2324 24.9 17.9 31.9  50421  44488  56354                                        Miller County                                 AR est23all.txt 27NOV2024
05  93     9378     8076    10680 24.9 21.4 28.4     3059     2361     3757 31.1 24.0 38.2     2027     1422     2632 28.2 19.8 36.6  49484  44632  54336                                        Mississippi County                            AR est23all.txt 27NOV2024
05  95     1686     1333     2039 26.3 20.8 31.8      575      404      746 38.1 26.8 49.4      406      277      535 37.9 25.9 49.9  40631  35914  45348                                        Monroe County                                 AR est23all.txt 27NOV2024
05  97     1600     1257     1943 18.8 14.8 22.8      453      310      596 28.4 19.4 37.4      327      215      439 27.6 18.2 37.0  48991  42982  55000                                        Montgomery County                             AR est23all.txt 27NOV2024
05  99     1844     1474     2214 23.2 18.5 27.9      544      380      708 31.0 21.6 40.4      401      276      526 29.4 20.3 38.5  45562  39647  51477                                        Nevada County                                 AR est23all.txt 27NOV2024
05 101     1313     1010     1616 18.8 14.5 23.1      349      235      463 27.1 18.2 36.0      260      170      350 26.7 17.5 35.9  46307  40940  51674                                        Newton County                                 AR est23all.txt 27NOV2024
05 103     4018     3192     4844 18.8 14.9 22.7     1206      833     1579 25.3 17.5 33.1      869      590     1148 24.6 16.7 32.5  49690  44315  55065                                        Ouachita County                               AR est23all.txt 27NOV2024
05 105     1421     1093     1749 14.1 10.8 17.4      446      299      593 20.9 14.0 27.8      319      207      431 19.4 12.6 26.2  57996  50932  65060                                        Perry County                                  AR est23all.txt 27NOV2024
05 107     5057     4093     6021 34.2 27.7 40.7     1699     1212     2186 45.2 32.2 58.2     1172      780     1564 42.4 28.2 56.6  37338  32657  42019                                        Phillips County                               AR est23all.txt 27NOV2024
05 109     1814     1430     2198 18.2 14.3 22.1      605      417      793 27.2 18.8 35.6      453      308      598 27.2 18.5 35.9  53108  48791  57425                                        Pike County                                   AR est23all.txt 27NOV2024
05 111     4214     3343     5085 19.1 15.1 23.1     1451      999     1903 27.1 18.7 35.5     1018      673     1363 26.0 17.2 34.8  51635  46554  56716                                        Poinsett County                               AR est23all.txt 27NOV2024
05 113     3619     2911     4327 18.8 15.1 22.5     1109      788     1430 26.2 18.6 33.8      817      572     1062 25.5 17.9 33.1  47766  42720  52812                                        Polk County                                   AR est23all.txt 27NOV2024
05 115     8387     6820     9954 13.5 11.0 16.0     2355     1612     3098 16.0 10.9 21.1     1595     1049     2141 14.5  9.6 19.4  59016  53991  64041                                        Pope County                                   AR est23all.txt 27NOV2024
05 117     1216      928     1504 15.4 11.7 19.1      370      250      490 22.4 15.1 29.7      270      177      363 22.0 14.4 29.6  54962  48788  61136                                        Prairie County                                AR est23all.txt 27NOV2024
05 119    61392    55390    67394 15.7 14.2 17.2    21580    18356    24804 23.7 20.2 27.2    15424    12924    17924 23.1 19.4 26.8  61344  59283  63405                                        Pulaski County                                AR est23all.txt 27NOV2024
05 121     3433     2828     4038 18.5 15.2 21.8     1078      791     1365 23.6 17.3 29.9      772      550      994 23.4 16.7 30.1  51480  45025  57935                                        Randolph County                               AR est23all.txt 27NOV2024
05 123     6414     5301     7527 34.3 28.3 40.3     2078     1581     2575 45.6 34.7 56.5     1371      973     1769 42.5 30.2 54.8  41708  36856  46560                                        St. Francis County                            AR est23all.txt 27NOV2024
05 125    11900     9779    14021  9.3  7.6 11.0     3572     2576     4568 12.1  8.7 15.5     2616     1843     3389 11.7  8.2 15.2  77844  72795  82893                                        Saline County                                 AR est23all.txt 27NOV2024
05 127     1882     1477     2287 19.5 15.3 23.7      578      385      771 26.6 17.7 35.5      412      267      557 26.0 16.9 35.1  46026  40239  51813                                        Scott County                                  AR est23all.txt 27NOV2024
05 129     1560     1221     1899 20.2 15.8 24.6      440      301      579 28.1 19.3 36.9      324      217      431 27.0 18.1 35.9  40688  35795  45581                                        Searcy County                                 AR est23all.txt 27NOV2024
05 131    16217    13283    19151 12.8 10.5 15.1     5303     3737     6869 17.7 12.5 22.9     3582     2405     4759 16.3 10.9 21.7  58112  53673  62551                                        Sebastian County                              AR est23all.txt 27NOV2024
05 133     2888     2323     3453 18.7 15.1 22.3     1054      755     1353 24.3 17.4 31.2      723      494      952 22.3 15.2 29.4  52845  46246  59444                                        Sevier County                                 AR est23all.txt 27NOV2024
05 135     3495     2832     4158 19.7 16.0 23.4      905      607     1203 25.4 17.0 33.8      612      386      838 23.0 14.5 31.5  45258  39863  50653                                        Sharp County                                  AR est23all.txt 27NOV2024
05 137     2220     1722     2718 17.7 13.7 21.7      644      433      855 26.3 17.7 34.9      480      315      645 26.3 17.2 35.4  43767  38722  48812                                        Stone County                                  AR est23all.txt 27NOV2024
05 139     6969     5678     8260 19.0 15.5 22.5     2130     1514     2746 24.0 17.0 31.0     1521     1037     2005 22.7 15.5 29.9  49664  43750  55578                                        Union County                                  AR est23all.txt 27NOV2024
05 141     2638     2102     3174 16.5 13.2 19.8      719      483      955 23.8 16.0 31.6      519      334      704 22.4 14.4 30.4  50332  45227  55437                                        Van Buren County                              AR est23all.txt 27NOV2024
05 143    34017    30095    37939 13.5 11.9 15.1     8033     5940    10126 13.5 10.0 17.0     5645     4042     7248 13.0  9.3 16.7  66158  61585  70731                                        Washington County                             AR est23all.txt 27NOV2024
05 145    11899     9914    13884 15.7 13.1 18.3     3498     2625     4371 19.6 14.7 24.5     2462     1800     3124 18.3 13.4 23.2  56178  50972  61384                                        White County                                  AR est23all.txt 27NOV2024
05 147     1424     1117     1731 24.4 19.1 29.7      448      300      596 34.8 23.3 46.3      323      210      436 34.9 22.7 47.1  43259  38151  48367                                        Woodruff County                               AR est23all.txt 27NOV2024
05 149     3261     2625     3897 16.5 13.3 19.7     1081      780     1382 23.0 16.6 29.4      752      524      980 21.9 15.2 28.6  51997  46670  57324                                        Yell County                                   AR est23all.txt 27NOV2024
06   0  4597732  4546196  4649268 12.0 11.9 12.1  1242302  1210490  1274114 15.0 14.6 15.4   910976   881147   940805 14.6 14.1 15.1  95473  94866  96080  300103  288207  311999 14.7 14.1 15.3 California                                    CA est23all.txt 27NOV2024
06   1   151872   138959   164785  9.5  8.7 10.3    28117    22066    34168  9.0  7.1 10.9    21236    16450    26022  9.2  7.1 11.3 119230 115954 122506                                        Alameda County                                CA est23all.txt 27NOV2024
06   3      177      134      220 15.6 11.8 19.4       49       34       64 26.8 18.5 35.1       32       21       43 22.4 14.9 29.9  83265  75129  91401                                        Alpine County                                 CA est23all.txt 27NOV2024
06   5     4400     3493     5307 11.7  9.3 14.1      886      613     1159 13.9  9.6 18.2      631      427      835 13.5  9.1 17.9  80767  73729  87805                                        Amador County                                 CA est23all.txt 27NOV2024
06   7    40532    36792    44272 19.9 18.1 21.7     8618     7109    10127 20.8 17.2 24.4     5692     4485     6899 18.4 14.5 22.3  63084  59966  66202                                        Butte County                                  CA est23all.txt 27NOV2024
06   9     5639     4559     6719 12.2  9.9 14.5     1228      873     1583 15.5 11.0 20.0      897      621     1173 15.2 10.5 19.9  77041  69437  84645                                        Calaveras County                              CA est23all.txt 27NOV2024
06  11     2677     2093     3261 12.3  9.6 15.0      833      568     1098 14.2  9.7 18.7      605      402      808 13.6  9.0 18.2  66675  58759  74591                                        Colusa County                                 CA est23all.txt 27NOV2024
06  13    95369    86108   104630  8.3  7.5  9.1    25049    20927    29171 10.1  8.4 11.8    17298    14043    20553  9.2  7.5 10.9 122000 117837 126163                                        Contra Costa County                           CA est23all.txt 27NOV2024
06  15     3408     2432     4384 13.8  9.8 17.8     1138      740     1536 21.0 13.7 28.3      804      510     1098 19.6 12.4 26.8  70231  65951  74511                                        Del Norte County                              CA est23all.txt 27NOV2024
06  17    13438    11009    15867  7.0  5.7  8.3     2864     1967     3761  7.8  5.3 10.3     2064     1391     2737  7.3  4.9  9.7 107063 102121 112005                                        El Dorado County                              CA est23all.txt 27NOV2024
06  19   177171   163569   190773 17.7 16.3 19.1    64163    57553    70773 23.3 20.9 25.7    47686    42714    52658 23.0 20.6 25.4  71271  69560  72982                                        Fresno County                                 CA est23all.txt 27NOV2024
06  21     3769     2938     4600 13.5 10.5 16.5     1116      718     1514 15.1  9.7 20.5      944      620     1268 16.9 11.1 22.7  64197  57452  70942                                        Glenn County                                  CA est23all.txt 27NOV2024
06  23    21856    18748    24964 16.7 14.3 19.1     4502     3215     5789 18.5 13.2 23.8     3217     2239     4195 17.8 12.4 23.2  61307  58736  63878                                        Humboldt County                               CA est23all.txt 27NOV2024
06  25    29810    25181    34439 17.3 14.6 20.0    10997     8301    13693 22.1 16.7 27.5     7823     5637    10009 20.7 14.9 26.5  58768  55235  62301                                        Imperial County                               CA est23all.txt 27NOV2024
06  27     2169     1665     2673 11.8  9.1 14.5      515      352      678 14.2  9.7 18.7      365      244      486 13.2  8.8 17.6  71656  63583  79729                                        Inyo County                                   CA est23all.txt 27NOV2024
06  29   169857   159305   180409 19.0 17.8 20.2    63566    57470    69662 24.8 22.4 27.2    45602    41215    49989 23.6 21.3 25.9  68436  66141  70731                                        Kern County                                   CA est23all.txt 27NOV2024
06  31    23950    20025    27875 17.5 14.6 20.4     8148     6369     9927 20.3 15.9 24.7     5998     4657     7339 20.2 15.7 24.7  65768  60607  70929                                        Kings County                                  CA est23all.txt 27NOV2024
06  33    11790     9746    13834 17.6 14.6 20.6     3148     2225     4071 21.6 15.3 27.9     2345     1649     3041 21.6 15.2 28.0  57945  53681  62209                                        Lake County                                   CA est23all.txt 27NOV2024
06  35     3992     3055     4929 17.1 13.1 21.1      914      643     1185 17.2 12.1 22.3      648      448      848 16.6 11.5 21.7  77743  73515  81971                                        Lassen County                                 CA est23all.txt 27NOV2024
06  37  1299957  1260625  1339289 13.7 13.3 14.1   337451   319685   355217 17.6 16.7 18.5   253494   238990   267998 17.5 16.5 18.5  86499  85733  87265                                        Los Angeles County                            CA est23all.txt 27NOV2024
06  39    28046    23870    32222 18.0 15.3 20.7    10423     8522    12324 24.2 19.8 28.6     7650     6203     9097 23.6 19.1 28.1  66084  61331  70837                                        Madera County                                 CA est23all.txt 27NOV2024
06  41    21535    18388    24682  8.7  7.4 10.0     3840     2909     4771  8.1  6.1 10.1     2868     2166     3570  7.8  5.9  9.7 139197 132371 146023                                        Marin County                                  CA est23all.txt 27NOV2024
06  43     2899     2371     3427 17.3 14.2 20.4      654      477      831 21.9 16.0 27.8      491      355      627 22.2 16.1 28.3  64352  55914  72790                                        Mariposa County                               CA est23all.txt 27NOV2024
06  45    12295     9918    14672 13.9 11.2 16.6     3420     2360     4480 18.8 13.0 24.6     2533     1685     3381 18.7 12.4 25.0  65891  60908  70874                                        Mendocino County                              CA est23all.txt 27NOV2024
06  47    53192    47372    59012 18.6 16.6 20.6    18537    15435    21639 22.7 18.9 26.5    14133    11698    16568 22.8 18.9 26.7  58962  55072  62852                                        Merced County                                 CA est23all.txt 27NOV2024
06  49     1690     1325     2055 20.1 15.8 24.4      440      311      569 28.2 19.9 36.5      321      220      422 26.7 18.3 35.1  51996  45471  58521                                        Modoc County                                  CA est23all.txt 27NOV2024
06  51     1013      744     1282  7.8  5.7  9.9      240      166      314 10.7  7.4 14.0      174      117      231 10.5  7.0 14.0  82973  72523  93423                                        Mono County                                   CA est23all.txt 27NOV2024
06  53    58136    52310    63962 14.0 12.6 15.4    21963    19087    24839 20.4 17.7 23.1    15672    13508    17836 19.6 16.9 22.3  86809  83139  90479                                        Monterey County                               CA est23all.txt 27NOV2024
06  55    11581     9547    13615  8.9  7.3 10.5     2325     1671     2979  9.3  6.7 11.9     1557     1055     2059  8.2  5.6 10.8 100469  92506 108432                                        Napa County                                   CA est23all.txt 27NOV2024
06  57    10990     9288    12692 10.9  9.2 12.6     2154     1550     2758 12.8  9.2 16.4     1587     1112     2062 12.5  8.8 16.2  87142  82265  92019                                        Nevada County                                 CA est23all.txt 27NOV2024
06  59   284696   261283   308109  9.2  8.4 10.0    69728    59969    79487 11.0  9.5 12.5    51064    43854    58274 10.7  9.2 12.2 109768 108016 111520                                        Orange County                                 CA est23all.txt 27NOV2024
06  61    27088    23397    30779  6.5  5.6  7.4     5464     3993     6935  6.1  4.5  7.7     3725     2568     4882  5.4  3.7  7.1 110020 105620 114420                                        Placer County                                 CA est23all.txt 27NOV2024
06  63     2418     1839     2997 12.7  9.7 15.7      575      394      756 18.2 12.5 23.9      407      270      544 17.0 11.3 22.7  64121  57185  71057                                        Plumas County                                 CA est23all.txt 27NOV2024
06  65   278442   257914   298970 11.3 10.5 12.1    82278    73787    90769 14.1 12.6 15.6    57766    50663    64869 13.1 11.5 14.7  90251  88878  91624                                        Riverside County                              CA est23all.txt 27NOV2024
06  67   185867   171128   200606 11.9 11.0 12.8    48449    41111    55787 13.7 11.6 15.8    36066    30125    42007 13.8 11.5 16.1  89984  88375  91593                                        Sacramento County                             CA est23all.txt 27NOV2024
06  69     6204     4900     7508  9.1  7.2 11.0     1816     1316     2316 10.8  7.8 13.8     1302      912     1692 10.4  7.3 13.5 105112  98796 111428                                        San Benito County                             CA est23all.txt 27NOV2024
06  71   284772   264520   305024 13.2 12.3 14.1    94927    85276   104578 17.4 15.6 19.2    72506    64836    80176 17.7 15.8 19.6  84576  82853  86299                                        San Bernardino County                         CA est23all.txt 27NOV2024
06  73   319714   299720   339708 10.1  9.5 10.7    77080    67101    87059 11.6 10.1 13.1    55763    47792    63734 11.4  9.8 13.0 103476 102355 104597                                        San Diego County                              CA est23all.txt 27NOV2024
06  75    95298    88859   101737 11.9 11.1 12.7    11654     8793    14515 10.8  8.2 13.4     8236     5988    10484 10.9  7.9 13.9 125456 120601 130311                                        San Francisco County                          CA est23all.txt 27NOV2024
06  77    99266    87984   110548 12.6 11.2 14.0    33153    28209    38097 16.2 13.8 18.6    23855    19904    27806 15.5 12.9 18.1  86211  83151  89271                                        San Joaquin County                            CA est23all.txt 27NOV2024
06  79    34227    30191    38263 12.8 11.3 14.3     5643     4319     6967 11.8  9.0 14.6     4000     3021     4979 11.2  8.5 13.9  89809  85787  93831                                        San Luis Obispo County                        CA est23all.txt 27NOV2024
06  81    52747    47763    57731  7.3  6.6  8.0     9726     7826    11626  7.1  5.7  8.5     7275     5764     8786  7.2  5.7  8.7 151004 147822 154186                                        San Mateo County                              CA est23all.txt 27NOV2024
06  83    62891    56668    69114 14.9 13.4 16.4    16281    13533    19029 17.0 14.1 19.9    12351    10262    14440 17.7 14.7 20.7  90155  86590  93720                                        Santa Barbara County                          CA est23all.txt 27NOV2024
06  85   139084   125533   152635  7.6  6.9  8.3    27203    22494    31912  7.4  6.1  8.7    19319    15651    22987  7.0  5.7  8.3 154573 151645 157501                                        Santa Clara County                            CA est23all.txt 27NOV2024
06  87    31840    27748    35932 12.6 11.0 14.2     6466     5069     7863 14.0 11.0 17.0     5013     3971     6055 14.3 11.3 17.3 102723  96853 108593                                        Santa Cruz County                             CA est23all.txt 27NOV2024
06  89    23527    19847    27207 13.2 11.1 15.3     6049     4415     7683 16.0 11.7 20.3     4147     2918     5376 14.5 10.2 18.8  71935  67289  76581                                        Shasta County                                 CA est23all.txt 27NOV2024
06  91      397      300      494 12.6  9.5 15.7       77       53      101 14.8 10.2 19.4       55       37       73 13.9  9.3 18.5  67675  58751  76599                                        Sierra County                                 CA est23all.txt 27NOV2024
06  93     7273     6093     8453 17.1 14.3 19.9     1796     1322     2270 21.6 15.9 27.3     1286      927     1645 20.0 14.4 25.6  58975  53910  64040                                        Siskiyou County                               CA est23all.txt 27NOV2024
06  95    45402    40249    50555 10.3  9.1 11.5    11313     8975    13651 11.8  9.4 14.2     7686     5797     9575 10.8  8.2 13.4  99117  95455 102779                                        Solano County                                 CA est23all.txt 27NOV2024
06  97    43143    37393    48893  9.1  7.9 10.3     8454     6218    10690  9.5  7.0 12.0     5696     3993     7399  8.6  6.0 11.2 100157  97064 103250                                        Sonoma County                                 CA est23all.txt 27NOV2024
06  99    68761    60352    77170 12.6 11.1 14.1    22898    18828    26968 15.9 13.1 18.7    15797    12433    19161 14.7 11.6 17.8  81582  78802  84362                                        Stanislaus County                             CA est23all.txt 27NOV2024
06 101    14849    12576    17122 15.3 13.0 17.6     4589     3550     5628 19.2 14.9 23.5     3165     2286     4044 17.6 12.7 22.5  71968  66402  77534                                        Sutter County                                 CA est23all.txt 27NOV2024
06 103     9633     7797    11469 15.0 12.1 17.9     3166     2330     4002 20.7 15.2 26.2     2101     1428     2774 18.4 12.5 24.3  58333  52122  64544                                        Tehama County                                 CA est23all.txt 27NOV2024
06 105     3223     2428     4018 20.8 15.7 25.9      787      537     1037 29.5 20.1 38.9      528      354      702 25.7 17.2 34.2  52079  45459  58699                                        Trinity County                                CA est23all.txt 27NOV2024
06 107    83050    74656    91444 17.5 15.7 19.3    32284    27930    36638 23.2 20.1 26.3    23506    20188    26824 22.3 19.1 25.5  71368  68543  74193                                        Tulare County                                 CA est23all.txt 27NOV2024
06 109     5390     4070     6710 10.5  7.9 13.1     1245      844     1646 13.6  9.2 18.0      911      607     1215 13.4  8.9 17.9  72329  64719  79939                                        Tuolumne County                               CA est23all.txt 27NOV2024
06 111    80427    70943    89911  9.8  8.6 11.0    22395    18781    26009 12.8 10.7 14.9    16243    13518    18968 12.3 10.2 14.4 106526 102615 110437                                        Ventura County                                CA est23all.txt 27NOV2024
06 113    31960    28389    35531 15.3 13.6 17.0     4936     3613     6259 11.6  8.5 14.7     3416     2339     4493 10.4  7.1 13.7  91192  86864  95520                                        Yolo County                                   CA est23all.txt 27NOV2024
06 115    12935    10637    15233 15.4 12.7 18.1     4572     3516     5628 20.0 15.4 24.6     3424     2630     4218 20.5 15.7 25.3  71493  65895  77091                                        Yuba County                                   CA est23all.txt 27NOV2024
08   0   538673   522400   554946  9.4  9.1  9.7   129751   120315   139187 10.9 10.1 11.7    92132    83350   100914 10.4  9.4 11.4  92790  91759  93821   33105   29119   37091 11.0  9.7 12.3 Colorado                                      CO est23all.txt 27NOV2024
08   1    51247    44842    57652  9.7  8.5 10.9    16342    13006    19678 12.8 10.2 15.4    11475     8943    14007 12.1  9.4 14.8  95278  91022  99534                                        Adams County                                  CO est23all.txt 27NOV2024
08   3     3416     2782     4050 21.7 17.7 25.7     1022      724     1320 26.0 18.4 33.6      744      518      970 25.3 17.6 33.0  50056  45381  54731                                        Alamosa County                                CO est23all.txt 27NOV2024
08   5    65646    58866    72426 10.1  9.1 11.1    18933    15906    21960 13.2 11.1 15.3    12245     9793    14697 11.5  9.2 13.8  97560  93728 101392                                        Arapahoe County                               CO est23all.txt 27NOV2024
08   7     1577     1200     1954 11.2  8.5 13.9      416      274      558 18.0 11.9 24.1      312      200      424 17.5 11.2 23.8  74432  67070  81794                                        Archuleta County                              CO est23all.txt 27NOV2024
08   9      665      524      806 20.2 15.9 24.5      218      153      283 29.1 20.4 37.8      161      113      209 28.1 19.7 36.5  47421  41348  53494                                        Baca County                                   CO est23all.txt 27NOV2024
08  11     1220      944     1496 28.6 22.1 35.1      244      164      324 27.4 18.4 36.4      173      111      235 25.9 16.7 35.1  44960  39088  50832                                        Bent County                                   CO est23all.txt 27NOV2024
08  13    34478    31252    37704 11.0 10.0 12.0     4271     3049     5493  7.8  5.6 10.0     3099     2125     4073  7.2  4.9  9.5  97170  90649 103691                                        Boulder County                                CO est23all.txt 27NOV2024
08  14     3912     3123     4701  5.1  4.1  6.1      768      508     1028  5.1  3.4  6.8      559      359      759  4.7  3.0  6.4 113162 106828 119496                                        Broomfield County                             CO est23all.txt 27NOV2024
08  15     1829     1391     2267  9.4  7.1 11.7      340      225      455 11.5  7.6 15.4      251      161      341 11.4  7.3 15.5  75298  67102  83494                                        Chaffee County                                CO est23all.txt 27NOV2024
08  17      226      171      281 13.3 10.1 16.5       82       54      110 19.6 13.0 26.2       60       38       82 18.5 11.8 25.2  63177  56297  70057                                        Cheyenne County                               CO est23all.txt 27NOV2024
08  19      704      527      881  7.7  5.7  9.7      135       89      181 11.3  7.5 15.1       95       61      129 10.7  6.9 14.5  94093  82715 105471                                        Clear Creek County                            CO est23all.txt 27NOV2024
08  21     1347     1032     1662 18.1 13.9 22.3      427      281      573 22.7 14.9 30.5      325      209      441 23.3 15.0 31.6  53174  47949  58399                                        Conejos County                                CO est23all.txt 27NOV2024
08  23      814      612     1016 22.6 17.0 28.2      246      162      330 37.2 24.5 49.9      184      117      251 38.8 24.8 52.8  38731  33679  43783                                        Costilla County                               CO est23all.txt 27NOV2024
08  25     1129      822     1436 37.5 27.3 47.7      194      128      260 31.8 21.0 42.6      141       90      192 29.9 19.1 40.7  46979  41585  52373                                        Crowley County                                CO est23all.txt 27NOV2024
08  27      652      504      800 11.8  9.1 14.5      185      124      246 22.3 15.0 29.6      138       91      185 23.2 15.2 31.2  77137  71788  82486                                        Custer County                                 CO est23all.txt 27NOV2024
08  29     4071     3142     5000 12.9 10.0 15.8     1051      702     1400 17.9 12.0 23.8      765      500     1030 17.2 11.2 23.2  57075  52865  61285                                        Delta County                                  CO est23all.txt 27NOV2024
08  31    73632    64758    82506 10.5  9.2 11.8    17526    13437    21615 14.1 10.8 17.4    12615     9504    15726 14.4 10.8 18.0  93572  90345  96799                                        Denver County                                 CO est23all.txt 27NOV2024
08  33      338      254      422 13.5 10.2 16.8       66       44       88 16.1 10.6 21.6       48       31       65 15.0  9.6 20.4  57701  50966  64436                                        Dolores County                                CO est23all.txt 27NOV2024
08  35    14173    11869    16477  3.7  3.1  4.3     2694     1952     3436  3.1  2.2  4.0     1859     1289     2429  2.8  1.9  3.7 144807 138448 151166                                        Douglas County                                CO est23all.txt 27NOV2024
08  37     3582     2746     4418  6.6  5.1  8.1      775      511     1039  7.3  4.8  9.8      542      349      735  6.7  4.3  9.1 110598  98831 122365                                        Eagle County                                  CO est23all.txt 27NOV2024
08  39     1671     1309     2033  5.8  4.5  7.1      420      286      554  7.0  4.8  9.2      298      195      401  6.4  4.2  8.6 123083 112871 133295                                        Elbert County                                 CO est23all.txt 27NOV2024
08  41    53047    46379    59715  7.3  6.4  8.2    14770    10956    18584  8.8  6.5 11.1    10705     7750    13660  8.8  6.4 11.2  88794  85296  92292                                        El Paso County                                CO est23all.txt 27NOV2024
08  43     7657     6372     8942 18.4 15.3 21.5     1552     1120     1984 20.3 14.6 26.0     1175      851     1499 20.5 14.8 26.2  61015  54902  67128                                        Fremont County                                CO est23all.txt 27NOV2024
08  45     5606     4499     6713  9.1  7.3 10.9     1559     1044     2074 10.5  7.0 14.0     1073      692     1454  9.8  6.3 13.3  94696  89099 100293                                        Garfield County                               CO est23all.txt 27NOV2024
08  47      425      322      528  7.2  5.5  8.9       73       48       98  9.7  6.4 13.0       41       25       57  7.3  4.5 10.1  88589  78869  98309                                        Gilpin County                                 CO est23all.txt 27NOV2024
08  49     1311     1044     1578  8.2  6.5  9.9      222      147      297  9.3  6.2 12.4      161      103      219  8.8  5.7 11.9  93257  88211  98303                                        Grand County                                  CO est23all.txt 27NOV2024
08  51     1741     1346     2136 10.7  8.3 13.1      242      160      324  9.1  6.0 12.2      168      108      228  8.4  5.4 11.4  79658  70450  88866                                        Gunnison County                               CO est23all.txt 27NOV2024
08  53       40       27       53  5.3  3.5  7.1       17       11       23 17.3 11.4 23.2       13        8       18 17.3 11.1 23.5  71541  62238  80844                                        Hinsdale County                               CO est23all.txt 27NOV2024
08  55     1270      951     1589 18.3 13.7 22.9      319      211      427 30.6 20.3 40.9      224      144      304 26.8 17.2 36.4  47855  42118  53592                                        Huerfano County                               CO est23all.txt 27NOV2024
08  57      174      131      217 13.3 10.0 16.6       37       24       50 15.7 10.3 21.1       27       17       37 15.3  9.8 20.8  96811  92745 100877                                        Jackson County                                CO est23all.txt 27NOV2024
08  59    42071    36891    47251  7.4  6.5  8.3     7633     5653     9613  7.5  5.6  9.4     5840     4372     7308  7.6  5.7  9.5 102146  99249 105043                                        Jefferson County                              CO est23all.txt 27NOV2024
08  61      184      139      229 13.6 10.3 16.9       59       39       79 18.2 12.1 24.3       42       27       57 17.7 11.4 24.0  55523  48473  62573                                        Kiowa County                                  CO est23all.txt 27NOV2024
08  63      849      646     1052 12.3  9.4 15.2      288      183      393 16.3 10.4 22.2      214      132      296 16.1 10.0 22.2  55304  48485  62123                                        Kit Carson County                             CO est23all.txt 27NOV2024
08  65      830      635     1025 11.4  8.7 14.1      239      158      320 16.3 10.8 21.8      166      107      225 15.7 10.1 21.3  86215  80625  91805                                        Lake County                                   CO est23all.txt 27NOV2024
08  67     6305     5220     7390 11.5  9.5 13.5     1229      902     1556 13.0  9.6 16.4      894      642     1146 12.3  8.8 15.8  83542  79096  87988                                        La Plata County                               CO est23all.txt 27NOV2024
08  69    36698    32741    40655 10.2  9.1 11.3     5078     3683     6473  7.7  5.6  9.8     3767     2721     4813  7.5  5.4  9.6  88519  84291  92747                                        Larimer County                                CO est23all.txt 27NOV2024
08  71     2370     1826     2914 17.1 13.2 21.0      594      387      801 23.9 15.6 32.2      437      276      598 23.4 14.8 32.0  52067  45898  58236                                        Las Animas County                             CO est23all.txt 27NOV2024
08  73      680      503      857 14.8 11.0 18.6      186      124      248 17.2 11.4 23.0      134       86      182 16.3 10.5 22.1  58034  50975  65093                                        Lincoln County                                CO est23all.txt 27NOV2024
08  75     2530     1961     3099 14.0 10.8 17.2      576      376      776 15.7 10.2 21.2      418      262      574 15.3  9.6 21.0  55415  49946  60884                                        Logan County                                  CO est23all.txt 27NOV2024
08  77    18546    15716    21376 11.9 10.1 13.7     4195     2974     5416 13.4  9.5 17.3     2855     1999     3711 12.1  8.5 15.7  66339  60146  72532                                        Mesa County                                   CO est23all.txt 27NOV2024
08  79       91       69      113  9.7  7.4 12.0       21       14       28 17.1 11.2 23.0       16       10       22 18.0 11.3 24.7  37108  35337  38879                                        Mineral County                                CO est23all.txt 27NOV2024
08  81     1419     1081     1757 10.8  8.2 13.4      446      296      596 13.9  9.2 18.6      296      190      402 12.0  7.7 16.3  73875  65783  81967                                        Moffat County                                 CO est23all.txt 27NOV2024
08  83     3664     2852     4476 14.0 10.9 17.1     1163      755     1571 21.5 14.0 29.0      830      526     1134 19.9 12.6 27.2  60809  56516  65102                                        Montezuma County                              CO est23all.txt 27NOV2024
08  85     4693     3737     5649 10.7  8.5 12.9     1241      799     1683 14.3  9.2 19.4      886      557     1215 13.4  8.4 18.4  67113  61126  73100                                        Montrose County                               CO est23all.txt 27NOV2024
08  87     3639     2854     4424 12.5  9.8 15.2     1136      785     1487 14.9 10.3 19.5      758      483     1033 13.5  8.6 18.4  68541  62233  74849                                        Morgan County                                 CO est23all.txt 27NOV2024
08  89     3581     2869     4293 20.1 16.1 24.1     1108      783     1433 27.0 19.1 34.9      765      508     1022 24.6 16.3 32.9  52169  46986  57352                                        Otero County                                  CO est23all.txt 27NOV2024
08  91      383      293      473  7.4  5.7  9.1       63       42       84  9.3  6.2 12.4       46       30       62  9.2  5.9 12.5  92760  83297 102223                                        Ouray County                                  CO est23all.txt 27NOV2024
08  93     1457     1100     1814  8.1  6.1 10.1      282      187      377 11.0  7.3 14.7      196      127      265 10.3  6.7 13.9 103720  94295 113145                                        Park County                                   CO est23all.txt 27NOV2024
08  95      532      407      657 12.1  9.3 14.9      179      120      238 16.2 10.9 21.5      131       86      176 15.8 10.3 21.3  59367  51877  66857                                        Phillips County                               CO est23all.txt 27NOV2024
08  97     1056      815     1297  6.4  4.9  7.9      126       84      168  5.3  3.5  7.1       90       58      122  5.1  3.3  6.9 109268  97313 121223                                        Pitkin County                                 CO est23all.txt 27NOV2024
08  99     2286     1807     2765 20.1 15.9 24.3      736      501      971 24.8 16.9 32.7      515      339      691 23.1 15.2 31.0  50365  43861  56869                                        Prowers County                                CO est23all.txt 27NOV2024
08 101    22336    18463    26209 13.5 11.2 15.8     6167     4341     7993 17.3 12.2 22.4     4487     3080     5894 16.6 11.4 21.8  63801  59879  67723                                        Pueblo County                                 CO est23all.txt 27NOV2024
08 103      688      523      853 10.8  8.2 13.4      171      113      229 11.4  7.6 15.2      122       78      166 10.2  6.6 13.8  72088  63882  80294                                        Rio Blanco County                             CO est23all.txt 27NOV2024
08 105     1965     1624     2306 17.8 14.7 20.9      548      411      685 24.5 18.3 30.7      441      330      552 26.5 19.9 33.1  55574  48765  62383                                        Rio Grande County                             CO est23all.txt 27NOV2024
08 107     1376     1022     1730  5.6  4.2  7.0      250      166      334  5.9  3.9  7.9      184      118      250  5.6  3.6  7.6 112377  99791 124963                                        Routt County                                  CO est23all.txt 27NOV2024
08 109     1370     1023     1717 20.6 15.4 25.8      381      245      517 30.3 19.5 41.1      254      158      350 27.0 16.8 37.2  47829  41746  53912                                        Saguache County                               CO est23all.txt 27NOV2024
08 111       98       74      122 12.3  9.3 15.3       18       12       24 20.0 13.2 26.8       14        9       19 21.9 14.0 29.8 102689  97967 107411                                        San Juan County                               CO est23all.txt 27NOV2024
08 113      618      461      775  7.9  5.9  9.9      101       67      135  8.3  5.5 11.1       75       48      102  8.0  5.1 10.9  94927  83922 105932                                        San Miguel County                             CO est23all.txt 27NOV2024
08 115      333      252      414 14.7 11.1 18.3      100       66      134 22.7 15.1 30.3       72       46       98 20.3 13.0 27.6  45999  40387  51611                                        Sedgwick County                               CO est23all.txt 27NOV2024
08 117     2209     1699     2719  7.3  5.6  9.0      338      226      450  7.2  4.8  9.6      224      146      302  6.4  4.2  8.6 105135  93366 116904                                        Summit County                                 CO est23all.txt 27NOV2024
08 119     2044     1573     2515  8.3  6.4 10.2      465      311      619 12.0  8.0 16.0      348      227      469 11.7  7.6 15.8  88089  78501  97677                                        Teller County                                 CO est23all.txt 27NOV2024
08 121      665      523      807 14.2 11.2 17.2      198      131      265 17.9 11.8 24.0      141       90      192 16.6 10.6 22.6  54255  47645  60865                                        Washington County                             CO est23all.txt 27NOV2024
08 123    32284    27033    37535  9.1  7.6 10.6     8850     6498    11202  9.9  7.3 12.5     6488     4700     8276  9.9  7.2 12.6  90675  86035  95315                                        Weld County                                   CO est23all.txt 27NOV2024
08 125     1225      924     1526 12.7  9.6 15.8      446      296      596 16.2 10.8 21.6      310      199      421 15.0  9.7 20.3  61870  54620  69120                                        Yuma County                                   CO est23all.txt 27NOV2024
09   0   359550   346716   372384 10.2  9.8 10.6    92619    86487    98751 13.0 12.1 13.9    66901    61217    72585 12.5 11.4 13.6  91477  90074  92880   23212   20900   25524 13.2 11.9 14.5 Connecticut                                   CT est23all.txt 27NOV2024
09 110    92788    84432   101144  9.8  8.9 10.7    22830    19171    26489 11.9 10.0 13.8    16948    13993    19903 11.8  9.7 13.9  90965  89354  92576                                        Capitol Planning Region                       CT est23all.txt 27NOV2024
09 120    36025    30716    41334 11.3  9.6 13.0     9758     7518    11998 13.8 10.6 17.0     7235     5448     9022 13.6 10.2 17.0  92858  88221  97495                                        Greater Bridgeport Planning Region            CT est23all.txt 27NOV2024
09 130    12171    10196    14146  7.1  5.9  8.3     2165     1574     2756  7.6  5.5  9.7     1567     1102     2032  7.3  5.1  9.5  99807  95001 104613                                        Lower Connecticut River Valley Planning Regio CT est23all.txt 27NOV2024
09 140    51210    45331    57089 11.4 10.1 12.7    15490    13028    17952 17.1 14.4 19.8    10712     8753    12671 15.9 13.0 18.8  81392  79196  83588                                        Naugatuck Valley Planning Region              CT est23all.txt 27NOV2024
09 150     7277     5728     8826  7.6  6.0  9.2     1803     1255     2351 10.5  7.3 13.7     1282      861     1703 10.0  6.7 13.3  88129  81645  94613                                        Northeastern Connecticut Planning Region      CT est23all.txt 27NOV2024
09 160     9386     7775    10997  8.4  7.0  9.8     1909     1353     2465  9.7  6.9 12.5     1313      869     1757  8.8  5.8 11.8  91206  85670  96742                                        Northwest Hills Planning Region               CT est23all.txt 27NOV2024
09 170    68099    60529    75669 12.5 11.1 13.9    17953    14895    21011 16.5 13.7 19.3    12989    10654    15324 16.1 13.2 19.0  80953  78177  83729                                        South Central Connecticut Planning Region     CT est23all.txt 27NOV2024
09 180    33460    29742    37178 12.4 11.0 13.8     8625     7126    10124 16.5 13.6 19.4     6215     5098     7332 15.9 13.0 18.8  82733  78975  86491                                        Southeastern Connecticut Planning Region      CT est23all.txt 27NOV2024
09 190    49135    43885    54385  8.0  7.1  8.9    12086    10112    14060  9.1  7.6 10.6     8640     7062    10218  8.6  7.0 10.2 121285 116391 126179                                        Western Connecticut Planning Region           CT est23all.txt 27NOV2024
10   0   109203   103844   114562 10.8 10.3 11.3    32159    29469    34849 15.4 14.1 16.7    22630    20149    25111 14.7 13.1 16.3  81615  80048  83182    8737    7696    9778 16.5 14.5 18.5 Delaware                                      DE est23all.txt 27NOV2024
10   1    21471    17913    25029 11.7  9.8 13.6     6854     5148     8560 16.2 12.2 20.2     4944     3654     6234 15.7 11.6 19.8  72498  67331  77665                                        Kent County                                   DE est23all.txt 27NOV2024
10   3    61487    55848    67126 10.9  9.9 11.9    17520    14890    20150 14.6 12.4 16.8    12309    10273    14345 13.8 11.5 16.1  86798  83802  89794                                        New Castle County                             DE est23all.txt 27NOV2024
10   5    26244    22382    30106 10.1  8.6 11.6     7786     5973     9599 17.1 13.1 21.1     5377     3996     6758 16.0 11.9 20.1  78092  74172  82012                                        Sussex County                                 DE est23all.txt 27NOV2024
11   0    98811    91948   105674 15.2 14.1 16.3    25956    21852    30060 20.7 17.4 24.0    17387    13544    21230 19.9 15.5 24.3 104643 100688 108598    8006    6955    9057 21.3 18.5 24.1 District of Columbia                          DC est23all.txt 27NOV2024
11   1    98811    91948   105674 15.2 14.1 16.3    25956    21852    30060 20.7 17.4 24.0    17387    13544    21230 19.9 15.5 24.3 104643 100688 108598                                        District of Columbia                          DC est23all.txt 27NOV2024
12   0  2741486  2696849  2786123 12.4 12.2 12.6   689967   663989   715945 16.0 15.4 16.6   490285   465979   514591 15.3 14.5 16.1  73283  72710  73856  184927  175337  194517 16.9 16.0 17.8 Florida                                       FL est23all.txt 27NOV2024
12   1    49524    43744    55304 18.5 16.3 20.7     8747     6475    11019 17.5 12.9 22.1     6304     4593     8015 17.1 12.4 21.8  61843  57378  66308                                        Alachua County                                FL est23all.txt 27NOV2024
12   3     3328     2495     4161 12.5  9.4 15.6     1337      914     1760 19.3 13.2 25.4      967      640     1294 18.9 12.5 25.3  69399  62443  76355                                        Baker County                                  FL est23all.txt 27NOV2024
12   5    22023    18498    25548 11.8  9.9 13.7     6157     4413     7901 15.6 11.2 20.0     4342     2921     5763 15.0 10.1 19.9  70859  67718  74000                                        Bay County                                    FL est23all.txt 27NOV2024
12   7     3871     2970     4772 15.4 11.8 19.0     1273      862     1684 22.0 14.9 29.1      878      562     1194 20.6 13.2 28.0  59468  53234  65702                                        Bradford County                               FL est23all.txt 27NOV2024
12   9    65640    56754    74526 10.3  8.9 11.7    16998    13152    20844 15.0 11.6 18.4    12391     9362    15420 14.4 10.9 17.9  77961  74857  81065                                        Brevard County                                FL est23all.txt 27NOV2024
12  11   247799   229020   266578 12.7 11.7 13.7    63080    53585    72575 15.9 13.5 18.3    43661    35576    51746 14.8 12.1 17.5  74367  72591  76143                                        Broward County                                FL est23all.txt 27NOV2024
12  13     2713     2193     3233 22.9 18.5 27.3      711      490      932 26.7 18.4 35.0      501      331      671 24.9 16.4 33.4  47523  42034  53012                                        Calhoun County                                FL est23all.txt 27NOV2024
12  15    18491    15528    21454  9.1  7.6 10.6     3197     2193     4201 13.5  9.3 17.7     2298     1505     3091 12.6  8.3 16.9  71381  67559  75203                                        Charlotte County                              FL est23all.txt 27NOV2024
12  17    25675    22128    29222 15.7 13.5 17.9     5092     3725     6459 21.3 15.6 27.0     3616     2538     4694 19.9 14.0 25.8  54447  51190  57704                                        Citrus County                                 FL est23all.txt 27NOV2024
12  19    18198    14977    21419  7.9  6.5  9.3     5453     3895     7011 10.5  7.5 13.5     3973     2755     5191  9.9  6.9 12.9  82249  77320  87178                                        Clay County                                   FL est23all.txt 27NOV2024
12  21    41998    37998    45998 10.5  9.5 11.5    10001     8160    11842 15.7 12.8 18.6     7961     6563     9359 16.8 13.9 19.7  91402  86283  96521                                        Collier County                                FL est23all.txt 27NOV2024
12  23    11715     9398    14032 17.0 13.6 20.4     3428     2391     4465 21.8 15.2 28.4     2437     1641     3233 20.6 13.9 27.3  58949  53525  64373                                        Columbia County                               FL est23all.txt 27NOV2024
12  27     6254     4792     7716 18.8 14.4 23.2     1657     1123     2191 26.2 17.7 34.7     1206      791     1621 27.0 17.7 36.3  54288  49080  59496                                        DeSoto County                                 FL est23all.txt 27NOV2024
12  29     3748     2941     4555 23.7 18.6 28.8     1021      733     1309 32.7 23.5 41.9      737      517      957 31.7 22.3 41.1  50966  45010  56922                                        Dixie County                                  FL est23all.txt 27NOV2024
12  31   146043   134857   157229 14.5 13.4 15.6    41811    35553    48069 18.5 15.7 21.3    29086    23987    34185 17.8 14.7 20.9  69455  66883  72027                                        Duval County                                  FL est23all.txt 27NOV2024
12  33    43284    35588    50980 14.0 11.5 16.5    14058    10576    17540 21.0 15.8 26.2    10116     7522    12710 20.8 15.5 26.1  70838  68009  73667                                        Escambia County                               FL est23all.txt 27NOV2024
12  35    11598     9360    13836  8.9  7.2 10.6     3006     2064     3948 14.6 10.0 19.2     2172     1446     2898 13.7  9.1 18.3  74753  68486  81020                                        Flagler County                                FL est23all.txt 27NOV2024
12  37     1890     1430     2350 16.6 12.6 20.6      505      337      673 27.4 18.3 36.5      353      228      478 25.7 16.6 34.8  55816  48938  62694                                        Franklin County                               FL est23all.txt 27NOV2024
12  39     9149     7556    10742 21.5 17.8 25.2     2867     2028     3706 30.2 21.4 39.0     2074     1432     2716 29.2 20.2 38.2  51288  46765  55811                                        Gadsden County                                FL est23all.txt 27NOV2024
12  41     2503     1937     3069 13.5 10.4 16.6      788      534     1042 19.2 13.0 25.4      574      376      772 19.0 12.5 25.5  56884  49780  63988                                        Gilchrist County                              FL est23all.txt 27NOV2024
12  43     1879     1412     2346 16.9 12.7 21.1      378      258      498 23.3 15.9 30.7      278      183      373 22.1 14.5 29.7  55240  48070  62410                                        Glades County                                 FL est23all.txt 27NOV2024
12  45     2065     1563     2567 14.9 11.3 18.5      555      375      735 22.1 14.9 29.3      419      277      561 21.5 14.2 28.8  66806  61921  71691                                        Gulf County                                   FL est23all.txt 27NOV2024
12  47     2603     1972     3234 21.9 16.6 27.2      883      597     1169 32.2 21.8 42.6      636      419      853 32.8 21.6 44.0  49260  43667  54853                                        Hamilton County                               FL est23all.txt 27NOV2024
12  49     4902     3770     6034 20.5 15.8 25.2     1491     1019     1963 23.5 16.1 30.9     1096      737     1455 23.6 15.9 31.3  53913  48072  59754                                        Hardee County                                 FL est23all.txt 27NOV2024
12  51     9445     7904    10986 22.1 18.5 25.7     2754     1983     3525 25.8 18.6 33.0     2038     1449     2627 26.0 18.5 33.5  54619  48596  60642                                        Hendry County                                 FL est23all.txt 27NOV2024
12  53    25371    21194    29548 12.1 10.1 14.1     6085     4373     7797 15.7 11.3 20.1     4336     3017     5655 14.6 10.2 19.0  64092  61519  66665                                        Hernando County                               FL est23all.txt 27NOV2024
12  55    19796    17049    22543 18.6 16.0 21.2     4801     3667     5935 27.4 20.9 33.9     3601     2741     4461 27.1 20.6 33.6  51495  47690  55300                                        Highlands County                              FL est23all.txt 27NOV2024
12  57   198734   184134   213334 13.2 12.2 14.2    47513    39243    55783 14.7 12.1 17.3    34179    27592    40766 14.3 11.5 17.1  76528  74402  78654                                        Hillsborough County                           FL est23all.txt 27NOV2024
12  59     3324     2491     4157 18.2 13.6 22.8     1093      739     1447 27.3 18.5 36.1      795      522     1068 27.2 17.9 36.5  51582  45958  57206                                        Holmes County                                 FL est23all.txt 27NOV2024
12  61    19049    16321    21777 11.3  9.7 12.9     4266     3192     5340 17.2 12.9 21.5     2721     1904     3538 14.7 10.3 19.1  73686  69970  77402                                        Indian River County                           FL est23all.txt 27NOV2024
12  63     8618     7144    10092 20.6 17.1 24.1     2426     1804     3048 26.7 19.9 33.5     1710     1228     2192 25.7 18.5 32.9  50923  45563  56283                                        Jackson County                                FL est23all.txt 27NOV2024
12  65     3333     2888     3778 23.5 20.4 26.6     1125      980     1270 43.3 37.7 48.9      495      352      638 25.5 18.1 32.9  59967  52518  67416                                        Jefferson County                              FL est23all.txt 27NOV2024
12  67     1344     1032     1656 18.9 14.5 23.3      402      275      529 25.9 17.7 34.1      275      180      370 23.4 15.3 31.5  58096  51391  64801                                        Lafayette County                              FL est23all.txt 27NOV2024
12  69    44765    39517    50013 10.7  9.4 12.0    10227     7364    13090 12.9  9.3 16.5     7612     5367     9857 12.8  9.0 16.6  70784  67805  73763                                        Lake County                                   FL est23all.txt 27NOV2024
12  71    99505    90370   108640 12.1 11.0 13.2    24123    20074    28172 17.3 14.4 20.2    16661    13578    19744 16.2 13.2 19.2  71811  69745  73877                                        Lee County                                    FL est23all.txt 27NOV2024
12  73    49251    44086    54416 17.6 15.8 19.4    10078     7678    12478 18.8 14.3 23.3     7107     5254     8960 17.9 13.2 22.6  66063  62514  69612                                        Leon County                                   FL est23all.txt 27NOV2024
12  75     8441     6981     9901 18.3 15.1 21.5     2191     1515     2867 24.8 17.2 32.4     1584     1063     2105 23.6 15.8 31.4  53214  50636  55792                                        Levy County                                   FL est23all.txt 27NOV2024
12  77     1292      987     1597 20.8 15.9 25.7      343      237      449 26.0 18.0 34.0      256      173      339 26.6 17.9 35.3  51523  45232  57814                                        Liberty County                                FL est23all.txt 27NOV2024
12  79     3371     2586     4156 19.8 15.2 24.4      930      629     1231 27.5 18.6 36.4      688      452      924 27.8 18.3 37.3  52713  47536  57890                                        Madison County                                FL est23all.txt 27NOV2024
12  81    45410    40489    50331 10.4  9.3 11.5     9768     7476    12060 13.1 10.0 16.2     7060     5199     8921 12.7  9.4 16.0  79213  76523  81903                                        Manatee County                                FL est23all.txt 27NOV2024
12  83    60125    54028    66222 15.0 13.5 16.5    18507    15742    21272 24.6 20.9 28.3    12669    10440    14898 22.5 18.5 26.5  58584  55835  61333                                        Marion County                                 FL est23all.txt 27NOV2024
12  85    20806    18549    23063 13.1 11.7 14.5     4338     3514     5162 17.0 13.8 20.2     3015     2345     3685 15.6 12.1 19.1  76430  71696  81164                                        Martin County                                 FL est23all.txt 27NOV2024
12  86   372520   350036   395004 14.1 13.3 14.9    89687    78524   100850 17.1 15.0 19.2    63027    54093    71961 16.5 14.2 18.8  72030  70790  73270                                        Miami-Dade County                             FL est23all.txt 27NOV2024
12  87     7992     6315     9669 10.0  7.9 12.1     1753     1196     2310 14.3  9.8 18.8     1294      860     1728 14.6  9.7 19.5  85639  78363  92915                                        Monroe County                                 FL est23all.txt 27NOV2024
12  89     9524     8098    10950  9.5  8.1 10.9     2518     1989     3047 13.1 10.3 15.9     1678     1261     2095 11.5  8.6 14.4  92766  83794 101738                                        Nassau County                                 FL est23all.txt 27NOV2024
12  91    21517    18108    24926 10.1  8.5 11.7     6545     5006     8084 13.6 10.4 16.8     4381     3212     5550 12.4  9.1 15.7  81990  78741  85239                                        Okaloosa County                               FL est23all.txt 27NOV2024
12  93     6649     5255     8043 17.0 13.4 20.6     2106     1486     2726 24.4 17.2 31.6     1472     1005     1939 24.2 16.5 31.9  54297  48179  60415                                        Okeechobee County                             FL est23all.txt 27NOV2024
12  95   177726   163512   191940 12.4 11.4 13.4    46398    38378    54418 15.2 12.6 17.8    33520    26934    40106 14.8 11.9 17.7  78487  76119  80855                                        Orange County                                 FL est23all.txt 27NOV2024
12  97    47450    39893    55007 10.9  9.2 12.6    14481    10498    18464 14.2 10.3 18.1    10958     7813    14103 14.2 10.1 18.3  76416  73354  79478                                        Osceola County                                FL est23all.txt 27NOV2024
12  99   163357   148066   178648 10.8  9.8 11.8    41011    33637    48385 14.6 12.0 17.2    27735    22144    33326 13.3 10.6 16.0  84789  82302  87276                                        Palm Beach County                             FL est23all.txt 27NOV2024
12 101    65506    57561    73451 10.5  9.2 11.8    15527    11697    19357 12.3  9.3 15.3    11185     8163    14207 11.7  8.5 14.9  72065  69649  74481                                        Pasco County                                  FL est23all.txt 27NOV2024
12 103   106728    96046   117410 11.3 10.2 12.4    21886    17273    26499 15.3 12.1 18.5    16167    12650    19684 15.2 11.9 18.5  70684  69047  72321                                        Pinellas County                               FL est23all.txt 27NOV2024
12 105   103623    91735   115511 13.0 11.5 14.5    31906    25636    38176 18.1 14.6 21.6    23848    19027    28669 18.2 14.5 21.9  66709  64912  68506                                        Polk County                                   FL est23all.txt 27NOV2024
12 107    15749    13223    18275 21.1 17.7 24.5     4383     3238     5528 28.0 20.7 35.3     3229     2278     4180 27.8 19.6 36.0  51585  48329  54841                                        Putnam County                                 FL est23all.txt 27NOV2024
12 109    19245    16378    22112  6.1  5.2  7.0     3952     2769     5135  5.8  4.0  7.6     2956     2020     3892  5.5  3.8  7.2 106281 100900 111662                                        St. Johns County                              FL est23all.txt 27NOV2024
12 111    38539    31906    45172 10.4  8.6 12.2     8795     5698    11892 12.2  7.9 16.5     6154     3788     8520 11.4  7.0 15.8  66876  63951  69801                                        St. Lucie County                              FL est23all.txt 27NOV2024
12 113    15981    12636    19326  8.1  6.4  9.8     3763     2425     5101  8.6  5.5 11.7     2699     1639     3759  8.1  4.9 11.3  87581  84800  90362                                        Santa Rosa County                             FL est23all.txt 27NOV2024
12 115    43818    38109    49527  9.5  8.3 10.7     8569     6402    10736 13.4 10.0 16.8     6120     4402     7838 12.5  9.0 16.0  78218  74166  82270                                        Sarasota County                               FL est23all.txt 27NOV2024
12 117    44094    38041    50147  9.2  7.9 10.5    10299     7834    12764 10.6  8.1 13.1     7323     5335     9311  9.9  7.2 12.6  80698  76516  84880                                        Seminole County                               FL est23all.txt 27NOV2024
12 119    13827    11532    16122  9.7  8.1 11.3     2686     2056     3316 25.2 19.3 31.1     1677     1131     2223 21.4 14.4 28.4  79334  72497  86171                                        Sumter County                                 FL est23all.txt 27NOV2024
12 121     7501     5842     9160 17.3 13.5 21.1     2304     1564     3044 24.7 16.8 32.6     1675     1107     2243 24.1 15.9 32.3  56009  50826  61192                                        Suwannee County                               FL est23all.txt 27NOV2024
12 123     3934     3091     4777 19.7 15.5 23.9     1129      766     1492 25.3 17.2 33.4      800      520     1080 24.4 15.8 33.0  50556  44021  57091                                        Taylor County                                 FL est23all.txt 27NOV2024
12 125     2251     1739     2763 19.4 15.0 23.8      691      487      895 20.5 14.5 26.5      473      315      631 18.4 12.3 24.5  60843  54473  67213                                        Union County                                  FL est23all.txt 27NOV2024
12 127    68507    61309    75705 11.9 10.6 13.2    19366    16099    22633 19.3 16.0 22.6    13612    10803    16421 18.2 14.4 22.0  66111  63701  68521                                        Volusia County                                FL est23all.txt 27NOV2024
12 129     3501     2654     4348 10.4  7.9 12.9     1059      721     1397 14.2  9.7 18.7      764      502     1026 13.6  8.9 18.3  72916  65957  79875                                        Wakulla County                                FL est23all.txt 27NOV2024
12 131     9126     7649    10603 10.9  9.1 12.7     2437     1746     3128 13.9 10.0 17.8     1744     1213     2275 13.4  9.3 17.5  82259  74238  90280                                        Walton County                                 FL est23all.txt 27NOV2024
12 133     3946     3056     4836 16.8 13.0 20.6     1252      871     1633 24.7 17.2 32.2      916      628     1204 24.4 16.7 32.1  54678  48752  60604                                        Washington County                             FL est23all.txt 27NOV2024
13   0  1477354  1447988  1506720 13.7 13.4 14.0   469680   452784   486576 18.8 18.1 19.5   336537   321803   351271 18.0 17.2 18.8  74521  73701  75341  123211  116194  130228 19.9 18.8 21.0 Georgia                                       GA est23all.txt 27NOV2024
13   1     3811     3100     4522 21.1 17.2 25.0     1483     1139     1827 33.5 25.7 41.3     1113      853     1373 33.2 25.4 41.0  51054  45107  57001                                        Appling County                                GA est23all.txt 27NOV2024
13   3     1850     1426     2274 22.4 17.3 27.5      701      483      919 34.3 23.6 45.0      488      328      648 33.7 22.6 44.8  44890  40355  49425                                        Atkinson County                               GA est23all.txt 27NOV2024
13   5     2446     1947     2945 22.9 18.2 27.6      855      612     1098 31.1 22.2 40.0      608      431      785 29.8 21.1 38.5  48915  42747  55083                                        Bacon County                                  GA est23all.txt 27NOV2024
13   7      717      559      875 26.2 20.4 32.0      192      130      254 39.1 26.5 51.7      145       95      195 39.8 26.2 53.4  47850  41549  54151                                        Baker County                                  GA est23all.txt 27NOV2024
13   9     8231     6579     9883 21.4 17.1 25.7     2297     1603     2991 29.2 20.4 38.0     1600     1072     2128 27.1 18.2 36.0  51206  44861  57551                                        Baldwin County                                GA est23all.txt 27NOV2024
13  11     2400     1867     2933 12.2  9.5 14.9      693      479      907 16.6 11.5 21.7      482      320      644 16.0 10.6 21.4  70067  61978  78156                                        Banks County                                  GA est23all.txt 27NOV2024
13  13    10351     8748    11954 11.2  9.5 12.9     3526     2738     4314 15.5 12.0 19.0     2463     1855     3071 14.7 11.1 18.3  72075  64911  79239                                        Barrow County                                 GA est23all.txt 27NOV2024
13  15    11004     8607    13401  9.7  7.6 11.8     3472     2240     4704 13.4  8.7 18.1     2576     1639     3513 13.4  8.5 18.3  78771  73834  83708                                        Bartow County                                 GA est23all.txt 27NOV2024
13  17     4096     3274     4918 24.4 19.5 29.3     1454     1049     1859 35.2 25.4 45.0     1060      761     1359 34.3 24.6 44.0  40325  36345  44305                                        Ben Hill County                               GA est23all.txt 27NOV2024
13  19     3458     2720     4196 18.8 14.8 22.8     1184      854     1514 27.9 20.1 35.7      851      594     1108 27.1 18.9 35.3  50581  44222  56940                                        Berrien County                                GA est23all.txt 27NOV2024
13  21    33515    29133    37897 22.1 19.2 25.0    12012     9698    14326 32.0 25.8 38.2     8715     6900    10530 31.6 25.0 38.2  51569  47415  55723                                        Bibb County                                   GA est23all.txt 27NOV2024
13  23     2111     1642     2580 18.2 14.2 22.2      674      465      883 26.8 18.5 35.1      506      342      670 27.0 18.2 35.8  58877  51571  66183                                        Bleckley County                               GA est23all.txt 27NOV2024
13  25     3246     2544     3948 17.8 14.0 21.6     1069      754     1384 25.8 18.2 33.4      799      561     1037 25.8 18.1 33.5  57325  51414  63236                                        Brantley County                               GA est23all.txt 27NOV2024
13  27     3642     2838     4446 22.8 17.8 27.8     1171      822     1520 35.5 24.9 46.1      831      562     1100 34.1 23.1 45.1  46796  40954  52638                                        Brooks County                                 GA est23all.txt 27NOV2024
13  29     4055     3123     4987  8.2  6.3 10.1     1320      908     1732  9.4  6.5 12.3      948      639     1257  8.9  6.0 11.8  97746  89168 106324                                        Bryan County                                  GA est23all.txt 27NOV2024
13  31    18529    16220    20838 23.7 20.8 26.6     3770     2756     4784 22.7 16.6 28.8     2544     1755     3333 20.9 14.4 27.4  54787  50829  58745                                        Bulloch County                                GA est23all.txt 27NOV2024
13  33     5114     3924     6304 21.2 16.3 26.1     1815     1240     2390 31.0 21.2 40.8     1291      848     1734 29.2 19.2 39.2  51388  45962  56814                                        Burke County                                  GA est23all.txt 27NOV2024
13  35     3700     2873     4527 15.5 12.0 19.0     1102      746     1458 20.4 13.8 27.0      815      538     1092 20.4 13.5 27.3  59622  53015  66229                                        Butts County                                  GA est23all.txt 27NOV2024
13  37     1338     1014     1662 35.5 26.9 44.1      325      223      427 40.3 27.6 53.0      243      160      326 40.8 26.9 54.7  41260  36052  46468                                        Calhoun County                                GA est23all.txt 27NOV2024
13  39     6459     5283     7635 11.6  9.5 13.7     1951     1397     2505 14.3 10.3 18.3     1482     1067     1897 14.9 10.7 19.1  72185  66499  77871                                        Camden County                                 GA est23all.txt 27NOV2024
13  43     2311     1795     2827 21.5 16.7 26.3      900      642     1158 31.4 22.4 40.4      657      462      852 30.3 21.3 39.3  49332  44498  54166                                        Candler County                                GA est23all.txt 27NOV2024
13  45    17710    14420    21000 14.3 11.6 17.0     5310     3754     6866 18.0 12.7 23.3     3777     2605     4949 17.3 11.9 22.7  71083  65986  76180                                        Carroll County                                GA est23all.txt 27NOV2024
13  47     7314     5785     8843 10.7  8.5 12.9     2167     1571     2763 14.8 10.7 18.9     1603     1149     2057 14.3 10.3 18.3  70315  62334  78296                                        Catoosa County                                GA est23all.txt 27NOV2024
13  49     2727     2165     3289 26.2 20.8 31.6      656      464      848 29.4 20.8 38.0      442      293      591 26.5 17.6 35.4  52191  45714  58668                                        Charlton County                               GA est23all.txt 27NOV2024
13  51    44111    37889    50333 15.2 13.1 17.3    13244    10198    16290 21.8 16.8 26.8     9123     6842    11404 20.8 15.6 26.0  70556  67825  73287                                        Chatham County                                GA est23all.txt 27NOV2024
13  53     1067      810     1324 16.3 12.4 20.2      324      219      429 16.7 11.3 22.1      227      149      305 18.4 12.1 24.7  57550  50573  64527                                        Chattahoochee County                          GA est23all.txt 27NOV2024
13  55     4958     4023     5893 20.7 16.8 24.6     1581     1195     1967 29.3 22.1 36.5     1148      858     1438 28.4 21.2 35.6  51225  45321  57129                                        Chattooga County                              GA est23all.txt 27NOV2024
13  57    18708    15566    21850  6.6  5.5  7.7     4627     3234     6020  7.4  5.2  9.6     3142     2090     4194  6.6  4.4  8.8 104220 100237 108203                                        Cherokee County                               GA est23all.txt 27NOV2024
13  59    28637    25317    31957 24.1 21.3 26.9     5261     3973     6549 24.8 18.7 30.9     3709     2763     4655 24.5 18.3 30.7  54550  50387  58713                                        Clarke County                                 GA est23all.txt 27NOV2024
13  61      736      567      905 26.4 20.3 32.5      217      144      290 39.0 25.8 52.2      161      104      218 38.9 25.1 52.7  37858  32952  42764                                        Clay County                                   GA est23all.txt 27NOV2024
13  63    50474    42778    58170 17.3 14.7 19.9    20567    15975    25159 26.6 20.7 32.5    15129    11759    18499 26.1 20.3 31.9  57974  54222  61726                                        Clayton County                                GA est23all.txt 27NOV2024
13  65     1552     1250     1854 23.3 18.8 27.8      478      320      636 28.4 19.0 37.8      344      225      463 28.4 18.6 38.2  45718  39957  51479                                        Clinch County                                 GA est23all.txt 27NOV2024
13  67    67115    59010    75220  8.8  7.7  9.9    20620    16618    24622 12.1  9.8 14.4    14728    11622    17834 11.5  9.1 13.9  99134  96611 101657                                        Cobb County                                   GA est23all.txt 27NOV2024
13  69     9093     7353    10833 22.5 18.2 26.8     3196     2336     4056 30.3 22.2 38.4     2354     1691     3017 30.6 22.0 39.2  49804  44496  55112                                        Coffee County                                 GA est23all.txt 27NOV2024
13  71    10601     9158    12044 23.4 20.2 26.6     4110     3515     4705 35.4 30.3 40.5     2763     2238     3288 32.6 26.4 38.8  47821  43830  51812                                        Colquitt County                               GA est23all.txt 27NOV2024
13  73    11211     9077    13345  6.8  5.5  8.1     3264     2261     4267  8.1  5.6 10.6     2364     1586     3142  7.7  5.2 10.2  97031  90845 103217                                        Columbia County                               GA est23all.txt 27NOV2024
13  75     3469     2719     4219 19.9 15.6 24.2     1280      851     1709 29.0 19.3 38.7      930      605     1255 27.9 18.1 37.7  50258  44583  55933                                        Cook County                                   GA est23all.txt 27NOV2024
13  77    15250    12756    17744  9.9  8.3 11.5     4313     3165     5461 12.3  9.0 15.6     3160     2254     4066 11.9  8.5 15.3  93326  85689 100963                                        Coweta County                                 GA est23all.txt 27NOV2024
13  79     1925     1456     2394 15.8 11.9 19.7      599      410      788 24.7 16.9 32.5      425      278      572 22.6 14.8 30.4  61519  55151  67887                                        Crawford County                               GA est23all.txt 27NOV2024
13  81     4981     3951     6011 26.0 20.6 31.4     1778     1268     2288 39.7 28.3 51.1     1235      833     1637 37.0 25.0 49.0  43174  37590  48758                                        Crisp County                                  GA est23all.txt 27NOV2024
13  83     2209     1763     2655 14.1 11.2 17.0      508      365      651 16.4 11.8 21.0      374      262      486 15.8 11.1 20.5  58644  51738  65550                                        Dade County                                   GA est23all.txt 27NOV2024
13  85     2534     1967     3101  8.0  6.2  9.8      730      496      964 11.6  7.9 15.3      543      361      725 11.9  7.9 15.9  89330  80124  98536                                        Dawson County                                 GA est23all.txt 27NOV2024
13  87     6274     4927     7621 22.3 17.5 27.1     2108     1431     2785 30.5 20.7 40.3     1531     1015     2047 30.0 19.9 40.1  50452  44810  56094                                        Decatur County                                GA est23all.txt 27NOV2024
13  89   100015    88146   111884 13.3 11.7 14.9    30598    24465    36731 18.2 14.5 21.9    22125    17074    27176 18.4 14.2 22.6  77722  74973  80471                                        DeKalb County                                 GA est23all.txt 27NOV2024
13  91     4221     3417     5025 23.5 19.0 28.0     1053      740     1366 29.8 20.9 38.7      740      496      984 28.2 18.9 37.5  46462  41266  51658                                        Dodge County                                  GA est23all.txt 27NOV2024
13  93     2068     1489     2647 22.5 16.2 28.8      522      345      699 31.6 20.9 42.3      399      258      540 33.4 21.6 45.2  50396  45339  55453                                        Dooly County                                  GA est23all.txt 27NOV2024
13  95    21140    17967    24313 26.4 22.4 30.4     7273     5556     8990 36.9 28.2 45.6     5163     3742     6584 36.3 26.3 46.3  45863  42699  49027                                        Dougherty County                              GA est23all.txt 27NOV2024
13  97    17596    14493    20699 11.9  9.8 14.0     6612     4863     8361 17.9 13.2 22.6     4811     3446     6176 17.0 12.2 21.8  79672  74947  84397                                        Douglas County                                GA est23all.txt 27NOV2024
13  99     2642     2088     3196 25.5 20.2 30.8      976      695     1257 38.3 27.3 49.3      711      495      927 36.8 25.6 48.0  43444  38235  48653                                        Early County                                  GA est23all.txt 27NOV2024
13 101      796      604      988 21.6 16.4 26.8      300      204      396 31.6 21.5 41.7      213      140      286 30.5 20.0 41.0  50311  44554  56068                                        Echols County                                 GA est23all.txt 27NOV2024
13 103     6032     4733     7331  8.5  6.7 10.3     1927     1318     2536 10.4  7.1 13.7     1454      991     1917 10.4  7.1 13.7  83900  76960  90840                                        Effingham County                              GA est23all.txt 27NOV2024
13 105     3558     2759     4357 18.0 14.0 22.0     1165      798     1532 26.5 18.1 34.9      854      566     1142 25.9 17.2 34.6  50367  44390  56344                                        Elbert County                                 GA est23all.txt 27NOV2024
13 107     5657     4609     6705 26.1 21.3 30.9     1914     1431     2397 34.3 25.6 43.0     1391     1021     1761 33.7 24.7 42.7  46017  40943  51091                                        Emanuel County                                GA est23all.txt 27NOV2024
13 109     2399     1880     2918 23.7 18.6 28.8      894      629     1159 34.6 24.3 44.9      588      387      789 29.5 19.4 39.6  50831  48491  53171                                        Evans County                                  GA est23all.txt 27NOV2024
13 111     3594     2829     4359 13.9 10.9 16.9      917      649     1185 23.2 16.4 30.0      672      466      878 22.3 15.4 29.2  60037  53965  66109                                        Fannin County                                 GA est23all.txt 27NOV2024
13 113     7065     5464     8666  5.8  4.5  7.1     2189     1511     2867  8.1  5.6 10.6     1618     1083     2153  7.4  5.0  9.8 108579 101053 116105                                        Fayette County                                GA est23all.txt 27NOV2024
13 115    16361    13742    18980 17.0 14.3 19.7     5853     4670     7036 26.4 21.1 31.7     4152     3221     5083 25.1 19.5 30.7  61058  56298  65818                                        Floyd County                                  GA est23all.txt 27NOV2024
13 117    13783    11477    16089  5.1  4.2  6.0     3586     2759     4413  5.3  4.1  6.5     2537     1891     3183  4.7  3.5  5.9 136347 129679 143015                                        Forsyth County                                GA est23all.txt 27NOV2024
13 119     4050     3286     4814 16.9 13.7 20.1     1280      931     1629 23.8 17.3 30.3      912      636     1188 23.2 16.2 30.2  53221  48373  58069                                        Franklin County                               GA est23all.txt 27NOV2024
13 121   136621   123199   150043 13.0 11.7 14.3    37304    29997    44611 17.0 13.7 20.3    26010    20545    31475 15.9 12.5 19.3  94510  91424  97596                                        Fulton County                                 GA est23all.txt 27NOV2024
13 123     4439     3503     5375 13.6 10.7 16.5     1235      852     1618 21.3 14.7 27.9      896      609     1183 20.9 14.2 27.6  62317  56105  68529                                        Gilmer County                                 GA est23all.txt 27NOV2024
13 125      453      346      560 15.7 12.0 19.4      127       86      168 20.3 13.8 26.8       90       59      121 18.9 12.4 25.4  54862  47692  62032                                        Glascock County                               GA est23all.txt 27NOV2024
13 127    13245    11019    15471 15.7 13.1 18.3     3820     2757     4883 22.0 15.9 28.1     2900     2074     3726 22.4 16.0 28.8  70067  63751  76383                                        Glynn County                                  GA est23all.txt 27NOV2024
13 129     7593     6114     9072 12.9 10.4 15.4     2208     1571     2845 16.5 11.7 21.3     1612     1110     2114 16.0 11.0 21.0  64795  57916  71674                                        Gordon County                                 GA est23all.txt 27NOV2024
13 131     5110     4064     6156 19.7 15.7 23.7     1771     1265     2277 28.2 20.1 36.3     1246      844     1648 26.4 17.9 34.9  52456  47929  56983                                        Grady County                                  GA est23all.txt 27NOV2024
13 133     2899     2245     3553 14.1 10.9 17.3      894      633     1155 26.0 18.4 33.6      660      460      860 25.1 17.5 32.7  79890  71404  88376                                        Greene County                                 GA est23all.txt 27NOV2024
13 135   111168   101890   120446 11.4 10.4 12.4    38137    33252    43022 15.3 13.3 17.3    26997    23178    30816 14.1 12.1 16.1  84076  81279  86873                                        Gwinnett County                               GA est23all.txt 27NOV2024
13 137     6221     5057     7385 13.5 11.0 16.0     1762     1320     2204 16.9 12.7 21.1     1213      868     1558 15.7 11.2 20.2  71753  65801  77705                                        Habersham County                              GA est23all.txt 27NOV2024
13 139    23740    20215    27265 11.0  9.4 12.6     7091     5363     8819 14.2 10.7 17.7     4986     3643     6329 13.6  9.9 17.3  78309  73520  83098                                        Hall County                                   GA est23all.txt 27NOV2024
13 141     2226     1695     2757 30.3 23.1 37.5      546      374      718 44.1 30.2 58.0      405      270      540 42.1 28.1 56.1  40099  34917  45281                                        Hancock County                                GA est23all.txt 27NOV2024
13 143     5185     4241     6129 16.3 13.3 19.3     1769     1378     2160 23.2 18.1 28.3     1129      825     1433 19.9 14.5 25.3  59384  53319  65449                                        Haralson County                               GA est23all.txt 27NOV2024
13 145     3091     2410     3772  8.6  6.7 10.5      819      558     1080 10.7  7.3 14.1      615      407      823 10.3  6.8 13.8  91977  81939 102015                                        Harris County                                 GA est23all.txt 27NOV2024
13 147     3984     3135     4833 14.9 11.7 18.1     1150      796     1504 21.1 14.6 27.6      860      583     1137 21.2 14.4 28.0  53100  47818  58382                                        Hart County                                   GA est23all.txt 27NOV2024
13 149     1964     1519     2409 16.5 12.8 20.2      652      456      848 24.1 16.9 31.3      465      319      611 22.5 15.4 29.6  57670  50199  65141                                        Heard County                                  GA est23all.txt 27NOV2024
13 151    26087    22162    30012 10.3  8.7 11.9    10022     7911    12133 16.0 12.6 19.4     7077     5374     8780 14.7 11.2 18.2  80908  77463  84353                                        Henry County                                  GA est23all.txt 27NOV2024
13 153    21823    18170    25476 12.8 10.6 15.0     7648     5714     9582 17.8 13.3 22.3     5443     3907     6979 16.6 11.9 21.3  75266  69161  81371                                        Houston County                                GA est23all.txt 27NOV2024
13 155     1719     1316     2122 19.4 14.9 23.9      623      429      817 29.9 20.6 39.2      463      312      614 29.7 20.0 39.4  52918  46427  59409                                        Irwin County                                  GA est23all.txt 27NOV2024
13 157     7295     5671     8919  8.3  6.5 10.1     2095     1394     2796  9.6  6.4 12.8     1563     1003     2123  9.5  6.1 12.9  84439  79614  89264                                        Jackson County                                GA est23all.txt 27NOV2024
13 159     2426     1941     2911 14.8 11.8 17.8      815      564     1066 21.2 14.7 27.7      604      410      798 20.6 14.0 27.2  67681  59984  75378                                        Jasper County                                 GA est23all.txt 27NOV2024
13 161     2920     2275     3565 19.7 15.3 24.1     1018      699     1337 27.6 19.0 36.2      748      503      993 26.6 17.9 35.3  47635  41559  53711                                        Jeff Davis County                             GA est23all.txt 27NOV2024
13 163     3296     2547     4045 22.5 17.4 27.6     1118      780     1456 32.7 22.8 42.6      842      582     1102 32.5 22.5 42.5  45829  40205  51453                                        Jefferson County                              GA est23all.txt 27NOV2024
13 165     2161     1635     2687 28.9 21.9 35.9      608      413      803 36.2 24.6 47.8      429      282      576 35.1 23.0 47.2  42539  37062  48016                                        Jenkins County                                GA est23all.txt 27NOV2024
13 167     1945     1468     2422 26.2 19.8 32.6      501      344      658 31.5 21.6 41.4      353      230      476 31.1 20.3 41.9  51602  48028  55176                                        Johnson County                                GA est23all.txt 27NOV2024
13 169     3631     2859     4403 12.7 10.0 15.4     1147      810     1484 17.8 12.6 23.0      875      612     1138 17.7 12.4 23.0  65524  59226  71822                                        Jones County                                  GA est23all.txt 27NOV2024
13 171     2783     2202     3364 14.2 11.2 17.2      855      579     1131 19.9 13.4 26.4      616      404      828 19.7 12.9 26.5  63622  57085  70159                                        Lamar County                                  GA est23all.txt 27NOV2024
13 173     1758     1331     2185 17.5 13.3 21.7      649      435      863 26.9 18.0 35.8      460      301      619 26.6 17.4 35.8  54586  48578  60594                                        Lanier County                                 GA est23all.txt 27NOV2024
13 175     9418     7676    11160 19.2 15.7 22.7     3565     2674     4456 29.3 22.0 36.6     2458     1748     3168 27.0 19.2 34.8  56867  51313  62421                                        Laurens County                                GA est23all.txt 27NOV2024
13 177     2975     2188     3762  9.0  6.6 11.4     1159      777     1541 13.8  9.3 18.3      877      584     1170 13.3  8.8 17.8  80806  72757  88855                                        Lee County                                    GA est23all.txt 27NOV2024
13 179    10488     8550    12426 16.2 13.2 19.2     4070     2874     5266 21.7 15.3 28.1     2960     2064     3856 23.9 16.7 31.1  57699  52694  62704                                        Liberty County                                GA est23all.txt 27NOV2024
13 181     1185      913     1457 15.1 11.6 18.6      350      237      463 23.2 15.7 30.7      266      176      356 24.1 15.9 32.3  58502  51214  65790                                        Lincoln County                                GA est23all.txt 27NOV2024
13 183     2913     2331     3495 15.1 12.1 18.1     1130      820     1440 20.9 15.1 26.7      806      564     1048 21.1 14.8 27.4  63146  57009  69283                                        Long County                                   GA est23all.txt 27NOV2024
13 185    22576    19059    26093 19.5 16.5 22.5     6742     5018     8466 23.1 17.2 29.0     4787     3422     6152 22.6 16.2 29.0  54984  50866  59102                                        Lowndes County                                GA est23all.txt 27NOV2024
13 187     4735     3986     5484 15.1 12.7 17.5     1023      794     1252 18.0 14.0 22.0      666      474      858 16.4 11.7 21.1  72676  65682  79670                                        Lumpkin County                                GA est23all.txt 27NOV2024
13 189     4128     3205     5051 19.1 14.8 23.4     1579     1109     2049 29.9 21.0 38.8     1140      778     1502 28.7 19.6 37.8  53389  47397  59381                                        McDuffie County                               GA est23all.txt 27NOV2024
13 191     2142     1677     2607 18.7 14.6 22.8      559      393      725 31.9 22.4 41.4      434      300      568 33.9 23.5 44.3  56573  49781  63365                                        McIntosh County                               GA est23all.txt 27NOV2024
13 193     3093     2468     3718 31.6 25.2 38.0      865      647     1083 41.9 31.3 52.5      613      439      787 41.5 29.7 53.3  41895  36452  47338                                        Macon County                                  GA est23all.txt 27NOV2024
13 195     4176     3324     5028 13.0 10.3 15.7     1256      872     1640 17.0 11.8 22.2      825      533     1117 15.1  9.8 20.4  65296  59327  71265                                        Madison County                                GA est23all.txt 27NOV2024
13 197     1780     1449     2111 24.2 19.7 28.7      594      461      727 40.1 31.2 49.0      389      282      496 35.2 25.5 44.9  51270  44826  57714                                        Marion County                                 GA est23all.txt 27NOV2024
13 199     3317     2479     4155 15.9 11.9 19.9     1198      796     1600 27.9 18.5 37.3      879      563     1195 27.9 17.9 37.9  54428  48799  60057                                        Meriwether County                             GA est23all.txt 27NOV2024
13 201     1180      904     1456 21.1 16.2 26.0      409      282      536 30.9 21.3 40.5      289      194      384 28.7 19.3 38.1  50799  44276  57322                                        Miller County                                 GA est23all.txt 27NOV2024
13 205     4698     3599     5797 23.8 18.2 29.4     1599     1085     2113 33.5 22.7 44.3     1186      786     1586 33.1 21.9 44.3  48774  43442  54106                                        Mitchell County                               GA est23all.txt 27NOV2024
13 207     3408     2641     4175 11.7  9.1 14.3      978      673     1283 15.6 10.7 20.5      719      484      954 15.1 10.2 20.0  80692  71458  89926                                        Monroe County                                 GA est23all.txt 27NOV2024
13 209     1663     1278     2048 20.7 15.9 25.5      511      355      667 28.7 19.9 37.5      372      251      493 28.8 19.4 38.2  53248  47080  59416                                        Montgomery County                             GA est23all.txt 27NOV2024
13 211     2380     1818     2942 11.2  8.6 13.8      763      520     1006 16.3 11.1 21.5      567      380      754 15.9 10.7 21.1  69090  61462  76718                                        Morgan County                                 GA est23all.txt 27NOV2024
13 213     5870     4583     7157 14.4 11.2 17.6     1872     1277     2467 19.8 13.5 26.1     1336      891     1781 18.9 12.6 25.2  63836  57790  69882                                        Murray County                                 GA est23all.txt 27NOV2024
13 215    40634    35719    45549 20.7 18.2 23.2    12641     9999    15283 25.7 20.3 31.1     9065     7081    11049 25.2 19.7 30.7  52492  49440  55544                                        Muscogee County                               GA est23all.txt 27NOV2024
13 217    14027    11122    16932 11.8  9.3 14.3     5383     3745     7021 18.3 12.7 23.9     4065     2770     5360 18.1 12.3 23.9  76151  70329  81973                                        Newton County                                 GA est23all.txt 27NOV2024
13 219     3286     2749     3823  7.5  6.3  8.7      729      524      934  6.5  4.7  8.3      542      385      699  6.0  4.3  7.7 114230 105792 122668                                        Oconee County                                 GA est23all.txt 27NOV2024
13 221     2053     1588     2518 13.1 10.1 16.1      656      452      860 19.7 13.6 25.8      474      318      630 19.3 13.0 25.6  67249  60238  74260                                        Oglethorpe County                             GA est23all.txt 27NOV2024
13 223    14053    11204    16902  7.7  6.1  9.3     4880     3499     6261 10.7  7.7 13.7     3573     2518     4628 10.3  7.3 13.3  93773  85902 101644                                        Paulding County                               GA est23all.txt 27NOV2024
13 225     4757     3704     5810 17.3 13.5 21.1     1494     1010     1978 25.3 17.1 33.5     1066      693     1439 24.3 15.8 32.8  68464  63887  73041                                        Peach County                                  GA est23all.txt 27NOV2024
13 227     3601     2867     4335 10.1  8.0 12.2     1069      762     1376 16.3 11.6 21.0      759      505     1013 15.4 10.3 20.5  78032  68525  87539                                        Pickens County                                GA est23all.txt 27NOV2024
13 229     3274     2561     3987 16.2 12.7 19.7     1073      739     1407 21.6 14.9 28.3      760      509     1011 20.6 13.8 27.4  56330  49315  63345                                        Pierce County                                 GA est23all.txt 27NOV2024
13 231     2248     1840     2656 11.2  9.2 13.2      578      408      748 12.4  8.8 16.0      437      305      569 12.2  8.5 15.9  80652  70897  90407                                        Pike County                                   GA est23all.txt 27NOV2024
13 233     7571     6101     9041 17.3 13.9 20.7     2499     1834     3164 23.1 17.0 29.2     1819     1313     2325 22.9 16.5 29.3  56271  50134  62408                                        Polk County                                   GA est23all.txt 27NOV2024
13 235     2017     1592     2442 23.0 18.2 27.8      570      414      726 31.9 23.2 40.6      436      315      557 33.6 24.2 43.0  46123  42317  49929                                        Pulaski County                                GA est23all.txt 27NOV2024
13 237     3582     2862     4302 15.6 12.5 18.7     1116      785     1447 25.4 17.8 33.0      818      569     1067 25.1 17.5 32.7  59068  52031  66105                                        Putnam County                                 GA est23all.txt 27NOV2024
13 239      539      408      670 23.7 17.9 29.5      172      118      226 40.6 27.8 53.4      127       84      170 40.8 27.0 54.6  42480  36923  48037                                        Quitman County                                GA est23all.txt 27NOV2024
13 241     2242     1761     2723 13.0 10.2 15.8      606      434      778 22.3 16.0 28.6      440      311      569 23.4 16.5 30.3  60085  53624  66546                                        Rabun County                                  GA est23all.txt 27NOV2024
13 243     1581     1218     1944 26.7 20.6 32.8      503      347      659 40.8 28.2 53.4      349      225      473 36.6 23.6 49.6  39926  34989  44863                                        Randolph County                               GA est23all.txt 27NOV2024
13 245    43227    37964    48490 22.2 19.5 24.9    14608    12104    17112 32.0 26.5 37.5    10069     7879    12259 30.6 23.9 37.3  52073  48782  55364                                        Richmond County                               GA est23all.txt 27NOV2024
13 247    12310     9931    14689 13.0 10.5 15.5     4156     2785     5527 18.8 12.6 25.0     3148     2096     4200 18.5 12.3 24.7  76081  69097  83065                                        Rockdale County                               GA est23all.txt 27NOV2024
13 249      693      530      856 15.3 11.7 18.9      222      151      293 21.7 14.8 28.6      168      111      225 21.8 14.4 29.2  60750  53530  67970                                        Schley County                                 GA est23all.txt 27NOV2024
13 251     3133     2492     3774 22.5 17.9 27.1      949      685     1213 32.3 23.3 41.3      696      480      912 33.0 22.8 43.2  49034  43561  54507                                        Screven County                                GA est23all.txt 27NOV2024
13 253     1998     1512     2484 22.3 16.9 27.7      593      394      792 34.1 22.6 45.6      428      278      578 33.6 21.9 45.3  49423  43371  55475                                        Seminole County                               GA est23all.txt 27NOV2024
13 255    11253     8964    13542 16.3 13.0 19.6     4449     3156     5742 27.8 19.7 35.9     3251     2235     4267 27.7 19.1 36.3  56834  50725  62943                                        Spalding County                               GA est23all.txt 27NOV2024
13 257     4110     3215     5005 15.6 12.2 19.0     1290      875     1705 22.1 15.0 29.2      908      602     1214 20.9 13.9 27.9  50685  45277  56093                                        Stephens County                               GA est23all.txt 27NOV2024
13 259     1265     1016     1514 32.5 26.1 38.9      223      160      286 37.2 26.6 47.8      174      122      226 40.3 28.3 52.3  41227  35734  46720                                        Stewart County                                GA est23all.txt 27NOV2024
13 261     7187     5834     8540 26.3 21.3 31.3     2868     2383     3353 44.7 37.1 52.3     2379     2003     2755 49.9 42.0 57.8  43835  40185  47485                                        Sumter County                                 GA est23all.txt 27NOV2024
13 263     1558     1289     1827 27.3 22.6 32.0      414      317      511 45.1 34.6 55.6      343      271      415 49.1 38.7 59.5  41656  36457  46855                                        Talbot County                                 GA est23all.txt 27NOV2024
13 265      389      299      479 24.5 18.8 30.2      116       82      150 39.7 28.1 51.3       86       59      113 39.4 27.1 51.7  46469  41312  51626                                        Taliaferro County                             GA est23all.txt 27NOV2024
13 267     5177     4153     6201 25.7 20.6 30.8     1513     1071     1955 31.2 22.1 40.3     1064      715     1413 29.8 20.0 39.6  48998  44348  53648                                        Tattnall County                               GA est23all.txt 27NOV2024
13 269     2025     1677     2373 26.6 22.0 31.2      569      427      711 39.2 29.4 49.0      410      295      525 38.2 27.5 48.9  44708  39037  50379                                        Taylor County                                 GA est23all.txt 27NOV2024
13 271     2793     2223     3363 30.1 23.9 36.3      796      604      988 42.2 32.0 52.4      620      467      773 45.4 34.2 56.6  42203  36736  47670                                        Telfair County                                GA est23all.txt 27NOV2024
13 273     2361     1864     2858 28.1 22.2 34.0      761      524      998 40.9 28.2 53.6      541      359      723 38.1 25.3 50.9  45616  40111  51121                                        Terrell County                                GA est23all.txt 27NOV2024
13 275     8318     6800     9836 18.4 15.0 21.8     2617     1906     3328 24.9 18.1 31.7     1975     1438     2512 24.9 18.1 31.7  54989  48830  61148                                        Thomas County                                 GA est23all.txt 27NOV2024
13 277     7785     6260     9310 19.2 15.4 23.0     2755     1930     3580 27.3 19.1 35.5     1976     1324     2628 26.2 17.6 34.8  53295  47653  58937                                        Tift County                                   GA est23all.txt 27NOV2024
13 279     6092     4963     7221 22.8 18.6 27.0     2349     1755     2943 33.3 24.9 41.7     1725     1291     2159 33.5 25.1 41.9  48866  43503  54229                                        Toombs County                                 GA est23all.txt 27NOV2024
13 281     1446     1113     1779 11.6  8.9 14.3      313      213      413 18.5 12.6 24.4      228      150      306 18.5 12.2 24.8  60563  55496  65630                                        Towns County                                  GA est23all.txt 27NOV2024
13 283     1423     1082     1764 24.0 18.3 29.7      459      313      605 33.3 22.7 43.9      331      220      442 31.8 21.1 42.5  45699  40014  51384                                        Treutlen County                               GA est23all.txt 27NOV2024
13 285    12539    10521    14557 18.1 15.2 21.0     4724     3702     5746 27.9 21.9 33.9     3328     2514     4142 26.8 20.2 33.4  60839  55101  66577                                        Troup County                                  GA est23all.txt 27NOV2024
13 287     2085     1602     2568 23.9 18.4 29.4      820      554     1086 37.1 25.1 49.1      547      346      748 33.9 21.4 46.4  42769  37271  48267                                        Turner County                                 GA est23all.txt 27NOV2024
13 289     1614     1237     1991 21.3 16.3 26.3      441      300      582 30.9 21.0 40.8      329      218      440 30.9 20.5 41.3  50700  44264  57136                                        Twiggs County                                 GA est23all.txt 27NOV2024
13 291     2846     2179     3513 10.7  8.2 13.2      749      511      987 18.7 12.8 24.6      553      369      737 18.0 12.0 24.0  65505  61517  69493                                        Union County                                  GA est23all.txt 27NOV2024
13 293     4868     3811     5925 17.5 13.7 21.3     1672     1162     2182 26.4 18.4 34.4     1178      795     1561 25.1 16.9 33.3  54439  47956  60922                                        Upson County                                  GA est23all.txt 27NOV2024
13 295    10248     8490    12006 15.1 12.5 17.7     2904     2151     3657 20.1 14.9 25.3     1981     1370     2592 18.3 12.7 23.9  58363  53462  63264                                        Walker County                                 GA est23all.txt 27NOV2024
13 297    10622     8506    12738 10.1  8.1 12.1     3440     2402     4478 13.9  9.7 18.1     2532     1731     3333 13.4  9.2 17.6  79829  72717  86941                                        Walton County                                 GA est23all.txt 27NOV2024
13 299     6757     5166     8348 19.9 15.2 24.6     2613     1780     3446 29.5 20.1 38.9     1929     1280     2578 29.5 19.6 39.4  40901  37072  44730                                        Ware County                                   GA est23all.txt 27NOV2024
13 301     1222      935     1509 24.2 18.5 29.9      406      278      534 39.4 27.0 51.8      301      200      402 39.0 25.9 52.1  48308  43106  53510                                        Warren County                                 GA est23all.txt 27NOV2024
13 303     3878     2941     4815 21.6 16.4 26.8     1226      835     1617 29.5 20.1 38.9      924      623     1225 29.5 19.9 39.1  48809  42788  54830                                        Washington County                             GA est23all.txt 27NOV2024
13 305     5785     4685     6885 19.7 15.9 23.5     2033     1462     2604 27.1 19.5 34.7     1378      936     1820 24.2 16.4 32.0  55797  49709  61885                                        Wayne County                                  GA est23all.txt 27NOV2024
13 307      484      374      594 20.7 16.0 25.4      138       98      178 35.0 24.8 45.2       96       63      129 32.5 21.4 43.6  45036  39090  50982                                        Webster County                                GA est23all.txt 27NOV2024
13 309     1804     1392     2216 36.3 28.0 44.6      414      295      533 36.6 26.1 47.1      297      206      388 37.2 25.8 48.6  41163  36325  46001                                        Wheeler County                                GA est23all.txt 27NOV2024
13 311     3067     2349     3785 10.8  8.3 13.3      838      558     1118 15.4 10.2 20.6      616      403      829 15.0  9.8 20.2  66962  59249  74675                                        White County                                  GA est23all.txt 27NOV2024
13 313    15961    13768    18154 15.5 13.4 17.6     5552     4573     6531 22.2 18.3 26.1     4105     3363     4847 21.7 17.8 25.6  63111  56783  69439                                        Whitfield County                              GA est23all.txt 27NOV2024
13 315     1903     1439     2367 28.4 21.5 35.3      542      374      710 34.0 23.5 44.5      373      247      499 31.2 20.6 41.8  45726  39955  51497                                        Wilcox County                                 GA est23all.txt 27NOV2024
13 317     1668     1258     2078 17.8 13.4 22.2      618      423      813 32.3 22.1 42.5      458      304      612 32.4 21.5 43.3  48635  43083  54187                                        Wilkes County                                 GA est23all.txt 27NOV2024
13 319     1768     1405     2131 20.6 16.4 24.8      627      449      805 33.0 23.6 42.4      473      337      609 33.9 24.2 43.6  51498  45056  57940                                        Wilkinson County                              GA est23all.txt 27NOV2024
13 321     4302     3531     5073 21.4 17.6 25.2     1363      982     1744 31.3 22.6 40.0      994      673     1315 30.4 20.6 40.2  50830  45499  56161                                        Worth County                                  GA est23all.txt 27NOV2024
15   0   143193   136530   149856 10.2  9.7 10.7    33698    30498    36898 11.8 10.7 12.9    24159    21252    27066 11.5 10.1 12.9  96716  94413  99019    8530    7190    9870 11.4  9.6 13.2 Hawaii                                        HI est23all.txt 27NOV2024
15   1    33847    29845    37849 16.5 14.5 18.5     8534     6596    10472 20.6 15.9 25.3     6229     4720     7738 20.1 15.2 25.0  73092  67861  78323                                        Hawaii County                                 HI est23all.txt 27NOV2024
15   3    87196    80226    94166  9.1  8.4  9.8    19568    16479    22657 10.0  8.4 11.6    13937    11563    16311  9.7  8.0 11.4 102382 100119 104645                                        Honolulu County                               HI est23all.txt 27NOV2024
15   5        .        .        .   .    .    .         .        .        .   .    .    .         .        .        .   .    .    .       .      .      .                                        Kalawao County                                HI est23all.txt 27NOV2024
15   7     6851     5281     8421  9.4  7.3 11.5     1806     1158     2454 11.9  7.6 16.2     1308      818     1798 11.5  7.2 15.8  90084  82655  97513                                        Kauai County                                  HI est23all.txt 27NOV2024
15   9    15300    12565    18035  9.4  7.7 11.1     3790     2575     5005 11.5  7.8 15.2     2685     1799     3571 10.9  7.3 14.5  83764  77775  89753                                        Maui County                                   HI est23all.txt 27NOV2024
16   0   193938   185796   202080 10.1  9.7 10.5    52105    47643    56567 11.3 10.3 12.3    35671    31558    39784 10.2  9.0 11.4  74859  73766  75952   14628   12965   16291 13.2 11.7 14.7 Idaho                                         ID est23all.txt 27NOV2024
16   1    40703    36684    44722  8.0  7.2  8.8     8343     6599    10087  7.5  5.9  9.1     5461     4078     6844  6.4  4.8  8.0  90513  88182  92844                                        Ada County                                    ID est23all.txt 27NOV2024
16   3      592      445      739 12.2  9.2 15.2      163      106      220 19.7 12.9 26.5      117       73      161 18.2 11.3 25.1  59829  52962  66696                                        Adams County                                  ID est23all.txt 27NOV2024
16   5    10518     8397    12639 11.9  9.5 14.3     2709     1827     3591 12.2  8.2 16.2     1864     1209     2519 11.1  7.2 15.0  67371  61405  73337                                        Bannock County                                ID est23all.txt 27NOV2024
16   7      674      513      835 10.1  7.7 12.5      209      140      278 12.1  8.1 16.1      149       95      203 11.2  7.2 15.2  67519  59893  75145                                        Bear Lake County                              ID est23all.txt 27NOV2024
16   9     1341     1045     1637 13.0 10.1 15.9      395      261      529 17.3 11.4 23.2      274      172      376 15.5  9.7 21.3  60872  53822  67922                                        Benewah County                                ID est23all.txt 27NOV2024
16  11     5509     4304     6714 11.1  8.7 13.5     1925     1342     2508 13.4  9.3 17.5     1343      892     1794 12.1  8.0 16.2  73409  67686  79132                                        Bingham County                                ID est23all.txt 27NOV2024
16  13     1712     1321     2103  6.9  5.3  8.5      343      228      458  7.5  5.0 10.0      244      158      330  6.8  4.4  9.2  94471  83044 105898                                        Blaine County                                 ID est23all.txt 27NOV2024
16  15      861      647     1075 10.1  7.6 12.6      203      133      273 15.5 10.2 20.8      150       95      205 15.4  9.8 21.0  74433  67393  81473                                        Boise County                                  ID est23all.txt 27NOV2024
16  17     5482     4295     6669 10.5  8.2 12.8     1453      986     1920 14.4  9.8 19.0     1030      676     1384 13.4  8.8 18.0  68030  61757  74303                                        Bonner County                                 ID est23all.txt 27NOV2024
16  19    13286    10989    15583 10.2  8.4 12.0     4552     3447     5657 12.0  9.1 14.9     3216     2420     4012 11.2  8.4 14.0  74948  70338  79558                                        Bonneville County                             ID est23all.txt 27NOV2024
16  21     1552     1175     1929 11.5  8.7 14.3      526      343      709 16.7 10.9 22.5      387      240      534 16.4 10.2 22.6  65044  58010  72078                                        Boundary County                               ID est23all.txt 27NOV2024
16  23      402      303      501 14.6 11.0 18.2      134       89      179 21.3 14.1 28.5       94       60      128 20.0 12.7 27.3  57678  50553  64803                                        Butte County                                  ID est23all.txt 27NOV2024
16  25      101       76      126  8.2  6.2 10.2       29       19       39 10.7  7.1 14.3       18       11       25  8.6  5.3 11.9  72175  62838  81512                                        Camas County                                  ID est23all.txt 27NOV2024
16  27    25683    22040    29326 10.1  8.7 11.5     8120     6380     9860 12.2  9.6 14.8     5429     4088     6770 10.9  8.2 13.6  72059  69355  74763                                        Canyon County                                 ID est23all.txt 27NOV2024
16  29      692      526      858  9.7  7.4 12.0      236      158      314 12.0  8.1 15.9      167      108      226 11.0  7.1 14.9  70183  61335  79031                                        Caribou County                                ID est23all.txt 27NOV2024
16  31     2918     2248     3588 11.5  8.9 14.1     1038      715     1361 13.3  9.2 17.4      714      472      956 12.3  8.1 16.5  68267  62223  74311                                        Cassia County                                 ID est23all.txt 27NOV2024
16  33      122       93      151 15.3 11.7 18.9       45       30       60 24.1 16.3 31.9       32       21       43 26.0 16.7 35.3  55625  48590  62660                                        Clark County                                  ID est23all.txt 27NOV2024
16  35     1227      972     1482 14.5 11.5 17.5      258      176      340 19.1 13.0 25.2      186      121      251 18.1 11.8 24.4  58757  52158  65356                                        Clearwater County                             ID est23all.txt 27NOV2024
16  37      654      520      788 14.6 11.6 17.6      136       90      182 18.5 12.2 24.8       98       62      134 16.9 10.7 23.1  58294  50627  65961                                        Custer County                                 ID est23all.txt 27NOV2024
16  39     3379     2682     4076 11.8  9.4 14.2     1043      714     1372 14.7 10.1 19.3      712      469      955 14.3  9.4 19.2  64247  60449  68045                                        Elmore County                                 ID est23all.txt 27NOV2024
16  41     1084      797     1371  7.1  5.2  9.0      429      278      580  9.3  6.0 12.6      311      197      425  8.9  5.6 12.2  80768  72617  88919                                        Franklin County                               ID est23all.txt 27NOV2024
16  43     1522     1146     1898 11.2  8.4 14.0      491      324      658 15.2 10.0 20.4      350      217      483 14.8  9.2 20.4  72061  66527  77595                                        Fremont County                                ID est23all.txt 27NOV2024
16  45     2262     1764     2760 10.9  8.5 13.3      589      387      791 13.0  8.5 17.5      416      264      568 12.2  7.7 16.7  62479  55730  69228                                        Gem County                                    ID est23all.txt 27NOV2024
16  47     2038     1589     2487 12.8 10.0 15.6      699      506      892 17.1 12.4 21.8      486      335      637 15.9 11.0 20.8  65662  58282  73042                                        Gooding County                                ID est23all.txt 27NOV2024
16  49     2382     1874     2890 13.7 10.8 16.6      600      390      810 16.9 11.0 22.8      416      253      579 15.6  9.5 21.7  57210  51619  62801                                        Idaho County                                  ID est23all.txt 27NOV2024
16  51     2657     2030     3284  7.8  6.0  9.6      956      643     1269  8.9  6.0 11.8      683      438      928  8.1  5.2 11.0  81566  72594  90538                                        Jefferson County                              ID est23all.txt 27NOV2024
16  53     3095     2450     3740 12.3  9.7 14.9     1053      713     1393 14.2  9.6 18.8      735      487      983 13.2  8.7 17.7  62543  55742  69344                                        Jerome County                                 ID est23all.txt 27NOV2024
16  55    17137    14329    19945  9.3  7.8 10.8     4343     3217     5469 10.8  8.0 13.6     2996     2141     3851  9.8  7.0 12.6  75235  69280  81190                                        Kootenai County                               ID est23all.txt 27NOV2024
16  57     5531     4699     6363 14.3 12.1 16.5      718      464      972  9.1  5.9 12.3      479      291      667  8.2  5.0 11.4  63916  58641  69191                                        Latah County                                  ID est23all.txt 27NOV2024
16  59     1090      835     1345 13.0 10.0 16.0      258      170      346 17.0 11.2 22.8      175      108      242 15.0  9.3 20.7  57562  50057  65067                                        Lemhi County                                  ID est23all.txt 27NOV2024
16  61      504      411      597 13.5 11.0 16.0      127       81      173 16.2 10.4 22.0       92       56      128 15.5  9.5 21.5  53212  47763  58661                                        Lewis County                                  ID est23all.txt 27NOV2024
16  63      653      506      800 12.1  9.4 14.8      215      145      285 15.7 10.6 20.8      154      100      208 14.9  9.7 20.1  65511  57685  73337                                        Lincoln County                                ID est23all.txt 27NOV2024
16  65     8180     6724     9636 20.6 16.9 24.3     1245      838     1652 11.5  7.7 15.3      833      523     1143 12.0  7.5 16.5  58236  51996  64476                                        Madison County                                ID est23all.txt 27NOV2024
16  67     2498     1901     3095 11.2  8.5 13.9      840      556     1124 13.4  8.9 17.9      593      379      807 12.5  8.0 17.0  68029  62173  73885                                        Minidoka County                               ID est23all.txt 27NOV2024
16  69     4600     3593     5607 11.0  8.6 13.4     1149      796     1502 13.0  9.0 17.0      736      473      999 11.1  7.1 15.1  70340  64159  76521                                        Nez Perce County                              ID est23all.txt 27NOV2024
16  71      491      373      609 10.0  7.6 12.4      169      110      228 12.5  8.2 16.8      128       81      175 12.2  7.7 16.7  67137  58752  75522                                        Oneida County                                 ID est23all.txt 27NOV2024
16  73     1480     1113     1847 11.8  8.9 14.7      476      304      648 15.9 10.2 21.6      335      203      467 14.9  9.0 20.8  60701  53913  67489                                        Owyhee County                                 ID est23all.txt 27NOV2024
16  75     3027     2320     3734 11.2  8.6 13.8      958      654     1262 14.3  9.8 18.8      687      451      923 13.6  8.9 18.3  67532  61166  73898                                        Payette County                                ID est23all.txt 27NOV2024
16  77     1013      761     1265 12.4  9.3 15.5      371      241      501 15.2  9.9 20.5      268      166      370 14.5  9.0 20.0  68403  62117  74689                                        Power County                                  ID est23all.txt 27NOV2024
16  79     2175     1703     2647 15.7 12.3 19.1      571      388      754 19.7 13.4 26.0      382      245      519 18.0 11.6 24.4  59937  55256  64618                                        Shoshone County                               ID est23all.txt 27NOV2024
16  81      828      615     1041  6.6  4.9  8.3      250      165      335  9.5  6.3 12.7      178      112      244  8.7  5.5 11.9  94895  83484 106306                                        Teton County                                  ID est23all.txt 27NOV2024
16  83     9789     7809    11769 10.5  8.4 12.6     3095     2212     3978 12.7  9.1 16.3     2098     1432     2764 11.3  7.7 14.9  66664  63232  70096                                        Twin Falls County                             ID est23all.txt 27NOV2024
16  85      978      740     1216  7.8  5.9  9.7      225      151      299 10.1  6.8 13.4      164      106      222  9.3  6.0 12.6  84024  74844  93204                                        Valley County                                 ID est23all.txt 27NOV2024
16  87     1517     1179     1855 13.5 10.5 16.5      421      286      556 17.0 11.5 22.5      291      190      392 15.3 10.0 20.6  57369  50698  64040                                        Washington County                             ID est23all.txt 27NOV2024
17   0  1424894  1399249  1450539 11.6 11.4 11.8   390309   374473   406145 14.7 14.1 15.3   283612   268995   298229 14.2 13.5 14.9  80346  79717  80975   97185   90380  103990 15.0 13.9 16.1 Illinois                                      IL est23all.txt 27NOV2024
17   1     7631     6186     9076 12.2  9.9 14.5     1994     1382     2606 14.1  9.8 18.4     1472     1013     1931 14.0  9.6 18.4  63424  58969  67879                                        Adams County                                  IL est23all.txt 27NOV2024
17   3     1193      908     1478 25.8 19.6 32.0      384      258      510 38.8 26.0 51.6      286      187      385 37.1 24.3 49.9  45550  40058  51042                                        Alexander County                              IL est23all.txt 27NOV2024
17   5     1904     1460     2348 13.6 10.4 16.8      427      295      559 14.8 10.2 19.4      311      213      409 14.3  9.8 18.8  66162  57713  74611                                        Bond County                                   IL est23all.txt 27NOV2024
17   7     5714     4734     6694 10.8  8.9 12.7     1930     1526     2334 15.8 12.5 19.1     1428     1124     1732 15.0 11.8 18.2  83129  75057  91201                                        Boone County                                  IL est23all.txt 27NOV2024
17   9      626      465      787 13.7 10.2 17.2      122       85      159 11.8  8.2 15.4       89       59      119 11.9  7.9 15.9  76076  68720  83432                                        Brown County                                  IL est23all.txt 27NOV2024
17  11     3682     3110     4254 11.4  9.6 13.2     1012      715     1309 15.4 10.9 19.9      719      490      948 14.7 10.0 19.4  66854  61713  71995                                        Bureau County                                 IL est23all.txt 27NOV2024
17  13      417      308      526  9.9  7.3 12.5      117       79      155 13.8  9.3 18.3       86       57      115 12.7  8.4 17.0  72574  64339  80809                                        Calhoun County                                IL est23all.txt 27NOV2024
17  15     1832     1435     2229 12.9 10.1 15.7      452      313      591 16.5 11.4 21.6      326      219      433 15.6 10.5 20.7  61982  54428  69536                                        Carroll County                                IL est23all.txt 27NOV2024
17  17     1443     1094     1792 11.6  8.8 14.4      496      339      653 16.7 11.4 22.0      355      236      474 16.7 11.1 22.3  64413  57784  71042                                        Cass County                                   IL est23all.txt 27NOV2024
17  19    30821    27368    34274 16.2 14.4 18.0     5504     3759     7249 14.4  9.8 19.0     3869     2572     5166 13.9  9.2 18.6  62169  57414  66924                                        Champaign County                              IL est23all.txt 27NOV2024
17  21     3649     2830     4468 12.1  9.4 14.8      990      672     1308 16.2 11.0 21.4      709      468      950 15.4 10.2 20.6  72650  68330  76970                                        Christian County                              IL est23all.txt 27NOV2024
17  23     1769     1381     2157 12.0  9.4 14.6      515      360      670 15.9 11.1 20.7      378      259      497 15.4 10.6 20.2  66923  59456  74390                                        Clark County                                  IL est23all.txt 27NOV2024
17  25     1903     1505     2301 14.9 11.8 18.0      558      388      728 19.1 13.3 24.9      408      278      538 19.1 13.0 25.2  54837  47874  61800                                        Clay County                                   IL est23all.txt 27NOV2024
17  27     2634     2036     3232  7.5  5.8  9.2      677      457      897  8.8  5.9 11.7      491      323      659  8.7  5.7 11.7  88977  84774  93180                                        Clinton County                                IL est23all.txt 27NOV2024
17  29     7529     6201     8857 17.3 14.3 20.3     1545     1150     1940 18.6 13.8 23.4     1077      747     1407 17.9 12.4 23.4  57728  50891  64565                                        Coles County                                  IL est23all.txt 27NOV2024
17  31   662898   638540   687256 13.2 12.7 13.7   178292   165675   190909 17.2 16.0 18.4   129982   119477   140487 16.7 15.3 18.1  80547  79518  81576                                        Cook County                                   IL est23all.txt 27NOV2024
17  33     2407     1913     2901 14.2 11.3 17.1      588      403      773 16.9 11.6 22.2      438      295      581 16.6 11.2 22.0  64168  57210  71126                                        Crawford County                               IL est23all.txt 27NOV2024
17  35     1133      908     1358 11.2  9.0 13.4      285      197      373 12.8  8.8 16.8      200      135      265 12.1  8.2 16.0  71741  63516  79966                                        Cumberland County                             IL est23all.txt 27NOV2024
17  37    11899     9886    13912 12.5 10.4 14.6     2721     1962     3480 13.0  9.4 16.6     1996     1417     2575 12.7  9.0 16.4  69439  65052  73826                                        DeKalb County                                 IL est23all.txt 27NOV2024
17  39     1628     1240     2016 10.8  8.2 13.4      512      352      672 15.9 10.9 20.9      356      235      477 15.0  9.9 20.1  74553  66584  82522                                        De Witt County                                IL est23all.txt 27NOV2024
17  41     1734     1359     2109  9.0  7.1 10.9      552      381      723 11.8  8.2 15.4      384      256      512 11.1  7.4 14.8  82895  77857  87933                                        Douglas County                                IL est23all.txt 27NOV2024
17  43    59722    53272    66172  6.6  5.9  7.3    13065    10137    15993  6.6  5.1  8.1     9912     7579    12245  6.6  5.0  8.2 107032 104361 109703                                        DuPage County                                 IL est23all.txt 27NOV2024
17  45     2174     1721     2627 13.6 10.8 16.4      562      391      733 17.9 12.4 23.4      419      289      549 18.0 12.4 23.6  59330  54407  64253                                        Edgar County                                  IL est23all.txt 27NOV2024
17  47      821      677      965 13.9 11.5 16.3      192      137      247 15.6 11.1 20.1      134       91      177 14.0  9.5 18.5  59867  52407  67327                                        Edwards County                                IL est23all.txt 27NOV2024
17  49     3320     2629     4011  9.8  7.8 11.8      951      691     1211 11.9  8.6 15.2      677      480      874 11.6  8.2 15.0  72158  66342  77974                                        Effingham County                              IL est23all.txt 27NOV2024
17  51     3186     2609     3763 17.0 13.9 20.1      851      643     1059 21.0 15.9 26.1      646      489      803 21.5 16.3 26.7  61952  58131  65773                                        Fayette County                                IL est23all.txt 27NOV2024
17  53     1416     1116     1716 11.0  8.7 13.3      440      308      572 14.7 10.3 19.1      312      213      411 13.8  9.4 18.2  71110  62366  79854                                        Ford County                                   IL est23all.txt 27NOV2024
17  55     6566     5493     7639 17.9 15.0 20.8     1832     1312     2352 23.0 16.5 29.5     1276      880     1672 21.8 15.0 28.6  52533  47411  57655                                        Franklin County                               IL est23all.txt 27NOV2024
17  57     3596     2828     4364 11.8  9.3 14.3     1032      744     1320 16.8 12.1 21.5      791      575     1007 17.1 12.4 21.8  62914  58645  67183                                        Fulton County                                 IL est23all.txt 27NOV2024
17  59      799      613      985 17.5 13.4 21.6      206      146      266 24.3 17.3 31.3      147       99      195 21.8 14.7 28.9  56852  50108  63596                                        Gallatin County                               IL est23all.txt 27NOV2024
17  61     1570     1233     1907 13.8 10.8 16.8      440      308      572 18.4 12.9 23.9      323      217      429 17.6 11.8 23.4  59146  56040  62252                                        Greene County                                 IL est23all.txt 27NOV2024
17  63     3605     2857     4353  6.8  5.4  8.2     1096      794     1398  8.6  6.2 11.0      765      528     1002  8.0  5.5 10.5  91254  81904 100604                                        Grundy County                                 IL est23all.txt 27NOV2024
17  65      887      649     1125 11.3  8.3 14.3      295      203      387 17.0 11.7 22.3      211      141      281 16.1 10.8 21.4  65472  58724  72220                                        Hamilton County                               IL est23all.txt 27NOV2024
17  67     2206     1814     2598 13.0 10.7 15.3      648      483      813 18.0 13.4 22.6      462      337      587 16.9 12.3 21.5  63408  58151  68665                                        Hancock County                                IL est23all.txt 27NOV2024
17  69      679      511      847 19.2 14.5 23.9      182      120      244 28.8 19.1 38.5      133       85      181 28.1 18.0 38.2  51216  44954  57478                                        Hardin County                                 IL est23all.txt 27NOV2024
17  71      797      629      965 13.2 10.4 16.0      166      110      222 15.3 10.1 20.5      131       85      177 16.5 10.7 22.3  62610  55278  69942                                        Henderson County                              IL est23all.txt 27NOV2024
17  73     4560     3505     5615  9.6  7.4 11.8     1279      887     1671 12.7  8.8 16.6      826      530     1122 10.9  7.0 14.8  73198  66891  79505                                        Henry County                                  IL est23all.txt 27NOV2024
17  75     3165     2592     3738 12.3 10.1 14.5      877      647     1107 16.1 11.9 20.3      617      434      800 15.2 10.7 19.7  64995  58422  71568                                        Iroquois County                               IL est23all.txt 27NOV2024
17  77    10153     8531    11775 20.7 17.4 24.0     2218     1530     2906 22.8 15.7 29.9     1610     1103     2117 22.8 15.6 30.0  48289  43071  53507                                        Jackson County                                IL est23all.txt 27NOV2024
17  79      849      639     1059  9.4  7.1 11.7      254      170      338 12.5  8.3 16.7      189      123      255 12.5  8.1 16.9  69924  61551  78297                                        Jasper County                                 IL est23all.txt 27NOV2024
17  81     5338     4393     6283 15.4 12.7 18.1     1666     1234     2098 21.1 15.6 26.6     1153      817     1489 19.9 14.1 25.7  60543  55075  66011                                        Jefferson County                              IL est23all.txt 27NOV2024
17  83     2204     1728     2680 10.8  8.5 13.1      577      414      740 14.2 10.2 18.2      415      289      541 13.4  9.3 17.5  70158  63225  77091                                        Jersey County                                 IL est23all.txt 27NOV2024
17  85     1849     1448     2250  8.6  6.7 10.5      420      286      554 11.1  7.6 14.6      310      207      413 10.5  7.0 14.0  74426  68609  80243                                        Jo Daviess County                             IL est23all.txt 27NOV2024
17  87     1650     1280     2020 15.2 11.8 18.6      356      253      459 16.5 11.7 21.3      258      180      336 15.9 11.1 20.7  63160  55627  70693                                        Johnson County                                IL est23all.txt 27NOV2024
17  89    42685    36496    48874  8.4  7.2  9.6    13827    11256    16398 11.7  9.5 13.9     9800     7809    11791 11.0  8.8 13.2  97543  93047 102039                                        Kane County                                   IL est23all.txt 27NOV2024
17  91    11791     9396    14186 11.5  9.2 13.8     3692     2635     4749 15.8 11.3 20.3     2470     1618     3322 14.2  9.3 19.1  68451  62446  74456                                        Kankakee County                               IL est23all.txt 27NOV2024
17  93     7032     5624     8440  5.1  4.1  6.1     2376     1795     2957  6.5  4.9  8.1     1709     1239     2179  6.1  4.4  7.8 114606 105079 124133                                        Kendall County                                IL est23all.txt 27NOV2024
17  95     7324     6069     8579 16.3 13.5 19.1     2023     1480     2566 21.2 15.5 26.9     1370      929     1811 19.7 13.4 26.0  57569  51670  63468                                        Knox County                                   IL est23all.txt 27NOV2024
17  97    56595    48822    64368  8.2  7.1  9.3    16794    13787    19801 10.5  8.6 12.4    12540    10213    14867 10.1  8.2 12.0 108349 104978 111720                                        Lake County                                   IL est23all.txt 27NOV2024
17  99    12243     9955    14531 11.6  9.4 13.8     3559     2617     4501 15.9 11.7 20.1     2548     1834     3262 15.2 10.9 19.5  72225  67172  77278                                        La Salle County                               IL est23all.txt 27NOV2024
17 101     2314     1827     2801 18.3 14.4 22.2      553      394      712 20.9 14.9 26.9      403      279      527 19.8 13.7 25.9  55411  48717  62105                                        Lawrence County                               IL est23all.txt 27NOV2024
17 103     3113     2408     3818 10.1  7.8 12.4      892      602     1182 13.9  9.4 18.4      636      416      856 13.4  8.8 18.0  66598  62484  70712                                        Lee County                                    IL est23all.txt 27NOV2024
17 105     3711     2932     4490 11.1  8.8 13.4     1043      734     1352 13.8  9.7 17.9      736      496      976 13.3  9.0 17.6  68544  62753  74335                                        Livingston County                             IL est23all.txt 27NOV2024
17 107     3505     2925     4085 14.4 12.0 16.8      886      671     1101 17.1 13.0 21.2      640      468      812 16.5 12.1 20.9  64779  57791  71767                                        Logan County                                  IL est23all.txt 27NOV2024
17 109     4851     4022     5680 19.9 16.5 23.3     1008      700     1316 21.2 14.7 27.7      752      515      989 21.6 14.8 28.4  50487  47129  53845                                        McDonough County                              IL est23all.txt 27NOV2024
17 111    19499    16283    22715  6.3  5.3  7.3     5282     4110     6454  7.6  5.9  9.3     3608     2650     4566  6.8  5.0  8.6 101205  97219 105191                                        McHenry County                                IL est23all.txt 27NOV2024
17 113    17831    15421    20241 11.0  9.5 12.5     3148     2169     4127  9.0  6.2 11.8     2268     1522     3014  8.6  5.8 11.4  79622  73491  85753                                        McLean County                                 IL est23all.txt 27NOV2024
17 115    15303    13056    17550 15.7 13.4 18.0     5032     3876     6188 22.6 17.4 27.8     3639     2741     4537 22.4 16.9 27.9  61033  55280  66786                                        Macon County                                  IL est23all.txt 27NOV2024
17 117     5596     4601     6591 13.0 10.7 15.3     1483     1083     1883 17.0 12.4 21.6     1058      755     1361 16.2 11.6 20.8  70256  64051  76461                                        Macoupin County                               IL est23all.txt 27NOV2024
17 119    28487    24388    32586 11.1  9.5 12.7     7264     5496     9032 13.4 10.1 16.7     5284     3845     6723 12.8  9.3 16.3  73194  69122  77266                                        Madison County                                IL est23all.txt 27NOV2024
17 121     5696     4718     6674 16.0 13.3 18.7     1733     1217     2249 20.6 14.5 26.7     1260      869     1651 20.4 14.1 26.7  54774  50129  59419                                        Marion County                                 IL est23all.txt 27NOV2024
17 123     1164      931     1397 10.2  8.2 12.2      370      269      471 15.8 11.5 20.1      254      176      332 14.7 10.1 19.3  70246  65562  74930                                        Marshall County                               IL est23all.txt 27NOV2024
17 125     1837     1470     2204 14.9 11.9 17.9      537      385      689 21.9 15.7 28.1      390      273      507 20.7 14.5 26.9  62146  55669  68623                                        Mason County                                  IL est23all.txt 27NOV2024
17 127     2380     1948     2812 17.7 14.5 20.9      827      652     1002 30.6 24.1 37.1      614      482      746 29.4 23.1 35.7  58202  52767  63637                                        Massac County                                 IL est23all.txt 27NOV2024
17 129     1212      973     1451 10.3  8.3 12.3      336      241      431 13.4  9.6 17.2      233      158      308 12.3  8.4 16.2  80964  70758  91170                                        Menard County                                 IL est23all.txt 27NOV2024
17 131     1497     1151     1843  9.8  7.5 12.1      429      308      550 13.5  9.7 17.3      319      225      413 13.1  9.2 17.0  77098  69346  84850                                        Mercer County                                 IL est23all.txt 27NOV2024
17 133     1691     1306     2076  4.9  3.8  6.0      332      227      437  4.5  3.1  5.9      224      149      299  3.9  2.6  5.2 103032  92919 113145                                        Monroe County                                 IL est23all.txt 27NOV2024
17 135     3713     2988     4438 14.7 11.8 17.6      984      716     1252 18.2 13.2 23.2      695      491      899 17.0 12.0 22.0  60599  55585  65613                                        Montgomery County                             IL est23all.txt 27NOV2024
17 137     4159     3381     4937 13.9 11.3 16.5     1054      735     1373 17.4 12.1 22.7      762      511     1013 17.2 11.6 22.8  64268  57253  71283                                        Morgan County                                 IL est23all.txt 27NOV2024
17 139     1544     1239     1849 11.0  8.8 13.2      466      335      597 13.3  9.6 17.0      316      213      419 11.8  7.9 15.7  72928  64591  81265                                        Moultrie County                               IL est23all.txt 27NOV2024
17 141     4660     3674     5646  9.2  7.3 11.1     1335      961     1709 12.0  8.6 15.4      955      666     1244 11.4  7.9 14.9  78109  73040  83178                                        Ogle County                                   IL est23all.txt 27NOV2024
17 143    29050    25649    32451 16.8 14.8 18.8     9106     7317    10895 22.1 17.8 26.4     6477     5125     7829 21.5 17.0 26.0  62873  58806  66940                                        Peoria County                                 IL est23all.txt 27NOV2024
17 145     3089     2482     3696 17.0 13.7 20.3      932      738     1126 24.4 19.3 29.5      666      526      806 23.1 18.2 28.0  62830  56565  69095                                        Perry County                                  IL est23all.txt 27NOV2024
17 147     1120      856     1384  6.8  5.2  8.4      284      196      372  8.0  5.5 10.5      198      131      265  7.3  4.8  9.8  81611  72545  90677                                        Piatt County                                  IL est23all.txt 27NOV2024
17 149     2100     1678     2522 15.0 12.0 18.0      682      507      857 21.0 15.6 26.4      508      373      643 21.2 15.5 26.9  58733  52982  64484                                        Pike County                                   IL est23all.txt 27NOV2024
17 151      587      439      735 16.1 12.0 20.2      107       71      143 26.4 17.5 35.3       87       56      118 32.0 20.6 43.4  58093  52677  63509                                        Pope County                                   IL est23all.txt 27NOV2024
17 153     1065      810     1320 22.4 17.0 27.8      350      243      457 35.4 24.6 46.2      256      173      339 33.1 22.3 43.9  50863  45878  55848                                        Pulaski County                                IL est23all.txt 27NOV2024
17 155      485      381      589  8.8  6.9 10.7      132       94      170 12.7  9.0 16.4       99       69      129 12.2  8.5 15.9  75469  68552  82386                                        Putnam County                                 IL est23all.txt 27NOV2024
17 157     3225     2537     3913 11.8  9.3 14.3      871      606     1136 14.9 10.4 19.4      609      397      821 14.0  9.1 18.9  70526  64394  76658                                        Randolph County                               IL est23all.txt 27NOV2024
17 159     1996     1543     2449 13.1 10.1 16.1      581      399      763 17.1 11.7 22.5      413      275      551 16.0 10.7 21.3  57119  51372  62866                                        Richland County                               IL est23all.txt 27NOV2024
17 161    20292    17527    23057 14.8 12.8 16.8     6509     5096     7922 21.0 16.4 25.6     4718     3706     5730 20.6 16.2 25.0  63457  59843  67071                                        Rock Island County                            IL est23all.txt 27NOV2024
17 163    32969    27568    38370 13.4 11.2 15.6     9639     6954    12324 17.3 12.5 22.1     7772     5709     9835 18.2 13.4 23.0  66007  62304  69710                                        St. Clair County                              IL est23all.txt 27NOV2024
17 165     4125     3354     4896 18.5 15.0 22.0     1106      790     1422 24.3 17.4 31.2      801      558     1044 24.0 16.7 31.3  53318  49253  57383                                        Saline County                                 IL est23all.txt 27NOV2024
17 167    22654    19252    26056 11.9 10.1 13.7     6814     5141     8487 16.7 12.6 20.8     4886     3685     6087 16.1 12.1 20.1  73004  68754  77254                                        Sangamon County                               IL est23all.txt 27NOV2024
17 169      909      787     1031 13.7 11.9 15.5      164      110      218 14.2  9.6 18.8      122       80      164 14.5  9.5 19.5  64444  56387  72501                                        Schuyler County                               IL est23all.txt 27NOV2024
17 171      532      405      659 11.4  8.7 14.1      157      108      206 17.0 11.7 22.3      118       79      157 16.3 10.9 21.7  67157  59342  74972                                        Scott County                                  IL est23all.txt 27NOV2024
17 173     2148     1667     2629 10.6  8.2 13.0      555      391      719 13.1  9.2 17.0      394      264      524 12.2  8.2 16.2  68618  62400  74836                                        Shelby County                                 IL est23all.txt 27NOV2024
17 175      578      441      715 11.3  8.6 14.0      182      127      237 16.4 11.4 21.4      131       88      174 15.6 10.5 20.7  69523  61508  77538                                        Stark County                                  IL est23all.txt 27NOV2024
17 177     5355     4273     6437 12.7 10.1 15.3     1539     1038     2040 17.5 11.8 23.2     1139      754     1524 17.0 11.2 22.8  64926  58859  70993                                        Stephenson County                             IL est23all.txt 27NOV2024
17 179    11308     9407    13209  8.9  7.4 10.4     2829     2028     3630 10.3  7.4 13.2     2038     1413     2663  9.7  6.7 12.7  73659  68285  79033                                        Tazewell County                               IL est23all.txt 27NOV2024
17 181     2568     2063     3073 15.9 12.8 19.0      645      439      851 19.5 13.3 25.7      469      312      626 18.7 12.4 25.0  64452  58788  70116                                        Union County                                  IL est23all.txt 27NOV2024
17 183    13422    11530    15314 19.5 16.8 22.2     4698     3814     5582 28.7 23.3 34.1     3135     2419     3851 25.9 20.0 31.8  51813  46536  57090                                        Vermilion County                              IL est23all.txt 27NOV2024
17 185     1527     1214     1840 14.4 11.5 17.3      392      280      504 17.7 12.6 22.8      271      183      359 15.6 10.5 20.7  64466  56392  72540                                        Wabash County                                 IL est23all.txt 27NOV2024
17 187     1850     1397     2303 12.1  9.1 15.1      585      403      767 16.4 11.3 21.5      423      286      560 16.4 11.1 21.7  64493  57236  71750                                        Warren County                                 IL est23all.txt 27NOV2024
17 189     1164      913     1415  8.7  6.8 10.6      280      197      363 10.5  7.4 13.6      202      139      265 10.1  6.9 13.3  74848  69364  80332                                        Washington County                             IL est23all.txt 27NOV2024
17 191     1983     1536     2430 12.7  9.8 15.6      613      428      798 17.9 12.5 23.3      429      290      568 16.8 11.4 22.2  56071  49520  62622                                        Wayne County                                  IL est23all.txt 27NOV2024
17 193     1910     1498     2322 14.9 11.7 18.1      542      382      702 19.4 13.7 25.1      384      265      503 17.6 12.1 23.1  56768  50319  63217                                        White County                                  IL est23all.txt 27NOV2024
17 195     6080     4883     7277 11.4  9.2 13.6     1828     1305     2351 15.7 11.2 20.2     1276      875     1677 14.6 10.0 19.2  68641  63368  73914                                        Whiteside County                              IL est23all.txt 27NOV2024
17 197    49733    43467    55999  7.2  6.3  8.1    14931    12192    17670  9.3  7.6 11.0    11065     8870    13260  8.9  7.1 10.7 103587 100532 106642                                        Will County                                   IL est23all.txt 27NOV2024
17 199    10883     9361    12405 16.8 14.4 19.2     3013     2379     3647 21.9 17.3 26.5     2043     1542     2544 19.6 14.8 24.4  60704  56950  64458                                        Williamson County                             IL est23all.txt 27NOV2024
17 201    40617    35861    45373 14.7 13.0 16.4    13023    10655    15391 20.3 16.6 24.0     9426     7526    11326 19.9 15.9 23.9  65795  62937  68653                                        Winnebago County                              IL est23all.txt 27NOV2024
17 203     2575     2078     3072  6.9  5.6  8.2      676      475      877  7.6  5.3  9.9      497      337      657  7.3  5.0  9.6  90169  82110  98228                                        Woodford County                               IL est23all.txt 27NOV2024
18   0   815808   798319   833297 12.2 11.9 12.5   234986   223654   246318 15.1 14.4 15.8   161556   151532   171580 14.0 13.1 14.9  69458  68663  70253   65440   60388   70492 16.6 15.3 17.9 Indiana                                       IN est23all.txt 27NOV2024
18   1     4074     3273     4875 11.4  9.2 13.6     1934     1376     2492 17.3 12.3 22.3     1310      862     1758 16.2 10.7 21.7  66567  60137  72997                                        Adams County                                  IN est23all.txt 27NOV2024
18   3    50579    45696    55462 13.0 11.7 14.3    17016    14534    19498 17.4 14.9 19.9    11155     9280    13030 15.6 13.0 18.2  66194  63485  68903                                        Allen County                                  IN est23all.txt 27NOV2024
18   5     8261     6693     9829 10.0  8.1 11.9     2464     1790     3138 12.4  9.0 15.8     1707     1197     2217 11.8  8.3 15.3  79870  72461  87279                                        Bartholomew County                            IN est23all.txt 27NOV2024
18   7      854      672     1036  9.9  7.8 12.0      287      210      364 13.9 10.2 17.6      200      143      257 12.8  9.1 16.5  64671  57961  71381                                        Benton County                                 IN est23all.txt 27NOV2024
18   9     1839     1550     2128 15.7 13.2 18.2      484      337      631 18.8 13.1 24.5      339      228      450 17.4 11.7 23.1  51799  45379  58219                                        Blackford County                              IN est23all.txt 27NOV2024
18  11     3502     2657     4347  4.7  3.6  5.8      949      642     1256  5.0  3.4  6.6      543      321      765  3.8  2.3  5.3 103970  99554 108386                                        Boone County                                  IN est23all.txt 27NOV2024
18  13     1538     1226     1850  9.9  7.9 11.9      330      227      433 13.0  8.9 17.1      238      158      318 12.2  8.1 16.3  72141  65566  78716                                        Brown County                                  IN est23all.txt 27NOV2024
18  15     1881     1485     2277  9.2  7.3 11.1      505      348      662 11.7  8.1 15.3      365      244      486 11.2  7.5 14.9  71740  63889  79591                                        Carroll County                                IN est23all.txt 27NOV2024
18  17     4853     4055     5651 13.1 10.9 15.3     1406     1024     1788 16.5 12.0 21.0      887      579     1195 14.2  9.3 19.1  54436  50074  58798                                        Cass County                                   IN est23all.txt 27NOV2024
18  19    11588     9676    13500  9.4  7.9 10.9     2967     2083     3851 11.1  7.8 14.4     1976     1294     2658 10.1  6.6 13.6  71718  68107  75329                                        Clark County                                  IN est23all.txt 27NOV2024
18  21     3280     2634     3926 12.6 10.1 15.1      943      661     1225 15.9 11.1 20.7      661      456      866 15.0 10.3 19.7  62834  55627  70041                                        Clay County                                   IN est23all.txt 27NOV2024
18  23     3645     2943     4347 11.4  9.2 13.6     1189      857     1521 14.1 10.2 18.0      757      504     1010 11.9  7.9 15.9  66119  58734  73504                                        Clinton County                                IN est23all.txt 27NOV2024
18  25     1831     1497     2165 17.7 14.5 20.9      488      353      623 23.5 17.0 30.0      316      214      418 20.5 13.9 27.1  56019  49186  62852                                        Crawford County                               IN est23all.txt 27NOV2024
18  27     3482     2711     4253 10.6  8.3 12.9     1302      882     1722 13.3  9.0 17.6      917      606     1228 12.7  8.4 17.0  76778  71527  82029                                        Daviess County                                IN est23all.txt 27NOV2024
18  29     3982     3127     4837  7.9  6.2  9.6     1009      684     1334  9.4  6.4 12.4      701      450      952  8.5  5.5 11.5  82578  75385  89771                                        Dearborn County                               IN est23all.txt 27NOV2024
18  31     2754     2166     3342 10.6  8.3 12.9      740      501      979 12.3  8.3 16.3      511      323      699 11.6  7.3 15.9  71150  64970  77330                                        Decatur County                                IN est23all.txt 27NOV2024
18  33     4933     4222     5644 11.3  9.7 12.9     1278      948     1608 12.3  9.1 15.5      842      603     1081 11.1  8.0 14.2  68933  61824  76042                                        De Kalb County                                IN est23all.txt 27NOV2024
18  35    20252    17871    22633 19.4 17.1 21.7     4036     3067     5005 20.6 15.7 25.5     2715     1958     3472 18.9 13.6 24.2  55704  51529  59879                                        Delaware County                               IN est23all.txt 27NOV2024
18  37     3281     2663     3899  7.7  6.3  9.1      828      587     1069  8.0  5.7 10.3      581      397      765  7.5  5.1  9.9  74001  67798  80204                                        Dubois County                                 IN est23all.txt 27NOV2024
18  39    23765    20567    26963 11.7 10.1 13.3     8343     6872     9814 15.3 12.6 18.0     5533     4351     6715 13.8 10.9 16.7  69262  64320  74204                                        Elkhart County                                IN est23all.txt 27NOV2024
18  41     3693     3037     4349 16.1 13.2 19.0     1010      727     1293 20.3 14.6 26.0      710      496      924 19.6 13.7 25.5  60483  54485  66481                                        Fayette County                                IN est23all.txt 27NOV2024
18  43     8065     6660     9470 10.2  8.4 12.0     2274     1678     2870 13.0  9.6 16.4     1580     1122     2038 11.8  8.4 15.2  79008  73180  84836                                        Floyd County                                  IN est23all.txt 27NOV2024
18  45     1761     1367     2155 10.6  8.2 13.0      503      352      654 13.9  9.7 18.1      348      238      458 13.5  9.2 17.8  63747  56701  70793                                        Fountain County                               IN est23all.txt 27NOV2024
18  47     2020     1586     2454  8.8  6.9 10.7      509      345      673 10.2  6.9 13.5      371      243      499  9.8  6.4 13.2  77456  68925  85987                                        Franklin County                               IN est23all.txt 27NOV2024
18  49     2215     1725     2705 11.0  8.6 13.4      750      536      964 16.2 11.6 20.8      514      351      677 14.9 10.2 19.6  60258  55225  65291                                        Fulton County                                 IN est23all.txt 27NOV2024
18  51     3541     2984     4098 11.0  9.3 12.7      825      574     1076 10.9  7.6 14.2      594      407      781 10.5  7.2 13.8  67497  61206  73788                                        Gibson County                                 IN est23all.txt 27NOV2024
18  53    12254    10619    13889 20.0 17.3 22.7     3371     2613     4129 24.3 18.8 29.8     2376     1814     2938 23.3 17.8 28.8  53872  49499  58245                                        Grant County                                  IN est23all.txt 27NOV2024
18  55     3665     2907     4423 11.9  9.4 14.4      984      656     1312 15.1 10.1 20.1      717      466      968 15.0  9.8 20.2  59626  53097  66155                                        Greene County                                 IN est23all.txt 27NOV2024
18  57    17814    15424    20204  4.8  4.2  5.4     4090     3148     5032  4.5  3.5  5.5     3019     2307     3731  4.3  3.3  5.3 121231 114660 127802                                        Hamilton County                               IN est23all.txt 27NOV2024
18  59     4827     3920     5734  5.7  4.6  6.8     1143      790     1496  5.8  4.0  7.6      783      516     1050  5.3  3.5  7.1  94581  88739 100423                                        Hancock County                                IN est23all.txt 27NOV2024
18  61     3409     2689     4129  8.6  6.8 10.4      900      632     1168 10.5  7.4 13.6      652      443      861 10.0  6.8 13.2  75443  68039  82847                                        Harrison County                               IN est23all.txt 27NOV2024
18  63    10215     8383    12047  5.6  4.6  6.6     2625     1865     3385  5.9  4.2  7.6     1844     1249     2439  5.3  3.6  7.0  95323  88442 102204                                        Hendricks County                              IN est23all.txt 27NOV2024
18  65     5752     4669     6835 12.7 10.3 15.1     1613     1194     2032 16.8 12.4 21.2     1038      715     1361 14.4  9.9 18.9  62048  58358  65738                                        Henry County                                  IN est23all.txt 27NOV2024
18  67    10491     8811    12171 12.7 10.7 14.7     3396     2556     4236 18.1 13.6 22.6     2213     1582     2844 15.9 11.4 20.4  61548  59282  63814                                        Howard County                                 IN est23all.txt 27NOV2024
18  69     3160     2480     3840  8.9  7.0 10.8      943      650     1236 12.1  8.3 15.9      684      456      912 12.0  8.0 16.0  67462  60596  74328                                        Huntington County                             IN est23all.txt 27NOV2024
18  71     4604     3579     5629 10.1  7.8 12.4     1497     1044     1950 12.9  9.0 16.8     1005      666     1344 12.2  8.1 16.3  69753  64052  75454                                        Jackson County                                IN est23all.txt 27NOV2024
18  73     2881     2221     3541  8.7  6.7 10.7      744      485     1003 10.0  6.5 13.5      556      350      762  9.9  6.2 13.6  75027  67983  82071                                        Jasper County                                 IN est23all.txt 27NOV2024
18  75     2652     2148     3156 13.4 10.8 16.0     1034      766     1302 20.6 15.3 25.9      724      523      925 20.3 14.7 25.9  61030  53597  68463                                        Jay County                                    IN est23all.txt 27NOV2024
18  77     3722     2902     4542 12.1  9.4 14.8     1032      727     1337 16.4 11.5 21.3      727      491      963 16.0 10.8 21.2  62153  55539  68767                                        Jefferson County                              IN est23all.txt 27NOV2024
18  79     3652     3007     4297 13.4 11.0 15.8      996      702     1290 16.1 11.3 20.9      686      463      909 14.9 10.1 19.7  61695  54382  69008                                        Jennings County                               IN est23all.txt 27NOV2024
18  81    11813     9484    14142  7.2  5.8  8.6     3278     2285     4271  8.3  5.8 10.8     2275     1540     3010  7.6  5.1 10.1  91676  85776  97576                                        Johnson County                                IN est23all.txt 27NOV2024
18  83     5378     4372     6384 15.7 12.8 18.6     1307      908     1706 17.2 12.0 22.4      907      599     1215 16.2 10.7 21.7  57242  51482  63002                                        Knox County                                   IN est23all.txt 27NOV2024
18  85     7359     6076     8642  9.4  7.8 11.0     2016     1466     2566 11.0  8.0 14.0     1343      930     1756  9.8  6.8 12.8  72726  66462  78990                                        Kosciusko County                              IN est23all.txt 27NOV2024
18  87     3420     2718     4122  8.4  6.7 10.1     1335      941     1729 10.5  7.4 13.6      969      670     1268 10.6  7.3 13.9  81738  73637  89839                                        Lagrange County                               IN est23all.txt 27NOV2024
18  89    70594    63159    78029 14.3 12.8 15.8    22621    19022    26220 20.0 16.8 23.2    15756    12940    18572 18.6 15.3 21.9  69182  66441  71923                                        Lake County                                   IN est23all.txt 27NOV2024
18  91    14984    12645    17323 14.3 12.1 16.5     4978     3968     5988 21.6 17.2 26.0     3300     2518     4082 19.3 14.7 23.9  64204  59504  68904                                        La Porte County                               IN est23all.txt 27NOV2024
18  93     5391     4508     6274 12.1 10.1 14.1     1504     1137     1871 16.1 12.2 20.0     1087      814     1360 15.8 11.8 19.8  64958  60345  69571                                        Lawrence County                               IN est23all.txt 27NOV2024
18  95    16422    13949    18895 13.0 11.0 15.0     4685     3558     5812 17.1 13.0 21.2     3155     2206     4104 15.7 11.0 20.4  62000  58394  65606                                        Madison County                                IN est23all.txt 27NOV2024
18  97   148329   137873   158785 15.6 14.5 16.7    48927    42880    54974 20.7 18.1 23.3    34010    29238    38782 20.0 17.2 22.8  66653  64858  68448                                        Marion County                                 IN est23all.txt 27NOV2024
18  99     4854     3989     5719 10.6  8.7 12.5     1396     1061     1731 12.7  9.6 15.8      896      636     1156 10.9  7.7 14.1  70390  63512  77268                                        Marshall County                               IN est23all.txt 27NOV2024
18 101     1282     1029     1535 13.2 10.6 15.8      347      259      435 16.3 12.2 20.4      242      176      308 15.7 11.4 20.0  60862  53483  68241                                        Martin County                                 IN est23all.txt 27NOV2024
18 103     4851     4002     5700 15.2 12.5 17.9     1376     1027     1725 19.2 14.3 24.1      946      681     1211 17.7 12.7 22.7  59297  52108  66486                                        Miami County                                  IN est23all.txt 27NOV2024
18 105    22533    20261    24805 17.7 15.9 19.5     2908     2164     3652 13.5 10.0 17.0     1974     1429     2519 12.4  9.0 15.8  60553  56256  64850                                        Monroe County                                 IN est23all.txt 27NOV2024
18 107     4077     3247     4907 10.9  8.7 13.1     1262      921     1603 14.6 10.7 18.5      883      621     1145 13.8  9.7 17.9  69928  63937  75919                                        Montgomery County                             IN est23all.txt 27NOV2024
18 109     7067     5812     8322  9.8  8.1 11.5     1869     1370     2368 11.9  8.7 15.1     1355      975     1735 11.5  8.3 14.7  74193  67995  80391                                        Morgan County                                 IN est23all.txt 27NOV2024
18 111     1410     1119     1701 10.2  8.1 12.3      373      250      496 12.9  8.7 17.1      259      164      354 12.3  7.8 16.8  70836  63098  78574                                        Newton County                                 IN est23all.txt 27NOV2024
18 113     4949     4081     5817 10.6  8.7 12.5     1221      852     1590 10.9  7.6 14.2      853      553     1153 10.5  6.8 14.2  66072  60541  71603                                        Noble County                                  IN est23all.txt 27NOV2024
18 115      547      416      678  9.2  7.0 11.4      143       98      188 12.2  8.4 16.0       98       65      131 11.0  7.3 14.7  70757  62083  79431                                        Ohio County                                   IN est23all.txt 27NOV2024
18 117     2646     2117     3175 13.7 11.0 16.4      777      529     1025 17.6 12.0 23.2      551      360      742 16.9 11.1 22.7  59750  53609  65891                                        Orange County                                 IN est23all.txt 27NOV2024
18 119     2645     2108     3182 12.5 10.0 15.0      742      528      956 17.8 12.7 22.9      515      348      682 16.2 10.9 21.5  62247  54940  69554                                        Owen County                                   IN est23all.txt 27NOV2024
18 121     2345     1896     2794 15.2 12.3 18.1      720      514      926 19.4 13.8 25.0      509      350      668 18.8 12.9 24.7  70989  67118  74860                                        Parke County                                  IN est23all.txt 27NOV2024
18 123     2513     2048     2978 14.3 11.7 16.9      628      460      796 16.3 11.9 20.7      429      304      554 14.9 10.6 19.2  63098  55926  70270                                        Perry County                                  IN est23all.txt 27NOV2024
18 125     1281      994     1568 10.8  8.4 13.2      368      260      476 14.1 10.0 18.2      251      170      332 13.1  8.9 17.3  66716  59293  74139                                        Pike County                                   IN est23all.txt 27NOV2024
18 127    15959    13968    17950  9.3  8.1 10.5     3850     3083     4617 10.6  8.5 12.7     2614     1998     3230  9.5  7.3 11.7  79398  74641  84155                                        Porter County                                 IN est23all.txt 27NOV2024
18 129     2315     1816     2814  9.3  7.3 11.3      610      438      782 11.6  8.3 14.9      433      302      564 10.7  7.5 13.9  76228  69692  82764                                        Posey County                                  IN est23all.txt 27NOV2024
18 131     1376     1089     1663 11.3  8.9 13.7      386      259      513 14.5  9.7 19.3      269      171      367 13.4  8.5 18.3  70303  64857  75749                                        Pulaski County                                IN est23all.txt 27NOV2024
18 133     3593     2786     4400 10.8  8.4 13.2      912      635     1189 12.7  8.9 16.5      657      448      866 12.3  8.4 16.2  73137  66717  79557                                        Putnam County                                 IN est23all.txt 27NOV2024
18 135     3497     2849     4145 14.6 11.9 17.3     1003      727     1279 18.6 13.5 23.7      715      504      926 18.1 12.8 23.4  58725  52381  65069                                        Randolph County                               IN est23all.txt 27NOV2024
18 137     2942     2372     3512 10.3  8.3 12.3      890      643     1137 13.0  9.4 16.6      615      423      807 12.2  8.4 16.0  66942  59755  74129                                        Ripley County                                 IN est23all.txt 27NOV2024
18 139     1797     1413     2181 10.8  8.5 13.1      500      346      654 13.6  9.4 17.8      359      240      478 13.3  8.9 17.7  65326  58093  72559                                        Rush County                                   IN est23all.txt 27NOV2024
18 141    36928    32950    40906 14.2 12.7 15.7    11402     9321    13483 18.4 15.0 21.8     8273     6662     9884 18.2 14.7 21.7  65977  63064  68890                                        St. Joseph County                             IN est23all.txt 27NOV2024
18 143     3520     2770     4270 14.5 11.4 17.6     1065      755     1375 19.5 13.8 25.2      720      489      951 17.7 12.0 23.4  62584  55734  69434                                        Scott County                                  IN est23all.txt 27NOV2024
18 145     4945     4092     5798 11.2  9.3 13.1     1261      923     1599 12.9  9.4 16.4      857      599     1115 11.7  8.2 15.2  71548  64829  78267                                        Shelby County                                 IN est23all.txt 27NOV2024
18 147     1712     1329     2095  8.7  6.8 10.6      428      294      562 10.2  7.0 13.4      304      199      409  9.5  6.2 12.8  77467  74133  80801                                        Spencer County                                IN est23all.txt 27NOV2024
18 149     3019     2382     3656 13.1 10.3 15.9      931      680     1182 18.4 13.4 23.4      624      437      811 16.5 11.6 21.4  61259  55292  67226                                        Starke County                                 IN est23all.txt 27NOV2024
18 151     3362     2674     4050 10.2  8.1 12.3      861      600     1122 13.0  9.1 16.9      594      399      789 12.2  8.2 16.2  71355  65366  77344                                        Steuben County                                IN est23all.txt 27NOV2024
18 153     2890     2368     3412 15.6 12.8 18.4      711      542      880 18.9 14.4 23.4      450      315      585 16.5 11.5 21.5  59148  52192  66104                                        Sullivan County                               IN est23all.txt 27NOV2024
18 155     1264      947     1581 12.8  9.6 16.0      497      343      651 21.4 14.8 28.0      353      235      471 20.5 13.6 27.4  60219  53502  66936                                        Switzerland County                            IN est23all.txt 27NOV2024
18 157    29604    26786    32422 17.1 15.5 18.7     4756     3557     5955 12.7  9.5 15.9     3212     2325     4099 11.7  8.5 14.9  61681  58615  64747                                        Tippecanoe County                             IN est23all.txt 27NOV2024
18 159     1346     1069     1623  9.0  7.2 10.8      377      288      466 12.4  9.5 15.3      231      162      300 10.2  7.1 13.3  76188  69036  83340                                        Tipton County                                 IN est23all.txt 27NOV2024
18 161      772      591      953 11.2  8.6 13.8      228      159      297 15.9 11.1 20.7      158      105      211 14.6  9.7 19.5  64648  56558  72738                                        Union County                                  IN est23all.txt 27NOV2024
18 163    23903    20635    27171 13.8 11.9 15.7     6592     5038     8146 17.4 13.3 21.5     4280     3080     5480 15.5 11.2 19.8  60923  57535  64311                                        Vanderburgh County                            IN est23all.txt 27NOV2024
18 165     1902     1499     2305 12.5  9.8 15.2      533      378      688 16.4 11.6 21.2      380      265      495 15.9 11.1 20.7  58743  51739  65747                                        Vermillion County                             IN est23all.txt 27NOV2024
18 167    19591    17382    21800 20.2 17.9 22.5     4477     3380     5574 21.1 15.9 26.3     3055     2234     3876 19.7 14.4 25.0  50665  46342  54988                                        Vigo County                                   IN est23all.txt 27NOV2024
18 169     3472     2849     4095 11.8  9.7 13.9      836      589     1083 13.6  9.6 17.6      578      393      763 12.7  8.6 16.8  60668  54038  67298                                        Wabash County                                 IN est23all.txt 27NOV2024
18 171      802      646      958  9.6  7.7 11.5      222      161      283 12.2  8.8 15.6      145       98      192 10.3  7.0 13.6  74750  65548  83952                                        Warren County                                 IN est23all.txt 27NOV2024
18 173     5365     4481     6249  8.3  6.9  9.7     1308      962     1654  8.9  6.6 11.2      942      678     1206  8.3  6.0 10.6  87293  79356  95230                                        Warrick County                                IN est23all.txt 27NOV2024
18 175     3603     2946     4260 13.0 10.6 15.4     1113      783     1443 18.1 12.7 23.5      783      527     1039 17.2 11.6 22.8  55682  50977  60387                                        Washington County                             IN est23all.txt 27NOV2024
18 177    11070     9360    12780 17.3 14.6 20.0     3333     2546     4120 22.9 17.5 28.3     2353     1794     2912 22.2 16.9 27.5  52956  49384  56528                                        Wayne County                                  IN est23all.txt 27NOV2024
18 179     2415     1904     2926  8.6  6.8 10.4      736      514      958 10.7  7.5 13.9      492      325      659  9.6  6.3 12.9  69833  62010  77656                                        Wells County                                  IN est23all.txt 27NOV2024
18 181     2665     2157     3173 10.8  8.7 12.9      861      634     1088 14.9 11.0 18.8      621      453      789 15.1 11.0 19.2  67077  61078  73076                                        White County                                  IN est23all.txt 27NOV2024
18 183     2919     2395     3443  8.5  7.0 10.0      792      591      993 10.3  7.7 12.9      531      375      687  9.1  6.4 11.8  76326  69709  82943                                        Whitley County                                IN est23all.txt 27NOV2024
19   0   344877   333999   355755 11.1 10.8 11.4    93466    87620    99312 13.0 12.2 13.8    64031    58920    69142 12.0 11.0 13.0  71662  70557  72767   25764   23195   28333 14.3 12.9 15.7 Iowa                                          IA est23all.txt 27NOV2024
19   1      709      551      867  9.8  7.6 12.0      220      151      289 13.3  9.2 17.4      150       99      201 12.4  8.2 16.6  67873  59877  75869                                        Adair County                                  IA est23all.txt 27NOV2024
19   3      405      313      497 11.6  9.0 14.2      116       79      153 15.3 10.5 20.1       83       55      111 14.7  9.8 19.6  63399  55732  71066                                        Adams County                                  IA est23all.txt 27NOV2024
19   5     1542     1214     1870 11.1  8.7 13.5      575      404      746 17.0 12.0 22.0      418      286      550 17.2 11.8 22.6  65586  58177  72995                                        Allamakee County                              IA est23all.txt 27NOV2024
19   7     1914     1513     2315 16.1 12.7 19.5      560      401      719 21.4 15.3 27.5      399      280      518 20.0 14.0 26.0  54629  48563  60695                                        Appanoose County                              IA est23all.txt 27NOV2024
19   9      555      428      682 10.2  7.9 12.5      162      110      214 13.7  9.4 18.0      115       77      153 13.2  8.8 17.6  64977  56963  72991                                        Audubon County                                IA est23all.txt 27NOV2024
19  11     2035     1609     2461  8.0  6.3  9.7      527      367      687  9.1  6.3 11.9      386      264      508  8.9  6.1 11.7  86364  79066  93662                                        Benton County                                 IA est23all.txt 27NOV2024
19  13    17837    15424    20250 14.2 12.3 16.1     4248     3209     5287 15.1 11.4 18.8     2740     1926     3554 13.6  9.6 17.6  61558  57265  65851                                        Black Hawk County                             IA est23all.txt 27NOV2024
19  15     2122     1671     2573  8.2  6.5  9.9      496      349      643  9.5  6.7 12.3      328      214      442  8.5  5.5 11.5  77381  69962  84800                                        Boone County                                  IA est23all.txt 27NOV2024
19  17     1848     1506     2190  7.8  6.4  9.2      366      256      476  6.6  4.6  8.6      258      173      343  6.0  4.0  8.0  79410  72961  85859                                        Bremer County                                 IA est23all.txt 27NOV2024
19  19     1815     1396     2234  8.8  6.8 10.8      638      433      843 12.4  8.4 16.4      454      299      609 12.0  7.9 16.1  80402  73497  87307                                        Buchanan County                               IA est23all.txt 27NOV2024
19  21     2404     1983     2825 12.2 10.1 14.3      878      687     1069 16.6 13.0 20.2      604      456      752 15.8 11.9 19.7  65671  58421  72921                                        Buena Vista County                            IA est23all.txt 27NOV2024
19  23     1105      851     1359  7.9  6.1  9.7      284      194      374  9.3  6.4 12.2      200      132      268  8.7  5.7 11.7  73033  65437  80629                                        Butler County                                 IA est23all.txt 27NOV2024
19  25     1059      825     1293 11.6  9.0 14.2      303      209      397 14.4  9.9 18.9      224      150      298 13.7  9.2 18.2  63597  58327  68867                                        Calhoun County                                IA est23all.txt 27NOV2024
19  27     1875     1535     2215  9.3  7.6 11.0      422      289      555  8.6  5.9 11.3      308      206      410  8.3  5.5 11.1  61806  55470  68142                                        Carroll County                                IA est23all.txt 27NOV2024
19  29     1913     1587     2239 14.8 12.3 17.3      545      404      686 18.4 13.6 23.2      394      288      500 17.4 12.7 22.1  59509  53459  65559                                        Cass County                                   IA est23all.txt 27NOV2024
19  31     1426     1128     1724  7.9  6.2  9.6      352      252      452  9.3  6.6 12.0      247      168      326  8.6  5.9 11.3  77777  70840  84714                                        Cedar County                                  IA est23all.txt 27NOV2024
19  33     4422     3545     5299 10.7  8.6 12.8     1142      785     1499 13.1  9.0 17.2      798      536     1060 12.3  8.3 16.3  63161  58520  67802                                        Cerro Gordo County                            IA est23all.txt 27NOV2024
19  35     1125      877     1373  9.9  7.7 12.1      335      232      438 12.9  8.9 16.9      237      160      314 12.1  8.2 16.0  70197  61581  78813                                        Cherokee County                               IA est23all.txt 27NOV2024
19  37     1003      787     1219  8.8  6.9 10.7      237      164      310  9.0  6.2 11.8      168      111      225  8.5  5.6 11.4  73547  64554  82540                                        Chickasaw County                              IA est23all.txt 27NOV2024
19  39      992      758     1226 10.5  8.0 13.0      371      256      486 15.3 10.5 20.1      258      172      344 14.5  9.6 19.4  65162  58979  71345                                        Clarke County                                 IA est23all.txt 27NOV2024
19  41     1700     1342     2058 10.5  8.3 12.7      545      402      688 14.9 11.0 18.8      357      255      459 12.9  9.2 16.6  72021  65048  78994                                        Clay County                                   IA est23all.txt 27NOV2024
19  43     1753     1395     2111 10.5  8.4 12.6      459      324      594 12.8  9.0 16.6      302      203      401 11.4  7.6 15.2  65814  60590  71038                                        Clayton County                                IA est23all.txt 27NOV2024
19  45     6040     4962     7118 13.3 10.9 15.7     1846     1358     2334 18.0 13.2 22.8     1270      902     1638 16.5 11.7 21.3  67095  60695  73495                                        Clinton County                                IA est23all.txt 27NOV2024
19  47     1774     1408     2140 11.2  8.9 13.5      525      375      675 13.6  9.7 17.5      360      246      474 13.1  9.0 17.2  64170  60806  67534                                        Crawford County                               IA est23all.txt 27NOV2024
19  49     6592     5714     7470  6.0  5.2  6.8     1564     1175     1953  5.4  4.1  6.7     1079      782     1376  5.0  3.6  6.4 102189  94695 109683                                        Dallas County                                 IA est23all.txt 27NOV2024
19  51     1055      816     1294 11.6  9.0 14.2      419      290      548 15.6 10.8 20.4      298      198      398 15.3 10.2 20.4  66410  58245  74575                                        Davis County                                  IA est23all.txt 27NOV2024
19  53     1309     1041     1577 18.3 14.6 22.0      451      328      574 25.7 18.7 32.7      290      196      384 21.9 14.8 29.0  54409  48023  60795                                        Decatur County                                IA est23all.txt 27NOV2024
19  55     1505     1191     1819  8.7  6.9 10.5      387      260      514  9.7  6.5 12.9      282      183      381  9.5  6.2 12.8  69339  63475  75203                                        Delaware County                               IA est23all.txt 27NOV2024
19  57     5380     4463     6297 14.3 11.9 16.7     1734     1283     2185 20.9 15.5 26.3     1106      748     1464 17.7 12.0 23.4  60599  54445  66753                                        Des Moines County                             IA est23all.txt 27NOV2024
19  59     1400     1110     1690  7.9  6.3  9.5      296      211      381  8.7  6.2 11.2      204      144      264  7.9  5.6 10.2  80922  72925  88919                                        Dickinson County                              IA est23all.txt 27NOV2024
19  61     9097     7635    10559  9.6  8.1 11.1     2208     1539     2877 10.2  7.1 13.3     1560     1056     2064  9.7  6.6 12.8  72749  67665  77833                                        Dubuque County                                IA est23all.txt 27NOV2024
19  63      867      654     1080  9.8  7.4 12.2      258      178      338 14.8 10.2 19.4      192      128      256 15.4 10.3 20.5  61500  54198  68802                                        Emmet County                                  IA est23all.txt 27NOV2024
19  65     2542     2078     3006 13.9 11.4 16.4      688      506      870 17.1 12.6 21.6      483      343      623 16.3 11.6 21.0  62103  56071  68135                                        Fayette County                                IA est23all.txt 27NOV2024
19  67     1744     1373     2115 11.5  9.1 13.9      573      416      730 16.5 12.0 21.0      393      272      514 15.3 10.6 20.0  67582  60461  74703                                        Floyd County                                  IA est23all.txt 27NOV2024
19  69     1099      876     1322 11.3  9.0 13.6      373      262      484 15.6 11.0 20.2      257      170      344 14.6  9.7 19.5  71041  63222  78860                                        Franklin County                               IA est23all.txt 27NOV2024
19  71      623      469      777  9.8  7.4 12.2      204      141      267 14.9 10.3 19.5      147       98      196 13.8  9.2 18.4  72129  63633  80625                                        Fremont County                                IA est23all.txt 27NOV2024
19  73      909      697     1121 10.7  8.2 13.2      293      202      384 15.5 10.7 20.3      203      135      271 14.1  9.4 18.8  63082  55621  70543                                        Greene County                                 IA est23all.txt 27NOV2024
19  75      815      655      975  6.7  5.4  8.0      185      129      241  6.4  4.5  8.3      138       95      181  6.4  4.4  8.4  81093  73443  88743                                        Grundy County                                 IA est23all.txt 27NOV2024
19  77     1053      845     1261  9.9  7.9 11.9      283      211      355 12.7  9.5 15.9      195      138      252 11.6  8.2 15.0  78027  70325  85729                                        Guthrie County                                IA est23all.txt 27NOV2024
19  79     1231      944     1518  8.5  6.5 10.5      386      261      511 11.4  7.7 15.1      278      182      374 11.0  7.2 14.8  71731  64270  79192                                        Hamilton County                               IA est23all.txt 27NOV2024
19  81     1025      850     1200  9.9  8.2 11.6      241      170      312 10.7  7.6 13.8      173      120      226 10.5  7.3 13.7  67979  62779  73179                                        Hancock County                                IA est23all.txt 27NOV2024
19  83     1631     1261     2001 10.4  8.0 12.8      408      277      539 13.9  9.4 18.4      294      194      394 13.4  8.8 18.0  67903  60008  75798                                        Hardin County                                 IA est23all.txt 27NOV2024
19  85     1414     1142     1686  9.8  7.9 11.7      427      316      538 12.6  9.3 15.9      293      209      377 11.7  8.4 15.0  63139  59003  67275                                        Harrison County                               IA est23all.txt 27NOV2024
19  87     2278     1825     2731 12.7 10.2 15.2      643      467      819 15.9 11.5 20.3      451      316      586 14.8 10.4 19.2  65627  57650  73604                                        Henry County                                  IA est23all.txt 27NOV2024
19  89      913      708     1118  9.9  7.7 12.1      284      199      369 12.3  8.6 16.0      201      136      266 11.8  8.0 15.6  67552  59316  75788                                        Howard County                                 IA est23all.txt 27NOV2024
19  91      903      705     1101  9.6  7.5 11.7      262      182      342 11.9  8.3 15.5      182      123      241 11.0  7.4 14.6  72307  64855  79759                                        Humboldt County                               IA est23all.txt 27NOV2024
19  93      624      474      774  9.4  7.1 11.7      214      145      283 12.9  8.7 17.1      158      105      211 12.4  8.3 16.5  71238  62362  80114                                        Ida County                                    IA est23all.txt 27NOV2024
19  95     1219      977     1461  7.6  6.1  9.1      305      223      387  8.2  6.0 10.4      211      148      274  7.5  5.3  9.7  75419  66116  84722                                        Iowa County                                   IA est23all.txt 27NOV2024
19  97     1777     1338     2216  9.3  7.0 11.6      543      362      724 13.0  8.7 17.3      356      220      492 11.4  7.0 15.8  74910  69898  79922                                        Jackson County                                IA est23all.txt 27NOV2024
19  99     3461     2752     4170  9.6  7.6 11.6      971      708     1234 11.8  8.6 15.0      698      501      895 11.2  8.0 14.4  72394  65446  79342                                        Jasper County                                 IA est23all.txt 27NOV2024
19 101     2055     1614     2496 14.1 11.1 17.1      466      321      611 18.6 12.8 24.4      336      226      446 18.2 12.2 24.2  58146  51615  64677                                        Jefferson County                              IA est23all.txt 27NOV2024
19 103    22903    20848    24958 15.5 14.1 16.9     3131     2288     3974 10.5  7.7 13.3     2220     1582     2858 10.2  7.3 13.1  74665  68483  80847                                        Johnson County                                IA est23all.txt 27NOV2024
19 105     2004     1571     2437 10.3  8.1 12.5      490      349      631 11.9  8.5 15.3      334      225      443 10.8  7.3 14.3  74193  66872  81514                                        Jones County                                  IA est23all.txt 27NOV2024
19 107     1090      845     1335 11.1  8.6 13.6      324      215      433 14.9  9.9 19.9      242      157      327 14.7  9.5 19.9  65656  58172  73140                                        Keokuk County                                 IA est23all.txt 27NOV2024
19 109     1432     1114     1750 10.2  7.9 12.5      386      270      502 12.3  8.6 16.0      263      173      353 11.5  7.6 15.4  66667  59262  74072                                        Kossuth County                                IA est23all.txt 27NOV2024
19 111     4509     3687     5331 14.4 11.8 17.0     1260      909     1611 18.5 13.3 23.7      897      626     1168 17.7 12.4 23.0  60053  53438  66668                                        Lee County                                    IA est23all.txt 27NOV2024
19 113    22062    19213    24911  9.9  8.6 11.2     5763     4451     7075 11.5  8.9 14.1     3889     2886     4892 10.5  7.8 13.2  73079  69774  76384                                        Linn County                                   IA est23all.txt 27NOV2024
19 115     1014      775     1253  9.8  7.5 12.1      286      197      375 13.1  9.0 17.2      191      123      259 11.7  7.5 15.9  76120  69530  82710                                        Louisa County                                 IA est23all.txt 27NOV2024
19 117     1185      919     1451 13.7 10.6 16.8      429      295      563 21.1 14.5 27.7      309      204      414 20.8 13.8 27.8  59540  52564  66516                                        Lucas County                                  IA est23all.txt 27NOV2024
19 119      951      751     1151  7.8  6.1  9.5      295      214      376  8.7  6.3 11.1      204      139      269  8.0  5.4 10.6  74790  67497  82083                                        Lyon County                                   IA est23all.txt 27NOV2024
19 121     1185      932     1438  7.0  5.5  8.5      275      180      370  6.7  4.4  9.0      198      126      270  6.3  4.0  8.6  84509  73867  95151                                        Madison County                                IA est23all.txt 27NOV2024
19 123     2480     1991     2969 11.7  9.4 14.0      726      540      912 14.3 10.6 18.0      522      384      660 13.8 10.2 17.4  71332  63643  79021                                        Mahaska County                                IA est23all.txt 27NOV2024
19 125     2576     2048     3104  8.0  6.4  9.6      635      426      844  8.2  5.5 10.9      460      301      619  7.8  5.1 10.5  79709  73214  86204                                        Marion County                                 IA est23all.txt 27NOV2024
19 127     4674     3764     5584 12.0  9.7 14.3     1564     1169     1959 15.7 11.7 19.7     1129      835     1423 15.1 11.2 19.0  64005  58461  69549                                        Marshall County                               IA est23all.txt 27NOV2024
19 129     1237      985     1489  8.5  6.8 10.2      327      224      430 10.1  6.9 13.3      232      154      310  9.2  6.1 12.3  82260  75762  88758                                        Mills County                                  IA est23all.txt 27NOV2024
19 131      948      726     1170  9.2  7.0 11.4      322      222      422 13.0  8.9 17.1      231      154      308 12.5  8.3 16.7  74249  66479  82019                                        Mitchell County                               IA est23all.txt 27NOV2024
19 133     1045      822     1268 12.6  9.9 15.3      317      219      415 17.0 11.8 22.2      211      138      284 15.4 10.1 20.7  59814  53591  66037                                        Monona County                                 IA est23all.txt 27NOV2024
19 135      752      568      936 10.2  7.7 12.7      240      164      316 14.2  9.7 18.7      174      115      233 13.9  9.2 18.6  65959  59296  72622                                        Monroe County                                 IA est23all.txt 27NOV2024
19 137     1286     1020     1552 13.0 10.3 15.7      396      284      508 17.8 12.8 22.8      272      187      357 16.3 11.2 21.4  60487  53733  67241                                        Montgomery County                             IA est23all.txt 27NOV2024
19 139     4852     4070     5634 11.7  9.8 13.6     1367      996     1738 14.0 10.2 17.8      930      643     1217 12.6  8.7 16.5  66309  60653  71965                                        Muscatine County                              IA est23all.txt 27NOV2024
19 141     1247      978     1516  9.1  7.1 11.1      354      249      459 10.5  7.4 13.6      246      168      324 10.0  6.8 13.2  69914  62471  77357                                        O'Brien County                                IA est23all.txt 27NOV2024
19 143      618      497      739 10.5  8.4 12.6      210      160      260 16.0 12.2 19.8      153      114      192 15.6 11.6 19.6  72569  64363  80775                                        Osceola County                                IA est23all.txt 27NOV2024
19 145     1892     1509     2275 13.8 11.0 16.6      438      298      578 16.9 11.5 22.3      300      198      402 15.6 10.3 20.9  60695  53602  67788                                        Page County                                   IA est23all.txt 27NOV2024
19 147      911      719     1103 10.7  8.5 12.9      268      202      334 13.4 10.1 16.7      180      129      231 12.3  8.8 15.8  64952  57528  72376                                        Palo Alto County                              IA est23all.txt 27NOV2024
19 149     2201     1795     2607  8.7  7.1 10.3      680      517      843 10.9  8.3 13.5      511      389      633 10.8  8.2 13.4  74765  68835  80695                                        Plymouth County                               IA est23all.txt 27NOV2024
19 151      762      589      935 11.1  8.6 13.6      246      169      323 15.5 10.7 20.3      176      116      236 15.0  9.9 20.1  68654  63132  74176                                        Pocahontas County                             IA est23all.txt 27NOV2024
19 153    57161    52346    61976 11.5 10.5 12.5    18250    16036    20464 15.3 13.4 17.2    11765    10027    13503 13.4 11.4 15.4  79509  75624  83394                                        Polk County                                   IA est23all.txt 27NOV2024
19 155    10542     8702    12382 11.6  9.6 13.6     3192     2385     3999 15.4 11.5 19.3     2255     1655     2855 14.4 10.6 18.2  70768  67069  74467                                        Pottawattamie County                          IA est23all.txt 27NOV2024
19 157     1725     1329     2121 10.3  7.9 12.7      387      271      503 11.0  7.7 14.3      255      164      346  9.6  6.2 13.0  73434  66494  80374                                        Poweshiek County                              IA est23all.txt 27NOV2024
19 159      638      488      788 14.1 10.8 17.4      213      146      280 20.4 14.0 26.8      151      100      202 19.1 12.6 25.6  61463  54433  68493                                        Ringgold County                               IA est23all.txt 27NOV2024
19 161      956      743     1169 10.0  7.8 12.2      295      210      380 13.7  9.7 17.7      201      135      267 12.6  8.5 16.7  72395  65200  79590                                        Sac County                                    IA est23all.txt 27NOV2024
19 163    18741    15793    21689 11.0  9.3 12.7     5056     3738     6374 12.9  9.5 16.3     3539     2507     4571 12.0  8.5 15.5  77100  72664  81536                                        Scott County                                  IA est23all.txt 27NOV2024
19 165     1018      796     1240  8.8  6.9 10.7      266      180      352 10.1  6.8 13.4      188      123      253  9.3  6.1 12.5  68695  60973  76417                                        Shelby County                                 IA est23all.txt 27NOV2024
19 167     2330     1873     2787  6.9  5.5  8.3      627      427      827  6.4  4.3  8.5      450      298      602  6.3  4.2  8.4  85985  78265  93705                                        Sioux County                                  IA est23all.txt 27NOV2024
19 169    13147    11664    14630 14.9 13.2 16.6     1467     1047     1887  9.2  6.6 11.8      935      636     1234  7.9  5.4 10.4  71539  65250  77828                                        Story County                                  IA est23all.txt 27NOV2024
19 171     2040     1664     2416 12.3 10.0 14.6      636      470      802 16.1 11.9 20.3      467      344      590 15.7 11.6 19.8  66288  61203  71373                                        Tama County                                   IA est23all.txt 27NOV2024
19 173      763      606      920 13.0 10.3 15.7      206      151      261 14.8 10.9 18.7      149      108      190 14.2 10.3 18.1  59116  52101  66131                                        Taylor County                                 IA est23all.txt 27NOV2024
19 175     1590     1260     1920 13.7 10.8 16.6      452      317      587 17.7 12.4 23.0      323      221      425 16.3 11.1 21.5  59066  51693  66439                                        Union County                                  IA est23all.txt 27NOV2024
19 177     1064      834     1294 14.8 11.6 18.0      383      270      496 22.3 15.7 28.9      274      189      359 22.3 15.3 29.3  57666  50467  64865                                        Van Buren County                              IA est23all.txt 27NOV2024
19 179     4716     3836     5596 13.8 11.2 16.4     1355      933     1777 16.9 11.6 22.2      992      676     1308 17.1 11.6 22.6  61642  58920  64364                                        Wapello County                                IA est23all.txt 27NOV2024
19 181     3101     2422     3780  5.8  4.5  7.1      760      500     1020  5.7  3.7  7.7      525      333      717  5.2  3.3  7.1  92695  85372 100018                                        Warren County                                 IA est23all.txt 27NOV2024
19 183     2097     1672     2522  9.5  7.6 11.4      706      507      905 12.9  9.3 16.5      503      351      655 12.6  8.8 16.4  75136  68895  81377                                        Washington County                             IA est23all.txt 27NOV2024
19 185      949      742     1156 14.7 11.5 17.9      372      257      487 22.1 15.2 29.0      273      182      364 22.1 14.7 29.5  59904  52501  67307                                        Wayne County                                  IA est23all.txt 27NOV2024
19 187     4703     3818     5588 14.0 11.4 16.6     1315      974     1656 17.2 12.7 21.7      831      557     1105 15.0 10.1 19.9  63557  56019  71095                                        Webster County                                IA est23all.txt 27NOV2024
19 189     1138      921     1355 11.4  9.2 13.6      331      240      422 14.6 10.6 18.6      251      182      320 14.2 10.3 18.1  65086  57580  72592                                        Winnebago County                              IA est23all.txt 27NOV2024
19 191     1437     1095     1779  7.9  6.0  9.8      277      187      367  7.6  5.1 10.1      201      131      271  7.4  4.8 10.0  80932  74311  87553                                        Winneshiek County                             IA est23all.txt 27NOV2024
19 193    13286    11138    15434 12.9 10.8 15.0     4271     3149     5393 16.1 11.9 20.3     3002     2159     3845 15.3 11.0 19.6  65984  60193  71775                                        Woodbury County                               IA est23all.txt 27NOV2024
19 195      662      508      816  9.2  7.1 11.3      192      132      252 12.6  8.6 16.6      140       93      187 12.5  8.3 16.7  75449  67573  83325                                        Worth County                                  IA est23all.txt 27NOV2024
19 197     1366     1076     1656 11.0  8.7 13.3      514      370      658 15.7 11.3 20.1      371      263      479 15.3 10.8 19.8  74189  67342  81036                                        Wright County                                 IA est23all.txt 27NOV2024
20   0   319815   309809   329821 11.2 10.8 11.6    89475    83828    95122 13.1 12.3 13.9    61072    55703    66441 12.0 10.9 13.1  70316  69173  71459   24698   22511   26885 14.5 13.2 15.8 Kansas                                        KS est23all.txt 27NOV2024
20   1     1918     1499     2337 16.0 12.5 19.5      586      407      765 21.5 14.9 28.1      412      281      543 20.7 14.1 27.3  54761  48733  60789                                        Allen County                                  KS est23all.txt 27NOV2024
20   3      898      685     1111 11.6  8.8 14.4      311      209      413 15.8 10.6 21.0      221      144      298 15.2  9.9 20.5  61742  54869  68615                                        Anderson County                               KS est23all.txt 27NOV2024
20   5     1952     1495     2409 13.6 10.4 16.8      533      360      706 15.5 10.5 20.5      384      251      517 15.0  9.8 20.2  65818  59644  71992                                        Atchison County                               KS est23all.txt 27NOV2024
20   7      468      363      573 11.7  9.1 14.3      149      100      198 16.3 10.9 21.7      109       71      147 15.8 10.3 21.3  59514  54546  64482                                        Barber County                                 KS est23all.txt 27NOV2024
20   9     3666     3003     4329 15.0 12.3 17.7     1123      829     1417 19.0 14.0 24.0      839      615     1063 19.3 14.2 24.4  58568  51479  65657                                        Barton County                                 KS est23all.txt 27NOV2024
20  11     2153     1650     2656 15.4 11.8 19.0      814      553     1075 22.0 14.9 29.1      560      364      756 20.6 13.4 27.8  54428  48256  60600                                        Bourbon County                                KS est23all.txt 27NOV2024
20  13     1117      880     1354 12.2  9.6 14.8      306      202      410 13.4  8.8 18.0      228      146      310 13.6  8.7 18.5  58989  52621  65357                                        Brown County                                  KS est23all.txt 27NOV2024
20  15     6040     4809     7271  9.2  7.3 11.1     1722     1220     2224 10.4  7.4 13.4     1234      854     1614  9.7  6.7 12.7  76742  70149  83335                                        Butler County                                 KS est23all.txt 27NOV2024
20  17      274      211      337 11.4  8.8 14.0       82       57      107 15.9 11.0 20.8       60       40       80 16.0 10.8 21.2  62302  54406  70198                                        Chase County                                  KS est23all.txt 27NOV2024
20  19      483      363      603 14.7 11.1 18.3      177      120      234 24.8 16.8 32.8      127       83      171 23.9 15.6 32.2  49510  43312  55708                                        Chautauqua County                             KS est23all.txt 27NOV2024
20  21     2858     2253     3463 15.2 12.0 18.4      849      583     1115 19.9 13.6 26.2      581      381      781 18.3 12.0 24.6  55853  49614  62092                                        Cherokee County                               KS est23all.txt 27NOV2024
20  23      318      250      386 12.2  9.6 14.8      105       74      136 17.6 12.4 22.8       72       48       96 17.2 11.5 22.9  52424  45918  58930                                        Cheyenne County                               KS est23all.txt 27NOV2024
20  25      220      168      272 12.2  9.3 15.1       72       48       96 17.4 11.7 23.1       52       34       70 16.9 10.9 22.9  64998  57178  72818                                        Clark County                                  KS est23all.txt 27NOV2024
20  27      855      665     1045 11.0  8.6 13.4      265      185      345 14.6 10.2 19.0      196      134      258 14.1  9.6 18.6  66389  61194  71584                                        Clay County                                   KS est23all.txt 27NOV2024
20  29     1011      774     1248 12.1  9.3 14.9      304      203      405 14.8  9.9 19.7      207      134      280 13.8  8.9 18.7  60403  55549  65257                                        Cloud County                                  KS est23all.txt 27NOV2024
20  31      796      628      964  9.8  7.7 11.9      185      123      247 10.8  7.2 14.4      136       88      184 10.4  6.7 14.1  67933  59604  76262                                        Coffey County                                 KS est23all.txt 27NOV2024
20  33      193      149      237 12.1  9.4 14.8       64       45       83 17.1 11.9 22.3       43       29       57 15.2 10.4 20.0  51956  45585  58327                                        Comanche County                               KS est23all.txt 27NOV2024
20  35     4896     3853     5939 15.2 12.0 18.4     1601     1138     2064 20.3 14.4 26.2     1123      785     1461 19.3 13.5 25.1  57549  51004  64094                                        Cowley County                                 KS est23all.txt 27NOV2024
20  37     6451     5403     7499 17.3 14.5 20.1     1616     1193     2039 19.1 14.1 24.1     1097      760     1434 17.6 12.2 23.0  52285  48229  56341                                        Crawford County                               KS est23all.txt 27NOV2024
20  39      368      287      449 13.9 10.8 17.0      124       87      161 21.8 15.3 28.3       91       62      120 21.6 14.6 28.6  54613  47506  61720                                        Decatur County                                KS est23all.txt 27NOV2024
20  41     1900     1499     2301 10.5  8.3 12.7      528      364      692 12.6  8.7 16.5      383      256      510 12.2  8.1 16.3  63417  55965  70869                                        Dickinson County                              KS est23all.txt 27NOV2024
20  43      870      678     1062 12.3  9.6 15.0      236      167      305 15.2 10.8 19.6      170      118      222 15.0 10.5 19.5  63765  57042  70488                                        Doniphan County                               KS est23all.txt 27NOV2024
20  45    14920    12805    17035 13.3 11.4 15.2     2011     1385     2637  9.7  6.7 12.7     1450      975     1925  9.4  6.3 12.5  68561  63191  73931                                        Douglas County                                KS est23all.txt 27NOV2024
20  47      324      252      396 12.0  9.3 14.7       99       69      129 16.3 11.4 21.2       69       47       91 15.1 10.2 20.0  59055  51993  66117                                        Edwards County                                KS est23all.txt 27NOV2024
20  49      419      330      508 17.1 13.5 20.7      133       93      173 23.7 16.5 30.9       98       65      131 21.4 14.3 28.5  48121  42288  53954                                        Elk County                                    KS est23all.txt 27NOV2024
20  51     4223     3651     4795 15.6 13.5 17.7      652      462      842 11.5  8.1 14.9      454      303      605 10.7  7.2 14.2  59048  54602  63494                                        Ellis County                                  KS est23all.txt 27NOV2024
20  53      637      496      778 12.3  9.6 15.0      155      108      202 14.0  9.7 18.3      113       76      150 13.5  9.1 17.9  65396  57563  73229                                        Ellsworth County                              KS est23all.txt 27NOV2024
20  55     4401     3495     5307 11.9  9.4 14.4     1656     1181     2131 15.1 10.8 19.4     1154      809     1499 14.1  9.9 18.3  67640  60462  74818                                        Finney County                                 KS est23all.txt 27NOV2024
20  57     3847     3067     4627 11.6  9.3 13.9     1403     1025     1781 14.0 10.2 17.8      892      594     1190 12.5  8.3 16.7  68766  61585  75947                                        Ford County                                   KS est23all.txt 27NOV2024
20  59     2839     2305     3373 11.1  9.0 13.2      749      526      972 12.9  9.1 16.7      520      352      688 12.0  8.1 15.9  67883  59638  76128                                        Franklin County                               KS est23all.txt 27NOV2024
20  61     3736     2973     4499 11.0  8.8 13.2     1626     1180     2072 14.6 10.6 18.6     1058      711     1405 14.8  9.9 19.7  56899  54027  59771                                        Geary County                                  KS est23all.txt 27NOV2024
20  63      254      192      316  9.4  7.1 11.7       90       60      120 13.0  8.7 17.3       64       41       87 13.1  8.5 17.7  65003  56851  73155                                        Gove County                                   KS est23all.txt 27NOV2024
20  65      296      228      364 12.7  9.8 15.6       75       51       99 15.6 10.7 20.5       52       34       70 14.6  9.7 19.5  53247  46427  60067                                        Graham County                                 KS est23all.txt 27NOV2024
20  67      792      605      979 11.2  8.6 13.8      337      229      445 15.7 10.7 20.7      240      157      323 15.1  9.9 20.3  65399  57200  73598                                        Grant County                                  KS est23all.txt 27NOV2024
20  69      489      384      594  8.7  6.8 10.6      194      145      243 11.8  8.8 14.8      129       93      165 10.6  7.6 13.6  77786  70051  85521                                        Gray County                                   KS est23all.txt 27NOV2024
20  71      128       98      158 11.1  8.5 13.7       46       31       61 14.5  9.9 19.1       33       22       44 13.6  8.9 18.3  70566  63083  78049                                        Greeley County                                KS est23all.txt 27NOV2024
20  73      828      639     1017 14.3 11.0 17.6      259      176      342 20.9 14.2 27.6      178      116      240 18.7 12.2 25.2  59179  56292  62066                                        Greenwood County                              KS est23all.txt 27NOV2024
20  75      279      211      347 11.5  8.7 14.3      105       71      139 15.0 10.2 19.8       74       48      100 14.6  9.5 19.7  72657  64919  80395                                        Hamilton County                               KS est23all.txt 27NOV2024
20  77      756      587      925 14.1 10.9 17.3      271      189      353 19.5 13.6 25.4      188      127      249 18.6 12.5 24.7  54423  47766  61080                                        Harper County                                 KS est23all.txt 27NOV2024
20  79     2663     2016     3310  8.2  6.2 10.2      813      545     1081 10.6  7.1 14.1      596      391      801 10.3  6.8 13.8  67078  61818  72338                                        Harvey County                                 KS est23all.txt 27NOV2024
20  81      386      299      473 10.8  8.4 13.2      153      104      202 16.0 10.9 21.1      111       73      149 16.0 10.5 21.5  68202  62659  73745                                        Haskell County                                KS est23all.txt 27NOV2024
20  83      169      131      207 10.4  8.0 12.8       47       32       62 12.3  8.3 16.3       35       23       47 11.9  7.8 16.0  66919  58324  75514                                        Hodgeman County                               KS est23all.txt 27NOV2024
20  85     1374     1104     1644 10.5  8.4 12.6      400      279      521 12.1  8.4 15.8      275      178      372 11.4  7.4 15.4  73051  65381  80721                                        Jackson County                                KS est23all.txt 27NOV2024
20  87     1494     1175     1813  8.3  6.5 10.1      359      240      478  9.4  6.3 12.5      259      169      349  9.0  5.9 12.1  81301  72393  90209                                        Jefferson County                              KS est23all.txt 27NOV2024
20  89      343      261      425 12.1  9.2 15.0      103       68      138 17.3 11.4 23.2       75       48      102 16.2 10.3 22.1  56505  50184  62826                                        Jewell County                                 KS est23all.txt 27NOV2024
20  91    32942    29315    36569  5.3  4.7  5.9     6957     5440     8474  4.9  3.8  6.0     4592     3356     5828  4.3  3.1  5.5 103085 100180 105990                                        Johnson County                                KS est23all.txt 27NOV2024
20  93      383      289      477 10.2  7.7 12.7      163      110      216 14.6  9.8 19.4      113       73      153 13.9  9.0 18.8  71237  62713  79761                                        Kearny County                                 KS est23all.txt 27NOV2024
20  95      828      649     1007 11.9  9.3 14.5      247      169      325 15.2 10.4 20.0      178      117      239 14.5  9.5 19.5  54731  50333  59129                                        Kingman County                                KS est23all.txt 27NOV2024
20  97      267      205      329 12.1  9.3 14.9       75       51       99 13.3  9.0 17.6       53       34       72 13.1  8.5 17.7  56222  49036  63408                                        Kiowa County                                  KS est23all.txt 27NOV2024
20  99     2997     2388     3606 15.5 12.4 18.6      962      659     1265 20.7 14.2 27.2      665      433      897 19.5 12.7 26.3  49874  45195  54553                                        Labette County                                KS est23all.txt 27NOV2024
20 101      153      117      189 10.2  7.8 12.6       51       34       68 14.1  9.5 18.7       35       23       47 12.7  8.2 17.2  64875  56471  73279                                        Lane County                                   KS est23all.txt 27NOV2024
20 103     6431     5073     7789  8.3  6.5 10.1     1751     1198     2304  9.0  6.2 11.8     1265      846     1684  8.8  5.9 11.7  83086  76935  89237                                        Leavenworth County                            KS est23all.txt 27NOV2024
20 105      339      260      418 11.8  9.1 14.5       97       66      128 15.5 10.5 20.5       68       44       92 14.2  9.3 19.1  53667  47301  60033                                        Lincoln County                                KS est23all.txt 27NOV2024
20 107     1084      825     1343 11.0  8.4 13.6      353      235      471 16.6 11.1 22.1      259      167      351 16.1 10.3 21.9  62431  54588  70274                                        Linn County                                   KS est23all.txt 27NOV2024
20 109      269      208      330 10.2  7.9 12.5       97       66      128 14.6 10.0 19.2       69       45       93 14.6  9.6 19.6  60216  52545  67887                                        Logan County                                  KS est23all.txt 27NOV2024
20 111     4237     3410     5064 13.7 11.0 16.4     1057      750     1364 14.9 10.6 19.2      739      508      970 14.0  9.6 18.4  55659  51048  60270                                        Lyon County                                   KS est23all.txt 27NOV2024
20 113     2348     1832     2864  8.3  6.5 10.1      549      362      736  8.5  5.6 11.4      369      234      504  7.5  4.7 10.3  78908  72812  85004                                        McPherson County                              KS est23all.txt 27NOV2024
20 115     1198      948     1448 10.9  8.6 13.2      298      205      391 12.3  8.5 16.1      218      146      290 12.0  8.0 16.0  62268  55389  69147                                        Marion County                                 KS est23all.txt 27NOV2024
20 117      895      676     1114  9.2  7.0 11.4      262      179      345 11.2  7.6 14.8      191      124      258 10.6  6.9 14.3  64514  57729  71299                                        Marshall County                               KS est23all.txt 27NOV2024
20 119      368      276      460  9.6  7.2 12.0      136       90      182 13.3  8.8 17.8       99       65      133 12.9  8.4 17.4  71572  63206  79938                                        Meade County                                  KS est23all.txt 27NOV2024
20 121     2445     1916     2974  7.0  5.5  8.5      656      452      860  8.2  5.7 10.7      475      318      632  7.9  5.3 10.5  85620  76209  95031                                        Miami County                                  KS est23all.txt 27NOV2024
20 123      586      453      719 10.5  8.1 12.9      187      127      247 13.6  9.2 18.0      138       90      186 13.8  9.0 18.6  60486  52976  67996                                        Mitchell County                               KS est23all.txt 27NOV2024
20 125     5142     4322     5962 17.3 14.5 20.1     1397      958     1836 19.8 13.6 26.0      980      647     1313 18.4 12.2 24.6  53379  47746  59012                                        Montgomery County                             KS est23all.txt 27NOV2024
20 127      611      482      740 11.7  9.2 14.2      193      143      243 17.9 13.3 22.5      145      105      185 18.2 13.2 23.2  65283  59345  71221                                        Morris County                                 KS est23all.txt 27NOV2024
20 129      303      231      375 12.0  9.1 14.9      119       80      158 19.2 12.9 25.5       85       55      115 18.2 11.9 24.5  58093  50459  65727                                        Morton County                                 KS est23all.txt 27NOV2024
20 131      830      635     1025  8.4  6.4 10.4      228      153      303  8.6  5.8 11.4      168      108      228  8.5  5.5 11.5  74744  67280  82208                                        Nemaha County                                 KS est23all.txt 27NOV2024
20 133     2224     1756     2692 14.9 11.8 18.0      708      484      932 19.5 13.3 25.7      474      309      639 17.6 11.5 23.7  53085  47255  58915                                        Neosho County                                 KS est23all.txt 27NOV2024
20 135      257      198      316 10.2  7.9 12.5       76       51      101 13.1  8.8 17.4       54       35       73 13.5  8.8 18.2  64935  57239  72631                                        Ness County                                   KS est23all.txt 27NOV2024
20 137      608      456      760 13.9 10.4 17.4      176      119      233 17.5 11.8 23.2      128       84      172 17.7 11.6 23.8  57738  50731  64745                                        Norton County                                 KS est23all.txt 27NOV2024
20 139     1688     1354     2022 10.8  8.7 12.9      478      343      613 13.4  9.6 17.2      354      252      456 13.0  9.3 16.7  69666  63288  76044                                        Osage County                                  KS est23all.txt 27NOV2024
20 141      401      307      495 12.1  9.3 14.9      121       82      160 15.3 10.4 20.2       85       56      114 14.8  9.7 19.9  54638  48966  60310                                        Osborne County                                KS est23all.txt 27NOV2024
20 143      581      455      707 10.2  8.0 12.4      152      105      199 11.3  7.8 14.8      107       71      143 10.6  7.0 14.2  66956  58414  75498                                        Ottawa County                                 KS est23all.txt 27NOV2024
20 145      685      522      848 12.8  9.8 15.8      147       97      197 15.0  9.9 20.1      106       69      143 15.4 10.0 20.8  64704  59271  70137                                        Pawnee County                                 KS est23all.txt 27NOV2024
20 147      474      362      586 10.1  7.7 12.5      144       97      191 13.8  9.2 18.4      104       67      141 13.5  8.6 18.4  59453  52156  66750                                        Phillips County                               KS est23all.txt 27NOV2024
20 149     2046     1632     2460  7.9  6.3  9.5      627      443      811  8.4  5.9 10.9      444      299      589  8.0  5.4 10.6  84434  75966  92902                                        Pottawatomie County                           KS est23all.txt 27NOV2024
20 151      815      614     1016  9.5  7.2 11.8      275      186      364 12.9  8.7 17.1      191      125      257 12.0  7.8 16.2  61078  53900  68256                                        Pratt County                                  KS est23all.txt 27NOV2024
20 153      264      200      328 10.9  8.3 13.5       70       47       93 12.6  8.4 16.8       51       33       69 12.4  7.9 16.9  63255  55383  71127                                        Rawlins County                                KS est23all.txt 27NOV2024
20 155     6928     5403     8453 11.8  9.2 14.4     1905     1290     2520 14.5  9.8 19.2     1318      854     1782 13.3  8.6 18.0  62470  59455  65485                                        Reno County                                   KS est23all.txt 27NOV2024
20 157      542      433      651 11.9  9.5 14.3      167      125      209 16.1 12.1 20.1      124       91      157 16.3 12.0 20.6  54981  49243  60719                                        Republic County                               KS est23all.txt 27NOV2024
20 159      923      696     1150 10.6  8.0 13.2      325      216      434 15.0 10.0 20.0      220      140      300 13.8  8.8 18.8  62922  57485  68359                                        Rice County                                   KS est23all.txt 27NOV2024
20 161    10892     9324    12460 18.0 15.4 20.6     1461     1013     1909 12.9  8.9 16.9      990      659     1321 12.5  8.3 16.7  63076  58271  67881                                        Riley County                                  KS est23all.txt 27NOV2024
20 163      514      395      633 11.2  8.6 13.8      146       99      193 14.1  9.6 18.6      107       70      144 13.9  9.1 18.7  59998  54562  65434                                        Rooks County                                  KS est23all.txt 27NOV2024
20 165      341      265      417 12.4  9.6 15.2       92       62      122 16.4 11.1 21.7       68       44       92 15.7 10.1 21.3  55709  50015  61403                                        Rush County                                   KS est23all.txt 27NOV2024
20 167      868      667     1069 13.1 10.1 16.1      261      176      346 18.0 12.1 23.9      182      118      246 16.7 10.9 22.5  55415  48689  62141                                        Russell County                                KS est23all.txt 27NOV2024
20 169     5902     4709     7095 11.5  9.2 13.8     1620     1142     2098 13.9  9.8 18.0     1110      741     1479 13.0  8.7 17.3  63587  60045  67129                                        Saline County                                 KS est23all.txt 27NOV2024
20 171      381      300      462  7.9  6.2  9.6      112       78      146  8.9  6.2 11.6       83       56      110  9.0  6.1 11.9  73436  63904  82968                                        Scott County                                  KS est23all.txt 27NOV2024
20 173    70379    64595    76163 13.6 12.5 14.7    22309    19383    25235 17.5 15.2 19.8    14099    11592    16606 14.8 12.2 17.4  67435  63901  70969                                        Sedgwick County                               KS est23all.txt 27NOV2024
20 175     2975     2387     3563 14.4 11.6 17.2     1198      888     1508 18.3 13.6 23.0      762      525      999 16.2 11.2 21.2  66540  59310  73770                                        Seward County                                 KS est23all.txt 27NOV2024
20 177    21878    19059    24697 12.6 11.0 14.2     5317     3820     6814 13.4  9.6 17.2     3663     2545     4781 12.3  8.5 16.1  63612  59725  67499                                        Shawnee County                                KS est23all.txt 27NOV2024
20 179      261      200      322 11.0  8.4 13.6       69       47       91 11.5  7.9 15.1       48       31       65 10.9  7.0 14.8  65350  57851  72849                                        Sheridan County                               KS est23all.txt 27NOV2024
20 181      768      600      936 13.7 10.7 16.7      253      179      327 18.2 12.8 23.6      180      124      236 17.4 12.0 22.8  57628  50284  64972                                        Sherman County                                KS est23all.txt 27NOV2024
20 183      421      329      513 11.9  9.3 14.5      110       77      143 15.5 10.8 20.2       80       53      107 15.2 10.1 20.3  55568  50124  61012                                        Smith County                                  KS est23all.txt 27NOV2024
20 185      532      429      635 14.0 11.3 16.7      154      110      198 16.5 11.8 21.2      106       73      139 15.2 10.4 20.0  54808  48743  60873                                        Stafford County                               KS est23all.txt 27NOV2024
20 187      201      153      249 10.7  8.1 13.3       71       48       94 14.1  9.5 18.7       49       32       66 11.8  7.6 16.0  74063  64679  83447                                        Stanton County                                KS est23all.txt 27NOV2024
20 189      524      406      642 10.5  8.1 12.9      212      148      276 14.7 10.2 19.2      151      103      199 13.5  9.2 17.8  68600  59682  77518                                        Stevens County                                KS est23all.txt 27NOV2024
20 191     2464     1949     2979 11.2  8.9 13.5      711      481      941 13.5  9.1 17.9      497      321      673 12.3  7.9 16.7  63049  57359  68739                                        Sumner County                                 KS est23all.txt 27NOV2024
20 193      699      532      866  9.4  7.2 11.6      164      112      216  8.7  6.0 11.4      106       69      143  7.8  5.1 10.5  69774  63737  75811                                        Thomas County                                 KS est23all.txt 27NOV2024
20 195      289      222      356 10.7  8.2 13.2       64       44       84 12.4  8.5 16.3       48       32       64 12.9  8.5 17.3  56168  49431  62905                                        Trego County                                  KS est23all.txt 27NOV2024
20 197      613      482      744  9.0  7.1 10.9      164      112      216 10.2  7.0 13.4      112       72      152  9.6  6.2 13.0  69893  61533  78253                                        Wabaunsee County                              KS est23all.txt 27NOV2024
20 199      198      151      245 13.4 10.2 16.6       93       63      123 22.2 15.0 29.4       67       44       90 24.2 15.7 32.7  61157  54027  68287                                        Wallace County                                KS est23all.txt 27NOV2024
20 201      611      495      727 11.3  9.2 13.4      163      121      205 12.1  9.0 15.2      113       80      146 11.6  8.2 15.0  58302  52232  64372                                        Washington County                             KS est23all.txt 27NOV2024
20 203      215      163      267 10.5  8.0 13.0       72       48       96 12.4  8.4 16.4       50       33       67 12.2  7.9 16.5  61825  54198  69452                                        Wichita County                                KS est23all.txt 27NOV2024
20 205     1179      920     1438 14.3 11.2 17.4      359      245      473 18.3 12.5 24.1      256      169      343 16.9 11.1 22.7  54164  47617  60711                                        Wilson County                                 KS est23all.txt 27NOV2024
20 207      425      326      524 13.9 10.7 17.1      118       80      156 19.3 13.1 25.5       85       56      114 18.0 11.8 24.2  40327  36682  43972                                        Woodson County                                KS est23all.txt 27NOV2024
20 209    27891    24152    31630 17.1 14.8 19.4     9486     7526    11446 21.6 17.1 26.1     6954     5464     8444 21.5 16.9 26.1  61088  58061  64115                                        Wyandotte County                              KS est23all.txt 27NOV2024
21   0   709405   694249   724561 16.1 15.8 16.4   201537   192985   210089 20.2 19.3 21.1   140775   133209   148341 19.1 18.1 20.1  61099  60452  61746   55659   51623   59695 21.8 20.2 23.4 Kentucky                                      KY est23all.txt 27NOV2024
21   1     3978     3186     4770 22.1 17.7 26.5     1025      696     1354 27.8 18.9 36.7      763      514     1012 27.7 18.7 36.7  45974  40453  51495                                        Adair County                                  KY est23all.txt 27NOV2024
21   3     3549     2869     4229 16.4 13.2 19.6     1058      759     1357 21.5 15.4 27.6      790      572     1008 21.8 15.8 27.8  56483  49632  63334                                        Allen County                                  KY est23all.txt 27NOV2024
21   5     2200     1713     2687  9.0  7.0 11.0      680      459      901 12.2  8.2 16.2      487      322      652 11.5  7.6 15.4  78336  71457  85215                                        Anderson County                               KY est23all.txt 27NOV2024
21   7     1075      842     1308 14.4 11.3 17.5      332      241      423 22.4 16.3 28.5      241      172      310 21.3 15.2 27.4  69716  66822  72610                                        Ballard County                                KY est23all.txt 27NOV2024
21   9     7951     6750     9152 18.0 15.3 20.7     2346     1716     2976 22.6 16.5 28.7     1610     1118     2102 20.9 14.5 27.3  51068  46745  55391                                        Barren County                                 KY est23all.txt 27NOV2024
21  11     2289     1765     2813 17.8 13.7 21.9      859      578     1140 26.6 17.9 35.3      628      408      848 26.6 17.3 35.9  54247  49430  59064                                        Bath County                                   KY est23all.txt 27NOV2024
21  13     6547     5215     7879 28.9 23.0 34.8     1947     1375     2519 38.4 27.1 49.7     1391      952     1830 38.2 26.1 50.3  35566  31724  39408                                        Bell County                                   KY est23all.txt 27NOV2024
21  15    10333     8518    12148  7.4  6.1  8.7     2963     2115     3811  8.5  6.1 10.9     1961     1307     2615  7.5  5.0 10.0  89313  83151  95475                                        Boone County                                  KY est23all.txt 27NOV2024
21  17     2832     2280     3384 14.2 11.4 17.0      826      554     1098 18.4 12.3 24.5      622      410      834 18.2 12.0 24.4  61530  54554  68506                                        Bourbon County                                KY est23all.txt 27NOV2024
21  19     8249     6855     9643 18.1 15.0 21.2     2272     1624     2920 23.0 16.4 29.6     1539     1044     2034 21.0 14.3 27.7  57112  50868  63356                                        Boyd County                                   KY est23all.txt 27NOV2024
21  21     4115     3250     4980 14.7 11.6 17.8     1127      788     1466 18.2 12.7 23.7      802      547     1057 17.1 11.6 22.6  62541  55714  69368                                        Boyle County                                  KY est23all.txt 27NOV2024
21  23     1198      956     1440 14.3 11.4 17.2      376      261      491 19.5 13.5 25.5      255      166      344 17.5 11.4 23.6  64458  57532  71384                                        Bracken County                                KY est23all.txt 27NOV2024
21  25     3850     3123     4577 30.3 24.6 36.0      995      724     1266 37.3 27.1 47.5      736      535      937 38.4 27.9 48.9  40093  34949  45237                                        Breathitt County                              KY est23all.txt 27NOV2024
21  27     3419     2736     4102 16.5 13.2 19.8     1024      716     1332 22.1 15.5 28.7      745      499      991 22.0 14.8 29.2  59267  52554  65980                                        Breckinridge County                           KY est23all.txt 27NOV2024
21  29     7130     5756     8504  8.4  6.8 10.0     1850     1297     2403 10.6  7.4 13.8     1388      962     1814 10.5  7.3 13.7  75402  70491  80313                                        Bullitt County                                KY est23all.txt 27NOV2024
21  31     1828     1429     2227 15.0 11.7 18.3      536      358      714 19.2 12.8 25.6      398      262      534 19.5 12.8 26.2  56395  49688  63102                                        Butler County                                 KY est23all.txt 27NOV2024
21  33     1940     1506     2374 15.8 12.3 19.3      609      411      807 21.6 14.6 28.6      455      301      609 22.5 14.9 30.1  52719  46352  59086                                        Caldwell County                               KY est23all.txt 27NOV2024
21  35     6130     5213     7047 17.6 15.0 20.2     1355     1011     1699 19.5 14.5 24.5      944      684     1204 18.2 13.2 23.2  51424  46972  55876                                        Calloway County                               KY est23all.txt 27NOV2024
21  37     9417     8000    10834 10.3  8.7 11.9     2235     1656     2814 11.9  8.8 15.0     1693     1267     2119 12.3  9.2 15.4  80573  74719  86427                                        Campbell County                               KY est23all.txt 27NOV2024
21  39      600      454      746 12.9  9.7 16.1      202      135      269 18.5 12.3 24.7      151      101      201 18.9 12.6 25.2  58639  52151  65127                                        Carlisle County                               KY est23all.txt 27NOV2024
21  41     1736     1364     2108 16.2 12.7 19.7      651      448      854 22.5 15.5 29.5      462      311      613 21.9 14.8 29.0  62710  54563  70857                                        Carroll County                                KY est23all.txt 27NOV2024
21  43     4922     3866     5978 19.2 15.1 23.3     1401      967     1835 24.4 16.9 31.9     1016      691     1341 23.3 15.8 30.8  50853  45109  56597                                        Carter County                                 KY est23all.txt 27NOV2024
21  45     3268     2551     3985 21.1 16.5 25.7      989      672     1306 27.6 18.8 36.4      698      454      942 26.1 17.0 35.2  42914  40192  45636                                        Casey County                                  KY est23all.txt 27NOV2024
21  47    11900    10032    13768 17.8 15.0 20.6     4656     3593     5719 23.2 17.9 28.5     2934     2097     3771 21.8 15.6 28.0  54934  51152  58716                                        Christian County                              KY est23all.txt 27NOV2024
21  49     3979     3015     4943 10.8  8.2 13.4     1332      881     1783 16.3 10.8 21.8      969      631     1307 16.0 10.4 21.6  72386  67781  76991                                        Clark County                                  KY est23all.txt 27NOV2024
21  51     6673     5500     7846 37.2 30.7 43.7     2132     1735     2529 53.6 43.6 63.6     1655     1339     1971 56.1 45.4 66.8  36330  31718  40942                                        Clay County                                   KY est23all.txt 27NOV2024
21  53     2120     1673     2567 23.6 18.6 28.6      627      435      819 33.3 23.1 43.5      457      310      604 33.8 23.0 44.6  39877  34856  44898                                        Clinton County                                KY est23all.txt 27NOV2024
21  55     1560     1215     1905 17.9 13.9 21.9      522      359      685 26.6 18.3 34.9      383      256      510 25.6 17.1 34.1  53894  47104  60684                                        Crittenden County                             KY est23all.txt 27NOV2024
21  57     1364     1083     1645 23.1 18.3 27.9      425      288      562 32.0 21.7 42.3      316      209      423 33.0 21.9 44.1  43127  37642  48612                                        Cumberland County                             KY est23all.txt 27NOV2024
21  59    16349    14296    18402 16.2 14.2 18.2     5175     4275     6075 21.1 17.4 24.8     3224     2498     3950 17.7 13.7 21.7  63213  57858  68568                                        Daviess County                                KY est23all.txt 27NOV2024
21  61     1968     1542     2394 16.0 12.5 19.5      477      331      623 21.8 15.1 28.5      366      247      485 22.8 15.4 30.2  56545  50970  62120                                        Edmonson County                               KY est23all.txt 27NOV2024
21  63     1575     1224     1926 25.8 20.1 31.5      339      233      445 28.4 19.5 37.3      247      165      329 26.2 17.5 34.9  43501  38014  48988                                        Elliott County                                KY est23all.txt 27NOV2024
21  65     3136     2498     3774 22.7 18.1 27.3      758      527      989 26.2 18.2 34.2      552      380      724 25.0 17.2 32.8  45129  39551  50707                                        Estill County                                 KY est23all.txt 27NOV2024
21  67    48315    43665    52965 15.7 14.2 17.2    11912     9928    13896 18.2 15.2 21.2     8222     6689     9755 17.2 14.0 20.4  67320  63221  71419                                        Fayette County                                KY est23all.txt 27NOV2024
21  69     2774     2246     3302 18.1 14.6 21.6      798      537     1059 21.9 14.7 29.1      591      389      793 22.4 14.7 30.1  50804  44500  57108                                        Fleming County                                KY est23all.txt 27NOV2024
21  71     9052     7444    10660 26.5 21.8 31.2     2328     1670     2986 30.6 21.9 39.3     1599     1092     2106 28.1 19.2 37.0  40604  36479  44729                                        Floyd County                                  KY est23all.txt 27NOV2024
21  73     5883     4747     7019 11.8  9.5 14.1     1613     1112     2114 15.3 10.5 20.1     1174      783     1565 14.9  9.9 19.9  66920  60977  72863                                        Franklin County                               KY est23all.txt 27NOV2024
21  75     1497     1155     1839 25.9 20.0 31.8      480      326      634 35.2 23.9 46.5      339      223      455 33.0 21.7 44.3  41088  35700  46476                                        Fulton County                                 KY est23all.txt 27NOV2024
21  77     1134      885     1383 13.1 10.2 16.0      366      253      479 18.2 12.6 23.8      262      175      349 17.6 11.8 23.4  66789  58539  75039                                        Gallatin County                               KY est23all.txt 27NOV2024
21  79     3104     2600     3608 17.6 14.7 20.5      940      726     1154 24.2 18.7 29.7      743      583      903 25.3 19.8 30.8  62980  55397  70563                                        Garrard County                                KY est23all.txt 27NOV2024
21  81     3268     2594     3942 13.0 10.3 15.7     1177      845     1509 17.9 12.8 23.0      858      613     1103 17.8 12.7 22.9  68309  61445  75173                                        Grant County                                  KY est23all.txt 27NOV2024
21  83     6322     5246     7398 17.6 14.6 20.6     2065     1571     2559 23.9 18.2 29.6     1288      886     1690 20.3 14.0 26.6  53947  48654  59240                                        Graves County                                 KY est23all.txt 27NOV2024
21  85     4611     3674     5548 17.8 14.2 21.4     1453     1062     1844 23.8 17.4 30.2     1033      750     1316 23.7 17.2 30.2  54543  50792  58294                                        Grayson County                                KY est23all.txt 27NOV2024
21  87     1995     1562     2428 17.6 13.8 21.4      551      374      728 23.4 15.9 30.9      385      250      520 22.0 14.3 29.7  48153  42400  53906                                        Green County                                  KY est23all.txt 27NOV2024
21  89     5522     4569     6475 15.9 13.2 18.6     1245      860     1630 17.2 11.9 22.5      943      643     1243 16.9 11.5 22.3  59151  53684  64618                                        Greenup County                                KY est23all.txt 27NOV2024
21  91     1049      808     1290 11.9  9.2 14.6      277      184      370 13.6  9.0 18.2      202      131      273 12.8  8.3 17.3  70998  61894  80102                                        Hancock County                                KY est23all.txt 27NOV2024
21  93    15567    13695    17439 14.2 12.5 15.9     4798     3911     5685 17.6 14.3 20.9     3329     2631     4027 16.4 13.0 19.8  65472  59470  71474                                        Hardin County                                 KY est23all.txt 27NOV2024
21  95     7364     6005     8723 29.7 24.2 35.2     2088     1511     2665 35.1 25.4 44.8     1428      969     1887 31.5 21.4 41.6  36916  32479  41353                                        Harlan County                                 KY est23all.txt 27NOV2024
21  97     2651     2122     3180 13.9 11.1 16.7      733      492      974 16.8 11.3 22.3      534      350      718 17.1 11.2 23.0  63689  56827  70551                                        Harrison County                               KY est23all.txt 27NOV2024
21  99     3438     2720     4156 17.7 14.0 21.4     1026      699     1353 22.0 15.0 29.0      751      499     1003 22.2 14.8 29.6  51921  46207  57635                                        Hart County                                   KY est23all.txt 27NOV2024
21 101     5699     4575     6823 13.2 10.6 15.8     1677     1191     2163 17.3 12.3 22.3     1277      912     1642 17.6 12.6 22.6  58742  53004  64480                                        Henderson County                              KY est23all.txt 27NOV2024
21 103     2302     1871     2733 14.6 11.9 17.3      684      494      874 18.8 13.6 24.0      486      345      627 18.1 12.9 23.3  66530  58490  74570                                        Henry County                                  KY est23all.txt 27NOV2024
21 105      807      635      979 18.7 14.7 22.7      231      158      304 27.2 18.5 35.9      169      112      226 26.3 17.5 35.1  56348  48953  63743                                        Hickman County                                KY est23all.txt 27NOV2024
21 107     7018     5701     8335 16.0 13.0 19.0     1958     1375     2541 19.3 13.5 25.1     1462     1014     1910 19.4 13.5 25.3  55080  50067  60093                                        Hopkins County                                KY est23all.txt 27NOV2024
21 109     3110     2452     3768 23.9 18.8 29.0      849      559     1139 28.4 18.7 38.1      640      417      863 29.1 18.9 39.3  44713  39654  49772                                        Jackson County                                KY est23all.txt 27NOV2024
21 111   122737   114472   131002 16.2 15.1 17.3    36206    32107    40305 21.6 19.2 24.0    23971    20928    27014 19.7 17.2 22.2  64977  62108  67846                                        Jefferson County                              KY est23all.txt 27NOV2024
21 113     5485     4257     6713 10.3  8.0 12.6     1739     1158     2320 13.7  9.1 18.3     1242      795     1689 13.0  8.3 17.7  75155  67105  83205                                        Jessamine County                              KY est23all.txt 27NOV2024
21 115     5434     4464     6404 25.0 20.5 29.5     1363      966     1760 28.3 20.1 36.5      981      685     1277 26.8 18.7 34.9  45126  39590  50662                                        Johnson County                                KY est23all.txt 27NOV2024
21 117    17971    15056    20886 10.6  8.9 12.3     5335     4120     6550 13.8 10.7 16.9     3960     3052     4868 14.1 10.9 17.3  79604  75337  83871                                        Kenton County                                 KY est23all.txt 27NOV2024
21 119     3401     2619     4183 26.1 20.1 32.1      841      563     1119 31.6 21.1 42.1      630      414      846 30.6 20.1 41.1  42345  37239  47451                                        Knott County                                  KY est23all.txt 27NOV2024
21 121    10115     8827    11403 35.0 30.5 39.5     2941     2368     3514 43.3 34.9 51.7     1917     1448     2386 38.0 28.7 47.3  37640  33007  42273                                        Knox County                                   KY est23all.txt 27NOV2024
21 123     2437     1964     2910 16.1 13.0 19.2      738      549      927 21.9 16.3 27.5      554      413      695 22.0 16.4 27.6  66310  61788  70832                                        Larue County                                  KY est23all.txt 27NOV2024
21 125    13527    11639    15415 21.8 18.8 24.8     3882     3018     4746 27.7 21.5 33.9     2836     2203     3469 27.1 21.0 33.2  52093  45927  58259                                        Laurel County                                 KY est23all.txt 27NOV2024
21 127     3262     2523     4001 20.6 15.9 25.3      937      627     1247 24.9 16.7 33.1      643      414      872 22.2 14.3 30.1  46200  41191  51209                                        Lawrence County                               KY est23all.txt 27NOV2024
21 129     1918     1468     2368 31.1 23.8 38.4      463      312      614 36.5 24.6 48.4      339      223      455 36.1 23.7 48.5  37939  33151  42727                                        Lee County                                    KY est23all.txt 27NOV2024
21 131     2541     1933     3149 26.7 20.3 33.1      633      428      838 30.6 20.7 40.5      464      307      621 29.5 19.5 39.5  39855  34753  44957                                        Leslie County                                 KY est23all.txt 27NOV2024
21 133     4794     3799     5789 23.8 18.9 28.7     1251      851     1651 28.9 19.7 38.1      930      624     1236 27.8 18.7 36.9  41737  36552  46922                                        Letcher County                                KY est23all.txt 27NOV2024
21 135     2816     2211     3421 22.1 17.4 26.8      854      589     1119 29.4 20.3 38.5      638      434      842 30.5 20.8 40.2  46340  41780  50900                                        Lewis County                                  KY est23all.txt 27NOV2024
21 137     4680     3771     5589 19.1 15.4 22.8     1364      947     1781 22.9 15.9 29.9      994      684     1304 22.9 15.8 30.0  51359  45732  56986                                        Lincoln County                                KY est23all.txt 27NOV2024
21 139     1263     1004     1522 14.3 11.4 17.2      405      299      511 22.7 16.7 28.7      302      221      383 22.6 16.5 28.7  57586  50496  64676                                        Livingston County                             KY est23all.txt 27NOV2024
21 141     4137     3279     4995 14.8 11.7 17.9     1177      792     1562 17.5 11.8 23.2      870      581     1159 18.1 12.1 24.1  61186  56753  65619                                        Logan County                                  KY est23all.txt 27NOV2024
21 143     1169      903     1435 15.9 12.3 19.5      225      156      294 17.9 12.4 23.4      159      106      212 16.1 10.7 21.5  63989  57564  70414                                        Lyon County                                   KY est23all.txt 27NOV2024
21 145    10425     8730    12120 15.7 13.1 18.3     3027     2265     3789 21.2 15.9 26.5     2245     1636     2854 21.0 15.3 26.7  60801  57161  64441                                        McCracken County                              KY est23all.txt 27NOV2024
21 147     5471     4502     6440 35.9 29.5 42.3     1500     1111     1889 41.7 30.9 52.5     1022      707     1337 39.2 27.1 51.3  36348  31891  40805                                        McCreary County                               KY est23all.txt 27NOV2024
21 149     1320     1060     1580 14.7 11.8 17.6      360      240      480 17.4 11.6 23.2      254      165      343 16.1 10.5 21.7  58403  51950  64856                                        McLean County                                 KY est23all.txt 27NOV2024
21 151    12655    10632    14678 13.8 11.6 16.0     3329     2504     4154 16.5 12.4 20.6     2174     1558     2790 14.8 10.6 19.0  65438  61843  69033                                        Madison County                                KY est23all.txt 27NOV2024
21 153     3239     2591     3887 29.2 23.4 35.0      872      604     1140 34.8 24.1 45.5      620      412      828 33.2 22.1 44.3  40162  35339  44985                                        Magoffin County                               KY est23all.txt 27NOV2024
21 155     2826     2235     3417 14.6 11.5 17.7      803      528     1078 17.3 11.4 23.2      604      395      813 17.1 11.2 23.0  54466  48130  60802                                        Marion County                                 KY est23all.txt 27NOV2024
21 157     4308     3614     5002 13.8 11.6 16.0     1067      783     1351 17.3 12.7 21.9      735      509      961 15.6 10.8 20.4  61426  55144  67708                                        Marshall County                               KY est23all.txt 27NOV2024
21 159     4492     3827     5157 48.1 41.0 55.2     1100      891     1309 53.2 43.1 63.3      866      711     1021 56.4 46.3 66.5  35522  30807  40237                                        Martin County                                 KY est23all.txt 27NOV2024
21 161     2814     2242     3386 17.0 13.5 20.5      801      523     1079 20.9 13.6 28.2      577      369      785 20.0 12.8 27.2  56706  50545  62867                                        Mason County                                  KY est23all.txt 27NOV2024
21 163     3485     2808     4162 11.7  9.4 14.0      892      650     1134 13.9 10.1 17.7      641      451      831 13.0  9.2 16.8  69228  64003  74453                                        Meade County                                  KY est23all.txt 27NOV2024
21 165     1558     1245     1871 25.1 20.1 30.1      408      296      520 35.9 26.1 45.7      278      189      367 35.2 24.0 46.4  44734  39088  50380                                        Menifee County                                KY est23all.txt 27NOV2024
21 167     3049     2431     3667 13.4 10.7 16.1      868      613     1123 17.6 12.4 22.8      604      404      804 16.4 11.0 21.8  67348  60891  73805                                        Mercer County                                 KY est23all.txt 27NOV2024
21 169     2505     2035     2975 24.2 19.7 28.7      875      664     1086 36.6 27.8 45.4      643      483      803 35.7 26.8 44.6  40690  35394  45986                                        Metcalfe County                               KY est23all.txt 27NOV2024
21 171     2645     2140     3150 23.7 19.2 28.2      779      558     1000 29.6 21.2 38.0      525      355      695 27.4 18.5 36.3  44605  38992  50218                                        Monroe County                                 KY est23all.txt 27NOV2024
21 173     4106     3259     4953 14.6 11.6 17.6     1198      825     1571 18.5 12.7 24.3      840      557     1123 17.5 11.6 23.4  54848  51545  58151                                        Montgomery County                             KY est23all.txt 27NOV2024
21 175     3019     2321     3717 24.7 19.0 30.4      700      474      926 27.4 18.5 36.3      507      338      676 27.2 18.1 36.3  44587  39959  49215                                        Morgan County                                 KY est23all.txt 27NOV2024
21 177     5786     4727     6845 20.2 16.5 23.9     1587     1151     2023 25.4 18.4 32.4     1189      871     1507 26.0 19.0 33.0  52291  46081  58501                                        Muhlenberg County                             KY est23all.txt 27NOV2024
21 179     6100     5124     7076 12.9 10.8 15.0     1728     1311     2145 16.2 12.3 20.1     1208      879     1537 15.3 11.1 19.5  65928  59537  72319                                        Nelson County                                 KY est23all.txt 27NOV2024
21 181     1296     1009     1583 17.2 13.4 21.0      468      319      617 25.4 17.3 33.5      335      219      451 24.2 15.8 32.6  52978  46311  59645                                        Nicholas County                               KY est23all.txt 27NOV2024
21 183     3715     2909     4521 16.0 12.5 19.5     1077      742     1412 19.8 13.7 25.9      797      541     1053 19.2 13.0 25.4  55512  49672  61352                                        Ohio County                                   KY est23all.txt 27NOV2024
21 185     3801     3098     4504  5.8  4.7  6.9      842      620     1064  5.0  3.7  6.3      631      465      797  4.7  3.5  5.9 120818 109515 132121                                        Oldham County                                 KY est23all.txt 27NOV2024
21 187     1726     1381     2071 15.4 12.3 18.5      435      309      561 18.9 13.4 24.4      330      233      427 18.7 13.2 24.2  64868  57803  71933                                        Owen County                                   KY est23all.txt 27NOV2024
21 189     1294     1003     1585 33.1 25.7 40.5      378      256      500 42.0 28.5 55.5      283      188      378 44.2 29.4 59.0  35000  30393  39607                                        Owsley County                                 KY est23all.txt 27NOV2024
21 191     1945     1548     2342 13.2 10.5 15.9      586      389      783 17.5 11.6 23.4      427      275      579 17.2 11.1 23.3  71116  63048  79184                                        Pendleton County                              KY est23all.txt 27NOV2024
21 193     7849     6623     9075 29.7 25.1 34.3     2273     1800     2746 37.0 29.3 44.7     1488     1110     1866 32.8 24.5 41.1  42519  37154  47884                                        Perry County                                  KY est23all.txt 27NOV2024
21 195    12737    10707    14767 23.4 19.7 27.1     3104     2357     3851 27.7 21.0 34.4     2128     1560     2696 25.1 18.4 31.8  46402  41280  51524                                        Pike County                                   KY est23all.txt 27NOV2024
21 197     2782     2179     3385 22.1 17.3 26.9      855      592     1118 28.4 19.7 37.1      612      415      809 27.8 18.9 36.7  46014  40260  51768                                        Powell County                                 KY est23all.txt 27NOV2024
21 199    11056     9185    12927 17.0 14.1 19.9     3152     2320     3984 22.4 16.5 28.3     2275     1638     2912 21.7 15.6 27.8  54487  50636  58338                                        Pulaski County                                KY est23all.txt 27NOV2024
21 201      442      348      536 19.6 15.4 23.8      144      104      184 28.3 20.4 36.2      102       72      132 24.9 17.6 32.2  55507  48482  62532                                        Robertson County                              KY est23all.txt 27NOV2024
21 203     3446     2795     4097 21.8 17.7 25.9      869      600     1138 26.0 18.0 34.0      645      435      855 25.6 17.3 33.9  49406  43659  55153                                        Rockcastle County                             KY est23all.txt 27NOV2024
21 205     5199     4340     6058 24.0 20.0 28.0     1100      777     1423 23.2 16.4 30.0      763      525     1001 22.3 15.3 29.3  51712  45059  58365                                        Rowan County                                  KY est23all.txt 27NOV2024
21 207     4008     3306     4710 22.3 18.4 26.2     1032      720     1344 25.1 17.5 32.7      740      509      971 23.9 16.4 31.4  47397  42424  52370                                        Russell County                                KY est23all.txt 27NOV2024
21 209     5883     4948     6818 10.0  8.4 11.6     1801     1403     2199 12.6  9.8 15.4     1200      894     1506 11.3  8.4 14.2  81956  75999  87913                                        Scott County                                  KY est23all.txt 27NOV2024
21 211     5582     4731     6433 11.6  9.8 13.4     1443     1078     1808 13.5 10.1 16.9     1016      748     1284 12.9  9.5 16.3  76693  69784  83602                                        Shelby County                                 KY est23all.txt 27NOV2024
21 213     2691     2155     3227 13.7 11.0 16.4      828      572     1084 18.0 12.5 23.5      597      404      790 17.2 11.7 22.7  60371  53519  67223                                        Simpson County                                KY est23all.txt 27NOV2024
21 215     1426     1108     1744  7.0  5.4  8.6      358      239      477  7.9  5.3 10.5      270      178      362  7.7  5.1 10.3  97726  85679 109773                                        Spencer County                                KY est23all.txt 27NOV2024
21 217     4863     4076     5650 19.4 16.3 22.5     1357      967     1747 22.8 16.3 29.3      980      691     1269 22.5 15.9 29.1  52832  46825  58839                                        Taylor County                                 KY est23all.txt 27NOV2024
21 219     2011     1579     2443 16.3 12.8 19.8      753      539      967 22.7 16.3 29.1      543      377      709 22.6 15.7 29.5  57288  50008  64568                                        Todd County                                   KY est23all.txt 27NOV2024
21 221     1939     1537     2341 13.6 10.8 16.4      605      411      799 19.9 13.5 26.3      427      279      575 18.8 12.3 25.3  57844  51424  64264                                        Trigg County                                  KY est23all.txt 27NOV2024
21 223     1128      886     1370 13.2 10.4 16.0      312      217      407 16.8 11.7 21.9      228      155      301 16.4 11.1 21.7  65885  57909  73861                                        Trimble County                                KY est23all.txt 27NOV2024
21 225     1866     1444     2288 14.5 11.2 17.8      494      336      652 19.9 13.5 26.3      331      214      448 19.1 12.4 25.8  60771  53486  68056                                        Union County                                  KY est23all.txt 27NOV2024
21 227    19312    16385    22239 14.2 12.1 16.3     4810     3333     6287 14.7 10.2 19.2     3448     2346     4550 14.6  9.9 19.3  62108  58098  66118                                        Warren County                                 KY est23all.txt 27NOV2024
21 229     1582     1216     1948 13.1 10.1 16.1      463      315      611 16.5 11.2 21.8      328      215      441 15.5 10.1 20.9  59071  51726  66416                                        Washington County                             KY est23all.txt 27NOV2024
21 231     4808     3940     5676 25.0 20.5 29.5     1382      999     1765 35.7 25.8 45.6     1051      760     1342 37.0 26.8 47.2  42721  37883  47559                                        Wayne County                                  KY est23all.txt 27NOV2024
21 233     1901     1491     2311 15.4 12.1 18.7      582      399      765 19.2 13.2 25.2      424      284      564 19.2 12.9 25.5  59260  52155  66365                                        Webster County                                KY est23all.txt 27NOV2024
21 235     9399     7980    10818 26.9 22.8 31.0     3162     2505     3819 33.3 26.4 40.2     1932     1386     2478 27.9 20.0 35.8  43910  39694  48126                                        Whitley County                                KY est23all.txt 27NOV2024
21 237     1753     1380     2126 28.6 22.5 34.7      542      387      697 39.5 28.2 50.8      385      268      502 38.4 26.7 50.1  40949  35621  46277                                        Wolfe County                                  KY est23all.txt 27NOV2024
21 239     2818     2319     3317 10.6  8.7 12.5      731      529      933 12.7  9.2 16.2      504      351      657 11.6  8.1 15.1  78344  68935  87753                                        Woodford County                               KY est23all.txt 27NOV2024
22   0   839489   820715   858263 18.9 18.5 19.3   264541   254093   274989 25.2 24.2 26.2   187668   178447   196889 24.3 23.1 25.5  58273  57163  59383   73608   68953   78263 26.9 25.2 28.6 Louisiana                                     LA est23all.txt 27NOV2024
22   1    13947    11976    15918 25.0 21.5 28.5     4484     3438     5530 31.5 24.2 38.8     3194     2364     4024 30.7 22.7 38.7  43133  39746  46520                                        Acadia Parish                                 LA est23all.txt 27NOV2024
22   3     3869     2972     4766 20.1 15.4 24.8     1174      819     1529 23.4 16.3 30.5      850      578     1122 22.7 15.5 29.9  47937  42706  53168                                        Allen Parish                                  LA est23all.txt 27NOV2024
22   5    13963    11301    16625 10.7  8.7 12.7     4292     3025     5559 12.7  9.0 16.4     3167     2163     4171 12.4  8.5 16.3  89558  82539  96577                                        Ascension Parish                              LA est23all.txt 27NOV2024
22   7     3652     2851     4453 18.3 14.3 22.3     1073      744     1402 26.7 18.5 34.9      785      521     1049 26.3 17.5 35.1  54511  49492  59530                                        Assumption Parish                             LA est23all.txt 27NOV2024
22   9     9590     8199    10981 27.0 23.1 30.9     3371     2743     3999 37.3 30.4 44.2     2240     1687     2793 33.3 25.1 41.5  44650  39452  49848                                        Avoyelles Parish                              LA est23all.txt 27NOV2024
22  11     5596     4547     6645 15.7 12.8 18.6     1795     1299     2291 19.5 14.1 24.9     1283      903     1663 19.3 13.6 25.0  57108  51043  63173                                        Beauregard Parish                             LA est23all.txt 27NOV2024
22  13     3043     2463     3623 25.3 20.5 30.1      957      687     1227 34.2 24.5 43.9      688      481      895 33.9 23.7 44.1  39743  34549  44937                                        Bienville Parish                              LA est23all.txt 27NOV2024
22  15    17641    14807    20475 13.8 11.6 16.0     5979     4644     7314 19.0 14.7 23.3     4307     3269     5345 18.4 14.0 22.8  71061  65266  76856                                        Bossier Parish                                LA est23all.txt 27NOV2024
22  17    50737    44905    56569 22.8 20.2 25.4    16398    13513    19283 31.7 26.1 37.3    11519     9306    13732 30.0 24.2 35.8  50773  48076  53470                                        Caddo Parish                                  LA est23all.txt 27NOV2024
22  19    35387    31104    39670 17.6 15.5 19.7    12506    10488    14524 25.2 21.1 29.3     8196     6627     9765 22.5 18.2 26.8  63912  59629  68195                                        Calcasieu Parish                              LA est23all.txt 27NOV2024
22  21     1757     1334     2180 20.3 15.4 25.2      583      398      768 29.0 19.8 38.2      417      277      557 27.6 18.3 36.9  48050  41762  54338                                        Caldwell Parish                               LA est23all.txt 27NOV2024
22  23      655      497      813 13.8 10.5 17.1      194      132      256 18.6 12.7 24.5      151       99      203 19.9 13.1 26.7  66189  57823  74555                                        Cameron Parish                                LA est23all.txt 27NOV2024
22  25     2368     1910     2826 30.0 24.2 35.8      833      643     1023 46.1 35.6 56.6      574      425      723 42.7 31.6 53.8  40139  34989  45289                                        Catahoula Parish                              LA est23all.txt 27NOV2024
22  27     3462     2749     4175 29.2 23.2 35.2      974      693     1255 37.5 26.7 48.3      687      470      904 35.0 24.0 46.0  39576  34773  44379                                        Claiborne Parish                              LA est23all.txt 27NOV2024
22  29     4231     3239     5223 25.2 19.3 31.1     1407      951     1863 34.7 23.5 45.9     1038      689     1387 33.2 22.1 44.3  43136  38552  47720                                        Concordia Parish                              LA est23all.txt 27NOV2024
22  31     4729     3723     5735 17.7 13.9 21.5     1537     1080     1994 24.0 16.9 31.1     1131      776     1486 23.7 16.3 31.1  53165  46713  59617                                        De Soto Parish                                LA est23all.txt 27NOV2024
22  33    86425    78004    94846 20.0 18.1 21.9    24867    20322    29412 25.0 20.4 29.6    17317    13707    20927 23.9 18.9 28.9  60205  56686  63724                                        East Baton Rouge Parish                       LA est23all.txt 27NOV2024
22  35     2398     1846     2950 46.5 35.8 57.2      707      496      918 52.8 37.0 68.6      513      353      673 50.6 34.8 66.4  34604  30097  39111                                        East Carroll Parish                           LA est23all.txt 27NOV2024
22  37     3328     2581     4075 19.9 15.4 24.4      764      522     1006 23.1 15.8 30.4      551      362      740 22.5 14.8 30.2  58360  52159  64561                                        East Feliciana Parish                         LA est23all.txt 27NOV2024
22  39     6730     5217     8243 22.2 17.2 27.2     2227     1501     2953 28.4 19.1 37.7     1647     1093     2201 29.2 19.4 39.0  46178  42073  50283                                        Evangeline Parish                             LA est23all.txt 27NOV2024
22  41     4534     3493     5575 23.9 18.4 29.4     1746     1196     2296 36.3 24.9 47.7     1265      845     1685 35.3 23.6 47.0  42066  36925  47207                                        Franklin Parish                               LA est23all.txt 27NOV2024
22  43     3862     3050     4674 20.4 16.1 24.7     1139      840     1438 25.4 18.7 32.1      783      556     1010 24.3 17.3 31.3  58560  51854  65266                                        Grant Parish                                  LA est23all.txt 27NOV2024
22  45    14791    12290    17292 22.1 18.4 25.8     5555     4323     6787 33.2 25.8 40.6     3893     2943     4843 31.6 23.9 39.3  51770  45808  57732                                        Iberia Parish                                 LA est23all.txt 27NOV2024
22  47     5422     4161     6683 20.2 15.5 24.9     1930     1424     2436 31.6 23.3 39.9     1340      917     1763 30.6 21.0 40.2  54265  47794  60736                                        Iberville Parish                              LA est23all.txt 27NOV2024
22  49     2716     2111     3321 19.4 15.1 23.7      848      588     1108 27.7 19.2 36.2      624      421      827 26.0 17.5 34.5  51215  44758  57672                                        Jackson Parish                                LA est23all.txt 27NOV2024
22  51    71376    64046    78706 17.1 15.3 18.9    21300    17331    25269 23.2 18.9 27.5    14815    11538    18092 22.3 17.4 27.2  61168  58535  63801                                        Jefferson Parish                              LA est23all.txt 27NOV2024
22  53     5489     4352     6626 17.8 14.1 21.5     1813     1292     2334 23.1 16.5 29.7     1316      914     1718 22.7 15.8 29.6  62563  57257  67869                                        Jefferson Davis Parish                        LA est23all.txt 27NOV2024
22  55    41666    36926    46406 16.9 15.0 18.8    12655    10125    15185 21.3 17.0 25.6     8739     6607    10871 20.3 15.3 25.3  64181  59177  69185                                        Lafayette Parish                              LA est23all.txt 27NOV2024
22  57    17950    15529    20371 19.4 16.8 22.0     5444     4426     6462 25.7 20.9 30.5     4050     3272     4828 25.8 20.8 30.8  60107  54321  65893                                        Lafourche Parish                              LA est23all.txt 27NOV2024
22  59     2555     1992     3118 20.0 15.6 24.4      752      552      952 23.9 17.5 30.3      562      408      716 24.1 17.5 30.7  57556  50501  64611                                        La Salle Parish                               LA est23all.txt 27NOV2024
22  61    12090    10438    13742 28.4 24.5 32.3     2545     1807     3283 27.3 19.4 35.2     1766     1210     2322 25.9 17.8 34.0  47851  41796  53906                                        Lincoln Parish                                LA est23all.txt 27NOV2024
22  63    20924    18186    23662 14.1 12.3 15.9     6837     5526     8148 18.1 14.6 21.6     4837     3815     5859 17.2 13.6 20.8  73745  67444  80046                                        Livingston Parish                             LA est23all.txt 27NOV2024
22  65     2880     2214     3546 34.1 26.2 42.0     1087      739     1435 48.1 32.7 63.5      763      500     1026 47.1 30.8 63.4  34704  30371  39037                                        Madison Parish                                LA est23all.txt 27NOV2024
22  67     7127     6057     8197 31.3 26.6 36.0     2455     1924     2986 45.0 35.3 54.7     1739     1298     2180 42.8 32.0 53.6  37255  32672  41838                                        Morehouse Parish                              LA est23all.txt 27NOV2024
22  69     8290     6980     9600 24.3 20.5 28.1     2368     1732     3004 29.5 21.6 37.4     1791     1315     2267 30.2 22.2 38.2  47476  44353  50599                                        Natchitoches Parish                           LA est23all.txt 27NOV2024
22  71    80769    72590    88948 23.1 20.8 25.4    22768    18908    26628 32.6 27.1 38.1    17214    14256    20172 34.0 28.2 39.8  53729  49964  57494                                        Orleans Parish                                LA est23all.txt 27NOV2024
22  73    32634    29020    36248 21.4 19.0 23.8    11146     9141    13151 29.4 24.1 34.7     8068     6555     9581 28.7 23.3 34.1  52904  49626  56182                                        Ouachita Parish                               LA est23all.txt 27NOV2024
22  75     3376     2583     4169 15.6 11.9 19.3     1041      732     1350 19.5 13.7 25.3      764      526     1002 19.1 13.1 25.1  71460  63566  79354                                        Plaquemines Parish                            LA est23all.txt 27NOV2024
22  77     3978     3186     4770 20.1 16.1 24.1     1167      817     1517 27.8 19.5 36.1      856      585     1127 28.2 19.3 37.1  57045  49919  64171                                        Pointe Coupee Parish                          LA est23all.txt 27NOV2024
22  79    24624    21141    28107 19.9 17.1 22.7     8009     6289     9729 25.9 20.3 31.5     5659     4379     6939 24.7 19.1 30.3  52379  48054  56704                                        Rapides Parish                                LA est23all.txt 27NOV2024
22  81     1753     1363     2143 24.5 19.1 29.9      573      405      741 34.4 24.3 44.5      430      298      562 36.0 24.9 47.1  46817  40959  52675                                        Red River Parish                              LA est23all.txt 27NOV2024
22  83     4723     3764     5682 25.1 20.0 30.2     1709     1280     2138 37.1 27.8 46.4     1297      984     1610 38.9 29.5 48.3  45093  39561  50625                                        Richland Parish                               LA est23all.txt 27NOV2024
22  85     4164     3376     4952 19.3 15.6 23.0     1217      831     1603 24.5 16.7 32.3      889      591     1187 24.1 16.0 32.2  53183  46640  59726                                        Sabine Parish                                 LA est23all.txt 27NOV2024
22  87     7958     6383     9533 18.0 14.4 21.6     2903     2074     3732 25.7 18.4 33.0     1937     1286     2588 23.1 15.3 30.9  52139  48221  56057                                        St. Bernard Parish                            LA est23all.txt 27NOV2024
22  89     6468     5148     7788 12.9 10.3 15.5     2259     1689     2829 19.0 14.2 23.8     1644     1215     2073 18.1 13.4 22.8  81482  73276  89688                                        St. Charles Parish                            LA est23all.txt 27NOV2024
22  91     2421     1923     2919 22.8 18.1 27.5      748      504      992 35.1 23.7 46.5      583      380      786 35.8 23.4 48.2  46835  40914  52756                                        St. Helena Parish                             LA est23all.txt 27NOV2024
22  93     2879     2175     3583 15.1 11.4 18.8      957      641     1273 23.0 15.4 30.6      718      466      970 23.1 15.0 31.2  64089  57985  70193                                        St. James Parish                              LA est23all.txt 27NOV2024
22  95     6589     5028     8150 16.8 12.8 20.8     2601     1778     3424 27.9 19.1 36.7     1878     1238     2518 26.7 17.6 35.8  63183  56910  69456                                        St. John the Baptist Parish                   LA est23all.txt 27NOV2024
22  97    18651    15542    21760 23.2 19.3 27.1     6398     4671     8125 29.9 21.8 38.0     4311     3015     5607 27.3 19.1 35.5  43051  39016  47086                                        St. Landry Parish                             LA est23all.txt 27NOV2024
22  99     9158     7442    10874 18.1 14.7 21.5     3217     2365     4069 27.0 19.9 34.1     2312     1620     3004 26.0 18.2 33.8  54516  48284  60748                                        St. Martin Parish                             LA est23all.txt 27NOV2024
22 101     9901     7899    11903 21.4 17.1 25.7     3501     2520     4482 31.1 22.4 39.8     2422     1685     3159 29.3 20.4 38.2  51179  46402  55956                                        St. Mary Parish                               LA est23all.txt 27NOV2024
22 103    32491    27646    37336 11.9 10.1 13.7     9249     7063    11435 14.5 11.1 17.9     6356     4619     8093 13.3  9.7 16.9  78484  73382  83586                                        St. Tammany Parish                            LA est23all.txt 27NOV2024
22 105    25447    21177    29717 19.0 15.8 22.2     8767     6738    10796 26.4 20.3 32.5     5993     4400     7586 25.2 18.5 31.9  55432  50570  60294                                        Tangipahoa Parish                             LA est23all.txt 27NOV2024
22 107     1158      885     1431 30.8 23.5 38.1      361      251      471 47.1 32.7 61.5      271      185      357 43.7 29.8 57.6  35670  31773  39567                                        Tensas Parish                                 LA est23all.txt 27NOV2024
22 109    16450    13238    19662 16.1 13.0 19.2     5575     3949     7201 22.1 15.6 28.6     3898     2611     5185 21.0 14.1 27.9  62566  57800  67332                                        Terrebonne Parish                             LA est23all.txt 27NOV2024
22 111     3701     2869     4533 18.3 14.2 22.4     1226      867     1585 28.7 20.3 37.1      900      618     1182 28.2 19.4 37.0  52753  46345  59161                                        Union Parish                                  LA est23all.txt 27NOV2024
22 113     9840     7919    11761 17.5 14.1 20.9     3344     2378     4310 23.6 16.8 30.4     2499     1702     3296 23.7 16.1 31.3  53711  48331  59091                                        Vermilion Parish                              LA est23all.txt 27NOV2024
22 115     7453     6271     8635 16.7 14.1 19.3     2447     1871     3023 21.1 16.1 26.1     1700     1268     2132 21.2 15.8 26.6  55872  50906  60838                                        Vernon Parish                                 LA est23all.txt 27NOV2024
22 117    10030     8161    11899 23.3 19.0 27.6     3243     2368     4118 31.1 22.7 39.5     2510     1873     3147 32.7 24.4 41.0  45073  40222  49924                                        Washington Parish                             LA est23all.txt 27NOV2024
22 119     7064     5753     8375 20.3 16.5 24.1     2249     1638     2860 28.8 21.0 36.6     1649     1166     2132 28.4 20.1 36.7  47088  44628  49548                                        Webster Parish                                LA est23all.txt 27NOV2024
22 121     3749     2838     4660 13.6 10.3 16.9     1318      897     1739 19.4 13.2 25.6      961      638     1284 19.1 12.7 25.5  73173  64662  81684                                        West Baton Rouge Parish                       LA est23all.txt 27NOV2024
22 123     1810     1371     2249 19.6 14.9 24.3      627      428      826 30.3 20.7 39.9      462      305      619 30.0 19.8 40.2  47030  41271  52789                                        West Carroll Parish                           LA est23all.txt 27NOV2024
22 125     2222     1666     2778 22.3 16.7 27.9      473      323      623 19.0 13.0 25.0      338      223      453 17.7 11.7 23.7  74368  64802  83934                                        West Feliciana Parish                         LA est23all.txt 27NOV2024
22 127     2852     2230     3474 24.2 18.9 29.5      847      595     1099 30.7 21.6 39.8      611      421      801 29.1 20.1 38.1  48430  42264  54596                                        Winn Parish                                   LA est23all.txt 27NOV2024
23   0   141996   135779   148213 10.5 10.0 11.0    30775    28088    33462 12.6 11.5 13.7    22055    19527    24583 12.0 10.6 13.4  73463  71871  75055    7594    6655    8533 12.8 11.2 14.4 Maine                                         ME est23all.txt 27NOV2024
23   1    14094    11824    16364 13.0 10.9 15.1     3774     2855     4693 16.6 12.6 20.6     2453     1742     3164 14.5 10.3 18.7  63456  59087  67825                                        Androscoggin County                           ME est23all.txt 27NOV2024
23   3     7949     6161     9737 12.1  9.4 14.8     1883     1192     2574 15.2  9.6 20.8     1387      857     1917 15.1  9.3 20.9  56361  53216  59506                                        Aroostook County                              ME est23all.txt 27NOV2024
23   5    20708    16857    24559  6.9  5.6  8.2     3959     2710     5208  7.3  5.0  9.6     2924     1970     3878  7.3  4.9  9.7  96255  92062 100448                                        Cumberland County                             ME est23all.txt 27NOV2024
23   7     3945     3106     4784 13.6 10.7 16.5      794      505     1083 15.6  9.9 21.3      592      364      820 15.2  9.4 21.0  56509  51564  61454                                        Franklin County                               ME est23all.txt 27NOV2024
23   9     5586     4439     6733 10.1  8.0 12.2     1157      765     1549 13.2  8.7 17.7      828      524     1132 12.3  7.8 16.8  72647  68909  76385                                        Hancock County                                ME est23all.txt 27NOV2024
23  11    14132    11780    16484 11.5  9.6 13.4     3386     2497     4275 14.7 10.8 18.6     2536     1870     3202 14.6 10.8 18.4  64643  60209  69077                                        Kennebec County                               ME est23all.txt 27NOV2024
23  13     3414     2429     4399  8.6  6.1 11.1      869      551     1187 13.0  8.3 17.7      650      406      894 12.5  7.8 17.2  70533  63893  77173                                        Knox County                                   ME est23all.txt 27NOV2024
23  15     3530     2667     4393  9.8  7.4 12.2      794      516     1072 13.8  9.0 18.6      567      351      783 12.8  7.9 17.7  74569  68300  80838                                        Lincoln County                                ME est23all.txt 27NOV2024
23  17     8529     7216     9842 14.5 12.3 16.7     1986     1488     2484 19.4 14.5 24.3     1484     1096     1872 19.2 14.2 24.2  60220  56333  64107                                        Oxford County                                 ME est23all.txt 27NOV2024
23  19    18810    16063    21557 12.6 10.8 14.4     3437     2417     4457 13.0  9.1 16.9     2363     1563     3163 11.8  7.8 15.8  65215  61179  69251                                        Penobscot County                              ME est23all.txt 27NOV2024
23  21     2640     2112     3168 15.3 12.2 18.4      571      362      780 20.0 12.7 27.3      417      255      579 19.8 12.1 27.5  51787  46740  56834                                        Piscataquis County                            ME est23all.txt 27NOV2024
23  23     3229     2468     3990  8.7  6.7 10.7      712      475      949 10.9  7.3 14.5      510      332      688 10.2  6.6 13.8  83180  77805  88555                                        Sagadahoc County                              ME est23all.txt 27NOV2024
23  25     6725     5361     8089 13.3 10.6 16.0     1650     1058     2242 18.0 11.5 24.5     1137      682     1592 16.6  9.9 23.3  56422  53559  59285                                        Somerset County                               ME est23all.txt 27NOV2024
23  27     5066     3994     6138 12.7 10.0 15.4     1284      904     1664 18.5 13.0 24.0      944      647     1241 18.0 12.3 23.7  68345  63843  72847                                        Waldo County                                  ME est23all.txt 27NOV2024
23  29     6178     5391     6965 20.1 17.5 22.7     1180      825     1535 20.7 14.5 26.9      817      509     1125 19.3 12.0 26.6  48104  44434  51774                                        Washington County                             ME est23all.txt 27NOV2024
23  31    17462    14096    20828  8.1  6.5  9.7     3339     2326     4352  8.9  6.2 11.6     2446     1667     3225  8.7  5.9 11.5  85445  81259  89631                                        York County                                   ME est23all.txt 27NOV2024
24   0   585097   567972   602222  9.7  9.4 10.0   149906   140708   159104 11.3 10.6 12.0   100848    92877   108819 10.2  9.4 11.0  98568  97322  99814   43897   39556   48238 12.9 11.6 14.2 Maryland                                      MD est23all.txt 27NOV2024
24   1    11503     9586    13420 18.8 15.7 21.9     2619     1909     3329 22.3 16.2 28.4     1768     1235     2301 20.5 14.3 26.7  54759  49832  59686                                        Allegany County                               MD est23all.txt 27NOV2024
24   3    36637    30221    43053  6.3  5.2  7.4     9060     6133    11987  6.9  4.7  9.1     6071     3858     8284  6.3  4.0  8.6 116956 113177 120735                                        Anne Arundel County                           MD est23all.txt 27NOV2024
24   5    80251    71581    88921  9.8  8.7 10.9    18431    13935    22927 10.3  7.8 12.8    12273     8772    15774  9.3  6.6 12.0  86807  83993  89621                                        Baltimore County                              MD est23all.txt 27NOV2024
24   9     4626     3375     5877  4.9  3.6  6.2     1373      902     1844  6.4  4.2  8.6      962      600     1324  5.9  3.7  8.1 124486 117533 131439                                        Calvert County                                MD est23all.txt 27NOV2024
24  11     4416     3587     5245 13.3 10.8 15.8     1269      861     1677 16.3 11.0 21.6      883      568     1198 15.7 10.1 21.3  63491  56580  70402                                        Caroline County                               MD est23all.txt 27NOV2024
24  13    11031     9183    12879  6.4  5.3  7.5     2219     1548     2890  5.8  4.1  7.5     1565     1059     2071  5.4  3.6  7.2 113885 108435 119335                                        Carroll County                                MD est23all.txt 27NOV2024
24  15    10384     8391    12377 10.0  8.1 11.9     2919     2058     3780 12.8  9.0 16.6     1977     1316     2638 11.7  7.8 15.6  87592  79787  95397                                        Cecil County                                  MD est23all.txt 27NOV2024
24  17    13202    10827    15577  7.8  6.4  9.2     3594     2509     4679  9.0  6.3 11.7     2430     1563     3297  8.0  5.1 10.9 105141  98715 111567                                        Charles County                                MD est23all.txt 27NOV2024
24  19     5094     3995     6193 15.7 12.3 19.1     1538     1025     2051 23.2 15.5 30.9     1077      675     1479 22.2 13.9 30.5  63087  57017  69157                                        Dorchester County                             MD est23all.txt 27NOV2024
24  21    18475    15114    21836  6.4  5.2  7.6     4897     3581     6213  7.3  5.3  9.3     3136     2160     4112  6.2  4.3  8.1 114089 109826 118352                                        Frederick County                              MD est23all.txt 27NOV2024
24  23     2993     2241     3745 10.8  8.1 13.5      700      430      970 14.6  9.0 20.2      511      301      721 14.2  8.4 20.0  65991  61225  70757                                        Garrett County                                MD est23all.txt 27NOV2024
24  25    19117    16035    22199  7.3  6.1  8.5     4455     3014     5896  7.7  5.2 10.2     3000     1847     4153  6.9  4.3  9.5 104553 100387 108719                                        Harford County                                MD est23all.txt 27NOV2024
24  27    18652    14863    22441  5.6  4.5  6.7     4866     3409     6323  6.3  4.4  8.2     3498     2388     4608  5.8  4.0  7.6 140113 134135 146091                                        Howard County                                 MD est23all.txt 27NOV2024
24  29     2349     1808     2890 13.0 10.0 16.0      544      369      719 19.1 12.9 25.3      387      251      523 18.5 12.0 25.0  69781  63268  76294                                        Kent County                                   MD est23all.txt 27NOV2024
24  31    75263    65867    84659  7.2  6.3  8.1    16731    12401    21061  7.1  5.3  8.9    11459     7950    14968  6.5  4.5  8.5 125076 122730 127422                                        Montgomery County                             MD est23all.txt 27NOV2024
24  33   101680    90871   112489 11.0  9.8 12.2    27942    22354    33530 13.9 11.1 16.7    17790    13652    21928 12.2  9.4 15.0  97171  94534  99808                                        Prince George's County                        MD est23all.txt 27NOV2024
24  35     3404     2613     4195  6.5  5.0  8.0      843      577     1109  7.9  5.4 10.4      585      380      790  7.4  4.8 10.0 112527 103802 121252                                        Queen Anne's County                           MD est23all.txt 27NOV2024
24  37     9431     7456    11406  8.4  6.6 10.2     2841     1969     3713 10.5  7.3 13.7     1947     1293     2601  9.7  6.4 13.0 102345  98431 106259                                        St. Mary's County                             MD est23all.txt 27NOV2024
24  39     4575     3500     5650 22.9 17.5 28.3     1130      757     1503 26.7 17.9 35.5      836      554     1118 26.7 17.7 35.7  51841  45660  58022                                        Somerset County                               MD est23all.txt 27NOV2024
24  41     3777     2974     4580 10.1  7.9 12.3      942      637     1247 13.9  9.4 18.4      682      447      917 13.5  8.8 18.2  80371  71646  89096                                        Talbot County                                 MD est23all.txt 27NOV2024
24  43    16984    14130    19838 11.5  9.6 13.4     5034     3764     6304 15.4 11.5 19.3     3096     2085     4107 12.7  8.6 16.8  71685  66520  76850                                        Washington County                             MD est23all.txt 27NOV2024
24  45    15578    12892    18264 15.4 12.7 18.1     4550     3331     5769 19.8 14.5 25.1     3118     2207     4029 18.8 13.3 24.3  70975  66535  75415                                        Wicomico County                               MD est23all.txt 27NOV2024
24  47     5413     4171     6655 10.1  7.8 12.4     1304      851     1757 14.3  9.3 19.3      960      601     1319 13.9  8.7 19.1  75459  70150  80768                                        Worcester County                              MD est23all.txt 27NOV2024
24 510   110261    99425   121097 20.2 18.2 22.2    30104    24800    35408 26.2 21.6 30.8    20837    16660    25014 25.6 20.5 30.7  58616  55616  61616                                        Baltimore city                                MD est23all.txt 27NOV2024
25   0   710123   690897   729349 10.5 10.2 10.8   167647   158086   177208 12.7 12.0 13.4   120943   112162   129724 12.3 11.4 13.2  99750  98449 101051   42403   38256   46550 12.7 11.5 13.9 Massachusetts                                 MA est23all.txt 27NOV2024
25   1    20388    16807    23969  8.9  7.3 10.5     3582     2605     4559 11.5  8.4 14.6     2680     1920     3440 11.3  8.1 14.5  89448  85907  92989                                        Barnstable County                             MA est23all.txt 27NOV2024
25   3    15266    12659    17873 12.5 10.4 14.6     3212     2315     4109 16.5 11.9 21.1     2216     1527     2905 15.1 10.4 19.8  74535  69296  79774                                        Berkshire County                              MA est23all.txt 27NOV2024
25   5    72670    66177    79163 12.7 11.6 13.8    21321    18628    24014 18.4 16.1 20.7    15683    13635    17731 17.9 15.6 20.2  81047  79038  83056                                        Bristol County                                MA est23all.txt 27NOV2024
25   7     1755     1311     2199  8.5  6.4 10.6      415      287      543 11.6  8.0 15.2      289      194      384 10.8  7.3 14.3  94059  84194 103924                                        Dukes County                                  MA est23all.txt 27NOV2024
25   9    76541    67598    85484  9.6  8.5 10.7    20531    17006    24056 12.5 10.4 14.6    15807    13145    18469 12.9 10.7 15.1  96303  92936  99670                                        Essex County                                  MA est23all.txt 27NOV2024
25  11     8325     7067     9583 11.9 10.1 13.7     1645     1211     2079 14.6 10.7 18.5     1121      779     1463 13.0  9.0 17.0  71256  67309  75203                                        Franklin County                               MA est23all.txt 27NOV2024
25  13    78475    71696    85254 17.6 16.1 19.1    24580    21535    27625 26.4 23.1 29.7    17777    15327    20227 25.7 22.2 29.2  67155  63160  71150                                        Hampden County                                MA est23all.txt 27NOV2024
25  15    17279    14646    19912 12.4 10.5 14.3     2591     1994     3188 11.7  9.0 14.4     1759     1280     2238 10.2  7.4 13.0  80839  74864  86814                                        Hampshire County                              MA est23all.txt 27NOV2024
25  17   120838   110622   131054  7.7  7.1  8.3    23577    19748    27406  7.6  6.4  8.8    16984    14061    19907  7.4  6.1  8.7 123288 120616 125960                                        Middlesex County                              MA est23all.txt 27NOV2024
25  19      935      706     1164  6.5  4.9  8.1      191      131      251  6.6  4.5  8.7      125       83      167  6.0  4.0  8.0 108671  95177 122165                                        Nantucket County                              MA est23all.txt 27NOV2024
25  21    54608    48618    60598  7.7  6.9  8.5     9563     7661    11465  6.6  5.3  7.9     6972     5473     8471  6.4  5.0  7.8 123449 119573 127325                                        Norfolk County                                MA est23all.txt 27NOV2024
25  23    42087    35828    48346  8.0  6.8  9.2     9102     6915    11289  8.5  6.5 10.5     6430     4730     8130  8.0  5.9 10.1 107828 103964 111692                                        Plymouth County                               MA est23all.txt 27NOV2024
25  25   109289    99563   119015 15.1 13.8 16.4    24217    19806    28628 20.3 16.6 24.0    18055    14732    21378 21.6 17.6 25.6  91386  87765  95007                                        Suffolk County                                MA est23all.txt 27NOV2024
25  27    91666    83371    99961 10.9  9.9 11.9    23119    20059    26179 13.4 11.6 15.2    15045    12461    17629 11.6  9.6 13.6  93561  90790  96332                                        Worcester County                              MA est23all.txt 27NOV2024
26   0  1322242  1300052  1344432 13.5 13.3 13.7   362488   350169   374807 17.5 16.9 18.1   260197   249328   271066 16.8 16.1 17.5  69097  68410  69784   92925   87339   98511 18.0 16.9 19.1 Michigan                                      MI est23all.txt 27NOV2024
26   1     1641     1379     1903 15.8 13.3 18.3      337      239      435 25.6 18.1 33.1      237      161      313 25.4 17.2 33.6  53033  48071  57995                                        Alcona County                                 MI est23all.txt 27NOV2024
26   3     1015      801     1229 12.9 10.2 15.6      201      144      258 16.0 11.5 20.5      144      100      188 15.6 10.8 20.4  62543  58223  66863                                        Alger County                                  MI est23all.txt 27NOV2024
26   5    11987    10098    13876  9.9  8.3 11.5     3343     2622     4064 12.2  9.6 14.8     2291     1733     2849 11.0  8.3 13.7  78772  75383  82161                                        Allegan County                                MI est23all.txt 27NOV2024
26   7     4536     3830     5242 15.9 13.4 18.4     1040      749     1331 19.6 14.1 25.1      725      505      945 18.5 12.9 24.1  53480  48778  58182                                        Alpena County                                 MI est23all.txt 27NOV2024
26   9     2454     1932     2976 10.1  8.0 12.2      627      430      824 15.7 10.8 20.6      455      304      606 15.3 10.2 20.4  72369  66174  78564                                        Antrim County                                 MI est23all.txt 27NOV2024
26  11     2259     1781     2737 15.0 11.8 18.2      628      445      811 22.8 16.2 29.4      445      302      588 21.6 14.6 28.6  56213  52460  59966                                        Arenac County                                 MI est23all.txt 27NOV2024
26  13     1157      925     1389 15.6 12.5 18.7      268      185      351 19.1 13.2 25.0      182      118      246 17.9 11.6 24.2  55856  48914  62798                                        Baraga County                                 MI est23all.txt 27NOV2024
26  15     5229     4124     6334  8.3  6.6 10.0     1438      998     1878 10.6  7.4 13.8     1012      681     1343  9.9  6.7 13.1  75377  69218  81536                                        Barry County                                  MI est23all.txt 27NOV2024
26  17    12966    11000    14932 12.8 10.9 14.7     3107     2214     4000 16.1 11.5 20.7     2234     1536     2932 15.3 10.5 20.1  59523  54958  64088                                        Bay County                                    MI est23all.txt 27NOV2024
26  19     1765     1410     2120  9.7  7.8 11.6      431      294      568 14.1  9.6 18.6      309      206      412 13.6  9.1 18.1  65594  60165  71023                                        Benzie County                                 MI est23all.txt 27NOV2024
26  21    20324    17167    23481 13.6 11.5 15.7     5378     3783     6973 17.0 11.9 22.1     3908     2669     5147 16.6 11.3 21.9  62758  59980  65536                                        Berrien County                                MI est23all.txt 27NOV2024
26  23     6458     5403     7513 14.9 12.5 17.3     2100     1604     2596 20.4 15.6 25.2     1479     1120     1838 19.9 15.1 24.7  57641  52913  62369                                        Branch County                                 MI est23all.txt 27NOV2024
26  25    18352    15176    21528 14.0 11.6 16.4     5690     4107     7273 19.4 14.0 24.8     2993     1910     4076 13.8  8.8 18.8  58617  54512  62722                                        Calhoun County                                MI est23all.txt 27NOV2024
26  27     6256     5080     7432 12.3 10.0 14.6     1692     1245     2139 16.7 12.3 21.1     1246      899     1593 16.1 11.6 20.6  68720  62107  75333                                        Cass County                                   MI est23all.txt 27NOV2024
26  29     2363     1861     2865  9.1  7.2 11.0      580      408      752 13.0  9.1 16.9      406      272      540 12.1  8.1 16.1  78405  75658  81152                                        Charlevoix County                             MI est23all.txt 27NOV2024
26  31     3623     2918     4328 14.0 11.3 16.7      887      637     1137 22.9 16.5 29.3      622      429      815 21.5 14.8 28.2  61488  57927  65049                                        Cheboygan County                              MI est23all.txt 27NOV2024
26  33     4364     3496     5232 13.6 10.9 16.3     1117      816     1418 17.5 12.8 22.2      757      529      985 15.8 11.1 20.5  59852  56517  63187                                        Chippewa County                               MI est23all.txt 27NOV2024
26  35     6519     5568     7470 21.1 18.0 24.2     1715     1256     2174 28.8 21.1 36.5     1231      882     1580 28.1 20.1 36.1  47793  44029  51557                                        Clare County                                  MI est23all.txt 27NOV2024
26  37     5502     4499     6505  7.0  5.7  8.3     1203      836     1570  7.3  5.1  9.5      875      593     1157  7.0  4.8  9.2  91911  86151  97671                                        Clinton County                                MI est23all.txt 27NOV2024
26  39     1871     1451     2291 14.0 10.9 17.1      502      339      665 21.9 14.8 29.0      348      225      471 20.4 13.2 27.6  59220  54786  63654                                        Crawford County                               MI est23all.txt 27NOV2024
26  41     5109     4261     5957 14.1 11.8 16.4     1147      842     1452 16.8 12.3 21.3      784      550     1018 15.1 10.6 19.6  58072  52104  64040                                        Delta County                                  MI est23all.txt 27NOV2024
26  43     3039     2426     3652 11.8  9.4 14.2      727      505      949 14.4 10.0 18.8      500      327      673 13.1  8.6 17.6  61704  54590  68818                                        Dickinson County                              MI est23all.txt 27NOV2024
26  45    10788     9287    12289 10.1  8.7 11.5     2608     1906     3310 12.0  8.8 15.2     1782     1225     2339 11.0  7.6 14.4  73130  68140  78120                                        Eaton County                                  MI est23all.txt 27NOV2024
26  47     3173     2572     3774  9.4  7.6 11.2      635      441      829 10.6  7.3 13.9      471      325      617 10.3  7.1 13.5  77292  70971  83613                                        Emmet County                                  MI est23all.txt 27NOV2024
26  49    70895    64665    77125 17.9 16.3 19.5    21420    18052    24788 24.8 20.9 28.7    15578    13020    18136 24.1 20.1 28.1  60192  57680  62704                                        Genesee County                                MI est23all.txt 27NOV2024
26  51     3635     2925     4345 14.2 11.4 17.0     1069      726     1412 22.1 15.0 29.2      791      526     1056 22.1 14.7 29.5  51395  47991  54799                                        Gladwin County                                MI est23all.txt 27NOV2024
26  53     2411     1887     2935 17.3 13.5 21.1      590      410      770 26.1 18.1 34.1      424      288      560 24.5 16.6 32.4  48043  43689  52397                                        Gogebic County                                MI est23all.txt 27NOV2024
26  55     7059     5515     8603  7.4  5.8  9.0     1645     1151     2139  9.1  6.4 11.8     1145      772     1518  8.4  5.7 11.1  82824  79095  86553                                        Grand Traverse County                         MI est23all.txt 27NOV2024
26  57     5797     4765     6829 16.3 13.4 19.2     1511     1137     1885 19.4 14.6 24.2     1049      755     1343 18.0 12.9 23.1  60251  54752  65750                                        Gratiot County                                MI est23all.txt 27NOV2024
26  59     6545     5535     7555 14.8 12.5 17.1     1816     1301     2331 18.9 13.6 24.2     1248      868     1628 17.3 12.0 22.6  58676  53079  64273                                        Hillsdale County                              MI est23all.txt 27NOV2024
26  61     5779     4912     6646 17.1 14.5 19.7     1016      753     1279 14.0 10.4 17.6      659      466      852 12.2  8.6 15.8  56074  53518  58630                                        Houghton County                               MI est23all.txt 27NOV2024
26  63     4377     3685     5069 14.3 12.0 16.6     1037      778     1296 18.1 13.6 22.6      721      510      932 16.6 11.7 21.5  59319  54028  64610                                        Huron County                                  MI est23all.txt 27NOV2024
26  65    42961    37954    47968 16.2 14.3 18.1     9004     6526    11482 16.7 12.1 21.3     5955     4097     7813 15.0 10.3 19.7  63483  60295  66671                                        Ingham County                                 MI est23all.txt 27NOV2024
26  67     8022     6760     9284 13.3 11.2 15.4     1992     1516     2468 14.8 11.3 18.3     1346      984     1708 13.4  9.8 17.0  70177  64811  75543                                        Ionia County                                  MI est23all.txt 27NOV2024
26  69     4720     4051     5389 18.8 16.1 21.5     1145      865     1425 27.2 20.6 33.8      802      596     1008 25.7 19.1 32.3  52734  48276  57192                                        Iosco County                                  MI est23all.txt 27NOV2024
26  71     2060     1731     2389 17.9 15.0 20.8      498      366      630 25.5 18.7 32.3      352      251      453 22.6 16.1 29.1  49137  43044  55230                                        Iron County                                   MI est23all.txt 27NOV2024
26  73    12596    10960    14232 21.0 18.3 23.7     1822     1346     2298 16.3 12.0 20.6     1195      819     1571 14.5  9.9 19.1  53213  48382  58044                                        Isabella County                               MI est23all.txt 27NOV2024
26  75    20550    18247    22853 13.7 12.2 15.2     6100     4875     7325 18.9 15.1 22.7     4430     3576     5284 18.5 14.9 22.1  64070  60443  67697                                        Jackson County                                MI est23all.txt 27NOV2024
26  77    33110    29319    36901 13.0 11.5 14.5     7886     6158     9614 14.5 11.3 17.7     5395     3969     6821 13.3  9.8 16.8  67671  64896  70446                                        Kalamazoo County                              MI est23all.txt 27NOV2024
26  79     2548     2105     2991 14.0 11.6 16.4      726      532      920 20.4 15.0 25.8      498      347      649 18.8 13.1 24.5  60410  54453  66367                                        Kalkaska County                               MI est23all.txt 27NOV2024
26  81    68064    60996    75132 10.5  9.4 11.6    19682    16104    23260 13.0 10.6 15.4    14650    11952    17348 13.2 10.8 15.6  79715  76954  82476                                        Kent County                                   MI est23all.txt 27NOV2024
26  83      261      207      315 12.0  9.5 14.5       55       41       69 16.7 12.6 20.8       41       30       52 15.2 11.3 19.1  54912  47976  61848                                        Keweenaw County                               MI est23all.txt 27NOV2024
26  85     2439     2064     2814 21.2 17.9 24.5      593      415      771 33.0 23.1 42.9      423      288      558 31.3 21.3 41.3  50660  48133  53187                                        Lake County                                   MI est23all.txt 27NOV2024
26  87     8196     6768     9624  9.4  7.8 11.0     2111     1578     2644 12.3  9.2 15.4     1457     1015     1899 11.3  7.9 14.7  71515  65604  77426                                        Lapeer County                                 MI est23all.txt 27NOV2024
26  89     1636     1313     1959  7.2  5.8  8.6      359      249      469 10.3  7.1 13.5      264      177      351 10.2  6.8 13.6  91727  84140  99314                                        Leelanau County                               MI est23all.txt 27NOV2024
26  91     9887     8128    11646 10.6  8.7 12.5     2565     1830     3300 13.2  9.4 17.0     1875     1324     2426 12.7  9.0 16.4  65707  60804  70610                                        Lenawee County                                MI est23all.txt 27NOV2024
26  93    10882     9104    12660  5.6  4.7  6.5     2217     1569     2865  5.7  4.0  7.4     1656     1157     2155  5.6  3.9  7.3 103737  97941 109533                                        Livingston County                             MI est23all.txt 27NOV2024
26  95     1053      820     1286 20.2 15.7 24.7      272      186      358 26.9 18.4 35.4      192      128      256 26.0 17.3 34.7  51664  45314  58014                                        Luce County                                   MI est23all.txt 27NOV2024
26  97     1466     1227     1705 13.6 11.4 15.8      304      206      402 19.2 13.0 25.4      230      153      307 19.6 13.0 26.2  51353  46947  55759                                        Mackinac County                               MI est23all.txt 27NOV2024
26  99    91776    82989   100563 10.6  9.6 11.6    25347    21422    29272 14.3 12.1 16.5    17920    14773    21067 13.5 11.1 15.9  73929  72005  75853                                        Macomb County                                 MI est23all.txt 27NOV2024
26 101     3434     2850     4018 14.1 11.7 16.5      849      610     1088 20.4 14.6 26.2      596      404      788 19.3 13.1 25.5  57434  52594  62274                                        Manistee County                               MI est23all.txt 27NOV2024
26 103     8960     7819    10101 14.3 12.5 16.1     1547     1130     1964 13.4  9.8 17.0     1053      737     1369 12.3  8.6 16.0  62319  59340  65298                                        Marquette County                              MI est23all.txt 27NOV2024
26 105     4204     3503     4905 14.6 12.2 17.0     1164      885     1443 21.5 16.4 26.6      805      585     1025 19.3 14.0 24.6  59543  55325  63761                                        Mason County                                  MI est23all.txt 27NOV2024
26 107     7354     6239     8469 18.4 15.6 21.2     1873     1478     2268 24.1 19.0 29.2     1307     1012     1602 22.9 17.7 28.1  59260  55737  62783                                        Mecosta County                                MI est23all.txt 27NOV2024
26 109     3360     2830     3890 14.8 12.5 17.1      765      593      937 20.2 15.7 24.7      547      410      684 18.5 13.9 23.1  55853  51509  60197                                        Menominee County                              MI est23all.txt 27NOV2024
26 111    10077     8639    11515 12.1 10.4 13.8     2426     1901     2951 14.1 11.0 17.2     1751     1362     2140 13.7 10.7 16.7  73722  69428  78016                                        Midland County                                MI est23all.txt 27NOV2024
26 113     1741     1359     2123 11.5  9.0 14.0      547      385      709 16.6 11.7 21.5      383      257      509 15.6 10.5 20.7  66397  62550  70244                                        Missaukee County                              MI est23all.txt 27NOV2024
26 115    17288    14677    19899 11.3  9.6 13.0     4051     3053     5049 12.9  9.7 16.1     3038     2294     3782 12.7  9.6 15.8  73617  68499  78735                                        Monroe County                                 MI est23all.txt 27NOV2024
26 117     8639     6934    10344 13.8 11.1 16.5     2523     1800     3246 18.4 13.1 23.7     1804     1251     2357 17.7 12.3 23.1  64912  61460  68364                                        Montcalm County                               MI est23all.txt 27NOV2024
26 119     1703     1424     1982 17.7 14.8 20.6      371      253      489 25.1 17.1 33.1      265      173      357 24.5 16.0 33.0  47374  43746  51002                                        Montmorency County                            MI est23all.txt 27NOV2024
26 121    24094    20872    27316 14.0 12.1 15.9     6262     4622     7902 16.3 12.0 20.6     4524     3209     5839 15.8 11.2 20.4  61223  58752  63694                                        Muskegon County                               MI est23all.txt 27NOV2024
26 123     7058     5802     8314 14.0 11.5 16.5     1935     1390     2480 17.9 12.9 22.9     1348      927     1769 16.5 11.3 21.7  61951  57304  66598                                        Newaygo County                                MI est23all.txt 27NOV2024
26 125   103791    94766   112816  8.3  7.6  9.0    23781    19780    27782  9.5  7.9 11.1    16681    13372    19990  8.9  7.1 10.7  92230  90066  94394                                        Oakland County                                MI est23all.txt 27NOV2024
26 127     3962     3256     4668 14.8 12.2 17.4     1137      831     1443 20.7 15.1 26.3      794      562     1026 19.2 13.6 24.8  61907  55750  68064                                        Oceana County                                 MI est23all.txt 27NOV2024
26 129     3250     2668     3832 15.7 12.9 18.5      824      577     1071 22.7 15.9 29.5      631      443      819 23.3 16.4 30.2  51390  46408  56372                                        Ogemaw County                                 MI est23all.txt 27NOV2024
26 131      763      581      945 13.0  9.9 16.1      174      119      229 23.9 16.3 31.5      125       83      167 22.7 15.0 30.4  51306  46329  56283                                        Ontonagon County                              MI est23all.txt 27NOV2024
26 133     3862     3338     4386 16.8 14.5 19.1     1044      783     1305 21.7 16.3 27.1      764      561      967 21.5 15.8 27.2  55388  51674  59102                                        Osceola County                                MI est23all.txt 27NOV2024
26 135     1584     1279     1889 18.7 15.1 22.3      464      340      588 27.8 20.4 35.2      327      233      421 26.7 19.0 34.4  49622  43893  55351                                        Oscoda County                                 MI est23all.txt 27NOV2024
26 137     2664     2110     3218 10.4  8.2 12.6      796      573     1019 15.3 11.0 19.6      519      344      694 13.2  8.8 17.6  69029  62566  75492                                        Otsego County                                 MI est23all.txt 27NOV2024
26 139    26507    23343    29671  9.0  7.9 10.1     5058     3877     6239  7.5  5.8  9.2     3705     2806     4604  7.2  5.5  8.9  81772  79722  83822                                        Ottawa County                                 MI est23all.txt 27NOV2024
26 141     1729     1422     2036 13.1 10.8 15.4      369      250      488 18.8 12.7 24.9      267      177      357 17.5 11.6 23.4  54675  49997  59353                                        Presque Isle County                           MI est23all.txt 27NOV2024
26 143     3714     2961     4467 15.7 12.5 18.9      899      627     1171 27.1 18.9 35.3      640      434      846 25.5 17.3 33.7  54305  49536  59074                                        Roscommon County                              MI est23all.txt 27NOV2024
26 145    29498    25188    33808 16.2 13.8 18.6     8867     6797    10937 22.6 17.3 27.9     6323     4698     7948 21.8 16.2 27.4  59188  56258  62118                                        Saginaw County                                MI est23all.txt 27NOV2024
26 147    18488    16217    20759 11.7 10.3 13.1     4502     3268     5736 14.3 10.4 18.2     3136     2126     4146 13.2  9.0 17.4  68831  65820  71842                                        St. Clair County                              MI est23all.txt 27NOV2024
26 149     7049     5901     8197 11.7  9.8 13.6     2011     1373     2649 14.2  9.7 18.7     1459      984     1934 13.8  9.3 18.3  65540  60374  70706                                        St. Joseph County                             MI est23all.txt 27NOV2024
26 151     5289     4325     6253 13.3 10.9 15.7     1649     1237     2061 20.1 15.1 25.1     1145      825     1465 18.5 13.3 23.7  57382  54390  60374                                        Sanilac County                                MI est23all.txt 27NOV2024
26 153     1162      933     1391 14.5 11.6 17.4      314      220      408 21.9 15.4 28.4      206      136      276 19.2 12.7 25.7  56019  49620  62418                                        Schoolcraft County                            MI est23all.txt 27NOV2024
26 155     8252     6854     9650 12.2 10.1 14.3     2266     1742     2790 16.6 12.8 20.4     1577     1191     1963 15.5 11.7 19.3  63988  58259  69717                                        Shiawassee County                             MI est23all.txt 27NOV2024
26 157     7469     6443     8495 14.3 12.3 16.3     1989     1544     2434 19.7 15.3 24.1     1479     1144     1814 19.6 15.2 24.0  64273  60986  67560                                        Tuscola County                                MI est23all.txt 27NOV2024
26 159    11039     9434    12644 14.7 12.6 16.8     3093     2340     3846 18.3 13.9 22.7     2114     1523     2705 16.6 12.0 21.2  66174  60080  72268                                        Van Buren County                              MI est23all.txt 27NOV2024
26 161    50467    46244    54690 14.6 13.4 15.8     8980     7420    10540 13.9 11.5 16.3     6175     4938     7412 12.7 10.2 15.2  84704  80307  89101                                        Washtenaw County                              MI est23all.txt 27NOV2024
26 163   357796   341166   374426 20.6 19.6 21.6   118364   109402   127326 29.2 27.0 31.4    87966    81023    94909 29.4 27.1 31.7  57418  55490  59346                                        Wayne County                                  MI est23all.txt 27NOV2024
26 165     4520     3701     5339 13.4 11.0 15.8     1414     1043     1785 18.7 13.8 23.6     1011      735     1287 17.8 12.9 22.7  59697  54329  65065                                        Wexford County                                MI est23all.txt 27NOV2024
27   0   519464   505940   532988  9.2  9.0  9.4   130152   122644   137660 10.2  9.6 10.8    93142    86450    99834  9.7  9.0 10.4  85070  84312  85828   33149   29941   36357 10.3  9.3 11.3 Minnesota                                     MN est23all.txt 27NOV2024
27   1     1914     1583     2245 12.1 10.0 14.2      380      261      499 16.1 11.1 21.1      269      175      363 14.6  9.5 19.7  59844  54862  64826                                        Aitkin County                                 MN est23all.txt 27NOV2024
27   3    23998    20315    27681  6.5  5.5  7.5     6599     4848     8350  7.6  5.6  9.6     4586     3233     5939  7.1  5.0  9.2  96661  92548 100774                                        Anoka County                                  MN est23all.txt 27NOV2024
27   5     4094     3383     4805 11.8  9.8 13.8     1160      862     1458 14.6 10.8 18.4      796      564     1028 13.1  9.3 16.9  71719  66088  77350                                        Becker County                                 MN est23all.txt 27NOV2024
27   7     7612     6462     8762 17.1 14.5 19.7     2182     1650     2714 19.6 14.8 24.4     1470     1037     1903 17.9 12.6 23.2  65855  61335  70375                                        Beltrami County                               MN est23all.txt 27NOV2024
27   9     5624     5061     6187 13.7 12.3 15.1     1428     1176     1680 14.0 11.5 16.5     1047      870     1224 13.6 11.3 15.9  74677  65912  83442                                        Benton County                                 MN est23all.txt 27NOV2024
27  11      587      454      720 11.8  9.1 14.5      159      109      209 14.5 10.0 19.0      114       75      153 14.4  9.5 19.3  62245  55275  69215                                        Big Stone County                              MN est23all.txt 27NOV2024
27  13     9388     8206    10570 14.3 12.5 16.1     1431      959     1903 10.6  7.1 14.1      902      559     1245  9.1  5.7 12.5  67236  62933  71539                                        Blue Earth County                             MN est23all.txt 27NOV2024
27  15     2005     1589     2421  8.1  6.4  9.8      384      233      535  6.8  4.1  9.5      307      189      425  7.3  4.5 10.1  71884  65971  77797                                        Brown County                                  MN est23all.txt 27NOV2024
27  17     3194     2652     3736  9.1  7.5 10.7      654      430      878  8.4  5.5 11.3      454      290      618  7.8  5.0 10.6  75512  70008  81016                                        Carlton County                                MN est23all.txt 27NOV2024
27  19     5081     4102     6060  4.6  3.7  5.5     1034      725     1343  3.8  2.7  4.9      716      486      946  3.4  2.3  4.5 129437 119767 139107                                        Carver County                                 MN est23all.txt 27NOV2024
27  21     4571     3970     5172 14.7 12.8 16.6     1263     1002     1524 20.7 16.4 25.0      927      723     1131 20.0 15.6 24.4  61490  58094  64886                                        Cass County                                   MN est23all.txt 27NOV2024
27  23     1610     1389     1831 13.5 11.6 15.4      606      510      702 20.1 16.9 23.3      430      361      499 19.2 16.1 22.3  75774  70475  81073                                        Chippewa County                               MN est23all.txt 27NOV2024
27  25     3172     2480     3864  5.6  4.4  6.8      742      500      984  5.8  3.9  7.7      535      358      712  5.6  3.8  7.4  91338  86113  96563                                        Chisago County                                MN est23all.txt 27NOV2024
27  27     8247     7000     9494 13.1 11.1 15.1     2070     1558     2582 13.0  9.8 16.2     1467     1079     1855 12.3  9.1 15.5  72172  66714  77630                                        Clay County                                   MN est23all.txt 27NOV2024
27  29     1107      861     1353 13.0 10.1 15.9      392      268      516 18.4 12.6 24.2      273      177      369 16.6 10.8 22.4  62435  56555  68315                                        Clearwater County                             MN est23all.txt 27NOV2024
27  31      598      473      723 10.7  8.5 12.9      130       90      170 16.3 11.3 21.3       90       61      119 14.8 10.1 19.5  62435  57079  67791                                        Cook County                                   MN est23all.txt 27NOV2024
27  33     1244      990     1498 11.2  8.9 13.5      405      274      536 14.3  9.7 18.9      278      180      376 13.2  8.5 17.9  63898  56433  71363                                        Cottonwood County                             MN est23all.txt 27NOV2024
27  35     6191     5073     7309  9.2  7.5 10.9     1423      985     1861 10.5  7.3 13.7     1071      741     1401 10.4  7.2 13.6  74540  69897  79183                                        Crow Wing County                              MN est23all.txt 27NOV2024
27  37    26470    22637    30303  6.0  5.1  6.9     6764     4914     8614  6.4  4.6  8.2     4917     3526     6308  6.2  4.4  8.0 100012  96738 103286                                        Dakota County                                 MN est23all.txt 27NOV2024
27  39     1556     1263     1849  7.4  6.0  8.8      436      327      545  8.4  6.3 10.5      299      217      381  7.7  5.6  9.8  87661  78291  97031                                        Dodge County                                  MN est23all.txt 27NOV2024
27  41     3423     2759     4087  8.7  7.0 10.4      710      486      934  8.5  5.8 11.2      505      335      675  8.2  5.5 10.9  76508  71929  81087                                        Douglas County                                MN est23all.txt 27NOV2024
27  43     1551     1269     1833 11.3  9.2 13.4      392      276      508 13.3  9.4 17.2      259      163      355 11.3  7.1 15.5  65264  58274  72254                                        Faribault County                              MN est23all.txt 27NOV2024
27  45     2031     1628     2434  9.6  7.7 11.5      630      436      824 12.2  8.4 16.0      457      312      602 11.7  8.0 15.4  69157  64579  73735                                        Fillmore County                               MN est23all.txt 27NOV2024
27  47     3158     2520     3796 10.5  8.4 12.6      810      523     1097 12.5  8.1 16.9      543      328      758 11.2  6.8 15.6  66215  61275  71155                                        Freeborn County                               MN est23all.txt 27NOV2024
27  49     3433     2780     4086  7.3  5.9  8.7      737      488      986  7.2  4.8  9.6      497      309      685  6.5  4.0  9.0  83979  76962  90996                                        Goodhue County                                MN est23all.txt 27NOV2024
27  51      652      530      774 10.7  8.7 12.7      172      118      226 12.2  8.3 16.1      123       81      165 11.6  7.7 15.5  72935  66807  79063                                        Grant County                                  MN est23all.txt 27NOV2024
27  53   125382   117075   133689 10.1  9.4 10.8    29665    25191    34139 11.2  9.5 12.9    22574    19208    25940 11.6  9.9 13.3  93642  91946  95338                                        Hennepin County                               MN est23all.txt 27NOV2024
27  55     1433     1142     1724  7.8  6.2  9.4      277      182      372  7.2  4.7  9.7      195      123      267  6.4  4.1  8.7  77043  70288  83798                                        Houston County                                MN est23all.txt 27NOV2024
27  57     2337     1910     2764 10.7  8.8 12.6      618      423      813 13.8  9.4 18.2      463      312      614 13.8  9.3 18.3  72166  67950  76382                                        Hubbard County                                MN est23all.txt 27NOV2024
27  59     3273     2707     3839  7.7  6.4  9.0      758      510     1006  7.8  5.3 10.3      537      344      730  7.4  4.7 10.1  85799  79799  91799                                        Isanti County                                 MN est23all.txt 27NOV2024
27  61     5631     4777     6485 12.7 10.8 14.6     1419     1074     1764 16.1 12.2 20.0     1001      744     1258 15.0 11.1 18.9  65386  60551  70221                                        Itasca County                                 MN est23all.txt 27NOV2024
27  63      784      594      974  8.0  6.1  9.9      201      132      270  9.8  6.4 13.2      148       95      201  9.5  6.0 13.0  72413  67137  77689                                        Jackson County                                MN est23all.txt 27NOV2024
27  65     1639     1289     1989 10.0  7.9 12.1      436      285      587 12.5  8.2 16.8      322      205      439 12.4  7.9 16.9  70384  64127  76641                                        Kanabec County                                MN est23all.txt 27NOV2024
27  67     5211     4309     6113 12.1 10.0 14.2     1501     1072     1930 14.6 10.4 18.8     1087      765     1409 14.3 10.1 18.5  69160  64058  74262                                        Kandiyohi County                              MN est23all.txt 27NOV2024
27  69      362      269      455  9.2  6.8 11.6      108       71      145 12.4  8.2 16.6       79       51      107 11.7  7.5 15.9  72224  66433  78015                                        Kittson County                                MN est23all.txt 27NOV2024
27  71     1435     1117     1753 12.4  9.6 15.2      309      206      412 15.4 10.3 20.5      221      141      301 14.6  9.3 19.9  64009  56099  71919                                        Koochiching County                            MN est23all.txt 27NOV2024
27  73      615      479      751  9.5  7.4 11.6      147       95      199 10.4  6.7 14.1      114       73      155 10.9  7.0 14.8  67947  61542  74352                                        Lac qui Parle County                          MN est23all.txt 27NOV2024
27  75      927      706     1148  8.7  6.6 10.8      218      146      290 10.9  7.3 14.5      150       98      202  9.8  6.4 13.2  71573  63634  79512                                        Lake County                                   MN est23all.txt 27NOV2024
27  77      392      294      490 10.5  7.9 13.1      107       72      142 15.2 10.2 20.2       79       52      106 15.3 10.0 20.6  65778  58206  73350                                        Lake of the Woods County                      MN est23all.txt 27NOV2024
27  79     2136     1725     2547  7.4  6.0  8.8      449      300      598  6.8  4.5  9.1      326      211      441  6.5  4.2  8.8  78885  73324  84446                                        Le Sueur County                               MN est23all.txt 27NOV2024
27  81      528      428      628  9.7  7.8 11.6      115       75      155  9.0  5.9 12.1       84       54      114  8.5  5.4 11.6  65021  57302  72740                                        Lincoln County                                MN est23all.txt 27NOV2024
27  83     2758     2299     3217 11.2  9.3 13.1      698      453      943 10.6  6.9 14.3      521      335      707 10.5  6.8 14.2  69161  62171  76151                                        Lyon County                                   MN est23all.txt 27NOV2024
27  85     2868     2329     3407  7.9  6.4  9.4      673      482      864  8.6  6.2 11.0      496      351      641  8.5  6.0 11.0  75691  69433  81949                                        McLeod County                                 MN est23all.txt 27NOV2024
27  87     1005      831     1179 19.3 16.0 22.6      432      319      545 27.1 20.0 34.2      299      213      385 24.6 17.5 31.7  54177  48102  60252                                        Mahnomen County                               MN est23all.txt 27NOV2024
27  89      795      643      947  9.1  7.4 10.8      197      139      255  9.9  7.0 12.8      137       92      182  9.1  6.1 12.1  69843  66303  73383                                        Marshall County                               MN est23all.txt 27NOV2024
27  91     2559     2127     2991 13.2 11.0 15.4      676      460      892 15.1 10.3 19.9      495      325      665 14.9  9.8 20.0  59843  54249  65437                                        Martin County                                 MN est23all.txt 27NOV2024
27  93     1947     1561     2333  8.4  6.7 10.1      451      307      595  8.2  5.6 10.8      316      207      425  7.6  5.0 10.2  75351  68960  81742                                        Meeker County                                 MN est23all.txt 27NOV2024
27  95     2893     2361     3425 10.7  8.7 12.7      790      558     1022 12.8  9.0 16.6      521      346      696 11.3  7.5 15.1  70512  64350  76674                                        Mille Lacs County                             MN est23all.txt 27NOV2024
27  97     3457     2755     4159 10.2  8.1 12.3      838      575     1101 10.9  7.5 14.3      600      403      797 10.2  6.9 13.5  68639  63183  74095                                        Morrison County                               MN est23all.txt 27NOV2024
27  99     5156     4440     5872 13.1 11.3 14.9     1690     1394     1986 17.2 14.2 20.2     1217      984     1450 16.6 13.4 19.8  66578  59978  73178                                        Mower County                                  MN est23all.txt 27NOV2024
27 101      836      682      990 10.5  8.6 12.4      189      129      249 11.0  7.5 14.5      136       90      182 10.6  7.0 14.2  74801  67996  81606                                        Murray County                                 MN est23all.txt 27NOV2024
27 103     2752     2241     3263  8.7  7.1 10.3      573      384      762  8.1  5.4 10.8      408      268      548  7.5  4.9 10.1  74482  69640  79324                                        Nicollet County                               MN est23all.txt 27NOV2024
27 105     2398     1880     2916 11.3  8.9 13.7      799      554     1044 13.0  9.0 17.0      554      368      740 12.6  8.4 16.8  63576  57407  69745                                        Nobles County                                 MN est23all.txt 27NOV2024
27 107      764      617      911 12.3  9.9 14.7      199      137      261 13.7  9.4 18.0      139       94      184 12.8  8.6 17.0  62716  56127  69305                                        Norman County                                 MN est23all.txt 27NOV2024
27 109    12929    10418    15440  8.0  6.5  9.5     3319     2298     4340  8.6  5.9 11.3     2356     1596     3116  8.2  5.5 10.9  89431  82273  96589                                        Olmsted County                                MN est23all.txt 27NOV2024
27 111     6335     5232     7438 10.6  8.8 12.4     1566     1130     2002 12.1  8.7 15.5     1085      756     1414 11.1  7.7 14.5  69107  64500  73714                                        Otter Tail County                             MN est23all.txt 27NOV2024
27 113     1378     1095     1661 10.3  8.2 12.4      314      212      416 10.6  7.2 14.0      219      142      296  9.8  6.3 13.3  73104  67288  78920                                        Pennington County                             MN est23all.txt 27NOV2024
27 115     3251     2676     3826 11.3  9.3 13.3      767      529     1005 13.6  9.4 17.8      534      346      722 12.8  8.3 17.3  69619  65554  73684                                        Pine County                                   MN est23all.txt 27NOV2024
27 117      934      722     1146 10.3  8.0 12.6      307      208      406 12.4  8.4 16.4      214      141      287 11.7  7.7 15.7  69117  63567  74667                                        Pipestone County                              MN est23all.txt 27NOV2024
27 119     3132     2529     3735 10.7  8.6 12.8      864      574     1154 11.9  7.9 15.9      635      409      861 11.5  7.4 15.6  68136  64189  72083                                        Polk County                                   MN est23all.txt 27NOV2024
27 121      985      780     1190  8.7  6.9 10.5      216      145      287  8.8  5.9 11.7      160      106      214  8.6  5.7 11.5  64480  60029  68931                                        Pope County                                   MN est23all.txt 27NOV2024
27 123    62146    55154    69138 11.9 10.6 13.2    18212    14672    21752 15.1 12.2 18.0    12317     9486    15148 13.9 10.7 17.1  77764  75424  80104                                        Ramsey County                                 MN est23all.txt 27NOV2024
27 125      384      295      473  9.9  7.6 12.2      105       69      141 11.4  7.5 15.3       73       46      100 10.9  6.8 15.0  70019  63116  76922                                        Red Lake County                               MN est23all.txt 27NOV2024
27 127     1792     1528     2056 11.9 10.1 13.7      521      405      637 13.8 10.7 16.9      377      287      467 13.6 10.4 16.8  71012  64368  77656                                        Redwood County                                MN est23all.txt 27NOV2024
27 129     1580     1305     1855 11.2  9.2 13.2      409      288      530 12.6  8.9 16.3      315      225      405 12.9  9.2 16.6  70098  63953  76243                                        Renville County                               MN est23all.txt 27NOV2024
27 131     6231     5112     7350 10.3  8.5 12.1     1559     1132     1986 11.1  8.1 14.1     1083      756     1410 10.4  7.3 13.5  81824  77943  85705                                        Rice County                                   MN est23all.txt 27NOV2024
27 133      915      752     1078  9.8  8.1 11.5      216      150      282  9.8  6.8 12.8      161      111      211  9.2  6.3 12.1  71923  63485  80361                                        Rock County                                   MN est23all.txt 27NOV2024
27 135     1356     1082     1630  9.0  7.2 10.8      366      254      478 10.2  7.1 13.3      267      182      352  9.9  6.8 13.0  74057  66323  81791                                        Roseau County                                 MN est23all.txt 27NOV2024
27 137    25750    23206    28294 13.3 12.0 14.6     4450     3397     5503 12.4  9.5 15.3     3142     2303     3981 11.8  8.6 15.0  67311  63870  70752                                        St. Louis County                              MN est23all.txt 27NOV2024
27 139     8230     6695     9765  5.3  4.3  6.3     2249     1572     2926  5.7  4.0  7.4     1614     1077     2151  5.4  3.6  7.2 111370 102195 120545                                        Scott County                                  MN est23all.txt 27NOV2024
27 141     5704     4429     6979  5.7  4.4  7.0     1617     1082     2152  6.3  4.2  8.4     1143      748     1538  5.9  3.9  7.9 101487  96779 106195                                        Sherburne County                              MN est23all.txt 27NOV2024
27 143     1312     1044     1580  8.8  7.0 10.6      337      235      439  9.9  6.9 12.9      230      152      308  9.3  6.1 12.5  76019  70574  81464                                        Sibley County                                 MN est23all.txt 27NOV2024
27 145    16996    14338    19654 11.0  9.3 12.7     4508     3226     5790 12.1  8.7 15.5     3256     2279     4233 11.9  8.3 15.5  75116  70979  79253                                        Stearns County                                MN est23all.txt 27NOV2024
27 147     2897     2232     3562  7.8  6.0  9.6      857      576     1138  9.7  6.5 12.9      589      377      801  8.8  5.6 12.0  78500  72670  84330                                        Steele County                                 MN est23all.txt 27NOV2024
27 149      804      600     1008  8.9  6.6 11.2      170      112      228  7.9  5.2 10.6      114       73      155  7.3  4.6 10.0  74512  66269  82755                                        Stevens County                                MN est23all.txt 27NOV2024
27 151      989      784     1194 10.5  8.3 12.7      273      182      364 12.6  8.4 16.8      192      126      258 12.2  8.0 16.4  69245  61161  77329                                        Swift County                                  MN est23all.txt 27NOV2024
27 153     2984     2351     3617 11.7  9.2 14.2      880      603     1157 14.3  9.8 18.8      601      395      807 13.0  8.6 17.4  60951  56228  65674                                        Todd County                                   MN est23all.txt 27NOV2024
27 155      413      324      502 13.6 10.7 16.5      118       82      154 18.0 12.6 23.4       86       59      113 17.6 12.0 23.2  67634  60185  75083                                        Traverse County                               MN est23all.txt 27NOV2024
27 157     1730     1410     2050  8.1  6.6  9.6      360      247      473  7.8  5.4 10.2      255      168      342  7.4  4.9  9.9  81349  75513  87185                                        Wabasha County                                MN est23all.txt 27NOV2024
27 159     1886     1498     2274 13.5 10.7 16.3      569      392      746 15.3 10.5 20.1      414      283      545 15.1 10.3 19.9  55449  50935  59963                                        Wadena County                                 MN est23all.txt 27NOV2024
27 161     1702     1336     2068  9.4  7.4 11.4      428      293      563 10.2  7.0 13.4      308      202      414  9.7  6.4 13.0  70833  62315  79351                                        Waseca County                                 MN est23all.txt 27NOV2024
27 163    13645    11379    15911  5.0  4.2  5.8     3373     2456     4290  5.2  3.8  6.6     2416     1707     3125  4.8  3.4  6.2 111118 107425 114811                                        Washington County                             MN est23all.txt 27NOV2024
27 165     1094      851     1337 10.0  7.8 12.2      357      247      467 12.3  8.5 16.1      242      159      325 11.9  7.8 16.0  64868  58895  70841                                        Watonwan County                               MN est23all.txt 27NOV2024
27 167      624      493      755 10.1  8.0 12.2      148      104      192 10.6  7.4 13.8      108       74      142 10.1  6.9 13.3  75073  67166  82980                                        Wilkin County                                 MN est23all.txt 27NOV2024
27 169     5565     4538     6592 12.1  9.9 14.3      941      674     1208 11.2  8.0 14.4      665      462      868 10.5  7.3 13.7  71907  66058  77756                                        Winona County                                 MN est23all.txt 27NOV2024
27 171     8100     6557     9643  5.4  4.4  6.4     1910     1344     2476  4.8  3.4  6.2     1255      830     1680  4.2  2.8  5.6 104303  97529 111077                                        Wright County                                 MN est23all.txt 27NOV2024
27 173      907      727     1087  9.7  7.8 11.6      239      159      319 11.0  7.3 14.7      165      103      227 10.3  6.4 14.2  69009  64997  73021                                        Yellow Medicine County                        MN est23all.txt 27NOV2024
28   0   519394   504744   534044 18.3 17.8 18.8   162144   154104   170184 24.3 23.1 25.5   116460   109073   123847 23.5 22.0 25.0  54386  53167  55605   42775   39541   46009 25.3 23.4 27.2 Mississippi                                   MS est23all.txt 27NOV2024
28   1     6900     5559     8241 25.2 20.3 30.1     1845     1267     2423 32.3 22.2 42.4     1388      944     1832 33.3 22.6 44.0  44385  39317  49453                                        Adams County                                  MS est23all.txt 27NOV2024
28   3     6238     5138     7338 18.7 15.4 22.0     1734     1257     2211 23.3 16.9 29.7     1172      794     1550 21.1 14.3 27.9  48556  44212  52900                                        Alcorn County                                 MS est23all.txt 27NOV2024
28   5     2817     2277     3357 22.8 18.4 27.2      715      504      926 29.3 20.6 38.0      526      361      691 28.4 19.5 37.3  46108  40125  52091                                        Amite County                                  MS est23all.txt 27NOV2024
28   7     3318     2545     4091 19.4 14.9 23.9     1189      813     1565 27.8 19.0 36.6      857      560     1154 26.2 17.1 35.3  52128  46929  57327                                        Attala County                                 MS est23all.txt 27NOV2024
28   9     1472     1137     1807 20.0 15.4 24.6      452      304      600 30.1 20.3 39.9      341      222      460 30.3 19.7 40.9  47969  43514  52424                                        Benton County                                 MS est23all.txt 27NOV2024
28  11    10583     9412    11754 38.7 34.4 43.0     3189     2635     3743 45.4 37.5 53.3     2158     1688     2628 41.8 32.7 50.9  39920  35176  44664                                        Bolivar County                                MS est23all.txt 27NOV2024
28  13     2165     1672     2658 17.5 13.5 21.5      698      472      924 25.5 17.2 33.8      490      314      666 25.0 16.0 34.0  46966  41488  52444                                        Calhoun County                                MS est23all.txt 27NOV2024
28  15     1538     1181     1895 17.2 13.2 21.2      374      254      494 23.7 16.1 31.3      280      181      379 22.9 14.8 31.0  55290  48966  61614                                        Carroll County                                MS est23all.txt 27NOV2024
28  17     3196     2486     3906 19.6 15.3 23.9     1064      707     1421 26.0 17.3 34.7      725      459      991 24.2 15.3 33.1  44599  40284  48914                                        Chickasaw County                              MS est23all.txt 27NOV2024
28  19     1355     1009     1701 17.1 12.7 21.5      457      305      609 27.0 18.0 36.0      331      213      449 26.1 16.8 35.4  50545  46180  54910                                        Choctaw County                                MS est23all.txt 27NOV2024
28  21     2470     1893     3047 32.7 25.1 40.3      773      528     1018 41.7 28.5 54.9      564      373      755 42.3 28.0 56.6  28579  25831  31327                                        Claiborne County                              MS est23all.txt 27NOV2024
28  23     2753     2114     3392 18.3 14.0 22.6      873      597     1149 26.5 18.1 34.9      645      425      865 27.0 17.8 36.2  47811  42503  53119                                        Clarke County                                 MS est23all.txt 27NOV2024
28  25     3718     2872     4564 20.7 16.0 25.4     1250      842     1658 31.1 21.0 41.2      881      561     1201 29.9 19.0 40.8  52673  48102  57244                                        Clay County                                   MS est23all.txt 27NOV2024
28  27     6011     4823     7199 30.8 24.7 36.9     2273     1593     2953 42.6 29.9 55.3     1580     1034     2126 40.7 26.6 54.8  35552  31507  39597                                        Coahoma County                                MS est23all.txt 27NOV2024
28  29     5711     4535     6887 21.4 17.0 25.8     1856     1315     2397 30.8 21.8 39.8     1323      897     1749 30.2 20.5 39.9  47870  42345  53395                                        Copiah County                                 MS est23all.txt 27NOV2024
28  31     3415     2580     4250 19.3 14.6 24.0     1302      878     1726 29.8 20.1 39.5      970      638     1302 30.4 20.0 40.8  48382  43099  53665                                        Covington County                              MS est23all.txt 27NOV2024
28  33    17574    14607    20541  9.2  7.7 10.7     5720     4261     7179 12.3  9.2 15.4     4393     3251     5535 12.2  9.0 15.4  81956  77189  86723                                        DeSoto County                                 MS est23all.txt 27NOV2024
28  35    13807    11486    16128 19.0 15.8 22.2     3643     2373     4913 20.9 13.6 28.2     2789     1776     3802 22.0 14.0 30.0  51328  47611  55045                                        Forrest County                                MS est23all.txt 27NOV2024
28  37     1411     1091     1731 18.7 14.5 22.9      431      291      571 24.8 16.7 32.9      313      204      422 24.5 16.0 33.0  48075  41815  54335                                        Franklin County                               MS est23all.txt 27NOV2024
28  39     3608     2783     4433 14.4 11.1 17.7     1270      842     1698 18.7 12.4 25.0      857      537     1177 17.4 10.9 23.9  63349  55498  71200                                        George County                                 MS est23all.txt 27NOV2024
28  41     2396     1853     2939 22.1 17.1 27.1      612      433      791 25.0 17.7 32.3      421      278      564 23.5 15.5 31.5  54057  47434  60680                                        Greene County                                 MS est23all.txt 27NOV2024
28  43     4329     3439     5219 20.9 16.6 25.2     1468     1026     1910 29.2 20.4 38.0     1094      753     1435 28.6 19.7 37.5  49210  43630  54790                                        Grenada County                                MS est23all.txt 27NOV2024
28  45     7157     5902     8412 15.6 12.9 18.3     1724     1189     2259 20.3 14.0 26.6     1276      856     1696 20.3 13.6 27.0  61126  54017  68235                                        Hancock County                                MS est23all.txt 27NOV2024
28  47    32963    29260    36666 16.0 14.2 17.8     9707     7530    11884 20.2 15.7 24.7     6138     4503     7773 17.2 12.6 21.8  56692  53191  60193                                        Harrison County                               MS est23all.txt 27NOV2024
28  49    43453    38595    48311 21.0 18.6 23.4    14568    11830    17306 29.9 24.3 35.5    10018     7709    12327 28.0 21.6 34.4  50965  49094  52836                                        Hinds County                                  MS est23all.txt 27NOV2024
28  51     5277     4248     6306 35.6 28.7 42.5     1728     1228     2228 45.7 32.5 58.9     1250      854     1646 44.7 30.5 58.9  30542  27723  33361                                        Holmes County                                 MS est23all.txt 27NOV2024
28  53     2337     1800     2874 32.8 25.3 40.3      832      557     1107 47.1 31.5 62.7      608      391      825 45.9 29.5 62.3  31538  27595  35481                                        Humphreys County                              MS est23all.txt 27NOV2024
28  55      374      278      470 49.6 36.9 62.3       60       40       80 63.2 42.0 84.4       47       30       64 66.2 42.2 90.2  36986  32526  41446                                        Issaquena County                              MS est23all.txt 27NOV2024
28  57     3165     2488     3842 14.0 11.0 17.0      861      597     1125 17.1 11.8 22.4      594      389      799 16.3 10.7 21.9  56977  50037  63917                                        Itawamba County                               MS est23all.txt 27NOV2024
28  59    19431    16027    22835 13.4 11.0 15.8     5728     4126     7330 17.6 12.7 22.5     4164     2805     5523 17.1 11.5 22.7  66751  61399  72103                                        Jackson County                                MS est23all.txt 27NOV2024
28  61     3184     2475     3893 20.1 15.6 24.6     1024      700     1348 28.2 19.3 37.1      752      495     1009 28.0 18.4 37.6  46577  40735  52419                                        Jasper County                                 MS est23all.txt 27NOV2024
28  63     1991     1525     2457 30.2 23.1 37.3      604      415      793 40.4 27.8 53.0      452      304      600 39.4 26.5 52.3  37617  32940  42294                                        Jefferson County                              MS est23all.txt 27NOV2024
28  65     2712     2108     3316 25.0 19.4 30.6      820      569     1071 38.3 26.6 50.0      611      412      810 39.3 26.5 52.1  39794  34834  44754                                        Jefferson Davis County                        MS est23all.txt 27NOV2024
28  67    12246     9941    14551 19.0 15.4 22.6     4048     2918     5178 25.0 18.0 32.0     2823     1971     3675 23.8 16.6 31.0  50310  45320  55300                                        Jones County                                  MS est23all.txt 27NOV2024
28  69     2009     1566     2452 25.9 20.2 31.6      534      356      712 35.9 24.0 47.8      403      258      548 36.1 23.1 49.1  42461  39541  45381                                        Kemper County                                 MS est23all.txt 27NOV2024
28  71     7433     5820     9046 14.1 11.0 17.2     1554     1058     2050 14.7 10.0 19.4     1095      706     1484 14.1  9.1 19.1  72838  67029  78647                                        Lafayette County                              MS est23all.txt 27NOV2024
28  73     8598     7287     9909 13.1 11.1 15.1     2348     1662     3034 15.0 10.6 19.4     1744     1221     2267 14.8 10.4 19.2  63079  58113  68045                                        Lamar County                                  MS est23all.txt 27NOV2024
28  75    15955    13590    18320 23.6 20.1 27.1     5371     4232     6510 33.4 26.3 40.5     3817     2903     4731 31.8 24.2 39.4  51437  45707  57167                                        Lauderdale County                             MS est23all.txt 27NOV2024
28  77     2214     1734     2694 19.0 14.9 23.1      719      492      946 25.6 17.5 33.7      521      346      696 25.0 16.6 33.4  49431  43427  55435                                        Lawrence County                               MS est23all.txt 27NOV2024
28  79     4283     3388     5178 20.6 16.3 24.9     1470     1028     1912 29.6 20.7 38.5     1097      752     1442 31.6 21.6 41.6  47849  43349  52349                                        Leake County                                  MS est23all.txt 27NOV2024
28  81    11003     9053    12953 13.5 11.1 15.9     3703     2730     4676 18.3 13.5 23.1     2771     2069     3473 18.4 13.7 23.1  64744  59051  70437                                        Lee County                                    MS est23all.txt 27NOV2024
28  83     7342     5793     8891 28.8 22.7 34.9     2780     1864     3696 38.9 26.1 51.7     1991     1281     2701 37.2 24.0 50.4  33945  30047  37843                                        Leflore County                                MS est23all.txt 27NOV2024
28  85     6493     5285     7701 18.9 15.4 22.4     1897     1359     2435 24.2 17.3 31.1     1429     1018     1840 24.6 17.5 31.7  52040  46456  57624                                        Lincoln County                                MS est23all.txt 27NOV2024
28  87    11047     8939    13155 19.9 16.1 23.7     3586     2567     4605 26.8 19.2 34.4     2500     1754     3246 25.5 17.9 33.1  53883  48481  59285                                        Lowndes County                                MS est23all.txt 27NOV2024
28  89    11031     8801    13261 10.0  8.0 12.0     3441     2422     4460 13.0  9.1 16.9     2499     1673     3325 12.6  8.4 16.8  82057  75670  88444                                        Madison County                                MS est23all.txt 27NOV2024
28  91     5065     4025     6105 21.5 17.1 25.9     1482     1021     1943 26.9 18.5 35.3     1040      694     1386 25.4 17.0 33.8  47020  41486  52554                                        Marion County                                 MS est23all.txt 27NOV2024
28  93     6783     5575     7991 21.1 17.3 24.9     2122     1579     2665 30.5 22.7 38.3     1622     1192     2052 31.7 23.3 40.1  52334  46076  58592                                        Marshall County                               MS est23all.txt 27NOV2024
28  95     5729     4613     6845 17.3 13.9 20.7     1742     1260     2224 23.6 17.1 30.1     1273      896     1650 23.3 16.4 30.2  50639  45077  56201                                        Monroe County                                 MS est23all.txt 27NOV2024
28  97     2049     1570     2528 21.6 16.6 26.6      706      491      921 33.2 23.1 43.3      513      343      683 33.6 22.5 44.7  46424  40651  52197                                        Montgomery County                             MS est23all.txt 27NOV2024
28  99     5781     4639     6923 20.5 16.4 24.6     2175     1562     2788 28.2 20.3 36.1     1639     1171     2107 29.1 20.8 37.4  49446  44461  54431                                        Neshoba County                                MS est23all.txt 27NOV2024
28 101     3680     2867     4493 18.3 14.2 22.4     1219      846     1592 24.2 16.8 31.6      895      611     1179 24.6 16.8 32.4  49338  43912  54764                                        Newton County                                 MS est23all.txt 27NOV2024
28 103     2813     2247     3379 28.9 23.1 34.7      919      610     1228 37.1 24.6 49.6      679      437      921 37.7 24.3 51.1  37567  32576  42558                                        Noxubee County                                MS est23all.txt 27NOV2024
28 105    11597    10049    13145 25.5 22.1 28.9     2204     1597     2811 25.4 18.4 32.4     1478      995     1961 23.4 15.8 31.0  47584  42488  52680                                        Oktibbeha County                              MS est23all.txt 27NOV2024
28 107     8440     7213     9667 26.2 22.4 30.0     2803     2230     3376 35.9 28.6 43.2     2072     1610     2534 36.4 28.3 44.5  46097  40427  51767                                        Panola County                                 MS est23all.txt 27NOV2024
28 109    10720     8957    12483 18.9 15.8 22.0     3031     2188     3874 23.4 16.9 29.9     2170     1533     2807 22.3 15.8 28.8  54266  49933  58599                                        Pearl River County                            MS est23all.txt 27NOV2024
28 111     2199     1724     2674 19.6 15.4 23.8      693      490      896 28.3 20.0 36.6      456      299      613 24.9 16.3 33.5  46201  42298  50104                                        Perry County                                  MS est23all.txt 27NOV2024
28 113     9026     7311    10741 23.6 19.1 28.1     3345     2421     4269 34.1 24.7 43.5     2501     1817     3185 34.2 24.8 43.6  41815  37045  46585                                        Pike County                                   MS est23all.txt 27NOV2024
28 115     4146     3216     5076 13.3 10.3 16.3     1483     1012     1954 18.7 12.8 24.6     1081      716     1446 18.5 12.2 24.8  51490  46588  56392                                        Pontotoc County                               MS est23all.txt 27NOV2024
28 117     4209     3354     5064 17.7 14.1 21.3     1284      936     1632 23.6 17.2 30.0      971      707     1235 24.1 17.5 30.7  50292  44643  55941                                        Prentiss County                               MS est23all.txt 27NOV2024
28 119     1735     1358     2112 32.1 25.1 39.1      576      400      752 45.6 31.7 59.5      436      297      575 46.7 31.8 61.6  35150  30561  39739                                        Quitman County                                MS est23all.txt 27NOV2024
28 121    15232    12709    17755  9.8  8.2 11.4     3947     2746     5148 11.3  7.8 14.8     2880     1967     3793 11.0  7.5 14.5  70794  66638  74950                                        Rankin County                                 MS est23all.txt 27NOV2024
28 123     5736     4707     6765 21.1 17.3 24.9     2135     1568     2702 28.2 20.7 35.7     1420      979     1861 26.4 18.2 34.6  48112  43692  52532                                        Scott County                                  MS est23all.txt 27NOV2024
28 125     1128      871     1385 34.5 26.7 42.3      408      279      537 51.5 35.3 67.7      300      199      401 52.3 34.7 69.9  37098  32360  41836                                        Sharkey County                                MS est23all.txt 27NOV2024
28 127     5089     4121     6057 20.1 16.3 23.9     1608     1160     2056 27.8 20.1 35.5     1161      820     1502 27.4 19.3 35.5  53352  48345  58359                                        Simpson County                                MS est23all.txt 27NOV2024
28 129     2336     1844     2828 16.8 13.3 20.3      749      520      978 23.5 16.3 30.7      567      384      750 24.8 16.8 32.8  53814  46928  60700                                        Smith County                                  MS est23all.txt 27NOV2024
28 131     2725     2078     3372 15.6 11.9 19.3      860      581     1139 22.1 14.9 29.3      609      398      820 21.1 13.8 28.4  56686  50221  63151                                        Stone County                                  MS est23all.txt 27NOV2024
28 133     6610     5195     8025 32.5 25.5 39.5     2031     1446     2616 39.6 28.2 51.0     1545     1089     2001 41.1 29.0 53.2  43980  40390  47570                                        Sunflower County                              MS est23all.txt 27NOV2024
28 135     3166     2478     3854 31.2 24.4 38.0      926      653     1199 40.3 28.4 52.2      672      455      889 39.9 27.0 52.8  42319  37743  46895                                        Tallahatchie County                           MS est23all.txt 27NOV2024
28 137     4085     3185     4985 15.1 11.8 18.4     1205      821     1589 19.8 13.5 26.1      870      576     1164 19.4 12.8 26.0  62784  55352  70216                                        Tate County                                   MS est23all.txt 27NOV2024
28 139     3570     2895     4245 17.3 14.0 20.6     1278     1011     1545 26.4 20.9 31.9      982      780     1184 26.9 21.4 32.4  53452  47064  59840                                        Tippah County                                 MS est23all.txt 27NOV2024
28 141     2791     2255     3327 15.4 12.4 18.4      703      483      923 18.1 12.4 23.8      505      329      681 17.3 11.3 23.3  47264  43697  50831                                        Tishomingo County                             MS est23all.txt 27NOV2024
28 143     2520     1966     3074 27.6 21.5 33.7     1037      719     1355 41.5 28.8 54.2      738      486      990 39.7 26.1 53.3  39659  34833  44485                                        Tunica County                                 MS est23all.txt 27NOV2024
28 145     4175     3413     4937 14.9 12.2 17.6     1351      998     1704 19.5 14.4 24.6      953      700     1206 18.5 13.6 23.4  55304  49545  61063                                        Union County                                  MS est23all.txt 27NOV2024
28 147     2824     2161     3487 20.6 15.8 25.4      956      642     1270 30.9 20.7 41.1      695      451      939 30.7 19.9 41.5  48909  44316  53502                                        Walthall County                               MS est23all.txt 27NOV2024
28 149     8678     7039    10317 20.8 16.9 24.7     3110     2343     3877 32.1 24.2 40.0     2160     1540     2780 30.1 21.5 38.7  55783  50047  61519                                        Warren County                                 MS est23all.txt 27NOV2024
28 151    14565    12532    16598 35.5 30.5 40.5     4957     3897     6017 46.9 36.9 56.9     3930     3099     4761 50.2 39.6 60.8  39081  34130  44032                                        Washington County                             MS est23all.txt 27NOV2024
28 153     4120     3177     5063 21.0 16.2 25.8     1494      997     1991 30.7 20.5 40.9     1065      686     1444 29.6 19.1 40.1  45573  40046  51100                                        Wayne County                                  MS est23all.txt 27NOV2024
28 155     1614     1245     1983 16.4 12.6 20.2      541      366      716 22.6 15.3 29.9      374      236      512 21.8 13.8 29.8  54929  48394  61464                                        Webster County                                MS est23all.txt 27NOV2024
28 157     2278     1795     2761 32.2 25.4 39.0      578      387      769 36.6 24.5 48.7      427      276      578 37.2 24.0 50.4  36240  31336  41144                                        Wilkinson County                              MS est23all.txt 27NOV2024
28 159     4645     3903     5387 27.4 23.0 31.8     1597     1276     1918 42.1 33.6 50.6     1229      987     1471 44.2 35.5 52.9  48990  43613  54367                                        Winston County                                MS est23all.txt 27NOV2024
28 161     2493     1961     3025 20.7 16.3 25.1      721      494      948 28.4 19.5 37.3      506      325      687 27.5 17.7 37.3  50790  46311  55269                                        Yalobusha County                              MS est23all.txt 27NOV2024
28 163     6558     5065     8051 30.9 23.9 37.9     1877     1252     2502 34.2 22.8 45.6     1348      874     1822 33.1 21.5 44.7  42434  37347  47521                                        Yazoo County                                  MS est23all.txt 27NOV2024
29   0   723813   706471   741155 12.0 11.7 12.3   197439   187567   207311 14.7 14.0 15.4   134329   125404   143254 13.5 12.6 14.4  68484  67601  69367   55225   51085   59365 16.3 15.1 17.5 Missouri                                      MO est23all.txt 27NOV2024
29   1     4085     3241     4929 18.2 14.4 22.0      753      500     1006 16.9 11.2 22.6      507      314      700 16.1 10.0 22.2  56954  53057  60851                                        Adair County                                  MO est23all.txt 27NOV2024
29   3     1504     1140     1868  8.4  6.4 10.4      389      263      515  9.7  6.6 12.8      279      181      377  9.1  5.9 12.3  75926  69494  82358                                        Andrew County                                 MO est23all.txt 27NOV2024
29   5      568      439      697 11.3  8.7 13.9      148       96      200 14.6  9.4 19.8      109       68      150 13.8  8.6 19.0  56797  49778  63816                                        Atchison County                               MO est23all.txt 27NOV2024
29   7     3531     2797     4265 15.1 12.0 18.2     1027      675     1379 19.1 12.5 25.7      706      441      971 18.5 11.6 25.4  55957  49369  62545                                        Audrain County                                MO est23all.txt 27NOV2024
29   9     5419     4297     6541 15.5 12.3 18.7     1576     1029     2123 20.2 13.2 27.2     1138      713     1563 19.8 12.4 27.2  53303  48316  58290                                        Barry County                                  MO est23all.txt 27NOV2024
29  11     1807     1399     2215 15.5 12.0 19.0      589      407      771 22.0 15.2 28.8      408      272      544 20.4 13.6 27.2  50185  43939  56431                                        Barton County                                 MO est23all.txt 27NOV2024
29  13     2204     1767     2641 13.9 11.1 16.7      601      411      791 16.4 11.2 21.6      420      270      570 15.4  9.9 20.9  56178  49838  62518                                        Bates County                                  MO est23all.txt 27NOV2024
29  15     3679     3064     4294 18.1 15.1 21.1      836      571     1101 24.0 16.4 31.6      586      373      799 22.2 14.1 30.3  50946  45444  56448                                        Benton County                                 MO est23all.txt 27NOV2024
29  17     1516     1157     1875 14.6 11.1 18.1      466      309      623 20.7 13.7 27.7      338      212      464 21.1 13.2 29.0  53134  46604  59664                                        Bollinger County                              MO est23all.txt 27NOV2024
29  19    25749    22988    28510 14.4 12.9 15.9     4473     3310     5636 12.1  9.0 15.2     2960     2117     3803 10.9  7.8 14.0  70153  64769  75537                                        Boone County                                  MO est23all.txt 27NOV2024
29  21    11962    10035    13889 15.1 12.7 17.5     3392     2550     4234 19.0 14.3 23.7     2231     1538     2924 17.3 11.9 22.7  60575  56450  64700                                        Buchanan County                               MO est23all.txt 27NOV2024
29  23     7624     6163     9085 18.6 15.0 22.2     2350     1643     3057 24.6 17.2 32.0     1601     1056     2146 23.0 15.2 30.8  48059  43112  53006                                        Butler County                                 MO est23all.txt 27NOV2024
29  25     1002      760     1244 11.5  8.7 14.3      310      202      418 15.0  9.8 20.2      218      136      300 14.2  8.9 19.5  62916  57030  68802                                        Caldwell County                               MO est23all.txt 27NOV2024
29  27     5393     4487     6299 13.0 10.8 15.2     1380     1007     1753 15.6 11.4 19.8      974      694     1254 15.0 10.7 19.3  64214  56702  71726                                        Callaway County                               MO est23all.txt 27NOV2024
29  29     4760     3849     5671 10.9  8.8 13.0     1201      797     1605 17.0 11.3 22.7      859      546     1172 16.4 10.4 22.4  63903  59531  68275                                        Camden County                                 MO est23all.txt 27NOV2024
29  31     9917     8249    11585 12.6 10.5 14.7     2339     1607     3071 13.6  9.3 17.9     1595     1043     2147 12.5  8.2 16.8  67445  62385  72505                                        Cape Girardeau County                         MO est23all.txt 27NOV2024
29  33     1067      814     1320 12.9  9.8 16.0      314      208      420 17.4 11.5 23.3      216      137      295 15.9 10.1 21.7  56690  50309  63071                                        Carroll County                                MO est23all.txt 27NOV2024
29  35     1017      788     1246 19.4 15.0 23.8      376      266      486 30.0 21.2 38.8      277      188      366 31.1 21.1 41.1  43801  38492  49110                                        Carter County                                 MO est23all.txt 27NOV2024
29  37     7698     6058     9338  7.0  5.5  8.5     2176     1515     2837  8.6  6.0 11.2     1555     1049     2061  8.1  5.5 10.7  85283  80052  90514                                        Cass County                                   MO est23all.txt 27NOV2024
29  39     2163     1612     2714 15.0 11.2 18.8      741      480     1002 21.3 13.8 28.8      518      321      715 20.9 13.0 28.8  48789  42817  54761                                        Cedar County                                  MO est23all.txt 27NOV2024
29  41      740      556      924 10.4  7.8 13.0      223      144      302 13.2  8.5 17.9      170      108      232 13.4  8.5 18.3  56070  51006  61134                                        Chariton County                               MO est23all.txt 27NOV2024
29  43     6947     5479     8415  7.4  5.8  9.0     2105     1422     2788  9.1  6.2 12.0     1457      943     1971  8.3  5.4 11.2  79714  74494  84934                                        Christian County                              MO est23all.txt 27NOV2024
29  45      949      739     1159 14.5 11.3 17.7      312      213      411 20.7 14.2 27.2      228      151      305 20.3 13.5 27.1  56191  49097  63285                                        Clark County                                  MO est23all.txt 27NOV2024
29  47    20019    16773    23265  7.8  6.5  9.1     5276     3918     6634  8.9  6.6 11.2     3330     2242     4418  7.5  5.0 10.0  84816  79519  90113                                        Clay County                                   MO est23all.txt 27NOV2024
29  49     2041     1595     2487  9.7  7.6 11.8      523      357      689 10.9  7.4 14.4      357      232      482  9.9  6.4 13.4  76875  69935  83815                                        Clinton County                                MO est23all.txt 27NOV2024
29  51     6821     5310     8332  9.4  7.3 11.5     1873     1251     2495 11.3  7.5 15.1     1267      797     1737 10.2  6.4 14.0  74002  67783  80221                                        Cole County                                   MO est23all.txt 27NOV2024
29  53     1651     1241     2061 10.2  7.7 12.7      492      324      660 13.3  8.8 17.8      342      215      469 12.8  8.1 17.5  70769  66076  75462                                        Cooper County                                 MO est23all.txt 27NOV2024
29  55     3282     2502     4062 14.7 11.2 18.2     1030      694     1366 21.1 14.2 28.0      715      460      970 19.6 12.6 26.6  55253  50614  59892                                        Crawford County                               MO est23all.txt 27NOV2024
29  57     1068      812     1324 14.2 10.8 17.6      319      215      423 20.7 14.0 27.4      229      149      309 19.2 12.5 25.9  53959  48096  59822                                        Dade County                                   MO est23all.txt 27NOV2024
29  59     2787     2152     3422 15.9 12.3 19.5      915      605     1225 22.1 14.6 29.6      604      370      838 20.1 12.3 27.9  63112  59618  66606                                        Dallas County                                 MO est23all.txt 27NOV2024
29  61     1075      834     1316 12.8  9.9 15.7      372      245      499 18.0 11.9 24.1      256      157      355 17.3 10.6 24.0  59385  54009  64761                                        Daviess County                                MO est23all.txt 27NOV2024
29  63     1057      796     1318 11.6  8.7 14.5      262      173      351 12.4  8.2 16.6      177      110      244 11.1  6.9 15.3  63946  58319  69573                                        DeKalb County                                 MO est23all.txt 27NOV2024
29  65     2523     2005     3041 17.5 13.9 21.1      737      505      969 22.9 15.7 30.1      526      344      708 21.5 14.0 29.0  49324  43435  55213                                        Dent County                                   MO est23all.txt 27NOV2024
29  67     1961     1473     2449 16.3 12.3 20.3      677      448      906 24.0 15.9 32.1      473      296      650 22.7 14.2 31.2  43336  39468  47204                                        Douglas County                                MO est23all.txt 27NOV2024
29  69     6024     4872     7176 23.0 18.6 27.4     1988     1425     2551 29.1 20.9 37.3     1307      872     1742 26.1 17.4 34.8  45570  41206  49934                                        Dunklin County                                MO est23all.txt 27NOV2024
29  71    10261     8714    11808  9.8  8.3 11.3     2435     1773     3097 10.6  7.7 13.5     1682     1157     2207  9.8  6.8 12.8  70389  64548  76230                                        Franklin County                               MO est23all.txt 27NOV2024
29  73     1513     1149     1877 10.5  8.0 13.0      401      264      538 13.7  9.0 18.4      280      173      387 12.9  8.0 17.8  62203  56552  67854                                        Gasconade County                              MO est23all.txt 27NOV2024
29  75      897      717     1077 14.5 11.6 17.4      318      220      416 19.6 13.6 25.6      224      148      300 18.4 12.2 24.6  54610  48247  60973                                        Gentry County                                 MO est23all.txt 27NOV2024
29  77    41389    37039    45739 14.1 12.6 15.6     9814     7835    11793 16.0 12.8 19.2     6403     4844     7962 14.2 10.7 17.7  59740  57289  62191                                        Greene County                                 MO est23all.txt 27NOV2024
29  79     1521     1187     1855 16.0 12.5 19.5      519      327      711 21.4 13.5 29.3      396      252      540 22.3 14.2 30.4  48491  43303  53679                                        Grundy County                                 MO est23all.txt 27NOV2024
29  81     1314     1046     1582 16.2 12.9 19.5      403      259      547 20.5 13.2 27.8      281      174      388 18.8 11.7 25.9  50489  44224  56754                                        Harrison County                               MO est23all.txt 27NOV2024
29  83     3621     3014     4228 16.3 13.6 19.0     1100      846     1354 22.4 17.2 27.6      803      611      995 22.5 17.1 27.9  55216  48228  62204                                        Henry County                                  MO est23all.txt 27NOV2024
29  85     1487     1148     1826 17.5 13.5 21.5      426      280      572 28.2 18.5 37.9      303      188      418 27.7 17.2 38.2  48213  43064  53362                                        Hickory County                                MO est23all.txt 27NOV2024
29  87      508      388      628 12.2  9.3 15.1      132       87      177 14.8  9.8 19.8       94       59      129 14.4  9.1 19.7  61260  56570  65950                                        Holt County                                   MO est23all.txt 27NOV2024
29  89     1113      849     1377 12.0  9.2 14.8      301      200      402 14.4  9.6 19.2      209      133      285 13.3  8.4 18.2  57674  52161  63187                                        Howard County                                 MO est23all.txt 27NOV2024
29  91     6659     5347     7971 16.7 13.4 20.0     1943     1279     2607 20.3 13.4 27.2     1382      845     1919 19.1 11.7 26.5  48727  45076  52378                                        Howell County                                 MO est23all.txt 27NOV2024
29  93     1736     1369     2103 19.0 15.0 23.0      506      346      666 25.6 17.5 33.7      370      246      494 24.8 16.5 33.1  48241  42860  53622                                        Iron County                                   MO est23all.txt 27NOV2024
29  95    84520    75121    93919 12.0 10.7 13.3    23666    18788    28544 14.7 11.7 17.7    16204    12484    19924 13.6 10.5 16.7  66102  64437  67767                                        Jackson County                                MO est23all.txt 27NOV2024
29  97    18915    16025    21805 15.5 13.1 17.9     5382     3955     6809 18.1 13.3 22.9     3623     2547     4699 16.6 11.7 21.5  55152  50221  60083                                        Jasper County                                 MO est23all.txt 27NOV2024
29  99    20986    17298    24674  9.2  7.6 10.8     5480     4109     6851 10.9  8.2 13.6     3805     2780     4830 10.0  7.3 12.7  81517  77505  85529                                        Jefferson County                              MO est23all.txt 27NOV2024
29 101     6997     5827     8167 13.6 11.3 15.9     1586     1141     2031 13.2  9.5 16.9     1076      742     1410 12.5  8.6 16.4  68326  63831  72821                                        Johnson County                                MO est23all.txt 27NOV2024
29 103      604      468      740 16.6 12.9 20.3      221      152      290 26.1 17.9 34.3      153       96      210 25.5 16.1 34.9  50083  44123  56043                                        Knox County                                   MO est23all.txt 27NOV2024
29 105     6146     5129     7163 17.0 14.2 19.8     1766     1255     2277 20.0 14.2 25.8     1143      762     1524 17.7 11.8 23.6  52211  46203  58219                                        Laclede County                                MO est23all.txt 27NOV2024
29 107     3650     2892     4408 11.2  8.9 13.5     1022      713     1331 13.8  9.6 18.0      688      455      921 12.4  8.2 16.6  67178  60444  73912                                        Lafayette County                              MO est23all.txt 27NOV2024
29 109     5710     4633     6787 14.9 12.1 17.7     1949     1438     2460 20.1 14.8 25.4     1301      906     1696 18.1 12.6 23.6  58128  52558  63698                                        Lawrence County                               MO est23all.txt 27NOV2024
29 111     1349     1043     1655 15.3 11.8 18.8      375      257      493 18.7 12.8 24.6      265      177      353 17.4 11.6 23.2  57912  51249  64575                                        Lewis County                                  MO est23all.txt 27NOV2024
29 113     5382     4249     6515  8.4  6.6 10.2     1580     1075     2085 10.0  6.8 13.2     1118      735     1501  9.7  6.4 13.0  79954  73815  86093                                        Lincoln County                                MO est23all.txt 27NOV2024
29 115     1772     1383     2161 15.3 11.9 18.7      556      386      726 20.5 14.2 26.8      394      262      526 19.6 13.1 26.1  53836  47739  59933                                        Linn County                                   MO est23all.txt 27NOV2024
29 117     1825     1408     2242 13.9 10.7 17.1      560      392      728 18.0 12.6 23.4      383      252      514 16.4 10.8 22.0  59389  52908  65870                                        Livingston County                             MO est23all.txt 27NOV2024
29 119     4300     3432     5168 18.2 14.5 21.9     1388      970     1806 23.7 16.6 30.8      965      646     1284 22.9 15.3 30.5  54452  49793  59111                                        McDonald County                               MO est23all.txt 27NOV2024
29 121     1865     1435     2295 12.5  9.6 15.4      569      381      757 16.6 11.1 22.1      393      250      536 15.2  9.7 20.7  58887  53635  64139                                        Macon County                                  MO est23all.txt 27NOV2024
29 123     1958     1540     2376 16.0 12.6 19.4      559      377      741 20.7 14.0 27.4      383      247      519 19.0 12.2 25.8  52339  46357  58321                                        Madison County                                MO est23all.txt 27NOV2024
29 125      985      747     1223 11.8  8.9 14.7      270      180      360 16.0 10.7 21.3      193      123      263 15.5  9.9 21.1  58983  52362  65604                                        Maries County                                 MO est23all.txt 27NOV2024
29 127     3386     2641     4131 12.4  9.7 15.1      952      639     1265 14.9 10.0 19.8      657      421      893 13.9  8.9 18.9  60780  55557  66003                                        Marion County                                 MO est23all.txt 27NOV2024
29 129      436      328      544 12.8  9.6 16.0      160      106      214 19.0 12.6 25.4      112       71      153 18.3 11.6 25.0  55282  49195  61369                                        Mercer County                                 MO est23all.txt 27NOV2024
29 131     3614     2898     4330 14.4 11.5 17.3     1039      715     1363 17.6 12.1 23.1      712      477      947 16.3 10.9 21.7  55031  49750  60312                                        Miller County                                 MO est23all.txt 27NOV2024
29 133     2226     1653     2799 20.5 15.2 25.8      731      476      986 28.1 18.3 37.9      496      301      691 26.6 16.1 37.1  48342  43079  53605                                        Mississippi County                            MO est23all.txt 27NOV2024
29 135     1495     1139     1851 10.2  7.8 12.6      530      349      711 14.0  9.2 18.8      378      237      519 13.5  8.5 18.5  63971  56580  71362                                        Moniteau County                               MO est23all.txt 27NOV2024
29 137     1049      805     1293 12.3  9.4 15.2      287      183      391 15.3  9.7 20.9      208      127      289 14.9  9.1 20.7  54624  48207  61041                                        Monroe County                                 MO est23all.txt 27NOV2024
29 139     1642     1331     1953 14.7 11.9 17.5      470      333      607 19.5 13.8 25.2      311      204      418 17.7 11.6 23.8  57686  51435  63937                                        Montgomery County                             MO est23all.txt 27NOV2024
29 141     3206     2496     3916 14.9 11.6 18.2     1005      672     1338 20.4 13.6 27.2      696      445      947 19.3 12.3 26.3  52072  46395  57749                                        Morgan County                                 MO est23all.txt 27NOV2024
29 143     2999     2419     3579 19.9 16.1 23.7      925      647     1203 26.0 18.2 33.8      648      418      878 24.6 15.8 33.4  53843  49118  58568                                        New Madrid County                             MO est23all.txt 27NOV2024
29 145     7747     6235     9259 13.0 10.5 15.5     2353     1670     3036 16.6 11.8 21.4     1606     1099     2113 15.2 10.4 20.0  63292  58479  68105                                        Newton County                                 MO est23all.txt 27NOV2024
29 147     2851     2293     3409 15.1 12.1 18.1      446      311      581 13.0  9.1 16.9      311      205      417 12.7  8.4 17.0  55749  51333  60165                                        Nodaway County                                MO est23all.txt 27NOV2024
29 149     1622     1238     2006 18.9 14.4 23.4      553      364      742 27.6 18.2 37.0      386      240      532 26.1 16.3 35.9  41462  36617  46307                                        Oregon County                                 MO est23all.txt 27NOV2024
29 151     1384     1130     1638 10.5  8.6 12.4      351      253      449 11.6  8.4 14.8      246      170      322 11.1  7.7 14.5  73660  65234  82086                                        Osage County                                  MO est23all.txt 27NOV2024
29 153     1790     1394     2186 20.2 15.7 24.7      517      353      681 30.9 21.1 40.7      374      248      500 28.7 19.0 38.4  45234  39638  50830                                        Ozark County                                  MO est23all.txt 27NOV2024
29 155     3923     3180     4666 27.4 22.2 32.6     1344      920     1768 35.9 24.6 47.2      819      482     1156 30.0 17.7 42.3  42080  37412  46748                                        Pemiscot County                               MO est23all.txt 27NOV2024
29 157     1869     1439     2299 10.0  7.7 12.3      530      355      705 13.0  8.7 17.3      373      236      510 12.4  7.9 16.9  64302  57578  71026                                        Perry County                                  MO est23all.txt 27NOV2024
29 159     5957     4940     6974 14.0 11.6 16.4     1708     1138     2278 16.2 10.8 21.6     1226      765     1687 16.1 10.0 22.2  55021  51214  58828                                        Pettis County                                 MO est23all.txt 27NOV2024
29 161     6706     5523     7889 15.8 13.0 18.6     1575     1071     2079 17.0 11.6 22.4     1045      661     1429 14.9  9.4 20.4  53151  48690  57612                                        Phelps County                                 MO est23all.txt 27NOV2024
29 163     2380     1800     2960 14.6 11.0 18.2      738      493      983 18.7 12.5 24.9      529      341      717 18.2 11.7 24.7  59147  52061  66233                                        Pike County                                   MO est23all.txt 27NOV2024
29 165     6786     5508     8064  6.1  4.9  7.3     1596     1075     2117  6.3  4.2  8.4     1095      700     1490  5.8  3.7  7.9  96353  88108 104598                                        Platte County                                 MO est23all.txt 27NOV2024
29 167     4628     3664     5592 14.6 11.6 17.6     1328      924     1732 18.1 12.6 23.6      968      659     1277 18.2 12.4 24.0  56628  50427  62829                                        Polk County                                   MO est23all.txt 27NOV2024
29 169     4958     3757     6159 11.4  8.6 14.2     1363      868     1858 11.9  7.6 16.2      941      574     1308 11.7  7.1 16.3  71856  67920  75792                                        Pulaski County                                MO est23all.txt 27NOV2024
29 171      700      540      860 15.3 11.8 18.8      221      147      295 20.8 13.9 27.7      155       99      211 20.0 12.7 27.3  51967  45668  58266                                        Putnam County                                 MO est23all.txt 27NOV2024
29 173     1042      810     1274 10.0  7.8 12.2      314      236      392 14.9 11.2 18.6      185      119      251 11.5  7.4 15.6  68550  60003  77097                                        Ralls County                                  MO est23all.txt 27NOV2024
29 175     3102     2417     3787 13.8 10.8 16.8      960      686     1234 18.3 13.1 23.5      654      439      869 17.1 11.5 22.7  59692  53621  65763                                        Randolph County                               MO est23all.txt 27NOV2024
29 177     2259     1760     2758  9.9  7.7 12.1      664      450      878 12.8  8.7 16.9      462      301      623 11.9  7.8 16.0  70993  63418  78568                                        Ray County                                    MO est23all.txt 27NOV2024
29 179     1140      872     1408 19.8 15.1 24.5      319      217      421 30.2 20.5 39.9      227      147      307 29.1 18.9 39.3  43674  39645  47703                                        Reynolds County                               MO est23all.txt 27NOV2024
29 181     2202     1722     2682 20.5 16.0 25.0      719      472      966 27.7 18.2 37.2      528      334      722 27.7 17.5 37.9  43485  38172  48798                                        Ripley County                                 MO est23all.txt 27NOV2024
29 183    22647    19349    25945  5.5  4.7  6.3     5122     3756     6488  5.6  4.1  7.1     3468     2403     4533  5.0  3.5  6.5  98765  95333 102197                                        St. Charles County                            MO est23all.txt 27NOV2024
29 185     1735     1355     2115 18.2 14.2 22.2      560      386      734 27.8 19.2 36.4      393      259      527 26.6 17.5 35.7  50578  45565  55591                                        St. Clair County                              MO est23all.txt 27NOV2024
29 186     1708     1295     2121  9.6  7.3 11.9      469      317      621 12.1  8.2 16.0      326      211      441 11.3  7.3 15.3  71557  63012  80102                                        Ste. Genevieve County                         MO est23all.txt 27NOV2024
29 187     9295     7685    10905 15.3 12.7 17.9     2149     1421     2877 15.9 10.5 21.3     1502      951     2053 14.9  9.4 20.4  55578  50580  60576                                        St. Francois County                           MO est23all.txt 27NOV2024
29 189    94080    83760   104400  9.7  8.6 10.8    26595    21572    31618 12.6 10.2 15.0    17899    13872    21926 11.3  8.8 13.8  81631  79365  83897                                        St. Louis County                              MO est23all.txt 27NOV2024
29 195     3664     3052     4276 17.6 14.7 20.5     1032      775     1289 21.6 16.2 27.0      757      562      952 21.6 16.0 27.2  53943  49266  58620                                        Saline County                                 MO est23all.txt 27NOV2024
29 197      578      439      717 14.5 11.0 18.0      248      161      335 23.3 15.2 31.4      175      108      242 22.8 14.1 31.5  52078  45409  58747                                        Schuyler County                               MO est23all.txt 27NOV2024
29 199      603      459      747 13.1 10.0 16.2      214      140      288 16.0 10.5 21.5      150       94      206 15.5  9.7 21.3  57063  50478  63648                                        Scotland County                               MO est23all.txt 27NOV2024
29 201     5635     4433     6837 15.1 11.9 18.3     1948     1375     2521 21.9 15.5 28.3     1388      953     1823 21.2 14.5 27.9  60088  54872  65304                                        Scott County                                  MO est23all.txt 27NOV2024
29 203     1639     1281     1997 22.9 17.9 27.9      536      370      702 33.3 23.0 43.6      395      265      525 33.4 22.5 44.3  44439  39577  49301                                        Shannon County                                MO est23all.txt 27NOV2024
29 205      877      689     1065 15.3 12.0 18.6      256      176      336 19.1 13.2 25.0      176      115      237 17.8 11.6 24.0  56121  49227  63015                                        Shelby County                                 MO est23all.txt 27NOV2024
29 207     3825     2977     4673 13.7 10.7 16.7     1082      700     1464 17.9 11.6 24.2      767      477     1057 17.5 10.9 24.1  51741  46476  57006                                        Stoddard County                               MO est23all.txt 27NOV2024
29 209     3993     3161     4825 12.3  9.7 14.9     1073      737     1409 20.1 13.8 26.4      760      500     1020 19.2 12.6 25.8  62394  58423  66365                                        Stone County                                  MO est23all.txt 27NOV2024
29 211      734      534      934 12.9  9.4 16.4      235      150      320 18.7 12.0 25.4      166      101      231 18.2 11.1 25.3  51492  46265  56719                                        Sullivan County                               MO est23all.txt 27NOV2024
29 213     7417     5951     8883 13.6 10.9 16.3     2117     1459     2775 18.5 12.8 24.2     1470      988     1952 17.3 11.6 23.0  54514  49297  59731                                        Taney County                                  MO est23all.txt 27NOV2024
29 215     4824     3902     5746 20.3 16.4 24.2     1392      971     1813 25.7 17.9 33.5      976      641     1311 24.2 15.9 32.5  47273  41760  52786                                        Texas County                                  MO est23all.txt 27NOV2024
29 217     3198     2536     3860 16.9 13.4 20.4      969      669     1269 21.3 14.7 27.9      659      432      886 19.9 13.0 26.8  53602  48466  58738                                        Vernon County                                 MO est23all.txt 27NOV2024
29 219     3236     2537     3935  8.6  6.7 10.5      915      620     1210 10.9  7.4 14.4      614      390      838  9.9  6.3 13.5  77075  71309  82841                                        Warren County                                 MO est23all.txt 27NOV2024
29 221     4423     3523     5323 19.7 15.7 23.7     1323      941     1705 25.4 18.1 32.7      869      563     1175 22.5 14.6 30.4  49510  43371  55649                                        Washington County                             MO est23all.txt 27NOV2024
29 223     2374     1866     2882 22.4 17.6 27.2      690      477      903 32.2 22.3 42.1      494      325      663 30.7 20.2 41.2  41315  36844  45786                                        Wayne County                                  MO est23all.txt 27NOV2024
29 225     5222     4030     6414 12.9 10.0 15.8     2225     1475     2975 19.7 13.1 26.3     1604     1015     2193 19.4 12.3 26.5  69841  64545  75137                                        Webster County                                MO est23all.txt 27NOV2024
29 227      250      184      316 13.4  9.9 16.9       76       51      101 20.8 13.8 27.8       53       34       72 20.1 12.8 27.4  50765  44613  56917                                        Worth County                                  MO est23all.txt 27NOV2024
29 229     3355     2577     4133 17.5 13.4 21.6     1241      823     1659 24.9 16.5 33.3      877      559     1195 23.7 15.1 32.3  47612  42127  53097                                        Wright County                                 MO est23all.txt 27NOV2024
29 510    54810    48098    61522 20.1 17.6 22.6    13506    10103    16909 27.1 20.3 33.9     8596     5837    11355 25.0 17.0 33.0  55231  52062  58400                                        St. Louis city                                MO est23all.txt 27NOV2024
30   0   130301   124943   135659 11.8 11.3 12.3    29566    27228    31904 12.8 11.8 13.8    20274    18231    22317 11.7 10.5 12.9  70939  69537  72341    7769    6830    8708 14.0 12.3 15.7 Montana                                       MT est23all.txt 27NOV2024
30   1     1224      952     1496 12.9 10.0 15.8      250      161      339 15.5  9.9 21.1      177      108      246 14.7  9.0 20.4  63084  55729  70439                                        Beaverhead County                             MT est23all.txt 27NOV2024
30   3     2721     2084     3358 21.7 16.6 26.8      926      568     1284 23.8 14.6 33.0      624      361      887 20.4 11.8 29.0  51259  45509  57009                                        Big Horn County                               MT est23all.txt 27NOV2024
30   5     1398     1081     1715 20.5 15.8 25.2      417      269      565 21.8 14.1 29.5      285      177      393 19.8 12.3 27.3  56865  51034  62696                                        Blaine County                                 MT est23all.txt 27NOV2024
30   7      696      536      856  8.7  6.7 10.7      177      119      235 11.1  7.5 14.7      126       81      171 10.8  6.9 14.7  72933  63898  81968                                        Broadwater County                             MT est23all.txt 27NOV2024
30   9     1197      927     1467 10.6  8.2 13.0      239      154      324 12.4  8.0 16.8      169      103      235 11.3  6.9 15.7  72463  64919  80007                                        Carbon County                                 MT est23all.txt 27NOV2024
30  11      191      144      238 13.7 10.3 17.1       47       30       64 16.2 10.4 22.0       34       21       47 16.3  9.9 22.7  55704  48990  62418                                        Carter County                                 MT est23all.txt 27NOV2024
30  13     9971     8377    11565 12.1 10.2 14.0     2339     1564     3114 12.7  8.5 16.9     1583      991     2175 11.6  7.2 16.0  65018  60118  69918                                        Cascade County                                MT est23all.txt 27NOV2024
30  15      869      660     1078 15.0 11.4 18.6      225      143      307 19.2 12.2 26.2      158       96      220 17.0 10.3 23.7  61903  55383  68423                                        Chouteau County                               MT est23all.txt 27NOV2024
30  17     1571     1262     1880 13.6 10.9 16.3      304      194      414 13.4  8.5 18.3      217      132      302 12.5  7.6 17.4  58850  53619  64081                                        Custer County                                 MT est23all.txt 27NOV2024
30  19      172      130      214 10.7  8.1 13.3       39       25       53 11.5  7.3 15.7       28       17       39 10.7  6.4 15.0  56695  49509  63881                                        Daniels County                                MT est23all.txt 27NOV2024
30  21     1062      811     1313 12.7  9.7 15.7      256      164      348 13.7  8.8 18.6      177      108      246 12.3  7.5 17.1  60663  53042  68284                                        Dawson County                                 MT est23all.txt 27NOV2024
30  23     1214      932     1496 13.0 10.0 16.0      156       99      213 14.1  8.9 19.3      116       70      162 14.8  8.9 20.7  56648  50099  63197                                        Deer Lodge County                             MT est23all.txt 27NOV2024
30  25      269      195      343  9.1  6.6 11.6       95       61      129 12.5  8.0 17.0       68       41       95 11.5  6.9 16.1  66776  58638  74914                                        Fallon County                                 MT est23all.txt 27NOV2024
30  27     1292      968     1616 11.2  8.4 14.0      330      206      454 13.8  8.6 19.0      227      131      323 12.7  7.4 18.0  63717  58765  68669                                        Fergus County                                 MT est23all.txt 27NOV2024
30  29    11138     9397    12879  9.9  8.4 11.4     2353     1562     3144  9.8  6.5 13.1     1543      961     2125  8.5  5.3 11.7  74150  70767  77533                                        Flathead County                               MT est23all.txt 27NOV2024
30  31    10694     9182    12206  8.8  7.6 10.0     1352      881     1823  5.8  3.8  7.8      898      554     1242  5.1  3.1  7.1  90942  86449  95435                                        Gallatin County                               MT est23all.txt 27NOV2024
30  33      202      155      249 16.9 13.0 20.8       65       41       89 22.3 14.1 30.5       46       28       64 22.2 13.3 31.1  53069  46744  59394                                        Garfield County                               MT est23all.txt 27NOV2024
30  35     3754     3206     4302 28.0 23.9 32.1     1181      903     1459 30.4 23.2 37.6      688      468      908 23.8 16.2 31.4  51416  44901  57931                                        Glacier County                                MT est23all.txt 27NOV2024
30  37      134       96      172 16.4 11.8 21.0       44       28       60 36.1 22.7 49.5       33       19       47 41.8 24.6 59.0  47927  42047  53807                                        Golden Valley County                          MT est23all.txt 27NOV2024
30  39      414      311      517 11.6  8.7 14.5       91       57      125 16.8 10.6 23.0       63       38       88 15.5  9.2 21.8  65695  59105  72285                                        Granite County                                MT est23all.txt 27NOV2024
30  41     3004     2450     3558 19.0 15.5 22.5      975      720     1230 21.8 16.1 27.5      671      488      854 20.9 15.2 26.6  51435  45682  57188                                        Hill County                                   MT est23all.txt 27NOV2024
30  43     1095      851     1339  8.5  6.6 10.4      245      167      323  9.6  6.5 12.7      173      113      233  8.6  5.6 11.6  85163  74569  95757                                        Jefferson County                              MT est23all.txt 27NOV2024
30  45      287      221      353 13.7 10.5 16.9       74       47      101 19.2 12.2 26.2       53       32       74 18.8 11.3 26.3  57166  49971  64361                                        Judith Basin County                           MT est23all.txt 27NOV2024
30  47     4586     3599     5573 13.9 10.9 16.9     1265      856     1674 18.0 12.2 23.8      880      572     1188 16.3 10.6 22.0  60882  56399  65365                                        Lake County                                   MT est23all.txt 27NOV2024
30  49     6827     5460     8194  9.3  7.4 11.2     1489      973     2005  9.6  6.3 12.9     1013      631     1395  8.6  5.3 11.9  76816  69837  83795                                        Lewis and Clark County                        MT est23all.txt 27NOV2024
30  51      314      244      384 16.5 12.8 20.2       81       52      110 20.6 13.2 28.0       55       34       76 20.8 12.7 28.9  60846  53840  67852                                        Liberty County                                MT est23all.txt 27NOV2024
30  53     3287     2515     4059 15.2 11.6 18.8      867      561     1173 22.9 14.8 31.0      627      389      865 21.8 13.5 30.1  51941  46121  57761                                        Lincoln County                                MT est23all.txt 27NOV2024
30  55      242      184      300 14.6 11.1 18.1       64       40       88 19.0 12.0 26.0       44       26       62 18.0 10.7 25.3  56696  49478  63914                                        McCone County                                 MT est23all.txt 27NOV2024
30  57      856      647     1065  9.1  6.9 11.3      172      110      234 11.7  7.5 15.9      116       69      163 10.6  6.3 14.9  73316  64784  81848                                        Madison County                                MT est23all.txt 27NOV2024
30  59      278      208      348 13.8 10.4 17.2       59       38       80 17.7 11.3 24.1       40       24       56 18.1 10.9 25.3  55193  48090  62296                                        Meagher County                                MT est23all.txt 27NOV2024
30  61      676      511      841 13.4 10.1 16.7      171      110      232 18.3 11.7 24.9      118       72      164 16.6 10.1 23.1  58832  51588  66076                                        Mineral County                                MT est23all.txt 27NOV2024
30  63    13548    11578    15518 11.4  9.7 13.1     2014     1307     2721  9.4  6.1 12.7     1446      910     1982  9.0  5.7 12.3  72882  69021  76743                                        Missoula County                               MT est23all.txt 27NOV2024
30  65      858      663     1053 16.3 12.6 20.0      237      157      317 23.1 15.3 30.9      167      104      230 21.9 13.6 30.2  55991  48725  63257                                        Musselshell County                            MT est23all.txt 27NOV2024
30  67     2004     1624     2384 11.3  9.2 13.4      370      256      484 12.5  8.7 16.3      254      167      341 11.5  7.6 15.4  63958  56549  71367                                        Park County                                   MT est23all.txt 27NOV2024
30  69       72       54       90 13.0  9.8 16.2       19       12       26 19.2 12.0 26.4       13        8       18 21.0 12.6 29.4  50164  43713  56615                                        Petroleum County                              MT est23all.txt 27NOV2024
30  71      700      536      864 16.8 12.9 20.7      216      143      289 22.0 14.5 29.5      135       79      191 18.0 10.5 25.5  53212  46182  60242                                        Phillips County                               MT est23all.txt 27NOV2024
30  73     1150      933     1367 19.3 15.7 22.9      292      196      388 21.9 14.7 29.1      203      132      274 20.8 13.5 28.1  47659  42013  53305                                        Pondera County                                MT est23all.txt 27NOV2024
30  75      200      150      250 11.7  8.8 14.6       51       32       70 17.1 10.8 23.4       37       22       52 17.8 10.7 24.9  56746  49403  64089                                        Powder River County                           MT est23all.txt 27NOV2024
30  77      916      691     1141 16.8 12.7 20.9      176      112      240 17.1 10.9 23.3      127       77      177 16.2  9.9 22.5  61354  53672  69036                                        Powell County                                 MT est23all.txt 27NOV2024
30  79      146      111      181 13.4 10.2 16.6       38       24       52 18.4 11.8 25.0       27       16       38 16.1  9.8 22.4  52555  45687  59423                                        Prairie County                                MT est23all.txt 27NOV2024
30  81     5076     3945     6207 10.7  8.3 13.1     1215      813     1617 14.0  9.4 18.6      837      524     1150 12.7  7.9 17.5  70624  65191  76057                                        Ravalli County                                MT est23all.txt 27NOV2024
30  83     1059      797     1321  9.5  7.1 11.9      329      212      446 11.8  7.6 16.0      223      136      310 10.9  6.7 15.1  74540  65120  83960                                        Richland County                               MT est23all.txt 27NOV2024
30  85     2440     1917     2963 24.3 19.1 29.5      876      573     1179 26.2 17.2 35.2      570      353      787 22.5 13.9 31.1  51596  45486  57706                                        Roosevelt County                              MT est23all.txt 27NOV2024
30  87     1633     1329     1937 20.2 16.4 24.0      559      389      729 24.1 16.8 31.4      391      262      520 22.3 14.9 29.7  60218  52582  67854                                        Rosebud County                                MT est23all.txt 27NOV2024
30  89     1956     1523     2389 14.5 11.3 17.7      450      299      601 20.4 13.6 27.2      322      205      439 19.5 12.4 26.6  54599  48551  60647                                        Sanders County                                MT est23all.txt 27NOV2024
30  91      411      307      515 11.9  8.9 14.9      108       69      147 15.2  9.7 20.7       74       44      104 14.0  8.4 19.6  58094  50682  65506                                        Sheridan County                               MT est23all.txt 27NOV2024
30  93     5634     4672     6596 15.8 13.1 18.5     1125      780     1470 15.6 10.8 20.4      765      508     1022 14.0  9.3 18.7  58406  51642  65170                                        Silver Bow County                             MT est23all.txt 27NOV2024
30  95      752      573      931  8.3  6.3 10.3      160      103      217  8.7  5.6 11.8      115       70      160  8.0  4.9 11.1  81392  74229  88555                                        Stillwater County                             MT est23all.txt 27NOV2024
30  97      374      284      464 10.0  7.6 12.4       76       49      103 11.4  7.4 15.4       56       35       77 10.3  6.4 14.2  70052  61967  78137                                        Sweet Grass County                            MT est23all.txt 27NOV2024
30  99      832      634     1030 13.3 10.1 16.5      260      171      349 17.6 11.6 23.6      171      105      237 16.1  9.9 22.3  71393  66883  75903                                        Teton County                                  MT est23all.txt 27NOV2024
30 101      739      580      898 17.0 13.3 20.7      173      110      236 16.4 10.4 22.4      115       70      160 14.5  8.8 20.2  52399  45849  58949                                        Toole County                                  MT est23all.txt 27NOV2024
30 103       97       73      121 12.6  9.5 15.7       31       20       42 16.8 10.7 22.9       21       13       29 16.3  9.8 22.8  61560  53659  69461                                        Treasure County                               MT est23all.txt 27NOV2024
30 105     1125      912     1338 15.4 12.5 18.3      335      247      423 20.7 15.3 26.1      227      160      294 19.1 13.4 24.8  63507  56051  70963                                        Valley County                                 MT est23all.txt 27NOV2024
30 107      371      281      461 18.5 14.0 23.0      124       76      172 25.4 15.5 35.3       79       45      113 22.9 13.1 32.7  47545  41410  53680                                        Wheatland County                              MT est23all.txt 27NOV2024
30 109      112       85      139 12.7  9.6 15.8       31       20       42 16.5 10.7 22.3       22       13       31 15.7  9.5 21.9  56108  48815  63401                                        Wibaux County                                 MT est23all.txt 27NOV2024
30 111    16465    13899    19031  9.9  8.4 11.4     3954     2862     5046 10.4  7.5 13.3     2827     2005     3649  9.8  6.9 12.7  70221  65231  75211                                        Yellowstone County                            MT est23all.txt 27NOV2024
31   0   197626   189186   206066 10.2  9.8 10.6    52447    48243    56651 11.1 10.2 12.0    35923    32205    39641 10.3  9.2 11.4  74727  73441  76013   14251   12331   16171 11.8 10.2 13.4 Nebraska                                      NE est23all.txt 27NOV2024
31   1     3572     2912     4232 11.9  9.7 14.1      899      638     1160 12.5  8.9 16.1      670      476      864 12.8  9.1 16.5  66695  62726  70664                                        Adams County                                  NE est23all.txt 27NOV2024
31   3      661      516      806 10.6  8.3 12.9      187      119      255 12.1  7.7 16.5      135       82      188 12.2  7.4 17.0  65907  59173  72641                                        Antelope County                               NE est23all.txt 27NOV2024
31   5       55       41       69 13.3 10.0 16.6       20       13       27 20.2 13.2 27.2       15        9       21 18.5 11.6 25.4  54974  47784  62164                                        Arthur County                                 NE est23all.txt 27NOV2024
31   7       78       59       97 11.6  8.8 14.4       27       18       36 17.6 11.7 23.5       20       13       27 15.3  9.8 20.8  67307  59132  75482                                        Banner County                                 NE est23all.txt 27NOV2024
31   9       71       53       89 16.3 12.2 20.4       24       15       33 26.1 16.7 35.5       18       11       25 28.1 17.7 38.5  52512  46618  58406                                        Blaine County                                 NE est23all.txt 27NOV2024
31  11      506      392      620  9.7  7.5 11.9      134       90      178 10.5  7.1 13.9       98       64      132 10.5  6.9 14.1  66345  59262  73428                                        Boone County                                  NE est23all.txt 27NOV2024
31  13     1263      980     1546 12.0  9.3 14.7      386      256      516 14.7  9.8 19.6      274      177      371 13.8  8.9 18.7  66613  63474  69752                                        Box Butte County                              NE est23all.txt 27NOV2024
31  15      213      157      269 12.6  9.3 15.9       61       39       83 19.6 12.6 26.6       45       28       62 18.6 11.6 25.6  49077  43009  55145                                        Boyd County                                   NE est23all.txt 27NOV2024
31  17      328      251      405 11.6  8.9 14.3       89       59      119 14.7  9.8 19.6       62       40       84 14.6  9.3 19.9  58896  52446  65346                                        Brown County                                  NE est23all.txt 27NOV2024
31  19     3912     3003     4821  8.1  6.2 10.0      965      612     1318  8.6  5.5 11.7      708      438      978  8.6  5.3 11.9  76686  69121  84251                                        Buffalo County                                NE est23all.txt 27NOV2024
31  21      686      539      833 10.3  8.1 12.5      181      123      239 12.1  8.2 16.0      129       82      176 11.3  7.2 15.4  67113  59605  74621                                        Burt County                                   NE est23all.txt 27NOV2024
31  23      692      531      853  8.3  6.4 10.2      201      131      271  9.9  6.5 13.3      141       89      193  9.3  5.8 12.8  74710  66673  82747                                        Butler County                                 NE est23all.txt 27NOV2024
31  25     1799     1407     2191  6.6  5.2  8.0      506      362      650  8.3  6.0 10.6      362      258      466  7.7  5.5  9.9  83291  76885  89697                                        Cass County                                   NE est23all.txt 27NOV2024
31  27      703      539      867  8.6  6.6 10.6      186      121      251  9.0  5.9 12.1      138       87      189  8.9  5.6 12.2  69895  61847  77943                                        Cedar County                                  NE est23all.txt 27NOV2024
31  29      353      265      441  9.8  7.4 12.2      112       73      151 12.3  8.0 16.6       79       49      109 11.6  7.3 15.9  67334  59353  75315                                        Chase County                                  NE est23all.txt 27NOV2024
31  31      601      443      759 11.0  8.1 13.9      211      136      286 16.2 10.4 22.0      146       90      202 16.0  9.9 22.1  55132  49238  61026                                        Cherry County                                 NE est23all.txt 27NOV2024
31  33     1160      911     1409 12.3  9.7 14.9      347      240      454 16.1 11.2 21.0      257      178      336 15.9 11.0 20.8  60177  52954  67400                                        Cheyenne County                               NE est23all.txt 27NOV2024
31  35      578      442      714  9.6  7.3 11.9      153       97      209  9.9  6.3 13.5      110       67      153  9.9  6.1 13.7  67568  60442  74694                                        Clay County                                   NE est23all.txt 27NOV2024
31  37     1012      775     1249  9.7  7.4 12.0      373      253      493 11.9  8.1 15.7      264      173      355 11.5  7.5 15.5  70792  62234  79350                                        Colfax County                                 NE est23all.txt 27NOV2024
31  39      758      575      941  8.6  6.5 10.7      220      150      290 10.0  6.8 13.2      158      105      211 10.1  6.7 13.5  65814  58817  72811                                        Cuming County                                 NE est23all.txt 27NOV2024
31  41      927      661     1193  8.9  6.4 11.4      326      205      447 12.9  8.1 17.7      239      145      333 12.7  7.7 17.7  65151  58553  71749                                        Custer County                                 NE est23all.txt 27NOV2024
31  43     2851     2375     3327 13.6 11.3 15.9     1245      977     1513 20.2 15.8 24.6      866      662     1070 19.5 14.9 24.1  70126  61793  78459                                        Dakota County                                 NE est23all.txt 27NOV2024
31  45     1162      871     1453 15.6 11.7 19.5      254      166      342 17.3 11.3 23.3      161      101      221 15.7  9.8 21.6  54925  49299  60551                                        Dawes County                                  NE est23all.txt 27NOV2024
31  47     2499     1888     3110 10.5  7.9 13.1      909      595     1223 13.8  9.0 18.6      639      397      881 13.4  8.3 18.5  67619  61009  74229                                        Dawson County                                 NE est23all.txt 27NOV2024
31  49      223      170      276 11.9  9.1 14.7       70       46       94 18.8 12.4 25.2       50       31       69 17.5 11.0 24.0  58676  51559  65793                                        Deuel County                                  NE est23all.txt 27NOV2024
31  51      451      337      565  8.4  6.3 10.5      135       88      182  9.9  6.4 13.4       95       59      131  9.1  5.7 12.5  67521  59431  75611                                        Dixon County                                  NE est23all.txt 27NOV2024
31  53     3562     2730     4394  9.8  7.5 12.1     1035      685     1385 11.3  7.5 15.1      683      418      948 10.2  6.2 14.2  66833  62458  71208                                        Dodge County                                  NE est23all.txt 27NOV2024
31  55    66643    60612    72674 11.5 10.5 12.5    18045    15054    21036 12.4 10.3 14.5    11930     9714    14146 11.2  9.1 13.3  77747  74392  81102                                        Douglas County                                NE est23all.txt 27NOV2024
31  57      207      155      259 13.5 10.1 16.9       53       35       71 18.8 12.3 25.3       40       26       54 19.1 12.2 26.0  55818  49366  62270                                        Dundy County                                  NE est23all.txt 27NOV2024
31  59      479      364      594  8.8  6.7 10.9      109       71      147 10.0  6.5 13.5       79       49      109 10.2  6.4 14.0  69021  61626  76416                                        Fillmore County                               NE est23all.txt 27NOV2024
31  61      353      271      435 12.6  9.7 15.5      100       66      134 16.8 11.1 22.5       70       43       97 15.8  9.6 22.0  58346  50968  65724                                        Franklin County                               NE est23all.txt 27NOV2024
31  63      321      244      398 13.1 10.0 16.2       87       55      119 17.0 10.8 23.2       66       40       92 16.9 10.3 23.5  62676  55334  70018                                        Frontier County                               NE est23all.txt 27NOV2024
31  65      540      427      653 12.0  9.5 14.5      155      100      210 16.2 10.4 22.0      113       70      156 16.3 10.1 22.5  59530  53996  65064                                        Furnas County                                 NE est23all.txt 27NOV2024
31  67     2198     1742     2654 10.3  8.2 12.4      561      377      745 11.7  7.9 15.5      388      245      531 10.5  6.7 14.3  66947  60654  73240                                        Gage County                                   NE est23all.txt 27NOV2024
31  69      281      212      350 15.9 12.0 19.8       74       48      100 23.1 15.1 31.1       55       34       76 23.6 14.7 32.5  44135  39048  49222                                        Garden County                                 NE est23all.txt 27NOV2024
31  71      184      139      229 10.9  8.2 13.6       42       27       57 12.4  8.1 16.7       31       19       43 13.4  8.3 18.5  51135  44453  57817                                        Garfield County                               NE est23all.txt 27NOV2024
31  73      162      123      201  8.9  6.7 11.1       51       33       69 13.1  8.5 17.7       39       24       54 13.0  8.1 17.9  73056  64420  81692                                        Gosper County                                 NE est23all.txt 27NOV2024
31  75       58       44       72 10.3  7.8 12.8       20       13       27 14.6  9.5 19.7       15        9       21 14.9  9.3 20.5  63607  55173  72041                                        Grant County                                  NE est23all.txt 27NOV2024
31  77      237      178      296 10.8  8.1 13.5       69       45       93 13.3  8.6 18.0       51       32       70 13.0  8.1 17.9  60686  53339  68033                                        Greeley County                                NE est23all.txt 27NOV2024
31  79     6595     5184     8006 10.8  8.5 13.1     2183     1485     2881 13.1  8.9 17.3     1505      965     2045 12.4  8.0 16.8  69725  64008  75442                                        Hall County                                   NE est23all.txt 27NOV2024
31  81      701      538      864  7.4  5.7  9.1      204      136      272  9.0  6.0 12.0      154      101      207  9.0  5.9 12.1  84805  75804  93806                                        Hamilton County                               NE est23all.txt 27NOV2024
31  83      302      232      372 10.1  7.8 12.4       81       51      111 12.3  7.8 16.8       58       35       81 11.5  7.0 16.0  63159  55656  70662                                        Harlan County                                 NE est23all.txt 27NOV2024
31  85      114       86      142 13.5 10.1 16.9       38       25       51 17.8 11.7 23.9       28       18       38 18.9 11.9 25.9  59966  52291  67641                                        Hayes County                                  NE est23all.txt 27NOV2024
31  87      358      276      440 14.2 10.9 17.5      109       72      146 18.8 12.5 25.1       81       52      110 18.2 11.8 24.6  55551  50178  60924                                        Hitchcock County                              NE est23all.txt 27NOV2024
31  89     1177      902     1452 11.8  9.0 14.6      367      244      490 14.3  9.5 19.1      271      175      367 14.0  9.0 19.0  65815  59280  72350                                        Holt County                                   NE est23all.txt 27NOV2024
31  91       65       49       81  9.6  7.2 12.0       20       13       27 13.4  8.6 18.2       15        9       21 12.2  7.6 16.8  53010  46162  59858                                        Hooker County                                 NE est23all.txt 27NOV2024
31  93      644      487      801 10.1  7.6 12.6      180      119      241 11.8  7.8 15.8      130       81      179 11.6  7.3 15.9  68795  60388  77202                                        Howard County                                 NE est23all.txt 27NOV2024
31  95      762      585      939 11.0  8.5 13.5      219      147      291 13.8  9.3 18.3      149       95      203 12.8  8.2 17.4  63707  57165  70249                                        Jefferson County                              NE est23all.txt 27NOV2024
31  97      525      397      653 12.9  9.8 16.0      120       78      162 12.8  8.3 17.3       88       55      121 12.1  7.6 16.6  64134  56593  71675                                        Johnson County                                NE est23all.txt 27NOV2024
31  99      525      401      649  7.9  6.0  9.8      152       99      205  9.2  6.0 12.4      109       68      150  9.0  5.6 12.4  77458  68371  86545                                        Kearney County                                NE est23all.txt 27NOV2024
31 101      902      677     1127 11.2  8.4 14.0      285      183      387 17.2 11.1 23.3      196      120      272 15.8  9.7 21.9  57160  51470  62850                                        Keith County                                  NE est23all.txt 27NOV2024
31 103      139      104      174 17.3 13.0 21.6       29       19       39 19.6 12.8 26.4       21       13       29 19.1 11.9 26.3  52077  45295  58859                                        Keya Paha County                              NE est23all.txt 27NOV2024
31 105      394      296      492 12.3  9.2 15.4       98       64      132 15.4 10.1 20.7       69       43       95 14.3  9.0 19.6  59686  54485  64887                                        Kimball County                                NE est23all.txt 27NOV2024
31 107     1121      878     1364 13.7 10.7 16.7      350      249      451 17.5 12.5 22.5      267      191      343 17.5 12.5 22.5  60057  53490  66624                                        Knox County                                   NE est23all.txt 27NOV2024
31 109    33770    29798    37742 10.8  9.5 12.1     6435     4559     8311  9.0  6.4 11.6     4383     3005     5761  8.3  5.7 10.9  71171  68287  74055                                        Lancaster County                              NE est23all.txt 27NOV2024
31 111     4089     3365     4813 12.5 10.3 14.7     1086      792     1380 14.6 10.6 18.6      717      488      946 12.8  8.7 16.9  63632  58290  68974                                        Lincoln County                                NE est23all.txt 27NOV2024
31 113       60       45       75  9.2  6.8 11.6       15       10       20 11.0  7.1 14.9       11        7       15 10.6  6.4 14.8  66333  59725  72941                                        Logan County                                  NE est23all.txt 27NOV2024
31 115       98       73      123 16.6 12.4 20.8       31       20       42 28.2 18.4 38.0       22       14       30 25.9 16.1 35.7  61608  54388  68828                                        Loup County                                   NE est23all.txt 27NOV2024
31 117       46       35       57 12.0  9.1 14.9       12        8       16 18.2 11.7 24.7       10        6       14 19.2 12.1 26.3  55174  47914  62434                                        McPherson County                              NE est23all.txt 27NOV2024
31 119     3992     3290     4694 11.6  9.6 13.6      951      636     1266 10.8  7.2 14.4      653      412      894 10.1  6.4 13.8  68218  62267  74169                                        Madison County                                NE est23all.txt 27NOV2024
31 121      709      534      884  9.3  7.0 11.6      182      114      250 10.6  6.6 14.6      131       78      184 10.2  6.1 14.3  72297  66086  78508                                        Merrick County                                NE est23all.txt 27NOV2024
31 123      639      489      789 14.5 11.1 17.9      193      129      257 19.1 12.8 25.4      135       86      184 18.2 11.6 24.8  62245  54783  69707                                        Morrill County                                NE est23all.txt 27NOV2024
31 125      361      281      441 11.3  8.8 13.8      101       69      133 13.3  9.1 17.5       73       49       97 12.8  8.5 17.1  61228  55181  67275                                        Nance County                                  NE est23all.txt 27NOV2024
31 127      783      594      972 11.8  8.9 14.7      207      135      279 12.8  8.4 17.2      148       93      203 12.4  7.8 17.0  65868  57544  74192                                        Nemaha County                                 NE est23all.txt 27NOV2024
31 129      437      328      546 10.8  8.1 13.5      125       82      168 15.2  9.9 20.5       91       57      125 15.1  9.5 20.7  58951  51555  66347                                        Nuckolls County                               NE est23all.txt 27NOV2024
31 131     1283      955     1611  8.0  6.0 10.0      352      229      475  9.1  5.9 12.3      247      155      339  8.6  5.4 11.8  76448  68342  84554                                        Otoe County                                   NE est23all.txt 27NOV2024
31 133      339      260      418 13.7 10.5 16.9      115       76      154 20.3 13.4 27.2       81       51      111 19.7 12.4 27.0  55574  48766  62382                                        Pawnee County                                 NE est23all.txt 27NOV2024
31 135      258      193      323  9.3  7.0 11.6       76       49      103 11.6  7.5 15.7       56       35       77 10.9  6.8 15.0  71521  64393  78649                                        Perkins County                                NE est23all.txt 27NOV2024
31 137      730      549      911  8.3  6.3 10.3      227      148      306 10.2  6.7 13.7      163      102      224 10.1  6.3 13.9  70550  62000  79100                                        Phelps County                                 NE est23all.txt 27NOV2024
31 139      664      506      822  9.2  7.0 11.4      188      125      251 10.2  6.8 13.6      132       84      180  9.8  6.2 13.4  78454  69396  87512                                        Pierce County                                 NE est23all.txt 27NOV2024
31 141     2884     2293     3475  8.4  6.7 10.1      730      490      970  8.1  5.4 10.8      488      305      671  7.3  4.6 10.0  76785  69391  84179                                        Platte County                                 NE est23all.txt 27NOV2024
31 143      375      282      468  7.3  5.5  9.1       99       65      133  8.6  5.6 11.6       70       45       95  8.1  5.2 11.0  79938  72138  87738                                        Polk County                                   NE est23all.txt 27NOV2024
31 145     1164      914     1414 11.5  9.0 14.0      309      214      404 13.3  9.2 17.4      210      135      285 12.2  7.8 16.6  60614  53065  68163                                        Red Willow County                             NE est23all.txt 27NOV2024
31 147      831      630     1032 11.1  8.4 13.8      210      138      282 12.9  8.5 17.3      149       95      203 12.0  7.6 16.4  60839  53596  68082                                        Richardson County                             NE est23all.txt 27NOV2024
31 149      170      128      212 13.7 10.3 17.1       53       34       72 18.9 12.2 25.6       38       23       53 19.6 12.1 27.1  56969  49547  64391                                        Rock County                                   NE est23all.txt 27NOV2024
31 151     1440     1119     1761 10.5  8.2 12.8      442      310      574 11.7  8.2 15.2      320      218      422 11.4  7.8 15.0  76586  70579  82593                                        Saline County                                 NE est23all.txt 27NOV2024
31 153     9803     8058    11548  4.9  4.0  5.8     2556     1720     3392  5.0  3.4  6.6     1827     1192     2462  4.7  3.1  6.3 101902  98278 105526                                        Sarpy County                                  NE est23all.txt 27NOV2024
31 155     1506     1167     1845  6.5  5.0  8.0      396      274      518  6.9  4.8  9.0      284      187      381  6.6  4.4  8.8  85732  79118  92346                                        Saunders County                               NE est23all.txt 27NOV2024
31 157     5374     4382     6366 15.5 12.6 18.4     1690     1236     2144 20.1 14.7 25.5     1068      715     1421 17.1 11.4 22.8  57571  51049  64093                                        Scotts Bluff County                           NE est23all.txt 27NOV2024
31 159     1136      858     1414  6.9  5.2  8.6      273      184      362  6.8  4.6  9.0      200      132      268  6.5  4.3  8.7  81819  76306  87332                                        Seward County                                 NE est23all.txt 27NOV2024
31 161      698      532      864 14.6 11.1 18.1      219      143      295 21.3 13.9 28.7      156       98      214 20.7 13.0 28.4  59842  53047  66637                                        Sheridan County                               NE est23all.txt 27NOV2024
31 163      360      273      447 12.3  9.3 15.3      101       65      137 15.6 10.0 21.2       70       43       97 14.6  8.9 20.3  57592  50729  64455                                        Sherman County                                NE est23all.txt 27NOV2024
31 165      166      124      208 14.4 10.7 18.1       42       27       57 20.5 13.4 27.6       32       20       44 21.5 13.5 29.5  61344  53556  69132                                        Sioux County                                  NE est23all.txt 27NOV2024
31 167      415      314      516  7.2  5.4  9.0      113       74      152  8.1  5.3 10.9       84       54      114  8.2  5.2 11.2  78112  69616  86608                                        Stanton County                                NE est23all.txt 27NOV2024
31 169      443      331      555  9.3  6.9 11.7      131       84      178 12.0  7.7 16.3       99       62      136 11.7  7.3 16.1  63574  56777  70371                                        Thayer County                                 NE est23all.txt 27NOV2024
31 171       88       66      110 13.0  9.7 16.3       34       22       46 22.7 14.9 30.5       25       15       35 22.5 13.9 31.1  56844  49788  63900                                        Thomas County                                 NE est23all.txt 27NOV2024
31 173     1264      970     1558 19.6 15.0 24.2      571      382      760 25.5 17.1 33.9      396      252      540 24.1 15.3 32.9  57810  52066  63554                                        Thurston County                               NE est23all.txt 27NOV2024
31 175      475      362      588 11.9  9.1 14.7      148      100      196 15.9 10.8 21.0      105       67      143 15.6 10.0 21.2  56604  51083  62125                                        Valley County                                 NE est23all.txt 27NOV2024
31 177     1276      972     1580  6.1  4.7  7.5      318      209      427  6.5  4.3  8.7      218      136      300  5.7  3.6  7.8  88234  80733  95735                                        Washington County                             NE est23all.txt 27NOV2024
31 179     1061      824     1298 12.4  9.6 15.2      201      132      270 10.0  6.6 13.4      137       86      188  9.1  5.7 12.5  68309  59533  77085                                        Wayne County                                  NE est23all.txt 27NOV2024
31 181      410      324      496 12.5  9.9 15.1      110       77      143 14.5 10.1 18.9       78       52      104 13.9  9.2 18.6  57002  50079  63925                                        Webster County                                NE est23all.txt 27NOV2024
31 183       99       74      124 12.8  9.6 16.0       32       21       43 18.8 12.1 25.5       23       14       32 20.4 12.8 28.0  56377  49956  62798                                        Wheeler County                                NE est23all.txt 27NOV2024
31 185     1269      963     1575  9.4  7.1 11.7      314      208      420  9.7  6.4 13.0      213      134      292  8.8  5.5 12.1  73671  65854  81488                                        York County                                   NE est23all.txt 27NOV2024
32   0   383742   370444   397040 12.2 11.8 12.6   110536   103625   117447 16.4 15.4 17.4    76028    69885    82171 15.1 13.9 16.3  76332  74949  77715   31901   28846   34956 19.2 17.4 21.0 Nevada                                        NV est23all.txt 27NOV2024
32   1     2736     2153     3319 10.8  8.5 13.1      785      531     1039 13.7  9.3 18.1      578      388      768 13.7  9.2 18.2  72065  63743  80387                                        Churchill County                              NV est23all.txt 27NOV2024
32   3   297404   283570   311238 12.9 12.3 13.5    89147    82169    96125 17.7 16.3 19.1    60287    55035    65539 16.0 14.6 17.4  75103  73439  76767                                        Clark County                                  NV est23all.txt 27NOV2024
32   5     4047     3202     4892  8.2  6.5  9.9      846      602     1090 12.0  8.5 15.5      655      467      843 12.1  8.6 15.6  82025  76419  87631                                        Douglas County                                NV est23all.txt 27NOV2024
32   7     4834     3779     5889  9.0  7.0 11.0     1584     1136     2032 11.4  8.2 14.6     1183      854     1512 11.2  8.1 14.3  85829  76390  95268                                        Elko County                                   NV est23all.txt 27NOV2024
32   9      109       83      135 14.8 11.2 18.4       18       12       24 18.2 12.1 24.3       15       10       20 19.0 12.5 25.5  59057  51383  66731                                        Esmeralda County                              NV est23all.txt 27NOV2024
32  11      219      168      270 11.5  8.9 14.1       58       40       76 13.5  9.3 17.7       43       29       57 12.3  8.3 16.3  81661  70941  92381                                        Eureka County                                 NV est23all.txt 27NOV2024
32  13     1773     1355     2191 10.4  7.9 12.9      600      403      797 13.6  9.1 18.1      423      278      568 12.9  8.5 17.3  81500  71388  91612                                        Humboldt County                               NV est23all.txt 27NOV2024
32  15      659      509      809 11.5  8.9 14.1      187      129      245 12.6  8.7 16.5      138       93      183 12.2  8.2 16.2  87398  76234  98562                                        Lander County                                 NV est23all.txt 27NOV2024
32  17      586      444      728 13.9 10.5 17.3      158      107      209 18.2 12.3 24.1      120       80      160 20.2 13.5 26.9  67577  58710  76444                                        Lincoln County                                NV est23all.txt 27NOV2024
32  19     5991     4901     7081  9.6  7.8 11.4     1502     1005     1999 11.9  8.0 15.8     1115      734     1496 11.8  7.8 15.8  75195  67164  83226                                        Lyon County                                   NV est23all.txt 27NOV2024
32  21      775      597      953 17.3 13.3 21.3      189      126      252 22.6 15.1 30.1      139       93      185 21.9 14.7 29.1  58039  50514  65564                                        Mineral County                                NV est23all.txt 27NOV2024
32  23     8366     6776     9956 15.4 12.5 18.3     2159     1570     2748 24.1 17.5 30.7     1550     1128     1972 22.9 16.7 29.1  63071  56206  69936                                        Nye County                                    NV est23all.txt 27NOV2024
32  27      825      615     1035 16.8 12.5 21.1      195      132      258 18.3 12.4 24.2      146       98      194 17.8 11.9 23.7  66928  58795  75061                                        Pershing County                               NV est23all.txt 27NOV2024
32  29      308      233      383  7.4  5.6  9.2       50       34       66  9.8  6.6 13.0       39       26       52  9.5  6.3 12.7  88684  77979  99389                                        Storey County                                 NV est23all.txt 27NOV2024
32  31    48394    42879    53909  9.9  8.8 11.0    11291     8949    13633 11.3  8.9 13.7     8323     6631    10015 11.2  8.9 13.5  84282  81865  86699                                        Washoe County                                 NV est23all.txt 27NOV2024
32  33      959      727     1191 12.1  9.2 15.0      236      158      314 14.0  9.4 18.6      176      116      236 13.6  9.0 18.2  70635  61741  79529                                        White Pine County                             NV est23all.txt 27NOV2024
32 510     5757     4402     7112 10.4  7.9 12.9     1531     1022     2040 13.6  9.1 18.1     1098      730     1466 12.9  8.6 17.2  72823  67199  78447                                        Carson City                                   NV est23all.txt 27NOV2024
33   0    99969    94253   105685  7.3  6.9  7.7    20374    17733    23015  8.2  7.1  9.3    14479    12092    16866  7.8  6.5  9.1  97031  95009  99053    4881    3829    5933  8.0  6.3  9.7 New Hampshire                                 NH est23all.txt 27NOV2024
33   1     5139     4083     6195  8.0  6.4  9.6     1153      796     1510 10.7  7.4 14.0      788      516     1060  9.4  6.1 12.7  91333  84641  98025                                        Belknap County                                NH est23all.txt 27NOV2024
33   3     4554     3584     5524  8.8  6.9 10.7      885      576     1194 11.9  7.8 16.0      637      398      876 11.0  6.9 15.1  77303  69995  84611                                        Carroll County                                NH est23all.txt 27NOV2024
33   5     6709     5238     8180  9.0  7.0 11.0     1462     1003     1921 10.8  7.4 14.2      983      634     1332  9.8  6.3 13.3  84008  77665  90351                                        Cheshire County                               NH est23all.txt 27NOV2024
33   7     4051     3241     4861 13.5 10.8 16.2      866      587     1145 17.6 11.9 23.3      606      397      815 16.5 10.8 22.2  59592  53055  66129                                        Coos County                                   NH est23all.txt 27NOV2024
33   9     8045     6608     9482  9.4  7.7 11.1     1358      931     1785  9.8  6.7 12.9      926      593     1259  8.9  5.7 12.1  81537  76410  86664                                        Grafton County                                NH est23all.txt 27NOV2024
33  11    27070    22853    31287  6.5  5.5  7.5     6348     4778     7918  7.8  5.9  9.7     4593     3382     5804  7.6  5.6  9.6 103181 100434 105928                                        Hillsborough County                           NH est23all.txt 27NOV2024
33  13    11623     9619    13627  7.7  6.4  9.0     2242     1615     2869  8.0  5.8 10.2     1608     1123     2093  7.7  5.4 10.0  91357  86713  96001                                        Merrimack County                              NH est23all.txt 27NOV2024
33  15    17152    14430    19874  5.4  4.5  6.3     2989     2219     3759  5.2  3.9  6.5     2179     1583     2775  5.0  3.6  6.4 109660 103391 115929                                        Rockingham County                             NH est23all.txt 27NOV2024
33  17    11683     9574    13792  9.3  7.6 11.0     2176     1523     2829  9.5  6.6 12.4     1532     1035     2029  9.1  6.2 12.0  84762  76172  93352                                        Strafford County                              NH est23all.txt 27NOV2024
33  19     3942     3054     4830  9.1  7.1 11.1      895      579     1211 12.0  7.8 16.2      627      383      871 11.2  6.9 15.5  74730  66938  82522                                        Sullivan County                               NH est23all.txt 27NOV2024
34   0   885529   864431   906627  9.7  9.5  9.9   252962   240126   265798 12.8 12.2 13.4   182096   170599   193593 12.4 11.6 13.2  99716  98681 100751   63535   58505   68565 12.6 11.6 13.6 New Jersey                                    NJ est23all.txt 27NOV2024
34   1    32219    27193    37245 11.9 10.0 13.8     8804     6601    11007 15.8 11.8 19.8     6722     4996     8448 16.1 12.0 20.2  75904  72348  79460                                        Atlantic County                               NJ est23all.txt 27NOV2024
34   3    62866    55049    70683  6.6  5.8  7.4    13992    10993    16991  7.1  5.6  8.6    10385     8022    12748  7.0  5.4  8.6 116157 112384 119930                                        Bergen County                                 NJ est23all.txt 27NOV2024
34   5    31013    26791    35235  6.8  5.9  7.7     7689     6056     9322  8.1  6.4  9.8     5237     3910     6564  7.4  5.5  9.3 102384 100248 104520                                        Burlington County                             NJ est23all.txt 27NOV2024
34   7    64241    56668    71814 12.3 10.8 13.8    19982    16399    23565 17.0 14.0 20.0    14934    12238    17630 17.2 14.1 20.3  82678  78205  87151                                        Camden County                                 NJ est23all.txt 27NOV2024
34   9     8793     6958    10628  9.4  7.4 11.4     2077     1389     2765 13.2  8.8 17.6     1567     1021     2113 13.3  8.7 17.9  81007  75935  86079                                        Cape May County                               NJ est23all.txt 27NOV2024
34  11    24394    20970    27818 17.0 14.6 19.4     7948     6208     9688 21.9 17.1 26.7     5152     3730     6574 19.0 13.7 24.3  64240  59357  69123                                        Cumberland County                             NJ est23all.txt 27NOV2024
34  13   117764   106762   128766 14.2 12.9 15.5    36129    30927    41331 18.4 15.7 21.1    26958    22962    30954 18.6 15.8 21.4  80005  77247  82763                                        Essex County                                  NJ est23all.txt 27NOV2024
34  15    25292    21734    28850  8.4  7.2  9.6     6334     4902     7766  9.8  7.6 12.0     4679     3579     5779  9.6  7.4 11.8  96965  91150 102780                                        Gloucester County                             NJ est23all.txt 27NOV2024
34  17   106193    96528   115858 15.2 13.8 16.6    30978    26485    35471 22.9 19.6 26.2    23909    20412    27406 25.5 21.8 29.2  88469  85757  91181                                        Hudson County                                 NJ est23all.txt 27NOV2024
34  19     6126     4963     7289  4.8  3.9  5.7     1060      737     1383  4.3  3.0  5.6      759      506     1012  4.1  2.8  5.4 136407 128255 144559                                        Hunterdon County                              NJ est23all.txt 27NOV2024
34  21    38798    33527    44069 10.6  9.2 12.0    10790     8362    13218 13.1 10.2 16.0     7672     5752     9592 12.5  9.4 15.6  95502  91330  99674                                        Mercer County                                 NJ est23all.txt 27NOV2024
34  23    72101    63894    80308  8.6  7.6  9.6    18263    14997    21529 10.1  8.3 11.9    12225     9451    14999  9.0  7.0 11.0 104637 101151 108123                                        Middlesex County                              NJ est23all.txt 27NOV2024
34  25    42424    36278    48570  6.7  5.7  7.7    10573     8228    12918  8.0  6.2  9.8     7002     5113     8891  7.0  5.1  8.9 117752 114672 120832                                        Monmouth County                               NJ est23all.txt 27NOV2024
34  27    24591    20696    28486  4.8  4.0  5.6     5325     4107     6543  5.1  3.9  6.3     3975     2987     4963  5.1  3.8  6.4 134308 129723 138893                                        Morris County                                 NJ est23all.txt 27NOV2024
34  29    65276    57516    73036 10.0  8.8 11.2    23867    19513    28221 14.7 12.0 17.4    16312    13019    19605 14.3 11.4 17.2  85239  82108  88370                                        Ocean County                                  NJ est23all.txt 27NOV2024
34  31    70313    62747    77879 13.9 12.4 15.4    23968    20270    27666 20.2 17.1 23.3    16493    13555    19431 18.9 15.5 22.3  81823  78845  84801                                        Passaic County                                NJ est23all.txt 27NOV2024
34  33     6851     5313     8389 10.6  8.2 13.0     2125     1440     2810 15.0 10.2 19.8     1562     1029     2095 14.8  9.7 19.9  84008  79128  88888                                        Salem County                                  NJ est23all.txt 27NOV2024
34  35    18892    15472    22312  5.5  4.5  6.5     4365     3193     5537  6.1  4.5  7.7     3126     2170     4082  5.7  4.0  7.4 140242 134035 146449                                        Somerset County                               NJ est23all.txt 27NOV2024
34  37     7887     6314     9460  5.4  4.3  6.5     1720     1223     2217  6.1  4.3  7.9     1202      796     1608  5.7  3.8  7.6 109884 104402 115366                                        Sussex County                                 NJ est23all.txt 27NOV2024
34  39    50389    42901    57877  8.9  7.6 10.2    14771    11452    18090 11.2  8.7 13.7    10593     7950    13236 10.9  8.2 13.6 100031  96681 103381                                        Union County                                  NJ est23all.txt 27NOV2024
34  41     9107     7332    10882  8.3  6.7  9.9     2199     1594     2804 10.4  7.5 13.3     1632     1159     2105 10.3  7.3 13.3  98857  93726 103988                                        Warren County                                 NJ est23all.txt 27NOV2024
35   0   349872   338041   361703 16.9 16.3 17.5   100608    94409   106807 22.6 21.2 24.0    73867    68124    79610 21.9 20.2 23.6  62286  61051  63521   25201   22940   27462 23.9 21.8 26.0 New Mexico                                    NM est23all.txt 27NOV2024
35   1    89525    80470    98580 13.5 12.1 14.9    23474    19652    27296 17.9 15.0 20.8    16822    13861    19783 17.0 14.0 20.0  68286  66042  70530                                        Bernalillo County                             NM est23all.txt 27NOV2024
35   3      709      530      888 18.6 13.9 23.3      144       95      193 34.1 22.5 45.7      109       70      148 34.8 22.5 47.1  45802  39790  51814                                        Catron County                                 NM est23all.txt 27NOV2024
35   5    12424    10095    14753 20.1 16.3 23.9     3843     2814     4872 25.1 18.4 31.8     2824     2020     3628 24.3 17.4 31.2  51179  46910  55448                                        Chaves County                                 NM est23all.txt 27NOV2024
35   6     5801     4539     7063 23.7 18.6 28.8     1867     1310     2424 31.0 21.8 40.2     1389      970     1808 29.7 20.7 38.7  47530  41578  53482                                        Cibola County                                 NM est23all.txt 27NOV2024
35   7     2073     1564     2582 17.8 13.4 22.2      523      357      689 26.2 17.9 34.5      391      265      517 25.7 17.4 34.0  54255  48614  59896                                        Colfax County                                 NM est23all.txt 27NOV2024
35   9     8735     7170    10300 18.9 15.5 22.3     2737     1907     3567 22.3 15.5 29.1     1989     1340     2638 23.0 15.5 30.5  53858  47905  59811                                        Curry County                                  NM est23all.txt 27NOV2024
35  11      297      220      374 18.0 13.4 22.6      110       73      147 30.6 20.2 41.0       82       53      111 29.1 18.9 39.3  48234  42616  53852                                        DeBaca County                                 NM est23all.txt 27NOV2024
35  13    43762    38106    49418 19.8 17.2 22.4    12127     9297    14957 24.2 18.6 29.8     9054     6808    11300 23.8 17.9 29.7  56233  54177  58289                                        Dona Ana County                               NM est23all.txt 27NOV2024
35  15     9810     8078    11542 16.5 13.6 19.4     2959     2191     3727 18.9 14.0 23.8     2144     1570     2718 18.4 13.5 23.3  66485  58613  74357                                        Eddy County                                   NM est23all.txt 27NOV2024
35  17     5331     4193     6469 19.9 15.7 24.1     1312      886     1738 27.2 18.3 36.1      934      613     1255 25.4 16.7 34.1  48454  43383  53525                                        Grant County                                  NM est23all.txt 27NOV2024
35  19      917      701     1133 24.9 19.0 30.8      238      164      312 30.2 20.8 39.6      175      117      233 27.3 18.3 36.3  43463  37703  49223                                        Guadalupe County                              NM est23all.txt 27NOV2024
35  21       94       72      116 15.1 11.6 18.6       22       14       30 26.8 17.4 36.2       18       11       25 25.7 15.9 35.5  47606  41351  53861                                        Harding County                                NM est23all.txt 27NOV2024
35  23      931      703     1159 24.0 18.1 29.9      274      186      362 32.7 22.2 43.2      208      141      275 32.0 21.6 42.4  45343  39758  50928                                        Hidalgo County                                NM est23all.txt 27NOV2024
35  25    11871     9651    14091 17.0 13.8 20.2     4074     3014     5134 20.0 14.8 25.2     2961     2145     3777 19.3 14.0 24.6  60820  54032  67608                                        Lea County                                    NM est23all.txt 27NOV2024
35  27     3221     2439     4003 16.2 12.3 20.1      977      669     1285 28.1 19.2 37.0      717      485      949 27.9 18.9 36.9  59386  52629  66143                                        Lincoln County                                NM est23all.txt 27NOV2024
35  28      740      549      931  3.8  2.8  4.8      134       88      180  3.4  2.3  4.5       97       63      131  3.1  2.0  4.2 146208 130575 161841                                        Los Alamos County                             NM est23all.txt 27NOV2024
35  29     6477     5124     7830 26.4 20.9 31.9     2387     1728     3046 37.6 27.2 48.0     1805     1295     2315 38.8 27.8 49.8  38641  34302  42980                                        Luna County                                   NM est23all.txt 27NOV2024
35  31    23417    21010    25824 34.3 30.8 37.8     7579     6416     8742 41.8 35.4 48.2     5856     4910     6802 41.1 34.5 47.7  41427  37450  45404                                        McKinley County                               NM est23all.txt 27NOV2024
35  33      862      657     1067 20.9 15.9 25.9      182      118      246 27.6 17.9 37.3      142       91      193 28.8 18.5 39.1  45685  39753  51617                                        Mora County                                   NM est23all.txt 27NOV2024
35  35    12671    10541    14801 19.4 16.1 22.7     4481     3543     5419 30.8 24.4 37.2     3524     2804     4244 32.7 26.0 39.4  51298  47576  55020                                        Otero County                                  NM est23all.txt 27NOV2024
35  37     1919     1462     2376 22.8 17.4 28.2      564      376      752 32.7 21.8 43.6      421      276      566 32.1 21.0 43.2  43312  38282  48342                                        Quay County                                   NM est23all.txt 27NOV2024
35  39     7359     5731     8987 18.5 14.4 22.6     2379     1777     2981 27.1 20.2 34.0     1693     1228     2158 24.9 18.1 31.7  51703  46543  56863                                        Rio Arriba County                             NM est23all.txt 27NOV2024
35  41     3426     2626     4226 19.3 14.8 23.8     1130      790     1470 26.1 18.2 34.0      823      558     1088 25.6 17.4 33.8  51111  45317  56905                                        Roosevelt County                              NM est23all.txt 27NOV2024
35  43    18196    15281    21111 11.7  9.8 13.6     5246     4127     6365 16.0 12.6 19.4     3961     3096     4826 15.5 12.1 18.9  81557  74833  88281                                        Sandoval County                               NM est23all.txt 27NOV2024
35  45    23759    20481    27037 19.9 17.2 22.6     7677     6140     9214 26.3 21.0 31.6     5588     4372     6804 24.9 19.5 30.3  57296  52674  61918                                        San Juan County                               NM est23all.txt 27NOV2024
35  47     6334     5066     7602 24.7 19.8 29.6     1286      881     1691 30.0 20.6 39.4      939      615     1263 30.1 19.7 40.5  46318  40914  51722                                        San Miguel County                             NM est23all.txt 27NOV2024
35  49    18759    15657    21861 12.2 10.2 14.2     4485     3445     5525 18.8 14.4 23.2     3179     2333     4025 17.5 12.9 22.1  78366  74322  82410                                        Santa Fe County                               NM est23all.txt 27NOV2024
35  51     2654     2031     3277 23.5 18.0 29.0      644      421      867 35.4 23.1 47.7      477      306      648 33.8 21.7 45.9  40498  35367  45629                                        Sierra County                                 NM est23all.txt 27NOV2024
35  53     3812     2956     4668 25.2 19.5 30.9     1076      733     1419 32.4 22.1 42.7      785      527     1043 31.4 21.1 41.7  46070  41120  51020                                        Socorro County                                NM est23all.txt 27NOV2024
35  55     6340     5012     7668 18.5 14.6 22.4     1204      763     1645 23.1 14.6 31.6      896      562     1230 22.4 14.1 30.7  53935  48995  58875                                        Taos County                                   NM est23all.txt 27NOV2024
35  57     3519     2740     4298 23.0 17.9 28.1     1026      710     1342 32.3 22.3 42.3      706      473      939 29.8 20.0 39.6  44780  40524  49036                                        Torrance County                               NM est23all.txt 27NOV2024
35  59      643      487      799 18.4 14.0 22.8      198      133      263 25.4 17.0 33.8      150       99      201 25.5 16.8 34.2  45458  39757  51159                                        Union County                                  NM est23all.txt 27NOV2024
35  61    13484    11443    15525 17.3 14.7 19.9     4250     3271     5229 23.9 18.4 29.4     3008     2262     3754 22.4 16.8 28.0  56785  51583  61987                                        Valencia County                               NM est23all.txt 27NOV2024
36   0  2697685  2660117  2735253 14.1 13.9 14.3   718306   697430   739182 18.6 18.1 19.1   509260   490827   527693 17.9 17.3 18.5  82052  81555  82549  191582  182237  200927 19.1 18.2 20.0 New York                                      NY est23all.txt 27NOV2024
36   1    38586    34593    42579 12.9 11.6 14.2     8047     6391     9703 14.6 11.6 17.6     5859     4621     7097 14.3 11.3 17.3  81193  78145  84241                                        Albany County                                 NY est23all.txt 27NOV2024
36   3     6195     5134     7256 15.0 12.4 17.6     1547     1076     2018 17.2 11.9 22.5     1089      724     1454 16.6 11.0 22.2  57488  53233  61743                                        Allegany County                               NY est23all.txt 27NOV2024
36   5   367107   349086   385128 27.7 26.3 29.1   112212   103306   121118 35.5 32.7 38.3    79742    72665    86819 34.4 31.4 37.4  46894  44971  48817                                        Bronx County                                  NY est23all.txt 27NOV2024
36   7    30765    27269    34261 16.8 14.9 18.7     7160     5630     8690 19.8 15.6 24.0     4668     3409     5927 17.3 12.6 22.0  63590  60339  66841                                        Broome County                                 NY est23all.txt 27NOV2024
36   9    13591    12018    15164 18.6 16.5 20.7     4058     3366     4750 25.5 21.2 29.8     2784     2253     3315 23.5 19.0 28.0  55944  51311  60577                                        Cattaraugus County                            NY est23all.txt 27NOV2024
36  11     9522     7973    11071 13.3 11.1 15.5     2446     1864     3028 17.7 13.5 21.9     1767     1311     2223 17.3 12.8 21.8  66431  61515  71347                                        Cayuga County                                 NY est23all.txt 27NOV2024
36  13    20232    17521    22943 16.7 14.5 18.9     5836     4686     6986 23.4 18.8 28.0     3951     3056     4846 21.4 16.6 26.2  56040  51919  60161                                        Chautauqua County                             NY est23all.txt 27NOV2024
36  15    13187    11433    14941 16.9 14.7 19.1     3697     2939     4455 22.3 17.7 26.9     2630     2047     3213 21.4 16.7 26.1  60456  56391  64521                                        Chemung County                                NY est23all.txt 27NOV2024
36  17     6464     5388     7540 14.3 11.9 16.7     1721     1261     2181 18.7 13.7 23.7     1278      918     1638 18.6 13.3 23.9  57407  52559  62255                                        Chenango County                               NY est23all.txt 27NOV2024
36  19    10090     8422    11758 13.7 11.4 16.0     2180     1643     2717 15.8 11.9 19.7     1461     1045     1877 14.2 10.2 18.2  64282  58615  69949                                        Clinton County                                NY est23all.txt 27NOV2024
36  21     8139     7035     9243 13.7 11.8 15.6     1569     1188     1950 17.5 13.2 21.8     1195      910     1480 17.8 13.6 22.0  73112  66342  79882                                        Columbia County                               NY est23all.txt 27NOV2024
36  23     6687     5565     7809 16.0 13.3 18.7     1352      968     1736 16.5 11.8 21.2      921      621     1221 15.2 10.2 20.2  63890  57839  69941                                        Cortland County                               NY est23all.txt 27NOV2024
36  25     6851     5841     7861 16.3 13.9 18.7     1465     1131     1799 21.5 16.6 26.4      951      671     1231 19.1 13.5 24.7  56163  50968  61358                                        Delaware County                               NY est23all.txt 27NOV2024
36  27    22541    18544    26538  8.0  6.6  9.4     4654     3168     6140  8.8  6.0 11.6     3317     2173     4461  8.5  5.6 11.4  96374  92666 100082                                        Dutchess County                               NY est23all.txt 27NOV2024
36  29   130014   120579   139449 14.1 13.1 15.1    33314    28929    37699 17.9 15.5 20.3    24120    20675    27565 17.5 15.0 20.0  70443  68548  72338                                        Erie County                                   NY est23all.txt 27NOV2024
36  31     4587     3826     5348 13.0 10.8 15.2      882      643     1121 16.5 12.0 21.0      621      429      813 15.9 11.0 20.8  70902  65783  76021                                        Essex County                                  NY est23all.txt 27NOV2024
36  33     6371     5222     7520 14.6 12.0 17.2     1680     1193     2167 18.5 13.1 23.9     1155      784     1526 17.1 11.6 22.6  63624  58200  69048                                        Franklin County                               NY est23all.txt 27NOV2024
36  35     7197     5840     8554 14.0 11.4 16.6     2034     1490     2578 20.2 14.8 25.6     1491     1079     1903 19.9 14.4 25.4  63409  57621  69197                                        Fulton County                                 NY est23all.txt 27NOV2024
36  37     5844     4699     6989 10.4  8.4 12.4     1605     1170     2040 14.1 10.3 17.9     1087      749     1425 12.8  8.8 16.8  71749  65385  78113                                        Genesee County                                NY est23all.txt 27NOV2024
36  39     6098     4979     7217 13.5 11.0 16.0     1365     1008     1722 18.8 13.9 23.7     1018      740     1296 19.6 14.3 24.9  70789  63562  78016                                        Greene County                                 NY est23all.txt 27NOV2024
36  41      534      425      643 10.6  8.4 12.8       85       59      111 13.9  9.6 18.2       59       40       78 12.3  8.3 16.3  68529  62239  74819                                        Hamilton County                               NY est23all.txt 27NOV2024
36  43     8219     6877     9561 14.1 11.8 16.4     1963     1410     2516 16.6 11.9 21.3     1392      978     1806 15.7 11.0 20.4  63771  58566  68976                                        Herkimer County                               NY est23all.txt 27NOV2024
36  45    14427    12142    16712 13.3 11.2 15.4     5058     3991     6125 18.8 14.8 22.8     3334     2524     4144 18.0 13.6 22.4  61664  58333  64995                                        Jefferson County                              NY est23all.txt 27NOV2024
36  47   482728   457890   507566 19.1 18.1 20.1   145353   133178   157528 26.7 24.5 28.9   104757    94880   114634 26.7 24.2 29.2  76353  74919  77787                                        Kings County                                  NY est23all.txt 27NOV2024
36  49     2885     2253     3517 11.0  8.6 13.4      897      619     1175 15.3 10.6 20.0      649      440      858 15.0 10.2 19.8  64941  60143  69739                                        Lewis County                                  NY est23all.txt 27NOV2024
36  51     6447     5194     7700 11.3  9.1 13.5     1280      873     1687 12.2  8.3 16.1      889      575     1203 11.4  7.4 15.4  70185  64778  75592                                        Livingston County                             NY est23all.txt 27NOV2024
36  53     6838     5930     7746 11.0  9.5 12.5     1552     1159     1945 13.0  9.7 16.3     1121      813     1429 12.5  9.1 15.9  73680  69604  77756                                        Madison County                                NY est23all.txt 27NOV2024
36  55    95055    87567   102543 13.1 12.1 14.1    26138    22419    29857 17.7 15.2 20.2    17694    14871    20517 16.1 13.5 18.7  73263  70727  75799                                        Monroe County                                 NY est23all.txt 27NOV2024
36  57     7647     6423     8871 15.8 13.3 18.3     2535     1901     3169 22.8 17.1 28.5     1695     1184     2206 20.9 14.6 27.2  61463  55259  67667                                        Montgomery County                             NY est23all.txt 27NOV2024
36  59    79360    67856    90864  5.8  5.0  6.6    18205    13409    23001  6.3  4.6  8.0    13206     9600    16812  6.0  4.4  7.6 140466 137628 143304                                        Nassau County                                 NY est23all.txt 27NOV2024
36  61   255002   237143   272861 16.5 15.3 17.7    42410    35352    49468 20.1 16.8 23.4    30395    24914    35876 20.2 16.6 23.8 100869  98464 103274                                        New York County                               NY est23all.txt 27NOV2024
36  63    28300    24506    32094 13.8 12.0 15.6     8104     6583     9625 20.0 16.2 23.8     5531     4358     6704 18.3 14.4 22.2  65932  61791  70073                                        Niagara County                                NY est23all.txt 27NOV2024
36  65    34084    29762    38406 15.7 13.7 17.7     9274     7141    11407 19.6 15.1 24.1     6475     4874     8076 18.5 13.9 23.1  61566  58135  64997                                        Oneida County                                 NY est23all.txt 27NOV2024
36  67    61032    54745    67319 13.6 12.2 15.0    18269    15708    20830 19.2 16.5 21.9    12867    10824    14910 18.3 15.4 21.2  74388  70877  77899                                        Onondaga County                               NY est23all.txt 27NOV2024
36  69     9019     7427    10611  8.2  6.7  9.7     2106     1415     2797 10.1  6.8 13.4     1467      930     2004  9.3  5.9 12.7  79364  74115  84613                                        Ontario County                                NY est23all.txt 27NOV2024
36  71    50244    43500    56988 12.7 11.0 14.4    19503    16091    22915 19.1 15.8 22.4    13298    10555    16041 17.7 14.0 21.4  93492  89541  97443                                        Orange County                                 NY est23all.txt 27NOV2024
36  73     4442     3499     5385 11.7  9.2 14.2     1091      720     1462 15.2 10.1 20.3      826      541     1111 15.6 10.2 21.0  65156  59369  70943                                        Orleans County                                NY est23all.txt 27NOV2024
36  75    16742    14355    19129 14.9 12.8 17.0     4425     3344     5506 18.8 14.2 23.4     3255     2433     4077 18.6 13.9 23.3  68613  63879  73347                                        Oswego County                                 NY est23all.txt 27NOV2024
36  77     7501     6157     8845 14.2 11.7 16.7     1607     1210     2004 18.6 14.0 23.2     1068      726     1410 17.3 11.8 22.8  63863  58542  69184                                        Otsego County                                 NY est23all.txt 27NOV2024
36  79     7076     5907     8245  7.3  6.1  8.5     1325      953     1697  7.1  5.1  9.1      963      674     1252  6.9  4.8  9.0 120930 113209 128651                                        Putnam County                                 NY est23all.txt 27NOV2024
36  81   307761   285286   330236 13.8 12.8 14.8    74199    64249    84149 17.6 15.2 20.0    52370    44572    60168 17.0 14.5 19.5  81399  79950  82848                                        Queens County                                 NY est23all.txt 27NOV2024
36  83    18884    16390    21378 12.4 10.8 14.0     4736     3695     5777 16.3 12.7 19.9     3258     2466     4050 15.1 11.4 18.8  82846  78614  87078                                        Rensselaer County                             NY est23all.txt 27NOV2024
36  85    63638    56852    70424 13.1 11.7 14.5    18039    15289    20789 17.5 14.8 20.2    13837    11566    16108 17.6 14.7 20.5  93337  88441  98233                                        Richmond County                               NY est23all.txt 27NOV2024
36  87    50990    45599    56381 15.2 13.6 16.8    23099    19897    26301 23.1 19.9 26.3    15802    13206    18398 22.4 18.7 26.1 105923 101817 110029                                        Rockland County                               NY est23all.txt 27NOV2024
36  89    18406    16131    20681 19.0 16.7 21.3     4392     3477     5307 21.4 16.9 25.9     3010     2350     3670 19.7 15.4 24.0  57832  53857  61807                                        St. Lawrence County                           NY est23all.txt 27NOV2024
36  91    17032    14726    19338  7.2  6.2  8.2     3654     2784     4524  8.3  6.3 10.3     2620     1920     3320  7.9  5.8 10.0  94394  90989  97799                                        Saratoga County                               NY est23all.txt 27NOV2024
36  93    21629    18744    24514 14.0 12.1 15.9     6231     4900     7562 18.7 14.7 22.7     4614     3652     5576 19.0 15.0 23.0  74791  71818  77764                                        Schenectady County                            NY est23all.txt 27NOV2024
36  95     3871     3262     4480 13.5 11.4 15.6      835      585     1085 16.5 11.6 21.4      608      410      806 16.3 11.0 21.6  63768  57255  70281                                        Schoharie County                              NY est23all.txt 27NOV2024
36  97     2311     1871     2751 13.3 10.8 15.8      607      423      791 18.9 13.2 24.6      444      305      583 18.9 13.0 24.8  65210  58779  71641                                        Schuyler County                               NY est23all.txt 27NOV2024
36  99     4394     3562     5226 14.1 11.4 16.8     1368     1020     1716 21.0 15.7 26.3     1030      764     1296 21.7 16.1 27.3  58581  53443  63719                                        Seneca County                                 NY est23all.txt 27NOV2024
36 101    12857    11107    14607 14.2 12.3 16.1     3660     2839     4481 19.1 14.8 23.4     2684     2040     3328 19.0 14.4 23.6  64261  60231  68291                                        Steuben County                                NY est23all.txt 27NOV2024
36 103   104291    93812   114770  7.0  6.3  7.7    26305    21498    31112  8.6  7.0 10.2    17651    13642    21660  7.8  6.0  9.6 123219 120557 125881                                        Suffolk County                                NY est23all.txt 27NOV2024
36 105    11112     9038    13186 14.5 11.8 17.2     3445     2307     4583 20.6 13.8 27.4     2463     1586     3340 20.9 13.5 28.3  68063  61869  74257                                        Sullivan County                               NY est23all.txt 27NOV2024
36 107     6271     5284     7258 13.3 11.2 15.4     1690     1299     2081 18.0 13.8 22.2     1132      830     1434 16.0 11.7 20.3  67616  60413  74819                                        Tioga County                                  NY est23all.txt 27NOV2024
36 109    14034    12010    16058 15.7 13.4 18.0     1743     1188     2298 12.5  8.5 16.5     1155      726     1584 11.0  6.9 15.1  68222  63251  73193                                        Tompkins County                               NY est23all.txt 27NOV2024
36 111    22116    19244    24988 12.7 11.1 14.3     3861     2690     5032 13.0  9.1 16.9     2725     1808     3642 12.5  8.3 16.7  84593  80869  88317                                        Ulster County                                 NY est23all.txt 27NOV2024
36 113     6794     5572     8016 10.5  8.6 12.4     1655     1195     2115 15.0 10.8 19.2     1205      837     1573 14.5 10.1 18.9  73115  68465  77765                                        Warren County                                 NY est23all.txt 27NOV2024
36 115     6626     5395     7857 11.5  9.4 13.6     1656     1196     2116 15.5 11.2 19.8     1192      825     1559 15.1 10.4 19.8  71396  67409  75383                                        Washington County                             NY est23all.txt 27NOV2024
36 117     9922     8303    11541 11.0  9.2 12.8     2637     1999     3275 14.3 10.8 17.8     1644     1121     2167 12.0  8.2 15.8  73028  67541  78515                                        Wayne County                                  NY est23all.txt 27NOV2024
36 119    90348    80553   100143  9.3  8.3 10.3    22565    18513    26617 11.1  9.1 13.1    16408    13476    19340 10.8  8.9 12.7 114020 110051 117989                                        Westchester County                            NY est23all.txt 27NOV2024
36 121     3878     3133     4623 10.6  8.6 12.6      934      669     1199 13.2  9.5 16.9      671      467      875 12.8  8.9 16.7  70775  66697  74853                                        Wyoming County                                NY est23all.txt 27NOV2024
36 123     2870     2211     3529 12.3  9.5 15.1      989      679     1299 18.3 12.6 24.0      691      460      922 18.6 12.4 24.8  66155  59725  72585                                        Yates County                                  NY est23all.txt 27NOV2024
37   0  1351818  1325459  1378177 12.8 12.6 13.0   403041   388602   417480 17.5 16.9 18.1   287984   274735   301233 16.9 16.1 17.7  70838  70296  71380  108394  102807  113981 18.4 17.5 19.3 North Carolina                                NC est23all.txt 27NOV2024
37   1    21677    18026    25328 12.5 10.4 14.6     6186     4527     7845 16.0 11.7 20.3     4142     2919     5365 14.4 10.2 18.6  66395  61352  71438                                        Alamance County                               NC est23all.txt 27NOV2024
37   3     4350     3429     5271 12.4  9.8 15.0     1217      896     1538 17.4 12.8 22.0      891      653     1129 17.0 12.5 21.5  62976  55572  70380                                        Alexander County                              NC est23all.txt 27NOV2024
37   5     1823     1414     2232 16.3 12.7 19.9      462      320      604 24.5 17.0 32.0      333      225      441 24.0 16.2 31.8  46571  42569  50573                                        Alleghany County                              NC est23all.txt 27NOV2024
37   7     4859     3998     5720 24.1 19.8 28.4     1425     1054     1796 33.0 24.4 41.6     1016      721     1311 32.8 23.3 42.3  50503  46149  54857                                        Anson County                                  NC est23all.txt 27NOV2024
37   9     4088     3276     4900 15.3 12.3 18.3      961      664     1258 22.0 15.2 28.8      678      454      902 20.4 13.7 27.1  54589  49640  59538                                        Ashe County                                   NC est23all.txt 27NOV2024
37  11     2469     1897     3041 15.9 12.2 19.6      550      385      715 22.1 15.5 28.7      397      274      520 21.5 14.8 28.2  55922  48931  62913                                        Avery County                                  NC est23all.txt 27NOV2024
37  13     8530     7217     9843 19.3 16.3 22.3     2561     2033     3089 30.5 24.2 36.8     1874     1444     2304 29.6 22.8 36.4  55960  51076  60844                                        Beaufort County                               NC est23all.txt 27NOV2024
37  15     3790     2948     4632 24.3 18.9 29.7      924      650     1198 33.5 23.6 43.4      700      484      916 33.7 23.3 44.1  44371  39251  49491                                        Bertie County                                 NC est23all.txt 27NOV2024
37  17     5619     4499     6739 19.3 15.5 23.1     1739     1275     2203 29.1 21.3 36.9     1348      988     1708 31.2 22.9 39.5  49661  44040  55282                                        Bladen County                                 NC est23all.txt 27NOV2024
37  19    16424    13930    18918 10.3  8.7 11.9     3629     2595     4663 16.8 12.0 21.6     2571     1773     3369 16.1 11.1 21.1  76797  72225  81369                                        Brunswick County                              NC est23all.txt 27NOV2024
37  21    34611    29756    39466 12.9 11.1 14.7     7741     5922     9560 16.4 12.6 20.2     5703     4327     7079 16.2 12.3 20.1  71218  66233  76203                                        Buncombe County                               NC est23all.txt 27NOV2024
37  23    13667    11672    15662 15.9 13.6 18.2     3792     3125     4459 24.4 20.1 28.7     2753     2227     3279 24.1 19.5 28.7  55616  51039  60193                                        Burke County                                  NC est23all.txt 27NOV2024
37  25    21730    18254    25206  9.1  7.6 10.6     7276     5642     8910 12.4  9.6 15.2     4899     3647     6151 11.0  8.2 13.8  85540  79675  91405                                        Cabarrus County                               NC est23all.txt 27NOV2024
37  27    10843     8807    12879 13.6 11.0 16.2     2799     2016     3582 18.1 13.0 23.2     1919     1286     2552 16.6 11.1 22.1  56239  53288  59190                                        Caldwell County                               NC est23all.txt 27NOV2024
37  29      892      695     1089  8.0  6.2  9.8      210      148      272  8.5  6.0 11.0      148      101      195  7.6  5.2 10.0  84656  74718  94594                                        Camden County                                 NC est23all.txt 27NOV2024
37  31     7295     5945     8645 10.6  8.6 12.6     1635     1094     2176 14.4  9.6 19.2     1195      777     1613 13.4  8.7 18.1  76397  71137  81657                                        Carteret County                               NC est23all.txt 27NOV2024
37  33     3564     2748     4380 16.5 12.7 20.3      972      675     1269 23.3 16.2 30.4      696      470      922 22.4 15.1 29.7  57865  51422  64308                                        Caswell County                                NC est23all.txt 27NOV2024
37  35    19276    16246    22306 11.9 10.0 13.8     5391     4042     6740 15.6 11.7 19.5     3598     2545     4651 13.8  9.8 17.8  65898  60308  71488                                        Catawba County                                NC est23all.txt 27NOV2024
37  37     6776     5367     8185  8.4  6.7 10.1     1780     1325     2235 11.7  8.7 14.7     1206      846     1566 10.3  7.2 13.4  95716  87434 103998                                        Chatham County                                NC est23all.txt 27NOV2024
37  39     4327     3354     5300 14.6 11.3 17.9     1147      795     1499 24.5 17.0 32.0      790      524     1056 22.9 15.2 30.6  53926  47904  59948                                        Cherokee County                               NC est23all.txt 27NOV2024
37  41     2063     1546     2580 15.1 11.3 18.9      671      462      880 24.6 16.9 32.3      491      329      653 24.1 16.1 32.1  60808  54553  67063                                        Chowan County                                 NC est23all.txt 27NOV2024
37  43     1422     1069     1775 12.1  9.1 15.1      390      268      512 22.2 15.3 29.1      271      179      363 20.4 13.5 27.3  53229  48163  58295                                        Clay County                                   NC est23all.txt 27NOV2024
37  45    17051    14619    19483 17.2 14.8 19.6     5745     4578     6912 26.0 20.7 31.3     4246     3376     5116 26.0 20.7 31.3  61411  57636  65186                                        Cleveland County                              NC est23all.txt 27NOV2024
37  47     9573     7619    11527 20.1 16.0 24.2     3067     2274     3860 30.2 22.4 38.0     2306     1677     2935 31.0 22.5 39.5  50837  46717  54957                                        Columbus County                               NC est23all.txt 27NOV2024
37  49    15338    13173    17503 15.5 13.3 17.7     5357     4488     6226 25.1 21.0 29.2     3909     3240     4578 25.3 21.0 29.6  61761  55665  67857                                        Craven County                                 NC est23all.txt 27NOV2024
37  51    49047    44050    54044 15.3 13.7 16.9    18431    15673    21189 22.0 18.7 25.3    12944    10833    15055 21.8 18.2 25.4  61511  59642  63380                                        Cumberland County                             NC est23all.txt 27NOV2024
37  53     2442     1868     3016  7.8  6.0  9.6      724      497      951 10.5  7.2 13.8      519      347      691  9.9  6.6 13.2  86047  77668  94426                                        Currituck County                              NC est23all.txt 27NOV2024
37  55     3354     2613     4095  8.9  6.9 10.9      864      611     1117 13.3  9.4 17.2      628      435      821 12.6  8.7 16.5  79646  70827  88465                                        Dare County                                   NC est23all.txt 27NOV2024
37  57    24163    20716    27610 14.0 12.0 16.0     7792     6413     9171 21.2 17.4 25.0     5346     4295     6397 19.4 15.6 23.2  63551  60389  66713                                        Davidson County                               NC est23all.txt 27NOV2024
37  59     4292     3324     5260  9.7  7.5 11.9     1255      900     1610 13.9 10.0 17.8      915      647     1183 13.3  9.4 17.2  76153  70575  81731                                        Davie County                                  NC est23all.txt 27NOV2024
37  61     9688     8240    11136 19.8 16.8 22.8     3118     2409     3827 26.8 20.7 32.9     2378     1822     2934 28.5 21.8 35.2  52947  47133  58761                                        Duplin County                                 NC est23all.txt 27NOV2024
37  63    33994    29047    38941 10.6  9.1 12.1     9720     7456    11984 15.1 11.6 18.6     6896     5193     8599 15.4 11.6 19.2  81413  77106  85720                                        Durham County                                 NC est23all.txt 27NOV2024
37  65    10936     8914    12958 22.6 18.4 26.8     4267     3363     5171 39.0 30.7 47.3     3215     2543     3887 39.8 31.5 48.1  49972  46145  53799                                        Edgecombe County                              NC est23all.txt 27NOV2024
37  67    56249    49640    62858 14.8 13.1 16.5    20129    17295    22963 23.2 19.9 26.5    13396    11110    15682 20.7 17.2 24.2  65556  62740  68372                                        Forsyth County                                NC est23all.txt 27NOV2024
37  69     8531     6753    10309 11.3  8.9 13.7     2459     1718     3200 15.0 10.5 19.5     1714     1156     2272 14.1  9.5 18.7  70898  66947  74849                                        Franklin County                               NC est23all.txt 27NOV2024
37  71    31513    27555    35471 13.5 11.8 15.2     9561     7564    11558 18.5 14.6 22.4     6876     5391     8361 17.9 14.0 21.8  67076  63626  70526                                        Gaston County                                 NC est23all.txt 27NOV2024
37  73     1431     1081     1781 14.0 10.6 17.4      379      263      495 19.5 13.5 25.5      277      187      367 18.7 12.7 24.7  64047  56583  71511                                        Gates County                                  NC est23all.txt 27NOV2024
37  75     1344     1033     1655 16.9 13.0 20.8      348      242      454 23.3 16.2 30.4      256      174      338 24.2 16.4 32.0  51841  46089  57593                                        Graham County                                 NC est23all.txt 27NOV2024
37  77     6722     5335     8109 11.4  9.0 13.8     1944     1368     2520 15.8 11.1 20.5     1365      928     1802 14.9 10.1 19.7  72896  65257  80535                                        Granville County                              NC est23all.txt 27NOV2024
37  79     3786     2905     4667 22.0 16.9 27.1     1124      804     1444 29.7 21.2 38.2      805      549     1061 28.7 19.6 37.8  52145  47074  57216                                        Greene County                                 NC est23all.txt 27NOV2024
37  81    77550    69485    85615 14.8 13.3 16.3    24258    20578    27938 20.6 17.5 23.7    17217    14391    20043 19.5 16.3 22.7  65890  62850  68930                                        Guilford County                               NC est23all.txt 27NOV2024
37  83    11743     9892    13594 25.5 21.5 29.5     4139     3379     4899 41.6 34.0 49.2     3084     2498     3670 41.6 33.7 49.5  48520  44046  52994                                        Halifax County                                NC est23all.txt 27NOV2024
37  85    18972    15927    22017 13.7 11.5 15.9     6442     5143     7741 18.3 14.6 22.0     4505     3463     5547 17.7 13.6 21.8  70074  66563  73585                                        Harnett County                                NC est23all.txt 27NOV2024
37  87     6869     5412     8326 11.0  8.7 13.3     1844     1250     2438 17.3 11.7 22.9     1307      857     1757 16.2 10.6 21.8  64553  58881  70225                                        Haywood County                                NC est23all.txt 27NOV2024
37  89    12460    10096    14824 10.6  8.6 12.6     3321     2473     4169 15.5 11.6 19.4     2424     1789     3059 14.9 11.0 18.8  63765  59438  68092                                        Henderson County                              NC est23all.txt 27NOV2024
37  91     4091     3307     4875 22.7 18.4 27.0     1171      878     1464 32.0 24.0 40.0      876      641     1111 31.6 23.1 40.1  48964  44282  53646                                        Hertford County                               NC est23all.txt 27NOV2024
37  93     9977     8726    11228 18.5 16.2 20.8     3466     2785     4147 24.3 19.5 29.1     2529     2018     3040 25.3 20.2 30.4  60257  54063  66451                                        Hoke County                                   NC est23all.txt 27NOV2024
37  95      905      715     1095 23.3 18.4 28.2      209      153      265 31.2 22.9 39.5      164      119      209 32.4 23.5 41.3  49781  43257  56305                                        Hyde County                                   NC est23all.txt 27NOV2024
37  97    18197    15072    21322  9.2  7.6 10.8     5163     3877     6449 11.9  8.9 14.9     3482     2488     4476 10.6  7.6 13.6  84335  78992  89678                                        Iredell County                                NC est23all.txt 27NOV2024
37  99     6787     5478     8096 17.0 13.7 20.3     1527     1145     1909 21.3 16.0 26.6     1075      793     1357 20.0 14.8 25.2  55462  49671  61253                                        Jackson County                                NC est23all.txt 27NOV2024
37 101    25952    21619    30285 10.8  9.0 12.6     8249     6418    10080 14.1 11.0 17.2     6174     4783     7565 14.0 10.9 17.1  79666  75603  83729                                        Johnston County                               NC est23all.txt 27NOV2024
37 103     1777     1418     2136 19.1 15.2 23.0      520      376      664 30.3 21.9 38.7      353      239      467 27.8 18.9 36.7  53001  46772  59230                                        Jones County                                  NC est23all.txt 27NOV2024
37 105     9690     8001    11379 14.7 12.1 17.3     3511     2790     4232 22.9 18.2 27.6     2684     2157     3211 23.7 19.0 28.4  62680  57230  68130                                        Lee County                                    NC est23all.txt 27NOV2024
37 107    12425    10857    13993 23.1 20.2 26.0     3906     3089     4723 32.0 25.3 38.7     2733     2088     3378 30.6 23.4 37.8  51601  45620  57582                                        Lenoir County                                 NC est23all.txt 27NOV2024
37 109    10126     8304    11948 10.7  8.8 12.6     2531     1840     3222 13.2  9.6 16.8     1911     1381     2441 13.4  9.7 17.1  79109  72644  85574                                        Lincoln County                                NC est23all.txt 27NOV2024
37 111     6575     5236     7914 15.1 12.0 18.2     1695     1190     2200 20.1 14.1 26.1     1219      832     1606 19.2 13.1 25.3  53697  48401  58993                                        McDowell County                               NC est23all.txt 27NOV2024
37 113     5155     4057     6253 13.5 10.6 16.4     1400      989     1811 20.5 14.5 26.5      938      642     1234 18.5 12.7 24.3  58765  53262  64268                                        Macon County                                  NC est23all.txt 27NOV2024
37 115     2896     2239     3553 13.8 10.7 16.9      725      502      948 20.0 13.9 26.1      503      336      670 18.5 12.4 24.6  59505  53909  65101                                        Madison County                                NC est23all.txt 27NOV2024
37 117     4173     3198     5148 19.7 15.1 24.3     1308      924     1692 30.8 21.8 39.8      920      617     1223 29.0 19.4 38.6  49033  43489  54577                                        Martin County                                 NC est23all.txt 27NOV2024
37 119   116447   104985   127909 10.2  9.2 11.2    36638    31125    42151 14.2 12.1 16.3    26076    21794    30358 14.0 11.7 16.3  84796  82639  86953                                        Mecklenburg County                            NC est23all.txt 27NOV2024
37 121     2203     1713     2693 14.8 11.5 18.1      531      365      697 19.8 13.6 26.0      373      244      502 18.4 12.0 24.8  56746  50151  63341                                        Mitchell County                               NC est23all.txt 27NOV2024
37 123     3955     3111     4799 15.6 12.3 18.9     1116      763     1469 21.2 14.5 27.9      809      531     1087 20.4 13.4 27.4  55005  49236  60774                                        Montgomery County                             NC est23all.txt 27NOV2024
37 125    11128     9194    13062 10.5  8.7 12.3     2867     2063     3671 12.6  9.1 16.1     1992     1358     2626 11.8  8.0 15.6  78955  72867  85043                                        Moore County                                  NC est23all.txt 27NOV2024
37 127    13647    10876    16418 14.4 11.5 17.3     4441     3225     5657 21.3 15.5 27.1     3157     2225     4089 20.4 14.4 26.4  65457  62270  68644                                        Nash County                                   NC est23all.txt 27NOV2024
37 129    28150    24595    31705 12.1 10.6 13.6     6353     4829     7877 15.5 11.8 19.2     4394     3228     5560 14.4 10.6 18.2  79106  75209  83003                                        New Hanover County                            NC est23all.txt 27NOV2024
37 131     3395     2649     4141 20.7 16.1 25.3      928      645     1211 31.8 22.1 41.5      692      463      921 32.0 21.4 42.6  44182  39866  48498                                        Northampton County                            NC est23all.txt 27NOV2024
37 133    23393    19590    27196 12.4 10.4 14.4     8407     6672    10142 16.2 12.9 19.5     6099     4813     7385 17.3 13.6 21.0  66982  63782  70182                                        Onslow County                                 NC est23all.txt 27NOV2024
37 135    16388    13971    18805 11.7 10.0 13.4     2225     1473     2977  8.2  5.4 11.0     1649     1077     2221  7.7  5.0 10.4  86736  80645  92827                                        Orange County                                 NC est23all.txt 27NOV2024
37 137     1767     1352     2182 15.0 11.5 18.5      432      300      564 25.4 17.6 33.2      323      218      428 25.6 17.3 33.9  61996  54729  69263                                        Pamlico County                                NC est23all.txt 27NOV2024
37 139     6014     4601     7427 15.5 11.9 19.1     1972     1345     2599 23.2 15.8 30.6     1412      939     1885 23.0 15.3 30.7  59463  53600  65326                                        Pasquotank County                             NC est23all.txt 27NOV2024
37 141     7618     6141     9095 11.4  9.2 13.6     2174     1589     2759 14.4 10.5 18.3     1574     1112     2036 13.8  9.8 17.8  72161  66294  78028                                        Pender County                                 NC est23all.txt 27NOV2024
37 143     2000     1561     2439 15.1 11.8 18.4      596      417      775 24.8 17.4 32.2      448      303      593 24.4 16.5 32.3  61157  53824  68490                                        Perquimans County                             NC est23all.txt 27NOV2024
37 145     5646     4539     6753 14.3 11.5 17.1     1551     1091     2011 19.2 13.5 24.9     1118      761     1475 18.8 12.8 24.8  64466  58026  70906                                        Person County                                 NC est23all.txt 27NOV2024
37 147    32930    29079    36781 19.4 17.1 21.7     8514     6724    10304 23.2 18.3 28.1     6479     5091     7867 24.0 18.8 29.2  60268  56342  64194                                        Pitt County                                   NC est23all.txt 27NOV2024
37 149     2519     1992     3046 12.8 10.1 15.5      595      425      765 19.8 14.1 25.5      438      300      576 19.2 13.2 25.2  59012  52085  65939                                        Polk County                                   NC est23all.txt 27NOV2024
37 151    22642    19769    25515 15.5 13.5 17.5     6607     5324     7890 20.6 16.6 24.6     4500     3489     5511 18.6 14.4 22.8  59336  53777  64895                                        Randolph County                               NC est23all.txt 27NOV2024
37 153     9314     7534    11094 22.6 18.3 26.9     3028     2188     3868 31.0 22.4 39.6     2166     1523     2809 30.3 21.3 39.3  50242  45097  55387                                        Richmond County                               NC est23all.txt 27NOV2024
37 155    31430    28823    34037 27.7 25.4 30.0    11354    10065    12643 37.9 33.6 42.2     8155     7141     9169 37.9 33.2 42.6  42180  39418  44942                                        Robeson County                                NC est23all.txt 27NOV2024
37 157    12424    10130    14718 13.6 11.1 16.1     3415     2366     4464 18.6 12.9 24.3     2498     1704     3292 18.2 12.4 24.0  58508  52797  64219                                        Rockingham County                             NC est23all.txt 27NOV2024
37 159    21559    18138    24980 14.6 12.3 16.9     6767     5189     8345 20.7 15.9 25.5     4713     3502     5924 19.3 14.3 24.3  65139  59957  70321                                        Rowan County                                  NC est23all.txt 27NOV2024
37 161     9750     7923    11577 15.2 12.4 18.0     2603     1830     3376 20.3 14.3 26.3     1896     1283     2509 19.9 13.5 26.3  50714  45945  55483                                        Rutherford County                             NC est23all.txt 27NOV2024
37 163    10830     8915    12745 18.5 15.2 21.8     3744     2837     4651 26.0 19.7 32.3     2684     1958     3410 25.4 18.5 32.3  53637  48182  59092                                        Sampson County                                NC est23all.txt 27NOV2024
37 165     8813     7630     9996 28.6 24.8 32.4     3303     2788     3818 42.9 36.2 49.6     2439     2023     2855 42.7 35.4 50.0  45604  40563  50645                                        Scotland County                               NC est23all.txt 27NOV2024
37 167     7062     5669     8455 11.0  8.8 13.2     2034     1431     2637 14.5 10.2 18.8     1386      915     1857 13.3  8.8 17.8  65784  59328  72240                                        Stanly County                                 NC est23all.txt 27NOV2024
37 169     4721     3614     5828 10.5  8.0 13.0     1264      854     1674 15.2 10.3 20.1      925      609     1241 14.8  9.8 19.8  61374  57056  65692                                        Stokes County                                 NC est23all.txt 27NOV2024
37 171     9804     8119    11489 13.9 11.5 16.3     2402     1623     3181 16.3 11.0 21.6     1676     1067     2285 15.2  9.7 20.7  58211  52624  63798                                        Surry County                                  NC est23all.txt 27NOV2024
37 173     2125     1743     2507 15.6 12.8 18.4      684      514      854 23.3 17.5 29.1      500      368      632 23.3 17.2 29.4  54357  47699  61015                                        Swain County                                  NC est23all.txt 27NOV2024
37 175     4104     3319     4889 12.5 10.1 14.9      937      674     1200 18.4 13.2 23.6      681      482      880 17.9 12.7 23.1  62002  56438  67566                                        Transylvania County                           NC est23all.txt 27NOV2024
37 177      693      532      854 21.4 16.4 26.4      203      143      263 29.9 21.1 38.7      153      105      201 30.6 21.0 40.2  46072  40048  52096                                        Tyrrell County                                NC est23all.txt 27NOV2024
37 179    21166    17934    24398  8.4  7.1  9.7     6520     5177     7863 10.2  8.1 12.3     4448     3401     5495  8.8  6.7 10.9  98776  94150 103402                                        Union County                                  NC est23all.txt 27NOV2024
37 181     9705     8029    11381 23.2 19.2 27.2     3667     2891     4443 36.7 28.9 44.5     2741     2156     3326 38.0 29.9 46.1  45408  40481  50335                                        Vance County                                  NC est23all.txt 27NOV2024
37 183    85051    75766    94336  7.2  6.4  8.0    21801    17530    26072  8.2  6.6  9.8    16213    12933    19493  8.1  6.5  9.7 103084 100188 105980                                        Wake County                                   NC est23all.txt 27NOV2024
37 185     3655     2848     4462 20.3 15.8 24.8     1004      709     1299 30.6 21.6 39.6      742      510      974 30.1 20.7 39.5  47866  43591  52141                                        Warren County                                 NC est23all.txt 27NOV2024
37 187     2382     1902     2862 22.6 18.0 27.2      742      513      971 35.8 24.7 46.9      549      366      732 35.8 23.8 47.8  47239  42014  52464                                        Washington County                             NC est23all.txt 27NOV2024
37 189     8796     7579    10013 18.6 16.0 21.2      806      574     1038 12.3  8.7 15.9      585      407      763 11.6  8.1 15.1  62045  54705  69385                                        Watauga County                                NC est23all.txt 27NOV2024
37 191    19717    17008    22426 17.1 14.7 19.5     6194     4929     7459 22.2 17.7 26.7     4668     3634     5702 23.1 18.0 28.2  56313  51654  60972                                        Wayne County                                  NC est23all.txt 27NOV2024
37 193    10555     8890    12220 16.3 13.7 18.9     2634     1969     3299 20.7 15.5 25.9     1924     1421     2427 20.4 15.1 25.7  50848  46248  55448                                        Wilkes County                                 NC est23all.txt 27NOV2024
37 195    14670    12356    16984 18.8 15.8 21.8     4786     3698     5874 27.0 20.9 33.1     3531     2685     4377 26.8 20.4 33.2  52620  48736  56504                                        Wilson County                                 NC est23all.txt 27NOV2024
37 197     4800     3842     5758 12.9 10.3 15.5     1348      973     1723 17.8 12.9 22.7      942      652     1232 16.7 11.6 21.8  61626  55949  67303                                        Yadkin County                                 NC est23all.txt 27NOV2024
37 199     2984     2351     3617 15.9 12.5 19.3      727      506      948 22.0 15.3 28.7      528      360      696 22.0 15.0 29.0  54913  48174  61652                                        Yancey County                                 NC est23all.txt 27NOV2024
38   0    75483    71409    79557 10.0  9.5 10.5    18256    16126    20386 10.1  8.9 11.3    12405    10468    14342  9.4  7.9 10.9  77346  75613  79079    4979    4091    5867 10.5  8.6 12.4 North Dakota                                  ND est23all.txt 27NOV2024
38   1      247      190      304 11.8  9.1 14.5       53       34       72 12.8  8.1 17.5       38       23       53 12.5  7.4 17.6  58192  50575  65809                                        Adams County                                  ND est23all.txt 27NOV2024
38   3     1168      922     1414 11.5  9.1 13.9      233      150      316 11.2  7.2 15.2      161       98      224 10.0  6.1 13.9  70559  61806  79312                                        Barnes County                                 ND est23all.txt 27NOV2024
38   5     1283      988     1578 22.7 17.5 27.9      534      340      728 28.3 18.0 38.6      364      221      507 27.0 16.4 37.6  60632  54151  67113                                        Benson County                                 ND est23all.txt 27NOV2024
38   7      108       83      133 10.5  8.0 13.0       32       20       44 14.7  9.3 20.1       23       14       32 14.7  8.8 20.6  82565  71593  93537                                        Billings County                               ND est23all.txt 27NOV2024
38   9      659      509      809 10.8  8.4 13.2      160      104      216 11.6  7.6 15.6      107       65      149 10.5  6.4 14.6  74272  64849  83695                                        Bottineau County                              ND est23all.txt 27NOV2024
38  11      267      207      327  9.5  7.4 11.6       75       49      101 10.8  7.0 14.6       55       34       76 10.3  6.3 14.3  68434  60661  76207                                        Bowman County                                 ND est23all.txt 27NOV2024
38  13      192      145      239  9.0  6.8 11.2       49       31       67  9.4  6.0 12.8       35       21       49  8.9  5.3 12.5  79188  74132  84244                                        Burke County                                  ND est23all.txt 27NOV2024
38  15     7402     5999     8805  7.7  6.2  9.2     1638     1083     2193  7.2  4.8  9.6     1118      709     1527  6.5  4.1  8.9  86521  78458  94584                                        Burleigh County                               ND est23all.txt 27NOV2024
38  17    18222    15937    20507  9.7  8.5 10.9     3388     2373     4403  8.0  5.6 10.4     2305     1545     3065  7.6  5.1 10.1  75477  70199  80755                                        Cass County                                   ND est23all.txt 27NOV2024
38  19      324      246      402  9.2  7.0 11.4       89       57      121 11.0  7.1 14.9       63       38       88 10.4  6.3 14.5  80749  70550  90948                                        Cavalier County                               ND est23all.txt 27NOV2024
38  21      541      418      664 11.5  8.9 14.1      148       92      204 12.9  8.0 17.8      102       59      145 12.1  7.0 17.2  72643  64707  80579                                        Dickey County                                 ND est23all.txt 27NOV2024
38  23      205      153      257  9.8  7.3 12.3       60       38       82 11.7  7.4 16.0       43       25       61 10.9  6.5 15.3  75310  65802  84818                                        Divide County                                 ND est23all.txt 27NOV2024
38  25      440      335      545 11.2  8.5 13.9      156      100      212 15.3  9.8 20.8      110       67      153 15.1  9.2 21.0  87618  77052  98184                                        Dunn County                                   ND est23all.txt 27NOV2024
38  27      253      194      312 11.5  8.8 14.2       64       40       88 11.2  7.1 15.3       43       26       60 10.2  6.1 14.3  66603  58032  75174                                        Eddy County                                   ND est23all.txt 27NOV2024
38  29      434      334      534 13.7 10.5 16.9       97       62      132 15.0  9.6 20.4       68       41       95 14.2  8.5 19.9  65012  58774  71250                                        Emmons County                                 ND est23all.txt 27NOV2024
38  31      368      314      422 11.4  9.7 13.1       74       47      101 10.0  6.3 13.7       52       31       73  9.2  5.4 13.0  71345  63258  79432                                        Foster County                                 ND est23all.txt 27NOV2024
38  33      199      154      244 11.7  9.1 14.3       46       32       60 15.5 10.7 20.3       30       18       42 14.2  8.5 19.9  59464  53258  65670                                        Golden Valley County                          ND est23all.txt 27NOV2024
38  35     8589     7437     9741 12.5 10.8 14.2     1409      929     1889  9.4  6.2 12.6      951      583     1319  8.7  5.3 12.1  72369  68452  76286                                        Grand Forks County                            ND est23all.txt 27NOV2024
38  37      354      272      436 16.3 12.5 20.1      107       67      147 22.9 14.4 31.4       73       43      103 20.4 12.0 28.8  51827  45234  58420                                        Grant County                                  ND est23all.txt 27NOV2024
38  39      250      192      308 11.6  8.9 14.3       70       45       95 15.6 10.0 21.2       50       30       70 15.1  9.2 21.0  71071  64931  77211                                        Griggs County                                 ND est23all.txt 27NOV2024
38  41      289      218      360 12.7  9.6 15.8       91       58      124 15.8 10.0 21.6       64       38       90 14.5  8.6 20.4  64506  56228  72784                                        Hettinger County                              ND est23all.txt 27NOV2024
38  43      330      253      407 14.2 10.9 17.5       80       51      109 16.1 10.2 22.0       58       34       82 15.2  8.9 21.5  60473  52692  68254                                        Kidder County                                 ND est23all.txt 27NOV2024
38  45      378      282      474  9.4  7.0 11.8       83       52      114  9.5  5.9 13.1       57       33       81  9.1  5.2 13.0  69797  61482  78112                                        LaMoure County                                ND est23all.txt 27NOV2024
38  47      254      197      311 14.1 10.9 17.3       79       50      108 17.8 11.2 24.4       57       33       81 18.0 10.6 25.4  61043  53107  68979                                        Logan County                                  ND est23all.txt 27NOV2024
38  49      624      478      770 12.3  9.4 15.2      179      117      241 14.8  9.7 19.9      128       80      176 13.9  8.7 19.1  68973  60676  77270                                        McHenry County                                ND est23all.txt 27NOV2024
38  51      323      246      400 13.5 10.3 16.7       85       54      116 16.3 10.4 22.2       58       34       82 15.3  9.0 21.6  60218  54691  65745                                        McIntosh County                               ND est23all.txt 27NOV2024
38  53     1141      875     1407  8.1  6.2 10.0      392      254      530  8.9  5.8 12.0      256      152      360  7.9  4.7 11.1  99157  88401 109913                                        McKenzie County                               ND est23all.txt 27NOV2024
38  55      954      749     1159  9.9  7.8 12.0      207      133      281 10.1  6.5 13.7      146       90      202  9.2  5.7 12.7  78277  69694  86860                                        McLean County                                 ND est23all.txt 27NOV2024
38  57      663      509      817  8.1  6.2 10.0      156       98      214  8.2  5.2 11.2      105       62      148  7.3  4.3 10.3  85274  74409  96139                                        Mercer County                                 ND est23all.txt 27NOV2024
38  59     2625     1966     3284  7.9  5.9  9.9      797      507     1087 10.2  6.5 13.9      548      327      769  9.6  5.7 13.5  80159  72132  88186                                        Morton County                                 ND est23all.txt 27NOV2024
38  61     1080      845     1315 11.6  9.1 14.1      395      269      521 14.8 10.1 19.5      284      189      379 15.0 10.0 20.0  73541  64106  82976                                        Mountrail County                              ND est23all.txt 27NOV2024
38  63      281      212      350  9.8  7.4 12.2       50       32       68  8.5  5.4 11.6       34       20       48  7.6  4.5 10.7  69274  60695  77853                                        Nelson County                                 ND est23all.txt 27NOV2024
38  65      202      152      252 10.8  8.1 13.5       65       41       89 15.0  9.5 20.5       47       28       66 14.1  8.4 19.8  81382  71188  91576                                        Oliver County                                 ND est23all.txt 27NOV2024
38  67      580      445      715  8.9  6.8 11.0      115       74      156  8.4  5.4 11.4       79       47      111  7.6  4.5 10.7  75603  67061  84145                                        Pembina County                                ND est23all.txt 27NOV2024
38  69      414      311      517 11.0  8.3 13.7      107       68      146 12.1  7.7 16.5       71       42      100 10.2  6.1 14.3  61222  53438  69006                                        Pierce County                                 ND est23all.txt 27NOV2024
38  71     1366     1072     1660 12.4  9.7 15.1      403      277      529 15.1 10.4 19.8      261      166      356 13.3  8.5 18.1  70084  61628  78540                                        Ramsey County                                 ND est23all.txt 27NOV2024
38  73      502      394      610  9.3  7.3 11.3      128       89      167 10.9  7.6 14.2       81       51      111  9.1  5.7 12.5  78270  69177  87363                                        Ransom County                                 ND est23all.txt 27NOV2024
38  75      186      141      231  8.3  6.3 10.3       42       26       58  8.2  5.2 11.2       29       17       41  7.4  4.3 10.5  74336  66275  82397                                        Renville County                               ND est23all.txt 27NOV2024
38  77     1707     1397     2017 10.9  8.9 12.9      377      288      466 10.9  8.3 13.5      275      213      337 10.6  8.2 13.0  76371  69955  82787                                        Richland County                               ND est23all.txt 27NOV2024
38  79     2716     2202     3230 23.5 19.0 28.0      925      649     1201 24.9 17.5 32.3      602      387      817 21.1 13.6 28.6  56952  49822  64082                                        Rolette County                                ND est23all.txt 27NOV2024
38  81      322      250      394  8.7  6.8 10.6       80       52      108 10.5  6.8 14.2       58       35       81 10.4  6.3 14.5  79053  69853  88253                                        Sargent County                                ND est23all.txt 27NOV2024
38  83      206      156      256 16.5 12.5 20.5       56       36       76 22.9 14.6 31.2       40       24       56 22.1 13.3 30.9  62251  54849  69653                                        Sheridan County                               ND est23all.txt 27NOV2024
38  85     1240      993     1487 34.9 27.9 41.9      477      325      629 39.3 26.8 51.8      306      194      418 33.3 21.1 45.5  46931  40934  52928                                        Sioux County                                  ND est23all.txt 27NOV2024
38  87       96       72      120 14.3 10.7 17.9       30       19       41 24.6 15.6 33.6       22       13       31 22.4 13.2 31.6  56665  49180  64150                                        Slope County                                  ND est23all.txt 27NOV2024
38  89     3103     2471     3735  9.6  7.6 11.6      798      522     1074  9.0  5.9 12.1      538      329      747  8.3  5.1 11.5  82174  74816  89532                                        Stark County                                  ND est23all.txt 27NOV2024
38  91      147      113      181  8.3  6.4 10.2       42       28       56 10.8  7.1 14.5       29       18       40  9.8  6.0 13.6  87300  75845  98755                                        Steele County                                 ND est23all.txt 27NOV2024
38  93     2182     1706     2658 11.0  8.6 13.4      464      296      632 11.0  7.0 15.0      313      188      438 10.0  6.0 14.0  69088  60551  77625                                        Stutsman County                               ND est23all.txt 27NOV2024
38  95      187      139      235  9.4  7.0 11.8       58       37       79 13.2  8.4 18.0       40       24       56 11.7  6.9 16.5  76241  66298  86184                                        Towner County                                 ND est23all.txt 27NOV2024
38  97      631      485      777  8.4  6.5 10.3      126       79      173  7.1  4.4  9.8       91       54      128  6.7  4.0  9.4  82020  72821  91219                                        Traill County                                 ND est23all.txt 27NOV2024
38  99      970      736     1204  9.6  7.3 11.9      281      180      382 11.9  7.6 16.2      192      115      269 10.9  6.5 15.3  80235  73671  86799                                        Walsh County                                  ND est23all.txt 27NOV2024
38 101     4874     3646     6102  7.4  5.5  9.3     1496      952     2040  9.4  6.0 12.8      995      591     1399  8.7  5.2 12.2  71754  64859  78649                                        Ward County                                   ND est23all.txt 27NOV2024
38 103      458      347      569 12.1  9.2 15.0      117       74      160 14.6  9.3 19.9       81       48      114 13.0  7.8 18.2  74681  65706  83656                                        Wells County                                  ND est23all.txt 27NOV2024
38 105     2946     2280     3612  7.7  6.0  9.4      992      642     1342  8.6  5.6 11.6      669      407      931  8.2  5.0 11.4  92537  82364 102710                                        Williams County                               ND est23all.txt 27NOV2024
39   0  1518116  1492381  1543851 13.2 13.0 13.4   441934   425613   458255 17.5 16.9 18.1   310474   295383   325565 16.6 15.8 17.4  67873  67151  68595  119373  112556  126190 18.6 17.5 19.7 Ohio                                          OH est23all.txt 27NOV2024
39   1     5151     4290     6012 19.0 15.8 22.2     1672     1278     2066 25.8 19.7 31.9     1117      801     1433 23.0 16.5 29.5  55693  49685  61701                                        Adams County                                  OH est23all.txt 27NOV2024
39   3    13724    11503    15945 14.1 11.8 16.4     4300     3162     5438 18.6 13.7 23.5     3100     2223     3977 18.3 13.1 23.5  65665  60301  71029                                        Allen County                                  OH est23all.txt 27NOV2024
39   5     6888     5851     7925 13.5 11.5 15.5     2137     1719     2555 18.9 15.2 22.6     1350     1025     1675 16.0 12.1 19.9  66149  60494  71804                                        Ashland County                                OH est23all.txt 27NOV2024
39   7    16603    14269    18937 17.8 15.3 20.3     5739     4772     6706 27.9 23.2 32.6     4095     3342     4848 26.8 21.9 31.7  58152  53812  62492                                        Ashtabula County                              OH est23all.txt 27NOV2024
39   9    13648    11900    15396 25.3 22.1 28.5     1868     1329     2407 21.2 15.1 27.3     1291      888     1694 19.9 13.7 26.1  53616  48618  58614                                        Athens County                                 OH est23all.txt 27NOV2024
39  11     3877     3145     4609  8.5  6.9 10.1     1091      805     1377 10.2  7.5 12.9      698      474      922  8.7  5.9 11.5  73542  67497  79587                                        Auglaize County                               OH est23all.txt 27NOV2024
39  13     9327     7762    10892 15.3 12.7 17.9     2477     1891     3063 21.0 16.0 26.0     1730     1261     2199 19.5 14.2 24.8  56716  51803  61629                                        Belmont County                                OH est23all.txt 27NOV2024
39  15     6498     5406     7590 15.1 12.6 17.6     2186     1708     2664 22.5 17.6 27.4     1548     1181     1915 21.4 16.3 26.5  68289  62390  74188                                        Brown County                                  OH est23all.txt 27NOV2024
39  17    45064    40141    49987 11.9 10.6 13.2    11852     9486    14218 13.3 10.6 16.0     8953     7259    10647 13.4 10.9 15.9  80066  76182  83950                                        Butler County                                 OH est23all.txt 27NOV2024
39  19     3150     2490     3810 11.9  9.4 14.4     1015      755     1275 18.7 13.9 23.5      672      457      887 16.4 11.1 21.7  67044  63289  70799                                        Carroll County                                OH est23all.txt 27NOV2024
39  21     3385     2648     4122  8.8  6.9 10.7     1019      694     1344 12.3  8.4 16.2      801      544     1058 13.1  8.9 17.3  70230  65011  75449                                        Champaign County                              OH est23all.txt 27NOV2024
39  23    19949    17053    22845 15.2 13.0 17.4     6304     4874     7734 21.4 16.6 26.2     4179     3072     5286 19.2 14.1 24.3  58684  55487  61881                                        Clark County                                  OH est23all.txt 27NOV2024
39  25    18649    15322    21976  8.9  7.3 10.5     5115     3831     6399 11.3  8.5 14.1     3439     2435     4443 10.2  7.2 13.2  82143  76490  87796                                        Clermont County                               OH est23all.txt 27NOV2024
39  27     5080     4288     5872 12.5 10.6 14.4     1471     1116     1826 15.9 12.0 19.8      981      682     1280 14.5 10.1 18.9  67813  60358  75268                                        Clinton County                                OH est23all.txt 27NOV2024
39  29    15127    13058    17196 15.7 13.6 17.8     3991     3060     4922 20.3 15.6 25.0     2824     2130     3518 19.3 14.6 24.0  55744  50692  60796                                        Columbiana County                             OH est23all.txt 27NOV2024
39  31     5915     5094     6736 16.2 13.9 18.5     1843     1451     2235 21.5 16.9 26.1     1231      923     1539 19.4 14.5 24.3  57694  53398  61990                                        Coshocton County                              OH est23all.txt 27NOV2024
39  33     5082     4100     6064 12.4 10.0 14.8     1497     1021     1973 17.3 11.8 22.8     1052      701     1403 16.6 11.0 22.2  58982  53736  64228                                        Crawford County                               OH est23all.txt 27NOV2024
39  35   193220   181368   205072 16.0 15.0 17.0    56776    50268    63284 23.0 20.4 25.6    38583    32993    44173 21.2 18.1 24.3  61912  60903  62921                                        Cuyahoga County                               OH est23all.txt 27NOV2024
39  37     4962     4093     5831  9.8  8.1 11.5     1334      920     1748 11.3  7.8 14.8      894      581     1207 10.1  6.5 13.7  67609  61742  73476                                        Darke County                                  OH est23all.txt 27NOV2024
39  39     3332     2579     4085  8.9  6.9 10.9     1089      753     1425 12.9  8.9 16.9      778      523     1033 12.4  8.3 16.5  72241  65717  78765                                        Defiance County                               OH est23all.txt 27NOV2024
39  41    11360     9621    13099  5.0  4.2  5.8     3055     2482     3628  5.5  4.5  6.5     2280     1860     2700  5.3  4.3  6.3 128300 121021 135579                                        Delaware County                               OH est23all.txt 27NOV2024
39  43     8994     7502    10486 12.4 10.3 14.5     2602     1936     3268 18.6 13.8 23.4     1804     1293     2315 17.2 12.3 22.1  62547  59074  66020                                        Erie County                                   OH est23all.txt 27NOV2024
39  45    13584    11108    16060  8.4  6.9  9.9     4277     3255     5299 11.1  8.4 13.8     2939     2137     3741 10.1  7.4 12.8  84701  79495  89907                                        Fairfield County                              OH est23all.txt 27NOV2024
39  47     4064     3379     4749 14.4 12.0 16.8     1205      877     1533 18.4 13.4 23.4      811      559     1063 16.6 11.4 21.8  63348  56464  70232                                        Fayette County                                OH est23all.txt 27NOV2024
39  49   195004   183774   206234 15.1 14.2 16.0    59699    53567    65831 19.8 17.8 21.8    43021    38254    47788 19.8 17.6 22.0  71730  70381  73079                                        Franklin County                               OH est23all.txt 27NOV2024
39  51     3333     2596     4070  8.0  6.2  9.8     1041      752     1330 11.0  8.0 14.0      754      535      973 10.6  7.5 13.7  70724  66373  75075                                        Fulton County                                 OH est23all.txt 27NOV2024
39  53     4911     3910     5912 17.4 13.9 20.9     1561     1106     2016 23.7 16.8 30.6     1075      720     1430 22.3 14.9 29.7  53956  47931  59981                                        Gallia County                                 OH est23all.txt 27NOV2024
39  55     5953     4819     7087  6.3  5.1  7.5     1324      936     1712  6.4  4.5  8.3      950      648     1252  6.1  4.2  8.0  99863  94550 105176                                        Geauga County                                 OH est23all.txt 27NOV2024
39  57    15986    13730    18242  9.9  8.5 11.3     3629     2663     4595 10.7  7.9 13.5     2720     1971     3469 10.7  7.8 13.6  84015  80870  87160                                        Greene County                                 OH est23all.txt 27NOV2024
39  59     5810     4753     6867 15.4 12.6 18.2     1776     1272     2280 21.6 15.5 27.7     1241      847     1635 20.4 13.9 26.9  54757  50395  59119                                        Guernsey County                               OH est23all.txt 27NOV2024
39  61   109421   100444   118398 13.6 12.5 14.7    31332    25701    36963 16.9 13.9 19.9    22026    17785    26267 16.3 13.2 19.4  68810  66165  71455                                        Hamilton County                               OH est23all.txt 27NOV2024
39  63     7684     6516     8852 10.6  9.0 12.2     1697     1182     2212 10.8  7.5 14.1     1221      825     1617 10.6  7.2 14.0  72065  66285  77845                                        Hancock County                                OH est23all.txt 27NOV2024
39  65     4200     3424     4976 14.8 12.1 17.5     1238      904     1572 17.9 13.1 22.7      899      661     1137 17.7 13.0 22.4  59713  53090  66336                                        Hardin County                                 OH est23all.txt 27NOV2024
39  67     2011     1605     2417 14.5 11.6 17.4      562      398      726 19.7 14.0 25.4      397      271      523 18.5 12.6 24.4  57050  49897  64203                                        Harrison County                               OH est23all.txt 27NOV2024
39  69     2299     1781     2817  8.5  6.6 10.4      665      472      858 10.8  7.7 13.9      475      325      625 10.3  7.1 13.5  81899  77461  86337                                        Henry County                                  OH est23all.txt 27NOV2024
39  71     5225     4079     6371 12.1  9.4 14.8     1823     1274     2372 18.0 12.6 23.4     1263      850     1676 17.1 11.5 22.7  61760  57505  66015                                        Highland County                               OH est23all.txt 27NOV2024
39  73     4335     3515     5155 15.9 12.9 18.9     1243      922     1564 21.5 15.9 27.1      862      617     1107 19.9 14.3 25.5  58018  53237  62799                                        Hocking County                                OH est23all.txt 27NOV2024
39  75     3813     2960     4666  8.8  6.8 10.8     1336      955     1717 10.1  7.2 13.0      942      654     1230 10.0  6.9 13.1  74490  66593  82387                                        Holmes County                                 OH est23all.txt 27NOV2024
39  77     7576     6328     8824 13.2 11.0 15.4     2651     2115     3187 20.0 16.0 24.0     1890     1482     2298 18.9 14.8 23.0  64331  57920  70742                                        Huron County                                  OH est23all.txt 27NOV2024
39  79     5553     4485     6621 17.3 14.0 20.6     1692     1221     2163 22.4 16.2 28.6     1210      857     1563 21.6 15.3 27.9  54431  49467  59395                                        Jackson County                                OH est23all.txt 27NOV2024
39  81     9884     8249    11519 16.1 13.4 18.8     2679     1998     3360 22.0 16.4 27.6     2025     1500     2550 22.4 16.6 28.2  56276  51933  60619                                        Jefferson County                              OH est23all.txt 27NOV2024
39  83     6835     5522     8148 11.4  9.2 13.6     1976     1433     2519 14.1 10.2 18.0     1400      993     1807 13.6  9.7 17.5  66844  60380  73308                                        Knox County                                   OH est23all.txt 27NOV2024
39  85    23146    20285    26007 10.1  8.8 11.4     6560     5587     7533 15.1 12.9 17.3     4589     3805     5373 14.1 11.7 16.5  73559  69634  77484                                        Lake County                                   OH est23all.txt 27NOV2024
39  87     9382     7683    11081 16.9 13.8 20.0     2444     1724     3164 20.9 14.7 27.1     1729     1163     2295 19.5 13.1 25.9  56879  51067  62691                                        Lawrence County                               OH est23all.txt 27NOV2024
39  89    17281    14431    20131  9.7  8.1 11.3     4846     3708     5984 11.9  9.1 14.7     3459     2610     4308 11.4  8.6 14.2  76496  71972  81020                                        Licking County                                OH est23all.txt 27NOV2024
39  91     5101     4090     6112 11.2  9.0 13.4     1480     1043     1917 14.5 10.2 18.8      984      666     1302 13.2  8.9 17.5  68964  62655  75273                                        Logan County                                  OH est23all.txt 27NOV2024
39  93    34018    29362    38674 11.0  9.5 12.5     9947     7708    12186 14.9 11.6 18.2     7061     5329     8793 14.1 10.6 17.6  75496  72497  78495                                        Lorain County                                 OH est23all.txt 27NOV2024
39  95    75810    69507    82113 18.2 16.7 19.7    22836    19306    26366 24.2 20.5 27.9    16026    13147    18905 23.0 18.9 27.1  60525  58780  62270                                        Lucas County                                  OH est23all.txt 27NOV2024
39  97     3714     2821     4607  9.3  7.1 11.5     1007      691     1323 11.8  8.1 15.5      718      479      957 11.4  7.6 15.2  81836  74020  89652                                        Madison County                                OH est23all.txt 27NOV2024
39  99    42602    38851    46353 19.5 17.8 21.2    12373    10384    14362 27.7 23.2 32.2     8618     6991    10245 26.3 21.3 31.3  52914  49712  56116                                        Mahoning County                               OH est23all.txt 27NOV2024
39 101     9444     7776    11112 16.0 13.2 18.8     2758     1984     3532 20.3 14.6 26.0     1977     1398     2556 19.8 14.0 25.6  56991  51848  62134                                        Marion County                                 OH est23all.txt 27NOV2024
39 103    13795    11497    16093  7.6  6.3  8.9     3339     2552     4126  8.7  6.6 10.8     2292     1693     2891  7.8  5.8  9.8  90211  86481  93941                                        Medina County                                 OH est23all.txt 27NOV2024
39 105     4476     3748     5204 20.8 17.4 24.2     1289      990     1588 29.5 22.7 36.3      967      746     1188 29.2 22.5 35.9  50127  44750  55504                                        Meigs County                                  OH est23all.txt 27NOV2024
39 107     3165     2469     3861  7.6  5.9  9.3      893      623     1163  8.2  5.7 10.7      617      417      817  7.9  5.3 10.5  79974  72453  87495                                        Mercer County                                 OH est23all.txt 27NOV2024
39 109    10565     8599    12531  9.6  7.8 11.4     2806     2040     3572 11.4  8.3 14.5     1994     1408     2580 10.8  7.6 14.0  75735  71257  80213                                        Miami County                                  OH est23all.txt 27NOV2024
39 111     1930     1528     2332 14.8 11.7 17.9      580      435      725 22.1 16.6 27.6      426      314      538 21.5 15.8 27.2  54285  47939  60631                                        Monroe County                                 OH est23all.txt 27NOV2024
39 113    79116    72151    86081 15.2 13.9 16.5    24862    21385    28339 21.5 18.5 24.5    17369    14605    20133 20.4 17.2 23.6  62650  60543  64757                                        Montgomery County                             OH est23all.txt 27NOV2024
39 115     2051     1576     2526 15.2 11.7 18.7      607      410      804 22.0 14.9 29.1      438      288      588 21.4 14.1 28.7  52585  46679  58491                                        Morgan County                                 OH est23all.txt 27NOV2024
39 117     3812     3099     4525 10.8  8.8 12.8      989      693     1285 13.1  9.2 17.0      713      483      943 12.8  8.7 16.9  70109  64946  75272                                        Morrow County                                 OH est23all.txt 27NOV2024
39 119    14612    12666    16558 17.3 15.0 19.6     4595     3690     5500 24.2 19.4 29.0     3009     2307     3711 21.4 16.4 26.4  58806  53386  64226                                        Muskingum County                              OH est23all.txt 27NOV2024
39 121     1733     1338     2128 15.0 11.6 18.4      408      282      534 15.2 10.5 19.9      275      181      369 14.1  9.3 18.9  61751  54553  68949                                        Noble County                                  OH est23all.txt 27NOV2024
39 123     3440     2732     4148  8.8  7.0 10.6      803      553     1053 12.0  8.3 15.7      587      394      780 11.4  7.7 15.1  76582  68564  84600                                        Ottawa County                                 OH est23all.txt 27NOV2024
39 125     1869     1450     2288 10.1  7.8 12.4      598      416      780 13.9  9.7 18.1      420      286      554 13.3  9.1 17.5  67692  60679  74705                                        Paulding County                               OH est23all.txt 27NOV2024
39 127     4817     3920     5714 13.7 11.1 16.3     1465     1065     1865 18.2 13.2 23.2     1054      755     1353 17.4 12.5 22.3  62677  56716  68638                                        Perry County                                  OH est23all.txt 27NOV2024
39 129     6596     5368     7824 11.6  9.4 13.8     1847     1390     2304 14.5 10.9 18.1     1299      940     1658 13.8 10.0 17.6  76471  70075  82867                                        Pickaway County                               OH est23all.txt 27NOV2024
39 131     5189     4224     6154 19.5 15.9 23.1     1598     1157     2039 25.9 18.8 33.0     1082      745     1419 23.7 16.3 31.1  54256  47274  61238                                        Pike County                                   OH est23all.txt 27NOV2024
39 133    20077    17556    22598 12.9 11.3 14.5     4328     3456     5200 15.1 12.1 18.1     2420     1653     3187 11.2  7.6 14.8  73911  68567  79255                                        Portage County                                OH est23all.txt 27NOV2024
39 135     4192     3388     4996 10.4  8.4 12.4     1269      949     1589 14.5 10.8 18.2      895      651     1139 13.5  9.8 17.2  76621  70957  82285                                        Preble County                                 OH est23all.txt 27NOV2024
39 137     2201     1713     2689  6.5  5.1  7.9      517      336      698  6.0  3.9  8.1      417      275      559  6.4  4.2  8.6  79412  71791  87033                                        Putnam County                                 OH est23all.txt 27NOV2024
39 139    16972    14406    19538 14.4 12.2 16.6     5356     4166     6546 20.3 15.8 24.8     3776     2828     4724 19.4 14.5 24.3  57261  54390  60132                                        Richland County                               OH est23all.txt 27NOV2024
39 141    11723     9822    13624 16.5 13.8 19.2     3550     2781     4319 22.8 17.9 27.7     2322     1719     2925 20.1 14.9 25.3  61651  56949  66353                                        Ross County                                   OH est23all.txt 27NOV2024
39 143     5939     4815     7063 10.3  8.4 12.2     1724     1230     2218 13.9  9.9 17.9     1195      815     1575 12.9  8.8 17.0  64744  58767  70721                                        Sandusky County                               OH est23all.txt 27NOV2024
39 145    12775    10644    14906 18.6 15.5 21.7     3660     2738     4582 24.1 18.0 30.2     2391     1626     3156 21.0 14.3 27.7  52447  48117  56777                                        Scioto County                                 OH est23all.txt 27NOV2024
39 147     6661     5554     7768 12.8 10.7 14.9     1930     1490     2370 17.1 13.2 21.0     1253      891     1615 15.0 10.6 19.4  62966  57780  68152                                        Seneca County                                 OH est23all.txt 27NOV2024
39 149     4924     4061     5787 10.4  8.6 12.2     1695     1352     2038 14.9 11.9 17.9     1016      741     1291 12.4  9.1 15.7  67351  59927  74775                                        Shelby County                                 OH est23all.txt 27NOV2024
39 151    45043    39931    50155 12.3 10.9 13.7    13132    10753    15511 16.8 13.8 19.8     8783     6880    10686 15.1 11.8 18.4  63673  60302  67044                                        Stark County                                  OH est23all.txt 27NOV2024
39 153    68166    60797    75535 12.9 11.5 14.3    21198    17885    24511 19.7 16.6 22.8    15988    13522    18454 20.0 16.9 23.1  69786  66876  72696                                        Summit County                                 OH est23all.txt 27NOV2024
39 155    33696    30693    36699 17.2 15.7 18.7    10236     8757    11715 25.4 21.7 29.1     7633     6452     8814 25.4 21.5 29.3  51668  49475  53861                                        Trumbull County                               OH est23all.txt 27NOV2024
39 157    12127    10386    13868 13.4 11.5 15.3     3516     2792     4240 17.0 13.5 20.5     2488     1942     3034 16.6 13.0 20.2  62098  57403  66793                                        Tuscarawas County                             OH est23all.txt 27NOV2024
39 159     3617     2837     4397  5.4  4.2  6.6      858      613     1103  5.3  3.8  6.8      596      412      780  4.9  3.4  6.4 104592  95996 113188                                        Union County                                  OH est23all.txt 27NOV2024
39 161     3071     2569     3573 10.9  9.1 12.7      925      703     1147 14.4 10.9 17.9      677      506      848 14.4 10.8 18.0  60555  56023  65087                                        Van Wert County                               OH est23all.txt 27NOV2024
39 163     2329     1841     2817 18.8 14.9 22.7      700      499      901 27.0 19.3 34.7      492      336      648 25.6 17.5 33.7  52999  47625  58373                                        Vinton County                                 OH est23all.txt 27NOV2024
39 165    14544    12257    16831  5.9  5.0  6.8     3582     2621     4543  6.1  4.5  7.7     2580     1831     3329  5.7  4.0  7.4 107973 103421 112525                                        Warren County                                 OH est23all.txt 27NOV2024
39 167     7334     6072     8596 12.8 10.6 15.0     1803     1290     2316 16.1 11.5 20.7     1289      892     1686 15.4 10.7 20.1  59646  56102  63190                                        Washington County                             OH est23all.txt 27NOV2024
39 169    10366     8514    12218  9.2  7.6 10.8     3143     2277     4009 11.6  8.4 14.8     2259     1593     2925 11.2  7.9 14.5  69834  65741  73927                                        Wayne County                                  OH est23all.txt 27NOV2024
39 171     3951     3270     4632 11.1  9.2 13.0     1082      799     1365 13.9 10.3 17.5      740      527      953 12.8  9.1 16.5  61183  55604  66762                                        Williams County                               OH est23all.txt 27NOV2024
39 173    12420    10372    14468  9.8  8.2 11.4     2431     1807     3055  9.3  6.9 11.7     1668     1186     2150  8.5  6.0 11.0  73906  69680  78132                                        Wood County                                   OH est23all.txt 27NOV2024
39 175     1861     1461     2261  8.8  6.9 10.7      528      375      681 11.5  8.2 14.8      372      253      491 10.8  7.3 14.3  69913  64109  75717                                        Wyandot County                                OH est23all.txt 27NOV2024
40   0   621050   609199   632901 15.8 15.5 16.1   194200   187244   201156 20.5 19.8 21.2   136860   130615   143105 19.3 18.4 20.2  62120  61642  62598   53890   50800   56980 22.8 21.5 24.1 Oklahoma                                      OK est23all.txt 27NOV2024
40   1     4480     3747     5213 23.1 19.3 26.9     1577     1180     1974 30.7 23.0 38.4     1154      846     1462 30.7 22.5 38.9  44808  40234  49382                                        Adair County                                  OK est23all.txt 27NOV2024
40   3      890      699     1081 19.8 15.6 24.0      223      159      287 21.5 15.4 27.6      161      112      210 20.1 14.0 26.2  57517  50408  64626                                        Alfalfa County                                OK est23all.txt 27NOV2024
40   5     2573     2094     3052 20.0 16.3 23.7      721      515      927 24.1 17.2 31.0      524      365      683 22.9 16.0 29.8  49815  45889  53741                                        Atoka County                                  OK est23all.txt 27NOV2024
40   7      666      518      814 13.5 10.5 16.5      221      154      288 18.5 12.9 24.1      162      111      213 17.7 12.2 23.2  67112  59008  75216                                        Beaver County                                 OK est23all.txt 27NOV2024
40   9     4264     3510     5018 21.8 17.9 25.7     1510     1195     1825 29.8 23.6 36.0     1134      904     1364 29.6 23.6 35.6  51960  45982  57938                                        Beckham County                                OK est23all.txt 27NOV2024
40  11     1370     1084     1656 16.3 12.9 19.7      469      327      611 21.7 15.2 28.2      337      230      444 21.3 14.5 28.1  58573  54231  62915                                        Blaine County                                 OK est23all.txt 27NOV2024
40  13     8640     7441     9839 18.1 15.6 20.6     2515     1951     3079 22.4 17.4 27.4     1741     1301     2181 21.0 15.7 26.3  50105  45775  54435                                        Bryan County                                  OK est23all.txt 27NOV2024
40  15     4757     3875     5639 21.1 17.2 25.0     1377     1008     1746 23.2 17.0 29.4      956      673     1239 21.5 15.1 27.9  50742  45884  55600                                        Caddo County                                  OK est23all.txt 27NOV2024
40  17    13705    11555    15855  7.9  6.7  9.1     3804     2732     4876  8.7  6.3 11.1     2768     1943     3593  8.3  5.8 10.8  86539  82355  90723                                        Canadian County                               OK est23all.txt 27NOV2024
40  19     8208     7048     9368 17.1 14.7 19.5     2708     2169     3247 22.8 18.3 27.3     1951     1530     2372 22.4 17.6 27.2  56270  51566  60974                                        Carter County                                 OK est23all.txt 27NOV2024
40  21     8690     7251    10129 18.7 15.6 21.8     2418     1789     3047 24.1 17.8 30.4     1737     1274     2200 23.6 17.3 29.9  50434  46665  54203                                        Cherokee County                               OK est23all.txt 27NOV2024
40  23     3316     2752     3880 23.5 19.5 27.5     1083      800     1366 31.1 23.0 39.2      769      548      990 30.4 21.7 39.1  44307  40389  48225                                        Choctaw County                                OK est23all.txt 27NOV2024
40  25      380      292      468 17.4 13.3 21.5      156      105      207 26.9 18.1 35.7      110       72      148 23.7 15.5 31.9  56166  48870  63462                                        Cimarron County                               OK est23all.txt 27NOV2024
40  27    37151    33126    41176 12.9 11.5 14.3     8123     6410     9836 13.7 10.8 16.6     6000     4639     7361 13.1 10.1 16.1  74889  70637  79141                                        Cleveland County                              OK est23all.txt 27NOV2024
40  29     1106      882     1330 21.3 17.0 25.6      367      267      467 29.8 21.7 37.9      257      177      337 29.3 20.2 38.4  46921  41524  52318                                        Coal County                                   OK est23all.txt 27NOV2024
40  31    21799    19521    24077 19.5 17.5 21.5     7333     6169     8497 26.0 21.9 30.1     4829     3947     5711 23.5 19.2 27.8  56973  54425  59521                                        Comanche County                               OK est23all.txt 27NOV2024
40  33      926      729     1123 17.3 13.6 21.0      283      199      367 23.2 16.3 30.1      198      131      265 21.1 14.0 28.2  52735  47254  58216                                        Cotton County                                 OK est23all.txt 27NOV2024
40  35     2568     2066     3070 18.8 15.1 22.5      892      655     1129 27.8 20.4 35.2      595      415      775 24.5 17.1 31.9  49914  45001  54827                                        Craig County                                  OK est23all.txt 27NOV2024
40  37    11405     9976    12834 15.7 13.7 17.7     3339     2598     4080 20.0 15.6 24.4     2559     2020     3098 20.2 15.9 24.5  58195  53107  63283                                        Creek County                                  OK est23all.txt 27NOV2024
40  39     4885     4043     5727 18.2 15.1 21.3     1463     1086     1840 21.1 15.7 26.5     1086      808     1364 20.9 15.6 26.2  55458  49632  61284                                        Custer County                                 OK est23all.txt 27NOV2024
40  41     8665     7692     9638 21.0 18.6 23.4     2385     1928     2842 29.6 23.9 35.3     1536     1156     1916 25.2 19.0 31.4  48763  45939  51587                                        Delaware County                               OK est23all.txt 27NOV2024
40  43      581      456      706 13.8 10.8 16.8      200      141      259 17.8 12.6 23.0      135       90      180 16.3 10.8 21.8  55952  50762  61142                                        Dewey County                                  OK est23all.txt 27NOV2024
40  45      503      392      614 14.0 10.9 17.1      148      102      194 18.7 12.9 24.5      105       70      140 17.8 11.9 23.7  57212  49914  64510                                        Ellis County                                  OK est23all.txt 27NOV2024
40  47     8709     7148    10270 14.4 11.8 17.0     3208     2363     4053 20.5 15.1 25.9     2223     1549     2897 19.0 13.2 24.8  61132  55395  66869                                        Garfield County                               OK est23all.txt 27NOV2024
40  49     4625     3893     5357 18.0 15.1 20.9     1425     1067     1783 22.2 16.6 27.8     1020      747     1293 21.1 15.5 26.7  57170  51986  62354                                        Garvin County                                 OK est23all.txt 27NOV2024
40  51     7276     6118     8434 13.1 11.0 15.2     2039     1538     2540 15.6 11.8 19.4     1402     1016     1788 13.9 10.1 17.7  70838  65870  75806                                        Grady County                                  OK est23all.txt 27NOV2024
40  53      559      431      687 14.0 10.8 17.2      171      115      227 17.5 11.7 23.3      128       85      171 17.4 11.6 23.2  57737  51063  64411                                        Grant County                                  OK est23all.txt 27NOV2024
40  55     1178      914     1442 25.7 19.9 31.5      331      229      433 30.5 21.1 39.9      236      159      313 29.6 20.0 39.2  43089  37854  48324                                        Greer County                                  OK est23all.txt 27NOV2024
40  57      584      450      718 25.1 19.3 30.9      226      158      294 36.8 25.8 47.8      158      105      211 33.0 22.0 44.0  45931  41560  50302                                        Harmon County                                 OK est23all.txt 27NOV2024
40  59      392      311      473 12.5  9.9 15.1      122       86      158 16.7 11.7 21.7       87       58      116 14.7  9.8 19.6  62950  54763  71137                                        Harper County                                 OK est23all.txt 27NOV2024
40  61     2044     1572     2516 17.4 13.4 21.4      694      472      916 25.4 17.3 33.5      515      340      690 25.3 16.7 33.9  49471  44564  54378                                        Haskell County                                OK est23all.txt 27NOV2024
40  63     2815     2226     3404 24.2 19.1 29.3      864      637     1091 30.1 22.2 38.0      623      449      797 30.2 21.7 38.7  50872  46762  54982                                        Hughes County                                 OK est23all.txt 27NOV2024
40  65     3934     3148     4720 16.5 13.2 19.8     1417     1051     1783 23.3 17.3 29.3     1015      732     1298 23.3 16.8 29.8  58371  52002  64740                                        Jackson County                                OK est23all.txt 27NOV2024
40  67     1277     1054     1500 24.2 20.0 28.4      456      352      560 35.2 27.2 43.2      335      252      418 33.0 24.8 41.2  43298  38310  48286                                        Jefferson County                              OK est23all.txt 27NOV2024
40  69     1953     1602     2304 19.9 16.3 23.5      575      416      734 24.7 17.9 31.5      405      282      528 23.0 16.0 30.0  49984  44251  55717                                        Johnston County                               OK est23all.txt 27NOV2024
40  71     8006     6857     9155 18.8 16.1 21.5     2860     2297     3423 27.0 21.7 32.3     2140     1712     2568 26.9 21.5 32.3  55440  50908  59972                                        Kay County                                    OK est23all.txt 27NOV2024
40  73     1818     1462     2174 12.0  9.7 14.3      625      472      778 15.5 11.7 19.3      456      339      573 14.7 10.9 18.5  72345  66109  78581                                        Kingfisher County                             OK est23all.txt 27NOV2024
40  75     1795     1465     2125 21.7 17.7 25.7      601      439      763 30.0 21.9 38.1      389      263      515 25.6 17.3 33.9  44393  39434  49352                                        Kiowa County                                  OK est23all.txt 27NOV2024
40  77     2131     1768     2494 23.1 19.2 27.0      617      436      798 29.3 20.7 37.9      447      306      588 28.7 19.6 37.8  41241  37901  44581                                        Latimer County                                OK est23all.txt 27NOV2024
40  79    10035     8743    11327 21.0 18.3 23.7     3031     2387     3675 25.3 19.9 30.7     2073     1560     2586 23.4 17.6 29.2  50469  47767  53171                                        Le Flore County                               OK est23all.txt 27NOV2024
40  81     7000     6230     7770 20.5 18.2 22.8     2459     2127     2791 31.2 27.0 35.4     1900     1637     2163 31.1 26.8 35.4  56344  50831  61857                                        Lincoln County                                OK est23all.txt 27NOV2024
40  83     5760     4716     6804 11.2  9.2 13.2     1581     1187     1975 14.0 10.5 17.5     1165      854     1476 13.6 10.0 17.2  77836  70129  85543                                        Logan County                                  OK est23all.txt 27NOV2024
40  85     1468     1168     1768 14.4 11.5 17.3      450      311      589 18.7 12.9 24.5      329      223      435 17.9 12.2 23.6  58771  52745  64797                                        Love County                                   OK est23all.txt 27NOV2024
40  87     4458     3577     5339  9.5  7.6 11.4     1437     1029     1845 12.6  9.0 16.2      996      681     1311 11.1  7.6 14.6  80952  73090  88814                                        McClain County                                OK est23all.txt 27NOV2024
40  89     6727     5677     7777 22.2 18.7 25.7     2332     1809     2855 29.3 22.7 35.9     1693     1292     2094 28.3 21.6 35.0  48589  44609  52569                                        McCurtain County                              OK est23all.txt 27NOV2024
40  91     3720     2982     4458 19.2 15.4 23.0     1113      779     1447 28.2 19.7 36.7      798      541     1055 27.0 18.3 35.7  46509  42901  50117                                        McIntosh County                               OK est23all.txt 27NOV2024
40  93      921      702     1140 12.3  9.4 15.2      319      215      423 16.7 11.3 22.1      220      144      296 15.3 10.0 20.6  64527  59172  69882                                        Major County                                  OK est23all.txt 27NOV2024
40  95     2465     1993     2937 15.7 12.7 18.7      690      474      906 19.4 13.3 25.5      506      335      677 19.9 13.2 26.6  54966  50172  59760                                        Marshall County                               OK est23all.txt 27NOV2024
40  97     6652     5590     7714 16.9 14.2 19.6     2068     1611     2525 22.8 17.8 27.8     1560     1214     1906 23.2 18.1 28.3  59498  54250  64746                                        Mayes County                                  OK est23all.txt 27NOV2024
40  99     1680     1296     2064 12.6  9.7 15.5      528      362      694 17.5 12.0 23.0      380      255      505 16.7 11.2 22.2  63623  57064  70182                                        Murray County                                 OK est23all.txt 27NOV2024
40 101    13091    11217    14965 20.8 17.8 23.8     4189     3300     5078 26.5 20.9 32.1     2865     2175     3555 24.4 18.5 30.3  52188  48357  56019                                        Muskogee County                               OK est23all.txt 27NOV2024
40 103     1406     1092     1720 13.3 10.3 16.3      414      295      533 17.4 12.4 22.4      287      197      377 15.6 10.7 20.5  60758  54388  67128                                        Noble County                                  OK est23all.txt 27NOV2024
40 105     1628     1327     1929 17.4 14.2 20.6      540      400      680 24.9 18.4 31.4      365      251      479 22.7 15.6 29.8  54831  48266  61396                                        Nowata County                                 OK est23all.txt 27NOV2024
40 107     2563     2103     3023 25.0 20.5 29.5      698      501      895 28.1 20.2 36.0      501      354      648 27.6 19.5 35.7  44661  39081  50241                                        Okfuskee County                               OK est23all.txt 27NOV2024
40 109   127113   119205   135021 16.0 15.0 17.0    44359    40066    48652 22.2 20.1 24.3    30908    27450    34366 21.1 18.7 23.5  65979  64405  67553                                        Oklahoma County                               OK est23all.txt 27NOV2024
40 111     6904     5708     8100 19.3 15.9 22.7     2209     1649     2769 25.8 19.3 32.3     1596     1167     2025 24.8 18.1 31.5  53938  49362  58514                                        Okmulgee County                               OK est23all.txt 27NOV2024
40 113     6328     5282     7374 14.2 11.9 16.5     1747     1272     2222 18.7 13.6 23.8     1316      942     1690 18.2 13.0 23.4  61279  55300  67258                                        Osage County                                  OK est23all.txt 27NOV2024
40 115     6322     5628     7016 21.6 19.2 24.0     2006     1620     2392 26.5 21.4 31.6     1422     1107     1737 25.5 19.9 31.1  48937  45001  52873                                        Ottawa County                                 OK est23all.txt 27NOV2024
40 117     2694     2254     3134 17.2 14.4 20.0      825      598     1052 22.4 16.3 28.5      599      427      771 21.0 15.0 27.0  52744  47819  57669                                        Pawnee County                                 OK est23all.txt 27NOV2024
40 119    16281    14381    18181 22.0 19.4 24.6     2995     2322     3668 20.0 15.5 24.5     2092     1590     2594 18.9 14.4 23.4  56811  52370  61252                                        Payne County                                  OK est23all.txt 27NOV2024
40 121     7603     6326     8880 18.4 15.3 21.5     2341     1763     2919 24.1 18.2 30.0     1579     1164     1994 21.8 16.1 27.5  51514  47218  55810                                        Pittsburg County                              OK est23all.txt 27NOV2024
40 123     5238     4178     6298 13.9 11.1 16.7     1491      987     1995 15.7 10.4 21.0     1086      697     1475 15.3  9.8 20.8  61269  56800  65738                                        Pontotoc County                               OK est23all.txt 27NOV2024
40 125    11982    10456    13508 17.1 14.9 19.3     3716     2986     4446 22.4 18.0 26.8     2510     1932     3088 20.2 15.5 24.9  57089  53776  60402                                        Pottawatomie County                           OK est23all.txt 27NOV2024
40 127     2512     2111     2913 23.6 19.8 27.4      683      492      874 29.5 21.3 37.7      503      355      651 28.6 20.2 37.0  45012  39976  50048                                        Pushmataha County                             OK est23all.txt 27NOV2024
40 129      600      494      706 18.3 15.1 21.5      212      160      264 27.1 20.5 33.7      158      118      198 25.8 19.3 32.3  57132  50403  63861                                        Roger Mills County                            OK est23all.txt 27NOV2024
40 131     9427     7858    10996  9.6  8.0 11.2     2744     2040     3448 12.0  8.9 15.1     2009     1473     2545 11.5  8.4 14.6  73688  67537  79839                                        Rogers County                                 OK est23all.txt 27NOV2024
40 133     4347     3607     5087 19.0 15.8 22.2     1402     1040     1764 25.0 18.6 31.4      995      717     1273 23.5 16.9 30.1  49000  44871  53129                                        Seminole County                               OK est23all.txt 27NOV2024
40 135     8866     7685    10047 22.3 19.3 25.3     3085     2534     3636 32.7 26.9 38.5     2298     1867     2729 33.2 27.0 39.4  48050  44120  51980                                        Sequoyah County                               OK est23all.txt 27NOV2024
40 137     6448     5348     7548 14.9 12.4 17.4     1971     1461     2481 20.0 14.8 25.2     1325      916     1734 17.9 12.4 23.4  56649  53263  60035                                        Stephens County                               OK est23all.txt 27NOV2024
40 139     2292     1713     2871 11.5  8.6 14.4      874      595     1153 15.2 10.4 20.0      603      400      806 14.3  9.5 19.1  67901  60443  75359                                        Texas County                                  OK est23all.txt 27NOV2024
40 141     1330     1043     1617 19.7 15.5 23.9      442      291      593 28.8 19.0 38.6      319      204      434 27.0 17.3 36.7  46314  41104  51524                                        Tillman County                                OK est23all.txt 27NOV2024
40 143   101475    95655   107295 15.1 14.2 16.0    32983    29983    35983 19.8 18.0 21.6    22721    20492    24950 18.4 16.6 20.2  65619  64005  67233                                        Tulsa County                                  OK est23all.txt 27NOV2024
40 145     9217     7858    10576 10.4  8.9 11.9     2508     1822     3194 12.2  8.9 15.5     1824     1308     2340 11.6  8.3 14.9  80246  76208  84284                                        Wagoner County                                OK est23all.txt 27NOV2024
40 147     7954     6787     9121 15.1 12.9 17.3     2420     1854     2986 19.1 14.6 23.6     1691     1263     2119 17.7 13.2 22.2  66236  59088  73384                                        Washington County                             OK est23all.txt 27NOV2024
40 149     1831     1476     2186 17.4 14.0 20.8      561      388      734 22.4 15.5 29.3      408      271      545 21.3 14.2 28.4  54874  49264  60484                                        Washita County                                OK est23all.txt 27NOV2024
40 151     1360     1091     1629 18.0 14.4 21.6      340      237      443 19.3 13.4 25.2      244      165      323 18.5 12.5 24.5  56740  49604  63876                                        Woods County                                  OK est23all.txt 27NOV2024
40 153     2726     2095     3357 14.7 11.3 18.1      888      615     1161 19.1 13.2 25.0      633      426      840 18.0 12.1 23.9  59312  52289  66335                                        Woodward County                               OK est23all.txt 27NOV2024
41   0   503758   490856   516660 12.1 11.8 12.4   111495   104717   118273 13.6 12.8 14.4    78138    71799    84477 12.7 11.7 13.7  80061  79043  81079   29320   26574   32066 15.0 13.6 16.4 Oregon                                        OR est23all.txt 27NOV2024
41   1     2677     2104     3250 16.2 12.7 19.7      648      436      860 20.0 13.4 26.6      458      298      618 18.7 12.1 25.3  59123  52542  65704                                        Baker County                                  OR est23all.txt 27NOV2024
41   3    14844    13026    16662 16.2 14.2 18.2     1689     1211     2167 11.5  8.2 14.8     1120      753     1487  9.8  6.6 13.0  74800  68369  81231                                        Benton County                                 OR est23all.txt 27NOV2024
41   5    29176    25210    33142  6.9  6.0  7.8     5910     4338     7482  6.9  5.1  8.7     3986     2765     5207  6.0  4.2  7.8 100376  97154 103598                                        Clackamas County                              OR est23all.txt 27NOV2024
41   7     6226     5285     7167 15.3 13.0 17.6     1315     1014     1616 18.6 14.3 22.9      861      623     1099 16.1 11.7 20.5  65160  57309  73011                                        Clatsop County                                OR est23all.txt 27NOV2024
41   9     5248     4076     6420  9.8  7.6 12.0     1227      843     1611 11.5  7.9 15.1      882      599     1165 11.0  7.5 14.5  81463  73023  89903                                        Columbia County                               OR est23all.txt 27NOV2024
41  11    10100     8204    11996 16.0 13.0 19.0     2253     1552     2954 20.9 14.4 27.4     1610     1076     2144 19.8 13.2 26.4  61386  57889  64883                                        Coos County                                   OR est23all.txt 27NOV2024
41  13     3416     2729     4103 12.8 10.2 15.4      865      621     1109 16.8 12.1 21.5      588      410      766 15.3 10.7 19.9  73421  66996  79846                                        Crook County                                  OR est23all.txt 27NOV2024
41  15     3657     2936     4378 15.8 12.7 18.9      721      510      932 22.6 16.0 29.2      539      376      702 22.4 15.6 29.2  55238  50060  60416                                        Curry County                                  OR est23all.txt 27NOV2024
41  17    17944    15074    20814  8.7  7.3 10.1     3931     2941     4921 10.3  7.7 12.9     2794     2011     3577  9.8  7.1 12.5  95414  89920 100908                                        Deschutes County                              OR est23all.txt 27NOV2024
41  19    17835    15255    20415 16.0 13.7 18.3     4424     3344     5504 21.0 15.9 26.1     2845     2028     3662 18.1 12.9 23.3  60296  55069  65523                                        Douglas County                                OR est23all.txt 27NOV2024
41  21      236      180      292 11.8  9.0 14.6       59       41       77 15.1 10.6 19.6       43       29       57 14.8 10.1 19.5  74010  64631  83389                                        Gilliam County                                OR est23all.txt 27NOV2024
41  23     1091      852     1330 15.3 12.0 18.6      277      187      367 21.0 14.1 27.9      196      128      264 20.0 13.0 27.0  61024  53535  68513                                        Grant County                                  OR est23all.txt 27NOV2024
41  25     1111      849     1373 15.2 11.6 18.8      300      204      396 20.8 14.1 27.5      218      142      294 20.2 13.2 27.2  56649  50019  63279                                        Harney County                                 OR est23all.txt 27NOV2024
41  27     2356     1825     2887 10.0  7.7 12.3      636      427      845 12.8  8.6 17.0      458      298      618 12.2  8.0 16.4  79092  70230  87954                                        Hood River County                             OR est23all.txt 27NOV2024
41  29    27404    23720    31088 12.6 10.9 14.3     6145     4501     7789 14.0 10.2 17.8     4286     3001     5571 12.9  9.0 16.8  71030  67801  74259                                        Jackson County                                OR est23all.txt 27NOV2024
41  31     3390     2579     4201 13.9 10.6 17.2     1061      726     1396 19.1 13.1 25.1      763      513     1013 18.5 12.4 24.6  68419  62250  74588                                        Jefferson County                              OR est23all.txt 27NOV2024
41  33    13041    10782    15300 15.1 12.5 17.7     3383     2414     4352 20.7 14.8 26.6     2365     1608     3122 19.5 13.3 25.7  61575  56903  66247                                        Josephine County                              OR est23all.txt 27NOV2024
41  35    13321    11458    15184 19.3 16.6 22.0     3511     2680     4342 23.6 18.0 29.2     2456     1807     3105 22.1 16.3 27.9  54630  49660  59600                                        Klamath County                                OR est23all.txt 27NOV2024
41  37     1317      995     1639 17.0 12.8 21.2      349      237      461 21.1 14.3 27.9      245      161      329 19.7 12.9 26.5  56518  49365  63671                                        Lake County                                   OR est23all.txt 27NOV2024
41  39    54725    49401    60049 14.7 13.3 16.1     8957     6645    11269 14.0 10.4 17.6     6318     4533     8103 13.0  9.3 16.7  70065  67157  72973                                        Lane County                                   OR est23all.txt 27NOV2024
41  41     7738     6570     8906 15.4 13.1 17.7     1626     1214     2038 21.3 15.9 26.7     1058      698     1418 18.2 12.0 24.4  61603  56959  66247                                        Lincoln County                                OR est23all.txt 27NOV2024
41  43    18500    15847    21153 14.2 12.2 16.2     5183     4146     6220 18.4 14.7 22.1     3487     2670     4304 16.7 12.8 20.6  70242  65353  75131                                        Linn County                                   OR est23all.txt 27NOV2024
41  45     5686     4464     6908 19.7 15.5 23.9     1943     1368     2518 23.8 16.7 30.9     1294      879     1709 21.1 14.3 27.9  53762  48603  58921                                        Malheur County                                OR est23all.txt 27NOV2024
41  47    47544    42117    52971 14.1 12.5 15.7    14677    12298    17056 18.5 15.5 21.5    10820     9002    12638 18.1 15.1 21.1  73210  69688  76732                                        Marion County                                 OR est23all.txt 27NOV2024
41  49     1617     1257     1977 13.2 10.3 16.1      515      351      679 15.4 10.5 20.3      364      242      486 14.5  9.6 19.4  80508  74586  86430                                        Morrow County                                 OR est23all.txt 27NOV2024
41  51    99712    92438   106986 12.8 11.9 13.7    17405    14245    20565 13.0 10.6 15.4    12693    10214    15172 12.8 10.3 15.3  83290  80658  85922                                        Multnomah County                              OR est23all.txt 27NOV2024
41  53    10413     8622    12204 11.8  9.8 13.8     2144     1497     2791 11.3  7.9 14.7     1516     1021     2011 10.5  7.1 13.9  79970  73978  85962                                        Polk County                                   OR est23all.txt 27NOV2024
41  55      281      216      346 14.5 11.2 17.8       83       57      109 20.2 13.9 26.5       61       41       81 21.5 14.4 28.6  73123  63567  82679                                        Sherman County                                OR est23all.txt 27NOV2024
41  57     3099     2348     3850 11.5  8.7 14.3      779      518     1040 16.2 10.8 21.6      525      336      714 14.3  9.2 19.4  68717  62053  75381                                        Tillamook County                              OR est23all.txt 27NOV2024
41  59    12500    10627    14373 16.5 14.0 19.0     4164     3416     4912 21.8 17.9 25.7     2694     2108     3280 18.7 14.6 22.8  62890  57211  68569                                        Umatilla County                               OR est23all.txt 27NOV2024
41  61     3494     2771     4217 13.6 10.8 16.4      912      623     1201 16.4 11.2 21.6      635      417      853 14.9  9.8 20.0  63524  56806  70242                                        Union County                                  OR est23all.txt 27NOV2024
41  63      987      761     1213 13.0 10.0 16.0      242      164      320 16.4 11.1 21.7      168      110      226 14.6  9.6 19.6  61173  53215  69131                                        Wallowa County                                OR est23all.txt 27NOV2024
41  65     3518     2728     4308 13.6 10.5 16.7      986      700     1272 18.3 13.0 23.6      658      441      875 16.2 10.8 21.6  65701  59760  71642                                        Wasco County                                  OR est23all.txt 27NOV2024
41  67    48317    42658    53976  8.1  7.1  9.1    10906     8571    13241  8.7  6.8 10.6     7522     5757     9287  8.0  6.1  9.9 103486 100793 106179                                        Washington County                             OR est23all.txt 27NOV2024
41  69      263      202      324 18.4 14.1 22.7       52       36       68 31.0 21.4 40.6       39       26       52 30.5 20.5 40.5  46315  40993  51637                                        Wheeler County                                OR est23all.txt 27NOV2024
41  71    10972     9309    12635 10.6  9.0 12.2     2216     1570     2862 10.0  7.1 12.9     1573     1065     2081  9.4  6.3 12.5  86887  81224  92550                                        Yamhill County                                OR est23all.txt 27NOV2024
42   0  1497696  1471263  1524129 11.9 11.7 12.1   400534   384307   416761 15.5 14.9 16.1   283155   268801   297509 14.7 14.0 15.4  73826  73318  74334  108674  101148  116200 16.8 15.6 18.0 Pennsylvania                                  PA est23all.txt 27NOV2024
42   1     9485     7661    11309  9.3  7.5 11.1     2527     1924     3130 12.6  9.6 15.6     1844     1398     2290 12.2  9.2 15.2  77041  71636  82446                                        Adams County                                  PA est23all.txt 27NOV2024
42   3   137660   127887   147433 11.6 10.8 12.4    33902    29182    38622 15.2 13.1 17.3    23875    20285    27465 14.6 12.4 16.8  76488  74821  78155                                        Allegheny County                              PA est23all.txt 27NOV2024
42   5     7512     6150     8874 11.9  9.7 14.1     1820     1291     2349 15.4 10.9 19.9     1349      918     1780 15.0 10.2 19.8  61521  58158  64884                                        Armstrong County                              PA est23all.txt 27NOV2024
42   7    17014    14010    20018 10.4  8.6 12.2     3963     2809     5117 12.7  9.0 16.4     2829     1938     3720 12.0  8.2 15.8  66846  63012  70680                                        Beaver County                                 PA est23all.txt 27NOV2024
42   9     5257     4302     6212 11.2  9.2 13.2     1297      939     1655 14.3 10.3 18.3      880      583     1177 13.1  8.7 17.5  58319  54454  62184                                        Bedford County                                PA est23all.txt 27NOV2024
42  11    50100    44366    55834 11.9 10.5 13.3    16476    14081    18871 17.9 15.3 20.5    10556     8671    12441 15.3 12.6 18.0  75655  72961  78349                                        Berks County                                  PA est23all.txt 27NOV2024
42  13    16835    14164    19506 14.4 12.1 16.7     4249     3109     5389 18.0 13.2 22.8     3216     2328     4104 18.1 13.1 23.1  54909  51706  58112                                        Blair County                                  PA est23all.txt 27NOV2024
42  15     8189     7009     9369 13.9 11.9 15.9     2275     1761     2789 17.6 13.6 21.6     1474     1039     1909 15.3 10.8 19.8  61270  56312  66228                                        Bradford County                               PA est23all.txt 27NOV2024
42  17    42929    36818    49040  6.7  5.7  7.7     9449     7409    11489  7.5  5.9  9.1     6765     5181     8349  7.1  5.4  8.8 107006 103179 110833                                        Bucks County                                  PA est23all.txt 27NOV2024
42  19    17776    15090    20462  9.3  7.9 10.7     3643     2842     4444  9.8  7.6 12.0     2563     1922     3204  9.2  6.9 11.5  80978  77013  84943                                        Butler County                                 PA est23all.txt 27NOV2024
42  21    16576    13786    19366 13.2 11.0 15.4     4323     3242     5404 17.6 13.2 22.0     3215     2355     4075 17.3 12.7 21.9  55592  52703  58481                                        Cambria County                                PA est23all.txt 27NOV2024
42  23      664      515      813 15.3 11.9 18.7      194      134      254 25.7 17.7 33.7      145       98      192 24.7 16.6 32.8  51035  44756  57314                                        Cameron County                                PA est23all.txt 27NOV2024
42  25     7767     6324     9210 12.0  9.8 14.2     2107     1535     2679 17.6 12.8 22.4     1586     1154     2018 17.6 12.8 22.4  64894  60329  69459                                        Carbon County                                 PA est23all.txt 27NOV2024
42  27    23648    21459    25837 17.1 15.5 18.7     2255     1648     2862 10.0  7.3 12.7     1631     1171     2091  9.6  6.9 12.3  69999  64987  75011                                        Centre County                                 PA est23all.txt 27NOV2024
42  29    33085    28562    37608  6.2  5.4  7.0     7596     5941     9251  6.5  5.1  7.9     5312     4002     6622  6.0  4.5  7.5 120925 117920 123930                                        Chester County                                PA est23all.txt 27NOV2024
42  31     4932     4058     5806 14.2 11.7 16.7     1183      890     1476 17.3 13.0 21.6      857      630     1084 16.8 12.3 21.3  56911  51905  61917                                        Clarion County                                PA est23all.txt 27NOV2024
42  33    11254     9581    12927 15.4 13.1 17.7     2742     2110     3374 19.8 15.2 24.4     1838     1339     2337 17.6 12.8 22.4  60213  56437  63989                                        Clearfield County                             PA est23all.txt 27NOV2024
42  35     5535     4643     6427 15.5 13.0 18.0     1341      999     1683 18.5 13.8 23.2      977      716     1238 18.4 13.5 23.3  55946  50426  61466                                        Clinton County                                PA est23all.txt 27NOV2024
42  37     7760     6140     9380 12.6 10.0 15.2     1543     1055     2031 13.8  9.4 18.2     1115      732     1498 13.4  8.8 18.0  63605  59794  67416                                        Columbia County                               PA est23all.txt 27NOV2024
42  39     9866     8388    11344 12.6 10.7 14.5     2860     2188     3532 17.5 13.4 21.6     2038     1478     2598 16.9 12.3 21.5  60545  57834  63256                                        Crawford County                               PA est23all.txt 27NOV2024
42  41    21063    17538    24588  8.2  6.8  9.6     4918     3493     6343  9.1  6.5 11.7     3537     2440     4634  8.8  6.1 11.5  82507  78792  86222                                        Cumberland County                             PA est23all.txt 27NOV2024
42  43    36562    32011    41113 12.9 11.3 14.5    11851     9343    14359 19.0 15.0 23.0     8988     7130    10846 19.9 15.8 24.0  73929  71496  76362                                        Dauphin County                                PA est23all.txt 27NOV2024
42  45    60085    52765    67405 10.8  9.5 12.1    16964    13696    20232 13.7 11.1 16.3    11396     8927    13865 12.3  9.6 15.0  84180  81864  86496                                        Delaware County                               PA est23all.txt 27NOV2024
42  47     2988     2290     3686 10.0  7.7 12.3      777      551     1003 13.8  9.8 17.8      547      369      725 12.8  8.7 16.9  66378  60254  72502                                        Elk County                                    PA est23all.txt 27NOV2024
42  49    36783    32627    40939 14.5 12.9 16.1    11160     8963    13357 20.8 16.7 24.9     8068     6314     9822 20.1 15.7 24.5  60721  58801  62641                                        Erie County                                   PA est23all.txt 27NOV2024
42  51    22787    19674    25900 18.9 16.3 21.5     6199     5061     7337 27.1 22.1 32.1     4159     3176     5142 23.9 18.3 29.5  54030  50626  57434                                        Fayette County                                PA est23all.txt 27NOV2024
42  53      993      729     1257 24.8 18.2 31.4      157      108      206 29.3 20.1 38.5       94       63      125 22.5 15.0 30.0  48084  43132  53036                                        Forest County                                 PA est23all.txt 27NOV2024
42  55    12729    10257    15201  8.2  6.6  9.8     3798     2614     4982 11.3  7.8 14.8     2681     1798     3564 10.8  7.3 14.3  75532  71922  79142                                        Franklin County                               PA est23all.txt 27NOV2024
42  57     1819     1476     2162 12.7 10.3 15.1      516      384      648 18.7 13.9 23.5      387      288      486 18.8 14.0 23.6  62044  56259  67829                                        Fulton County                                 PA est23all.txt 27NOV2024
42  59     4880     3889     5871 15.5 12.4 18.6     1153      818     1488 18.4 13.1 23.7      833      563     1103 17.1 11.5 22.7  60627  54197  67057                                        Greene County                                 PA est23all.txt 27NOV2024
42  61     5034     3988     6080 13.0 10.3 15.7     1337     1002     1672 17.7 13.3 22.1      961      705     1217 17.2 12.6 21.8  61812  57939  65685                                        Huntingdon County                             PA est23all.txt 27NOV2024
42  63    12709    10865    14553 16.5 14.1 18.9     2666     2021     3311 18.5 14.0 23.0     1933     1410     2456 18.2 13.3 23.1  57110  52757  61463                                        Indiana County                                PA est23all.txt 27NOV2024
42  65     8071     7219     8923 18.8 16.8 20.8     2128     1768     2488 23.5 19.5 27.5     1548     1283     1813 22.8 18.9 26.7  49430  45449  53411                                        Jefferson County                              PA est23all.txt 27NOV2024
42  67     2468     1995     2941 10.8  8.7 12.9      670      492      848 13.4  9.8 17.0      434      284      584 12.0  7.8 16.2  59755  54383  65127                                        Juniata County                                PA est23all.txt 27NOV2024
42  69    33535    30173    36897 16.1 14.5 17.7     8467     6927    10007 19.5 15.9 23.1     6329     5184     7474 19.4 15.9 22.9  57570  53395  61745                                        Lackawanna County                             PA est23all.txt 27NOV2024
42  71    46567    39979    53155  8.6  7.4  9.8    14495    11710    17280 11.5  9.3 13.7    10319     8149    12489 11.2  8.8 13.6  80210  77168  83252                                        Lancaster County                              PA est23all.txt 27NOV2024
42  73    11209     9172    13246 13.6 11.1 16.1     3036     2169     3903 18.5 13.2 23.8     2147     1453     2841 17.3 11.7 22.9  61686  56500  66872                                        Lawrence County                               PA est23all.txt 27NOV2024
42  75    12219     9691    14747  8.7  6.9 10.5     3583     2509     4657 11.3  7.9 14.7     2622     1799     3445 10.9  7.5 14.3  78284  75257  81311                                        Lebanon County                                PA est23all.txt 27NOV2024
42  77    44748    39616    49880 12.1 10.7 13.5    14441    12053    16829 17.6 14.7 20.5    10275     8348    12202 16.7 13.6 19.8  76270  72410  80130                                        Lehigh County                                 PA est23all.txt 27NOV2024
42  79    51977    46721    57233 16.4 14.7 18.1    16439    14255    18623 25.3 21.9 28.7    12055    10356    13754 25.0 21.5 28.5  60165  56993  63337                                        Luzerne County                                PA est23all.txt 27NOV2024
42  81    13762    11446    16078 12.8 10.6 15.0     3733     2780     4686 16.7 12.4 21.0     2641     1921     3361 15.7 11.4 20.0  62063  58088  66038                                        Lycoming County                               PA est23all.txt 27NOV2024
42  83     5832     4779     6885 15.9 13.0 18.8     1536     1160     1912 21.0 15.8 26.2     1195      909     1481 21.4 16.3 26.5  59522  56100  62944                                        Mc Kean County                                PA est23all.txt 27NOV2024
42  85    12920    10516    15324 12.6 10.3 14.9     3716     2785     4647 18.8 14.1 23.5     2619     1912     3326 17.9 13.1 22.7  61530  59551  63509                                        Mercer County                                 PA est23all.txt 27NOV2024
42  87     6868     5657     8079 15.2 12.5 17.9     2189     1667     2711 21.5 16.4 26.6     1544     1153     1935 21.0 15.7 26.3  58758  54170  63346                                        Mifflin County                                PA est23all.txt 27NOV2024
42  89    15684    12975    18393  9.6  7.9 11.3     4270     2983     5557 13.9  9.7 18.1     3176     2185     4167 13.6  9.4 17.8  73408  67035  79781                                        Monroe County                                 PA est23all.txt 27NOV2024
42  91    58209    52036    64382  6.9  6.2  7.6    14324    12031    16617  7.9  6.6  9.2    10149     8299    11999  7.4  6.0  8.8 106780 104022 109538                                        Montgomery County                             PA est23all.txt 27NOV2024
42  93     1690     1326     2054  9.8  7.7 11.9      434      304      564 12.9  9.1 16.7      309      210      408 12.6  8.6 16.6  73087  64757  81417                                        Montour County                                PA est23all.txt 27NOV2024
42  95    29639    24927    34351  9.8  8.2 11.4     8634     7063    10205 14.6 12.0 17.2     6303     5141     7465 14.1 11.5 16.7  84051  81216  86886                                        Northampton County                            PA est23all.txt 27NOV2024
42  97    10647     8698    12596 12.3 10.1 14.5     2744     1842     3646 15.8 10.6 21.0     1962     1260     2664 15.3  9.8 20.8  58834  56155  61513                                        Northumberland County                         PA est23all.txt 27NOV2024
42  99     4588     3854     5322 10.1  8.5 11.7     1359     1066     1652 14.6 11.5 17.7      935      697     1173 13.5 10.1 16.9  71392  66076  76708                                        Perry County                                  PA est23all.txt 27NOV2024
42 101   304389   281939   326839 20.3 18.8 21.8    81952    70890    93014 25.8 22.3 29.3    57188    49069    65307 24.9 21.4 28.4  60196  58784  61608                                        Philadelphia County                           PA est23all.txt 27NOV2024
42 103     6088     4923     7253 10.0  8.1 11.9     1367      950     1784 13.4  9.3 17.5     1005      672     1338 12.8  8.6 17.0  71698  66856  76540                                        Pike County                                   PA est23all.txt 27NOV2024
42 105     1996     1555     2437 12.7  9.9 15.5      556      370      742 17.7 11.8 23.6      404      262      546 17.4 11.3 23.5  57850  51598  64102                                        Potter County                                 PA est23all.txt 27NOV2024
42 107    19457    16918    21996 14.2 12.3 16.1     5900     4957     6843 21.0 17.6 24.4     3726     2945     4507 17.4 13.7 21.1  63479  60105  66853                                        Schuylkill County                             PA est23all.txt 27NOV2024
42 109     4062     3195     4929 10.9  8.6 13.2     1079      746     1412 13.5  9.3 17.7      807      543     1071 13.7  9.2 18.2  68089  64519  71659                                        Snyder County                                 PA est23all.txt 27NOV2024
42 111     8149     6654     9644 12.0  9.8 14.2     2022     1423     2621 15.9 11.2 20.6     1500     1043     1957 15.7 10.9 20.5  59562  55302  63822                                        Somerset County                               PA est23all.txt 27NOV2024
42 113      773      602      944 13.8 10.7 16.9      118       80      156 19.9 13.5 26.3       85       56      114 21.6 14.3 28.9  59604  53725  65483                                        Sullivan County                               PA est23all.txt 27NOV2024
42 115     4509     3765     5253 12.0 10.0 14.0     1117      802     1432 16.1 11.6 20.6      847      597     1097 16.4 11.5 21.3  70021  65507  74535                                        Susquehanna County                            PA est23all.txt 27NOV2024
42 117     5091     4163     6019 13.0 10.6 15.4     1410     1079     1741 18.2 13.9 22.5     1037      787     1287 18.0 13.7 22.3  62918  58772  67064                                        Tioga County                                  PA est23all.txt 27NOV2024
42 119     3975     3173     4777 11.3  9.0 13.6      832      612     1052 11.6  8.5 14.7      579      405      753 10.9  7.6 14.2  82708  77828  87588                                        Union County                                  PA est23all.txt 27NOV2024
42 121     6717     5523     7911 13.8 11.3 16.3     1919     1384     2454 20.8 15.0 26.6     1298      883     1713 18.9 12.9 24.9  57256  53234  61278                                        Venango County                                PA est23all.txt 27NOV2024
42 123     4181     3360     5002 11.4  9.2 13.6     1231      849     1613 17.1 11.8 22.4      854      562     1146 16.1 10.6 21.6  57469  53010  61928                                        Warren County                                 PA est23all.txt 27NOV2024
42 125    19620    16108    23132  9.5  7.8 11.2     4914     3582     6246 12.2  8.9 15.5     3506     2508     4504 11.6  8.3 14.9  76957  72619  81295                                        Washington County                             PA est23all.txt 27NOV2024
42 127     6173     4995     7351 12.8 10.4 15.2     1373      988     1758 16.5 11.9 21.1     1032      728     1336 16.5 11.6 21.4  68429  62888  73970                                        Wayne County                                  PA est23all.txt 27NOV2024
42 129    37249    33026    41472 10.8  9.6 12.0     8585     6955    10215 13.8 11.2 16.4     6086     4774     7398 12.9 10.1 15.7  70985  68654  73316                                        Westmoreland County                           PA est23all.txt 27NOV2024
42 131     3417     2873     3961 13.5 11.3 15.7      823      602     1044 17.0 12.4 21.6      567      391      743 15.7 10.8 20.6  66855  61958  71752                                        Wyoming County                                PA est23all.txt 27NOV2024
42 133    38942    33391    44493  8.5  7.3  9.7    11902     9343    14461 12.0  9.4 14.6     8423     6377    10469 11.4  8.6 14.2  81213  78729  83697                                        York County                                   PA est23all.txt 27NOV2024
44   0   120087   113989   126185 11.4 10.8 12.0    30274    27551    32997 15.1 13.7 16.5    20977    18443    23511 14.2 12.5 15.9  83518  81248  85788    8473    7424    9522 16.6 14.5 18.7 Rhode Island                                  RI est23all.txt 27NOV2024
44   1     3750     2898     4602  7.9  6.1  9.7      678      464      892  7.8  5.3 10.3      480      305      655  7.0  4.4  9.6  99802  89678 109926                                        Bristol County                                RI est23all.txt 27NOV2024
44   3    15274    12557    17991  9.0  7.4 10.6     3160     2203     4117 10.5  7.3 13.7     2190     1441     2939  9.8  6.4 13.2  89914  84637  95191                                        Kent County                                   RI est23all.txt 27NOV2024
44   5     9019     7717    10321 11.3  9.7 12.9     1819     1405     2233 14.2 11.0 17.4     1112      788     1436 11.6  8.2 15.0  99912  92578 107246                                        Newport County                                RI est23all.txt 27NOV2024
44   7    80793    74186    87400 12.7 11.7 13.7    22481    19638    25324 17.3 15.1 19.5    15744    13502    17986 16.6 14.2 19.0  75307  71836  78778                                        Providence County                             RI est23all.txt 27NOV2024
44   9    11250     9204    13296  9.1  7.4 10.8     2136     1591     2681 11.1  8.3 13.9     1451     1008     1894  9.9  6.9 12.9 101749  98028 105470                                        Washington County                             RI est23all.txt 27NOV2024
45   0   724634   706516   742752 13.9 13.6 14.2   211225   201409   221041 18.8 17.9 19.7   151321   142435   160207 18.1 17.0 19.2  67988  66963  69013   55042   50957   59127 19.5 18.1 20.9 South Carolina                                SC est23all.txt 27NOV2024
45   1     3617     2790     4444 15.3 11.8 18.8     1033      727     1339 22.0 15.5 28.5      758      515     1001 21.6 14.7 28.5  51580  46919  56241                                        Abbeville County                              SC est23all.txt 27NOV2024
45   3    24516    20907    28125 14.1 12.0 16.2     6616     4732     8500 17.7 12.7 22.7     4925     3469     6381 17.9 12.6 23.2  67769  62877  72661                                        Aiken County                                  SC est23all.txt 27NOV2024
45   5     2131     1643     2619 32.6 25.1 40.1      582      396      768 44.6 30.3 58.9      432      282      582 44.0 28.7 59.3  35477  31113  39841                                        Allendale County                              SC est23all.txt 27NOV2024
45   7    28239    24247    32231 13.5 11.6 15.4     8642     6890    10394 18.4 14.7 22.1     6283     4972     7594 17.7 14.0 21.4  64813  60084  69542                                        Anderson County                               SC est23all.txt 27NOV2024
45   9     3405     2735     4075 27.7 22.2 33.2      862      606     1118 36.3 25.5 47.1      630      427      833 36.2 24.5 47.9  41555  36625  46485                                        Bamberg County                                SC est23all.txt 27NOV2024
45  11     5419     4583     6255 27.2 23.0 31.4     2193     1795     2591 45.8 37.5 54.1     1599     1293     1905 45.9 37.1 54.7  46482  40687  52277                                        Barnwell County                               SC est23all.txt 27NOV2024
45  13    18161    14889    21433  9.5  7.8 11.2     4674     3289     6059 14.0  9.8 18.2     3393     2295     4491 13.9  9.4 18.4  82199  77646  86752                                        Beaufort County                               SC est23all.txt 27NOV2024
45  15    24616    20350    28882  9.8  8.1 11.5     7364     5350     9378 12.6  9.1 16.1     5496     3901     7091 12.7  9.0 16.4  82414  77668  87160                                        Berkeley County                               SC est23all.txt 27NOV2024
45  17     2044     1525     2563 14.6 10.9 18.3      629      433      825 24.3 16.7 31.9      468      312      624 23.8 15.9 31.7  58916  51739  66093                                        Calhoun County                                SC est23all.txt 27NOV2024
45  19    45722    39151    52293 11.0  9.4 12.6    11376     8301    14451 14.2 10.4 18.0     7928     5543    10313 13.9  9.7 18.1  88111  84808  91414                                        Charleston County                             SC est23all.txt 27NOV2024
45  21     9306     7707    10905 16.8 13.9 19.7     2976     2246     3706 23.5 17.7 29.3     2090     1495     2685 22.3 16.0 28.6  57768  53504  62032                                        Cherokee County                               SC est23all.txt 27NOV2024
45  23     6425     5399     7451 20.1 16.9 23.3     2149     1712     2586 30.8 24.5 37.1     1519     1184     1854 29.1 22.7 35.5  51383  46847  55919                                        Chester County                                SC est23all.txt 27NOV2024
45  25     8818     7481    10155 20.3 17.2 23.4     2873     2310     3436 30.0 24.1 35.9     2100     1653     2547 29.6 23.3 35.9  50962  45560  56364                                        Chesterfield County                           SC est23all.txt 27NOV2024
45  27     5930     4693     7167 20.0 15.8 24.2     1582     1109     2055 29.7 20.8 38.6     1229      850     1608 31.0 21.4 40.6  47675  42685  52665                                        Clarendon County                              SC est23all.txt 27NOV2024
45  29     8823     7540    10106 23.0 19.7 26.3     2936     2315     3557 33.6 26.5 40.7     1943     1440     2446 30.1 22.3 37.9  48504  44875  52133                                        Colleton County                               SC est23all.txt 27NOV2024
45  31    13658    11510    15806 22.3 18.8 25.8     4117     3166     5068 30.1 23.1 37.1     3063     2300     3826 30.4 22.8 38.0  46249  41445  51053                                        Darlington County                             SC est23all.txt 27NOV2024
45  33     6645     5439     7851 24.4 20.0 28.8     2379     1742     3016 34.6 25.3 43.9     1824     1330     2318 36.2 26.4 46.0  45269  40829  49709                                        Dillon County                                 SC est23all.txt 27NOV2024
45  35    17124    14462    19786 10.2  8.6 11.8     5089     3747     6431 12.8  9.4 16.2     3582     2513     4651 12.0  8.4 15.6  78329  73096  83562                                        Dorchester County                             SC est23all.txt 27NOV2024
45  37     4264     3450     5078 16.8 13.6 20.0     1005      739     1271 22.4 16.5 28.3      773      561      985 22.5 16.3 28.7  62851  55981  69721                                        Edgefield County                              SC est23all.txt 27NOV2024
45  39     4160     3339     4981 20.7 16.6 24.8     1191      872     1510 33.1 24.2 42.0      881      631     1131 33.2 23.8 42.6  48123  44616  51630                                        Fairfield County                              SC est23all.txt 27NOV2024
45  41    25245    21885    28605 18.8 16.3 21.3     8909     7379    10439 28.0 23.2 32.8     6259     5003     7515 26.2 20.9 31.5  56144  50933  61355                                        Florence County                               SC est23all.txt 27NOV2024
45  43     9000     7169    10831 13.8 11.0 16.6     2431     1705     3157 22.8 16.0 29.6     1887     1316     2458 23.0 16.0 30.0  69379  64847  73911                                        Georgetown County                             SC est23all.txt 27NOV2024
45  45    61870    54755    68985 11.3 10.0 12.6    18233    15021    21445 14.6 12.0 17.2    13766    11411    16121 14.9 12.4 17.4  76281  74079  78483                                        Greenville County                             SC est23all.txt 27NOV2024
45  47    11282     9274    13290 16.9 13.9 19.9     3593     2629     4557 23.7 17.3 30.1     2620     1888     3352 23.1 16.6 29.6  56726  51683  61769                                        Greenwood County                              SC est23all.txt 27NOV2024
45  49     4059     3261     4857 24.2 19.4 29.0     1158      818     1498 32.1 22.7 41.5      826      565     1087 30.6 20.9 40.3  44774  39388  50160                                        Hampton County                                SC est23all.txt 27NOV2024
45  51    50083    45377    54789 12.9 11.7 14.1    12886    10546    15226 19.8 16.2 23.4     9170     7291    11049 18.8 14.9 22.7  68684  65693  71675                                        Horry County                                  SC est23all.txt 27NOV2024
45  53     5238     4191     6285 16.2 13.0 19.4     1722     1207     2237 29.2 20.5 37.9     1151      750     1552 28.3 18.5 38.1  61816  54564  69068                                        Jasper County                                 SC est23all.txt 27NOV2024
45  55     8718     6965    10471 12.6 10.1 15.1     2841     2080     3602 17.8 13.0 22.6     1982     1387     2577 16.5 11.5 21.5  69277  62240  76314                                        Kershaw County                                SC est23all.txt 27NOV2024
45  57    11435     9319    13551 10.8  8.8 12.8     3140     2289     3991 13.7 10.0 17.4     2321     1676     2966 13.8 10.0 17.6  74417  69830  79004                                        Lancaster County                              SC est23all.txt 27NOV2024
45  59    11202     9115    13289 16.7 13.6 19.8     3513     2584     4442 24.0 17.7 30.3     2476     1725     3227 22.8 15.9 29.7  56237  52285  60189                                        Laurens County                                SC est23all.txt 27NOV2024
45  61     3554     2725     4383 24.5 18.8 30.2     1004      693     1315 33.8 23.3 44.3      745      498      992 33.4 22.3 44.5  46256  40625  51887                                        Lee County                                    SC est23all.txt 27NOV2024
45  63    34255    29931    38579 11.2  9.8 12.6    10034     7866    12202 14.4 11.3 17.5     7347     5637     9057 14.0 10.7 17.3  76559  73343  79775                                        Lexington County                              SC est23all.txt 27NOV2024
45  65     1618     1276     1960 17.6 13.9 21.3      324      228      420 32.6 23.0 42.2      234      156      312 32.5 21.6 43.4  58475  50998  65952                                        McCormick County                              SC est23all.txt 27NOV2024
45  67     7184     5846     8522 25.4 20.7 30.1     2209     1594     2824 35.9 25.9 45.9     1609     1128     2090 34.9 24.5 45.3  40171  35045  45297                                        Marion County                                 SC est23all.txt 27NOV2024
45  69     6285     5085     7485 27.2 22.0 32.4     1814     1272     2356 35.6 24.9 46.3     1306      881     1731 34.8 23.5 46.1  42308  36832  47784                                        Marlboro County                               SC est23all.txt 27NOV2024
45  71     6541     5434     7648 17.5 14.5 20.5     2305     1814     2796 28.3 22.3 34.3     1462     1050     1874 24.0 17.2 30.8  57325  50996  63654                                        Newberry County                               SC est23all.txt 27NOV2024
45  73    11722     9934    13510 14.6 12.4 16.8     2999     2239     3759 20.1 15.0 25.2     2102     1532     2672 18.2 13.3 23.1  67161  61488  72834                                        Oconee County                                 SC est23all.txt 27NOV2024
45  75    17088    14163    20013 21.7 18.0 25.4     5024     3685     6363 29.1 21.3 36.9     3626     2547     4705 27.7 19.4 36.0  50959  47290  54628                                        Orangeburg County                             SC est23all.txt 27NOV2024
45  77    21166    18482    23850 16.8 14.7 18.9     4298     3338     5258 17.6 13.7 21.5     2938     2183     3693 16.0 11.9 20.1  58480  54875  62085                                        Pickens County                                SC est23all.txt 27NOV2024
45  79    63343    55496    71190 15.9 13.9 17.9    17758    14290    21226 19.9 16.0 23.8    12524     9852    15196 18.8 14.8 22.8  61508  59203  63813                                        Richland County                               SC est23all.txt 27NOV2024
45  81     3046     2432     3660 16.1 12.8 19.4     1008      743     1273 24.4 18.0 30.8      740      538      942 24.5 17.8 31.2  60220  53663  66777                                        Saluda County                                 SC est23all.txt 27NOV2024
45  83    48674    43084    54264 14.0 12.4 15.6    16104    13568    18640 19.7 16.6 22.8    11148     9143    13153 18.3 15.0 21.6  64649  60817  68481                                        Spartanburg County                            SC est23all.txt 27NOV2024
45  85    17764    15014    20514 17.5 14.8 20.2     5777     4309     7245 23.9 17.8 30.0     4037     2861     5213 22.9 16.2 29.6  55481  50970  59992                                        Sumter County                                 SC est23all.txt 27NOV2024
45  87     6131     5281     6981 23.4 20.2 26.6     1863     1524     2202 34.8 28.5 41.1     1182      907     1457 29.1 22.3 35.9  40008  37850  42166                                        Union County                                  SC est23all.txt 27NOV2024
45  89     7015     5571     8459 24.8 19.7 29.9     1760     1198     2322 31.6 21.5 41.7     1377      934     1820 32.2 21.9 42.5  43711  39404  48018                                        Williamsburg County                           SC est23all.txt 27NOV2024
45  91    28093    24172    32014  9.6  8.3 10.9     8251     6584     9918 12.0  9.6 14.4     5570     4234     6906 10.6  8.1 13.1  82495  77462  87528                                        York County                                   SC est23all.txt 27NOV2024
46   0   101184    96133   106235 11.4 10.8 12.0    29314    26559    32069 13.5 12.2 14.8    20281    17737    22825 12.7 11.1 14.3  72794  70840  74748    8187    7150    9224 14.4 12.6 16.2 South Dakota                                  SD est23all.txt 27NOV2024
46   3      295      230      360 11.0  8.6 13.4      102       71      133 15.3 10.7 19.9       72       49       95 15.2 10.3 20.1  66789  60413  73165                                        Aurora County                                 SD est23all.txt 27NOV2024
46   5     3121     2635     3607 16.3 13.8 18.8     1051      796     1306 19.3 14.6 24.0      779      588      970 20.1 15.2 25.0  59721  52618  66824                                        Beadle County                                 SD est23all.txt 27NOV2024
46   7      904      688     1120 27.7 21.1 34.3      365      238      492 35.6 23.2 48.0      257      162      352 32.3 20.3 44.3  48547  42384  54710                                        Bennett County                                SD est23all.txt 27NOV2024
46   9      756      576      936 13.4 10.2 16.6      132       87      177 10.1  6.7 13.5       93       59      127 10.1  6.5 13.7  67069  59893  74245                                        Bon Homme County                              SD est23all.txt 27NOV2024
46  11     3659     3004     4314 11.2  9.2 13.2      547      368      726  7.4  5.0  9.8      378      247      509  6.9  4.5  9.3  75209  66789  83629                                        Brookings County                              SD est23all.txt 27NOV2024
46  13     3680     2936     4424 10.0  8.0 12.0      866      570     1162  9.9  6.5 13.3      614      392      836  9.3  5.9 12.7  67491  60351  74631                                        Brown County                                  SD est23all.txt 27NOV2024
46  15      647      513      781 12.6 10.0 15.2      188      122      254 14.6  9.5 19.7      132       83      181 13.9  8.8 19.0  69383  61811  76955                                        Brule County                                  SD est23all.txt 27NOV2024
46  17      621      470      772 33.1 25.0 41.2      258      169      347 38.1 25.0 51.2      181      114      248 35.6 22.5 48.7  32803  28545  37061                                        Buffalo County                                SD est23all.txt 27NOV2024
46  19     1287      992     1582 12.0  9.3 14.7      404      262      546 15.1  9.8 20.4      292      183      401 15.1  9.5 20.7  62368  55264  69472                                        Butte County                                  SD est23all.txt 27NOV2024
46  21      147      112      182 11.0  8.4 13.6       31       20       42 12.8  8.2 17.4       25       16       34 15.2  9.4 21.0  64367  56196  72538                                        Campbell County                               SD est23all.txt 27NOV2024
46  23     1925     1556     2294 21.4 17.3 25.5      717      503      931 26.1 18.3 33.9      461      300      622 23.3 15.2 31.4  59721  53823  65619                                        Charles Mix County                            SD est23all.txt 27NOV2024
46  25      414      318      510 11.1  8.5 13.7      132       85      179 13.7  8.9 18.5       88       54      122 13.6  8.4 18.8  65768  57416  74120                                        Clark County                                  SD est23all.txt 27NOV2024
46  27     2266     1756     2776 17.5 13.6 21.4      388      255      521 14.6  9.6 19.6      258      164      352 12.9  8.2 17.6  63752  58268  69236                                        Clay County                                   SD est23all.txt 27NOV2024
46  29     3243     2724     3762 11.4  9.6 13.2      764      574      954 11.8  8.9 14.7      455      306      604  9.2  6.2 12.2  66288  59690  72886                                        Codington County                              SD est23all.txt 27NOV2024
46  31     1272      999     1545 33.7 26.5 40.9      527      355      699 40.4 27.3 53.5      370      248      492 39.2 26.3 52.1  42911  37444  48378                                        Corson County                                 SD est23all.txt 27NOV2024
46  33      763      578      948  8.5  6.4 10.6      166      105      227 13.3  8.4 18.2      126       77      175 13.9  8.5 19.3  76579  67661  85497                                        Custer County                                 SD est23all.txt 27NOV2024
46  35     1839     1373     2305  9.4  7.0 11.8      530      344      716 11.7  7.6 15.8      369      229      509 11.0  6.8 15.2  67847  59536  76158                                        Davison County                                SD est23all.txt 27NOV2024
46  37      713      552      874 13.3 10.3 16.3      200      132      268 16.7 11.1 22.3      145       93      197 15.7 10.1 21.3  60503  52901  68105                                        Day County                                    SD est23all.txt 27NOV2024
46  39      394      310      478  9.2  7.2 11.2       94       64      124  8.8  6.0 11.6       67       44       90  8.5  5.6 11.4  67290  59721  74859                                        Deuel County                                  SD est23all.txt 27NOV2024
46  41     1360     1092     1628 26.2 21.0 31.4      590      405      775 29.3 20.1 38.5      412      266      558 28.7 18.5 38.9  48477  42212  54742                                        Dewey County                                  SD est23all.txt 27NOV2024
46  43      236      173      299  8.7  6.4 11.0       85       55      115 11.3  7.3 15.3       62       39       85 12.0  7.5 16.5  68324  60264  76384                                        Douglas County                                SD est23all.txt 27NOV2024
46  45      398      308      488 10.2  7.9 12.5       98       64      132 11.8  7.7 15.9       69       43       95 12.8  8.0 17.6  74870  68731  81009                                        Edmunds County                                SD est23all.txt 27NOV2024
46  47     1017      804     1230 14.1 11.1 17.1      238      164      312 20.0 13.8 26.2      162      103      221 17.6 11.2 24.0  58834  51636  66032                                        Fall River County                             SD est23all.txt 27NOV2024
46  49      256      204      308 13.0 10.4 15.6       71       45       97 15.6 10.0 21.2       48       29       67 18.6 11.3 25.9  66810  58561  75059                                        Faulk County                                  SD est23all.txt 27NOV2024
46  51      732      570      894  9.9  7.7 12.1      195      132      258 11.6  7.9 15.3      140       90      190 11.3  7.3 15.3  73409  64667  82151                                        Grant County                                  SD est23all.txt 27NOV2024
46  53      570      436      704 14.5 11.1 17.9      169      109      229 17.4 11.2 23.6      123       76      170 16.7 10.3 23.1  54134  48051  60217                                        Gregory County                                SD est23all.txt 27NOV2024
46  55      193      146      240 10.6  8.0 13.2       57       37       77 12.8  8.4 17.2       42       26       58 12.6  7.9 17.3  62682  55586  69778                                        Haakon County                                 SD est23all.txt 27NOV2024
46  57      457      340      574  7.2  5.4  9.0      159      101      217  7.5  4.8 10.2      124       78      170  8.5  5.3 11.7  87571  83739  91403                                        Hamlin County                                 SD est23all.txt 27NOV2024
46  59      260      196      324  8.5  6.4 10.6       68       44       92  9.3  6.1 12.5       47       29       65  8.3  5.2 11.4  69681  60604  78758                                        Hand County                                   SD est23all.txt 27NOV2024
46  61      301      234      368  9.0  7.0 11.0       94       60      128 11.1  7.1 15.1       67       41       93 11.9  7.3 16.5  72307  63614  81000                                        Hanson County                                 SD est23all.txt 27NOV2024
46  63      160      121      199 12.1  9.1 15.1       43       28       58 13.6  8.8 18.4       32       20       44 14.6  9.1 20.1  59255  52096  66414                                        Harding County                                SD est23all.txt 27NOV2024
46  65     1455     1096     1814  8.6  6.5 10.7      458      302      614 10.8  7.1 14.5      317      201      433 10.0  6.3 13.7  75885  69555  82215                                        Hughes County                                 SD est23all.txt 27NOV2024
46  67      691      527      855  9.8  7.5 12.1      236      154      318 13.7  8.9 18.5      163      102      224 13.8  8.7 18.9  68648  60528  76768                                        Hutchinson County                             SD est23all.txt 27NOV2024
46  69      129       99      159 11.2  8.6 13.8       36       24       48 13.2  8.6 17.8       26       16       36 14.1  8.8 19.4  66253  57518  74988                                        Hyde County                                   SD est23all.txt 27NOV2024
46  71      814      651      977 29.8 23.8 35.8      348      233      463 36.0 24.1 47.9      236      151      321 35.7 22.9 48.5  47946  41659  54233                                        Jackson County                                SD est23all.txt 27NOV2024
46  73      204      156      252 12.7  9.7 15.7       61       40       82 17.2 11.3 23.1       45       28       62 19.0 12.0 26.0  57613  50619  64607                                        Jerauld County                                SD est23all.txt 27NOV2024
46  75      120       93      147 14.1 11.0 17.2       44       29       59 23.5 15.7 31.3       34       22       46 23.4 15.1 31.7  60640  52731  68549                                        Jones County                                  SD est23all.txt 27NOV2024
46  77      512      406      618 10.0  7.9 12.1      155      105      205 12.0  8.1 15.9      119       80      158 13.0  8.7 17.3  67518  59315  75721                                        Kingsbury County                              SD est23all.txt 27NOV2024
46  79      993      782     1204  9.4  7.4 11.4      195      127      263  8.9  5.8 12.0      145       91      199  9.0  5.7 12.3  70136  61781  78491                                        Lake County                                   SD est23all.txt 27NOV2024
46  81     3011     2395     3627 11.1  8.8 13.4      512      346      678 11.4  7.7 15.1      351      227      475 10.2  6.6 13.8  69088  61008  77168                                        Lawrence County                               SD est23all.txt 27NOV2024
46  83     2429     1843     3015  3.3  2.5  4.1      721      467      975  3.8  2.5  5.1      489      305      673  3.4  2.1  4.7 102130  94606 109654                                        Lincoln County                                SD est23all.txt 27NOV2024
46  85      705      545      865 19.3 14.9 23.7      261      169      353 26.0 16.9 35.1      179      110      248 25.4 15.7 35.1  55274  49474  61074                                        Lyman County                                  SD est23all.txt 27NOV2024
46  87      451      342      560  8.0  6.1  9.9      150       98      202  9.3  6.1 12.5      107       67      147  9.2  5.7 12.7  85702  78741  92663                                        McCook County                                 SD est23all.txt 27NOV2024
46  89      336      258      414 15.4 11.8 19.0       81       52      110 19.0 12.2 25.8       54       33       75 18.8 11.6 26.0  55704  48703  62705                                        McPherson County                              SD est23all.txt 27NOV2024
46  91      469      358      580 11.1  8.5 13.7      140       91      189 14.1  9.2 19.0       98       61      135 15.1  9.4 20.8  69480  60591  78369                                        Marshall County                               SD est23all.txt 27NOV2024
46  93     2363     1851     2875  7.9  6.2  9.6      539      348      730  8.5  5.5 11.5      404      252      556  8.3  5.2 11.4  74577  67608  81546                                        Meade County                                  SD est23all.txt 27NOV2024
46  95      468      357      579 26.0 19.8 32.2      183      120      246 33.0 21.6 44.4      130       82      178 31.9 20.1 43.7  48596  42761  54431                                        Mellette County                               SD est23all.txt 27NOV2024
46  97      230      175      285 10.5  8.0 13.0       54       35       73 10.4  6.8 14.0       38       24       52 10.1  6.3 13.9  69943  62713  77173                                        Miner County                                  SD est23all.txt 27NOV2024
46  99    19711    17250    22172  9.7  8.5 10.9     5281     4106     6456 10.3  8.0 12.6     3631     2728     4534  9.7  7.3 12.1  73277  68531  78023                                        Minnehaha County                              SD est23all.txt 27NOV2024
46 101      622      490      754  9.8  7.7 11.9      185      126      244 11.1  7.6 14.6      137       91      183 11.2  7.5 14.9  72783  64336  81230                                        Moody County                                  SD est23all.txt 27NOV2024
46 102     4827     3875     5779 37.1 29.8 44.4     1926     1435     2417 40.7 30.3 51.1     1434     1071     1797 39.9 29.8 50.0  42791  37300  48282                                        Oglala Lakota County                          SD est23all.txt 27NOV2024
46 103    13052    11119    14985 11.6  9.9 13.3     4083     3188     4978 16.3 12.7 19.9     2690     1987     3393 14.8 10.9 18.7  74641  69478  79804                                        Pennington County                             SD est23all.txt 27NOV2024
46 105      404      315      493 14.5 11.3 17.7      121       79      163 18.3 12.0 24.6       86       54      118 17.7 11.1 24.3  56922  50929  62915                                        Perkins County                                SD est23all.txt 27NOV2024
46 107      217      163      271  9.2  6.9 11.5       57       37       77 11.0  7.1 14.9       41       26       56 10.0  6.3 13.7  70243  61471  79015                                        Potter County                                 SD est23all.txt 27NOV2024
46 109     1624     1259     1989 16.3 12.6 20.0      573      379      767 19.9 13.2 26.6      416      269      563 19.6 12.7 26.5  65069  59847  70291                                        Roberts County                                SD est23all.txt 27NOV2024
46 111      287      225      349 12.4  9.7 15.1       74       49       99 13.3  8.7 17.9       52       32       72 13.9  8.6 19.2  67523  60181  74865                                        Sanborn County                                SD est23all.txt 27NOV2024
46 115      635      481      789 10.7  8.1 13.3      169      110      228 12.6  8.2 17.0      116       73      159 12.6  7.9 17.3  69262  61309  77215                                        Spink County                                  SD est23all.txt 27NOV2024
46 117      230      175      285  7.6  5.8  9.4       63       41       85  9.4  6.1 12.7       46       29       63  8.9  5.6 12.2  82778  72615  92941                                        Stanley County                                SD est23all.txt 27NOV2024
46 119      113       86      140  7.6  5.8  9.4       22       14       30  7.4  4.8 10.0       16       10       22  7.0  4.3  9.7  74496  64992  84000                                        Sully County                                  SD est23all.txt 27NOV2024
46 121     3244     2531     3957 35.6 27.8 43.4     1421      953     1889 37.9 25.4 50.4      900      574     1226 32.3 20.6 44.0  50268  47095  53441                                        Todd County                                   SD est23all.txt 27NOV2024
46 123      865      647     1083 16.1 12.1 20.1      271      175      367 21.4 13.9 28.9      194      121      267 21.5 13.4 29.6  58195  50897  65493                                        Tripp County                                  SD est23all.txt 27NOV2024
46 125      748      585      911  8.4  6.6 10.2      186      123      249  8.3  5.5 11.1      139       88      190  8.1  5.1 11.1  75454  68484  82424                                        Turner County                                 SD est23all.txt 27NOV2024
46 127      970      738     1202  5.7  4.3  7.1      228      149      307  5.6  3.7  7.5      159      100      218  5.0  3.2  6.8  97016  87063 106969                                        Union County                                  SD est23all.txt 27NOV2024
46 129      819      649      989 15.8 12.5 19.1      235      155      315 18.8 12.4 25.2      167      107      227 18.8 12.0 25.6  57426  50011  64841                                        Walworth County                               SD est23all.txt 27NOV2024
46 135     2481     1965     2997 11.4  9.0 13.8      594      419      769 12.2  8.6 15.8      408      277      539 11.3  7.7 14.9  73061  65680  80442                                        Yankton County                                SD est23all.txt 27NOV2024
46 137     1072      872     1272 46.2 37.6 54.8      321      249      393 55.7 43.3 68.1      224      174      274 54.4 42.3 66.5  42254  36764  47744                                        Ziebach County                                SD est23all.txt 27NOV2024
47   0   963479   942879   984079 13.8 13.5 14.1   290918   277427   304409 18.9 18.0 19.8   209003   196523   221483 18.4 17.3 19.5  67651  66801  68501   76677   71290   82064 19.2 17.8 20.6 Tennessee                                     TN est23all.txt 27NOV2024
47   1    11386     9632    13140 14.4 12.2 16.6     2995     2226     3764 18.2 13.5 22.9     2011     1393     2629 16.3 11.3 21.3  61009  55187  66831                                        Anderson County                               TN est23all.txt 27NOV2024
47   3     6882     5446     8318 13.3 10.5 16.1     2474     1831     3117 19.0 14.1 23.9     1728     1255     2201 18.3 13.3 23.3  69272  64397  74147                                        Bedford County                                TN est23all.txt 27NOV2024
47   5     2800     2219     3381 17.6 14.0 21.2      869      636     1102 27.3 20.0 34.6      634      455      813 26.9 19.3 34.5  52795  47139  58451                                        Benton County                                 TN est23all.txt 27NOV2024
47   7     2830     2235     3425 21.6 17.1 26.1      638      468      808 28.1 20.6 35.6      450      315      585 27.2 19.0 35.4  50731  44964  56498                                        Bledsoe County                                TN est23all.txt 27NOV2024
47   9    13528    11037    16019  9.7  7.9 11.5     3570     2561     4579 13.1  9.4 16.8     2527     1777     3277 12.3  8.7 15.9  77206  72906  81506                                        Blount County                                 TN est23all.txt 27NOV2024
47  11    16404    14036    18772 15.0 12.8 17.2     4562     3625     5499 19.3 15.3 23.3     3117     2391     3843 17.6 13.5 21.7  61440  58013  64867                                        Bradley County                                TN est23all.txt 27NOV2024
47  13     8147     6769     9525 20.6 17.1 24.1     2077     1499     2655 25.7 18.6 32.8     1547     1110     1984 26.2 18.8 33.6  50443  44820  56066                                        Campbell County                               TN est23all.txt 27NOV2024
47  15     2150     1708     2592 14.4 11.4 17.4      704      515      893 21.8 16.0 27.6      487      345      629 21.0 14.9 27.1  60098  52643  67553                                        Cannon County                                 TN est23all.txt 27NOV2024
47  17     4803     3929     5677 17.4 14.2 20.6     1344      972     1716 21.9 15.8 28.0      971      693     1249 20.8 14.9 26.7  51159  45252  57066                                        Carroll County                                TN est23all.txt 27NOV2024
47  19     9386     7684    11088 16.9 13.8 20.0     2218     1577     2859 23.0 16.4 29.6     1692     1196     2188 23.2 16.4 30.0  48885  44215  53555                                        Carter County                                 TN est23all.txt 27NOV2024
47  21     3625     2787     4463  8.7  6.7 10.7     1093      753     1433 12.4  8.5 16.3      767      513     1021 11.8  7.9 15.7  82030  74117  89943                                        Cheatham County                               TN est23all.txt 27NOV2024
47  23     2740     2247     3233 16.7 13.7 19.7      791      588      994 21.3 15.8 26.8      548      391      705 19.5 13.9 25.1  65714  59889  71539                                        Chester County                                TN est23all.txt 27NOV2024
47  25     5818     4687     6949 18.6 15.0 22.2     1628     1208     2048 27.0 20.0 34.0     1160      837     1483 25.9 18.7 33.1  53195  48475  57915                                        Claiborne County                              TN est23all.txt 27NOV2024
47  27     1620     1282     1958 21.2 16.8 25.6      448      313      583 29.8 20.8 38.8      335      229      441 29.4 20.1 38.7  46575  40959  52191                                        Clay County                                   TN est23all.txt 27NOV2024
47  29     7563     6158     8968 20.4 16.6 24.2     2149     1542     2756 28.7 20.6 36.8     1516     1036     1996 27.2 18.6 35.8  47491  42291  52691                                        Cocke County                                  TN est23all.txt 27NOV2024
47  31     8657     6987    10327 14.5 11.7 17.3     2753     2020     3486 19.4 14.2 24.6     2047     1511     2583 19.5 14.4 24.6  65038  59749  70327                                        Coffee County                                 TN est23all.txt 27NOV2024
47  33     2045     1584     2506 14.9 11.5 18.3      648      446      850 20.5 14.1 26.9      473      320      626 20.0 13.5 26.5  56083  50204  61962                                        Crockett County                               TN est23all.txt 27NOV2024
47  35     9385     7706    11064 14.6 12.0 17.2     2603     1934     3272 24.3 18.1 30.5     1816     1311     2321 22.7 16.4 29.0  60632  55820  65444                                        Cumberland County                             TN est23all.txt 27NOV2024
47  37    85007    75333    94681 12.3 10.9 13.7    24615    19387    29843 17.3 13.6 21.0    17748    13837    21659 18.2 14.2 22.2  80216  77709  82723                                        Davidson County                               TN est23all.txt 27NOV2024
47  39     2207     1817     2597 19.2 15.8 22.6      560      404      716 24.0 17.3 30.7      392      270      514 22.2 15.3 29.1  52000  45339  58661                                        Decatur County                                TN est23all.txt 27NOV2024
47  41     3408     2768     4048 16.3 13.2 19.4      981      723     1239 22.0 16.2 27.8      643      442      844 20.1 13.8 26.4  57936  50827  65045                                        DeKalb County                                 TN est23all.txt 27NOV2024
47  43     5522     4335     6709  9.9  7.8 12.0     1698     1169     2227 13.6  9.4 17.8     1241      839     1643 13.5  9.1 17.9  74028  70444  77612                                        Dickson County                                TN est23all.txt 27NOV2024
47  45     6368     5285     7451 17.7 14.7 20.7     2060     1557     2563 23.9 18.1 29.7     1536     1163     1909 24.5 18.6 30.4  57548  52426  62670                                        Dyer County                                   TN est23all.txt 27NOV2024
47  47     5588     4623     6553 12.8 10.6 15.0     1408     1033     1783 18.5 13.6 23.4     1117      827     1407 20.5 15.2 25.8  76680  67678  85682                                        Fayette County                                TN est23all.txt 27NOV2024
47  49     3653     2878     4428 18.9 14.9 22.9     1060      742     1378 26.6 18.6 34.6      754      507     1001 25.4 17.1 33.7  47860  41926  53794                                        Fentress County                               TN est23all.txt 27NOV2024
47  51     5406     4280     6532 12.9 10.2 15.6     1612     1205     2019 19.1 14.3 23.9     1123      802     1444 18.1 12.9 23.3  64243  57361  71125                                        Franklin County                               TN est23all.txt 27NOV2024
47  53     7373     6073     8673 14.7 12.1 17.3     2344     1705     2983 19.2 14.0 24.4     1707     1233     2181 18.5 13.4 23.6  57630  52688  62572                                        Gibson County                                 TN est23all.txt 27NOV2024
47  55     4570     3703     5437 15.3 12.4 18.2     1350      986     1714 21.9 16.0 27.8      973      700     1246 21.1 15.2 27.0  60422  55588  65256                                        Giles County                                  TN est23all.txt 27NOV2024
47  57     3800     2987     4613 15.5 12.2 18.8     1001      697     1305 21.7 15.1 28.3      732      498      966 21.6 14.7 28.5  57132  50137  64127                                        Grainger County                               TN est23all.txt 27NOV2024
47  59    10430     8650    12210 14.8 12.3 17.3     2642     1920     3364 19.8 14.4 25.2     1866     1339     2393 18.6 13.4 23.8  54188  49695  58681                                        Greene County                                 TN est23all.txt 27NOV2024
47  61     3127     2580     3674 22.8 18.8 26.8      790      554     1026 26.9 18.9 34.9      571      387      755 26.8 18.2 35.4  41370  36155  46585                                        Grundy County                                 TN est23all.txt 27NOV2024
47  63    11359     9629    13089 17.3 14.7 19.9     3343     2553     4133 21.7 16.6 26.8     2313     1717     2909 20.2 15.0 25.4  55904  50198  61610                                        Hamblen County                                TN est23all.txt 27NOV2024
47  65    47922    42254    53590 12.9 11.4 14.4    14918    12332    17504 19.0 15.7 22.3    10622     8575    12669 18.8 15.2 22.4  73319  69893  76745                                        Hamilton County                               TN est23all.txt 27NOV2024
47  67     1807     1437     2177 26.7 21.2 32.2      516      361      671 36.0 25.2 46.8      388      270      506 35.0 24.3 45.7  39077  33919  44235                                        Hancock County                                TN est23all.txt 27NOV2024
47  69     4687     3660     5714 21.5 16.8 26.2     1451     1015     1887 29.5 20.6 38.4     1075      737     1413 29.5 20.2 38.8  47551  41734  53368                                        Hardeman County                               TN est23all.txt 27NOV2024
47  71     5262     4363     6161 19.7 16.3 23.1     1300      920     1680 24.2 17.1 31.3      982      688     1276 24.4 17.1 31.7  49126  45156  53096                                        Hardin County                                 TN est23all.txt 27NOV2024
47  73     9995     8252    11738 17.2 14.2 20.2     2416     1750     3082 22.2 16.1 28.3     1726     1182     2270 21.1 14.5 27.7  54454  48467  60441                                        Hawkins County                                TN est23all.txt 27NOV2024
47  75     3592     2935     4249 21.0 17.1 24.9     1089      745     1433 28.9 19.8 38.0      799      537     1061 28.4 19.1 37.7  42579  39836  45322                                        Haywood County                                TN est23all.txt 27NOV2024
47  77     3865     3072     4658 14.0 11.1 16.9     1125      787     1463 18.2 12.7 23.7      841      583     1099 18.0 12.5 23.5  55656  49810  61502                                        Henderson County                              TN est23all.txt 27NOV2024
47  79     5898     4959     6837 18.3 15.4 21.2     1659     1236     2082 26.2 19.5 32.9     1174      848     1500 24.4 17.6 31.2  52064  47228  56900                                        Henry County                                  TN est23all.txt 27NOV2024
47  81     3900     3074     4726 15.9 12.5 19.3     1160      853     1467 21.8 16.0 27.6      794      563     1025 20.6 14.6 26.6  59650  53709  65591                                        Hickman County                                TN est23all.txt 27NOV2024
47  83     1401     1124     1678 17.0 13.6 20.4      388      268      508 22.6 15.6 29.6      289      197      381 22.2 15.1 29.3  56951  52681  61221                                        Houston County                                TN est23all.txt 27NOV2024
47  85     2763     2238     3288 14.7 11.9 17.5      732      521      943 20.1 14.3 25.9      509      348      670 19.1 13.1 25.1  63017  55188  70846                                        Humphreys County                              TN est23all.txt 27NOV2024
47  87     2427     1988     2866 20.0 16.4 23.6      603      444      762 27.4 20.2 34.6      435      311      559 26.2 18.7 33.7  48285  42115  54455                                        Jackson County                                TN est23all.txt 27NOV2024
47  89     7279     5793     8765 12.9 10.3 15.5     1959     1399     2519 18.1 12.9 23.3     1427      993     1861 17.5 12.2 22.8  62730  57133  68327                                        Jefferson County                              TN est23all.txt 27NOV2024
47  91     3505     2715     4295 20.9 16.2 25.6      819      577     1061 28.0 19.7 36.3      587      400      774 27.1 18.4 35.8  51597  48598  54596                                        Johnson County                                TN est23all.txt 27NOV2024
47  93    67213    60869    73557 13.8 12.5 15.1    16172    13346    18998 15.8 13.0 18.6    11241     9097    13385 14.9 12.1 17.7  70457  68197  72717                                        Knox County                                   TN est23all.txt 27NOV2024
47  95     1573     1223     1923 34.0 26.4 41.6      422      306      538 45.2 32.7 57.7      297      204      390 44.5 30.6 58.4  40778  35602  45954                                        Lake County                                   TN est23all.txt 27NOV2024
47  97     5614     4768     6460 24.6 20.9 28.3     1961     1616     2306 36.6 30.2 43.0     1144      833     1455 29.3 21.4 37.2  51486  46315  56657                                        Lauderdale County                             TN est23all.txt 27NOV2024
47  99     6770     5414     8126 14.9 11.9 17.9     2274     1669     2879 20.1 14.8 25.4     1644     1208     2080 19.5 14.3 24.7  55845  50797  60893                                        Lawrence County                               TN est23all.txt 27NOV2024
47 101     2075     1681     2469 16.1 13.0 19.2      598      411      785 21.4 14.7 28.1      448      302      594 21.0 14.2 27.8  55231  48265  62197                                        Lewis County                                  TN est23all.txt 27NOV2024
47 103     5176     4177     6175 14.5 11.7 17.3     1499     1093     1905 18.9 13.8 24.0     1142      838     1446 19.1 14.0 24.2  60974  54537  67411                                        Lincoln County                                TN est23all.txt 27NOV2024
47 105     6316     5217     7415 10.5  8.7 12.3     1766     1346     2186 15.9 12.1 19.7     1291      986     1596 15.6 11.9 19.3  81605  75116  88094                                        Loudon County                                 TN est23all.txt 27NOV2024
47 107     8141     6738     9544 14.9 12.3 17.5     2260     1634     2886 19.5 14.1 24.9     1632     1168     2096 19.1 13.7 24.5  55852  50120  61584                                        McMinn County                                 TN est23all.txt 27NOV2024
47 109     3994     3178     4810 15.5 12.3 18.7     1161      810     1512 21.2 14.8 27.6      836      564     1108 20.5 13.8 27.2  54516  50065  58967                                        McNairy County                                TN est23all.txt 27NOV2024
47 111     4279     3445     5113 16.2 13.0 19.4     1458     1050     1866 22.4 16.1 28.7     1013      708     1318 21.0 14.7 27.3  57496  50999  63993                                        Macon County                                  TN est23all.txt 27NOV2024
47 113    17629    15291    19967 18.6 16.1 21.1     6015     4894     7136 27.7 22.5 32.9     4292     3444     5140 26.9 21.6 32.2  60663  54548  66778                                        Madison County                                TN est23all.txt 27NOV2024
47 115     4405     3561     5249 15.1 12.2 18.0     1262      912     1612 21.5 15.5 27.5      871      588     1154 20.0 13.5 26.5  57109  50943  63275                                        Marion County                                 TN est23all.txt 27NOV2024
47 117     3917     3165     4669 10.7  8.6 12.8     1289      960     1618 15.2 11.3 19.1      924      677     1171 14.8 10.9 18.7  73770  68503  79037                                        Marshall County                               TN est23all.txt 27NOV2024
47 119    11685     9784    13586 10.7  9.0 12.4     3393     2523     4263 13.8 10.3 17.3     2349     1713     2985 13.2  9.6 16.8  74164  68459  79869                                        Maury County                                  TN est23all.txt 27NOV2024
47 121     2116     1648     2584 15.6 12.1 19.1      623      426      820 23.1 15.8 30.4      455      305      605 22.4 15.0 29.8  56161  49220  63102                                        Meigs County                                  TN est23all.txt 27NOV2024
47 123     7706     6348     9064 16.0 13.2 18.8     2048     1483     2613 21.2 15.4 27.0     1477     1051     1903 20.5 14.6 26.4  58980  52931  65029                                        Monroe County                                 TN est23all.txt 27NOV2024
47 125    29603    26113    33093 12.6 11.1 14.1     9815     8023    11607 15.7 12.8 18.6     7100     5661     8539 15.9 12.7 19.1  74701  70707  78695                                        Montgomery County                             TN est23all.txt 27NOV2024
47 127      662      510      814  9.9  7.6 12.2      165      114      216 12.8  8.8 16.8      125       84      166 12.8  8.6 17.0  66435  58490  74380                                        Moore County                                  TN est23all.txt 27NOV2024
47 129     3191     2517     3865 16.2 12.8 19.6      809      561     1057 19.6 13.6 25.6      569      375      763 18.1 11.9 24.3  55668  48859  62477                                        Morgan County                                 TN est23all.txt 27NOV2024
47 131     5791     4971     6611 19.3 16.6 22.0     1767     1407     2127 27.0 21.5 32.5     1272      985     1559 26.4 20.4 32.4  54428  47698  61158                                        Obion County                                  TN est23all.txt 27NOV2024
47 133     3299     2612     3986 14.3 11.3 17.3      915      641     1189 19.1 13.4 24.8      658      445      871 18.7 12.7 24.7  52236  47028  57444                                        Overton County                                TN est23all.txt 27NOV2024
47 135     1521     1200     1842 17.5 13.8 21.2      511      371      651 26.1 19.0 33.2      368      264      472 25.9 18.6 33.2  50014  43865  56163                                        Perry County                                  TN est23all.txt 27NOV2024
47 137      842      672     1012 16.6 13.2 20.0      208      152      264 25.0 18.2 31.8      155      111      199 24.8 17.7 31.9  46177  41205  51149                                        Pickett County                                TN est23all.txt 27NOV2024
47 139     2672     2126     3218 15.0 11.9 18.1      656      448      864 19.8 13.5 26.1      474      317      631 19.4 13.0 25.8  57045  50523  63567                                        Polk County                                   TN est23all.txt 27NOV2024
47 141    13884    11992    15776 17.3 14.9 19.7     3171     2439     3903 18.6 14.3 22.9     2436     1898     2974 19.4 15.1 23.7  57896  52007  63785                                        Putnam County                                 TN est23all.txt 27NOV2024
47 143     5320     4332     6308 16.0 13.0 19.0     1528     1079     1977 21.4 15.1 27.7     1092      744     1440 20.6 14.0 27.2  57682  51230  64134                                        Rhea County                                   TN est23all.txt 27NOV2024
47 145     7448     6051     8845 13.4 10.9 15.9     1708     1184     2232 16.5 11.4 21.6     1281      853     1709 16.3 10.8 21.8  65970  60690  71250                                        Roane County                                  TN est23all.txt 27NOV2024
47 147     7511     6099     8923  9.9  8.0 11.8     2443     1795     3091 13.6 10.0 17.2     1761     1262     2260 13.3  9.5 17.1  81529  75967  87091                                        Robertson County                              TN est23all.txt 27NOV2024
47 149    32883    27894    37872  9.1  7.7 10.5    10150     7928    12372 11.5  9.0 14.0     7588     5933     9243 11.5  9.0 14.0  81987  78462  85512                                        Rutherford County                             TN est23all.txt 27NOV2024
47 151     4596     3767     5425 21.0 17.2 24.8     1261      907     1615 25.1 18.0 32.2      959      685     1233 25.8 18.4 33.2  46923  41520  52326                                        Scott County                                  TN est23all.txt 27NOV2024
47 153     2530     1999     3061 15.1 11.9 18.3      742      510      974 21.9 15.1 28.7      550      370      730 22.7 15.3 30.1  62157  55552  68762                                        Sequatchie County                             TN est23all.txt 27NOV2024
47 155    12045     9729    14361 12.2  9.9 14.5     3674     2696     4652 18.3 13.4 23.2     2620     1870     3370 17.8 12.7 22.9  60704  55506  65902                                        Sevier County                                 TN est23all.txt 27NOV2024
47 157   163297   150443   176151 18.2 16.8 19.6    63637    56550    70724 28.1 25.0 31.2    46068    40678    51458 27.7 24.5 30.9  62402  60386  64418                                        Shelby County                                 TN est23all.txt 27NOV2024
47 159     2371     1813     2929 11.7  9.0 14.4      742      510      974 16.5 11.3 21.7      537      359      715 16.0 10.7 21.3  72153  64926  79380                                        Smith County                                  TN est23all.txt 27NOV2024
47 161     1797     1412     2182 12.9 10.1 15.7      502      338      666 17.5 11.8 23.2      360      233      487 16.5 10.7 22.3  60634  53332  67936                                        Stewart County                                TN est23all.txt 27NOV2024
47 163    21649    18470    24828 13.5 11.5 15.5     5724     4363     7085 19.0 14.5 23.5     3930     2860     5000 17.4 12.7 22.1  57016  53955  60077                                        Sullivan County                               TN est23all.txt 27NOV2024
47 165    18409    15084    21734  8.9  7.3 10.5     5534     4204     6864 11.9  9.0 14.8     4080     3055     5105 11.7  8.8 14.6  86376  81751  91001                                        Sumner County                                 TN est23all.txt 27NOV2024
47 167     9010     7650    10370 14.8 12.6 17.0     3526     2940     4112 24.7 20.6 28.8     2340     1868     2812 21.6 17.2 26.0  70886  62936  78836                                        Tipton County                                 TN est23all.txt 27NOV2024
47 169     1535     1166     1904 15.8 12.0 19.6      375      259      491 16.5 11.4 21.6      260      175      345 15.8 10.6 21.0  62658  54909  70407                                        Trousdale County                              TN est23all.txt 27NOV2024
47 171     2153     1597     2709 12.3  9.1 15.5      685      474      896 22.0 15.2 28.8      487      329      645 20.8 14.1 27.5  54955  48507  61403                                        Unicoi County                                 TN est23all.txt 27NOV2024
47 173     3262     2562     3962 15.9 12.5 19.3      993      703     1283 23.4 16.6 30.2      730      507      953 23.4 16.2 30.6  64244  58915  69573                                        Union County                                  TN est23all.txt 27NOV2024
47 175      942      716     1168 14.7 11.2 18.2      307      211      403 23.6 16.2 31.0      232      155      309 23.7 15.9 31.5  58584  53471  63697                                        Van Buren County                              TN est23all.txt 27NOV2024
47 177     7424     6078     8770 17.6 14.4 20.8     2167     1565     2769 22.5 16.2 28.8     1576     1121     2031 22.5 16.0 29.0  49436  46043  52829                                        Warren County                                 TN est23all.txt 27NOV2024
47 179    21645    18817    24473 16.3 14.2 18.4     4534     3432     5636 18.1 13.7 22.5     3297     2462     4132 17.6 13.2 22.0  62028  56569  67487                                        Washington County                             TN est23all.txt 27NOV2024
47 181     2563     1978     3148 18.0 13.9 22.1      604      419      789 23.5 16.3 30.7      452      308      596 24.1 16.4 31.8  51817  47204  56430                                        Wayne County                                  TN est23all.txt 27NOV2024
47 183     5722     4641     6803 18.6 15.1 22.1     1270      898     1642 20.9 14.8 27.0      938      657     1219 21.0 14.7 27.3  55285  48998  61572                                        Weakley County                                TN est23all.txt 27NOV2024
47 185     3884     3025     4743 13.7 10.7 16.7     1178      806     1550 19.7 13.5 25.9      820      540     1100 18.3 12.0 24.6  63690  58929  68451                                        White County                                  TN est23all.txt 27NOV2024
47 187    12845    10714    14976  4.9  4.1  5.7     3101     2405     3797  4.7  3.7  5.7     2319     1771     2867  4.3  3.3  5.3 136007 129685 142329                                        Williamson County                             TN est23all.txt 27NOV2024
47 189    10673     8491    12855  6.6  5.3  7.9     3152     2319     3985  8.4  6.2 10.6     2323     1669     2977  8.3  6.0 10.6  96466  89967 102965                                        Wilson County                                 TN est23all.txt 27NOV2024
48   0  4091368  4036213  4146523 13.7 13.5 13.9  1373461  1338184  1408738 18.4 17.9 18.9   978673   946489  1010857 17.6 17.0 18.2  75778  75308  76248  370789  356859  384719 19.6 18.9 20.3 Texas                                         TX est23all.txt 27NOV2024
48   1     9602     7718    11486 21.4 17.2 25.6     2763     2088     3438 24.6 18.6 30.6     2004     1516     2492 24.3 18.4 30.2  56548  52151  60945                                        Anderson County                               TX est23all.txt 27NOV2024
48   3     2110     1655     2565 11.4  8.9 13.9      755      522      988 13.2  9.1 17.3      543      366      720 12.7  8.6 16.8  80936  70941  90931                                        Andrews County                                TX est23all.txt 27NOV2024
48   5    14631    12353    16909 17.2 14.5 19.9     5409     4294     6524 24.9 19.8 30.0     4143     3282     5004 25.8 20.4 31.2  57298  52410  62186                                        Angelina County                               TX est23all.txt 27NOV2024
48   7     4261     3353     5169 17.1 13.5 20.7     1235      845     1625 27.9 19.1 36.7      872      571     1173 26.4 17.3 35.5  60112  53143  67081                                        Aransas County                                TX est23all.txt 27NOV2024
48   9      867      672     1062  9.7  7.5 11.9      255      178      332 12.6  8.8 16.4      190      129      251 12.2  8.3 16.1  71672  63377  79967                                        Archer County                                 TX est23all.txt 27NOV2024
48  11      188      144      232 10.5  8.0 13.0       62       43       81 15.3 10.5 20.1       47       32       62 15.9 10.7 21.1  68555  59759  77351                                        Armstrong County                              TX est23all.txt 27NOV2024
48  13     9468     7940    10996 18.4 15.4 21.4     3077     2205     3949 22.6 16.2 29.0     2220     1556     2884 21.7 15.2 28.2  58330  51842  64818                                        Atascosa County                               TX est23all.txt 27NOV2024
48  15     3665     2875     4455 11.6  9.1 14.1     1320      927     1713 18.0 12.6 23.4      964      665     1263 17.5 12.1 22.9  73248  65120  81376                                        Austin County                                 TX est23all.txt 27NOV2024
48  17     1069      816     1322 16.4 12.5 20.3      459      315      603 23.4 16.1 30.7      318      212      424 22.6 15.1 30.1  51193  44653  57733                                        Bailey County                                 TX est23all.txt 27NOV2024
48  19     2895     2347     3443 12.9 10.5 15.3      699      486      912 18.6 12.9 24.3      515      350      680 18.1 12.3 23.9  66649  59056  74242                                        Bandera County                                TX est23all.txt 27NOV2024
48  21    12206     9900    14512 11.3  9.2 13.4     4601     3297     5905 16.2 11.6 20.8     3237     2257     4217 15.2 10.6 19.8  77345  69828  84862                                        Bastrop County                                TX est23all.txt 27NOV2024
48  23      593      465      721 17.4 13.6 21.2      171      122      220 22.5 16.1 28.9      126       89      163 22.2 15.6 28.8  49566  42985  56147                                        Baylor County                                 TX est23all.txt 27NOV2024
48  25     5685     4281     7089 24.9 18.8 31.0     1725     1187     2263 28.2 19.4 37.0     1253      838     1668 27.6 18.5 36.7  54072  48124  60020                                        Bee County                                    TX est23all.txt 27NOV2024
48  27    44369    38047    50691 11.5  9.9 13.1    16740    12767    20713 15.7 12.0 19.4    12265     9265    15265 16.0 12.1 19.9  69562  66818  72306                                        Bell County                                   TX est23all.txt 27NOV2024
48  29   301255   281109   321401 14.7 13.7 15.7    96040    85786   106294 19.1 17.1 21.1    68840    60807    76873 18.5 16.3 20.7  69755  68059  71451                                        Bexar County                                  TX est23all.txt 27NOV2024
48  31     1104      838     1370  8.5  6.4 10.6      286      195      377 13.4  9.1 17.7      218      144      292 13.4  8.9 17.9  91031  84334  97728                                        Blanco County                                 TX est23all.txt 27NOV2024
48  33       68       53       83 11.9  9.2 14.6       21       15       27 17.9 12.7 23.1       17       12       22 18.3 12.6 24.0  80738  69987  91489                                        Borden County                                 TX est23all.txt 27NOV2024
48  35     2201     1691     2711 11.7  9.0 14.4      751      509      993 19.4 13.2 25.6      539      355      723 18.2 12.0 24.4  66325  59688  72962                                        Bosque County                                 TX est23all.txt 27NOV2024
48  37    12857    10265    15449 14.8 11.8 17.8     4187     2858     5516 19.5 13.3 25.7     2990     1992     3988 18.6 12.4 24.8  55343  50330  60356                                        Bowie County                                  TX est23all.txt 27NOV2024
48  39    36476    29637    43315  9.4  7.6 11.2    12074     8770    15378 12.1  8.8 15.4     8781     6304    11258 11.6  8.3 14.9  93071  88041  98101                                        Brazoria County                               TX est23all.txt 27NOV2024
48  41    52926    49229    56623 23.7 22.0 25.4     9246     7415    11077 18.9 15.2 22.6     6784     5376     8192 19.1 15.1 23.1  55724  51389  60059                                        Brazos County                                 TX est23all.txt 27NOV2024
48  43     1233      921     1545 13.7 10.2 17.2      313      216      410 19.8 13.6 26.0      226      151      301 19.6 13.1 26.1  57871  50592  65150                                        Brewster County                               TX est23all.txt 27NOV2024
48  45      200      151      249 13.9 10.5 17.3       68       47       89 21.7 14.9 28.5       49       33       65 20.9 13.9 27.9  57983  50737  65229                                        Briscoe County                                TX est23all.txt 27NOV2024
48  47     1892     1411     2373 29.7 22.2 37.2      773      522     1024 45.0 30.4 59.6      577      379      775 45.2 29.7 60.7  36695  32049  41341                                        Brooks County                                 TX est23all.txt 27NOV2024
48  49     5455     4237     6673 14.8 11.5 18.1     1646     1138     2154 21.5 14.9 28.1     1232      840     1624 22.5 15.3 29.7  57744  50991  64497                                        Brown County                                  TX est23all.txt 27NOV2024
48  51     2680     2035     3325 13.9 10.6 17.2      900      612     1188 21.1 14.4 27.8      675      452      898 21.4 14.4 28.4  63764  56081  71447                                        Burleson County                               TX est23all.txt 27NOV2024
48  53     5227     4239     6215  9.9  8.0 11.8     1500     1051     1949 14.0  9.8 18.2     1058      713     1403 13.1  8.8 17.4  77824  72264  83384                                        Burnet County                                 TX est23all.txt 27NOV2024
48  55     6601     5304     7898 13.7 11.0 16.4     2172     1560     2784 19.4 13.9 24.9     1658     1176     2140 21.1 15.0 27.2  63395  56848  69942                                        Caldwell County                               TX est23all.txt 27NOV2024
48  57     2826     2134     3518 14.6 11.0 18.2      979      671     1287 21.9 15.0 28.8      711      475      947 21.7 14.5 28.9  68885  60782  76988                                        Calhoun County                                TX est23all.txt 27NOV2024
48  59     1814     1400     2228 12.7  9.8 15.6      548      368      728 17.8 12.0 23.6      411      269      553 17.5 11.5 23.5  63378  55707  71049                                        Callahan County                               TX est23all.txt 27NOV2024
48  61    99161    90945   107377 23.5 21.6 25.4    40331    35728    44934 33.9 30.0 37.8    29147    25521    32773 32.6 28.5 36.7  51716  49448  53984                                        Cameron County                                TX est23all.txt 27NOV2024
48  63     2271     1780     2762 17.6 13.8 21.4      910      649     1171 26.4 18.8 34.0      675      477      873 27.0 19.1 34.9  53775  47281  60269                                        Camp County                                   TX est23all.txt 27NOV2024
48  65      532      410      654  9.1  7.0 11.2      173      120      226 12.8  8.9 16.7      128       87      169 12.0  8.1 15.9  73716  64918  82514                                        Carson County                                 TX est23all.txt 27NOV2024
48  67     4675     3716     5634 16.5 13.1 19.9     1503     1048     1958 23.3 16.2 30.4     1123      771     1475 23.4 16.1 30.7  52092  46948  57236                                        Cass County                                   TX est23all.txt 27NOV2024
48  69     1256      994     1518 17.7 14.0 21.4      455      321      589 21.7 15.3 28.1      337      235      439 21.9 15.3 28.5  55135  48118  62152                                        Castro County                                 TX est23all.txt 27NOV2024
48  71     4617     3599     5635  8.6  6.7 10.5     1520     1037     2003 10.3  7.0 13.6     1110      727     1493  9.9  6.5 13.3 103034  93396 112672                                        Chambers County                               TX est23all.txt 27NOV2024
48  73     9420     7996    10844 18.9 16.1 21.7     3614     2914     4314 27.7 22.3 33.1     2432     1841     3023 25.4 19.2 31.6  57691  52947  62435                                        Cherokee County                               TX est23all.txt 27NOV2024
48  75     1086      826     1346 19.9 15.1 24.7      301      207      395 23.7 16.3 31.1      214      143      285 22.4 15.0 29.8  53921  46871  60971                                        Childress County                              TX est23all.txt 27NOV2024
48  77     1247      971     1523 11.7  9.1 14.3      369      257      481 17.1 11.9 22.3      279      192      366 17.1 11.7 22.5  73557  67165  79949                                        Clay County                                   TX est23all.txt 27NOV2024
48  79      546      421      671 22.0 17.0 27.0      223      157      289 33.8 23.8 43.8      158      105      211 34.9 23.3 46.5  46409  40424  52394                                        Cochran County                                TX est23all.txt 27NOV2024
48  81      424      322      526 13.0  9.9 16.1      135       92      178 19.0 13.0 25.0       99       66      132 18.6 12.4 24.8  56786  50343  63229                                        Coke County                                   TX est23all.txt 27NOV2024
48  83     1375     1052     1698 17.7 13.5 21.9      436      296      576 26.9 18.2 35.6      311      204      418 26.2 17.2 35.2  48955  42916  54994                                        Coleman County                                TX est23all.txt 27NOV2024
48  85    75716    68240    83192  6.4  5.8  7.0    19071    15499    22643  6.6  5.4  7.8    12623     9806    15440  5.7  4.4  7.0 120149 115270 125028                                        Collin County                                 TX est23all.txt 27NOV2024
48  87      481      379      583 18.9 14.9 22.9      210      157      263 31.8 23.8 39.8      128       87      169 25.8 17.5 34.1  48858  42464  55252                                        Collingsworth County                          TX est23all.txt 27NOV2024
48  89     2989     2317     3661 14.5 11.2 17.8     1104      771     1437 22.2 15.5 28.9      810      554     1066 22.5 15.4 29.6  61410  54676  68144                                        Colorado County                               TX est23all.txt 27NOV2024
48  91    13677    11159    16195  7.1  5.8  8.4     3843     2737     4949  9.1  6.5 11.7     2763     1931     3595  8.6  6.0 11.2  99871  93525 106217                                        Comal County                                  TX est23all.txt 27NOV2024
48  93     2435     1981     2889 17.6 14.3 20.9      843      635     1051 27.2 20.5 33.9      534      368      700 23.6 16.2 31.0  54726  47965  61487                                        Comanche County                               TX est23all.txt 27NOV2024
48  95      496      376      616 22.2 16.8 27.6      105       72      138 26.6 18.2 35.0       79       53      105 28.7 19.2 38.2  54909  48049  61769                                        Concho County                                 TX est23all.txt 27NOV2024
48  97     5374     4258     6490 12.5  9.9 15.1     1880     1400     2360 18.8 14.0 23.6     1331      967     1695 18.1 13.2 23.0  75003  69055  80951                                        Cooke County                                  TX est23all.txt 27NOV2024
48  99     8877     6835    10919 12.2  9.4 15.0     2988     2083     3893 15.8 11.0 20.6     2196     1519     2873 16.2 11.2 21.2  72724  69381  76067                                        Coryell County                                TX est23all.txt 27NOV2024
48 101      260      200      320 20.1 15.4 24.8       87       62      112 34.9 24.8 45.0       61       42       80 31.0 21.5 40.5  52342  45897  58787                                        Cottle County                                 TX est23all.txt 27NOV2024
48 103      522      403      641 11.7  9.0 14.4      208      148      268 15.9 11.3 20.5      152      104      200 15.2 10.4 20.0  58133  50008  66258                                        Crane County                                  TX est23all.txt 27NOV2024
48 105      430      327      533 15.3 11.6 19.0      155      106      204 21.1 14.4 27.8      114       76      152 21.2 14.1 28.3  58833  51214  66452                                        Crockett County                               TX est23all.txt 27NOV2024
48 107     1050      807     1293 21.7 16.7 26.7      413      281      545 33.0 22.5 43.5      309      206      412 32.6 21.8 43.4  46106  42031  50181                                        Crosby County                                 TX est23all.txt 27NOV2024
48 109      448      341      555 20.5 15.6 25.4      173      119      227 33.6 23.0 44.2      125       83      167 33.4 22.3 44.5  54183  47086  61280                                        Culberson County                              TX est23all.txt 27NOV2024
48 111      876      685     1067 12.2  9.5 14.9      389      271      507 15.7 11.0 20.4      258      173      343 15.4 10.3 20.5  61424  54831  68017                                        Dallam County                                 TX est23all.txt 27NOV2024
48 113   354670   330752   378588 13.8 12.9 14.7   124174   112250   136098 19.5 17.6 21.4    81940    72601    91279 17.6 15.6 19.6  74352  72795  75909                                        Dallas County                                 TX est23all.txt 27NOV2024
48 115     2030     1539     2521 19.7 14.9 24.5      770      520     1020 26.1 17.7 34.5      566      373      759 27.2 18.0 36.4  55057  48495  61619                                        Dawson County                                 TX est23all.txt 27NOV2024
48 117     2990     2320     3660 16.5 12.8 20.2     1262      871     1653 22.3 15.4 29.2      887      594     1180 22.0 14.7 29.3  60118  53437  66799                                        Deaf Smith County                             TX est23all.txt 27NOV2024
48 119      824      629     1019 15.1 11.5 18.7      296      201      391 22.5 15.3 29.7      212      140      284 22.4 14.8 30.0  56945  50018  63872                                        Delta County                                  TX est23all.txt 27NOV2024
48 121    60723    53752    67694  6.1  5.4  6.8    13484     9762    17206  5.9  4.3  7.5     9386     6454    12318  5.4  3.7  7.1 107401 103162 111640                                        Denton County                                 TX est23all.txt 27NOV2024
48 123     3363     2640     4086 18.3 14.4 22.2     1091      762     1420 24.2 16.9 31.5      791      543     1039 23.3 16.0 30.6  61067  55194  66940                                        DeWitt County                                 TX est23all.txt 27NOV2024
48 125      313      244      382 18.4 14.3 22.5       87       61      113 28.3 19.7 36.9       65       45       85 29.7 20.4 39.0  47356  41171  53541                                        Dickens County                                TX est23all.txt 27NOV2024
48 127     2202     1761     2643 27.3 21.8 32.8      848      603     1093 36.3 25.8 46.8      612      412      812 35.5 23.9 47.1  45002  39107  50897                                        Dimmit County                                 TX est23all.txt 27NOV2024
48 129      494      367      621 16.9 12.6 21.2      163      112      214 25.7 17.7 33.7      117       78      156 24.8 16.6 33.0  48934  42881  54987                                        Donley County                                 TX est23all.txt 27NOV2024
48 131     2576     2044     3108 29.1 23.1 35.1     1043      767     1319 42.8 31.5 54.1      814      597     1031 45.6 33.4 57.8  40415  35080  45750                                        Duval County                                  TX est23all.txt 27NOV2024
48 133     2822     2177     3467 16.3 12.6 20.0      928      659     1197 24.3 17.3 31.3      637      443      831 23.0 16.0 30.0  52188  45791  58585                                        Eastland County                               TX est23all.txt 27NOV2024
48 135    18966    14833    23099 11.7  9.2 14.2     7130     4864     9396 14.3  9.7 18.9     5139     3356     6922 14.4  9.4 19.4  66813  62493  71133                                        Ector County                                  TX est23all.txt 27NOV2024
48 137      272      205      339 19.7 14.8 24.6      102       69      135 34.7 23.5 45.9       80       52      108 37.7 24.7 50.7  51691  45058  58324                                        Edwards County                                TX est23all.txt 27NOV2024
48 139    16224    12895    19553  7.4  5.9  8.9     5182     3465     6899  9.0  6.0 12.0     3708     2396     5020  8.5  5.5 11.5  90077  84033  96121                                        Ellis County                                  TX est23all.txt 27NOV2024
48 141   157986   144884   171088 18.5 17.0 20.0    52652    45827    59477 23.8 20.7 26.9    38641    33216    44066 23.2 19.9 26.5  58656  56384  60928                                        El Paso County                                TX est23all.txt 27NOV2024
48 143     6382     5205     7559 15.8 12.9 18.7     1567     1134     2000 17.5 12.7 22.3     1108      782     1434 16.9 11.9 21.9  63564  57736  69392                                        Erath County                                  TX est23all.txt 27NOV2024
48 145     3104     2373     3835 20.1 15.4 24.8      915      609     1221 25.0 16.6 33.4      672      434      910 24.9 16.1 33.7  49940  45071  54809                                        Falls County                                  TX est23all.txt 27NOV2024
48 147     4900     3888     5912 14.2 11.3 17.1     1504     1125     1883 19.2 14.4 24.0     1116      830     1402 18.8 14.0 23.6  66381  59711  73051                                        Fannin County                                 TX est23all.txt 27NOV2024
48 149     2324     1799     2849  9.3  7.2 11.4      676      443      909 13.2  8.6 17.8      543      356      730 14.2  9.3 19.1  71442  66218  76666                                        Fayette County                                TX est23all.txt 27NOV2024
48 151      514      393      635 14.3 10.9 17.7      159      109      209 20.6 14.2 27.0      119       80      158 19.4 13.0 25.8  61808  56483  67133                                        Fisher County                                 TX est23all.txt 27NOV2024
48 153     1029      794     1264 20.3 15.7 24.9      412      284      540 31.9 22.0 41.8      308      207      409 30.8 20.7 40.9  46817  40853  52781                                        Floyd County                                  TX est23all.txt 27NOV2024
48 155      176      134      218 16.8 12.8 20.8       58       40       76 25.9 17.7 34.1       43       29       57 24.6 16.3 32.9  50030  43638  56422                                        Foard County                                  TX est23all.txt 27NOV2024
48 157    77408    68049    86767  8.5  7.5  9.5    24243    19764    28722 10.1  8.2 12.0    18271    14956    21586  9.8  8.0 11.6 106213 102014 110412                                        Fort Bend County                              TX est23all.txt 27NOV2024
48 159     1502     1165     1839 14.1 10.9 17.3      483      331      635 21.0 14.4 27.6      350      234      466 20.4 13.6 27.2  59972  52387  67557                                        Franklin County                               TX est23all.txt 27NOV2024
48 161     2890     2247     3533 15.4 12.0 18.8      943      659     1227 20.8 14.5 27.1      706      485      927 20.7 14.2 27.2  58850  53394  64306                                        Freestone County                              TX est23all.txt 27NOV2024
48 163     3886     2959     4813 25.6 19.5 31.7     1449      993     1905 36.2 24.8 47.6     1015      676     1354 35.0 23.3 46.7  50112  44199  56025                                        Frio County                                   TX est23all.txt 27NOV2024
48 165     2984     2254     3714 13.4 10.1 16.7     1551     1043     2059 19.3 13.0 25.6     1131      743     1519 19.7 12.9 26.5  66019  58471  73567                                        Gaines County                                 TX est23all.txt 27NOV2024
48 167    41008    35191    46825 11.5  9.9 13.1    12366     9558    15174 14.8 11.4 18.2     9117     6875    11359 14.4 10.8 18.0  83080  79513  86647                                        Galveston County                              TX est23all.txt 27NOV2024
48 169      749      568      930 18.5 14.1 22.9      235      161      309 26.8 18.4 35.2      173      115      231 25.9 17.2 34.6  53190  46597  59783                                        Garza County                                  TX est23all.txt 27NOV2024
48 171     2730     2190     3270 10.0  8.0 12.0      697      471      923 13.2  8.9 17.5      529      354      704 13.4  9.0 17.8  76238  66955  85521                                        Gillespie County                              TX est23all.txt 27NOV2024
48 173       92       71      113  8.1  6.2 10.0       23       15       31  8.0  5.4 10.6       18       12       24  8.9  5.8 12.0  99602  86280 112924                                        Glasscock County                              TX est23all.txt 27NOV2024
48 175      977      748     1206 13.8 10.6 17.0      309      209      409 22.4 15.1 29.7      235      154      316 22.4 14.7 30.1  64024  55919  72129                                        Goliad County                                 TX est23all.txt 27NOV2024
48 177     3460     2818     4102 17.6 14.3 20.9     1289      932     1646 24.9 18.0 31.8      982      709     1255 26.3 19.0 33.6  56350  49002  63698                                        Gonzales County                               TX est23all.txt 27NOV2024
48 179     3346     2729     3963 17.3 14.1 20.5     1164      889     1439 22.4 17.1 27.7      819      604     1034 20.7 15.3 26.1  56726  49854  63598                                        Gray County                                   TX est23all.txt 27NOV2024
48 181    15810    12922    18698 10.9  8.9 12.9     5154     3884     6424 14.8 11.2 18.4     3578     2575     4581 13.9 10.0 17.8  69442  62349  76535                                        Grayson County                                TX est23all.txt 27NOV2024
48 183    19723    17002    22444 16.0 13.8 18.2     7337     5975     8699 22.9 18.6 27.2     5010     3885     6135 21.2 16.4 26.0  61254  57846  64662                                        Gregg County                                  TX est23all.txt 27NOV2024
48 185     4398     3366     5430 14.9 11.4 18.4     1521     1072     1970 20.9 14.7 27.1     1098      751     1445 20.7 14.2 27.2  64708  58666  70750                                        Grimes County                                 TX est23all.txt 27NOV2024
48 187    15187    12402    17972  8.1  6.6  9.6     4731     3343     6119 10.7  7.6 13.8     3450     2322     4578 10.2  6.9 13.5  94952  91321  98583                                        Guadalupe County                              TX est23all.txt 27NOV2024
48 189     5742     4513     6971 19.3 15.2 23.4     2346     1759     2933 28.8 21.6 36.0     1726     1263     2189 28.1 20.6 35.6  52487  47941  57033                                        Hale County                                   TX est23all.txt 27NOV2024
48 191      614      466      762 22.1 16.8 27.4      221      150      292 36.8 25.0 48.6      161      107      215 34.8 23.0 46.6  40725  35675  45775                                        Hall County                                   TX est23all.txt 27NOV2024
48 193     1160      888     1432 13.7 10.5 16.9      395      274      516 21.5 14.9 28.1      294      199      389 20.8 14.1 27.5  59403  51808  66998                                        Hamilton County                               TX est23all.txt 27NOV2024
48 195      581      445      717 11.6  8.9 14.3      190      128      252 13.2  8.9 17.5      139       92      186 12.8  8.4 17.2  68171  59714  76628                                        Hansford County                               TX est23all.txt 27NOV2024
48 197      570      428      712 16.4 12.3 20.5      196      135      257 25.4 17.5 33.3      145       97      193 25.9 17.3 34.5  50431  43984  56878                                        Hardeman County                               TX est23all.txt 27NOV2024
48 199     6641     5269     8013 11.5  9.1 13.9     2176     1567     2785 15.1 10.9 19.3     1578     1122     2034 14.6 10.4 18.8  73943  66744  81142                                        Hardin County                                 TX est23all.txt 27NOV2024
48 201   764979   736471   793487 16.0 15.4 16.6   273708   257842   289574 22.4 21.1 23.7   193837   181394   206280 21.4 20.0 22.8  72348  71350  73346                                        Harris County                                 TX est23all.txt 27NOV2024
48 203    11735     9989    13481 17.2 14.6 19.8     3885     3094     4676 23.2 18.5 27.9     2812     2150     3474 22.3 17.1 27.5  62710  56757  68663                                        Harrison County                               TX est23all.txt 27NOV2024
48 205      365      277      453  8.5  6.4 10.6       93       64      122  8.3  5.7 10.9       68       45       91  8.6  5.7 11.5  88312  82387  94237                                        Hartley County                                TX est23all.txt 27NOV2024
48 207      942      701     1183 19.3 14.3 24.3      279      187      371 29.2 19.5 38.9      224      150      298 31.9 21.3 42.5  49755  43973  55537                                        Haskell County                                TX est23all.txt 27NOV2024
48 209    26595    22994    30196  9.8  8.5 11.1     5518     3835     7201  9.1  6.3 11.9     3889     2621     5157  8.6  5.8 11.4  88491  83975  93007                                        Hays County                                   TX est23all.txt 27NOV2024
48 211      314      237      391 10.1  7.6 12.6      113       77      149 13.4  9.2 17.6       84       56      112 12.6  8.4 16.8  72565  63481  81649                                        Hemphill County                               TX est23all.txt 27NOV2024
48 213    14343    12201    16485 16.9 14.4 19.4     4286     3316     5256 23.6 18.3 28.9     2913     2165     3661 21.7 16.1 27.3  58965  55013  62917                                        Henderson County                              TX est23all.txt 27NOV2024
48 215   239489   226789   252189 26.9 25.5 28.3   101192    94086   108298 37.3 34.7 39.9    75708    70668    80748 37.1 34.6 39.6  53160  51429  54891                                        Hidalgo County                                TX est23all.txt 27NOV2024
48 217     5329     4204     6454 14.2 11.2 17.2     1670     1151     2189 19.3 13.3 25.3     1155      753     1557 17.9 11.7 24.1  61840  58591  65089                                        Hill County                                   TX est23all.txt 27NOV2024
48 219     3183     2469     3897 15.1 11.7 18.5     1109      747     1471 19.8 13.3 26.3      837      549     1125 20.2 13.3 27.1  60851  55303  66399                                        Hockley County                                TX est23all.txt 27NOV2024
48 221     5455     4249     6661  8.1  6.3  9.9     1618     1044     2192 11.9  7.7 16.1     1205      761     1649 11.8  7.5 16.1  82428  74895  89961                                        Hood County                                   TX est23all.txt 27NOV2024
48 223     4905     3807     6003 13.0 10.1 15.9     1711     1209     2213 18.7 13.2 24.2     1214      838     1590 17.9 12.4 23.4  61112  54754  67470                                        Hopkins County                                TX est23all.txt 27NOV2024
48 225     4280     3353     5207 21.8 17.1 26.5     1261      867     1655 28.2 19.4 37.0      911      602     1220 27.7 18.3 37.1  52649  47200  58098                                        Houston County                                TX est23all.txt 27NOV2024
48 227     5079     4141     6017 18.0 14.7 21.3     1506     1116     1896 21.7 16.1 27.3     1108      802     1414 21.5 15.6 27.4  63398  57617  69179                                        Howard County                                 TX est23all.txt 27NOV2024
48 229      777      579      975 32.0 23.8 40.2      154       97      211 40.5 25.6 55.4      134       81      187 48.7 29.5 67.9  47693  42853  52533                                        Hudspeth County                               TX est23all.txt 27NOV2024
48 231    13951    11545    16357 12.7 10.5 14.9     4716     3592     5840 17.1 13.0 21.2     3067     2157     3977 15.1 10.6 19.6  70427  65888  74966                                        Hunt County                                   TX est23all.txt 27NOV2024
48 233     2809     2278     3340 14.3 11.6 17.0      814      558     1070 16.9 11.6 22.2      565      373      757 15.3 10.1 20.5  64752  56907  72597                                        Hutchinson County                             TX est23all.txt 27NOV2024
48 235      137      105      169  8.9  6.9 10.9       35       24       46  9.8  6.8 12.8       25       17       33  9.6  6.4 12.8  75689  65389  85989                                        Irion County                                  TX est23all.txt 27NOV2024
48 237     1051      792     1310 13.2  9.9 16.5      333      229      437 17.2 11.8 22.6      236      158      314 15.8 10.6 21.0  62721  55328  70114                                        Jack County                                   TX est23all.txt 27NOV2024
48 239     2079     1608     2550 14.0 10.8 17.2      737      506      968 19.2 13.2 25.2      520      344      696 19.2 12.7 25.7  62026  58202  65850                                        Jackson County                                TX est23all.txt 27NOV2024
48 241     5326     4159     6493 16.6 13.0 20.2     1776     1214     2338 23.6 16.1 31.1     1322      880     1764 23.4 15.6 31.2  58113  53414  62812                                        Jasper County                                 TX est23all.txt 27NOV2024
48 243      238      182      294 12.8  9.8 15.8       21       12       30 23.1 13.3 32.9       20       11       29 32.8 17.7 47.9  63614  55359  71869                                        Jeff Davis County                             TX est23all.txt 27NOV2024
48 245    47706    42317    53095 20.1 17.8 22.4    14362    11493    17231 23.6 18.9 28.3    10120     7697    12543 22.6 17.2 28.0  59298  55151  63445                                        Jefferson County                              TX est23all.txt 27NOV2024
48 247     1142      892     1392 24.6 19.2 30.0      494      351      637 36.6 26.0 47.2      354      242      466 33.9 23.2 44.6  44736  38825  50647                                        Jim Hogg County                               TX est23all.txt 27NOV2024
48 249     8100     6399     9801 21.2 16.8 25.6     3096     2189     4003 29.9 21.1 38.7     2336     1634     3038 29.7 20.8 38.6  50814  44711  56917                                        Jim Wells County                              TX est23all.txt 27NOV2024
48 251    19799    16428    23170  9.9  8.2 11.6     6558     4975     8141 12.8  9.7 15.9     4715     3467     5963 12.3  9.1 15.5  83229  78154  88304                                        Johnson County                                TX est23all.txt 27NOV2024
48 253     3034     2308     3760 20.5 15.6 25.4      737      519      955 21.6 15.2 28.0      550      380      720 21.2 14.6 27.8  51671  46314  57028                                        Jones County                                  TX est23all.txt 27NOV2024
48 255     2781     2212     3350 23.6 18.8 28.4      787      567     1007 26.5 19.1 33.9      579      413      745 25.9 18.4 33.4  62059  54068  70050                                        Karnes County                                 TX est23all.txt 27NOV2024
48 257    17588    14247    20929  9.6  7.8 11.4     7068     5255     8881 13.4 10.0 16.8     5331     3955     6707 13.6 10.1 17.1  90064  83920  96208                                        Kaufman County                                TX est23all.txt 27NOV2024
48 259     3408     2623     4193  6.9  5.3  8.5      967      665     1269  8.8  6.0 11.6      701      473      929  8.2  5.5 10.9 112618 102182 123054                                        Kendall County                                TX est23all.txt 27NOV2024
48 261       51       39       63 14.9 11.3 18.5       11        7       15 20.8 14.0 27.6        8        5       11 18.2 11.9 24.5  43037  37322  48752                                        Kenedy County                                 TX est23all.txt 27NOV2024
48 263       79       60       98 11.6  8.8 14.4       25       17       33 14.6  9.9 19.3       19       13       25 14.5  9.7 19.3  62437  54429  70445                                        Kent County                                   TX est23all.txt 27NOV2024
48 265     6235     4869     7601 12.0  9.4 14.6     1870     1302     2438 19.4 13.5 25.3     1336      910     1762 18.6 12.7 24.5  64662  57980  71344                                        Kerr County                                   TX est23all.txt 27NOV2024
48 267      769      597      941 17.4 13.5 21.3      280      203      357 34.7 25.1 44.3      200      138      262 34.7 23.9 45.5  54562  47586  61538                                        Kimble County                                 TX est23all.txt 27NOV2024
48 269       21       16       26  9.7  7.3 12.1        5        4        6 10.2  7.1 13.3        3        2        4  7.7  4.6 10.8  85720  74287  97153                                        King County                                   TX est23all.txt 27NOV2024
48 271      567      432      702 21.0 16.0 26.0      142       97      187 26.0 17.7 34.3      109       72      146 26.6 17.6 35.6  53572  47033  60111                                        Kinney County                                 TX est23all.txt 27NOV2024
48 273     6341     5009     7673 22.1 17.5 26.7     2071     1456     2686 29.1 20.5 37.7     1510     1041     1979 29.4 20.3 38.5  52903  46861  58945                                        Kleberg County                                TX est23all.txt 27NOV2024
48 275      657      514      800 20.5 16.0 25.0      284      196      372 32.0 22.1 41.9      207      140      274 30.3 20.4 40.2  55414  53383  57445                                        Knox County                                   TX est23all.txt 27NOV2024
48 277     9670     8213    11127 19.2 16.3 22.1     3565     2871     4259 28.7 23.1 34.3     2589     2074     3104 28.7 23.0 34.4  56275  50103  62447                                        Lamar County                                  TX est23all.txt 27NOV2024
48 279     2291     1791     2791 18.3 14.3 22.3      864      610     1118 25.2 17.8 32.6      624      437      811 23.9 16.7 31.1  57113  51868  62358                                        Lamb County                                   TX est23all.txt 27NOV2024
48 281     2645     2040     3250 11.5  8.9 14.1      828      567     1089 17.1 11.7 22.5      610      412      808 16.4 11.1 21.7  71484  64131  78837                                        Lampasas County                               TX est23all.txt 27NOV2024
48 283     1378     1042     1714 27.1 20.5 33.7      381      258      504 31.6 21.4 41.8      289      189      389 33.1 21.7 44.5  48675  42429  54921                                        La Salle County                               TX est23all.txt 27NOV2024
48 285     2513     2002     3024 12.5 10.0 15.0      774      543     1005 16.2 11.4 21.0      534      348      720 15.1  9.8 20.4  64145  56614  71676                                        Lavaca County                                 TX est23all.txt 27NOV2024
48 287     2002     1528     2476 11.2  8.5 13.9      584      396      772 15.9 10.8 21.0      432      284      580 16.2 10.6 21.8  71112  64275  77949                                        Lee County                                    TX est23all.txt 27NOV2024
48 289     2256     1735     2777 13.7 10.5 16.9      800      550     1050 21.2 14.6 27.8      603      406      800 21.4 14.4 28.4  59488  52361  66615                                        Leon County                                   TX est23all.txt 27NOV2024
48 291    14974    11728    18220 14.5 11.3 17.7     6605     4545     8665 20.4 14.0 26.8     4791     3222     6360 19.7 13.2 26.2  72329  67128  77530                                        Liberty County                                TX est23all.txt 27NOV2024
48 293     3819     3037     4601 18.0 14.3 21.7     1254      901     1607 25.6 18.4 32.8      918      641     1195 25.2 17.6 32.8  53482  47397  59567                                        Limestone County                              TX est23all.txt 27NOV2024
48 295      362      277      447 12.6  9.6 15.6      121       83      159 16.9 11.6 22.2       89       60      118 16.4 11.0 21.8  67386  58926  75846                                        Lipscomb County                               TX est23all.txt 27NOV2024
48 297     1686     1288     2084 17.0 13.0 21.0      505      344      666 23.5 16.0 31.0      373      247      499 23.2 15.4 31.0  59202  51634  66770                                        Live Oak County                               TX est23all.txt 27NOV2024
48 299     2655     2066     3244 11.7  9.1 14.3      740      514      966 21.2 14.7 27.7      542      370      714 21.6 14.8 28.4  71475  64376  78574                                        Llano County                                  TX est23all.txt 27NOV2024
48 301        2        1        3  4.7  3.5  5.9        1        1        1  7.7  3.9 11.5        1        1        1  8.3  4.7 11.9  86760  71204 102316                                        Loving County                                 TX est23all.txt 27NOV2024
48 303    52974    47494    58454 17.1 15.3 18.9    14651    11684    17618 19.9 15.9 23.9    10319     7917    12721 19.1 14.7 23.5  57883  54679  61087                                        Lubbock County                                TX est23all.txt 27NOV2024
48 305      954      754     1154 16.7 13.2 20.2      339      242      436 21.4 15.3 27.5      249      172      326 20.5 14.2 26.8  57338  50209  64467                                        Lynn County                                   TX est23all.txt 27NOV2024
48 307     1359     1050     1668 18.5 14.3 22.7      427      294      560 28.0 19.3 36.7      311      209      413 26.8 18.0 35.6  47814  41527  54101                                        McCulloch County                              TX est23all.txt 27NOV2024
48 309    43162    37966    48358 16.7 14.7 18.7    12738    10347    15129 20.2 16.4 24.0     9331     7555    11107 20.3 16.4 24.2  63377  59331  67423                                        McLennan County                               TX est23all.txt 27NOV2024
48 311       70       53       87 12.4  9.3 15.5       22       15       29 18.6 12.5 24.7       18       12       24 19.8 12.9 26.7  71112  61369  80855                                        McMullen County                               TX est23all.txt 27NOV2024
48 313     2108     1640     2576 18.3 14.2 22.4      684      477      891 22.5 15.7 29.3      499      341      657 23.3 15.9 30.7  53301  46885  59717                                        Madison County                                TX est23all.txt 27NOV2024
48 315     2047     1608     2486 21.7 17.1 26.3      570      405      735 33.3 23.7 42.9      429      300      558 32.9 23.0 42.8  47660  41578  53742                                        Marion County                                 TX est23all.txt 27NOV2024
48 317      616      463      769 11.9  9.0 14.8      260      177      343 15.9 10.8 21.0      182      119      245 14.2  9.3 19.1  81637  71000  92274                                        Martin County                                 TX est23all.txt 27NOV2024
48 319      486      377      595 12.4  9.6 15.2      150      103      197 20.8 14.2 27.4      113       75      151 20.3 13.5 27.1  62435  54184  70686                                        Mason County                                  TX est23all.txt 27NOV2024
48 321     6434     5190     7678 17.9 14.4 21.4     2464     1841     3087 26.4 19.7 33.1     1685     1177     2193 24.9 17.4 32.4  58996  52260  65732                                        Matagorda County                              TX est23all.txt 27NOV2024
48 323    13047    10766    15328 22.8 18.8 26.8     5153     3733     6573 29.2 21.2 37.2     3852     2706     4998 29.9 21.0 38.8  46052  42287  49817                                        Maverick County                               TX est23all.txt 27NOV2024
48 325     6871     5376     8366 13.1 10.2 16.0     2215     1595     2835 18.3 13.2 23.4     1684     1195     2173 18.5 13.1 23.9  70707  64920  76494                                        Medina County                                 TX est23all.txt 27NOV2024
48 327      385      294      476 20.0 15.3 24.7      125       87      163 34.4 24.0 44.8       95       65      125 33.8 23.0 44.6  45438  39680  51196                                        Menard County                                 TX est23all.txt 27NOV2024
48 329    19221    15709    22733 10.9  8.9 12.9     7081     5284     8878 13.8 10.3 17.3     5349     3981     6717 14.6 10.9 18.3  94375  88058 100692                                        Midland County                                TX est23all.txt 27NOV2024
48 331     4056     3256     4856 15.9 12.8 19.0     1290      924     1656 22.5 16.1 28.9      992      705     1279 23.2 16.5 29.9  63456  57578  69334                                        Milam County                                  TX est23all.txt 27NOV2024
48 333      638      486      790 14.7 11.2 18.2      189      128      250 22.4 15.1 29.7      137       91      183 21.7 14.4 29.0  56328  49316  63340                                        Mills County                                  TX est23all.txt 27NOV2024
48 335     1447     1095     1799 21.1 16.0 26.2      401      273      529 22.5 15.3 29.7      286      189      383 20.9 13.8 28.0  53255  46475  60035                                        Mitchell County                               TX est23all.txt 27NOV2024
48 337     2856     2269     3443 13.4 10.6 16.2      842      577     1107 17.5 12.0 23.0      574      374      774 15.6 10.1 21.1  60336  53803  66869                                        Montague County                               TX est23all.txt 27NOV2024
48 339    71419    63156    79682 10.1  8.9 11.3    24468    20278    28658 13.5 11.2 15.8    17823    14740    20906 13.0 10.7 15.3  92578  88946  96210                                        Montgomery County                             TX est23all.txt 27NOV2024
48 341     2839     2312     3366 13.5 11.0 16.0     1375     1108     1642 20.7 16.7 24.7     1013      818     1208 21.6 17.4 25.8  64003  56750  71256                                        Moore County                                  TX est23all.txt 27NOV2024
48 343     2304     1814     2794 19.3 15.2 23.4      828      604     1052 30.5 22.2 38.8      577      404      750 27.9 19.5 36.3  51598  45766  57430                                        Morris County                                 TX est23all.txt 27NOV2024
48 345      171      130      212 16.8 12.8 20.8       56       38       74 28.4 19.3 37.5       43       28       58 30.3 20.1 40.5  48952  42781  55123                                        Motley County                                 TX est23all.txt 27NOV2024
48 347    11954     9913    13995 19.6 16.3 22.9     3704     2753     4655 24.5 18.2 30.8     2655     1940     3370 24.1 17.6 30.6  52516  48657  56375                                        Nacogdoches County                            TX est23all.txt 27NOV2024
48 349     8526     6855    10197 15.7 12.6 18.8     3168     2275     4061 21.6 15.5 27.7     2367     1707     3027 21.7 15.7 27.7  59659  53315  66003                                        Navarro County                                TX est23all.txt 27NOV2024
48 351     2220     1712     2728 18.5 14.3 22.7      630      428      832 26.9 18.3 35.5      477      316      638 27.1 18.0 36.2  51302  44816  57788                                        Newton County                                 TX est23all.txt 27NOV2024
48 353     2856     2296     3416 20.4 16.4 24.4      982      715     1249 27.7 20.2 35.2      690      486      894 25.8 18.2 33.4  53370  48058  58682                                        Nolan County                                  TX est23all.txt 27NOV2024
48 355    59695    52428    66962 17.3 15.2 19.4    20246    16860    23632 24.7 20.6 28.8    13048    10193    15903 21.6 16.9 26.3  63669  59792  67546                                        Nueces County                                 TX est23all.txt 27NOV2024
48 357     1074      814     1334 11.1  8.4 13.8      441      297      585 15.4 10.4 20.4      310      203      417 14.6  9.6 19.6  71770  63707  79833                                        Ochiltree County                              TX est23all.txt 27NOV2024
48 359      198      151      245 12.3  9.4 15.2       61       42       80 27.4 18.7 36.1       40       27       53 28.4 19.1 37.7  68640  60093  77187                                        Oldham County                                 TX est23all.txt 27NOV2024
48 361    12295    10028    14562 14.5 11.8 17.2     4171     3001     5341 19.3 13.9 24.7     3048     2149     3947 19.0 13.4 24.6  66029  60457  71601                                        Orange County                                 TX est23all.txt 27NOV2024
48 363     4970     4105     5835 16.9 14.0 19.8     1791     1401     2181 26.4 20.7 32.1     1194      873     1515 23.9 17.5 30.3  55417  50354  60480                                        Palo Pinto County                             TX est23all.txt 27NOV2024
48 365     3072     2395     3749 13.6 10.6 16.6      981      669     1293 18.7 12.8 24.6      738      490      986 18.8 12.5 25.1  63482  57551  69413                                        Panola County                                 TX est23all.txt 27NOV2024
48 367    14141    11904    16378  8.2  6.9  9.5     3893     2876     4910  9.3  6.9 11.7     2759     1973     3545  8.7  6.2 11.2  98121  92691 103551                                        Parker County                                 TX est23all.txt 27NOV2024
48 369     1278      981     1575 13.4 10.3 16.5      459      316      602 17.3 11.9 22.7      339      229      449 17.2 11.6 22.8  62913  54842  70984                                        Parmer County                                 TX est23all.txt 27NOV2024
48 371     2686     2147     3225 21.2 17.0 25.4      857      613     1101 24.0 17.2 30.8      594      405      783 22.3 15.2 29.4  58265  51006  65524                                        Pecos County                                  TX est23all.txt 27NOV2024
48 373     9090     7696    10484 18.1 15.3 20.9     3289     2679     3899 30.0 24.4 35.6     2198     1697     2699 26.6 20.5 32.7  57009  51017  63001                                        Polk County                                   TX est23all.txt 27NOV2024
48 375    19265    15695    22835 17.8 14.5 21.1     6877     4879     8875 22.8 16.2 29.4     4742     3230     6254 21.3 14.5 28.1  51177  48727  53627                                        Potter County                                 TX est23all.txt 27NOV2024
48 377     1314     1029     1599 22.9 17.9 27.9      550      384      716 35.2 24.6 45.8      440      303      577 37.8 26.0 49.6  42699  36916  48482                                        Presidio County                               TX est23all.txt 27NOV2024
48 379     1782     1376     2188 13.8 10.7 16.9      527      368      686 20.8 14.5 27.1      382      260      504 19.9 13.5 26.3  63796  56725  70867                                        Rains County                                  TX est23all.txt 27NOV2024
48 381    12644    10207    15081  8.7  7.0 10.4     3707     2671     4743 10.7  7.7 13.7     2576     1796     3356 10.0  7.0 13.0  81705  74846  88564                                        Randall County                                TX est23all.txt 27NOV2024
48 383      335      256      414 10.7  8.2 13.2      127       87      167 14.4  9.9 18.9       99       66      132 15.2 10.2 20.2  72585  63088  82082                                        Reagan County                                 TX est23all.txt 27NOV2024
48 385      438      331      545 15.7 11.9 19.5      166      112      220 34.2 23.1 45.3      134       88      180 40.1 26.2 54.0  49014  42437  55591                                        Real County                                   TX est23all.txt 27NOV2024
48 387     2117     1662     2572 18.4 14.4 22.4      648      449      847 27.1 18.8 35.4      479      325      633 27.3 18.5 36.1  49265  43642  54888                                        Red River County                              TX est23all.txt 27NOV2024
48 389     1993     1513     2473 17.6 13.4 21.8      764      525     1003 23.6 16.2 31.0      563      377      749 23.6 15.8 31.4  57179  49808  64550                                        Reeves County                                 TX est23all.txt 27NOV2024
48 391     1104      853     1355 16.8 13.0 20.6      380      259      501 26.4 18.0 34.8      287      191      383 24.9 16.5 33.3  52641  45829  59453                                        Refugio County                                TX est23all.txt 27NOV2024
48 393       75       58       92  9.0  7.0 11.0       23       16       30 11.3  8.0 14.6       17       12       22 11.3  7.9 14.7  76634  66608  86660                                        Roberts County                                TX est23all.txt 27NOV2024
48 395     2909     2278     3540 17.0 13.3 20.7     1035      744     1326 25.2 18.1 32.3      789      564     1014 26.1 18.7 33.5  60078  53794  66362                                        Robertson County                              TX est23all.txt 27NOV2024
48 397     6600     5138     8062  5.1  4.0  6.2     2244     1521     2967  6.5  4.4  8.6     1630     1082     2178  6.1  4.0  8.2 118175 108084 128266                                        Rockwall County                               TX est23all.txt 27NOV2024
48 399     1478     1120     1836 15.3 11.6 19.0      535      368      702 23.3 16.0 30.6      394      264      524 23.1 15.5 30.7  61643  58554  64732                                        Runnels County                                TX est23all.txt 27NOV2024
48 401     6866     5350     8382 14.2 11.1 17.3     2021     1377     2665 17.1 11.7 22.5     1556     1068     2044 17.2 11.8 22.6  65812  60308  71316                                        Rusk County                                   TX est23all.txt 27NOV2024
48 403     1451     1077     1825 14.5 10.8 18.2      546      375      717 30.4 20.9 39.9      404      270      538 31.8 21.3 42.3  58723  52661  64785                                        Sabine County                                 TX est23all.txt 27NOV2024
48 405     1546     1192     1900 20.3 15.6 25.0      501      346      656 31.8 22.0 41.6      366      244      488 31.5 21.0 42.0  50908  44693  57123                                        San Augustine County                          TX est23all.txt 27NOV2024
48 407     4798     3794     5802 16.7 13.2 20.2     1546     1083     2009 25.5 17.9 33.1     1170      813     1527 25.5 17.7 33.3  66009  61102  70916                                        San Jacinto County                            TX est23all.txt 27NOV2024
48 409    12080     9954    14206 17.2 14.2 20.2     4593     3568     5618 25.6 19.9 31.3     3202     2397     4007 24.0 18.0 30.0  61411  56049  66773                                        San Patricio County                           TX est23all.txt 27NOV2024
48 411      952      736     1168 18.4 14.2 22.6      279      188      370 25.9 17.5 34.3      206      135      277 25.5 16.8 34.2  52325  46656  57994                                        San Saba County                               TX est23all.txt 27NOV2024
48 413      377      289      465 16.0 12.3 19.7      127       86      168 22.2 15.1 29.3       97       65      129 22.9 15.3 30.5  60063  52608  67518                                        Schleicher County                             TX est23all.txt 27NOV2024
48 415     2397     1876     2918 15.7 12.3 19.1      888      626     1150 21.3 15.0 27.6      627      424      830 20.0 13.5 26.5  69881  63818  75944                                        Scurry County                                 TX est23all.txt 27NOV2024
48 417      409      310      508 12.8  9.7 15.9      136       94      178 18.9 13.0 24.8       99       66      132 18.4 12.3 24.5  68681  60174  77188                                        Shackelford County                            TX est23all.txt 27NOV2024
48 419     4321     3422     5220 18.0 14.3 21.7     1509     1047     1971 24.0 16.7 31.3     1129      777     1481 24.5 16.8 32.2  54359  48442  60276                                        Shelby County                                 TX est23all.txt 27NOV2024
48 421      339      258      420 12.8  9.7 15.9      125       86      164 17.5 12.0 23.0       91       60      122 17.1 11.3 22.9  66202  57443  74961                                        Sherman County                                TX est23all.txt 27NOV2024
48 423    31655    27018    36292 13.2 11.3 15.1     9915     7528    12302 17.1 13.0 21.2     7447     5486     9408 17.2 12.7 21.7  71348  65787  76909                                        Smith County                                  TX est23all.txt 27NOV2024
48 425      858      655     1061  8.8  6.7 10.9      264      180      348 12.7  8.7 16.7      204      136      272 13.1  8.8 17.4  78913  69091  88735                                        Somervell County                              TX est23all.txt 27NOV2024
48 427    18868    15781    21955 28.8 24.1 33.5     7832     5957     9707 37.0 28.1 45.9     5679     4278     7080 36.2 27.3 45.1  38824  35613  42035                                        Starr County                                  TX est23all.txt 27NOV2024
48 429     1545     1193     1897 18.4 14.2 22.6      497      354      640 26.1 18.6 33.6      356      247      465 24.9 17.3 32.5  59099  53385  64813                                        Stephens County                               TX est23all.txt 27NOV2024
48 431      156      118      194 11.5  8.7 14.3       60       41       79 14.6 10.0 19.2       43       28       58 15.4 10.2 20.6  80859  70280  91438                                        Sterling County                               TX est23all.txt 27NOV2024
48 433      184      140      228 15.9 12.1 19.7       58       40       76 22.4 15.4 29.4       44       29       59 21.9 14.6 29.2  56413  49294  63532                                        Stonewall County                              TX est23all.txt 27NOV2024
48 435      432      327      537 13.4 10.1 16.7      143       98      188 18.8 12.9 24.7      107       71      143 18.4 12.2 24.6  63893  55730  72056                                        Sutton County                                 TX est23all.txt 27NOV2024
48 437     1223      932     1514 19.4 14.8 24.0      457      314      600 28.0 19.3 36.7      333      224      442 26.8 18.0 35.6  52350  46342  58358                                        Swisher County                                TX est23all.txt 27NOV2024
48 439   236391   218685   254097 11.0 10.2 11.8    76911    67835    85987 14.2 12.5 15.9    55476    48423    62529 13.7 12.0 15.4  80083  78028  82138                                        Tarrant County                                TX est23all.txt 27NOV2024
48 441    18753    15445    22061 13.3 11.0 15.6     5418     3770     7066 15.3 10.6 20.0     3932     2670     5194 15.3 10.4 20.2  62128  57445  66811                                        Taylor County                                 TX est23all.txt 27NOV2024
48 443      128       97      159 18.6 14.1 23.1       28       19       37 21.5 14.6 28.4       20       13       27 19.4 12.7 26.1  47947  41650  54244                                        Terrell County                                TX est23all.txt 27NOV2024
48 445     2117     1596     2638 19.3 14.5 24.1      963      657     1269 29.4 20.1 38.7      678      451      905 28.4 18.9 37.9  44361  40873  47849                                        Terry County                                  TX est23all.txt 27NOV2024
48 447      199      150      248 13.1  9.9 16.3       76       52      100 20.9 14.4 27.4       53       35       71 20.2 13.5 26.9  51546  44960  58132                                        Throckmorton County                           TX est23all.txt 27NOV2024
48 449     4883     3961     5805 15.7 12.7 18.7     1754     1262     2246 20.2 14.5 25.9     1299      921     1677 20.0 14.2 25.8  57559  51341  63777                                        Titus County                                  TX est23all.txt 27NOV2024
48 451    16827    14333    19321 14.6 12.4 16.8     4747     3554     5940 17.1 12.8 21.4     3391     2413     4369 16.7 11.9 21.5  60379  54599  66159                                        Tom Green County                              TX est23all.txt 27NOV2024
48 453   133858   122262   145454 10.2  9.3 11.1    31080    25095    37065 12.0  9.7 14.3    20616    16055    25177 11.0  8.6 13.4  97544  93501 101587                                        Travis County                                 TX est23all.txt 27NOV2024
48 455     2664     2117     3211 18.9 15.0 22.8      798      555     1041 28.6 19.9 37.3      590      400      780 28.3 19.2 37.4  49277  43096  55458                                        Trinity County                                TX est23all.txt 27NOV2024
48 457     3326     2616     4036 18.5 14.6 22.4      915      623     1207 23.8 16.2 31.4      681      453      909 23.5 15.6 31.4  54438  47699  61177                                        Tyler County                                  TX est23all.txt 27NOV2024
48 459     5937     4614     7260 13.9 10.8 17.0     1879     1273     2485 18.6 12.6 24.6     1414      937     1891 18.6 12.3 24.9  61533  54986  68080                                        Upshur County                                 TX est23all.txt 27NOV2024
48 461      465      359      571 15.3 11.8 18.8      173      119      227 21.5 14.8 28.2      129       86      172 20.1 13.4 26.8  59047  50997  67097                                        Upton County                                  TX est23all.txt 27NOV2024
48 463     5056     3935     6177 21.0 16.3 25.7     2115     1487     2743 32.4 22.8 42.0     1548     1060     2036 33.3 22.8 43.8  49006  43626  54386                                        Uvalde County                                 TX est23all.txt 27NOV2024
48 465     9234     7442    11026 20.2 16.3 24.1     3965     3020     4910 30.1 22.9 37.3     3034     2288     3780 32.1 24.2 40.0  56619  50781  62457                                        Val Verde County                              TX est23all.txt 27NOV2024
48 467     7603     5861     9345 12.0  9.2 14.8     2431     1688     3174 16.8 11.7 21.9     1709     1128     2290 15.7 10.4 21.0  66356  62167  70545                                        Van Zandt County                              TX est23all.txt 27NOV2024
48 469    12747    10210    15284 14.1 11.3 16.9     4522     3146     5898 20.0 13.9 26.1     3371     2315     4427 20.4 14.0 26.8  69442  63631  75253                                        Victoria County                               TX est23all.txt 27NOV2024
48 471    13745    11405    16085 22.4 18.6 26.2     2657     1902     3412 22.6 16.2 29.0     1702     1148     2256 20.0 13.5 26.5  56863  50824  62902                                        Walker County                                 TX est23all.txt 27NOV2024
48 473     7962     6343     9581 13.9 11.1 16.7     2755     2093     3417 18.5 14.0 23.0     1867     1334     2400 17.0 12.2 21.8  77209  68283  86135                                        Waller County                                 TX est23all.txt 27NOV2024
48 475     1529     1184     1874 14.1 10.9 17.3      578      408      748 18.7 13.2 24.2      420      289      551 18.6 12.8 24.4  65610  57405  73815                                        Ward County                                   TX est23all.txt 27NOV2024
48 477     5020     4091     5949 14.5 11.8 17.2     1555     1158     1952 20.3 15.1 25.5     1176      876     1476 20.5 15.3 25.7  67927  60733  75121                                        Washington County                             TX est23all.txt 27NOV2024
48 479    59745    52912    66578 22.5 19.9 25.1    25983    21990    29976 31.6 26.7 36.5    18438    15312    21564 30.2 25.1 35.3  57899  54621  61177                                        Webb County                                   TX est23all.txt 27NOV2024
48 481     6298     4957     7639 15.3 12.0 18.6     2220     1506     2934 21.3 14.5 28.1     1653     1100     2206 21.7 14.4 29.0  60496  55174  65818                                        Wharton County                                TX est23all.txt 27NOV2024
48 483      676      516      836 14.3 10.9 17.7      248      170      326 20.9 14.3 27.5      176      117      235 19.1 12.7 25.5  54682  47886  61478                                        Wheeler County                                TX est23all.txt 27NOV2024
48 485    20955    18333    23577 17.6 15.4 19.8     6923     5678     8168 23.6 19.4 27.8     4745     3740     5750 22.2 17.5 26.9  61622  58907  64337                                        Wichita County                                TX est23all.txt 27NOV2024
48 487     2065     1643     2487 16.9 13.4 20.4      647      470      824 25.0 18.2 31.8      429      287      571 23.9 16.0 31.8  53416  46584  60248                                        Wilbarger County                              TX est23all.txt 27NOV2024
48 489     4817     3717     5917 27.8 21.5 34.1     1612     1100     2124 34.9 23.8 46.0     1184      776     1592 34.0 22.3 45.7  42279  37171  47387                                        Willacy County                                TX est23all.txt 27NOV2024
48 491    44506    39684    49328  6.4  5.7  7.1    11725     9335    14115  7.2  5.7  8.7     8157     6385     9929  6.7  5.2  8.2 111183 106794 115572                                        Williamson County                             TX est23all.txt 27NOV2024
48 493     5312     4175     6449  9.9  7.8 12.0     1733     1277     2189 13.8 10.2 17.4     1298      956     1640 13.5  9.9 17.1  85288  77808  92768                                        Wilson County                                 TX est23all.txt 27NOV2024
48 495      991      749     1233 13.5 10.2 16.8      371      252      490 17.6 12.0 23.2      264      173      355 17.2 11.3 23.1  67901  59218  76584                                        Winkler County                                TX est23all.txt 27NOV2024
48 497     7217     5690     8744  9.4  7.4 11.4     2299     1630     2968 12.1  8.6 15.6     1645     1137     2153 11.6  8.0 15.2  89873  84840  94906                                        Wise County                                   TX est23all.txt 27NOV2024
48 499     7060     5716     8404 15.2 12.3 18.1     1925     1389     2461 22.0 15.9 28.1     1354      933     1775 20.3 14.0 26.6  58813  52205  65421                                        Wood County                                   TX est23all.txt 27NOV2024
48 501      960      733     1187 13.0  9.9 16.1      414      285      543 17.0 11.7 22.3      303      203      403 17.0 11.4 22.6  64634  56273  72995                                        Yoakum County                                 TX est23all.txt 27NOV2024
48 503     2590     2023     3157 14.5 11.3 17.7      862      619     1105 20.1 14.4 25.8      634      447      821 19.7 13.9 25.5  64187  58357  70017                                        Young County                                  TX est23all.txt 27NOV2024
48 505     4134     3337     4931 30.4 24.5 36.3     1877     1356     2398 43.9 31.7 56.1     1385      988     1782 41.6 29.7 53.5  41688  36594  46782                                        Zapata County                                 TX est23all.txt 27NOV2024
48 507     2677     2087     3267 28.9 22.5 35.3     1157      827     1487 42.5 30.4 54.6      877      611     1143 43.7 30.4 57.0  36878  32069  41687                                        Zavala County                                 TX est23all.txt 27NOV2024
49   0   302676   290726   314626  9.0  8.6  9.4    85097    78817    91377  9.2  8.5  9.9    60478    54809    66147  8.8  8.0  9.6  93030  91700  94360   21672   19241   24103  9.6  8.5 10.7 Utah                                          UT est23all.txt 27NOV2024
49   1      674      510      838  9.9  7.5 12.3      289      196      382 14.0  9.5 18.5      206      135      277 13.3  8.7 17.9  67100  59079  75121                                        Beaver County                                 UT est23all.txt 27NOV2024
49   3     5272     4374     6170  8.5  7.1  9.9     1667     1222     2112  9.0  6.6 11.4     1191      858     1524  8.5  6.1 10.9  83493  77790  89196                                        Box Elder County                              UT est23all.txt 27NOV2024
49   5    14667    12759    16575 10.7  9.3 12.1     3353     2607     4099  8.3  6.5 10.1     2210     1588     2832  7.3  5.3  9.3  83027  78465  87589                                        Cache County                                  UT est23all.txt 27NOV2024
49   7     2853     2283     3423 14.0 11.2 16.8      860      614     1106 16.9 12.1 21.7      635      451      819 16.4 11.7 21.1  59838  52577  67099                                        Carbon County                                 UT est23all.txt 27NOV2024
49   9       75       57       93  7.6  5.8  9.4       17       11       23  8.1  5.4 10.8       13        9       17  8.1  5.4 10.8  65231  56736  73726                                        Daggett County                                UT est23all.txt 27NOV2024
49  11    22191    18294    26088  6.0  4.9  7.1     6257     4713     7801  5.8  4.4  7.2     4492     3336     5648  5.4  4.0  6.8 111081 107504 114658                                        Davis County                                  UT est23all.txt 27NOV2024
49  13     2513     2053     2973 12.4 10.1 14.7      865      622     1108 13.5  9.7 17.3      587      396      778 12.0  8.1 15.9  75705  69876  81534                                        Duchesne County                               UT est23all.txt 27NOV2024
49  15     1092      844     1340 10.8  8.3 13.3      373      270      476 13.6  9.8 17.4      270      191      349 12.7  9.0 16.4  68823  61798  75848                                        Emery County                                  UT est23all.txt 27NOV2024
49  17      521      400      642 10.0  7.7 12.3      171      117      225 14.9 10.2 19.6      123       81      165 14.2  9.4 19.0  64844  56736  72952                                        Garfield County                               UT est23all.txt 27NOV2024
49  19     1018      777     1259 10.6  8.1 13.1      294      198      390 15.1 10.2 20.0      210      138      282 14.5  9.5 19.5  67360  58745  75975                                        Grand County                                  UT est23all.txt 27NOV2024
49  21     7283     5770     8796 11.6  9.2 14.0     2319     1621     3017 13.8  9.6 18.0     1521      983     2059 12.0  7.7 16.3  68170  62550  73790                                        Iron County                                   UT est23all.txt 27NOV2024
49  23     1057      812     1302  8.2  6.3 10.1      433      297      569 10.1  6.9 13.3      309      204      414  9.7  6.4 13.0  85382  75784  94980                                        Juab County                                   UT est23all.txt 27NOV2024
49  25      730      553      907  8.9  6.7 11.1      248      168      328 12.9  8.7 17.1      181      119      243 12.4  8.1 16.7  69247  60456  78038                                        Kane County                                   UT est23all.txt 27NOV2024
49  27     1232      907     1557  9.3  6.9 11.7      537      358      716 13.3  8.9 17.7      389      251      527 12.5  8.1 16.9  66467  61768  71166                                        Millard County                                UT est23all.txt 27NOV2024
49  29      561      426      696  4.3  3.3  5.3      184      124      244  4.4  3.0  5.8      137       89      185  4.0  2.6  5.4 122672 110657 134687                                        Morgan County                                 UT est23all.txt 27NOV2024
49  31      218      165      271 14.1 10.7 17.5       79       53      105 24.2 16.2 32.2       59       38       80 24.8 16.0 33.6  58106  50869  65343                                        Piute County                                  UT est23all.txt 27NOV2024
49  33      203      149      257  7.6  5.6  9.6       82       55      109 11.4  7.7 15.1       59       38       80 10.3  6.7 13.9  78332  69650  87014                                        Rich County                                   UT est23all.txt 27NOV2024
49  35   110632   102478   118786  9.5  8.8 10.2    30453    26689    34217 10.6  9.3 11.9    21890    18919    24861 10.1  8.7 11.5  94013  91107  96919                                        Salt Lake County                              UT est23all.txt 27NOV2024
49  37     2651     2056     3246 18.8 14.6 23.0      903      619     1187 22.8 15.6 30.0      654      440      868 21.2 14.2 28.2  57941  51925  63957                                        San Juan County                               UT est23all.txt 27NOV2024
49  39     3537     2811     4263 12.9 10.2 15.6      962      678     1246 13.9  9.8 18.0      691      459      923 13.8  9.2 18.4  67295  61579  73011                                        Sanpete County                                UT est23all.txt 27NOV2024
49  41     2345     1824     2866 10.7  8.3 13.1      824      579     1069 14.1  9.9 18.3      607      422      792 13.5  9.4 17.6  75024  72437  77611                                        Sevier County                                 UT est23all.txt 27NOV2024
49  43     2158     1660     2656  5.1  3.9  6.3      464      315      613  4.9  3.3  6.5      340      224      456  4.6  3.0  6.2 139848 128246 151450                                        Summit County                                 UT est23all.txt 27NOV2024
49  45     5573     4481     6665  6.8  5.5  8.1     1899     1382     2416  7.7  5.6  9.8     1397     1015     1779  7.4  5.4  9.4  94200  88921  99479                                        Tooele County                                 UT est23all.txt 27NOV2024
49  47     4165     3277     5053 11.1  8.7 13.5     1441      993     1889 12.7  8.8 16.6     1078      737     1419 12.5  8.5 16.5  70989  66185  75793                                        Uintah County                                 UT est23all.txt 27NOV2024
49  49    63310    57562    69058  9.0  8.2  9.8    16676    14035    19317  7.5  6.3  8.7    11852     9866    13838  7.3  6.1  8.5 100617  97871 103363                                        Utah County                                   UT est23all.txt 27NOV2024
49  51     1848     1454     2242  5.0  3.9  6.1      584      403      765  5.7  3.9  7.5      401      265      537  4.8  3.2  6.4 121397 108631 134163                                        Wasatch County                                UT est23all.txt 27NOV2024
49  53    21205    18442    23968 10.6  9.2 12.0     6105     4860     7350 12.7 10.1 15.3     4354     3416     5292 12.0  9.4 14.6  78094  72949  83239                                        Washington County                             UT est23all.txt 27NOV2024
49  55      299      228      370 11.4  8.7 14.1       99       67      131 16.6 11.2 22.0       75       49      101 17.2 11.2 23.2  60858  53125  68591                                        Wayne County                                  UT est23all.txt 27NOV2024
49  57    22794    19431    26157  8.5  7.2  9.8     6658     5137     8179  9.5  7.3 11.7     4547     3389     5705  8.7  6.5 10.9  86678  82705  90651                                        Weber County                                  UT est23all.txt 27NOV2024
50   0    61591    58383    64799  9.9  9.4 10.4    11515    10202    12828 10.2  9.0 11.4     7966     6762     9170  9.3  7.9 10.7  80626  78364  82888    2804    2301    3307 10.7  8.8 12.6 Vermont                                       VT est23all.txt 27NOV2024
50   1     3010     2281     3739  8.7  6.6 10.8      507      311      703  8.6  5.3 11.9      326      177      475  7.4  4.0 10.8  82234  76102  88366                                        Addison County                                VT est23all.txt 27NOV2024
50   3     4272     3324     5220 11.9  9.3 14.5      946      592     1300 14.3  9.0 19.6      646      372      920 12.7  7.3 18.1  67124  59512  74736                                        Bennington County                             VT est23all.txt 27NOV2024
50   5     4192     3421     4963 14.0 11.4 16.6      868      595     1141 16.0 11.0 21.0      606      399      813 14.7  9.7 19.7  64229  57989  70469                                        Caledonia County                              VT est23all.txt 27NOV2024
50   7    12459    10421    14497  7.8  6.5  9.1     1732     1044     2420  6.2  3.7  8.7     1338      787     1889  6.3  3.7  8.9  96142  90229 102055                                        Chittenden County                             VT est23all.txt 27NOV2024
50   9      864      674     1054 14.4 11.2 17.6      201      120      282 19.1 11.4 26.8      135       73      197 17.2  9.2 25.2  58359  52493  64225                                        Essex County                                  VT est23all.txt 27NOV2024
50  11     4955     3955     5955  9.9  7.9 11.9     1139      783     1495 10.7  7.4 14.0      742      471     1013  9.4  6.0 12.8  85765  81776  89754                                        Franklin County                               VT est23all.txt 27NOV2024
50  13      650      484      816  8.7  6.5 10.9      151       91      211 12.1  7.3 16.9      103       57      149 11.1  6.1 16.1  82896  73241  92551                                        Grand Isle County                             VT est23all.txt 27NOV2024
50  15     2461     1922     3000  9.6  7.5 11.7      562      366      758 11.1  7.2 15.0      365      213      517  9.4  5.5 13.3  72811  66318  79304                                        Lamoille County                               VT est23all.txt 27NOV2024
50  17     2851     2215     3487  9.7  7.5 11.9      586      365      807 11.4  7.1 15.7      399      227      571 10.2  5.8 14.6  73771  66703  80839                                        Orange County                                 VT est23all.txt 27NOV2024
50  19     3764     3065     4463 14.1 11.5 16.7      910      636     1184 17.6 12.3 22.9      662      451      873 17.0 11.6 22.4  59906  54654  65158                                        Orleans County                                VT est23all.txt 27NOV2024
50  21     6900     5615     8185 11.8  9.6 14.0     1248      800     1696 12.4  8.0 16.8      864      520     1208 11.2  6.7 15.7  62634  56536  68732                                        Rutland County                                VT est23all.txt 27NOV2024
50  23     5022     3949     6095  8.6  6.8 10.4      847      498     1196  8.1  4.8 11.4      567      300      834  7.0  3.7 10.3  79916  74195  85637                                        Washington County                             VT est23all.txt 27NOV2024
50  25     4506     3527     5485 10.1  7.9 12.3      834      458     1210 11.1  6.1 16.1      559      277      841  9.7  4.8 14.6  64436  58340  70532                                        Windham County                                VT est23all.txt 27NOV2024
50  27     5686     4550     6822  9.9  7.9 11.9      983      639     1327 10.0  6.5 13.5      654      389      919  8.6  5.1 12.1  77932  72200  83664                                        Windsor County                                VT est23all.txt 27NOV2024
51   0   867052   847246   886858 10.2 10.0 10.4   235215   223684   246746 12.7 12.1 13.3   169137   158452   179822 12.3 11.5 13.1  89864  88915  90813   60411   55712   65110 12.7 11.7 13.7 Virginia                                      VA est23all.txt 27NOV2024
51   1     5690     4557     6823 17.3 13.8 20.8     1597     1114     2080 24.1 16.8 31.4     1209      836     1582 24.4 16.9 31.9  56039  50927  61151                                        Accomack County                               VA est23all.txt 27NOV2024
51   3     8610     6951    10269  8.0  6.5  9.5     1896     1364     2428  8.7  6.3 11.1     1329      911     1747  8.1  5.5 10.7 102750  95145 110355                                        Albemarle County                              VA est23all.txt 27NOV2024
51   5     1986     1574     2398 13.9 11.0 16.8      484      330      638 19.4 13.2 25.6      341      220      462 17.5 11.3 23.7  58215  52896  63534                                        Alleghany County                              VA est23all.txt 27NOV2024
51   7     1336     1019     1653 10.0  7.6 12.4      390      261      519 14.1  9.4 18.8      280      180      380 13.9  8.9 18.9  71112  63300  78924                                        Amelia County                                 VA est23all.txt 27NOV2024
51   9     3833     3052     4614 12.5 10.0 15.0      992      686     1298 16.2 11.2 21.2      725      499      951 16.0 11.0 21.0  61499  54247  68751                                        Amherst County                                VA est23all.txt 27NOV2024
51  11     1917     1470     2364 11.4  8.7 14.1      576      398      754 15.8 10.9 20.7      416      277      555 15.8 10.5 21.1  64701  56950  72452                                        Appomattox County                             VA est23all.txt 27NOV2024
51  13    16535    13990    19080  7.1  6.0  8.2     3316     2300     4332  8.0  5.6 10.4     2326     1547     3105  7.7  5.1 10.3 138416 132853 143979                                        Arlington County                              VA est23all.txt 27NOV2024
51  15     6143     4898     7388  8.2  6.5  9.9     1413      985     1841 10.3  7.2 13.4     1066      732     1400  9.9  6.8 13.0  72831  67471  78191                                        Augusta County                                VA est23all.txt 27NOV2024
51  17      418      314      522 10.5  7.9 13.1       99       66      132 15.1 10.1 20.1       72       47       97 16.2 10.6 21.8  60234  52482  67986                                        Bath County                                   VA est23all.txt 27NOV2024
51  19     8029     6623     9435  9.9  8.2 11.6     1873     1368     2378 12.1  8.8 15.4     1338      943     1733 11.2  7.9 14.5  72742  66252  79232                                        Bedford County                                VA est23all.txt 27NOV2024
51  21      764      579      949 13.9 10.5 17.3      134       90      178 15.5 10.4 20.6       98       64      132 14.8  9.6 20.0  57748  50468  65028                                        Bland County                                  VA est23all.txt 27NOV2024
51  23     2131     1617     2645  6.3  4.8  7.8      469      313      625  7.6  5.1 10.1      352      227      477  7.3  4.7  9.9  84395  77926  90864                                        Botetourt County                              VA est23all.txt 27NOV2024
51  25     2856     2209     3503 20.8 16.1 25.5      651      445      857 26.7 18.2 35.2      492      331      653 27.4 18.4 36.4  51441  45645  57237                                        Brunswick County                              VA est23all.txt 27NOV2024
51  27     4049     3178     4920 22.8 17.9 27.7      809      540     1078 26.4 17.6 35.2      590      378      802 26.2 16.8 35.6  43446  38681  48211                                        Buchanan County                               VA est23all.txt 27NOV2024
51  29     2682     2036     3328 18.1 13.7 22.5      657      456      858 22.6 15.7 29.5      484      328      640 22.0 14.9 29.1  57701  52437  62965                                        Buckingham County                             VA est23all.txt 27NOV2024
51  31     6736     5446     8026 12.4 10.0 14.8     1844     1385     2303 17.8 13.4 22.2     1332      967     1697 16.6 12.1 21.1  69570  63517  75623                                        Campbell County                               VA est23all.txt 27NOV2024
51  33     2993     2265     3721  9.3  7.0 11.6      876      565     1187 12.0  7.7 16.3      645      409      881 11.8  7.5 16.1  80562  73079  88045                                        Caroline County                               VA est23all.txt 27NOV2024
51  35     4675     3786     5564 16.1 13.0 19.2     1127      816     1438 22.2 16.1 28.3      852      620     1084 22.5 16.4 28.6  53694  48085  59303                                        Carroll County                                VA est23all.txt 27NOV2024
51  36      748      575      921 11.3  8.7 13.9      164      109      219 17.5 11.6 23.4      123       79      167 17.5 11.2 23.8  73068  65730  80406                                        Charles City County                           VA est23all.txt 27NOV2024
51  37     2324     1890     2758 20.8 16.9 24.7      795      602      988 32.2 24.4 40.0      595      445      745 33.0 24.7 41.3  50878  44790  56966                                        Charlotte County                              VA est23all.txt 27NOV2024
51  41    26042    21836    30248  6.9  5.8  8.0     7512     5417     9607  8.5  6.1 10.9     5431     3781     7081  8.2  5.7 10.7  99401  94667 104135                                        Chesterfield County                           VA est23all.txt 27NOV2024
51  43     1103      846     1360  7.3  5.6  9.0      228      153      303  7.9  5.3 10.5      164      107      221  7.4  4.8 10.0 101205  88728 113682                                        Clarke County                                 VA est23all.txt 27NOV2024
51  45      596      463      729 12.3  9.5 15.1      150      101      199 19.0 12.8 25.2      116       76      156 19.9 13.1 26.7  61531  53959  69103                                        Craig County                                  VA est23all.txt 27NOV2024
51  47     5106     4036     6176  9.6  7.6 11.6     1598     1097     2099 11.9  8.2 15.6     1141      753     1529 11.4  7.5 15.3  90465  83161  97769                                        Culpeper County                               VA est23all.txt 27NOV2024
51  49     1399     1063     1735 14.2 10.8 17.6      424      286      562 22.0 14.8 29.2      312      204      420 21.7 14.2 29.2  55713  48743  62683                                        Cumberland County                             VA est23all.txt 27NOV2024
51  51     2563     1947     3179 19.4 14.7 24.1      596      396      796 23.2 15.4 31.0      439      284      594 22.1 14.3 29.9  48157  43780  52534                                        Dickenson County                              VA est23all.txt 27NOV2024
51  53     3281     2589     3973 11.8  9.3 14.3      948      683     1213 17.2 12.4 22.0      717      505      929 16.6 11.7 21.5  83334  77461  89207                                        Dinwiddie County                              VA est23all.txt 27NOV2024
51  57     1359     1040     1678 13.0 10.0 16.0      382      256      508 20.8 14.0 27.6      287      186      388 23.0 14.9 31.1  62679  54948  70410                                        Essex County                                  VA est23all.txt 27NOV2024
51  59    69309    61816    76802  6.1  5.4  6.8    18523    14719    22327  7.3  5.8  8.8    13369    10430    16308  7.0  5.5  8.5 141353 138698 144008                                        Fairfax County                                VA est23all.txt 27NOV2024
51  61     4570     3554     5586  6.1  4.7  7.5     1122      755     1489  6.6  4.5  8.7      793      524     1062  6.1  4.0  8.2 111254 101953 120555                                        Fauquier County                               VA est23all.txt 27NOV2024
51  63     1720     1312     2128 11.1  8.5 13.7      436      289      583 15.2 10.1 20.3      323      208      438 14.9  9.6 20.2  61164  54429  67899                                        Floyd County                                  VA est23all.txt 27NOV2024
51  65     2080     1613     2547  7.6  5.9  9.3      502      337      667  9.3  6.2 12.4      360      236      484  8.9  5.8 12.0  86462  75731  97193                                        Fluvanna County                               VA est23all.txt 27NOV2024
51  67     6224     5019     7429 11.4  9.2 13.6     1595     1130     2060 15.9 11.3 20.5     1190      823     1557 15.9 11.0 20.8  63692  58901  68483                                        Franklin County                               VA est23all.txt 27NOV2024
51  69     7040     5653     8427  7.4  5.9  8.9     1746     1185     2307  8.3  5.6 11.0     1292      832     1752  8.1  5.2 11.0  92108  84372  99844                                        Frederick County                              VA est23all.txt 27NOV2024
51  71     1835     1408     2262 11.3  8.7 13.9      474      321      627 15.0 10.2 19.8      336      219      453 14.0  9.1 18.9  63384  56098  70670                                        Giles County                                  VA est23all.txt 27NOV2024
51  73     3153     2368     3938  7.9  5.9  9.9      863      573     1153 11.0  7.3 14.7      622      398      846 10.6  6.8 14.4  79016  69971  88061                                        Gloucester County                             VA est23all.txt 27NOV2024
51  75     1757     1351     2163  6.7  5.2  8.2      355      241      469  8.2  5.6 10.8      268      175      361  8.2  5.3 11.1 122002 109601 134403                                        Goochland County                              VA est23all.txt 27NOV2024
51  77     2336     1770     2902 16.4 12.4 20.4      574      385      763 23.0 15.4 30.6      405      255      555 21.4 13.5 29.3  42665  40266  45064                                        Grayson County                                VA est23all.txt 27NOV2024
51  79     1888     1496     2280  8.9  7.0 10.8      552      382      722 11.5  8.0 15.0      395      264      526 11.0  7.3 14.7  83927  74624  93230                                        Greene County                                 VA est23all.txt 27NOV2024
51  81     2136     1630     2642 27.3 20.8 33.8      468      318      618 26.9 18.3 35.5      338      222      454 26.1 17.2 35.0  53908  47058  60758                                        Greensville County                            VA est23all.txt 27NOV2024
51  83     6453     5450     7456 19.7 16.6 22.8     1828     1448     2208 27.3 21.6 33.0     1504     1222     1786 30.3 24.6 36.0  50813  44811  56815                                        Halifax County                                VA est23all.txt 27NOV2024
51  85     5891     4699     7083  5.3  4.2  6.4     1410      963     1857  5.8  3.9  7.7     1000      656     1344  5.4  3.5  7.3 111485 105790 117180                                        Hanover County                                VA est23all.txt 27NOV2024
51  87    30898    26696    35100  9.4  8.1 10.7     8731     6749    10713 12.3  9.5 15.1     6203     4719     7687 11.8  9.0 14.6  85877  81580  90174                                        Henrico County                                VA est23all.txt 27NOV2024
51  89     8257     6767     9747 16.9 13.9 19.9     2326     1775     2877 24.9 19.0 30.8     1815     1414     2216 24.9 19.4 30.4  51959  47169  56749                                        Henry County                                  VA est23all.txt 27NOV2024
51  91      300      230      370 12.9  9.9 15.9       69       47       91 21.0 14.4 27.6       53       36       70 22.4 15.1 29.7  56021  49258  62784                                        Highland County                               VA est23all.txt 27NOV2024
51  93     2952     2234     3670  7.3  5.5  9.1      839      560     1118  9.7  6.5 12.9      599      388      810  9.2  6.0 12.4  88536  79618  97454                                        Isle of Wight County                          VA est23all.txt 27NOV2024
51  95     5859     4835     6883  7.2  5.9  8.5     1328      913     1743  8.4  5.8 11.0      986      667     1305  8.2  5.5 10.9 109735 102624 116846                                        James City County                             VA est23all.txt 27NOV2024
51  97      854      658     1050 12.7  9.8 15.6      206      145      267 18.4 12.9 23.9      157      109      205 19.2 13.3 25.1  66578  58882  74274                                        King and Queen County                         VA est23all.txt 27NOV2024
51  99     1778     1355     2201  6.3  4.8  7.8      511      344      678  7.5  5.0 10.0      370      243      497  7.1  4.7  9.5 101323  89844 112802                                        King George County                            VA est23all.txt 27NOV2024
51 101     1336     1029     1643  7.1  5.5  8.7      365      245      485  8.6  5.8 11.4      262      172      352  8.5  5.6 11.4  88124  78484  97764                                        King William County                           VA est23all.txt 27NOV2024
51 103     1342     1027     1657 12.6  9.6 15.6      345      235      455 21.7 14.7 28.7      262      174      350 21.4 14.2 28.6  66220  59099  73341                                        Lancaster County                              VA est23all.txt 27NOV2024
51 105     5053     4130     5976 25.0 20.4 29.6     1114      801     1427 28.5 20.5 36.5      775      535     1015 25.9 17.9 33.9  44110  38708  49512                                        Lee County                                    VA est23all.txt 27NOV2024
51 107    17860    14778    20942  4.1  3.4  4.8     4527     3335     5719  4.0  2.9  5.1     3328     2396     4260  3.8  2.7  4.9 173655 166719 180591                                        Loudoun County                                VA est23all.txt 27NOV2024
51 109     3819     2999     4639  9.4  7.4 11.4     1056      755     1357 13.2  9.4 17.0      725      479      971 12.4  8.2 16.6  79459  70688  88230                                        Louisa County                                 VA est23all.txt 27NOV2024
51 111     2106     1612     2600 19.1 14.6 23.6      541      360      722 23.2 15.4 31.0      398      258      538 22.4 14.5 30.3  51013  44826  57200                                        Lunenburg County                              VA est23all.txt 27NOV2024
51 113     1409     1079     1739 10.1  7.7 12.5      363      244      482 13.3  8.9 17.7      261      170      352 12.7  8.3 17.1  76864  69081  84647                                        Madison County                                VA est23all.txt 27NOV2024
51 115      781      598      964  9.2  7.0 11.4      193      130      256 14.6  9.8 19.4      145       95      195 14.6  9.5 19.7  73034  63531  82537                                        Mathews County                                VA est23all.txt 27NOV2024
51 117     4346     3424     5268 14.6 11.5 17.7     1161      765     1557 20.8 13.7 27.9      856      551     1161 21.1 13.6 28.6  53288  47752  58824                                        Mecklenburg County                            VA est23all.txt 27NOV2024
51 119     1363     1055     1671 12.9 10.0 15.8      337      227      447 19.3 13.0 25.6      241      158      324 18.4 12.0 24.8  67586  58840  76332                                        Middlesex County                              VA est23all.txt 27NOV2024
51 121    20853    19287    22419 23.8 22.0 25.6     1853     1351     2355 12.7  9.3 16.1     1277      896     1658 11.5  8.1 14.9  67620  61634  73606                                        Montgomery County                             VA est23all.txt 27NOV2024
51 125     2021     1642     2400 13.8 11.2 16.4      454      305      603 17.8 11.9 23.7      334      220      448 18.4 12.1 24.7  77049  70922  83176                                        Nelson County                                 VA est23all.txt 27NOV2024
51 127     1420     1110     1730  5.6  4.4  6.8      344      236      452  6.9  4.7  9.1      268      181      355  7.4  5.0  9.8 115854 101791 129917                                        New Kent County                               VA est23all.txt 27NOV2024
51 131     2064     1599     2529 17.5 13.6 21.4      577      390      764 27.0 18.3 35.7      416      273      559 25.6 16.8 34.4  53822  46868  60776                                        Northampton County                            VA est23all.txt 27NOV2024
51 133     1498     1137     1859 12.1  9.2 15.0      380      250      510 22.7 14.9 30.5      278      177      379 22.1 14.1 30.1  69662  61012  78312                                        Northumberland County                         VA est23all.txt 27NOV2024
51 135     2424     1855     2993 17.8 13.6 22.0      705      462      948 23.3 15.3 31.3      512      325      699 23.2 14.7 31.7  58168  54183  62153                                        Nottoway County                               VA est23all.txt 27NOV2024
51 137     3076     2313     3839  8.0  6.0 10.0      991      659     1323 12.1  8.1 16.1      735      479      991 12.2  7.9 16.5  82738  73532  91944                                        Orange County                                 VA est23all.txt 27NOV2024
51 139     3343     2728     3958 14.2 11.6 16.8      773      525     1021 17.2 11.7 22.7      564      375      753 16.7 11.1 22.3  57960  52603  63317                                        Page County                                   VA est23all.txt 27NOV2024
51 141     2466     1891     3041 14.4 11.0 17.8      588      392      784 19.3 12.9 25.7      434      282      586 18.6 12.1 25.1  51200  44951  57449                                        Patrick County                                VA est23all.txt 27NOV2024
51 143     7968     6383     9553 13.7 11.0 16.4     1713     1164     2262 16.7 11.3 22.1     1280      848     1712 16.2 10.7 21.7  54627  51513  57741                                        Pittsylvania County                           VA est23all.txt 27NOV2024
51 145     1882     1454     2310  6.1  4.7  7.5      390      260      520  6.7  4.5  8.9      299      195      403  6.8  4.4  9.2 100814  91209 110419                                        Powhatan County                               VA est23all.txt 27NOV2024
51 147     4430     3649     5211 25.1 20.7 29.5      982      735     1229 28.5 21.3 35.7      762      578      946 31.4 23.8 39.0  55264  48330  62198                                        Prince Edward County                          VA est23all.txt 27NOV2024
51 149     3805     2919     4691 11.3  8.7 13.9      944      642     1246 11.4  7.8 15.0      697      456      938 11.0  7.2 14.8  82207  73211  91203                                        Prince George County                          VA est23all.txt 27NOV2024
51 153    32529    27914    37144  6.7  5.7  7.7    10426     7885    12967  8.3  6.3 10.3     7926     5942     9910  8.4  6.3 10.5 128758 123820 133696                                        Prince William County                         VA est23all.txt 27NOV2024
51 155     5365     4515     6215 16.5 13.9 19.1     1357     1094     1620 23.4 18.9 27.9      934      736     1132 21.6 17.0 26.2  59839  53911  65767                                        Pulaski County                                VA est23all.txt 27NOV2024
51 157      663      503      823  9.0  6.8 11.2      162      109      215 14.2  9.6 18.8      123       80      166 13.5  8.8 18.2  88237  76907  99567                                        Rappahannock County                           VA est23all.txt 27NOV2024
51 159     1191      884     1498 15.6 11.6 19.6      360      243      477 21.9 14.8 29.0      263      172      354 22.4 14.7 30.1  61655  54193  69117                                        Richmond County                               VA est23all.txt 27NOV2024
51 161     6804     5448     8160  7.2  5.8  8.6     1508     1033     1983  8.2  5.6 10.8     1113      742     1484  7.7  5.1 10.3  80929  75410  86448                                        Roanoke County                                VA est23all.txt 27NOV2024
51 163     2480     1926     3034 11.4  8.9 13.9      540      366      714 14.9 10.1 19.7      393      260      526 13.4  8.8 18.0  64813  56849  72777                                        Rockbridge County                             VA est23all.txt 27NOV2024
51 165     8476     7074     9878 10.1  8.4 11.8     2218     1649     2787 11.8  8.8 14.8     1509     1067     1951 10.7  7.6 13.8  79332  72793  85871                                        Rockingham County                             VA est23all.txt 27NOV2024
51 167     4685     3837     5533 18.5 15.1 21.9     1048      767     1329 21.6 15.8 27.4      772      549      995 21.7 15.4 28.0  51459  45931  56987                                        Russell County                                VA est23all.txt 27NOV2024
51 169     4226     3507     4945 20.5 17.0 24.0      859      628     1090 22.5 16.4 28.6      641      473      809 21.8 16.1 27.5  46015  40508  51522                                        Scott County                                  VA est23all.txt 27NOV2024
51 171     4444     3570     5318  9.9  7.9 11.9     1153      788     1518 12.3  8.4 16.2      859      580     1138 12.5  8.4 16.6  75129  68652  81606                                        Shenandoah County                             VA est23all.txt 27NOV2024
51 173     4330     3392     5268 15.1 11.8 18.4     1081      711     1451 19.5 12.8 26.2      716      442      990 17.4 10.8 24.0  52646  47238  58054                                        Smyth County                                  VA est23all.txt 27NOV2024
51 175     2195     1690     2700 13.3 10.2 16.4      574      380      768 17.7 11.7 23.7      426      275      577 16.8 10.8 22.8  65742  58468  73016                                        Southampton County                            VA est23all.txt 27NOV2024
51 177     9756     7761    11751  6.6  5.3  7.9     3339     2345     4333  9.4  6.6 12.2     2466     1688     3244  9.0  6.2 11.8 109834 103683 115985                                        Spotsylvania County                           VA est23all.txt 27NOV2024
51 179     8608     6651    10565  5.3  4.1  6.5     2940     1983     3897  6.9  4.6  9.2     2144     1419     2869  6.6  4.4  8.8 130751 122792 138710                                        Stafford County                               VA est23all.txt 27NOV2024
51 181      816      624     1008 12.4  9.5 15.3      221      148      294 19.7 13.2 26.2      169      110      228 21.2 13.8 28.6  68714  59921  77507                                        Surry County                                  VA est23all.txt 27NOV2024
51 183     1802     1351     2253 20.9 15.7 26.1      464      312      616 27.5 18.5 36.5      338      220      456 27.2 17.7 36.7  53020  46996  59044                                        Sussex County                                 VA est23all.txt 27NOV2024
51 185     7838     6613     9063 21.0 17.7 24.3     2001     1570     2432 27.3 21.4 33.2     1471     1135     1807 25.7 19.8 31.6  45959  40866  51052                                        Tazewell County                               VA est23all.txt 27NOV2024
51 187     3773     2996     4550  9.3  7.4 11.2      915      601     1229 10.4  6.8 14.0      670      426      914 10.4  6.6 14.2  89337  82189  96485                                        Warren County                                 VA est23all.txt 27NOV2024
51 191     6659     5214     8104 12.8 10.0 15.6     1467     1020     1914 15.7 10.9 20.5     1069      712     1426 15.1 10.0 20.2  57758  52113  63403                                        Washington County                             VA est23all.txt 27NOV2024
51 193     2355     1776     2934 12.5  9.4 15.6      704      468      940 21.0 14.0 28.0      513      332      694 21.0 13.6 28.4  66975  59262  74688                                        Westmoreland County                           VA est23all.txt 27NOV2024
51 195     5924     4603     7245 18.2 14.1 22.3     1343      853     1833 20.0 12.7 27.3      985      613     1357 19.7 12.3 27.1  50442  47727  53157                                        Wise County                                   VA est23all.txt 27NOV2024
51 197     3757     2952     4562 13.5 10.6 16.4     1033      739     1327 19.4 13.9 24.9      719      486      952 18.1 12.3 23.9  59026  52214  65838                                        Wythe County                                  VA est23all.txt 27NOV2024
51 199     4527     3749     5305  6.5  5.4  7.6     1075      767     1383  6.7  4.8  8.6      769      531     1007  6.1  4.2  8.0 101987  94623 109351                                        York County                                   VA est23all.txt 27NOV2024
51 510    13057    10319    15795  8.5  6.7 10.3     3662     2500     4824 13.4  9.1 17.7     2640     1761     3519 15.0 10.0 20.0 109902 101927 117877                                        Alexandria city                               VA est23all.txt 27NOV2024
51 520     3601     2967     4235 21.8 18.0 25.6     1019      739     1299 31.0 22.5 39.5      721      507      935 29.6 20.8 38.4  45240  39653  50827                                        Bristol city                                  VA est23all.txt 27NOV2024
51 530      873      665     1081 14.6 11.1 18.1      254      171      337 18.3 12.3 24.3      178      116      240 17.8 11.6 24.0  53778  47271  60285                                        Buena Vista city                              VA est23all.txt 27NOV2024
51 540     8355     7209     9501 19.6 16.9 22.3     1344      945     1743 17.9 12.6 23.2      906      607     1205 18.1 12.1 24.1  72542  65340  79744                                        Charlottesville city                          VA est23all.txt 27NOV2024
51 550    24815    20806    28824 10.0  8.4 11.6     7434     5691     9177 12.3  9.4 15.2     5184     3876     6492 11.5  8.6 14.4  91582  86485  96679                                        Chesapeake city                               VA est23all.txt 27NOV2024
51 570     1889     1470     2308 10.4  8.1 12.7      694      477      911 15.4 10.6 20.2      515      349      681 15.8 10.7 20.9  70161  63222  77100                                        Colonial Heights city                         VA est23all.txt 27NOV2024
51 580      966      766     1166 17.7 14.0 21.4      321      222      420 25.0 17.3 32.7      220      151      289 24.1 16.5 31.7  49519  43175  55863                                        Covington city                                VA est23all.txt 27NOV2024
51 590     9452     7718    11186 23.4 19.1 27.7     2701     1829     3573 29.1 19.7 38.5     1868     1202     2534 27.3 17.6 37.0  45423  41149  49697                                        Danville city                                 VA est23all.txt 27NOV2024
51 595     1055      798     1312 20.1 15.2 25.0      466      313      619 33.4 22.5 44.3      342      223      461 33.1 21.6 44.6  45894  40041  51747                                        Emporia city                                  VA est23all.txt 27NOV2024
51 600     1833     1435     2231  7.4  5.8  9.0      451      303      599  7.1  4.8  9.4      308      197      419  7.8  5.0 10.6 119079 106430 131728                                        Fairfax city                                  VA est23all.txt 27NOV2024
51 610      738      579      897  5.1  4.0  6.2      139       93      185  4.0  2.7  5.3       91       59      123  3.4  2.2  4.6 145755 128469 163041                                        Falls Church city                             VA est23all.txt 27NOV2024
51 620     1628     1235     2021 19.8 15.0 24.6      711      474      948 31.0 20.7 41.3      510      331      689 33.1 21.5 44.7  53310  46897  59723                                        Franklin city                                 VA est23all.txt 27NOV2024
51 630     3384     2561     4207 12.7  9.6 15.8     1153      774     1532 19.4 13.0 25.8      827      543     1111 20.1 13.2 27.0  75915  68585  83245                                        Fredericksburg city                           VA est23all.txt 27NOV2024
51 640     1350     1068     1632 20.8 16.4 25.2      515      350      680 28.9 19.6 38.2      355      233      477 28.2 18.5 37.9  46891  40754  53028                                        Galax city                                    VA est23all.txt 27NOV2024
51 650    17827    14655    20999 13.4 11.0 15.8     5429     3812     7046 18.7 13.1 24.3     3810     2552     5068 18.2 12.2 24.2  67764  62975  72553                                        Hampton city                                  VA est23all.txt 27NOV2024
51 660    10414     9046    11782 23.8 20.7 26.9     1482      990     1974 17.0 11.3 22.7     1028      668     1388 17.4 11.3 23.5  58597  51960  65234                                        Harrisonburg city                             VA est23all.txt 27NOV2024
51 670     4489     3578     5400 20.0 15.9 24.1     1845     1346     2344 32.5 23.7 41.3     1264      899     1629 30.6 21.8 39.4  49111  43684  54538                                        Hopewell city                                 VA est23all.txt 27NOV2024
51 678     1031      778     1284 21.4 16.2 26.6      113       76      150 10.9  7.3 14.5       69       45       93 11.4  7.5 15.3  62342  54190  70494                                        Lexington city                                VA est23all.txt 27NOV2024
51 680    13198    11010    15386 19.1 15.9 22.3     3412     2482     4342 22.5 16.4 28.6     2382     1672     3092 23.5 16.5 30.5  58962  53704  64220                                        Lynchburg city                                VA est23all.txt 27NOV2024
51 683     4559     3706     5412 10.7  8.7 12.7     2119     1665     2573 18.9 14.8 23.0     1349      972     1726 17.1 12.3 21.9  92198  82843 101553                                        Manassas city                                 VA est23all.txt 27NOV2024
51 685     1257      943     1571  7.7  5.8  9.6      491      328      654 13.6  9.1 18.1      354      229      479 12.6  8.1 17.1  92611  81858 103364                                        Manassas Park city                            VA est23all.txt 27NOV2024
51 690     2999     2365     3633 22.5 17.7 27.3     1111      754     1468 29.6 20.1 39.1      767      513     1021 29.6 19.8 39.4  44547  39339  49755                                        Martinsville city                             VA est23all.txt 27NOV2024
51 700    27335    22372    32298 15.7 12.9 18.5     9340     6919    11761 22.5 16.7 28.3     7066     5282     8850 24.1 18.0 30.2  63911  59503  68319                                        Newport News city                             VA est23all.txt 27NOV2024
51 710    38185    33184    43186 18.3 15.9 20.7    11516     9283    13749 25.2 20.3 30.1     8464     6692    10236 27.1 21.4 32.8  61098  58069  64127                                        Norfolk city                                  VA est23all.txt 27NOV2024
51 720      712      555      869 20.6 16.1 25.1      229      155      303 29.7 20.1 39.3      166      110      222 29.7 19.6 39.8  42618  37003  48233                                        Norton city                                   VA est23all.txt 27NOV2024
51 730     6946     5445     8447 21.2 16.6 25.8     2535     1652     3418 31.5 20.5 42.5     1794     1150     2438 34.8 22.3 47.3  46216  42992  49440                                        Petersburg city                               VA est23all.txt 27NOV2024
51 735      725      557      893  5.8  4.5  7.1      189      130      248  6.6  4.6  8.6      138       93      183  6.3  4.3  8.3 108161  95752 120570                                        Poquoson city                                 VA est23all.txt 27NOV2024
51 740    17578    14562    20594 18.7 15.5 21.9     5424     3840     7008 25.0 17.7 32.3     3834     2661     5007 25.3 17.6 33.0  57012  53006  61018                                        Portsmouth city                               VA est23all.txt 27NOV2024
51 750     3562     2901     4223 26.4 21.5 31.3      381      273      489 17.9 12.8 23.0      267      187      347 18.3 12.8 23.8  47325  42150  52500                                        Radford city                                  VA est23all.txt 27NOV2024
51 760    38475    33315    43635 17.6 15.2 20.0    10743     8209    13277 27.5 21.0 34.0     6606     4451     8761 25.7 17.3 34.1  64903  61578  68228                                        Richmond city                                 VA est23all.txt 27NOV2024
51 770    17522    14662    20382 18.4 15.4 21.4     5624     4151     7097 26.3 19.4 33.2     4160     3061     5259 27.3 20.1 34.5  51782  48015  55549                                        Roanoke city                                  VA est23all.txt 27NOV2024
51 775     2459     1936     2982 10.4  8.2 12.6      633      460      806 12.9  9.4 16.4      482      347      617 13.6  9.8 17.4  63701  56643  70759                                        Salem city                                    VA est23all.txt 27NOV2024
51 790     2776     2140     3412 11.3  8.7 13.9      800      533     1067 16.5 11.0 22.0      565      367      763 17.2 11.2 23.2  59926  54689  65163                                        Staunton city                                 VA est23all.txt 27NOV2024
51 800    11033     8988    13078 11.1  9.0 13.2     3463     2542     4384 14.9 10.9 18.9     2569     1867     3271 15.1 11.0 19.2  81297  74495  88099                                        Suffolk city                                  VA est23all.txt 27NOV2024
51 810    38630    33115    44145  8.7  7.5  9.9    10841     8374    13308 11.2  8.7 13.7     7731     5748     9714 10.9  8.1 13.7  90275  86874  93676                                        Virginia Beach city                           VA est23all.txt 27NOV2024
51 820     2940     2286     3594 12.9 10.0 15.8     1005      678     1332 19.0 12.8 25.2      694      453      935 18.8 12.2 25.4  56438  50241  62635                                        Waynesboro city                               VA est23all.txt 27NOV2024
51 830     2058     1557     2559 18.8 14.2 23.4      363      245      481 20.6 13.9 27.3      252      165      339 19.0 12.4 25.6  70270  61531  79009                                        Williamsburg city                             VA est23all.txt 27NOV2024
51 840     4286     3547     5025 16.2 13.4 19.0     1319      989     1649 21.9 16.4 27.4      914      675     1153 21.1 15.6 26.6  63514  56187  70841                                        Winchester city                               VA est23all.txt 27NOV2024
53   0   793263   773166   813360 10.3 10.0 10.6   196142   186017   206267 12.1 11.5 12.7   133532   124561   142503 11.2 10.5 11.9  94553  93372  95734   54850   50201   59499 13.4 12.3 14.5 Washington                                    WA est23all.txt 27NOV2024
53   1     3107     2423     3791 15.1 11.8 18.4     1438     1020     1856 20.3 14.4 26.2     1029      719     1339 19.4 13.5 25.3  67056  60093  74019                                        Adams County                                  WA est23all.txt 27NOV2024
53   3     3323     2678     3968 14.9 12.0 17.8      790      561     1019 18.5 13.1 23.9      534      361      707 16.9 11.4 22.4  64789  57058  72520                                        Asotin County                                 WA est23all.txt 27NOV2024
53   5    23890    20508    27272 11.2  9.6 12.8     7063     5382     8744 12.9  9.8 16.0     5084     3852     6316 12.2  9.2 15.2  83040  78009  88071                                        Benton County                                 WA est23all.txt 27NOV2024
53   7     8086     6441     9731 10.2  8.1 12.3     2274     1575     2973 13.0  9.0 17.0     1678     1151     2205 12.6  8.6 16.6  74848  69526  80170                                        Chelan County                                 WA est23all.txt 27NOV2024
53   9     9120     7567    10673 11.9  9.9 13.9     1953     1363     2543 16.3 11.4 21.2     1362      921     1803 15.0 10.1 19.9  67071  62316  71826                                        Clallam County                                WA est23all.txt 27NOV2024
53  11    38572    32834    44310  7.5  6.4  8.6     9497     6859    12135  8.4  6.1 10.7     6918     4908     8928  8.1  5.8 10.4  97240  93800 100680                                        Clark County                                  WA est23all.txt 27NOV2024
53  13      546      420      672 13.6 10.5 16.7      132       91      173 18.6 12.8 24.4       94       62      126 17.6 11.7 23.5  66267  58181  74353                                        Columbia County                               WA est23all.txt 27NOV2024
53  15    14756    12444    17068 13.2 11.1 15.3     4098     3158     5038 16.7 12.9 20.5     2778     2033     3523 15.2 11.1 19.3  71996  66307  77685                                        Cowlitz County                                WA est23all.txt 27NOV2024
53  17     5281     4132     6430 11.8  9.2 14.4     1620     1145     2095 15.4 10.9 19.9     1141      788     1494 14.3  9.9 18.7  69808  63585  76031                                        Douglas County                                WA est23all.txt 27NOV2024
53  19     1275      962     1588 17.2 13.0 21.4      362      245      479 29.1 19.7 38.5      262      172      352 28.4 18.7 38.1  57090  50291  63889                                        Ferry County                                  WA est23all.txt 27NOV2024
53  21    12341    10333    14349 12.8 10.7 14.9     4465     3392     5538 15.1 11.5 18.7     3342     2544     4140 15.0 11.4 18.6  82542  77741  87343                                        Franklin County                               WA est23all.txt 27NOV2024
53  23      331      255      407 14.1 10.9 17.3       87       60      114 17.6 12.0 23.2       60       40       80 16.3 10.8 21.8  63313  55116  71510                                        Garfield County                               WA est23all.txt 27NOV2024
53  25    15448    13056    17840 15.2 12.8 17.6     5035     3738     6332 18.0 13.4 22.6     3491     2537     4445 16.7 12.1 21.3  71374  66028  76720                                        Grant County                                  WA est23all.txt 27NOV2024
53  27    11317     9351    13283 15.1 12.5 17.7     2830     2060     3600 19.1 13.9 24.3     1927     1360     2494 17.2 12.1 22.3  65758  60779  70737                                        Grays Harbor County                           WA est23all.txt 27NOV2024
53  29     7234     6077     8391  8.6  7.2 10.0     1502     1097     1907 10.4  7.6 13.2      991      680     1302  9.4  6.4 12.4  88451  81658  95244                                        Island County                                 WA est23all.txt 27NOV2024
53  31     3674     3049     4299 11.0  9.1 12.9      600      414      786 16.6 11.4 21.8      450      309      591 16.5 11.3 21.7  77856  70733  84979                                        Jefferson County                              WA est23all.txt 27NOV2024
53  33   197703   184929   210477  8.8  8.2  9.4    44537    39275    49799 10.4  9.2 11.6    30637    26572    34702  9.8  8.5 11.1 120672 118712 122632                                        King County                                   WA est23all.txt 27NOV2024
53  35    23273    20145    26401  8.7  7.5  9.9     5066     3935     6197  9.7  7.5 11.9     3217     2313     4121  8.4  6.0 10.8  98894  95507 102281                                        Kitsap County                                 WA est23all.txt 27NOV2024
53  37     6869     5927     7811 15.2 13.1 17.3      975      702     1248 12.6  9.1 16.1      709      504      914 12.3  8.7 15.9  66374  60295  72453                                        Kittitas County                               WA est23all.txt 27NOV2024
53  39     2786     2164     3408 11.9  9.2 14.6      707      472      942 17.0 11.4 22.6      516      334      698 16.6 10.8 22.4  69596  63019  76173                                        Klickitat County                              WA est23all.txt 27NOV2024
53  41    11694     9860    13528 13.7 11.6 15.8     3052     2308     3796 16.9 12.8 21.0     1952     1356     2548 14.7 10.2 19.2  67877  61876  73878                                        Lewis County                                  WA est23all.txt 27NOV2024
53  43     1245      945     1545 10.7  8.1 13.3      349      238      460 14.2  9.7 18.7      253      167      339 13.3  8.8 17.8  71908  65645  78171                                        Lincoln County                                WA est23all.txt 27NOV2024
53  45     7953     6394     9512 12.0  9.6 14.4     2249     1550     2948 17.6 12.1 23.1     1508      996     2020 16.1 10.6 21.6  75138  67723  82553                                        Mason County                                  WA est23all.txt 27NOV2024
53  47     7229     5954     8504 16.7 13.7 19.7     2076     1469     2683 22.3 15.8 28.8     1448      980     1916 20.9 14.1 27.7  58085  52025  64145                                        Okanogan County                               WA est23all.txt 27NOV2024
53  49     3132     2386     3878 13.1 10.0 16.2      615      419      811 18.0 12.3 23.7      454      301      607 17.5 11.6 23.4  61773  54694  68852                                        Pacific County                                WA est23all.txt 27NOV2024
53  51     2047     1571     2523 14.4 11.1 17.7      604      409      799 21.7 14.7 28.7      436      287      585 20.5 13.5 27.5  63611  56314  70908                                        Pend Oreille County                           WA est23all.txt 27NOV2024
53  53    89696    81249    98143  9.9  9.0 10.8    23646    20127    27165 11.4  9.7 13.1    15017    12107    17927  9.8  7.9 11.7  97493  94887 100099                                        Pierce County                                 WA est23all.txt 27NOV2024
53  55     1739     1417     2061  9.4  7.7 11.1      303      217      389 13.5  9.7 17.3      222      153      291 13.1  9.0 17.2  86442  78255  94629                                        San Juan County                               WA est23all.txt 27NOV2024
53  57    12671    10331    15011  9.7  7.9 11.5     3291     2390     4192 12.5  9.1 15.9     2265     1570     2960 11.7  8.1 15.3  90432  87470  93394                                        Skagit County                                 WA est23all.txt 27NOV2024
53  59     1382     1086     1678 11.0  8.6 13.4      320      227      413 15.5 11.0 20.0      225      154      296 14.0  9.6 18.4  85131  75548  94714                                        Skamania County                               WA est23all.txt 27NOV2024
53  61    73606    66109    81103  8.8  7.9  9.7    18569    15846    21292 10.3  8.8 11.8    12316    10252    14380  9.4  7.8 11.0 106067 102827 109307                                        Snohomish County                              WA est23all.txt 27NOV2024
53  63    67235    61147    73323 12.5 11.4 13.6    14528    11721    17335 12.6 10.2 15.0     9377     7181    11573 11.0  8.4 13.6  73380  70368  76392                                        Spokane County                                WA est23all.txt 27NOV2024
53  65     5791     4514     7068 11.9  9.3 14.5     1736     1171     2301 17.5 11.8 23.2     1282      846     1718 16.8 11.1 22.5  67525  61728  73322                                        Stevens County                                WA est23all.txt 27NOV2024
53  67    29265    25364    33166  9.9  8.6 11.2     6175     4760     7590 10.3  8.0 12.6     3995     2862     5128  8.9  6.4 11.4  92357  87926  96788                                        Thurston County                               WA est23all.txt 27NOV2024
53  69      537      413      661 11.3  8.7 13.9      149      105      193 19.7 13.9 25.5      105       70      140 18.2 12.1 24.3  69726  60967  78485                                        Wahkiakum County                              WA est23all.txt 27NOV2024
53  71     8496     6984    10008 14.9 12.3 17.5     2069     1557     2581 16.8 12.6 21.0     1552     1172     1932 16.5 12.4 20.6  71348  65155  77541                                        Walla Walla County                            WA est23all.txt 27NOV2024
53  73    29187    25717    32657 12.9 11.4 14.4     5058     3835     6281 12.3  9.3 15.3     3462     2566     4358 11.1  8.2 14.0  75920  70949  80891                                        Whatcom County                                WA est23all.txt 27NOV2024
53  75    10515     9398    11632 24.8 22.2 27.4     1123      846     1400 15.1 11.4 18.8      677      464      890 12.3  8.4 16.2  59044  51923  66165                                        Whitman County                                WA est23all.txt 27NOV2024
53  77    40910    35463    46357 16.1 14.0 18.2    15200    12558    17842 21.1 17.4 24.8    10766     8732    12800 19.8 16.1 23.5  67112  62879  71345                                        Yakima County                                 WA est23all.txt 27NOV2024
54   0   281922   273889   289955 16.4 15.9 16.9    67559    63767    71351 19.6 18.5 20.7    47417    44026    50808 18.4 17.1 19.7  55875  54849  56901   18962   17283   20641 22.2 20.2 24.2 West Virginia                                 WV est23all.txt 27NOV2024
54   1     2920     2330     3510 20.0 16.0 24.0      760      533      987 25.1 17.6 32.6      527      347      707 23.1 15.2 31.0  51353  45248  57458                                        Barbour County                                WV est23all.txt 27NOV2024
54   3    14758    12560    16956 11.3  9.6 13.0     4015     3005     5025 13.5 10.1 16.9     2825     2083     3567 12.9  9.5 16.3  78995  73155  84835                                        Berkeley County                               WV est23all.txt 27NOV2024
54   5     4237     3332     5142 20.8 16.4 25.2     1032      718     1346 25.3 17.6 33.0      745      511      979 23.8 16.3 31.3  48034  42299  53769                                        Boone County                                  WV est23all.txt 27NOV2024
54   7     2298     1808     2788 19.7 15.5 23.9      527      350      704 24.3 16.1 32.5      397      258      536 23.5 15.3 31.7  50038  44762  55314                                        Braxton County                                WV est23all.txt 27NOV2024
54   9     2910     2323     3497 14.1 11.3 16.9      622      426      818 17.5 12.0 23.0      423      271      575 15.5  9.9 21.1  49187  45489  52885                                        Brooke County                                 WV est23all.txt 27NOV2024
54  11    17413    14862    19964 19.8 16.9 22.7     4235     3236     5234 23.9 18.3 29.5     2731     1972     3490 20.8 15.0 26.6  55031  50528  59534                                        Cabell County                                 WV est23all.txt 27NOV2024
54  13     1260      963     1557 21.3 16.3 26.3      262      174      350 24.6 16.4 32.8      191      121      261 24.1 15.3 32.9  45793  40237  51349                                        Calhoun County                                WV est23all.txt 27NOV2024
54  15     1807     1389     2225 23.5 18.1 28.9      519      351      687 30.5 20.6 40.4      368      240      496 29.1 19.0 39.2  45291  39459  51123                                        Clay County                                   WV est23all.txt 27NOV2024
54  17     1233      920     1546 18.9 14.1 23.7      214      139      289 20.2 13.2 27.2      154       95      213 19.8 12.2 27.4  56985  49640  64330                                        Doddridge County                              WV est23all.txt 27NOV2024
54  19     6262     4764     7760 16.7 12.7 20.7     1758     1172     2344 22.4 14.9 29.9     1242      782     1702 20.7 13.0 28.4  49739  47231  52247                                        Fayette County                                WV est23all.txt 27NOV2024
54  21     1477     1117     1837 26.4 20.0 32.8      265      178      352 24.4 16.4 32.4      194      127      261 24.3 15.9 32.7  43671  38433  48909                                        Gilmer County                                 WV est23all.txt 27NOV2024
54  23     1787     1425     2149 16.6 13.2 20.0      425      288      562 20.5 13.9 27.1      301      196      406 19.5 12.7 26.3  53187  46375  59999                                        Grant County                                  WV est23all.txt 27NOV2024
54  25     5769     4757     6781 18.2 15.0 21.4     1313      896     1730 21.7 14.8 28.6      929      615     1243 20.1 13.3 26.9  47309  41944  52674                                        Greenbrier County                             WV est23all.txt 27NOV2024
54  27     3298     2581     4015 14.2 11.1 17.3      789      524     1054 19.4 12.9 25.9      586      374      798 20.1 12.8 27.4  63290  56305  70275                                        Hampshire County                              WV est23all.txt 27NOV2024
54  29     3933     3210     4656 14.1 11.5 16.7      873      605     1141 17.2 11.9 22.5      607      410      804 15.7 10.6 20.8  58478  51222  65734                                        Hancock County                                WV est23all.txt 27NOV2024
54  31     1948     1527     2369 13.8 10.8 16.8      445      290      600 16.4 10.7 22.1      322      202      442 15.9 10.0 21.8  52212  46224  58200                                        Hardy County                                  WV est23all.txt 27NOV2024
54  33     9135     7309    10961 14.4 11.5 17.3     2087     1403     2771 15.6 10.5 20.7     1531      965     2097 15.4  9.7 21.1  58897  55036  62758                                        Harrison County                               WV est23all.txt 27NOV2024
54  35     4041     3161     4921 14.8 11.6 18.0     1134      744     1524 19.6 12.9 26.3      814      516     1112 18.8 11.9 25.7  52503  46872  58134                                        Jackson County                                WV est23all.txt 27NOV2024
54  37     5262     4111     6413  9.0  7.0 11.0     1202      810     1594 10.0  6.7 13.3      840      541     1139  9.1  5.9 12.3  92747  84586 100908                                        Jefferson County                              WV est23all.txt 27NOV2024
54  39    26860    23405    30315 15.6 13.6 17.6     6310     4732     7888 18.7 14.0 23.4     4431     3179     5683 17.5 12.5 22.5  56633  53746  59520                                        Kanawha County                                WV est23all.txt 27NOV2024
54  41     2692     2083     3301 16.4 12.7 20.1      697      445      949 20.2 12.9 27.5      497      308      686 19.2 11.9 26.5  52827  47688  57966                                        Lewis County                                  WV est23all.txt 27NOV2024
54  43     4251     3301     5201 21.7 16.8 26.6      980      633     1327 23.2 15.0 31.4      707      445      969 21.8 13.7 29.9  47435  42218  52652                                        Lincoln County                                WV est23all.txt 27NOV2024
54  45     5838     4506     7170 19.4 15.0 23.8     1470      967     1973 23.3 15.3 31.3     1034      650     1418 21.7 13.6 29.8  48745  44764  52726                                        Logan County                                  WV est23all.txt 27NOV2024
54  47     5571     4273     6869 36.2 27.8 44.6     1163      773     1553 36.9 24.5 49.3      818      529     1107 33.9 21.9 45.9  35161  30790  39532                                        McDowell County                               WV est23all.txt 27NOV2024
54  49     7962     6466     9458 14.7 11.9 17.5     2164     1638     2690 20.0 15.1 24.9     1597     1187     2007 19.8 14.7 24.9  62449  57515  67383                                        Marion County                                 WV est23all.txt 27NOV2024
54  51     4309     3375     5243 15.1 11.8 18.4     1033      720     1346 19.2 13.4 25.0      736      495      977 18.1 12.2 24.0  59661  54396  64926                                        Marshall County                               WV est23all.txt 27NOV2024
54  53     4324     3387     5261 18.0 14.1 21.9     1145      796     1494 23.1 16.1 30.1      790      512     1068 21.3 13.8 28.8  52054  45908  58200                                        Mason County                                  WV est23all.txt 27NOV2024
54  55    11203     9200    13206 19.7 16.2 23.2     3097     2248     3946 25.6 18.6 32.6     2156     1494     2818 23.8 16.5 31.1  47084  42685  51483                                        Mercer County                                 WV est23all.txt 27NOV2024
54  57     3654     2852     4456 13.9 10.8 17.0      898      582     1214 17.1 11.1 23.1      655      407      903 17.0 10.6 23.4  59085  51951  66219                                        Mineral County                                WV est23all.txt 27NOV2024
54  59     6304     5189     7419 28.8 23.7 33.9     1520     1071     1969 31.4 22.1 40.7     1008      654     1362 28.0 18.2 37.8  38358  33707  43009                                        Mingo County                                  WV est23all.txt 27NOV2024
54  61    18255    16371    20139 18.3 16.4 20.2     2188     1578     2798 12.9  9.3 16.5     1451      972     1930 11.8  7.9 15.7  62330  57189  67471                                        Monongalia County                             WV est23all.txt 27NOV2024
54  63     2013     1581     2445 16.4 12.9 19.9      491      339      643 20.5 14.2 26.8      357      240      474 20.6 13.9 27.3  47797  41707  53887                                        Monroe County                                 WV est23all.txt 27NOV2024
54  65     1865     1412     2318 10.7  8.1 13.3      465      306      624 15.9 10.5 21.3      340      216      464 15.3  9.7 20.9  61802  54752  68852                                        Morgan County                                 WV est23all.txt 27NOV2024
54  67     4641     3720     5562 19.3 15.5 23.1     1088      754     1422 22.8 15.8 29.8      781      517     1045 21.2 14.0 28.4  48515  42681  54349                                        Nicholas County                               WV est23all.txt 27NOV2024
54  69     5689     4574     6804 14.5 11.7 17.3     1357      912     1802 17.3 11.6 23.0      950      605     1295 16.1 10.3 21.9  59882  55377  64387                                        Ohio County                                   WV est23all.txt 27NOV2024
54  71      825      627     1023 13.9 10.6 17.2      231      153      309 20.9 13.8 28.0      164      104      224 19.9 12.6 27.2  53640  46946  60334                                        Pendleton County                              WV est23all.txt 27NOV2024
54  73      969      738     1200 14.5 11.0 18.0      236      155      317 16.9 11.1 22.7      166      106      226 16.0 10.2 21.8  60991  53183  68799                                        Pleasants County                              WV est23all.txt 27NOV2024
54  75     1428     1141     1715 19.2 15.3 23.1      334      230      438 24.8 17.1 32.5      238      157      319 23.7 15.7 31.7  43632  39015  48249                                        Pocahontas County                             WV est23all.txt 27NOV2024
54  77     5297     4301     6293 17.3 14.0 20.6     1312      981     1643 21.9 16.4 27.4      851      589     1113 19.0 13.1 24.9  54881  49878  59884                                        Preston County                                WV est23all.txt 27NOV2024
54  79     5808     4577     7039 10.3  8.1 12.5     1370      927     1813 11.5  7.8 15.2      952      611     1293 10.3  6.6 14.0  72073  64413  79733                                        Putnam County                                 WV est23all.txt 27NOV2024
54  81    12538    10303    14773 18.2 15.0 21.4     3105     2276     3934 21.0 15.4 26.6     2381     1751     3011 21.1 15.5 26.7  53456  48047  58865                                        Raleigh County                                WV est23all.txt 27NOV2024
54  83     4700     3718     5682 18.9 15.0 22.8     1190      857     1523 24.6 17.7 31.5      857      597     1117 24.1 16.8 31.4  50868  45073  56663                                        Randolph County                               WV est23all.txt 27NOV2024
54  85     1433     1121     1745 17.7 13.8 21.6      386      264      508 24.5 16.7 32.3      286      189      383 24.8 16.4 33.2  55110  48696  61524                                        Ritchie County                                WV est23all.txt 27NOV2024
54  87     2672     2033     3311 19.6 14.9 24.3      684      463      905 25.8 17.4 34.2      468      300      636 23.0 14.7 31.3  48285  42850  53720                                        Roane County                                  WV est23all.txt 27NOV2024
54  89     2387     1808     2966 22.6 17.1 28.1      520      348      692 29.3 19.6 39.0      388      253      523 29.8 19.4 40.2  44218  38428  50008                                        Summers County                                WV est23all.txt 27NOV2024
54  91     2238     1690     2786 14.1 10.7 17.5      557      367      747 17.7 11.7 23.7      405      258      552 16.8 10.7 22.9  57821  52035  63607                                        Taylor County                                 WV est23all.txt 27NOV2024
54  93     1137      928     1346 17.6 14.4 20.8      210      154      266 23.4 17.1 29.7      162      117      207 25.0 18.1 31.9  55563  49799  61327                                        Tucker County                                 WV est23all.txt 27NOV2024
54  95     1486     1231     1741 19.0 15.7 22.3      408      319      497 27.1 21.2 33.0      256      184      328 22.5 16.2 28.8  58892  51554  66230                                        Tyler County                                  WV est23all.txt 27NOV2024
54  97     4112     3260     4964 18.3 14.5 22.1     1158      828     1488 24.6 17.6 31.6      864      614     1114 24.1 17.1 31.1  53380  47748  59012                                        Upshur County                                 WV est23all.txt 27NOV2024
54  99     6820     5502     8138 18.2 14.7 21.7     1593     1102     2084 21.5 14.9 28.1     1106      722     1490 20.0 13.0 27.0  51532  45907  57157                                        Wayne County                                  WV est23all.txt 27NOV2024
54 101     2092     1608     2576 26.3 20.2 32.4      572      402      742 36.8 25.9 47.7      405      273      537 34.5 23.3 45.7  40727  35860  45594                                        Webster County                                WV est23all.txt 27NOV2024
54 103     2388     1883     2893 17.4 13.7 21.1      677      473      881 23.6 16.5 30.7      478      320      636 22.8 15.3 30.3  56296  49710  62882                                        Wetzel County                                 WV est23all.txt 27NOV2024
54 105      882      667     1097 17.7 13.4 22.0      257      171      343 24.5 16.3 32.7      187      120      254 23.9 15.4 32.4  54506  47576  61436                                        Wirt County                                   WV est23all.txt 27NOV2024
54 107    11200     9168    13232 13.7 11.2 16.2     3173     2316     4030 18.7 13.6 23.8     2025     1369     2681 16.0 10.8 21.2  56353  51941  60765                                        Wood County                                   WV est23all.txt 27NOV2024
54 109     4331     3290     5372 21.5 16.3 26.7     1040      697     1383 25.9 17.4 34.4      743      480     1006 24.3 15.7 32.9  47212  43152  51272                                        Wyoming County                                WV est23all.txt 27NOV2024
55   0   614069   599659   628479 10.6 10.4 10.8   157510   149367   165653 12.8 12.1 13.5   112259   105036   119482 12.2 11.4 13.0  74671  73907  75435   40822   37183   44461 13.5 12.3 14.7 Wisconsin                                     WI est23all.txt 27NOV2024
55   1     2669     2161     3177 13.2 10.7 15.7      558      397      719 20.5 14.6 26.4      405      276      534 19.6 13.4 25.8  57944  52902  62986                                        Adams County                                  WI est23all.txt 27NOV2024
55   3     2185     1730     2640 14.1 11.2 17.0      546      361      731 16.9 11.2 22.6      377      238      516 15.6  9.8 21.4  52158  46956  57360                                        Ashland County                                WI est23all.txt 27NOV2024
55   5     4616     3799     5433 10.0  8.2 11.8     1085      730     1440 11.3  7.6 15.0      731      462     1000 10.1  6.4 13.8  66507  62743  70271                                        Barron County                                 WI est23all.txt 27NOV2024
55   7     1666     1310     2022 10.0  7.9 12.1      424      283      565 15.9 10.6 21.2      317      211      423 15.6 10.4 20.8  64339  59451  69227                                        Bayfield County                               WI est23all.txt 27NOV2024
55   9    25827    22172    29482  9.7  8.3 11.1     6380     4872     7888 10.5  8.0 13.0     4520     3364     5676 10.0  7.5 12.5  77645  74118  81172                                        Brown County                                  WI est23all.txt 27NOV2024
55  11     1359     1118     1600 10.2  8.4 12.0      321      228      414 12.2  8.6 15.8      228      155      301 11.5  7.8 15.2  73869  69221  78517                                        Buffalo County                                WI est23all.txt 27NOV2024
55  13     2279     1940     2618 13.5 11.5 15.5      568      447      689 22.3 17.5 27.1      429      336      522 21.5 16.8 26.2  67061  62743  71379                                        Burnett County                                WI est23all.txt 27NOV2024
55  15     2419     1822     3016  4.6  3.5  5.7      595      402      788  5.2  3.5  6.9      437      283      591  4.9  3.2  6.6  86890  78209  95571                                        Calumet County                                WI est23all.txt 27NOV2024
55  17     5830     4780     6880  9.0  7.4 10.6     1525     1081     1969 11.0  7.8 14.2     1119      775     1463 10.7  7.4 14.0  76637  71754  81520                                        Chippewa County                               WI est23all.txt 27NOV2024
55  19     4004     3228     4780 11.7  9.4 14.0     1594     1082     2106 15.9 10.8 21.0     1116      736     1496 15.4 10.2 20.6  66994  63154  70834                                        Clark County                                  WI est23all.txt 27NOV2024
55  21     4496     3685     5307  7.9  6.5  9.3     1053      739     1367  9.2  6.5 11.9      697      468      926  8.2  5.5 10.9  79582  74876  84288                                        Columbia County                               WI est23all.txt 27NOV2024
55  23     2144     1780     2508 14.0 11.6 16.4      538      380      696 17.7 12.5 22.9      386      258      514 17.3 11.6 23.0  57014  53067  60961                                        Crawford County                               WI est23all.txt 27NOV2024
55  25    56180    51435    60925 10.0  9.2 10.8     8429     6386    10472  7.7  5.8  9.6     6066     4461     7671  7.4  5.4  9.4  84190  79845  88535                                        Dane County                                   WI est23all.txt 27NOV2024
55  27     7118     5757     8479  8.6  7.0 10.2     1568     1114     2022  9.5  6.8 12.2     1130      793     1467  9.0  6.3 11.7  73861  69169  78553                                        Dodge County                                  WI est23all.txt 27NOV2024
55  29     2654     2132     3176  8.8  7.1 10.5      466      314      618 10.1  6.8 13.4      341      223      459  9.7  6.3 13.1  74247  67627  80867                                        Door County                                   WI est23all.txt 27NOV2024
55  31     4097     3195     4999  9.5  7.4 11.6      987      661     1313 12.1  8.1 16.1      637      393      881 10.4  6.4 14.4  73372  69721  77023                                        Douglas County                                WI est23all.txt 27NOV2024
55  33     4652     3755     5549 10.9  8.8 13.0      911      612     1210 10.6  7.1 14.1      648      425      871 10.1  6.6 13.6  71215  65959  76471                                        Dunn County                                   WI est23all.txt 27NOV2024
55  35    11136     9398    12874 10.8  9.1 12.5     2155     1522     2788 10.4  7.3 13.5     1398      940     1856  9.1  6.1 12.1  72806  67060  78552                                        Eau Claire County                             WI est23all.txt 27NOV2024
55  37      496      376      616 10.7  8.1 13.3      119       81      157 18.6 12.6 24.6       89       59      119 18.2 12.0 24.4  66442  59014  73870                                        Florence County                               WI est23all.txt 27NOV2024
55  39     9301     7855    10747  9.2  7.8 10.6     2272     1705     2839 10.7  8.0 13.4     1449     1025     1873  9.1  6.4 11.8  73485  67794  79176                                        Fond du Lac County                            WI est23all.txt 27NOV2024
55  41     1452     1194     1710 15.8 13.0 18.6      374      275      473 20.9 15.3 26.5      249      170      328 19.5 13.3 25.7  59190  52598  65782                                        Forest County                                 WI est23all.txt 27NOV2024
55  43     6609     5653     7565 13.7 11.7 15.7     1660     1274     2046 15.5 11.9 19.1     1084      780     1388 13.8  9.9 17.7  63246  57758  68734                                        Grant County                                  WI est23all.txt 27NOV2024
55  45     3040     2476     3604  8.3  6.8  9.8      742      519      965  9.6  6.7 12.5      521      351      691  8.8  5.9 11.7  78114  71176  85052                                        Green County                                  WI est23all.txt 27NOV2024
55  47     1985     1549     2421 10.4  8.1 12.7      609      419      799 14.7 10.1 19.3      427      286      568 13.7  9.2 18.2  64516  59000  70032                                        Green Lake County                             WI est23all.txt 27NOV2024
55  49     2010     1624     2396  8.4  6.8 10.0      470      321      619  9.3  6.3 12.3      339      225      453  9.1  6.1 12.1  77433  71674  83192                                        Iowa County                                   WI est23all.txt 27NOV2024
55  51      824      658      990 13.5 10.8 16.2      175      122      228 17.9 12.5 23.3      123       82      164 16.5 11.1 21.9  58900  52552  65248                                        Iron County                                   WI est23all.txt 27NOV2024
55  53     2479     1973     2985 12.6 10.0 15.2      763      535      991 17.7 12.4 23.0      526      355      697 16.5 11.2 21.8  61023  55368  66678                                        Jackson County                                WI est23all.txt 27NOV2024
55  55     7607     6374     8840  9.3  7.8 10.8     1589     1182     1996  9.8  7.3 12.3     1133      826     1440  9.4  6.9 11.9  82356  76219  88493                                        Jefferson County                              WI est23all.txt 27NOV2024
55  57     3128     2526     3730 12.5 10.1 14.9      792      542     1042 16.2 11.1 21.3      547      362      732 14.8  9.8 19.8  63587  59241  67933                                        Juneau County                                 WI est23all.txt 27NOV2024
55  59    18389    15607    21171 11.3  9.6 13.0     5515     4388     6642 15.6 12.4 18.8     4030     3166     4894 15.1 11.9 18.3  75699  71388  80010                                        Kenosha County                                WI est23all.txt 27NOV2024
55  61     1785     1469     2101  8.7  7.2 10.2      401      297      505  9.5  7.0 12.0      267      184      350  8.4  5.8 11.0  77472  71010  83934                                        Kewaunee County                               WI est23all.txt 27NOV2024
55  63    14068    12252    15884 12.1 10.5 13.7     2176     1524     2828  9.6  6.7 12.5     1530     1038     2022  8.9  6.0 11.8  71260  65667  76853                                        La Crosse County                              WI est23all.txt 27NOV2024
55  65     1884     1570     2198 11.2  9.3 13.1      568      393      743 13.7  9.5 17.9      404      268      540 13.9  9.2 18.6  73114  67188  79040                                        Lafayette County                              WI est23all.txt 27NOV2024
55  67     2595     2094     3096 13.6 11.0 16.2      658      463      853 18.5 13.0 24.0      459      307      611 17.2 11.5 22.9  57907  51839  63975                                        Langlade County                               WI est23all.txt 27NOV2024
55  69     2762     2200     3324  9.9  7.9 11.9      604      428      780 12.4  8.8 16.0      420      281      559 11.7  7.8 15.6  71871  65868  77874                                        Lincoln County                                WI est23all.txt 27NOV2024
55  71     7436     6138     8734  9.2  7.6 10.8     1812     1297     2327 11.4  8.2 14.6     1305      887     1723 10.9  7.4 14.4  69652  64448  74856                                        Manitowoc County                              WI est23all.txt 27NOV2024
55  73    13122    11137    15107  9.6  8.2 11.0     3753     2968     4538 12.3  9.7 14.9     2772     2184     3360 12.1  9.5 14.7  74505  71637  77373                                        Marathon County                               WI est23all.txt 27NOV2024
55  75     4714     3843     5585 11.4  9.3 13.5     1222      864     1580 15.9 11.2 20.6      848      580     1116 14.7 10.1 19.3  62650  57565  67735                                        Marinette County                              WI est23all.txt 27NOV2024
55  77     1827     1528     2126 11.6  9.7 13.5      470      339      601 16.2 11.7 20.7      327      226      428 14.9 10.3 19.5  67207  62013  72401                                        Marquette County                              WI est23all.txt 27NOV2024
55  78     1154      936     1372 27.4 22.2 32.6      603      467      739 45.5 35.2 55.8      460      358      562 46.5 36.2 56.8  49791  43320  56262                                        Menominee County                              WI est23all.txt 27NOV2024
55  79   153720   144771   162669 17.1 16.1 18.1    49470    44355    54585 23.3 20.9 25.7    35621    31603    39639 22.9 20.3 25.5  63304  60729  65879                                        Milwaukee County                              WI est23all.txt 27NOV2024
55  81     5848     4897     6799 12.8 10.7 14.9     1965     1494     2436 17.2 13.1 21.3     1476     1121     1831 17.3 13.1 21.5  63372  57301  69443                                        Monroe County                                 WI est23all.txt 27NOV2024
55  83     3401     2812     3990  8.6  7.1 10.1      801      568     1034 10.6  7.5 13.7      597      418      776 10.5  7.4 13.6  69599  63200  75998                                        Oconto County                                 WI est23all.txt 27NOV2024
55  85     3076     2399     3753  8.2  6.4 10.0      751      504      998 12.2  8.2 16.2      502      318      686 10.8  6.9 14.7  66650  60622  72678                                        Oneida County                                 WI est23all.txt 27NOV2024
55  87    11991     9870    14112  6.3  5.2  7.4     2752     1882     3622  6.4  4.4  8.4     1947     1276     2618  6.0  3.9  8.1  86098  79692  92504                                        Outagamie County                              WI est23all.txt 27NOV2024
55  89     4403     3554     5252  4.8  3.9  5.7      712      475      949  3.7  2.5  4.9      526      340      712  3.6  2.3  4.9  98394  93738 103050                                        Ozaukee County                                WI est23all.txt 27NOV2024
55  91      762      599      925 10.3  8.1 12.5      239      168      310 14.8 10.4 19.2      173      119      227 14.4  9.9 18.9  70012  62996  77028                                        Pepin County                                  WI est23all.txt 27NOV2024
55  93     3362     2753     3971  8.3  6.8  9.8      599      435      763  7.1  5.2  9.0      421      294      548  6.6  4.6  8.6  95522  88246 102798                                        Pierce County                                 WI est23all.txt 27NOV2024
55  95     4120     3365     4875  9.1  7.4 10.8     1064      776     1352 12.2  8.9 15.5      748      538      958 11.1  8.0 14.2  71613  66176  77050                                        Polk County                                   WI est23all.txt 27NOV2024
55  97     6697     5611     7783  9.8  8.2 11.4     1360      962     1758 10.4  7.3 13.5      947      637     1257  9.6  6.5 12.7  71295  65771  76819                                        Portage County                                WI est23all.txt 27NOV2024
55  99     1679     1347     2011 12.0  9.6 14.4      444      316      572 19.1 13.6 24.6      324      224      424 17.8 12.3 23.3  60223  56033  64413                                        Price County                                  WI est23all.txt 27NOV2024
55 101    20528    16796    24260 10.7  8.8 12.6     6452     4599     8305 15.0 10.7 19.3     4667     3283     6051 14.5 10.2 18.8  74555  70627  78483                                        Racine County                                 WI est23all.txt 27NOV2024
55 103     2206     1803     2609 13.0 10.6 15.4      563      387      739 16.1 11.1 21.1      408      275      541 15.7 10.6 20.8  60639  54201  67077                                        Richland County                               WI est23all.txt 27NOV2024
55 105    18138    15760    20516 11.2  9.7 12.7     5310     4188     6432 14.9 11.8 18.0     3823     2981     4665 14.3 11.1 17.5  73656  69739  77573                                        Rock County                                   WI est23all.txt 27NOV2024
55 107     1910     1545     2275 13.7 11.1 16.3      584      422      746 20.8 15.0 26.6      405      281      529 19.1 13.3 24.9  58513  53941  63085                                        Rusk County                                   WI est23all.txt 27NOV2024
55 109     5506     4530     6482  5.7  4.7  6.7     1212      902     1522  5.4  4.0  6.8      857      623     1091  5.0  3.6  6.4 103731  95655 111807                                        St. Croix County                              WI est23all.txt 27NOV2024
55 111     6097     5066     7128  9.4  7.8 11.0     1656     1227     2085 11.6  8.6 14.6     1212      896     1528 11.3  8.3 14.3  79349  75578  83120                                        Sauk County                                   WI est23all.txt 27NOV2024
55 113     2734     2288     3180 15.0 12.6 17.4      613      434      792 18.8 13.3 24.3      439      298      580 17.5 11.9 23.1  59053  52469  65637                                        Sawyer County                                 WI est23all.txt 27NOV2024
55 115     4659     3897     5421 11.5  9.6 13.4     1244      903     1585 14.7 10.7 18.7      893      634     1152 14.3 10.1 18.5  67562  65206  69918                                        Shawano County                                WI est23all.txt 27NOV2024
55 117    10197     8490    11904  8.9  7.4 10.4     2917     2278     3556 11.8  9.2 14.4     2218     1749     2687 11.8  9.3 14.3  73970  69353  78587                                        Sheboygan County                              WI est23all.txt 27NOV2024
55 119     2254     1838     2670 11.3  9.2 13.4      703      534      872 15.6 11.8 19.4      467      332      602 13.8  9.8 17.8  65125  59504  70746                                        Taylor County                                 WI est23all.txt 27NOV2024
55 121     3590     3077     4103 11.8 10.1 13.5     1129      891     1367 14.1 11.1 17.1      677      485      869 11.5  8.2 14.8  69119  64107  74131                                        Trempealeau County                            WI est23all.txt 27NOV2024
55 123     3864     3116     4612 12.5 10.1 14.9     1445      982     1908 18.3 12.5 24.1     1032      673     1391 17.6 11.5 23.7  69389  64351  74427                                        Vernon County                                 WI est23all.txt 27NOV2024
55 125     2941     2490     3392 12.3 10.4 14.2      624      447      801 16.6 11.9 21.3      440      307      573 15.3 10.7 19.9  63779  57744  69814                                        Vilas County                                  WI est23all.txt 27NOV2024
55 127    10790     9165    12415 10.5  8.9 12.1     2086     1532     2640 10.5  7.7 13.3     1541     1117     1965 10.1  7.3 12.9  76573  71832  81314                                        Walworth County                               WI est23all.txt 27NOV2024
55 129     1815     1459     2171 10.8  8.7 12.9      465      321      609 15.6 10.8 20.4      326      213      439 14.0  9.1 18.9  63438  59201  67675                                        Washburn County                               WI est23all.txt 27NOV2024
55 131     8274     6908     9640  6.0  5.0  7.0     1650     1189     2111  5.8  4.2  7.4     1135      780     1490  5.2  3.6  6.8  93830  89539  98121                                        Washington County                             WI est23all.txt 27NOV2024
55 133    22694    19778    25610  5.5  4.8  6.2     3730     2800     4660  4.4  3.3  5.5     2682     1958     3406  4.2  3.1  5.3  99168  96026 102310                                        Waukesha County                               WI est23all.txt 27NOV2024
55 135     6055     5290     6820 12.1 10.6 13.6     1528     1218     1838 15.3 12.2 18.4     1171      946     1396 15.5 12.5 18.5  68545  62691  74399                                        Waupaca County                                WI est23all.txt 27NOV2024
55 137     2490     1968     3012 10.5  8.3 12.7      620      407      833 14.4  9.4 19.4      461      297      625 13.9  8.9 18.9  70336  65307  75365                                        Waushara County                               WI est23all.txt 27NOV2024
55 139    17108    14769    19447 10.3  8.9 11.7     3840     2928     4752 11.4  8.7 14.1     2530     1857     3203 10.0  7.3 12.7  70720  67239  74201                                        Winnebago County                              WI est23all.txt 27NOV2024
55 141     7158     5928     8388  9.8  8.1 11.5     1934     1380     2488 12.5  8.9 16.1     1302      879     1725 11.2  7.6 14.8  67068  62086  72050                                        Wood County                                   WI est23all.txt 27NOV2024
56   0    59458    55651    63265 10.4  9.7 11.1    15355    13577    17133 12.0 10.6 13.4    10731     9062    12400 11.0  9.3 12.7  73558  71435  75681    4039    3387    4691 13.3 11.2 15.4 Wyoming                                       WY est23all.txt 27NOV2024
56   1     5922     5030     6814 16.7 14.2 19.2      679      458      900 12.0  8.1 15.9      459      292      626 11.0  7.0 15.0  59633  52163  67103                                        Albany County                                 WY est23all.txt 27NOV2024
56   3     1479     1143     1815 12.6  9.7 15.5      443      298      588 15.7 10.6 20.8      303      190      416 13.6  8.5 18.7  60818  54210  67426                                        Big Horn County                               WY est23all.txt 27NOV2024
56   5     3987     3177     4797  8.5  6.8 10.2     1168      808     1528  9.5  6.6 12.4      796      523     1069  8.6  5.7 11.5  89749  80167  99331                                        Campbell County                               WY est23all.txt 27NOV2024
56   7     1561     1199     1923 11.4  8.8 14.0      403      258      548 13.0  8.3 17.7      283      172      394 12.0  7.3 16.7  67773  60167  75379                                        Carbon County                                 WY est23all.txt 27NOV2024
56   9     1422     1093     1751 10.4  8.0 12.8      433      295      571 13.2  9.0 17.4      313      210      416 12.4  8.3 16.5  77224  67320  87128                                        Converse County                               WY est23all.txt 27NOV2024
56  11      534      396      672  7.1  5.3  8.9      172      110      234  9.1  5.8 12.4      126       76      176  9.0  5.5 12.5  77897  68383  87411                                        Crook County                                  WY est23all.txt 27NOV2024
56  13     5248     4155     6341 13.5 10.7 16.3     1727     1199     2255 18.1 12.6 23.6     1177      772     1582 16.2 10.6 21.8  64170  59403  68937                                        Fremont County                                WY est23all.txt 27NOV2024
56  15     1662     1294     2030 14.4 11.2 17.6      374      250      498 15.6 10.4 20.8      255      165      345 14.1  9.1 19.1  63191  56149  70233                                        Goshen County                                 WY est23all.txt 27NOV2024
56  17      507      380      634 11.1  8.3 13.9      146       94      198 15.5  9.9 21.1      105       64      146 14.3  8.8 19.8  60811  52874  68748                                        Hot Springs County                            WY est23all.txt 27NOV2024
56  19      730      547      913  8.4  6.3 10.5      159      100      218  9.2  5.8 12.6      117       71      163  8.7  5.3 12.1  66100  60006  72194                                        Johnson County                                WY est23all.txt 27NOV2024
56  21     9587     7940    11234  9.6  7.9 11.3     2696     2004     3388 12.2  9.1 15.3     1938     1412     2464 11.8  8.6 15.0  75131  70660  79602                                        Laramie County                                WY est23all.txt 27NOV2024
56  23     1450     1096     1804  7.0  5.3  8.7      420      270      570  8.2  5.3 11.1      288      172      404  7.2  4.3 10.1  88037  76829  99245                                        Lincoln County                                WY est23all.txt 27NOV2024
56  25     8266     6668     9864 10.5  8.5 12.5     2177     1491     2863 11.9  8.2 15.6     1539     1021     2057 11.1  7.4 14.8  73110  68210  78010                                        Natrona County                                WY est23all.txt 27NOV2024
56  27      333      251      415 15.8 11.9 19.7       89       57      121 20.9 13.3 28.5       62       38       86 20.1 12.2 28.0  56477  49105  63849                                        Niobrara County                               WY est23all.txt 27NOV2024
56  29     2930     2252     3608  9.7  7.4 12.0      728      487      969 11.8  7.9 15.7      499      306      692 10.4  6.4 14.4  70330  62420  78240                                        Park County                                   WY est23all.txt 27NOV2024
56  31      931      692     1170 11.0  8.2 13.8      258      162      354 15.1  9.5 20.7      181      108      254 14.0  8.4 19.6  64207  56254  72160                                        Platte County                                 WY est23all.txt 27NOV2024
56  33     2993     2333     3653  9.4  7.3 11.5      707      482      932 10.8  7.4 14.2      484      310      658  9.8  6.3 13.3  71080  65702  76458                                        Sheridan County                               WY est23all.txt 27NOV2024
56  35      681      530      832  7.6  5.9  9.3      154       98      210  8.2  5.2 11.2      111       67      155  7.5  4.6 10.4  78217  68220  88214                                        Sublette County                               WY est23all.txt 27NOV2024
56  37     4056     3278     4834 10.0  8.1 11.9     1146      818     1474 11.5  8.2 14.8      802      556     1048 10.4  7.2 13.6  76442  69128  83756                                        Sweetwater County                             WY est23all.txt 27NOV2024
56  39     1429     1108     1750  6.2  4.8  7.6      221      143      299  5.7  3.7  7.7      153       95      211  5.3  3.3  7.3 130156 113436 146876                                        Teton County                                  WY est23all.txt 27NOV2024
56  41     2109     1643     2575 10.3  8.0 12.6      619      404      834 11.4  7.4 15.4      419      259      579  9.8  6.0 13.6  79086  70796  87376                                        Uinta County                                  WY est23all.txt 27NOV2024
56  43      929      727     1131 12.3  9.6 15.0      260      181      339 17.3 12.0 22.6      200      136      264 17.2 11.7 22.7  62794  55169  70419                                        Washakie County                               WY est23all.txt 27NOV2024
56  45      710      532      888 11.4  8.6 14.2      175      114      236 14.0  9.1 18.9      121       74      168 12.6  7.7 17.5  66429  58602  74256                                        Weston County                                 WY est23all.txt 27NOV2024
