00   0 41852315 41619366 42085264 13.1 13.0 13.2 12997532 12873127 13121937 18.0 17.8 18.2  8930152  8834521  9025783 17.0 16.8 17.2  61937  61843  62031 3758704 3714862 3802546 19.5 19.3 19.7 United States                                 US est18all.txt 19NOV2019
01   0   801758   785668   817848 16.8 16.5 17.1   255613   247744   263482 23.9 23.2 24.6   178175   171349   185001 22.8 21.9 23.7  49881  49123  50639   73915   69990   77840 26.0 24.6 27.4 Alabama                                       AL est18all.txt 19NOV2019
01   1     7587     6334     8840 13.8 11.5 16.1     2509     1965     3053 19.3 15.1 23.5     1891     1469     2313 19.5 15.1 23.9  59338  53628  65048                                        Autauga County                                AL est18all.txt 19NOV2019
01   3    21069    17390    24748  9.8  8.1 11.5     6442     4723     8161 13.9 10.2 17.6     4534     3223     5845 13.1  9.3 16.9  57588  54437  60739                                        Baldwin County                                AL est18all.txt 19NOV2019
01   5     6788     5662     7914 30.9 25.8 36.0     2242     1788     2696 43.9 35.0 52.8     1411     1056     1766 36.7 27.5 45.9  34382  31157  37607                                        Barbour County                                AL est18all.txt 19NOV2019
01   7     4400     3445     5355 21.8 17.1 26.5     1238      923     1553 27.8 20.7 34.9      840      606     1074 26.3 19.0 33.6  46064  41283  50845                                        Bibb County                                   AL est18all.txt 19NOV2019
01   9     7527     6045     9009 13.2 10.6 15.8     2374     1784     2964 18.0 13.5 22.5     1520     1053     1987 15.5 10.7 20.3  50412  46157  54667                                        Blount County                                 AL est18all.txt 19NOV2019
01  11     3610     2966     4254 42.5 34.9 50.1     1433     1207     1659 68.3 57.5 79.1     1005      828     1182 66.5 54.8 78.2  29267  26064  32470                                        Bullock County                                AL est18all.txt 19NOV2019
01  13     4731     3804     5658 24.5 19.7 29.3     1566     1170     1962 36.3 27.1 45.5     1131      831     1431 35.3 25.9 44.7  37365  34051  40679                                        Butler County                                 AL est18all.txt 19NOV2019
01  15    21719    18807    24631 19.5 16.9 22.1     6397     5152     7642 26.5 21.3 31.7     4265     3314     5216 24.1 18.7 29.5  45400  41668  49132                                        Calhoun County                                AL est18all.txt 19NOV2019
01  17     6181     4799     7563 18.7 14.5 22.9     2103     1524     2682 30.7 22.2 39.2     1506     1049     1963 30.3 21.1 39.5  39917  36435  43399                                        Chambers County                               AL est18all.txt 19NOV2019
01  19     4180     3215     5145 16.3 12.5 20.1     1215      856     1574 24.7 17.4 32.0      830      554     1106 22.2 14.8 29.6  42132  37915  46349                                        Cherokee County                               AL est18all.txt 19NOV2019
01  21     7542     6164     8920 17.3 14.1 20.5     2401     1770     3032 23.3 17.2 29.4     1730     1250     2210 22.7 16.4 29.0  47547  42940  52154                                        Chilton County                                AL est18all.txt 19NOV2019
01  23     2806     2161     3451 22.1 17.0 27.2      813      608     1018 32.1 24.0 40.2      546      382      710 29.2 20.4 38.0  39907  36327  43487                                        Choctaw County                                AL est18all.txt 19NOV2019
01  25     5381     4430     6332 22.8 18.8 26.8     1625     1203     2047 31.7 23.5 39.9     1185      853     1517 31.4 22.6 40.2  40741  36839  44643                                        Clarke County                                 AL est18all.txt 19NOV2019
01  27     2285     1811     2759 17.6 13.9 21.3      684      503      865 25.8 19.0 32.6      493      347      639 25.0 17.6 32.4  39201  35145  43257                                        Clay County                                   AL est18all.txt 19NOV2019
01  29     2356     1859     2853 16.0 12.6 19.4      764      574      954 22.9 17.2 28.6      563      419      707 22.9 17.1 28.7  46495  42459  50531                                        Cleburne County                               AL est18all.txt 19NOV2019
01  31     7053     5821     8285 13.8 11.4 16.2     2640     2037     3243 21.9 16.9 26.9     1794     1305     2283 20.1 14.6 25.6  55122  51227  59017                                        Coffee County                                 AL est18all.txt 19NOV2019
01  33     7459     6059     8859 13.8 11.2 16.4     2345     1714     2976 21.0 15.3 26.7     1567     1089     2045 19.3 13.4 25.2  49055  46196  51914                                        Colbert County                                AL est18all.txt 19NOV2019
01  35     2979     2247     3711 24.4 18.4 30.4     1005      730     1280 40.1 29.1 51.1      728      508      948 38.9 27.2 50.6  32613  29644  35582                                        Conecuh County                                AL est18all.txt 19NOV2019
01  37     1973     1505     2441 18.9 14.4 23.4      526      387      665 30.1 22.1 38.1      385      276      494 30.5 21.9 39.1  42423  38174  46672                                        Coosa County                                  AL est18all.txt 19NOV2019
01  39     7239     6065     8413 19.9 16.7 23.1     2341     1847     2835 29.5 23.3 35.7     1745     1362     2128 30.2 23.6 36.8  40203  37062  43344                                        Covington County                              AL est18all.txt 19NOV2019
01  41     2661     2057     3265 19.5 15.1 23.9      957      697     1217 30.8 22.4 39.2      681      475      887 29.3 20.4 38.2  39057  34833  43281                                        Crenshaw County                               AL est18all.txt 19NOV2019
01  43    11925     9926    13924 14.5 12.1 16.9     3604     2745     4463 19.7 15.0 24.4     2624     1953     3295 19.8 14.7 24.9  45796  42695  48897                                        Cullman County                                AL est18all.txt 19NOV2019
01  45     7743     6338     9148 16.2 13.3 19.1     2698     2000     3396 24.4 18.1 30.7     1911     1381     2441 24.4 17.6 31.2  45309  40965  49653                                        Dale County                                   AL est18all.txt 19NOV2019
01  47    11841     9598    14084 31.4 25.5 37.3     4295     3359     5231 48.0 37.6 58.4     3013     2261     3765 45.3 34.0 56.6  34035  31607  36463                                        Dallas County                                 AL est18all.txt 19NOV2019
01  49    14975    13282    16668 21.3 18.9 23.7     4990     4274     5706 29.6 25.4 33.8     3773     3275     4271 29.6 25.7 33.5  39491  36085  42897                                        DeKalb County                                 AL est18all.txt 19NOV2019
01  51     8559     6765    10353 11.2  8.9 13.5     2924     2112     3736 16.3 11.8 20.8     2100     1463     2737 15.8 11.0 20.6  60367  56528  64206                                        Elmore County                                 AL est18all.txt 19NOV2019
01  53     8022     6521     9523 23.6 19.2 28.0     2648     2061     3235 32.8 25.5 40.1     1867     1402     2332 31.5 23.7 39.3  38418  34921  41915                                        Escambia County                               AL est18all.txt 19NOV2019
01  55    17509    15140    19878 17.5 15.1 19.9     6191     5179     7203 28.8 24.1 33.5     3930     3063     4797 25.1 19.6 30.6  44903  41940  47866                                        Etowah County                                 AL est18all.txt 19NOV2019
01  57     3801     3185     4417 23.5 19.7 27.3     1279     1062     1496 37.4 31.1 43.7      982      819     1145 39.1 32.6 45.6  39254  35024  43484                                        Fayette County                                AL est18all.txt 19NOV2019
01  59     5939     4833     7045 19.2 15.6 22.8     2270     1782     2758 30.1 23.6 36.6     1589     1203     1975 28.8 21.8 35.8  39388  35417  43359                                        Franklin County                               AL est18all.txt 19NOV2019
01  61     5537     4537     6537 21.3 17.5 25.1     1676     1242     2110 29.5 21.8 37.2     1149      814     1484 26.8 19.0 34.6  37823  33925  41721                                        Geneva County                                 AL est18all.txt 19NOV2019
01  63     2459     1877     3041 30.1 23.0 37.2      796      561     1031 44.0 31.0 57.0      571      387      755 42.5 28.8 56.2  28524  25352  31696                                        Greene County                                 AL est18all.txt 19NOV2019
01  65     3705     2931     4479 25.6 20.3 30.9     1194      880     1508 35.6 26.2 45.0      814      564     1064 34.0 23.5 44.5  34724  30954  38494                                        Hale County                                   AL est18all.txt 19NOV2019
01  67     3037     2388     3686 17.9 14.1 21.7      945      706     1184 27.2 20.3 34.1      630      446      814 24.4 17.3 31.5  46027  41394  50660                                        Henry County                                  AL est18all.txt 19NOV2019
01  69    17032    14978    19086 16.5 14.5 18.5     5158     4126     6190 21.9 17.5 26.3     3759     2933     4585 21.7 16.9 26.5  47993  45283  50703                                        Houston County                                AL est18all.txt 19NOV2019
01  71    10046     8671    11421 19.7 17.0 22.4     2834     2305     3363 26.8 21.8 31.8     1801     1358     2244 22.9 17.3 28.5  41929  37906  45952                                        Jackson County                                AL est18all.txt 19NOV2019
01  73   103604    95029   112179 16.1 14.8 17.4    33329    29089    37569 22.6 19.7 25.5    22431    19003    25859 21.1 17.9 24.3  55013  53290  56736                                        Jefferson County                              AL est18all.txt 19NOV2019
01  75     2374     1826     2922 17.4 13.4 21.4      739      531      947 25.3 18.2 32.4      503      344      662 23.1 15.8 30.4  40936  36518  45354                                        Lamar County                                  AL est18all.txt 19NOV2019
01  77    12645    10581    14709 14.0 11.7 16.3     3196     2413     3979 17.9 13.5 22.3     2113     1523     2703 16.0 11.5 20.5  48707  44800  52614                                        Lauderdale County                             AL est18all.txt 19NOV2019
01  79     6297     5272     7322 19.3 16.2 22.4     2200     1813     2587 31.4 25.9 36.9     1734     1447     2021 33.2 27.7 38.7  43909  40237  47581                                        Lawrence County                               AL est18all.txt 19NOV2019
01  81    30075    26732    33418 19.0 16.9 21.1     6608     5327     7889 19.3 15.6 23.0     4770     3799     5741 19.2 15.3 23.1  48937  44909  52965                                        Lee County                                    AL est18all.txt 19NOV2019
01  83    10633     8515    12751 11.4  9.1 13.7     3377     2583     4171 15.8 12.1 19.5     2529     1934     3124 15.8 12.1 19.5  64863  60715  69011                                        Limestone County                              AL est18all.txt 19NOV2019
01  85     2474     1900     3048 25.1 19.3 30.9      886      632     1140 39.6 28.3 50.9      654      448      860 40.1 27.4 52.8  33973  30383  37563                                        Lowndes County                                AL est18all.txt 19NOV2019
01  87     5031     3952     6110 30.2 23.7 36.7     1199      843     1555 39.7 27.9 51.5      852      568     1136 39.0 26.0 52.0  32495  29370  35620                                        Macon County                                  AL est18all.txt 19NOV2019
01  89    42667    37832    47502 11.9 10.5 13.3    13306    11021    15591 16.9 14.0 19.8     8794     6998    10590 15.2 12.1 18.3  63755  60984  66526                                        Madison County                                AL est18all.txt 19NOV2019
01  91     4499     3580     5418 24.0 19.1 28.9     1479     1106     1852 34.5 25.8 43.2     1025      729     1321 33.1 23.5 42.7  37733  33566  41900                                        Marengo County                                AL est18all.txt 19NOV2019
01  93     5844     4818     6870 20.2 16.7 23.7     1664     1254     2074 27.4 20.6 34.2     1161      828     1494 25.9 18.5 33.3  37887  34014  41760                                        Marion County                                 AL est18all.txt 19NOV2019
01  95    17341    14934    19748 18.3 15.8 20.8     6532     5366     7698 27.9 22.9 32.9     4510     3620     5400 26.9 21.6 32.2  46233  42465  50001                                        Marshall County                               AL est18all.txt 19NOV2019
01  97    84539    76590    92488 20.8 18.8 22.8    29853    26306    33400 31.4 27.7 35.1    20805    18154    23456 30.4 26.5 34.3  43598  41273  45923                                        Mobile County                                 AL est18all.txt 19NOV2019
01  99     4560     3497     5623 21.9 16.8 27.0     1416     1016     1816 31.6 22.7 40.5     1019      705     1333 30.1 20.8 39.4  39556  35396  43716                                        Monroe County                                 AL est18all.txt 19NOV2019
01 101    43567    38512    48622 20.1 17.8 22.4    16182    13654    18710 31.3 26.4 36.2    11756     9685    13827 31.9 26.3 37.5  49640  47820  51460                                        Montgomery County                             AL est18all.txt 19NOV2019
01 103    15419    12500    18338 13.2 10.7 15.7     5355     4051     6659 20.1 15.2 25.0     3654     2710     4598 18.5 13.7 23.3  52797  49692  55902                                        Morgan County                                 AL est18all.txt 19NOV2019
01 105     2943     2239     3647 35.3 26.9 43.7     1010      738     1282 52.8 38.6 67.0      707      487      927 49.7 34.2 65.2  26814  24245  29383                                        Perry County                                  AL est18all.txt 19NOV2019
01 107     4177     3204     5150 23.1 17.7 28.5     1183      855     1511 30.8 22.3 39.3      841      580     1102 29.9 20.6 39.2  37586  33665  41507                                        Pickens County                                AL est18all.txt 19NOV2019
01 109     7315     5934     8696 23.6 19.2 28.0     1900     1425     2375 30.6 22.9 38.3     1312      943     1681 29.5 21.2 37.8  37259  33401  41117                                        Pike County                                   AL est18all.txt 19NOV2019
01 111     4375     3509     5241 19.7 15.8 23.6     1504     1158     1850 31.4 24.2 38.6     1004      725     1283 28.7 20.7 36.7  40546  36254  44838                                        Randolph County                               AL est18all.txt 19NOV2019
01 113    12384    10327    14441 21.7 18.1 25.3     4340     3331     5349 31.6 24.2 39.0     3189     2406     3972 32.6 24.6 40.6  39104  35751  42457                                        Russell County                                AL est18all.txt 19NOV2019
01 115    10432     8540    12324 12.0  9.8 14.2     2957     2123     3791 15.0 10.8 19.2     2041     1380     2702 14.0  9.5 18.5  57284  52831  61737                                        St. Clair County                              AL est18all.txt 19NOV2019
01 117    16916    14506    19326  8.0  6.9  9.1     4444     3374     5514  8.9  6.8 11.0     3069     2243     3895  8.2  6.0 10.4  75663  69887  81439                                        Shelby County                                 AL est18all.txt 19NOV2019
01 119     4076     3223     4929 34.7 27.4 42.0     1140      867     1413 48.1 36.6 59.6      883      670     1096 53.2 40.4 66.0  27859  24843  30875                                        Sumter County                                 AL est18all.txt 19NOV2019
01 121    14825    12502    17148 19.3 16.3 22.3     4301     3374     5228 26.4 20.7 32.1     2918     2191     3645 24.1 18.1 30.1  41630  38789  44471                                        Talladega County                              AL est18all.txt 19NOV2019
01 123     7839     6675     9003 19.7 16.8 22.6     2525     2017     3033 30.7 24.5 36.9     2024     1633     2415 33.6 27.1 40.1  42205  38276  46134                                        Tallapoosa County                             AL est18all.txt 19NOV2019
01 125    33330    28795    37865 16.8 14.5 19.1     8956     7012    10900 20.9 16.4 25.4     6103     4586     7620 19.9 14.9 24.9  52557  49017  56097                                        Tuscaloosa County                             AL est18all.txt 19NOV2019
01 127    11231     9229    13233 17.9 14.7 21.1     3415     2531     4299 24.7 18.3 31.1     2413     1726     3100 24.0 17.2 30.8  45434  42175  48693                                        Walker County                                 AL est18all.txt 19NOV2019
01 129     2846     2191     3501 17.6 13.6 21.6      916      657     1175 25.8 18.5 33.1      659      456      862 24.5 16.9 32.1  44424  39552  49296                                        Washington County                             AL est18all.txt 19NOV2019
01 131     3504     2719     4289 33.4 25.9 40.9     1262      924     1600 50.6 37.0 64.2      924      656     1192 50.5 35.8 65.2  25385  22961  27809                                        Wilcox County                                 AL est18all.txt 19NOV2019
01 133     4338     3399     5277 18.6 14.6 22.6     1314      991     1637 27.6 20.8 34.4      915      659     1171 26.2 18.9 33.5  41156  36842  45470                                        Winston County                                AL est18all.txt 19NOV2019
02   0    80224    76253    84195 11.1 10.5 11.7    26096    24139    28053 14.5 13.4 15.6    16827    15140    18514 13.2 11.9 14.5  74912  73075  76749    8255    7260    9250 15.9 14.0 17.8 Alaska                                        AK est18all.txt 19NOV2019
02  13      544      389      699 15.5 11.1 19.9       34       23       45 12.5  8.6 16.4       23       15       31 12.0  7.7 16.3  70081  62596  77566                                        Aleutians East Borough                        AK est18all.txt 19NOV2019
02  16      550      422      678 10.0  7.7 12.3       51       37       65  8.1  5.8 10.4       35       24       46  7.8  5.3 10.3  82633  76360  88906                                        Aleutians West Census Area                    AK est18all.txt 19NOV2019
02  20    27075    23826    30324  9.5  8.4 10.6     8467     6979     9955 12.1 10.0 14.2     5411     4301     6521 11.0  8.7 13.3  82113  78006  86220                                        Anchorage Borough                             AK est18all.txt 19NOV2019
02  50     5869     5189     6549 32.7 28.9 36.5     2651     2178     3124 41.2 33.8 48.6     1715     1341     2089 38.9 30.4 47.4  44304  40044  48564                                        Bethel Census Area                            AK est18all.txt 19NOV2019
02  60       96       72      120 11.2  8.4 14.0       25       17       33 15.2 10.5 19.9       18       12       24 16.8 11.1 22.5  77257  68810  85704                                        Bristol Bay Borough                           AK est18all.txt 19NOV2019
02  68      135      102      168  6.9  5.2  8.6       28       19       37  7.3  5.1  9.5       19       13       25  7.0  4.6  9.4  75477  67257  83697                                        Denali Borough                                AK est18all.txt 19NOV2019
02  70     1091      875     1307 22.0 17.7 26.3      489      364      614 31.6 23.5 39.7      316      218      414 30.1 20.8 39.4  54524  49216  59832                                        Dillingham Census Area                        AK est18all.txt 19NOV2019
02  90     8104     6512     9696  8.6  6.9 10.3     2205     1613     2797  9.4  6.9 11.9     1361      921     1801  8.6  5.8 11.4  74268  69294  79242                                        Fairbanks North Star Borough                  AK est18all.txt 19NOV2019
02 100      259      195      323 10.5  7.9 13.1       69       48       90 16.4 11.5 21.3       47       31       63 14.2  9.3 19.1  58943  52432  65454                                        Haines Borough                                AK est18all.txt 19NOV2019
02 105      370      281      459 17.2 13.0 21.4      109       75      143 27.6 19.1 36.1       76       49      103 25.9 16.8 35.0  51188  46343  56033                                        Hoonah-Angoon Census Area                     AK est18all.txt 19NOV2019
02 110     2299     1774     2824  7.3  5.6  9.0      573      403      743  8.5  6.0 11.0      359      238      480  7.4  4.9  9.9  79173  73325  85021                                        Juneau Borough                                AK est18all.txt 19NOV2019
02 122     7103     6050     8156 12.4 10.6 14.2     1890     1416     2364 14.5 10.9 18.1     1276      911     1641 13.5  9.6 17.4  65439  62030  68848                                        Kenai Peninsula Borough                       AK est18all.txt 19NOV2019
02 130     1244      963     1525  9.1  7.1 11.1      375      265      485 12.5  8.8 16.2      240      157      323 11.0  7.2 14.8  68309  63305  73313                                        Ketchikan Gateway Borough                     AK est18all.txt 19NOV2019
02 150     1073      851     1295  8.2  6.5  9.9      331      238      424  9.9  7.1 12.7      202      132      272  8.8  5.7 11.9  74109  66543  81675                                        Kodiak Island Borough                         AK est18all.txt 19NOV2019
02 158     2905     2444     3366 35.1 29.5 40.7     1600     1236     1964 47.4 36.6 58.2     1033      746     1320 45.1 32.5 57.7  32728  30532  34924                                        Kusilvak Census Area                          AK est18all.txt 19NOV2019
02 164      288      218      358 18.2 13.8 22.6      106       76      136 23.7 17.0 30.4       72       49       95 25.2 17.1 33.3  49403  44030  54776                                        Lake and Peninsula Borough                    AK est18all.txt 19NOV2019
02 170    10937     9389    12485 10.4  8.9 11.9     3348     2584     4112 11.8  9.1 14.5     2142     1571     2713 10.4  7.6 13.2  74649  69719  79579                                        Matanuska-Susitna Borough                     AK est18all.txt 19NOV2019
02 180     2168     1803     2533 22.0 18.3 25.7      920      680     1160 26.9 19.9 33.9      617      437      797 25.6 18.1 33.1  55318  50553  60083                                        Nome Census Area                              AK est18all.txt 19NOV2019
02 185     1094      811     1377 11.1  8.2 14.0      393      279      507 15.2 10.8 19.6      260      180      340 14.5 10.0 19.0  89276  82607  95945                                        North Slope Borough                           AK est18all.txt 19NOV2019
02 188     1604     1230     1978 21.1 16.2 26.0      742      520      964 27.7 19.4 36.0      481      316      646 25.3 16.6 34.0  59337  54104  64570                                        Northwest Arctic Borough                      AK est18all.txt 19NOV2019
02 195      232      174      290  7.2  5.4  9.0       63       44       82  9.5  6.6 12.4       42       28       56  8.9  5.9 11.9  66075  59419  72731                                        Petersburg Borough                            AK est18all.txt 19NOV2019
02 198     1057      836     1278 16.5 13.1 19.9      340      252      428 23.4 17.3 29.5      223      158      288 21.2 15.0 27.4  49356  44503  54209                                        Prince of Wales-Hyder Census Area             AK est18all.txt 19NOV2019
02 220      656      494      818  7.7  5.8  9.6      159      110      208  8.8  6.1 11.5       99       65      133  7.3  4.8  9.8  71825  66985  76665                                        Sitka Borough                                 AK est18all.txt 19NOV2019
02 230       49       37       61  4.3  3.3  5.3       16       11       21  8.9  6.2 11.6       11        7       15  9.2  6.0 12.4  74635  68393  80877                                        Skagway Municipality                          AK est18all.txt 19NOV2019
02 240      918      713     1123 13.4 10.4 16.4      306      217      395 17.7 12.6 22.8      211      143      279 17.2 11.6 22.8  63527  56945  70109                                        Southeast Fairbanks Census Area               AK est18all.txt 19NOV2019
02 261      880      670     1090  9.7  7.4 12.0      256      182      330 12.1  8.6 15.6      175      118      232 11.7  7.9 15.5  68528  61226  75830                                        Valdez-Cordova Census Area                    AK est18all.txt 19NOV2019
02 275      287      215      359 11.6  8.7 14.5       79       55      103 16.0 11.2 20.8       51       34       68 13.6  9.0 18.2  57832  51419  64245                                        Wrangell City and Borough                     AK est18all.txt 19NOV2019
02 282       79       60       98 13.1  9.9 16.3       17       12       22 15.3 10.5 20.1       12        8       16 15.6 10.2 21.0  59523  53230  65816                                        Yakutat Borough                               AK est18all.txt 19NOV2019
02 290     1259     1033     1485 23.7 19.4 28.0      452      332      572 31.4 23.0 39.8      300      209      391 28.2 19.6 36.8  38912  34878  42946                                        Yukon-Koyukuk Census Area                     AK est18all.txt 19NOV2019
04   0   990291   970614  1009968 14.1 13.8 14.4   328780   317583   339977 20.4 19.7 21.1   227586   217990   237182 19.2 18.4 20.0  59079  58366  59792   95415   89693  101137 22.4 21.1 23.7 Arizona                                       AZ est18all.txt 19NOV2019
04   1    26435    24497    28373 37.3 34.6 40.0     9129     8210    10048 47.3 42.5 52.1     6495     5777     7213 44.7 39.8 49.6  33652  30480  36824                                        Apache County                                 AZ est18all.txt 19NOV2019
04   3    18273    14986    21560 15.1 12.4 17.8     6129     4567     7691 22.8 17.0 28.6     4527     3261     5793 23.2 16.7 29.7  49164  46171  52157                                        Cochise County                                AZ est18all.txt 19NOV2019
04   5    20964    18175    23753 15.9 13.8 18.0     5037     3834     6240 17.3 13.2 21.4     3743     2796     4690 17.7 13.2 22.2  60187  57153  63221                                        Coconino County                               AZ est18all.txt 19NOV2019
04   7    10804     9102    12506 20.4 17.2 23.6     3558     2918     4198 33.6 27.5 39.7     2483     1975     2991 32.9 26.2 39.6  43585  39568  47602                                        Gila County                                   AZ est18all.txt 19NOV2019
04   9     7118     5618     8618 20.2 15.9 24.5     2463     1897     3029 24.4 18.8 30.0     1715     1277     2153 23.2 17.3 29.1  50157  46241  54073                                        Graham County                                 AZ est18all.txt 19NOV2019
04  11      985      774     1196 10.5  8.3 12.7      296      218      374 11.7  8.6 14.8      203      145      261 11.4  8.2 14.6  65818  61309  70327                                        Greenlee County                               AZ est18all.txt 19NOV2019
04  12     4921     3967     5875 23.7 19.1 28.3     1104      811     1397 31.8 23.3 40.3      792      569     1015 32.2 23.1 41.3  37350  33870  40830                                        La Paz County                                 AZ est18all.txt 19NOV2019
04  13   535183   516969   553397 12.3 11.9 12.7   188910   179576   198244 18.2 17.3 19.1   128666   121546   135786 17.0 16.1 17.9  65234  64449  66019                                        Maricopa County                               AZ est18all.txt 19NOV2019
04  15    34411    29470    39352 16.8 14.4 19.2     9385     7321    11449 26.9 21.0 32.8     6604     5025     8183 25.7 19.6 31.8  45129  42534  47724                                        Mohave County                                 AZ est18all.txt 19NOV2019
04  17    30876    27949    33803 28.5 25.8 31.2    11680    10229    13131 40.2 35.2 45.2     8735     7693     9777 40.7 35.8 45.6  40650  37395  43905                                        Navajo County                                 AZ est18all.txt 19NOV2019
04  19   164927   155454   174400 16.2 15.3 17.1    47203    42176    52230 22.2 19.8 24.6    33173    29260    37086 21.4 18.9 23.9  53395  51984  54806                                        Pima County                                   AZ est18all.txt 19NOV2019
04  21    54399    46963    61835 12.9 11.1 14.7    17340    14156    20524 17.5 14.3 20.7    12331    10017    14645 16.7 13.6 19.8  58848  56944  60752                                        Pinal County                                  AZ est18all.txt 19NOV2019
04  23    11287     9715    12859 24.4 21.0 27.8     4440     3541     5339 36.0 28.7 43.3     3153     2406     3900 34.5 26.3 42.7  40545  36677  44413                                        Santa Cruz County                             AZ est18all.txt 19NOV2019
04  25    30060    25935    34185 13.2 11.4 15.0     7101     5445     8757 19.2 14.7 23.7     4889     3689     6089 17.9 13.5 22.3  48758  46087  51429                                        Yavapai County                                AZ est18all.txt 19NOV2019
04  27    39648    34437    44859 19.5 16.9 22.1    15003    12516    17490 28.3 23.6 33.0    10077     8004    12150 26.6 21.1 32.1  44116  41173  47059                                        Yuma County                                   AZ est18all.txt 19NOV2019
05   0   492306   478253   506359 16.8 16.3 17.3   164056   157120   170992 23.8 22.8 24.8   110333   104406   116260 22.1 20.9 23.3  47094  46401  47787   50658   47249   54067 27.2 25.4 29.0 Arkansas                                      AR est18all.txt 19NOV2019
05   1     3120     2459     3781 17.9 14.1 21.7      972      688     1256 24.4 17.3 31.5      665      451      879 23.6 16.0 31.2  43887  39457  48317                                        Arkansas County                               AR est18all.txt 19NOV2019
05   3     3876     3091     4661 19.6 15.6 23.6     1298      958     1638 28.8 21.2 36.4      936      666     1206 28.7 20.4 37.0  41127  37480  44774                                        Ashley County                                 AR est18all.txt 19NOV2019
05   5     6216     5162     7270 15.1 12.5 17.7     1662     1244     2080 23.0 17.2 28.8     1153      819     1487 21.7 15.4 28.0  39686  37327  42045                                        Baxter County                                 AR est18all.txt 19NOV2019
05   7    23290    19726    26854  8.6  7.3  9.9     8567     6867    10267 12.1  9.7 14.5     5673     4355     6991 11.0  8.4 13.6  68978  64755  73201                                        Benton County                                 AR est18all.txt 19NOV2019
05   9     5472     4380     6564 14.8 11.8 17.8     1815     1324     2306 21.5 15.7 27.3     1207      816     1598 20.0 13.5 26.5  44482  40238  48726                                        Boone County                                  AR est18all.txt 19NOV2019
05  11     2329     1776     2882 21.7 16.5 26.9      770      541      999 29.8 21.0 38.6      540      360      720 28.0 18.6 37.4  37729  34162  41296                                        Bradley County                                AR est18all.txt 19NOV2019
05  13      800      603      997 15.7 11.8 19.6      208      148      268 21.1 15.0 27.2      147      100      194 19.5 13.2 25.8  44969  40124  49814                                        Calhoun County                                AR est18all.txt 19NOV2019
05  15     4499     3586     5412 16.1 12.8 19.4     1476     1086     1866 24.8 18.2 31.4     1046      740     1352 24.3 17.2 31.4  45023  41725  48321                                        Carroll County                                AR est18all.txt 19NOV2019
05  17     3039     2406     3672 31.4 24.9 37.9     1013      750     1276 44.1 32.6 55.6      695      487      903 40.9 28.6 53.2  31787  28649  34925                                        Chicot County                                 AR est18all.txt 19NOV2019
05  19     3838     2968     4708 19.9 15.4 24.4     1083      808     1358 26.4 19.7 33.1      743      519      967 25.1 17.5 32.7  45408  41702  49114                                        Clark County                                  AR est18all.txt 19NOV2019
05  21     3035     2481     3589 20.7 16.9 24.5      927      714     1140 29.3 22.6 36.0      610      441      779 27.2 19.7 34.7  37687  34347  41027                                        Clay County                                   AR est18all.txt 19NOV2019
05  23     3573     2762     4384 14.6 11.3 17.9     1107      798     1416 23.8 17.2 30.4      776      534     1018 21.7 14.9 28.5  44902  41133  48671                                        Cleburne County                               AR est18all.txt 19NOV2019
05  25     1232      957     1507 15.5 12.0 19.0      365      265      465 21.0 15.3 26.7      244      167      321 18.4 12.6 24.2  47600  42562  52638                                        Cleveland County                              AR est18all.txt 19NOV2019
05  27     4799     3789     5809 22.4 17.7 27.1     1308      953     1663 27.6 20.1 35.1      918      649     1187 27.2 19.2 35.2  40909  36464  45354                                        Columbia County                               AR est18all.txt 19NOV2019
05  29     3693     2954     4432 17.9 14.3 21.5     1214      888     1540 26.5 19.4 33.6      809      555     1063 24.1 16.5 31.7  44565  40254  48876                                        Conway County                                 AR est18all.txt 19NOV2019
05  31    18768    16377    21159 17.9 15.6 20.2     6626     5418     7834 24.9 20.4 29.4     4309     3360     5258 22.7 17.7 27.7  45615  43054  48176                                        Craighead County                              AR est18all.txt 19NOV2019
05  33    10027     8321    11733 16.0 13.3 18.7     3472     2657     4287 22.8 17.4 28.2     2248     1588     2908 19.9 14.1 25.7  47363  44660  50066                                        Crawford County                               AR est18all.txt 19NOV2019
05  35     9056     7015    11097 19.2 14.9 23.5     3745     2629     4861 29.0 20.4 37.6     2628     1707     3549 28.4 18.5 38.3  42606  39111  46101                                        Crittenden County                             AR est18all.txt 19NOV2019
05  37     2940     2248     3632 18.0 13.8 22.2     1054      736     1372 27.6 19.3 35.9      728      473      983 26.1 17.0 35.2  41214  37355  45073                                        Cross County                                  AR est18all.txt 19NOV2019
05  39     1442     1101     1783 21.3 16.3 26.3      467      336      598 34.2 24.6 43.8      319      218      420 32.4 22.2 42.6  37259  33206  41312                                        Dallas County                                 AR est18all.txt 19NOV2019
05  41     2780     2138     3422 24.3 18.7 29.9     1051      752     1350 36.1 25.8 46.4      729      496      962 34.0 23.1 44.9  36132  32994  39270                                        Desha County                                  AR est18all.txt 19NOV2019
05  43     3391     2670     4112 19.5 15.4 23.6     1036      757     1315 27.3 20.0 34.6      696      470      922 25.7 17.4 34.0  42494  37937  47051                                        Drew County                                   AR est18all.txt 19NOV2019
05  45    18571    16158    20984 15.4 13.4 17.4     4850     3831     5869 17.2 13.6 20.8     3439     2655     4223 16.6 12.8 20.4  53882  49233  58531                                        Faulkner County                               AR est18all.txt 19NOV2019
05  47     3202     2590     3814 18.3 14.8 21.8      928      673     1183 23.2 16.8 29.6      621      423      819 20.8 14.2 27.4  43696  38815  48577                                        Franklin County                               AR est18all.txt 19NOV2019
05  49     2481     1951     3011 20.6 16.2 25.0      810      597     1023 32.8 24.2 41.4      562      401      723 29.9 21.3 38.5  35630  31898  39362                                        Fulton County                                 AR est18all.txt 19NOV2019
05  51    19844    17419    22269 20.4 17.9 22.9     6872     5827     7917 35.4 30.0 40.8     4501     3658     5344 32.3 26.2 38.4  43610  39941  47279                                        Garland County                                AR est18all.txt 19NOV2019
05  53     2353     1906     2800 13.1 10.6 15.6      735      558      912 18.3 13.9 22.7      485      344      626 16.0 11.4 20.6  52050  47245  56855                                        Grant County                                  AR est18all.txt 19NOV2019
05  55     7361     6152     8570 16.5 13.8 19.2     2543     2002     3084 23.5 18.5 28.5     1558     1121     1995 19.8 14.2 25.4  46512  41904  51120                                        Greene County                                 AR est18all.txt 19NOV2019
05  57     4424     3466     5382 20.6 16.1 25.1     1708     1256     2160 30.9 22.7 39.1     1198      858     1538 30.3 21.7 38.9  38682  34621  42743                                        Hempstead County                              AR est18all.txt 19NOV2019
05  59     5844     4762     6926 18.7 15.2 22.2     1937     1540     2334 29.7 23.6 35.8     1433     1143     1723 29.7 23.7 35.7  47205  43747  50663                                        Hot Spring County                             AR est18all.txt 19NOV2019
05  61     2271     1777     2765 17.3 13.5 21.1      933      694     1172 27.3 20.3 34.3      650      465      835 26.2 18.8 33.6  40199  36214  44184                                        Howard County                                 AR est18all.txt 19NOV2019
05  63     5302     4263     6341 14.5 11.7 17.3     1804     1283     2325 20.3 14.4 26.2     1191      796     1586 18.4 12.3 24.5  45596  41583  49609                                        Independence County                           AR est18all.txt 19NOV2019
05  65     2358     1782     2934 18.7 14.1 23.3      671      476      866 27.9 19.8 36.0      468      316      620 25.8 17.4 34.2  37828  33841  41815                                        Izard County                                  AR est18all.txt 19NOV2019
05  67     3732     3053     4411 25.6 20.9 30.3     1012      761     1263 30.4 22.9 37.9      712      523      901 30.2 22.2 38.2  36573  32984  40162                                        Jackson County                                AR est18all.txt 19NOV2019
05  69    13900    11395    16405 22.2 18.2 26.2     4976     3865     6087 33.8 26.3 41.3     3438     2602     4274 32.3 24.4 40.2  38596  35076  42116                                        Jefferson County                              AR est18all.txt 19NOV2019
05  71     5761     4930     6592 22.2 19.0 25.4     2173     1782     2564 33.5 27.5 39.5     1519     1225     1813 32.4 26.1 38.7  39381  35824  42938                                        Johnson County                                AR est18all.txt 19NOV2019
05  73     1498     1145     1851 22.8 17.4 28.2      414      301      527 34.8 25.3 44.3      300      211      389 35.1 24.7 45.5  35527  31666  39388                                        Lafayette County                              AR est18all.txt 19NOV2019
05  75     2776     2093     3459 17.7 13.4 22.0      944      666     1222 26.8 18.9 34.7      631      417      845 24.5 16.2 32.8  40308  36590  44026                                        Lawrence County                               AR est18all.txt 19NOV2019
05  77     3098     2433     3763 43.0 33.8 52.2      815      603     1027 50.9 37.6 64.2      536      368      704 46.4 31.9 60.9  28080  24961  31199                                        Lee County                                    AR est18all.txt 19NOV2019
05  79     2647     2031     3263 27.5 21.1 33.9      602      436      768 27.1 19.6 34.6      423      294      552 25.1 17.4 32.8  44951  41101  48801                                        Lincoln County                                AR est18all.txt 19NOV2019
05  81     1942     1473     2411 16.0 12.1 19.9      651      459      843 24.1 17.0 31.2      448      301      595 22.7 15.3 30.1  43559  39167  47951                                        Little River County                           AR est18all.txt 19NOV2019
05  83     3950     3210     4690 18.6 15.1 22.1     1324     1029     1619 29.5 22.9 36.1      882      654     1110 27.6 20.5 34.7  41471  38313  44629                                        Logan County                                  AR est18all.txt 19NOV2019
05  85     8651     7133    10169 11.9  9.8 14.0     2976     2251     3701 15.9 12.0 19.8     1998     1423     2573 14.5 10.3 18.7  56651  51978  61324                                        Lonoke County                                 AR est18all.txt 19NOV2019
05  87     3002     2417     3587 18.4 14.8 22.0     1015      753     1277 26.5 19.7 33.3      700      490      910 25.7 18.0 33.4  42674  38116  47232                                        Madison County                                AR est18all.txt 19NOV2019
05  89     3082     2493     3671 18.7 15.1 22.3      978      715     1241 32.0 23.4 40.6      668      461      875 30.2 20.8 39.6  36581  32921  40241                                        Marion County                                 AR est18all.txt 19NOV2019
05  91     9228     7682    10774 21.9 18.2 25.6     3290     2601     3979 32.7 25.9 39.5     2321     1784     2858 32.2 24.7 39.7  42162  37952  46372                                        Miller County                                 AR est18all.txt 19NOV2019
05  93    10325     8705    11945 25.7 21.7 29.7     3782     2983     4581 35.9 28.3 43.5     2658     2044     3272 35.0 26.9 43.1  36718  33226  40210                                        Mississippi County                            AR est18all.txt 19NOV2019
05  95     1769     1386     2152 26.0 20.4 31.6      557      399      715 38.9 27.9 49.9      393      270      516 40.1 27.5 52.7  32922  29314  36530                                        Monroe County                                 AR est18all.txt 19NOV2019
05  97     1649     1269     2029 18.8 14.5 23.1      495      344      646 30.8 21.4 40.2      367      248      486 31.2 21.1 41.3  38318  34245  42391                                        Montgomery County                             AR est18all.txt 19NOV2019
05  99     1738     1336     2140 21.3 16.4 26.2      558      397      719 30.0 21.3 38.7      386      260      512 28.1 18.9 37.3  37626  33977  41275                                        Nevada County                                 AR est18all.txt 19NOV2019
05 101     1340      967     1713 17.4 12.6 22.2      483      344      622 32.9 23.4 42.4      339      229      449 31.1 21.0 41.2  36078  32179  39977                                        Newton County                                 AR est18all.txt 19NOV2019
05 103     5410     4491     6329 23.3 19.3 27.3     1699     1299     2099 32.7 25.0 40.4     1098      790     1406 28.4 20.4 36.4  37624  33912  41336                                        Ouachita County                               AR est18all.txt 19NOV2019
05 105     1502     1153     1851 14.7 11.3 18.1      536      386      686 23.7 17.1 30.3      385      269      501 23.5 16.4 30.6  45342  40632  50052                                        Perry County                                  AR est18all.txt 19NOV2019
05 107     6301     5066     7536 35.4 28.5 42.3     2189     1586     2792 47.9 34.7 61.1     1451      977     1925 45.5 30.6 60.4  29945  26676  33214                                        Phillips County                               AR est18all.txt 19NOV2019
05 109     1856     1440     2272 17.8 13.8 21.8      619      446      792 27.9 20.1 35.7      443      305      581 26.5 18.3 34.7  41534  37431  45637                                        Pike County                                   AR est18all.txt 19NOV2019
05 111     5592     4676     6508 23.7 19.8 27.6     1993     1565     2421 35.2 27.6 42.8     1340      999     1681 33.2 24.8 41.6  37370  33603  41137                                        Poinsett County                               AR est18all.txt 19NOV2019
05 113     3962     3142     4782 20.0 15.9 24.1     1333      955     1711 29.7 21.3 38.1      920      628     1212 27.9 19.1 36.7  39048  35800  42296                                        Polk County                                   AR est18all.txt 19NOV2019
05 115     9647     7890    11404 16.0 13.1 18.9     2910     2154     3666 20.4 15.1 25.7     1946     1360     2532 19.0 13.3 24.7  45788  42075  49501                                        Pope County                                   AR est18all.txt 19NOV2019
05 117     1254      955     1553 15.8 12.0 19.6      384      274      494 24.1 17.2 31.0      274      185      363 23.6 15.9 31.3  43245  38570  47920                                        Prairie County                                AR est18all.txt 19NOV2019
05 119    64312    58564    70060 16.7 15.2 18.2    23132    20124    26140 25.9 22.5 29.3    15176    12781    17571 23.9 20.1 27.7  49957  48141  51773                                        Pulaski County                                AR est18all.txt 19NOV2019
05 121     3050     2370     3730 17.4 13.5 21.3     1078      764     1392 26.5 18.8 34.2      736      488      984 25.0 16.6 33.4  37799  34173  41425                                        Randolph County                               AR est18all.txt 19NOV2019
05 123     7586     6246     8926 35.6 29.3 41.9     2425     1867     2983 46.0 35.4 56.6     1668     1238     2098 45.1 33.5 56.7  33257  30167  36347                                        St. Francis County                            AR est18all.txt 19NOV2019
05 125    11695     9948    13442  9.7  8.2 11.2     3606     2725     4487 13.0  9.8 16.2     2464     1780     3148 11.9  8.6 15.2  63677  59060  68294                                        Saline County                                 AR est18all.txt 19NOV2019
05 127     2054     1617     2491 20.2 15.9 24.5      700      506      894 30.1 21.8 38.4      475      335      615 27.2 19.2 35.2  35826  32146  39506                                        Scott County                                  AR est18all.txt 19NOV2019
05 129     1912     1496     2328 24.3 19.0 29.6      558      398      718 34.9 24.9 44.9      392      265      519 33.4 22.6 44.2  31659  28548  34770                                        Searcy County                                 AR est18all.txt 19NOV2019
05 131    19527    16853    22201 15.6 13.5 17.7     6870     5562     8178 23.0 18.6 27.4     4487     3412     5562 20.8 15.8 25.8  46843  44583  49103                                        Sebastian County                              AR est18all.txt 19NOV2019
05 133     3402     2691     4113 20.1 15.9 24.3     1416     1052     1780 29.5 21.9 37.1     1015      746     1284 29.3 21.5 37.1  44100  41376  46824                                        Sevier County                                 AR est18all.txt 19NOV2019
05 135     3541     2714     4368 20.7 15.9 25.5     1205      864     1546 34.4 24.7 44.1      838      570     1106 32.5 22.1 42.9  36032  33176  38888                                        Sharp County                                  AR est18all.txt 19NOV2019
05 137     2497     1942     3052 20.3 15.8 24.8      776      561      991 33.0 23.9 42.1      555      382      728 31.5 21.7 41.3  34009  30296  37722                                        Stone County                                  AR est18all.txt 19NOV2019
05 139     7000     5571     8429 18.2 14.5 21.9     2339     1702     2976 25.1 18.3 31.9     1597     1101     2093 23.7 16.3 31.1  45335  40818  49852                                        Union County                                  AR est18all.txt 19NOV2019
05 141     2685     2045     3325 16.4 12.5 20.3      873      615     1131 26.9 19.0 34.8      616      413      819 25.2 16.9 33.5  40486  37280  43692                                        Van Buren County                              AR est18all.txt 19NOV2019
05 143    34741    30948    38534 15.2 13.5 16.9     9552     7565    11539 16.9 13.4 20.4     5851     4261     7441 14.4 10.5 18.3  50893  48418  53368                                        Washington County                             AR est18all.txt 19NOV2019
05 145    12505    10429    14581 16.6 13.8 19.4     3988     3107     4869 22.4 17.4 27.4     2708     1994     3422 20.6 15.2 26.0  44811  41096  48526                                        White County                                  AR est18all.txt 19NOV2019
05 147     1509     1140     1878 23.7 17.9 29.5      510      363      657 36.4 25.9 46.9      358      245      471 35.0 23.9 46.1  34306  30572  38040                                        Woodruff County                               AR est18all.txt 19NOV2019
05 149     3453     2693     4213 16.3 12.7 19.9     1293      935     1651 24.8 17.9 31.7      896      620     1172 23.4 16.2 30.6  41729  38289  45169                                        Yell County                                   AR est18all.txt 19NOV2019
06   0  4972955  4927111  5018799 12.8 12.7 12.9  1539628  1512838  1566418 17.4 17.1 17.7  1086618  1063217  1110019 16.9 16.5 17.3  75250  74934  75566  416678  403143  430213 17.5 16.9 18.1 California                                    CA est18all.txt 19NOV2019
06   1   147394   137363   157425  9.0  8.4  9.6    33305    28853    37757  9.8  8.5 11.1    22809    19380    26238  9.4  8.0 10.8 101744 100351 103137                                        Alameda County                                CA est18all.txt 19NOV2019
06   3      190      143      237 17.3 13.0 21.6       66       48       84 34.7 25.1 44.3       44       31       57 29.7 20.6 38.8  55384  49477  61291                                        Alpine County                                 CA est18all.txt 19NOV2019
06   5     4130     3311     4949 11.8  9.5 14.1      804      603     1005 13.8 10.3 17.3      577      424      730 13.7 10.1 17.3  58515  52610  64420                                        Amador County                                 CA est18all.txt 19NOV2019
06   7    42016    37941    46091 18.5 16.7 20.3     9152     7244    11060 20.1 15.9 24.3     5847     4318     7376 17.9 13.2 22.6  50945  48137  53753                                        Butte County                                  CA est18all.txt 19NOV2019
06   9     5454     4231     6677 12.1  9.4 14.8     1311      964     1658 17.5 12.9 22.1      922      660     1184 16.7 12.0 21.4  62984  58166  67802                                        Calaveras County                              CA est18all.txt 19NOV2019
06  11     2350     1844     2856 11.0  8.6 13.4      822      617     1027 14.1 10.6 17.6      588      429      747 13.7 10.0 17.4  57249  53083  61415                                        Colusa County                                 CA est18all.txt 19NOV2019
06  13    88980    81189    96771  7.8  7.1  8.5    23732    20176    27288  9.2  7.8 10.6    15331    12462    18200  8.0  6.5  9.5 101463 100009 102917                                        Contra Costa County                           CA est18all.txt 19NOV2019
06  15     5065     3937     6193 20.4 15.9 24.9     1517     1105     1929 26.6 19.4 33.8     1050      740     1360 25.3 17.8 32.8  48518  44610  52426                                        Del Norte County                              CA est18all.txt 19NOV2019
06  17    15401    12828    17974  8.1  6.7  9.5     3384     2531     4237  9.0  6.7 11.3     2394     1753     3035  8.3  6.1 10.5  81869  77054  86684                                        El Dorado County                              CA est18all.txt 19NOV2019
06  19   208627   196204   221050 21.3 20.0 22.6    84228    78139    90317 30.2 28.0 32.4    59089    54309    63869 29.3 26.9 31.7  52318  50516  54120                                        Fresno County                                 CA est18all.txt 19NOV2019
06  21     4271     3543     4999 15.4 12.8 18.0     1373     1029     1717 18.6 13.9 23.3      963      678     1248 17.9 12.6 23.2  47365  43265  51465                                        Glenn County                                  CA est18all.txt 19NOV2019
06  23    27002    23919    30085 20.3 18.0 22.6     5953     4810     7096 23.2 18.7 27.7     3644     2724     4564 19.9 14.9 24.9  49471  46564  52378                                        Humboldt County                               CA est18all.txt 19NOV2019
06  25    37014    31562    42466 21.4 18.2 24.6    15519    12676    18362 30.2 24.7 35.7    11359     9049    13669 31.0 24.7 37.3  46633  43249  50017                                        Imperial County                               CA est18all.txt 19NOV2019
06  27     2172     1701     2643 12.3  9.6 15.0      555      399      711 15.1 10.8 19.4      390      270      510 14.7 10.2 19.2  53793  49319  58267                                        Inyo County                                   CA est18all.txt 19NOV2019
06  29   177021   166198   187844 20.5 19.2 21.8    70272    64320    76224 27.4 25.1 29.7    49411    44568    54254 26.5 23.9 29.1  51586  49718  53454                                        Kern County                                   CA est18all.txt 19NOV2019
06  31    25481    21602    29360 18.8 15.9 21.7     9426     7792    11060 23.2 19.2 27.2     6565     5320     7810 22.4 18.1 26.7  58255  54910  61600                                        Kings County                                  CA est18all.txt 19NOV2019
06  33    11689     9508    13870 18.4 15.0 21.8     3468     2594     4342 26.3 19.7 32.9     2356     1691     3021 25.1 18.0 32.2  45086  41091  49081                                        Lake County                                   CA est18all.txt 19NOV2019
06  35     3653     2729     4577 15.8 11.8 19.8      811      583     1039 15.8 11.4 20.2      558      388      728 15.4 10.7 20.1  57705  52673  62737                                        Lassen County                                 CA est18all.txt 19NOV2019
06  37  1409155  1369373  1448937 14.2 13.8 14.6   429467   411461   447473 19.9 19.1 20.7   304157   290482   317832 19.5 18.6 20.4  67986  67293  68679                                        Los Angeles County                            CA est18all.txt 19NOV2019
06  39    30201    26194    34208 20.2 17.5 22.9    12147    10185    14109 28.5 23.9 33.1     8472     6983     9961 27.5 22.7 32.3  53632  49200  58064                                        Madera County                                 CA est18all.txt 19NOV2019
06  41    16742    13811    19673  6.6  5.4  7.8     3290     2386     4194  6.4  4.6  8.2     2303     1633     2973  5.8  4.1  7.5 122933 116812 129054                                        Marin County                                  CA est18all.txt 19NOV2019
06  43     2569     2000     3138 14.9 11.6 18.2      646      481      811 23.2 17.3 29.1      447      317      577 21.9 15.5 28.3  51402  46514  56290                                        Mariposa County                               CA est18all.txt 19NOV2019
06  45    15140    12647    17633 17.5 14.6 20.4     4654     3716     5592 25.5 20.4 30.6     2900     2162     3638 22.1 16.5 27.7  51386  47865  54907                                        Mendocino County                              CA est18all.txt 19NOV2019
06  47    56863    50845    62881 21.2 19.0 23.4    22723    19838    25608 28.5 24.9 32.1    16177    13956    18398 27.6 23.8 31.4  56169  53521  58817                                        Merced County                                 CA est18all.txt 19NOV2019
06  49     1631     1263     1999 19.1 14.8 23.4      445      327      563 27.2 20.0 34.4      305      211      399 25.5 17.6 33.4  45227  41057  49397                                        Modoc County                                  CA est18all.txt 19NOV2019
06  51     1312      991     1633  9.3  7.0 11.6      301      218      384 11.6  8.4 14.8      212      148      276 11.2  7.8 14.6  66499  59558  73440                                        Mono County                                   CA est18all.txt 19NOV2019
06  53    55614    49294    61934 13.3 11.8 14.8    21430    18709    24151 19.2 16.8 21.6    15435    13377    17493 19.0 16.5 21.5  69665  66597  72733                                        Monterey County                               CA est18all.txt 19NOV2019
06  55    11829    10092    13566  8.8  7.5 10.1     2528     1964     3092  8.9  6.9 10.9     1863     1438     2288  8.7  6.7 10.7  85624  82087  89161                                        Napa County                                   CA est18all.txt 19NOV2019
06  57    10171     8319    12023 10.3  8.4 12.2     2297     1694     2900 13.7 10.1 17.3     1596     1122     2070 12.8  9.0 16.6  66681  61662  71700                                        Nevada County                                 CA est18all.txt 19NOV2019
06  59   330559   311256   349862 10.5  9.9 11.1    91498    83402    99594 13.3 12.1 14.5    65187    59020    71354 13.0 11.8 14.2  89373  87793  90953                                        Orange County                                 CA est18all.txt 19NOV2019
06  61    27596    24027    31165  7.1  6.2  8.0     6278     5033     7523  7.2  5.8  8.6     4482     3573     5391  6.8  5.4  8.2  89175  84783  93567                                        Placer County                                 CA est18all.txt 19NOV2019
06  63     2317     1782     2852 12.5  9.6 15.4      610      440      780 19.6 14.1 25.1      427      295      559 19.0 13.1 24.9  55079  50235  59923                                        Plumas County                                 CA est18all.txt 19NOV2019
06  65   307511   290062   324960 12.7 12.0 13.4   103757    95012   112502 17.1 15.7 18.5    73063    65995    80131 16.3 14.7 17.9  66793  65743  67843                                        Riverside County                              CA est18all.txt 19NOV2019
06  67   217138   203030   231246 14.3 13.4 15.2    73661    67040    80282 20.5 18.7 22.3    53652    48866    58438 20.6 18.8 22.4  69475  67976  70974                                        Sacramento County                             CA est18all.txt 19NOV2019
06  69     5294     4068     6520  8.6  6.6 10.6     1863     1393     2333 11.9  8.9 14.9     1311      952     1670 11.3  8.2 14.4  80063  73188  86938                                        San Benito County                             CA est18all.txt 19NOV2019
06  71   317514   296813   338215 14.9 13.9 15.9   120887   110634   131140 21.4 19.6 23.2    83763    75866    91660 20.5 18.6 22.4  63310  61644  64976                                        San Bernardino County                         CA est18all.txt 19NOV2019
06  73   372148   352204   392092 11.5 10.9 12.1   106558    97580   115536 14.9 13.6 16.2    76580    70219    82941 15.1 13.8 16.4  78777  77510  80044                                        San Diego County                              CA est18all.txt 19NOV2019
06  75    87596    80029    95163 10.1  9.2 11.0    12646     9801    15491 10.9  8.4 13.4     8525     6313    10737 11.1  8.2 14.0 110601 107200 114002                                        San Francisco County                          CA est18all.txt 19NOV2019
06  77   105351    95678   115024 14.3 13.0 15.6    41234    37537    44931 20.5 18.7 22.3    30463    27649    33277 20.5 18.6 22.4  63567  61395  65739                                        San Joaquin County                            CA est18all.txt 19NOV2019
06  79    34200    30624    37776 12.7 11.4 14.0     5291     4002     6580 10.8  8.2 13.4     3651     2700     4602 10.1  7.5 12.7  70626  67239  74013                                        San Luis Obispo County                        CA est18all.txt 19NOV2019
06  81    51830    46093    57567  6.8  6.0  7.6    10900     8919    12881  7.0  5.7  8.3     7247     5880     8614  6.4  5.2  7.6 122930 119000 126860                                        San Mateo County                              CA est18all.txt 19NOV2019
06  83    54029    48265    59793 12.6 11.3 13.9    14182    11673    16691 14.7 12.1 17.3    10169     8190    12148 14.7 11.8 17.6  75646  72700  78592                                        Santa Barbara County                          CA est18all.txt 19NOV2019
06  85   139074   127269   150879  7.3  6.7  7.9    29633    23964    35302  7.1  5.7  8.5    21099    16928    25270  6.9  5.5  8.3 125933 123281 128585                                        Santa Clara County                            CA est18all.txt 19NOV2019
06  87    32027    27634    36420 12.2 10.5 13.9     7533     6073     8993 14.5 11.7 17.3     5221     4158     6284 13.7 10.9 16.5  84213  80404  88022                                        Santa Cruz County                             CA est18all.txt 19NOV2019
06  89    26919    23214    30624 15.2 13.1 17.3     6838     5122     8554 18.2 13.6 22.8     4487     3280     5694 16.6 12.1 21.1  53908  50348  57468                                        Shasta County                                 CA est18all.txt 19NOV2019
06  91      392      297      487 13.3 10.1 16.5       85       62      108 18.0 13.1 22.9       59       41       77 17.8 12.4 23.2  52308  46525  58091                                        Sierra County                                 CA est18all.txt 19NOV2019
06  93     7396     6100     8692 17.1 14.1 20.1     2099     1575     2623 24.2 18.2 30.2     1510     1084     1936 23.6 16.9 30.3  47560  44496  50624                                        Siskiyou County                               CA est18all.txt 19NOV2019
06  95    34281    29246    39316  7.9  6.7  9.1     9906     7544    12268 10.2  7.8 12.6     6647     4781     8513  9.4  6.8 12.0  82808  79560  86056                                        Solano County                                 CA est18all.txt 19NOV2019
06  97    48846    43330    54362  9.9  8.8 11.0    11309     9363    13255 11.7  9.7 13.7     7542     6117     8967 10.5  8.5 12.5  81002  78925  83079                                        Sonoma County                                 CA est18all.txt 19NOV2019
06  99    84744    76383    93105 15.6 14.1 17.1    31365    27573    35157 21.4 18.8 24.0    21741    18902    24580 20.3 17.7 22.9  59616  56719  62513                                        Stanislaus County                             CA est18all.txt 19NOV2019
06 101    13011    10536    15486 13.5 10.9 16.1     4466     3416     5516 18.0 13.8 22.2     3270     2453     4087 18.0 13.5 22.5  57879  54559  61199                                        Sutter County                                 CA est18all.txt 19NOV2019
06 103    10749     9000    12498 17.0 14.2 19.8     3649     2769     4529 24.2 18.4 30.0     2525     1883     3167 23.1 17.2 29.0  47572  43926  51218                                        Tehama County                                 CA est18all.txt 19NOV2019
06 105     2656     2140     3172 21.6 17.4 25.8      649      500      798 31.3 24.1 38.5      452      339      565 29.6 22.2 37.0  40680  36516  44844                                        Trinity County                                CA est18all.txt 19NOV2019
06 107   102451    94562   110340 22.2 20.5 23.9    40404    35930    44878 28.6 25.4 31.8    29097    25526    32668 27.8 24.4 31.2  48763  46272  51254                                        Tulare County                                 CA est18all.txt 19NOV2019
06 109     6417     5173     7661 12.5 10.1 14.9     1479     1092     1866 16.5 12.2 20.8     1005      700     1310 15.3 10.7 19.9  56500  51386  61614                                        Tuolumne County                               CA est18all.txt 19NOV2019
06 111    76206    68312    84100  9.1  8.2 10.0    23617    20176    27058 12.4 10.6 14.2    17458    14687    20229 12.3 10.3 14.3  84170  82014  86326                                        Ventura County                                CA est18all.txt 19NOV2019
06 113    42311    39406    45216 20.1 18.7 21.5     6967     5691     8243 15.2 12.4 18.0     4888     3934     5842 14.7 11.8 17.6  67804  63826  71782                                        Yolo County                                   CA est18all.txt 19NOV2019
06 115    13256    11047    15465 17.2 14.3 20.1     4642     3652     5632 21.8 17.1 26.5     3333     2587     4079 22.1 17.2 27.0  47504  43273  51735                                        Yuba County                                   CA est18all.txt 19NOV2019
08   0   540579   526780   554378  9.7  9.5  9.9   151618   143217   160019 12.1 11.4 12.8   105173    97675   112671 11.5 10.7 12.3  71949  71309  72589   40263   36753   43773 12.2 11.1 13.3 Colorado                                      CO est18all.txt 19NOV2019
08   1    46711    40261    53161  9.2  7.9 10.5    16897    13691    20103 12.6 10.2 15.0    11824     9315    14333 12.1  9.5 14.7  70199  67752  72646                                        Adams County                                  CO est18all.txt 19NOV2019
08   3     2954     2303     3605 19.1 14.9 23.3      968      681     1255 24.3 17.1 31.5      687      468      906 23.8 16.2 31.4  42897  38403  47391                                        Alamosa County                                CO est18all.txt 19NOV2019
08   5    52474    47118    57830  8.1  7.3  8.9    15606    12715    18497 10.3  8.4 12.2    10413     8228    12598  9.4  7.4 11.4  76665  74791  78539                                        Arapahoe County                               CO est18all.txt 19NOV2019
08   7     1525     1179     1871 11.2  8.7 13.7      506      358      654 20.7 14.6 26.8      370      251      489 20.4 13.9 26.9  53337  47971  58703                                        Archuleta County                              CO est18all.txt 19NOV2019
08   9      678      522      834 19.4 14.9 23.9      233      166      300 29.3 20.9 37.7      165      114      216 27.5 19.0 36.0  38294  34231  42357                                        Baca County                                   CO est18all.txt 19NOV2019
08  11     1353     1037     1669 33.9 26.0 41.8      266      193      339 30.4 22.0 38.8      197      140      254 28.9 20.5 37.3  37659  33531  41787                                        Bent County                                   CO est18all.txt 19NOV2019
08  13    30699    27531    33867  9.7  8.7 10.7     4149     2998     5300  6.7  4.8  8.6     2889     2010     3768  6.1  4.2  8.0  83591  80285  86897                                        Boulder County                                CO est18all.txt 19NOV2019
08  14     3364     2727     4001  4.9  4.0  5.8      814      608     1020  5.1  3.8  6.4      600      446      754  4.9  3.6  6.2  96924  88502 105346                                        Broomfield County                             CO est18all.txt 19NOV2019
08  15     2023     1573     2473 10.9  8.5 13.3      408      288      528 13.7  9.7 17.7      289      197      381 13.1  8.9 17.3  56168  51173  61163                                        Chaffee County                                CO est18all.txt 19NOV2019
08  17      230      173      287 12.6  9.5 15.7       93       66      120 20.4 14.5 26.3       67       46       88 20.6 14.0 27.2  54504  48608  60400                                        Cheyenne County                               CO est18all.txt 19NOV2019
08  19      686      521      851  7.2  5.5  8.9      146      103      189 10.2  7.2 13.2      100       68      132  9.4  6.4 12.4  74019  66250  81788                                        Clear Creek County                            CO est18all.txt 19NOV2019
08  21     1747     1377     2117 21.4 16.9 25.9      582      422      742 27.5 19.9 35.1      419      293      545 26.6 18.6 34.6  38777  34727  42827                                        Conejos County                                CO est18all.txt 19NOV2019
08  23      964      738     1190 25.2 19.3 31.1      266      187      345 36.9 25.9 47.9      189      128      250 34.8 23.5 46.1  31557  28154  34960                                        Costilla County                               CO est18all.txt 19NOV2019
08  25     1341     1002     1680 44.3 33.1 55.5      197      138      256 29.7 20.8 38.6      129       84      174 24.9 16.2 33.6  35880  31913  39847                                        Crowley County                                CO est18all.txt 19NOV2019
08  27      576      433      719 12.0  9.0 15.0      169      119      219 24.9 17.5 32.3      124       84      164 24.1 16.4 31.8  55242  49498  60986                                        Custer County                                 CO est18all.txt 19NOV2019
08  29     4429     3530     5328 14.6 11.6 17.6     1411     1052     1770 23.1 17.2 29.0      981      698     1264 21.3 15.1 27.5  46786  42540  51032                                        Delta County                                  CO est18all.txt 19NOV2019
08  31    82104    73636    90572 11.7 10.5 12.9    23024    19132    26916 16.7 13.9 19.5    15958    12883    19033 16.7 13.5 19.9  68069  65476  70662                                        Denver County                                 CO est18all.txt 19NOV2019
08  33      265      200      330 12.8  9.7 15.9       68       48       88 16.5 11.6 21.4       48       33       63 14.2  9.6 18.8  47482  42367  52597                                        Dolores County                                CO est18all.txt 19NOV2019
08  35     8975     7289    10661  2.6  2.1  3.1     2227     1628     2826  2.5  1.8  3.2     1453     1002     1904  2.1  1.4  2.8 120670 116719 124621                                        Douglas County                                CO est18all.txt 19NOV2019
08  37     3673     2824     4522  6.7  5.2  8.2      959      682     1236  8.1  5.8 10.4      637      433      841  7.2  4.9  9.5  86896  80098  93694                                        Eagle County                                  CO est18all.txt 19NOV2019
08  39     1312      992     1632  5.0  3.8  6.2      409      288      530  7.2  5.1  9.3      283      192      374  6.4  4.4  8.4  98247  91887 104607                                        Elbert County                                 CO est18all.txt 19NOV2019
08  41    68538    61846    75230  9.9  8.9 10.9    22394    18825    25963 13.2 11.1 15.3    15703    13053    18353 12.9 10.7 15.1  67923  65740  70106                                        El Paso County                                CO est18all.txt 19NOV2019
08  43     6525     5326     7724 16.5 13.5 19.5     1693     1278     2108 22.1 16.7 27.5     1287      969     1605 23.0 17.3 28.7  47885  43838  51932                                        Fremont County                                CO est18all.txt 19NOV2019
08  45     4946     3931     5961  8.4  6.7 10.1     1696     1213     2179 11.4  8.2 14.6     1149      793     1505 10.7  7.4 14.0  74421  69387  79455                                        Garfield County                               CO est18all.txt 19NOV2019
08  47      410      309      511  6.7  5.0  8.4       95       67      123 10.1  7.1 13.1       51       34       68  7.2  4.8  9.6  72949  65244  80654                                        Gilpin County                                 CO est18all.txt 19NOV2019
08  49     1219      938     1500  7.9  6.1  9.7      302      214      390 11.7  8.3 15.1      213      144      282 10.9  7.4 14.4  69214  63939  74489                                        Grand County                                  CO est18all.txt 19NOV2019
08  51     1678     1259     2097 10.4  7.8 13.0      301      214      388 10.4  7.4 13.4      198      135      261  9.2  6.3 12.1  61268  55836  66700                                        Gunnison County                               CO est18all.txt 19NOV2019
08  53       69       52       86  8.6  6.5 10.7       19       13       25 17.0 11.9 22.1       14       10       18 16.5 11.3 21.7  62149  55323  68975                                        Hinsdale County                               CO est18all.txt 19NOV2019
08  55     1459     1137     1781 21.7 16.9 26.5      415      302      528 37.4 27.2 47.6      275      189      361 32.3 22.2 42.4  38242  34033  42451                                        Huerfano County                               CO est18all.txt 19NOV2019
08  57      188      146      230 13.4 10.4 16.4       48       34       62 20.0 14.1 25.9       36       25       47 21.1 14.5 27.7  51457  45797  57117                                        Jackson County                                CO est18all.txt 19NOV2019
08  59    39799    34388    45210  7.0  6.1  7.9     9004     6957    11051  8.0  6.2  9.8     6385     4892     7878  7.7  5.9  9.5  85550  82944  88156                                        Jefferson County                              CO est18all.txt 19NOV2019
08  61      188      144      232 13.8 10.6 17.0       59       42       76 19.2 13.8 24.6       39       27       51 19.8 13.5 26.1  44704  39928  49480                                        Kiowa County                                  CO est18all.txt 19NOV2019
08  63      900      692     1108 12.6  9.7 15.5      365      264      466 20.1 14.5 25.7      276      196      356 20.4 14.5 26.3  48342  44402  52282                                        Kit Carson County                             CO est18all.txt 19NOV2019
08  65      970      748     1192 12.6  9.7 15.5      284      204      364 18.5 13.3 23.7      200      140      260 17.9 12.5 23.3  51802  46091  57513                                        Lake County                                   CO est18all.txt 19NOV2019
08  67     5005     3946     6064  9.2  7.3 11.1     1148      809     1487 10.8  7.6 14.0      771      516     1026 10.0  6.7 13.3  66219  60731  71707                                        La Plata County                               CO est18all.txt 19NOV2019
08  69    36054    32792    39316 10.5  9.5 11.5     5812     4487     7137  8.5  6.6 10.4     4067     3072     5062  8.1  6.1 10.1  71306  68569  74043                                        Larimer County                                CO est18all.txt 19NOV2019
08  71     2626     2077     3175 19.2 15.2 23.2      719      505      933 26.6 18.7 34.5      515      348      682 25.7 17.4 34.0  41485  37755  45215                                        Las Animas County                             CO est18all.txt 19NOV2019
08  73      744      568      920 16.2 12.4 20.0      232      165      299 21.0 14.9 27.1      166      113      219 20.8 14.2 27.4  46690  42047  51333                                        Lincoln County                                CO est18all.txt 19NOV2019
08  75     2674     2038     3310 14.5 11.1 17.9      657      463      851 16.9 11.9 21.9      468      317      619 17.0 11.5 22.5  53168  47713  58623                                        Logan County                                  CO est18all.txt 19NOV2019
08  77    21463    18527    24399 14.4 12.4 16.4     6397     5141     7653 19.7 15.8 23.6     4710     3806     5614 19.8 16.0 23.6  51132  47992  54272                                        Mesa County                                   CO est18all.txt 19NOV2019
08  79       72       54       90  9.3  7.0 11.6       18       13       23 15.9 11.1 20.7       13        9       17 16.5 11.0 22.0  60210  53629  66791                                        Mineral County                                CO est18all.txt 19NOV2019
08  81     1614     1303     1925 12.3  9.9 14.7      565      432      698 16.7 12.8 20.6      383      289      477 15.7 11.8 19.6  59500  53130  65870                                        Moffat County                                 CO est18all.txt 19NOV2019
08  83     4235     3466     5004 16.3 13.3 19.3     1645     1301     1989 28.8 22.8 34.8     1205      924     1486 28.5 21.9 35.1  50180  45762  54598                                        Montezuma County                              CO est18all.txt 19NOV2019
08  85     4854     3868     5840 11.6  9.2 14.0     1573     1099     2047 17.4 12.1 22.7     1107      750     1464 16.7 11.3 22.1  52576  48233  56919                                        Montrose County                               CO est18all.txt 19NOV2019
08  87     3409     2722     4096 12.2  9.7 14.7     1123      817     1429 15.3 11.1 19.5      803      570     1036 15.3 10.9 19.7  55387  50467  60307                                        Morgan County                                 CO est18all.txt 19NOV2019
08  89     3722     3001     4443 20.8 16.8 24.8     1297      979     1615 29.9 22.6 37.2      906      642     1170 28.2 20.0 36.4  40064  36233  43895                                        Otero County                                  CO est18all.txt 19NOV2019
08  91      361      278      444  7.5  5.8  9.2       81       58      104 11.0  7.8 14.2       57       39       75  9.6  6.6 12.6  68900  61564  76236                                        Ouray County                                  CO est18all.txt 19NOV2019
08  93     1487     1116     1858  8.1  6.1 10.1      335      237      433 12.1  8.6 15.6      225      153      297 10.7  7.3 14.1  72121  65493  78749                                        Park County                                   CO est18all.txt 19NOV2019
08  95      458      348      568 10.8  8.2 13.4      165      117      213 15.6 11.0 20.2      120       81      159 15.7 10.6 20.8  52367  46625  58109                                        Phillips County                               CO est18all.txt 19NOV2019
08  97     1222      947     1497  6.8  5.3  8.3      166      118      214  6.2  4.4  8.0      114       78      150  5.8  4.0  7.6  89034  79319  98749                                        Pitkin County                                 CO est18all.txt 19NOV2019
08  99     2553     2065     3041 21.6 17.5 25.7      890      669     1111 28.6 21.5 35.7      607      439      775 27.1 19.6 34.6  42455  38079  46831                                        Prowers County                                CO est18all.txt 19NOV2019
08 101    28127    24604    31650 17.2 15.0 19.4     8485     6816    10154 22.9 18.4 27.4     5534     4212     6856 20.2 15.4 25.0  48308  45838  50778                                        Pueblo County                                 CO est18all.txt 19NOV2019
08 103      653      516      790 10.8  8.5 13.1      179      132      226 12.0  8.9 15.1      131       96      166 11.7  8.5 14.9  63411  56348  70474                                        Rio Blanco County                             CO est18all.txt 19NOV2019
08 105     1604     1245     1963 14.5 11.2 17.8      589      415      763 23.4 16.5 30.3      430      289      571 23.2 15.6 30.8  44171  40097  48245                                        Rio Grande County                             CO est18all.txt 19NOV2019
08 107     1783     1430     2136  7.0  5.6  8.4      339      242      436  7.3  5.2  9.4      243      169      317  7.1  4.9  9.3  81033  73257  88809                                        Routt County                                  CO est18all.txt 19NOV2019
08 109     1679     1263     2095 24.6 18.5 30.7      538      375      701 37.0 25.8 48.2      354      237      471 33.7 22.6 44.8  36869  33022  40716                                        Saguache County                               CO est18all.txt 19NOV2019
08 111      109       82      136 14.4 10.9 17.9       19       13       25 20.4 14.4 26.4       14       10       18 22.2 15.1 29.3  46878  41747  52009                                        San Juan County                               CO est18all.txt 19NOV2019
08 113      702      548      856  8.6  6.7 10.5      140      100      180  9.8  7.0 12.6      101       70      132  9.2  6.4 12.0  69458  61933  76983                                        San Miguel County                             CO est18all.txt 19NOV2019
08 115      338      264      412 14.9 11.7 18.1      121       86      156 25.9 18.3 33.5       88       60      116 25.4 17.3 33.5  40009  35721  44297                                        Sedgwick County                               CO est18all.txt 19NOV2019
08 117     2056     1558     2554  6.7  5.1  8.3      350      248      452  7.1  5.0  9.2      225      153      297  6.3  4.3  8.3  80078  72050  88106                                        Summit County                                 CO est18all.txt 19NOV2019
08 119     1851     1423     2279  7.4  5.7  9.1      528      373      683 12.5  8.8 16.2      377      257      497 11.7  8.0 15.4  64850  58348  71352                                        Teller County                                 CO est18all.txt 19NOV2019
08 121      646      506      786 13.7 10.7 16.7      217      158      276 19.6 14.3 24.9      152      106      198 18.7 13.0 24.4  47869  43521  52217                                        Washington County                             CO est18all.txt 19NOV2019
08 123    32314    28619    36009 10.5  9.3 11.7    10772     9070    12474 13.2 11.1 15.3     7336     6050     8622 12.5 10.3 14.7  75629  73748  77510                                        Weld County                                   CO est18all.txt 19NOV2019
08 125     1191      907     1475 12.1  9.2 15.0      445      318      572 16.6 11.9 21.3      303      209      397 15.6 10.7 20.5  53253  47709  58797                                        Yuma County                                   CO est18all.txt 19NOV2019
09   0   358519   347713   369325 10.3 10.0 10.6   100250    94949   105551 13.8 13.1 14.5    70910    66291    75529 13.0 12.2 13.8  76366  75484  77248   26438   23854   29022 14.8 13.4 16.2 Connecticut                                   CT est18all.txt 19NOV2019
09   1    92971    86234    99708 10.0  9.3 10.7    26730    24002    29458 12.7 11.4 14.0    19429    17417    21441 12.2 10.9 13.5  91183  88535  93831                                        Fairfield County                              CT est18all.txt 19NOV2019
09   3    96957    89308   104606 11.2 10.3 12.1    28641    25220    32062 15.5 13.7 17.3    20405    17874    22936 14.8 13.0 16.6  73037  70717  75357                                        Hartford County                               CT est18all.txt 19NOV2019
09   5    12441    10517    14365  6.9  5.8  8.0     2643     1974     3312  8.1  6.0 10.2     1722     1225     2219  6.9  4.9  8.9  76304  72739  79869                                        Litchfield County                             CT est18all.txt 19NOV2019
09   7    10556     8754    12358  6.7  5.6  7.8     2314     1847     2781  8.1  6.5  9.7     1580     1231     1929  7.3  5.7  8.9  88709  84493  92925                                        Middlesex County                              CT est18all.txt 19NOV2019
09   9    96563    88623   104503 11.6 10.6 12.6    28530    25003    32057 16.7 14.6 18.8    19709    17133    22285 15.5 13.5 17.5  67720  65318  70122                                        New Haven County                              CT est18all.txt 19NOV2019
09  11    25063    21810    28316  9.8  8.5 11.1     6388     5086     7690 12.5  9.9 15.1     4635     3707     5563 12.3  9.8 14.8  67790  64590  70990                                        New London County                             CT est18all.txt 19NOV2019
09  13    10835     8999    12671  8.0  6.7  9.3     1652     1211     2093  6.4  4.7  8.1     1096      765     1427  5.6  3.9  7.3  89584  83740  95428                                        Tolland County                                CT est18all.txt 19NOV2019
09  15    13135    10961    15309 11.7  9.8 13.6     3351     2537     4165 14.8 11.2 18.4     2334     1741     2927 13.9 10.4 17.4  65182  62373  67991                                        Windham County                                CT est18all.txt 19NOV2019
10   0   114691   108944   120438 12.2 11.6 12.8    35031    32638    37424 17.6 16.4 18.8    24091    22018    26164 16.5 15.1 17.9  65467  64062  66872    9997    8861   11133 19.0 16.8 21.2 Delaware                                      DE est18all.txt 19NOV2019
10   1    23966    20675    27257 13.8 11.9 15.7     7848     6285     9411 19.6 15.7 23.5     5325     4124     6526 18.3 14.2 22.4  54980  51716  58244                                        Kent County                                   DE est18all.txt 19NOV2019
10   3    62976    57499    68453 11.6 10.6 12.6    18240    15876    20604 15.5 13.5 17.5    12220    10490    13950 14.1 12.1 16.1  69562  66912  72212                                        New Castle County                             DE est18all.txt 19NOV2019
10   5    27750    24273    31227 12.3 10.8 13.8     8943     7386    10500 21.6 17.8 25.4     6546     5407     7685 21.5 17.8 25.2  59821  56752  62890                                        Sussex County                                 DE est18all.txt 19NOV2019
11   0   107806   101833   113779 16.1 15.2 17.0    30803    27014    34592 24.5 21.5 27.5    20062    16610    23514 24.8 20.5 29.1  82533  80186  84880   10267    8900   11634 23.0 19.9 26.1 District of Columbia                          DC est18all.txt 19NOV2019
11   1   107806   101833   113779 16.1 15.2 17.0    30803    27014    34592 24.5 21.5 27.5    20062    16610    23514 24.8 20.5 29.1  82533  80186  84880                                        District of Columbia                          DC est18all.txt 19NOV2019
12   0  2854438  2815667  2893209 13.7 13.5 13.9   831420   809956   852884 20.0 19.5 20.5   569270   550737   587803 18.8 18.2 19.4  55433  55052  55814  242357  232495  252219 21.8 20.9 22.7 Florida                                       FL est18all.txt 19NOV2019
12   1    50922    46026    55818 19.8 17.9 21.7    10092     8164    12020 21.1 17.1 25.1     6513     5038     7988 19.3 14.9 23.7  51026  49332  52720                                        Alachua County                                FL est18all.txt 19NOV2019
12   3     3944     3017     4871 15.4 11.8 19.0     1432     1037     1827 21.7 15.7 27.7     1009      703     1315 20.9 14.6 27.2  52804  47505  58103                                        Baker County                                  FL est18all.txt 19NOV2019
12   5    24276    20203    28349 13.4 11.2 15.6     8000     5967    10033 20.5 15.3 25.7     5600     4051     7149 20.2 14.6 25.8  51777  49023  54531                                        Bay County                                    FL est18all.txt 19NOV2019
12   7     4618     3616     5620 19.5 15.3 23.7     1384     1025     1743 26.0 19.3 32.7      951      674     1228 24.7 17.5 31.9  45075  40499  49651                                        Bradford County                               FL est18all.txt 19NOV2019
12   9    64854    55934    73774 11.0  9.5 12.5    17698    13538    21858 16.5 12.6 20.4    12099     9044    15154 15.2 11.3 19.1  57612  55343  59881                                        Brevard County                                FL est18all.txt 19NOV2019
12  11   244310   222511   266109 12.6 11.5 13.7    70489    59402    81576 17.3 14.6 20.0    49360    40846    57874 16.7 13.8 19.6  57200  55857  58543                                        Broward County                                FL est18all.txt 19NOV2019
12  13     2697     2048     3346 21.3 16.2 26.4      846      603     1089 29.3 20.9 37.7      596      407      785 27.3 18.7 35.9  38323  34417  42229                                        Calhoun County                                FL est18all.txt 19NOV2019
12  15    20243    17132    23354 11.1  9.4 12.8     4323     3337     5309 20.0 15.4 24.6     3080     2297     3863 19.1 14.3 23.9  52724  50759  54689                                        Charlotte County                              FL est18all.txt 19NOV2019
12  17    22082    18752    25412 15.2 12.9 17.5     5257     3938     6576 24.5 18.3 30.7     3370     2352     4388 21.3 14.9 27.7  41556  38324  44788                                        Citrus County                                 FL est18all.txt 19NOV2019
12  19    18846    15811    21881  8.8  7.4 10.2     5973     4442     7504 12.1  9.0 15.2     4061     2863     5259 10.8  7.6 14.0  62835  59612  66058                                        Clay County                                   FL est18all.txt 19NOV2019
12  21    39689    34474    44904 10.6  9.2 12.0    11752     9582    13922 18.5 15.1 21.9     8219     6546     9892 17.4 13.9 20.9  70649  66898  74400                                        Collier County                                FL est18all.txt 19NOV2019
12  23    11340     8929    13751 17.3 13.6 21.0     3973     2926     5020 26.4 19.4 33.4     2785     1973     3597 25.7 18.2 33.2  46195  42533  49857                                        Columbia County                               FL est18all.txt 19NOV2019
12  27     9013     7378    10648 26.1 21.4 30.8     2311     1744     2878 34.5 26.0 43.0     1647     1212     2082 34.0 25.0 43.0  37233  33620  40846                                        DeSoto County                                 FL est18all.txt 19NOV2019
12  29     3679     2829     4529 24.7 19.0 30.4      935      675     1195 31.1 22.4 39.8      667      460      874 30.1 20.8 39.4  37148  33487  40809                                        Dixie County                                  FL est18all.txt 19NOV2019
12  31   134476   123424   145528 14.5 13.3 15.7    46040    39559    52521 21.8 18.7 24.9    29076    23614    34538 19.7 16.0 23.4  55733  53894  57572                                        Duval County                                  FL est18all.txt 19NOV2019
12  33    43832    37439    50225 14.7 12.6 16.8    15792    12603    18981 24.4 19.5 29.3    10096     7576    12616 22.1 16.6 27.6  50644  48565  52723                                        Escambia County                               FL est18all.txt 19NOV2019
12  35    11450     9559    13341 10.3  8.6 12.0     3423     2583     4263 18.4 13.9 22.9     2330     1704     2956 16.4 12.0 20.8  58975  55459  62491                                        Flagler County                                FL est18all.txt 19NOV2019
12  37     2343     1859     2827 22.8 18.1 27.5      681      509      853 36.6 27.3 45.9      475      341      609 35.7 25.6 45.8  40297  35911  44683                                        Franklin County                               FL est18all.txt 19NOV2019
12  39    10259     8444    12074 23.6 19.4 27.8     3822     3088     4556 38.2 30.9 45.5     3148     2586     3710 43.3 35.6 51.0  42259  38294  46224                                        Gadsden County                                FL est18all.txt 19NOV2019
12  41     2856     2241     3471 16.8 13.2 20.4      861      628     1094 23.8 17.4 30.2      607      421      793 23.4 16.2 30.6  42186  38437  45935                                        Gilchrist County                              FL est18all.txt 19NOV2019
12  43     2457     1869     3045 20.1 15.3 24.9      566      411      721 27.6 20.0 35.2      382      262      502 23.7 16.3 31.1  38680  34859  42501                                        Glades County                                 FL est18all.txt 19NOV2019
12  45     2667     2025     3309 20.3 15.4 25.2      642      458      826 26.3 18.8 33.8      466      320      612 25.8 17.7 33.9  45426  40638  50214                                        Gulf County                                   FL est18all.txt 19NOV2019
12  47     3209     2474     3944 27.6 21.3 33.9      938      666     1210 35.9 25.5 46.3      661      449      873 36.1 24.5 47.7  36299  32335  40263                                        Hamilton County                               FL est18all.txt 19NOV2019
12  49     6956     5752     8160 27.0 22.3 31.7     2679     2141     3217 38.2 30.5 45.9     1902     1490     2314 37.2 29.1 45.3  39169  34892  43446                                        Hardee County                                 FL est18all.txt 19NOV2019
12  51     9850     8042    11658 24.0 19.6 28.4     3611     2711     4511 33.5 25.1 41.9     2425     1764     3086 31.5 22.9 40.1  44391  40257  48525                                        Hendry County                                 FL est18all.txt 19NOV2019
12  53    26646    22873    30419 14.1 12.1 16.1     6635     4933     8337 19.3 14.3 24.3     4643     3311     5975 18.1 12.9 23.3  45884  43354  48414                                        Hernando County                               FL est18all.txt 19NOV2019
12  55    21577    18444    24710 20.8 17.8 23.8     6801     5716     7886 38.5 32.4 44.6     5006     4191     5821 39.0 32.7 45.3  39994  36824  43164                                        Highlands County                              FL est18all.txt 19NOV2019
12  57   207358   194892   219824 14.7 13.8 15.6    63884    57661    70107 20.1 18.1 22.1    42242    37305    47179 18.4 16.3 20.5  58361  56728  59994                                        Hillsborough County                           FL est18all.txt 19NOV2019
12  59     4232     3478     4986 23.9 19.6 28.2     1172      852     1492 30.6 22.2 39.0      835      579     1091 30.5 21.2 39.8  38040  34140  41940                                        Holmes County                                 FL est18all.txt 19NOV2019
12  61    16775    13441    20109 10.7  8.6 12.8     4414     3122     5706 17.9 12.7 23.1     3075     2069     4081 16.8 11.3 22.3  58228  54158  62298                                        Indian River County                           FL est18all.txt 19NOV2019
12  63     9492     7953    11031 23.5 19.7 27.3     2915     2334     3496 33.5 26.8 40.2     2099     1652     2546 33.5 26.4 40.6  39545  35777  43313                                        Jackson County                                FL est18all.txt 19NOV2019
12  65     2317     1807     2827 17.9 14.0 21.8      685      513      857 28.6 21.4 35.8      469      336      602 26.5 19.0 34.0  46332  41292  51372                                        Jefferson County                              FL est18all.txt 19NOV2019
12  67     1521     1146     1896 21.0 15.8 26.2      456      324      588 26.1 18.5 33.7      306      208      404 22.3 15.1 29.5  42689  37973  47405                                        Lafayette County                              FL est18all.txt 19NOV2019
12  69    40582    34621    46543 11.5  9.8 13.2    13120    10427    15813 19.5 15.5 23.5     8876     6826    10926 17.9 13.8 22.0  52447  49778  55116                                        Lake County                                   FL est18all.txt 19NOV2019
12  71    90400    81322    99478 12.1 10.9 13.3    23935    19588    28282 18.4 15.1 21.7    16040    12526    19554 16.7 13.0 20.4  56343  54710  57976                                        Lee County                                    FL est18all.txt 19NOV2019
12  73    57656    53417    61895 20.7 19.2 22.2    10788     8729    12847 20.1 16.3 23.9     7270     5636     8904 18.8 14.6 23.0  51046  49036  53056                                        Leon County                                   FL est18all.txt 19NOV2019
12  75     6521     5143     7899 16.1 12.7 19.5     2059     1491     2627 26.3 19.0 33.6     1472     1020     1924 25.7 17.8 33.6  39037  36007  42067                                        Levy County                                   FL est18all.txt 19NOV2019
12  77     1523     1161     1885 23.8 18.1 29.5      392      281      503 27.1 19.4 34.8      278      191      365 26.7 18.4 35.0  40814  36296  45332                                        Liberty County                                FL est18all.txt 19NOV2019
12  79     3752     2857     4647 22.8 17.4 28.2     1077      776     1378 32.5 23.4 41.6      764      529      999 32.1 22.2 42.0  38249  34171  42327                                        Madison County                                FL est18all.txt 19NOV2019
12  81    40662    34865    46459 10.4  8.9 11.9    12197     9480    14914 17.3 13.4 21.2     8459     6326    10592 16.2 12.1 20.3  59587  57406  61768                                        Manatee County                                FL est18all.txt 19NOV2019
12  83    52818    45984    59652 15.1 13.1 17.1    16997    13867    20127 25.9 21.1 30.7    12132     9707    14557 25.3 20.2 30.4  44517  42208  46826                                        Marion County                                 FL est18all.txt 19NOV2019
12  85    16824    13971    19677 10.7  8.9 12.5     4275     3229     5321 16.4 12.4 20.4     2917     2107     3727 15.0 10.8 19.2  61592  57837  65347                                        Martin County                                 FL est18all.txt 19NOV2019
12  86   436103   411301   460905 16.0 15.1 16.9   124301   112277   136325 22.6 20.4 24.8    85815    76688    94942 21.9 19.6 24.2  52043  51208  52878                                        Miami-Dade County                             FL est18all.txt 19NOV2019
12  87     8859     7165    10553 12.0  9.7 14.3     2146     1645     2647 19.2 14.7 23.7     1552     1155     1949 20.1 15.0 25.2  67094  62049  72139                                        Monroe County                                 FL est18all.txt 19NOV2019
12  89     8882     7503    10261 10.4  8.8 12.0     2282     1725     2839 13.7 10.4 17.0     1544     1106     1982 12.5  9.0 16.0  66898  61844  71952                                        Nassau County                                 FL est18all.txt 19NOV2019
12  91    25612    22642    28582 12.7 11.2 14.2     8202     6654     9750 18.1 14.7 21.5     5399     4204     6594 17.0 13.2 20.8  62779  59715  65843                                        Okaloosa County                               FL est18all.txt 19NOV2019
12  93     8283     6711     9855 21.5 17.4 25.6     2900     2313     3487 34.4 27.4 41.4     1958     1506     2410 32.8 25.2 40.4  42258  38239  46277                                        Okeechobee County                             FL est18all.txt 19NOV2019
12  95   211307   195350   227264 15.6 14.4 16.8    68769    60450    77088 22.8 20.0 25.6    47713    41180    54246 21.8 18.8 24.8  58037  55840  60234                                        Orange County                                 FL est18all.txt 19NOV2019
12  97    48711    41867    55555 13.4 11.5 15.3    17933    14004    21862 20.2 15.8 24.6    13069     9957    16181 19.9 15.2 24.6  50473  47398  53548                                        Osceola County                                FL est18all.txt 19NOV2019
12  99   179359   165982   192736 12.2 11.3 13.1    51636    44895    58377 18.5 16.1 20.9    35036    29433    40639 17.1 14.4 19.8  61735  60307  63163                                        Palm Beach County                             FL est18all.txt 19NOV2019
12 101    67164    60413    73915 12.6 11.3 13.9    18748    15827    21669 17.4 14.7 20.1    12170     9718    14622 15.3 12.2 18.4  53788  51674  55902                                        Pasco County                                  FL est18all.txt 19NOV2019
12 103   112593   102460   122726 11.7 10.6 12.8    25092    20887    29297 16.2 13.5 18.9    16177    12788    19566 14.4 11.4 17.4  52226  50929  53523                                        Pinellas County                               FL est18all.txt 19NOV2019
12 105   109018    98876   119160 15.7 14.2 17.2    36944    31670    42218 24.0 20.6 27.4    25934    21698    30170 23.0 19.3 26.7  51354  49812  52896                                        Polk County                                   FL est18all.txt 19NOV2019
12 107    13697    10774    16620 18.8 14.8 22.8     5172     3677     6667 33.3 23.7 42.9     3548     2361     4735 31.6 21.0 42.2  39578  36372  42784                                        Putnam County                                 FL est18all.txt 19NOV2019
12 109    16642    13992    19292  6.6  5.5  7.7     3990     2962     5018  7.3  5.4  9.2     2774     2003     3545  6.6  4.8  8.4  81925  77427  86423                                        St. Johns County                              FL est18all.txt 19NOV2019
12 111    38398    31734    45062 12.1 10.0 14.2    11538     8254    14822 18.5 13.2 23.8     8399     5895    10903 18.2 12.8 23.6  53377  50203  56551                                        St. Lucie County                              FL est18all.txt 19NOV2019
12 113    16404    13144    19664  9.5  7.6 11.4     4711     3459     5963 12.2  9.0 15.4     3314     2315     4313 11.6  8.1 15.1  69541  66512  72570                                        Santa Rosa County                             FL est18all.txt 19NOV2019
12 115    43389    37706    49072 10.3  8.9 11.7     9962     7954    11970 16.7 13.3 20.1     6997     5455     8539 15.7 12.2 19.2  61652  59934  63370                                        Sarasota County                               FL est18all.txt 19NOV2019
12 117    46050    40547    51553  9.9  8.7 11.1    12986    10555    15417 13.4 10.9 15.9     8872     7061    10683 12.2  9.7 14.7  67187  64727  69647                                        Seminole County                               FL est18all.txt 19NOV2019
12 119    11183     8881    13485  9.3  7.4 11.2     2378     1770     2986 26.6 19.8 33.4     1678     1198     2158 26.1 18.6 33.6  55324  52581  58067                                        Sumter County                                 FL est18all.txt 19NOV2019
12 121     7999     6220     9778 19.3 15.0 23.6     2602     1853     3351 28.2 20.1 36.3     1864     1275     2453 27.5 18.8 36.2  38525  34662  42388                                        Suwannee County                               FL est18all.txt 19NOV2019
12 123     4130     3180     5080 21.6 16.6 26.6     1273      940     1606 29.8 22.0 37.6      910      653     1167 30.0 21.5 38.5  42307  38034  46580                                        Taylor County                                 FL est18all.txt 19NOV2019
12 125     2118     1597     2639 20.6 15.5 25.7      595      424      766 21.0 15.0 27.0      414      282      546 20.1 13.7 26.5  45906  41423  50389                                        Union County                                  FL est18all.txt 19NOV2019
12 127    70499    62577    78421 13.2 11.7 14.7    16634    12753    20515 17.5 13.4 21.6    11938     8992    14884 17.3 13.0 21.6  50285  49088  51482                                        Volusia County                                FL est18all.txt 19NOV2019
12 129     3543     2715     4371 11.9  9.1 14.7     1110      787     1433 16.2 11.5 20.9      781      532     1030 15.4 10.5 20.3  58203  53658  62748                                        Wakulla County                                FL est18all.txt 19NOV2019
12 131     7868     6141     9595 11.4  8.9 13.9     2631     1897     3365 18.6 13.4 23.8     1890     1328     2452 18.7 13.1 24.3  60973  55461  66485                                        Walton County                                 FL est18all.txt 19NOV2019
12 133     5104     4209     5999 22.8 18.8 26.8     1563     1200     1926 32.0 24.6 39.4     1116      835     1397 30.8 23.0 38.6  39225  35230  43220                                        Washington County                             FL est18all.txt 19NOV2019
13   0  1484439  1458654  1510224 14.5 14.2 14.8   516311   501546   531076 21.0 20.4 21.6   360513   348023   373003 19.9 19.2 20.6  58634  57940  59328  145780  137680  153880 22.7 21.4 24.0 Georgia                                       GA est18all.txt 19NOV2019
13   1     3954     3189     4719 21.9 17.7 26.1     1522     1135     1909 34.0 25.4 42.6     1020      709     1331 31.6 22.0 41.2  42781  38518  47044                                        Appling County                                GA est18all.txt 19NOV2019
13   3     2156     1737     2575 26.1 21.0 31.2      906      707     1105 42.2 32.9 51.5      637      488      786 41.1 31.5 50.7  36779  33083  40475                                        Atkinson County                               GA est18all.txt 19NOV2019
13   5     2473     1956     2990 22.8 18.0 27.6      945      686     1204 33.6 24.4 42.8      646      452      840 31.1 21.8 40.4  38775  34548  43002                                        Bacon County                                  GA est18all.txt 19NOV2019
13   7      704      517      891 22.9 16.8 29.0      253      182      324 43.2 31.1 55.3      181      125      237 42.6 29.3 55.9  38288  34051  42525                                        Baker County                                  GA est18all.txt 19NOV2019
13   9     9313     7618    11008 23.8 19.5 28.1     2591     1865     3317 31.3 22.5 40.1     1852     1273     2431 30.0 20.6 39.4  42727  38993  46461                                        Baldwin County                                GA est18all.txt 19NOV2019
13  11     2469     1921     3017 13.0 10.1 15.9      812      591     1033 19.5 14.2 24.8      571      397      745 18.7 13.0 24.4  55384  50597  60171                                        Banks County                                  GA est18all.txt 19NOV2019
13  13     7651     6096     9206  9.5  7.6 11.4     3099     2320     3878 15.0 11.2 18.8     2192     1547     2837 14.4 10.2 18.6  61413  56938  65888                                        Barrow County                                 GA est18all.txt 19NOV2019
13  15    12768    10415    15121 12.2 10.0 14.4     4305     3108     5502 17.1 12.3 21.9     2893     1983     3803 15.8 10.8 20.8  57409  51955  62863                                        Bartow County                                 GA est18all.txt 19NOV2019
13  17     4305     3474     5136 26.2 21.1 31.3     1668     1280     2056 40.9 31.4 50.4     1144      841     1447 37.9 27.9 47.9  35020  31163  38877                                        Ben Hill County                               GA est18all.txt 19NOV2019
13  19     4144     3346     4942 21.8 17.6 26.0     1424     1051     1797 31.1 23.0 39.2      998      716     1280 29.8 21.4 38.2  39412  35476  43348                                        Berrien County                                GA est18all.txt 19NOV2019
13  21    36326    31946    40706 24.7 21.7 27.7    13487    11152    15822 36.6 30.3 42.9     9558     7704    11412 36.1 29.1 43.1  41390  38381  44399                                        Bibb County                                   GA est18all.txt 19NOV2019
13  23     2156     1644     2668 18.7 14.3 23.1      707      502      912 28.0 19.9 36.1      534      369      699 28.9 20.0 37.8  46019  41144  50894                                        Bleckley County                               GA est18all.txt 19NOV2019
13  25     3419     2645     4193 18.3 14.2 22.4     1273      920     1626 29.3 21.2 37.4      902      630     1174 28.2 19.7 36.7  41874  37266  46482                                        Brantley County                               GA est18all.txt 19NOV2019
13  27     3768     3047     4489 24.5 19.8 29.2     1124      797     1451 33.7 23.9 43.5      802      541     1063 33.3 22.5 44.1  36354  32430  40278                                        Brooks County                                 GA est18all.txt 19NOV2019
13  29     3264     2568     3960  8.6  6.8 10.4     1263      932     1594 11.5  8.5 14.5      894      637     1151 10.9  7.8 14.0  79658  72517  86799                                        Bryan County                                  GA est18all.txt 19NOV2019
13  31    16439    14011    18867 22.9 19.5 26.3     3713     2735     4691 24.4 18.0 30.8     2587     1834     3340 24.2 17.2 31.2  43766  40310  47222                                        Bulloch County                                GA est18all.txt 19NOV2019
13  33     4853     3702     6004 22.0 16.8 27.2     1915     1380     2450 33.2 23.9 42.5     1286      870     1702 30.6 20.7 40.5  42785  39087  46483                                        Burke County                                  GA est18all.txt 19NOV2019
13  35     4228     3484     4972 19.7 16.2 23.2     1485     1189     1781 30.0 24.0 36.0     1089      856     1322 30.7 24.1 37.3  48831  43895  53767                                        Butts County                                  GA est18all.txt 19NOV2019
13  37     1723     1351     2095 37.2 29.2 45.2      476      366      586 43.2 33.2 53.2      307      217      397 35.8 25.3 46.3  33393  30379  36407                                        Calhoun County                                GA est18all.txt 19NOV2019
13  39     8134     7040     9228 15.8 13.7 17.9     2680     2164     3196 20.8 16.8 24.8     1779     1375     2183 19.7 15.2 24.2  56555  50942  62168                                        Camden County                                 GA est18all.txt 19NOV2019
13  43     2587     2061     3113 24.6 19.6 29.6      942      692     1192 35.3 25.9 44.7      673      481      865 33.7 24.1 43.3  35841  31919  39763                                        Candler County                                GA est18all.txt 19NOV2019
13  45    19187    16315    22059 16.8 14.3 19.3     5899     4567     7231 21.5 16.6 26.4     4448     3467     5429 22.3 17.4 27.2  52502  48739  56265                                        Carroll County                                GA est18all.txt 19NOV2019
13  47     7911     6211     9611 11.9  9.4 14.4     2514     1824     3204 16.5 12.0 21.0     1676     1159     2193 14.6 10.1 19.1  55807  50400  61214                                        Catoosa County                                GA est18all.txt 19NOV2019
13  49     2753     2121     3385 25.6 19.7 31.5      743      536      950 30.5 22.0 39.0      500      340      660 28.1 19.1 37.1  40499  36639  44359                                        Charlton County                               GA est18all.txt 19NOV2019
13  51    39488    34419    44557 14.4 12.6 16.2    12031     9221    14841 20.0 15.3 24.7     8289     6113    10465 19.8 14.6 25.0  54165  50464  57866                                        Chatham County                                GA est18all.txt 19NOV2019
13  53     1408     1086     1730 17.3 13.3 21.3      443      332      554 19.3 14.5 24.1      295      211      379 20.9 15.0 26.8  46869  41809  51929                                        Chattahoochee County                          GA est18all.txt 19NOV2019
13  55     4575     3707     5443 19.5 15.8 23.2     1343      986     1700 24.7 18.1 31.3      853      577     1129 21.5 14.6 28.4  39513  35513  43513                                        Chattooga County                              GA est18all.txt 19NOV2019
13  57    18576    15648    21504  7.4  6.2  8.6     5763     4498     7028  9.4  7.3 11.5     4110     3177     5043  8.9  6.9 10.9  82733  79293  86173                                        Cherokee County                               GA est18all.txt 19NOV2019
13  59    31645    28540    34750 27.0 24.4 29.6     6504     5352     7656 30.0 24.7 35.3     4237     3281     5193 28.2 21.8 34.6  42112  40172  44052                                        Clarke County                                 GA est18all.txt 19NOV2019
13  61      841      654     1028 29.8 23.2 36.4      260      186      334 44.8 32.1 57.5      185      128      242 42.7 29.4 56.0  30239  27017  33461                                        Clay County                                   GA est18all.txt 19NOV2019
13  63    50072    43027    57117 17.6 15.1 20.1    21552    17039    26065 27.3 21.6 33.0    16053    12755    19351 27.9 22.2 33.6  46059  43275  48843                                        Clayton County                                GA est18all.txt 19NOV2019
13  65     1695     1363     2027 25.8 20.7 30.9      584      433      735 34.8 25.8 43.8      419      305      533 33.9 24.7 43.1  37593  33388  41798                                        Clinch County                                 GA est18all.txt 19NOV2019
13  67    67585    59600    75570  9.1  8.0 10.2    23291    19140    27442 13.2 10.8 15.6    17275    14101    20449 13.3 10.8 15.8  78603  75736  81470                                        Cobb County                                   GA est18all.txt 19NOV2019
13  69     9505     7765    11245 23.9 19.5 28.3     3252     2462     4042 31.4 23.8 39.0     2514     1884     3144 34.0 25.5 42.5  39480  35931  43029                                        Coffee County                                 GA est18all.txt 19NOV2019
13  71    10700     8804    12596 23.9 19.7 28.1     3963     3097     4829 33.8 26.4 41.2     2922     2225     3619 33.9 25.8 42.0  38633  35306  41960                                        Colquitt County                               GA est18all.txt 19NOV2019
13  73    10858     8930    12786  7.1  5.8  8.4     3813     3047     4579  9.8  7.8 11.8     2946     2376     3516 10.2  8.2 12.2  82184  77628  86740                                        Columbia County                               GA est18all.txt 19NOV2019
13  75     4156     3408     4904 24.5 20.1 28.9     1548     1186     1910 36.6 28.0 45.2     1033      741     1325 32.9 23.6 42.2  38827  34769  42885                                        Cook County                                   GA est18all.txt 19NOV2019
13  77    14844    12350    17338 10.2  8.5 11.9     4977     3847     6107 14.1 10.9 17.3     3562     2755     4369 13.4 10.4 16.4  70974  66673  75275                                        Coweta County                                 GA est18all.txt 19NOV2019
13  79     2251     1777     2725 18.5 14.6 22.4      679      498      860 27.2 20.0 34.4      482      342      622 25.2 17.9 32.5  48004  43235  52773                                        Crawford County                               GA est18all.txt 19NOV2019
13  81     6063     4719     7407 27.4 21.3 33.5     2294     1718     2870 43.0 32.2 53.8     1598     1149     2047 40.8 29.3 52.3  36096  32289  39903                                        Crisp County                                  GA est18all.txt 19NOV2019
13  83     2067     1579     2555 13.6 10.4 16.8      562      405      719 18.3 13.2 23.4      398      275      521 17.5 12.1 22.9  48779  43591  53967                                        Dade County                                   GA est18all.txt 19NOV2019
13  85     2168     1655     2681  8.7  6.6 10.8      677      483      871 13.4  9.6 17.2      465      317      613 12.4  8.4 16.4  68835  61909  75761                                        Dawson County                                 GA est18all.txt 19NOV2019
13  87     5923     4633     7213 23.2 18.1 28.3     2273     1662     2884 35.7 26.1 45.3     1540     1053     2027 33.8 23.1 44.5  38441  34803  42079                                        Decatur County                                GA est18all.txt 19NOV2019
13  89   106598    95727   117469 14.3 12.8 15.8    40171    34733    45609 23.4 20.2 26.6    26688    22538    30838 22.3 18.8 25.8  63477  60292  66662                                        DeKalb County                                 GA est18all.txt 19NOV2019
13  91     4988     4124     5852 26.5 21.9 31.1     1310      990     1630 33.9 25.6 42.2      894      640     1148 31.2 22.3 40.1  35636  31983  39289                                        Dodge County                                  GA est18all.txt 19NOV2019
13  93     3420     2631     4209 29.1 22.4 35.8      886      670     1102 38.2 28.9 47.5      584      409      759 32.3 22.6 42.0  37278  33121  41435                                        Dooly County                                  GA est18all.txt 19NOV2019
13  95    25104    21761    28447 29.5 25.6 33.4     9103     7605    10601 43.7 36.5 50.9     5812     4440     7184 38.8 29.6 48.0  38806  36490  41122                                        Dougherty County                              GA est18all.txt 19NOV2019
13  97    18113    14992    21234 12.6 10.4 14.8     7700     6038     9362 20.9 16.4 25.4     5362     4049     6675 19.2 14.5 23.9  60512  55944  65080                                        Douglas County                                GA est18all.txt 19NOV2019
13  99     2669     2070     3268 26.5 20.6 32.4     1030      744     1316 40.4 29.2 51.6      724      502      946 38.0 26.3 49.7  34984  31299  38669                                        Early County                                  GA est18all.txt 19NOV2019
13 101      970      744     1196 24.4 18.7 30.1      379      273      485 36.3 26.1 46.5      266      183      349 33.6 23.1 44.1  38667  34491  42843                                        Echols County                                 GA est18all.txt 19NOV2019
13 103     5080     3886     6274  8.3  6.4 10.2     1991     1404     2578 12.3  8.7 15.9     1403      948     1858 11.7  7.9 15.5  65793  60362  71224                                        Effingham County                              GA est18all.txt 19NOV2019
13 105     3476     2635     4317 18.5 14.0 23.0     1223      876     1570 30.1 21.5 38.7      881      607     1155 30.0 20.7 39.3  39681  35696  43666                                        Elbert County                                 GA est18all.txt 19NOV2019
13 107     5346     4195     6497 25.1 19.7 30.5     1890     1355     2425 34.4 24.7 44.1     1345      925     1765 33.5 23.0 44.0  37574  34952  40196                                        Emanuel County                                GA est18all.txt 19NOV2019
13 109     2742     2213     3271 26.6 21.5 31.7     1088      803     1373 38.7 28.6 48.8      743      520      966 35.6 24.9 46.3  37319  33374  41264                                        Evans County                                  GA est18all.txt 19NOV2019
13 111     4318     3522     5114 16.8 13.7 19.9     1151      855     1447 27.2 20.2 34.2      788      562     1014 24.9 17.8 32.0  43439  39881  46997                                        Fannin County                                 GA est18all.txt 19NOV2019
13 113     5689     4319     7059  5.0  3.8  6.2     1971     1399     2543  7.6  5.4  9.8     1358      911     1805  6.5  4.3  8.7  95021  87859 102183                                        Fayette County                                GA est18all.txt 19NOV2019
13 115    19427    16895    21959 20.7 18.0 23.4     7160     6061     8259 32.3 27.3 37.3     4826     3916     5736 29.6 24.0 35.2  44906  40358  49454                                        Floyd County                                  GA est18all.txt 19NOV2019
13 117    11808     9740    13876  5.0  4.1  5.9     3454     2659     4249  5.4  4.2  6.6     2394     1813     2975  4.8  3.6  6.0 105921 101963 109879                                        Forsyth County                                GA est18all.txt 19NOV2019
13 119     3634     2842     4426 16.4 12.8 20.0     1250      918     1582 25.5 18.7 32.3      886      622     1150 25.0 17.6 32.4  42904  39221  46587                                        Franklin County                               GA est18all.txt 19NOV2019
13 121   137929   123674   152184 13.5 12.1 14.9    43669    36606    50732 19.3 16.2 22.4    30619    25249    35989 18.6 15.3 21.9  70808  69679  71937                                        Fulton County                                 GA est18all.txt 19NOV2019
13 123     5309     4319     6299 17.4 14.2 20.6     1742     1324     2160 30.2 23.0 37.4     1235      917     1553 29.7 22.1 37.3  47757  42719  52795                                        Gilmer County                                 GA est18all.txt 19NOV2019
13 125      509      398      620 17.5 13.7 21.3      136      101      171 21.2 15.7 26.7       96       69      123 19.1 13.7 24.5  42820  39439  46201                                        Glascock County                               GA est18all.txt 19NOV2019
13 127    13913    11684    16142 16.6 13.9 19.3     4823     3869     5777 26.6 21.3 31.9     3339     2599     4079 24.9 19.4 30.4  53906  49794  58018                                        Glynn County                                  GA est18all.txt 19NOV2019
13 129     9526     8164    10888 16.8 14.4 19.2     3659     3115     4203 26.8 22.8 30.8     2556     2114     2998 25.0 20.7 29.3  49101  44141  54061                                        Gordon County                                 GA est18all.txt 19NOV2019
13 131     4889     3778     6000 20.0 15.5 24.5     1879     1361     2397 31.1 22.5 39.7     1346      938     1754 30.3 21.1 39.5  41002  36646  45358                                        Grady County                                  GA est18all.txt 19NOV2019
13 133     3365     2737     3993 19.3 15.7 22.9     1151      897     1405 35.4 27.6 43.2      794      599      989 33.4 25.2 41.6  54016  48637  59395                                        Greene County                                 GA est18all.txt 19NOV2019
13 135    84763    74914    94612  9.2  8.1 10.3    31490    25364    37616 12.8 10.3 15.3    21985    17342    26628 11.9  9.4 14.4  72008  69082  74934                                        Gwinnett County                               GA est18all.txt 19NOV2019
13 137     6363     5177     7549 14.9 12.1 17.7     2068     1560     2576 20.7 15.6 25.8     1384      986     1782 18.8 13.4 24.2  51829  48094  55564                                        Habersham County                              GA est18all.txt 19NOV2019
13 139    26249    22612    29886 13.2 11.4 15.0    10116     8379    11853 20.2 16.7 23.7     7332     6035     8629 19.9 16.4 23.4  61631  58695  64567                                        Hall County                                   GA est18all.txt 19NOV2019
13 141     2187     1658     2716 30.7 23.3 38.1      570      408      732 44.7 32.0 57.4      415      284      546 43.2 29.6 56.8  31716  28457  34975                                        Hancock County                                GA est18all.txt 19NOV2019
13 143     4626     3620     5632 15.9 12.4 19.4     1596     1156     2036 23.0 16.7 29.3     1026      699     1353 19.8 13.5 26.1  47662  43008  52316                                        Haralson County                               GA est18all.txt 19NOV2019
13 145     2958     2296     3620  8.7  6.8 10.6      920      693     1147 12.8  9.6 16.0      678      504      852 12.1  9.0 15.2  74686  67823  81549                                        Harris County                                 GA est18all.txt 19NOV2019
13 147     3796     2841     4751 15.0 11.2 18.8     1271      897     1645 23.6 16.7 30.5      919      623     1215 23.0 15.6 30.4  47171  42642  51700                                        Hart County                                   GA est18all.txt 19NOV2019
13 149     2004     1550     2458 17.1 13.2 21.0      681      496      866 25.7 18.7 32.7      465      329      601 23.4 16.5 30.3  46218  41541  50895                                        Heard County                                  GA est18all.txt 19NOV2019
13 151    17086    13525    20647  7.5  5.9  9.1     7177     5131     9223 12.3  8.8 15.8     5254     3638     6870 11.7  8.1 15.3  72970  68922  77018                                        Henry County                                  GA est18all.txt 19NOV2019
13 153    18519    15233    21805 12.1 10.0 14.2     6843     5090     8596 17.5 13.0 22.0     4949     3617     6281 17.1 12.5 21.7  60728  55085  66371                                        Houston County                                GA est18all.txt 19NOV2019
13 155     2040     1603     2477 24.3 19.1 29.5      653      477      829 33.3 24.3 42.3      480      340      620 32.1 22.7 41.5  38156  34110  42202                                        Irwin County                                  GA est18all.txt 19NOV2019
13 157     6059     4537     7581  8.7  6.5 10.9     2323     1652     2994 13.2  9.4 17.0     1638     1109     2167 12.6  8.5 16.7  68984  64483  73485                                        Jackson County                                GA est18all.txt 19NOV2019
13 159     2138     1678     2598 15.4 12.1 18.7      785      577      993 23.8 17.5 30.1      561      400      722 22.8 16.2 29.4  51241  45975  56507                                        Jasper County                                 GA est18all.txt 19NOV2019
13 161     3063     2360     3766 20.6 15.9 25.3     1209      875     1543 30.9 22.4 39.4      831      573     1089 29.0 20.0 38.0  37211  33406  41016                                        Jeff Davis County                             GA est18all.txt 19NOV2019
13 163     3328     2581     4075 22.3 17.3 27.3     1264      935     1593 35.2 26.0 44.4      920      663     1177 35.3 25.4 45.2  38274  34665  41883                                        Jefferson County                              GA est18all.txt 19NOV2019
13 165     2374     1840     2908 31.8 24.7 38.9      732      545      919 42.6 31.7 53.5      469      325      613 37.0 25.6 48.4  31419  28183  34655                                        Jenkins County                                GA est18all.txt 19NOV2019
13 167     2415     1920     2910 30.0 23.8 36.2      594      435      753 32.9 24.1 41.7      409      282      536 31.3 21.6 41.0  34849  31038  38660                                        Johnson County                                GA est18all.txt 19NOV2019
13 169     4098     3371     4825 14.5 11.9 17.1     1344     1025     1663 20.6 15.7 25.5      914      663     1165 18.0 13.1 22.9  55737  49679  61795                                        Jones County                                  GA est18all.txt 19NOV2019
13 171     3064     2425     3703 17.3 13.7 20.9      931      671     1191 24.3 17.5 31.1      650      449      851 23.7 16.4 31.0  48323  43202  53444                                        Lamar County                                  GA est18all.txt 19NOV2019
13 173     2043     1590     2496 20.3 15.8 24.8      744      533      955 30.7 22.0 39.4      503      342      664 28.9 19.7 38.1  41564  37529  45599                                        Lanier County                                 GA est18all.txt 19NOV2019
13 175    11375     9867    12883 24.6 21.3 27.9     3999     3260     4738 34.7 28.3 41.1     2770     2180     3360 33.0 26.0 40.0  42114  38254  45974                                        Laurens County                                GA est18all.txt 19NOV2019
13 177     3579     2985     4173 12.4 10.3 14.5     1382     1099     1665 18.0 14.3 21.7      866      638     1094 14.8 10.9 18.7  66090  60167  72013                                        Lee County                                    GA est18all.txt 19NOV2019
13 179     9562     7890    11234 16.1 13.3 18.9     3847     2903     4791 22.7 17.1 28.3     2434     1676     3192 22.9 15.8 30.0  47685  43920  51450                                        Liberty County                                GA est18all.txt 19NOV2019
13 181     1346     1053     1639 17.2 13.5 20.9      377      275      479 25.4 18.6 32.2      267      185      349 25.4 17.6 33.2  46967  42550  51384                                        Lincoln County                                GA est18all.txt 19NOV2019
13 183     3134     2422     3846 16.8 13.0 20.6     1200      855     1545 23.7 16.9 30.5      808      544     1072 22.2 14.9 29.5  46428  43328  49528                                        Long County                                   GA est18all.txt 19NOV2019
13 185    28539    25555    31523 25.9 23.2 28.6     9109     7734    10484 33.4 28.4 38.4     6435     5354     7516 33.0 27.5 38.5  41820  37529  46111                                        Lowndes County                                GA est18all.txt 19NOV2019
13 187     4494     3624     5364 14.9 12.0 17.8     1056      772     1340 18.6 13.6 23.6      733      513      953 17.6 12.3 22.9  55583  49607  61559                                        Lumpkin County                                GA est18all.txt 19NOV2019
13 189     4223     3319     5127 19.9 15.6 24.2     1670     1239     2101 31.3 23.2 39.4     1203      854     1552 30.6 21.7 39.5  42768  38216  47320                                        McDuffie County                               GA est18all.txt 19NOV2019
13 191     3055     2381     3729 21.5 16.8 26.2      815      597     1033 35.7 26.1 45.3      589      419      759 34.9 24.9 44.9  42513  38265  46761                                        McIntosh County                               GA est18all.txt 19NOV2019
13 193     3417     2719     4115 30.5 24.3 36.7      953      708     1198 39.2 29.1 49.3      683      495      871 38.6 28.0 49.2  32868  29417  36319                                        Macon County                                  GA est18all.txt 19NOV2019
13 195     4722     3836     5608 16.1 13.1 19.1     1652     1242     2062 24.6 18.5 30.7     1156      840     1472 23.4 17.0 29.8  51338  46500  56176                                        Madison County                                GA est18all.txt 19NOV2019
13 197     1884     1434     2334 22.8 17.3 28.3      643      461      825 36.7 26.3 47.1      457      316      598 34.3 23.7 44.9  39114  34815  43413                                        Marion County                                 GA est18all.txt 19NOV2019
13 199     5071     4302     5840 24.4 20.7 28.1     1567     1259     1875 35.6 28.6 42.6     1215      984     1446 38.4 31.1 45.7  38886  35065  42707                                        Meriwether County                             GA est18all.txt 19NOV2019
13 201     1246      970     1522 22.4 17.4 27.4      400      288      512 31.2 22.5 39.9      286      201      371 29.5 20.7 38.3  42483  38689  46277                                        Miller County                                 GA est18all.txt 19NOV2019
13 205     5849     4649     7049 29.3 23.3 35.3     1958     1459     2457 39.6 29.5 49.7     1353      955     1751 37.1 26.2 48.0  36788  32867  40709                                        Mitchell County                               GA est18all.txt 19NOV2019
13 207     3411     2706     4116 13.0 10.3 15.7     1019      754     1284 18.5 13.7 23.3      697      488      906 17.0 11.9 22.1  59362  53906  64818                                        Monroe County                                 GA est18all.txt 19NOV2019
13 209     1847     1438     2256 22.1 17.2 27.0      529      386      672 28.9 21.1 36.7      367      257      477 27.2 19.0 35.4  41834  37313  46355                                        Montgomery County                             GA est18all.txt 19NOV2019
13 211     2374     1845     2903 12.7  9.9 15.5      867      634     1100 20.4 14.9 25.9      603      418      788 19.4 13.5 25.3  57978  52744  63212                                        Morgan County                                 GA est18all.txt 19NOV2019
13 213     5987     4681     7293 15.2 11.9 18.5     2145     1564     2726 22.1 16.1 28.1     1502     1068     1936 21.0 14.9 27.1  46810  42848  50772                                        Murray County                                 GA est18all.txt 19NOV2019
13 215    37759    33407    42111 20.1 17.8 22.4    13442    10901    15983 28.4 23.0 33.8     9022     7060    10984 26.9 21.0 32.8  46628  43618  49638                                        Muscogee County                               GA est18all.txt 19NOV2019
13 217    15946    13270    18622 14.8 12.3 17.3     6240     4685     7795 22.4 16.8 28.0     4470     3274     5666 21.3 15.6 27.0  56598  52162  61034                                        Newton County                                 GA est18all.txt 19NOV2019
13 219     2215     1663     2767  5.7  4.3  7.1      722      512      932  6.9  4.9  8.9      493      333      653  6.0  4.1  7.9  99497  93144 105850                                        Oconee County                                 GA est18all.txt 19NOV2019
13 221     2049     1568     2530 13.8 10.6 17.0      663      479      847 21.4 15.5 27.3      471      327      615 20.3 14.1 26.5  51105  45767  56443                                        Oglethorpe County                             GA est18all.txt 19NOV2019
13 223    12654    10068    15240  7.8  6.2  9.4     4934     3690     6178 11.7  8.8 14.6     3394     2434     4354 10.6  7.6 13.6  73309  69939  76679                                        Paulding County                               GA est18all.txt 19NOV2019
13 225     6240     5216     7264 24.0 20.1 27.9     1866     1451     2281 33.2 25.8 40.6     1265      934     1596 31.0 22.9 39.1  46525  41557  51493                                        Peach County                                  GA est18all.txt 19NOV2019
13 227     3462     2722     4202 11.0  8.7 13.3     1260      926     1594 19.8 14.6 25.0      864      607     1121 18.1 12.7 23.5  65062  59622  70502                                        Pickens County                                GA est18all.txt 19NOV2019
13 229     3490     2764     4216 18.1 14.3 21.9     1300      970     1630 27.4 20.4 34.4      854      597     1111 24.4 17.1 31.7  44389  39918  48860                                        Pierce County                                 GA est18all.txt 19NOV2019
13 231     1947     1524     2370 10.6  8.3 12.9      623      462      784 14.6 10.8 18.4      442      316      568 13.4  9.6 17.2  66901  61011  72791                                        Pike County                                   GA est18all.txt 19NOV2019
13 233     9079     7854    10304 21.8 18.9 24.7     3286     2766     3806 31.2 26.3 36.1     2075     1622     2528 27.0 21.1 32.9  43679  39132  48226                                        Polk County                                   GA est18all.txt 19NOV2019
13 235     2361     1869     2853 23.9 18.9 28.9      734      575      893 36.6 28.7 44.5      528      406      650 33.7 25.9 41.5  40582  36892  44272                                        Pulaski County                                GA est18all.txt 19NOV2019
13 237     3488     2697     4279 16.1 12.4 19.8     1265      923     1607 29.5 21.5 37.5      886      623     1149 27.9 19.6 36.2  51205  47002  55408                                        Putnam County                                 GA est18all.txt 19NOV2019
13 239      580      443      717 25.5 19.5 31.5      161      117      205 40.5 29.4 51.6      113       78      148 39.8 27.5 52.1  33908  30235  37581                                        Quitman County                                GA est18all.txt 19NOV2019
13 241     2346     1818     2874 14.2 11.0 17.4      696      499      893 25.1 18.0 32.2      478      329      627 24.4 16.8 32.0  44213  39502  48924                                        Rabun County                                  GA est18all.txt 19NOV2019
13 243     2008     1571     2445 30.8 24.1 37.5      607      455      759 44.3 33.2 55.4      452      333      571 45.7 33.6 57.8  28298  26398  30198                                        Randolph County                               GA est18all.txt 19NOV2019
13 245    41554    35663    47445 21.9 18.8 25.0    15297    12181    18413 34.1 27.2 41.0     9927     7326    12528 31.5 23.2 39.8  40168  37735  42601                                        Richmond County                               GA est18all.txt 19NOV2019
13 247    11803     9403    14203 13.2 10.5 15.9     5040     3761     6319 22.9 17.1 28.7     3541     2570     4512 21.2 15.4 27.0  59673  55546  63800                                        Rockdale County                               GA est18all.txt 19NOV2019
13 249      945      742     1148 18.1 14.2 22.0      318      227      409 24.6 17.5 31.7      223      152      294 21.6 14.7 28.5  45378  40785  49971                                        Schley County                                 GA est18all.txt 19NOV2019
13 251     3493     2838     4148 25.9 21.0 30.8     1141      894     1388 41.2 32.3 50.1      897      700     1094 45.9 35.8 56.0  39048  34868  43228                                        Screven County                                GA est18all.txt 19NOV2019
13 253     2083     1621     2545 25.4 19.8 31.0      678      489      867 40.1 28.9 51.3      482      335      629 38.6 26.8 50.4  36869  32810  40928                                        Seminole County                               GA est18all.txt 19NOV2019
13 255    11184     8795    13573 17.3 13.6 21.0     4435     3183     5687 29.1 20.9 37.3     3102     2119     4085 27.9 19.1 36.7  43510  40754  46266                                        Spalding County                               GA est18all.txt 19NOV2019
13 257     4092     3060     5124 16.3 12.2 20.4     1449     1015     1883 25.6 17.9 33.3      986      659     1313 24.1 16.1 32.1  45850  43064  48636                                        Stephens County                               GA est18all.txt 19NOV2019
13 259     1757     1316     2198 37.9 28.4 47.4      294      211      377 39.8 28.6 51.0      210      145      275 39.0 26.9 51.1  33053  29664  36442                                        Stewart County                                GA est18all.txt 19NOV2019
13 261     7208     5695     8721 25.7 20.3 31.1     2612     1937     3287 39.5 29.3 49.7     1901     1380     2422 39.2 28.5 49.9  37562  33888  41236                                        Sumter County                                 GA est18all.txt 19NOV2019
13 263     1550     1228     1872 24.8 19.7 29.9      395      290      500 39.5 29.0 50.0      291      207      375 39.0 27.8 50.2  37265  33186  41344                                        Talbot County                                 GA est18all.txt 19NOV2019
13 265      395      298      492 24.6 18.6 30.6      112       80      144 41.8 30.0 53.6       82       56      108 40.6 27.9 53.3  34090  30374  37806                                        Taliaferro County                             GA est18all.txt 19NOV2019
13 267     5298     3979     6617 25.6 19.2 32.0     1656     1177     2135 32.7 23.2 42.2     1192      812     1572 31.4 21.4 41.4  41440  37399  45481                                        Tattnall County                               GA est18all.txt 19NOV2019
13 269     1813     1399     2227 22.9 17.7 28.1      560      402      718 35.5 25.5 45.5      396      271      521 33.6 23.0 44.2  36310  33024  39596                                        Taylor County                                 GA est18all.txt 19NOV2019
13 271     4042     3021     5063 31.9 23.8 40.0      922      668     1176 36.7 26.6 46.8      646      452      840 34.1 23.9 44.3  34297  30507  38087                                        Telfair County                                GA est18all.txt 19NOV2019
13 273     2311     1774     2848 27.8 21.3 34.3      875      632     1118 44.5 32.1 56.9      633      443      823 43.3 30.3 56.3  35290  32080  38500                                        Terrell County                                GA est18all.txt 19NOV2019
13 275     8846     7335    10357 20.2 16.8 23.6     3179     2517     3841 30.7 24.3 37.1     2127     1563     2691 28.1 20.6 35.6  41642  37493  45791                                        Thomas County                                 GA est18all.txt 19NOV2019
13 277     7636     5977     9295 19.6 15.3 23.9     3014     2191     3837 30.4 22.1 38.7     2144     1495     2793 30.0 20.9 39.1  45680  41914  49446                                        Tift County                                   GA est18all.txt 19NOV2019
13 279     6615     5452     7778 24.9 20.5 29.3     2846     2251     3441 40.6 32.1 49.1     2029     1558     2500 39.8 30.5 49.1  37148  33818  40478                                        Toombs County                                 GA est18all.txt 19NOV2019
13 281     1704     1378     2030 16.0 12.9 19.1      355      265      445 24.0 17.9 30.1      249      177      321 23.4 16.6 30.2  45853  41041  50665                                        Towns County                                  GA est18all.txt 19NOV2019
13 283     1684     1306     2062 26.3 20.4 32.2      526      383      669 34.5 25.1 43.9      362      254      470 32.0 22.5 41.5  35069  31192  38946                                        Treutlen County                               GA est18all.txt 19NOV2019
13 285    13643    11632    15654 20.2 17.2 23.2     4593     3617     5569 27.7 21.8 33.6     3267     2487     4047 26.9 20.5 33.3  45234  41446  49022                                        Troup County                                  GA est18all.txt 19NOV2019
13 287     2109     1650     2568 27.9 21.8 34.0      795      572     1018 42.2 30.4 54.0      566      389      743 42.6 29.3 55.9  33261  29633  36889                                        Turner County                                 GA est18all.txt 19NOV2019
13 289     1719     1316     2122 21.3 16.3 26.3      515      370      660 33.0 23.7 42.3      368      252      484 32.3 22.2 42.4  42054  37583  46525                                        Twiggs County                                 GA est18all.txt 19NOV2019
13 291     3268     2571     3965 13.8 10.9 16.7      914      677     1151 24.4 18.1 30.7      619      429      809 21.7 15.1 28.3  45943  41636  50250                                        Union County                                  GA est18all.txt 19NOV2019
13 293     5566     4557     6575 21.6 17.7 25.5     1862     1394     2330 32.7 24.5 40.9     1385     1023     1747 33.9 25.0 42.8  40965  36539  45391                                        Upson County                                  GA est18all.txt 19NOV2019
13 295    10542     8474    12610 15.5 12.5 18.5     3287     2463     4111 22.2 16.6 27.8     2209     1578     2840 20.2 14.4 26.0  43767  40099  47435                                        Walker County                                 GA est18all.txt 19NOV2019
13 297    10993     9062    12924 11.9  9.8 14.0     4078     3166     4990 17.9 13.9 21.9     2911     2243     3579 17.0 13.1 20.9  65416  59719  71113                                        Walton County                                 GA est18all.txt 19NOV2019
13 299     7827     6209     9445 23.6 18.7 28.5     2987     2244     3730 35.6 26.7 44.5     1981     1380     2582 33.1 23.1 43.1  38357  34450  42264                                        Ware County                                   GA est18all.txt 19NOV2019
13 301     1330     1024     1636 25.7 19.8 31.6      442      326      558 41.7 30.7 52.7      326      234      418 41.1 29.5 52.7  38352  35145  41559                                        Warren County                                 GA est18all.txt 19NOV2019
13 303     4787     3883     5691 25.9 21.0 30.8     1709     1367     2051 39.6 31.7 47.5     1310     1057     1563 41.3 33.3 49.3  39444  35979  42909                                        Washington County                             GA est18all.txt 19NOV2019
13 305     5147     3939     6355 18.6 14.2 23.0     2052     1487     2617 28.7 20.8 36.6     1452     1016     1888 27.7 19.4 36.0  44607  41280  47934                                        Wayne County                                  GA est18all.txt 19NOV2019
13 307      592      472      712 22.7 18.1 27.3      172      131      213 34.4 26.2 42.6      129       98      160 33.9 25.7 42.1  38187  33897  42477                                        Webster County                                GA est18all.txt 19NOV2019
13 309     2116     1629     2603 39.6 30.5 48.7      486      349      623 36.7 26.4 47.0      339      231      447 34.9 23.8 46.0  32691  29013  36369                                        Wheeler County                                GA est18all.txt 19NOV2019
13 311     4118     3262     4974 14.1 11.2 17.0     1344     1024     1664 23.1 17.6 28.6      945      700     1190 21.3 15.8 26.8  51579  46808  56350                                        White County                                  GA est18all.txt 19NOV2019
13 313    14567    12030    17104 14.2 11.7 16.7     5155     3973     6337 19.5 15.0 24.0     3421     2523     4319 17.4 12.8 22.0  47074  43805  50343                                        Whitfield County                              GA est18all.txt 19NOV2019
13 315     2101     1619     2583 30.8 23.7 37.9      578      412      744 35.3 25.2 45.4      386      258      514 33.3 22.2 44.4  35961  32086  39836                                        Wilcox County                                 GA est18all.txt 19NOV2019
13 317     1965     1497     2433 20.3 15.5 25.1      664      477      851 32.3 23.2 41.4      468      316      620 30.4 20.6 40.2  39361  35179  43543                                        Wilkes County                                 GA est18all.txt 19NOV2019
13 319     2062     1712     2412 23.3 19.3 27.3      795      649      941 39.3 32.1 46.5      587      471      703 38.7 31.1 46.3  41036  36536  45536                                        Wilkinson County                              GA est18all.txt 19NOV2019
13 321     4128     3341     4915 20.5 16.6 24.4     1505     1136     1874 33.6 25.4 41.8     1127      831     1423 34.1 25.2 43.0  48708  45569  51847                                        Worth County                                  GA est18all.txt 19NOV2019
15   0   124400   118134   130666  9.0  8.5  9.5    35184    32034    38334 11.8 10.7 12.9    22819    20314    25324 10.8  9.6 12.0  80527  78756  82298   10956    9092   12820 13.0 10.8 15.2 Hawaii                                        HI est18all.txt 19NOV2019
15   1    30903    26610    35196 15.6 13.4 17.8     9591     7478    11704 22.5 17.5 27.5     6188     4641     7735 20.0 15.0 25.0  56383  51986  60780                                        Hawaii County                                 HI est18all.txt 19NOV2019
15   3    73345    66541    80149  7.7  7.0  8.4    20035    16924    23146  9.8  8.3 11.3    13104    10936    15272  9.1  7.6 10.6  83695  81839  85551                                        Honolulu County                               HI est18all.txt 19NOV2019
15   5        .        .        .   .    .    .         .        .        .   .    .    .         .        .        .   .    .    .       .      .      .                                        Kalawao County                                HI est18all.txt 19NOV2019
15   7     6021     4510     7532  8.5  6.4 10.6     1836     1240     2432 11.9  8.0 15.8     1157      711     1603 10.4  6.4 14.4  73981  69649  78313                                        Kauai County                                  HI est18all.txt 19NOV2019
15   9    14130    10996    17264  8.6  6.7 10.5     3721     2453     4989 10.5  6.9 14.1     2370     1475     3265  9.1  5.7 12.5  78503  74643  82363                                        Maui County                                   HI est18all.txt 19NOV2019
16   0   201804   194060   209548 11.7 11.3 12.1    62392    58102    66682 14.2 13.2 15.2    41467    37605    45329 12.8 11.6 14.0  55524  54649  56399   18876   17104   20648 16.6 15.0 18.2 Idaho                                         ID est18all.txt 19NOV2019
16   1    44434    40031    48837  9.7  8.7 10.7    11261     9157    13365 10.2  8.3 12.1     7420     5811     9029  8.9  7.0 10.8  66827  64180  69474                                        Ada County                                    ID est18all.txt 19NOV2019
16   3      554      422      686 13.2 10.1 16.3      177      126      228 24.1 17.1 31.1      124       83      165 22.3 15.0 29.6  45311  40777  49845                                        Adams County                                  ID est18all.txt 19NOV2019
16   5    11768     9890    13646 13.8 11.6 16.0     3506     2635     4377 15.5 11.6 19.4     2359     1712     3006 14.4 10.4 18.4  51300  47844  54756                                        Bannock County                                ID est18all.txt 19NOV2019
16   7      642      491      793 10.7  8.2 13.2      232      166      298 14.4 10.3 18.5      164      112      216 13.6  9.3 17.9  53780  48194  59366                                        Bear Lake County                              ID est18all.txt 19NOV2019
16   9     1342     1057     1627 14.7 11.6 17.8      468      337      599 22.8 16.4 29.2      318      217      419 20.6 14.0 27.2  48451  44884  52018                                        Benewah County                                ID est18all.txt 19NOV2019
16  11     5510     4271     6749 12.0  9.3 14.7     2243     1633     2853 15.9 11.6 20.2     1519     1051     1987 14.3  9.9 18.7  50941  45985  55897                                        Bingham County                                ID est18all.txt 19NOV2019
16  13     1575     1198     1952  7.0  5.3  8.7      401      284      518  8.1  5.7 10.5      272      184      360  7.0  4.7  9.3  76113  67998  84228                                        Blaine County                                 ID est18all.txt 19NOV2019
16  15      974      758     1190 12.8 10.0 15.6      241      178      304 19.4 14.3 24.5      160      111      209 16.6 11.5 21.7  56837  50585  63089                                        Boise County                                  ID est18all.txt 19NOV2019
16  17     6240     5040     7440 14.1 11.4 16.8     1529     1076     1982 17.7 12.5 22.9     1036      675     1397 16.2 10.6 21.8  51373  47560  55186                                        Bonner County                                 ID est18all.txt 19NOV2019
16  19    12262     9993    14531 10.6  8.6 12.6     4687     3495     5879 13.2  9.8 16.6     3065     2151     3979 11.9  8.4 15.4  60444  56049  64839                                        Bonneville County                             ID est18all.txt 19NOV2019
16  21     1603     1232     1974 13.5 10.4 16.6      608      426      790 22.3 15.6 29.0      441      290      592 21.9 14.4 29.4  47118  42980  51256                                        Boundary County                               ID est18all.txt 19NOV2019
16  23      392      299      485 15.1 11.5 18.7      114       81      147 18.2 12.9 23.5       77       52      102 15.9 10.7 21.1  50050  46740  53360                                        Butte County                                  ID est18all.txt 19NOV2019
16  25      109       83      135  9.7  7.4 12.0       40       29       51 15.2 10.8 19.6       26       18       34 12.4  8.4 16.4  53866  48091  59641                                        Camas County                                  ID est18all.txt 19NOV2019
16  27    25416    21771    29061 11.5  9.8 13.2     9517     7641    11393 15.2 12.2 18.2     6238     4834     7642 13.6 10.5 16.7  53381  50595  56167                                        Canyon County                                 ID est18all.txt 19NOV2019
16  29      624      468      780  8.9  6.7 11.1      230      163      297 11.5  8.2 14.8      155      104      206 10.2  6.9 13.5  61219  54762  67676                                        Caribou County                                ID est18all.txt 19NOV2019
16  31     3046     2400     3692 13.0 10.3 15.7     1277      956     1598 17.1 12.8 21.4      856      612     1100 15.3 10.9 19.7  51804  49031  54577                                        Cassia County                                 ID est18all.txt 19NOV2019
16  33      132      100      164 15.5 11.7 19.3       41       29       53 20.8 14.7 26.9       28       19       37 18.9 12.6 25.2  48471  43239  53703                                        Clark County                                  ID est18all.txt 19NOV2019
16  35     1242      970     1514 15.5 12.1 18.9      314      224      404 23.2 16.6 29.8      220      150      290 21.4 14.6 28.2  46417  41444  51390                                        Clearwater County                             ID est18all.txt 19NOV2019
16  37      625      485      765 14.7 11.4 18.0      170      125      215 23.2 17.1 29.3      125       90      160 23.4 16.8 30.0  47682  42438  52926                                        Custer County                                 ID est18all.txt 19NOV2019
16  39     3435     2775     4095 12.9 10.4 15.4     1373     1051     1695 20.1 15.4 24.8      944      703     1185 20.7 15.4 26.0  49344  45890  52798                                        Elmore County                                 ID est18all.txt 19NOV2019
16  41     1194      929     1459  8.8  6.9 10.7      521      383      659 12.0  8.8 15.2      361      257      465 10.8  7.7 13.9  58170  52391  63949                                        Franklin County                               ID est18all.txt 19NOV2019
16  43     1940     1583     2297 15.3 12.5 18.1      722      554      890 22.2 17.0 27.4      503      368      638 21.0 15.4 26.6  51155  46824  55486                                        Fremont County                                ID est18all.txt 19NOV2019
16  45     2338     1820     2856 13.4 10.4 16.4      797      576     1018 20.1 14.5 25.7      543      372      714 18.7 12.8 24.6  49857  44661  55053                                        Gem County                                    ID est18all.txt 19NOV2019
16  47     2071     1626     2516 13.7 10.8 16.6      808      604     1012 19.6 14.7 24.5      547      390      704 18.0 12.8 23.2  51302  46530  56074                                        Gooding County                                ID est18all.txt 19NOV2019
16  49     2587     2092     3082 16.2 13.1 19.3      696      495      897 21.7 15.4 28.0      465      308      622 19.1 12.7 25.5  40569  36391  44747                                        Idaho County                                  ID est18all.txt 19NOV2019
16  51     2657     2105     3209  9.1  7.2 11.0     1103      832     1374 11.0  8.3 13.7      697      480      914  9.3  6.4 12.2  61927  56348  67506                                        Jefferson County                              ID est18all.txt 19NOV2019
16  53     2974     2315     3633 12.5  9.7 15.3     1268      932     1604 17.5 12.9 22.1      854      596     1112 16.2 11.3 21.1  54020  49136  58904                                        Jerome County                                 ID est18all.txt 19NOV2019
16  55    16417    13711    19123 10.3  8.6 12.0     4548     3378     5718 12.6  9.4 15.8     2928     2035     3821 11.0  7.6 14.4  56188  52775  59601                                        Kootenai County                               ID est18all.txt 19NOV2019
16  57     4737     3839     5635 12.7 10.3 15.1      769      536     1002 10.2  7.1 13.3      492      324      660  9.2  6.1 12.3  49538  46082  52994                                        Latah County                                  ID est18all.txt 19NOV2019
16  59     1154      874     1434 14.7 11.1 18.3      337      238      436 22.9 16.2 29.6      231      154      308 21.4 14.3 28.5  44248  39485  49011                                        Lemhi County                                  ID est18all.txt 19NOV2019
16  61      542      422      662 14.2 11.1 17.3      200      142      258 23.3 16.5 30.1      136       91      181 20.5 13.7 27.3  44911  40598  49224                                        Lewis County                                  ID est18all.txt 19NOV2019
16  63      731      581      881 13.8 11.0 16.6      308      229      387 20.2 15.1 25.3      217      157      277 18.7 13.5 23.9  50464  45635  55293                                        Lincoln County                                ID est18all.txt 19NOV2019
16  65     9232     8020    10444 23.9 20.8 27.0     1726     1308     2144 16.4 12.4 20.4     1085      760     1410 16.1 11.3 20.9  41827  37900  45754                                        Madison County                                ID est18all.txt 19NOV2019
16  67     2577     2009     3145 12.4  9.7 15.1      931      675     1187 15.9 11.5 20.3      650      454      846 15.5 10.8 20.2  53447  49672  57222                                        Minidoka County                               ID est18all.txt 19NOV2019
16  69     5223     4327     6119 13.3 11.0 15.6     1252      936     1568 15.1 11.3 18.9      802      570     1034 13.5  9.6 17.4  54476  49326  59626                                        Nez Perce County                              ID est18all.txt 19NOV2019
16  71      502      389      615 11.3  8.7 13.9      187      136      238 14.9 10.9 18.9      130       89      171 13.1  9.0 17.2  52602  47039  58165                                        Oneida County                                 ID est18all.txt 19NOV2019
16  73     1692     1286     2098 14.7 11.2 18.2      657      468      846 22.2 15.8 28.6      436      289      583 19.8 13.1 26.5  48192  44113  52271                                        Owyhee County                                 ID est18all.txt 19NOV2019
16  75     2988     2355     3621 12.8 10.1 15.5      981      701     1261 16.1 11.5 20.7      696      478      914 15.3 10.5 20.1  51835  46464  57206                                        Payette County                                ID est18all.txt 19NOV2019
16  77     1056      802     1310 13.7 10.4 17.0      466      331      601 19.4 13.8 25.0      325      218      432 18.6 12.5 24.7  51921  47184  56658                                        Power County                                  ID est18all.txt 19NOV2019
16  79     2371     1899     2843 18.8 15.1 22.5      638      454      822 24.6 17.5 31.7      434      297      571 23.8 16.3 31.3  36085  32803  39367                                        Shoshone County                               ID est18all.txt 19NOV2019
16  81      888      659     1117  7.6  5.6  9.6      309      216      402 10.9  7.6 14.2      219      146      292 10.4  7.0 13.8  68749  61941  75557                                        Teton County                                  ID est18all.txt 19NOV2019
16  83    11547     9544    13550 13.6 11.2 16.0     3954     3006     4902 16.9 12.8 21.0     2635     1920     3350 15.4 11.2 19.6  51594  48603  54585                                        Twin Falls County                             ID est18all.txt 19NOV2019
16  85      921      695     1147  8.4  6.3 10.5      277      197      357 13.9  9.9 17.9      193      130      256 13.1  8.8 17.4  60285  53848  66722                                        Valley County                                 ID est18all.txt 19NOV2019
16  87     1537     1195     1879 15.3 11.9 18.7      509      373      645 22.5 16.5 28.5      341      239      443 20.1 14.1 26.1  43402  38969  47835                                        Washington County                             ID est18all.txt 19NOV2019
17   0  1509348  1485972  1532724 12.1 11.9 12.3   457282   442712   471852 16.2 15.7 16.7   314467   301816   327118 15.3 14.7 15.9  65063  64570  65556  131558  124748  138368 17.7 16.8 18.6 Illinois                                      IL est18all.txt 19NOV2019
17   1     7803     6665     8941 12.3 10.5 14.1     2295     1762     2828 15.9 12.2 19.6     1483     1063     1903 14.3 10.2 18.4  55174  50828  59520                                        Adams County                                  IL est18all.txt 19NOV2019
17   3     1650     1260     2040 27.6 21.1 34.1      615      443      787 44.5 32.0 57.0      432      298      566 43.8 30.2 57.4  35249  31630  38868                                        Alexander County                              IL est18all.txt 19NOV2019
17   5     2075     1682     2468 13.8 11.2 16.4      579      434      724 18.3 13.7 22.9      383      274      492 16.1 11.5 20.7  54800  49055  60545                                        Bond County                                   IL est18all.txt 19NOV2019
17   7     4909     3989     5829  9.2  7.5 10.9     1773     1375     2171 13.5 10.5 16.5     1165      864     1466 11.5  8.5 14.5  74507  67849  81165                                        Boone County                                  IL est18all.txt 19NOV2019
17   9      674      505      843 14.8 11.1 18.5      150      108      192 14.8 10.7 18.9      104       72      136 14.3  9.9 18.7  55327  49251  61403                                        Brown County                                  IL est18all.txt 19NOV2019
17  11     3751     3093     4409 11.6  9.6 13.6     1183      889     1477 17.1 12.8 21.4      796      572     1020 15.4 11.1 19.7  56099  51413  60785                                        Bureau County                                 IL est18all.txt 19NOV2019
17  13      520      407      633 11.0  8.6 13.4      150      114      186 15.3 11.7 18.9      102       75      129 13.8 10.2 17.4  56099  50202  61996                                        Calhoun County                                IL est18all.txt 19NOV2019
17  15     1598     1280     1916 11.4  9.1 13.7      458      340      576 17.0 12.6 21.4      308      210      406 15.6 10.7 20.5  51963  47439  56487                                        Carroll County                                IL est18all.txt 19NOV2019
17  17     1448     1127     1769 12.0  9.3 14.7      449      320      578 15.8 11.3 20.3      303      205      401 14.9 10.1 19.7  52486  47744  57228                                        Cass County                                   IL est18all.txt 19NOV2019
17  19    37121    33401    40841 19.2 17.3 21.1     6755     5268     8242 17.5 13.7 21.3     4640     3520     5760 17.1 13.0 21.2  53251  51049  55453                                        Champaign County                              IL est18all.txt 19NOV2019
17  21     3882     3103     4661 12.5 10.0 15.0     1155      839     1471 17.9 13.0 22.8      750      517      983 15.7 10.8 20.6  52936  48289  57583                                        Christian County                              IL est18all.txt 19NOV2019
17  23     1702     1311     2093 11.1  8.5 13.7      561      405      717 16.2 11.7 20.7      391      271      511 15.3 10.6 20.0  54092  48695  59489                                        Clark County                                  IL est18all.txt 19NOV2019
17  25     1865     1513     2217 14.3 11.6 17.0      558      406      710 18.8 13.7 23.9      384      268      500 17.6 12.3 22.9  45427  40628  50226                                        Clay County                                   IL est18all.txt 19NOV2019
17  27     2924     2311     3537  8.2  6.5  9.9      797      590     1004 10.2  7.5 12.9      570      414      726 10.1  7.3 12.9  66597  61017  72177                                        Clinton County                                IL est18all.txt 19NOV2019
17  29     9554     8076    11032 20.0 16.9 23.1     1960     1513     2407 21.8 16.8 26.8     1327      988     1666 20.5 15.3 25.7  47291  43000  51582                                        Coles County                                  IL est18all.txt 19NOV2019
17  31   701869   679098   724640 13.8 13.4 14.2   210345   198055   222635 18.8 17.7 19.9   148541   139229   157853 18.5 17.3 19.7  63347  62265  64429                                        Cook County                                   IL est18all.txt 19NOV2019
17  33     2052     1564     2540 11.8  9.0 14.6      624      447      801 17.1 12.2 22.0      433      296      570 16.3 11.2 21.4  52313  47553  57073                                        Crawford County                               IL est18all.txt 19NOV2019
17  35     1248     1007     1489 11.7  9.4 14.0      357      261      453 15.2 11.1 19.3      240      168      312 14.1  9.9 18.3  60572  55779  65365                                        Cumberland County                             IL est18all.txt 19NOV2019
17  37    12877    11004    14750 13.1 11.2 15.0     2903     2216     3590 13.2 10.1 16.3     1944     1426     2462 12.1  8.9 15.3  63274  59423  67125                                        DeKalb County                                 IL est18all.txt 19NOV2019
17  39     1707     1344     2070 11.0  8.7 13.3      574      436      712 17.4 13.2 21.6      348      237      459 14.1  9.6 18.6  55300  49990  60610                                        De Witt County                                IL est18all.txt 19NOV2019
17  41     1764     1415     2113  9.2  7.4 11.0      635      460      810 13.3  9.6 17.0      415      287      543 11.8  8.2 15.4  56976  52419  61533                                        Douglas County                                IL est18all.txt 19NOV2019
17  43    60169    54339    65999  6.6  6.0  7.2    16581    13926    19236  7.9  6.6  9.2    11173     9173    13173  7.2  5.9  8.5  93540  90453  96627                                        DuPage County                                 IL est18all.txt 19NOV2019
17  45     2297     1819     2775 13.5 10.7 16.3      674      489      859 19.5 14.1 24.9      468      328      608 18.3 12.8 23.8  51577  46907  56247                                        Edgar County                                  IL est18all.txt 19NOV2019
17  47      701      538      864 11.1  8.5 13.7      205      148      262 14.7 10.6 18.8      141       97      185 13.4  9.2 17.6  51280  46367  56193                                        Edwards County                                IL est18all.txt 19NOV2019
17  49     3277     2656     3898  9.7  7.9 11.5     1012      753     1271 12.7  9.5 15.9      687      498      876 12.0  8.7 15.3  60773  55432  66114                                        Effingham County                              IL est18all.txt 19NOV2019
17  51     2924     2296     3552 14.9 11.7 18.1      917      672     1162 20.9 15.3 26.5      631      444      818 20.1 14.2 26.0  47484  43207  51761                                        Fayette County                                IL est18all.txt 19NOV2019
17  53     1248      960     1536  9.7  7.5 11.9      476      348      604 15.9 11.6 20.2      318      221      415 14.5 10.1 18.9  55357  50469  60245                                        Ford County                                   IL est18all.txt 19NOV2019
17  55     7358     6279     8437 19.4 16.6 22.2     2187     1698     2676 26.0 20.2 31.8     1463     1079     1847 24.1 17.8 30.4  42071  38338  45804                                        Franklin County                               IL est18all.txt 19NOV2019
17  57     4559     3761     5357 14.2 11.7 16.7     1375     1081     1669 20.5 16.1 24.9      918      689     1147 18.4 13.8 23.0  51258  47415  55101                                        Fulton County                                 IL est18all.txt 19NOV2019
17  59     1029      831     1227 20.5 16.6 24.4      323      251      395 31.9 24.8 39.0      202      144      260 26.7 19.1 34.3  43330  38891  47769                                        Gallatin County                               IL est18all.txt 19NOV2019
17  61     1772     1384     2160 13.9 10.9 16.9      542      393      691 19.9 14.4 25.4      384      268      500 18.8 13.1 24.5  47314  42553  52075                                        Greene County                                 IL est18all.txt 19NOV2019
17  63     2991     2320     3662  5.9  4.6  7.2     1058      773     1343  8.3  6.1 10.5      732      509      955  7.7  5.4 10.0  79348  73412  85284                                        Grundy County                                 IL est18all.txt 19NOV2019
17  65      990      747     1233 12.3  9.3 15.3      347      250      444 19.6 14.1 25.1      239      164      314 18.2 12.5 23.9  53028  48555  57501                                        Hamilton County                               IL est18all.txt 19NOV2019
17  67     1955     1528     2382 11.1  8.7 13.5      617      454      780 16.8 12.3 21.3      384      260      508 14.2  9.6 18.8  53553  48567  58539                                        Hancock County                                IL est18all.txt 19NOV2019
17  69      778      600      956 20.0 15.4 24.6      222      162      282 32.0 23.3 40.7      151      105      197 28.5 19.7 37.3  41713  37448  45978                                        Hardin County                                 IL est18all.txt 19NOV2019
17  71      748      575      921 11.3  8.7 13.9      190      138      242 16.1 11.7 20.5      123       82      164 14.6  9.8 19.4  53632  48325  58939                                        Henderson County                              IL est18all.txt 19NOV2019
17  73     5558     4623     6493 11.5  9.6 13.4     1767     1409     2125 16.6 13.2 20.0     1205      940     1470 15.2 11.8 18.6  58042  53021  63063                                        Henry County                                  IL est18all.txt 19NOV2019
17  75     2669     2040     3298  9.9  7.6 12.2      966      686     1246 16.6 11.8 21.4      644      429      859 15.0 10.0 20.0  55247  51746  58748                                        Iroquois County                               IL est18all.txt 19NOV2019
17  77    13868    12234    15502 25.7 22.7 28.7     2923     2334     3512 28.9 23.1 34.7     1929     1460     2398 27.5 20.8 34.2  41445  39436  43454                                        Jackson County                                IL est18all.txt 19NOV2019
17  79      972      745     1199 10.2  7.8 12.6      336      243      429 15.4 11.1 19.7      237      164      310 14.8 10.3 19.3  54552  49204  59900                                        Jasper County                                 IL est18all.txt 19NOV2019
17  81     5811     4880     6742 16.3 13.7 18.9     2093     1693     2493 25.5 20.6 30.4     1310      997     1623 22.4 17.0 27.8  47425  43517  51333                                        Jefferson County                              IL est18all.txt 19NOV2019
17  83     1864     1409     2319  8.9  6.7 11.1      591      423      759 13.6  9.7 17.5      413      285      541 12.6  8.7 16.5  59117  53069  65165                                        Jersey County                                 IL est18all.txt 19NOV2019
17  85     1656     1295     2017  7.8  6.1  9.5      481      348      614 12.2  8.8 15.6      326      223      429 10.7  7.3 14.1  56832  54025  59639                                        Jo Daviess County                             IL est18all.txt 19NOV2019
17  87     1364     1036     1692 12.2  9.3 15.1      371      262      480 16.4 11.6 21.2      251      168      334 15.1 10.1 20.1  53884  48594  59174                                        Johnson County                                IL est18all.txt 19NOV2019
17  89    45180    39578    50782  8.6  7.5  9.7    15962    13383    18541 11.9 10.0 13.8     9968     7836    12100 10.0  7.9 12.1  79834  76883  82785                                        Kane County                                   IL est18all.txt 19NOV2019
17  91    16873    14814    18932 16.2 14.2 18.2     4949     3993     5905 20.2 16.3 24.1     3269     2487     4051 18.1 13.8 22.4  53884  49761  58007                                        Kankakee County                               IL est18all.txt 19NOV2019
17  93     5332     4188     6476  4.2  3.3  5.1     1933     1390     2476  5.4  3.9  6.9     1284      875     1693  4.7  3.2  6.2  93345  87190  99500                                        Kendall County                                IL est18all.txt 19NOV2019
17  95     7558     6454     8662 16.4 14.0 18.8     2171     1727     2615 22.7 18.1 27.3     1397      974     1820 20.6 14.3 26.9  44553  41024  48082                                        Knox County                                   IL est18all.txt 19NOV2019
17  97    54353    47531    61175  8.0  7.0  9.0    17155    14175    20135 10.3  8.5 12.1    11832     9627    14037  9.3  7.6 11.0  87336  85186  89486                                        Lake County                                   IL est18all.txt 19NOV2019
17  99    14384    12258    16510 13.6 11.6 15.6     4665     3810     5520 20.2 16.5 23.9     3174     2506     3842 18.7 14.8 22.6  54063  50208  57918                                        La Salle County                               IL est18all.txt 19NOV2019
17 101     2326     1821     2831 17.5 13.7 21.3      605      440      770 20.9 15.2 26.6      427      294      560 20.5 14.1 26.9  43767  39169  48365                                        Lawrence County                               IL est18all.txt 19NOV2019
17 103     3148     2462     3834 10.1  7.9 12.3      936      659     1213 14.3 10.1 18.5      644      433      855 13.3  8.9 17.7  54915  50123  59707                                        Lee County                                    IL est18all.txt 19NOV2019
17 105     4220     3471     4969 12.6 10.4 14.8     1229      935     1523 16.3 12.4 20.2      832      604     1060 14.9 10.8 19.0  59323  54019  64627                                        Livingston County                             IL est18all.txt 19NOV2019
17 107     2706     2008     3404 10.9  8.1 13.7      927      656     1198 17.0 12.0 22.0      642      433      851 16.3 11.0 21.6  52959  48201  57717                                        Logan County                                  IL est18all.txt 19NOV2019
17 109     5821     4857     6785 21.9 18.3 25.5     1145      852     1438 22.9 17.1 28.7      774      555      993 21.0 15.1 26.9  42887  40257  45517                                        McDonough County                              IL est18all.txt 19NOV2019
17 111    18136    15113    21159  5.9  4.9  6.9     5589     4502     6676  7.8  6.3  9.3     4003     3203     4803  7.3  5.8  8.8  86268  81446  91090                                        McHenry County                                IL est18all.txt 19NOV2019
17 113    23366    21178    25554 14.4 13.1 15.7     3859     2931     4787 10.5  8.0 13.0     2293     1576     3010  8.6  5.9 11.3  67087  64082  70092                                        McLean County                                 IL est18all.txt 19NOV2019
17 115    17557    14802    20312 17.4 14.7 20.1     6135     4844     7426 27.0 21.3 32.7     4124     3102     5146 25.3 19.0 31.6  50684  47911  53457                                        Macon County                                  IL est18all.txt 19NOV2019
17 117     5740     4662     6818 12.9 10.5 15.3     1820     1374     2266 19.3 14.6 24.0     1247      903     1591 17.7 12.8 22.6  53409  48576  58242                                        Macoupin County                               IL est18all.txt 19NOV2019
17 119    35925    32267    39583 13.8 12.4 15.2     9829     8185    11473 17.3 14.4 20.2     6812     5572     8052 16.3 13.3 19.3  60121  57390  62852                                        Madison County                                IL est18all.txt 19NOV2019
17 121     7154     6229     8079 19.5 17.0 22.0     2570     2086     3054 30.2 24.5 35.9     1738     1362     2114 28.5 22.3 34.7  46096  41816  50376                                        Marion County                                 IL est18all.txt 19NOV2019
17 123     1066      853     1279  9.5  7.6 11.4      306      229      383 13.6 10.2 17.0      195      135      255 11.8  8.2 15.4  57422  52060  62784                                        Marshall County                               IL est18all.txt 19NOV2019
17 125     1948     1587     2309 14.6 11.9 17.3      642      485      799 23.4 17.7 29.1      457      339      575 22.2 16.5 27.9  48764  44421  53107                                        Mason County                                  IL est18all.txt 19NOV2019
17 127     2377     1913     2841 17.2 13.8 20.6      796      600      992 26.1 19.7 32.5      515      362      668 22.6 15.9 29.3  43783  39330  48236                                        Massac County                                 IL est18all.txt 19NOV2019
17 129     1092      857     1327  9.0  7.1 10.9      386      285      487 14.5 10.7 18.3      272      194      350 13.7  9.8 17.6  74872  69476  80268                                        Menard County                                 IL est18all.txt 19NOV2019
17 131     1387     1088     1686  9.0  7.1 10.9      414      299      529 12.6  9.1 16.1      291      203      379 11.7  8.2 15.2  58384  52761  64007                                        Mercer County                                 IL est18all.txt 19NOV2019
17 133     1446     1097     1795  4.3  3.3  5.3      322      232      412  4.3  3.1  5.5      197      135      259  3.5  2.4  4.6  88481  82895  94067                                        Monroe County                                 IL est18all.txt 19NOV2019
17 135     3754     2938     4570 14.4 11.3 17.5     1126      832     1420 20.1 14.9 25.3      736      515      957 17.7 12.4 23.0  53138  50273  56003                                        Montgomery County                             IL est18all.txt 19NOV2019
17 137     4694     3832     5556 15.2 12.4 18.0     1431     1119     1743 23.1 18.1 28.1      974      737     1211 21.4 16.2 26.6  48976  44293  53659                                        Morgan County                                 IL est18all.txt 19NOV2019
17 139     1373     1066     1680  9.6  7.5 11.7      496      363      629 13.4  9.8 17.0      343      241      445 12.6  8.8 16.4  59901  53585  66217                                        Moultrie County                               IL est18all.txt 19NOV2019
17 141     4223     3290     5156  8.4  6.5 10.3     1259      898     1620 11.2  8.0 14.4      860      585     1135 10.2  6.9 13.5  61794  56644  66944                                        Ogle County                                   IL est18all.txt 19NOV2019
17 143    29227    26032    32422 16.6 14.8 18.4     9499     7814    11184 22.8 18.8 26.8     6384     4975     7793 21.6 16.8 26.4  56478  53284  59672                                        Peoria County                                 IL est18all.txt 19NOV2019
17 145     3327     2775     3879 17.8 14.8 20.8      943      750     1136 23.4 18.6 28.2      593      444      742 20.0 15.0 25.0  49965  44798  55132                                        Perry County                                  IL est18all.txt 19NOV2019
17 147     1192      965     1419  7.3  5.9  8.7      299      220      378  8.2  6.0 10.4      195      136      254  7.3  5.1  9.5  67460  60638  74282                                        Piatt County                                  IL est18all.txt 19NOV2019
17 149     2129     1702     2556 14.1 11.3 16.9      669      484      854 19.6 14.2 25.0      473      329      617 19.1 13.3 24.9  47815  43563  52067                                        Pike County                                   IL est18all.txt 19NOV2019
17 151      763      593      933 18.6 14.5 22.7      133       97      169 27.1 19.7 34.5       96       66      126 26.7 18.3 35.1  43053  38378  47728                                        Pope County                                   IL est18all.txt 19NOV2019
17 153     1074      816     1332 19.7 15.0 24.4      390      279      501 33.4 23.9 42.9      272      187      357 32.8 22.5 43.1  38400  34384  42416                                        Pulaski County                                IL est18all.txt 19NOV2019
17 155      484      395      573  8.5  6.9 10.1      141      102      180 12.5  9.1 15.9       98       68      128 11.5  8.0 15.0  66319  60295  72343                                        Putnam County                                 IL est18all.txt 19NOV2019
17 157     3834     3046     4622 13.8 11.0 16.6     1090      799     1381 17.8 13.0 22.6      729      508      950 16.4 11.4 21.4  53607  48835  58379                                        Randolph County                               IL est18all.txt 19NOV2019
17 159     2311     1856     2766 15.0 12.0 18.0      752      569      935 20.9 15.8 26.0      511      369      653 20.0 14.4 25.6  48152  43509  52795                                        Richland County                               IL est18all.txt 19NOV2019
17 161    19754    17173    22335 14.2 12.3 16.1     6890     5629     8151 21.9 17.9 25.9     4726     3822     5630 21.0 17.0 25.0  52642  50005  55279                                        Rock Island County                            IL est18all.txt 19NOV2019
17 163    38065    33215    42915 14.8 12.9 16.7    13269    10771    15767 22.0 17.9 26.1     8715     6709    10721 19.8 15.2 24.4  58222  55036  61408                                        St. Clair County                              IL est18all.txt 19NOV2019
17 165     4692     3878     5506 20.3 16.8 23.8     1449     1098     1800 29.7 22.5 36.9     1038      767     1309 30.7 22.7 38.7  40761  36597  44925                                        Saline County                                 IL est18all.txt 19NOV2019
17 167    25172    22738    27606 13.1 11.8 14.4     8496     7239     9753 20.0 17.0 23.0     5579     4588     6570 17.7 14.5 20.9  62242  58886  65598                                        Sangamon County                               IL est18all.txt 19NOV2019
17 169      778      595      961 11.4  8.7 14.1      182      131      233 14.9 10.7 19.1      127       86      168 13.4  9.1 17.7  52018  46544  57492                                        Schuyler County                               IL est18all.txt 19NOV2019
17 171      499      379      619 10.3  7.8 12.8      156      113      199 15.0 10.8 19.2      110       77      143 13.8  9.6 18.0  55198  49396  61000                                        Scott County                                  IL est18all.txt 19NOV2019
17 173     2191     1714     2668 10.2  8.0 12.4      609      446      772 13.3  9.7 16.9      426      305      547 12.9  9.3 16.5  56509  52872  60146                                        Shelby County                                 IL est18all.txt 19NOV2019
17 175      594      464      724 11.2  8.7 13.7      197      145      249 17.2 12.6 21.8      139       98      180 16.4 11.5 21.3  52651  47364  57938                                        Stark County                                  IL est18all.txt 19NOV2019
17 177     5555     4448     6662 12.7 10.2 15.2     1960     1438     2482 20.9 15.3 26.5     1260      865     1655 18.1 12.4 23.8  47357  44626  50088                                        Stephenson County                             IL est18all.txt 19NOV2019
17 179    12465    10646    14284  9.6  8.2 11.0     3587     2822     4352 12.2  9.6 14.8     2182     1553     2811 10.0  7.1 12.9  61508  58797  64219                                        Tazewell County                               IL est18all.txt 19NOV2019
17 181     2902     2369     3435 17.4 14.2 20.6      852      643     1061 24.5 18.5 30.5      573      408      738 22.3 15.9 28.7  49716  46553  52879                                        Union County                                  IL est18all.txt 19NOV2019
17 183    14256    12425    16087 19.3 16.8 21.8     5232     4232     6232 29.5 23.9 35.1     3472     2742     4202 27.1 21.4 32.8  44638  41868  47408                                        Vermilion County                              IL est18all.txt 19NOV2019
17 185     1645     1294     1996 14.4 11.3 17.5      482      356      608 18.8 13.9 23.7      320      225      415 17.4 12.2 22.6  53414  48898  57930                                        Wabash County                                 IL est18all.txt 19NOV2019
17 187     2069     1620     2518 12.9 10.1 15.7      632      465      799 17.2 12.7 21.7      424      299      549 16.1 11.4 20.8  53532  47905  59159                                        Warren County                                 IL est18all.txt 19NOV2019
17 189     1016      771     1261  7.4  5.6  9.2      307      218      396 10.5  7.5 13.5      210      143      277  9.9  6.8 13.0  66937  61726  72148                                        Washington County                             IL est18all.txt 19NOV2019
17 191     2234     1807     2661 13.8 11.2 16.4      769      587      951 21.0 16.0 26.0      571      434      708 21.8 16.6 27.0  50471  47176  53766                                        Wayne County                                  IL est18all.txt 19NOV2019
17 193     1637     1242     2032 12.3  9.3 15.3      562      401      723 19.3 13.8 24.8      391      271      511 18.4 12.8 24.0  49507  44480  54534                                        White County                                  IL est18all.txt 19NOV2019
17 195     5732     4397     7067 10.5  8.0 13.0     2042     1491     2593 17.1 12.5 21.7     1405      996     1814 15.9 11.3 20.5  57197  54639  59755                                        Whiteside County                              IL est18all.txt 19NOV2019
17 197    44038    38763    49313  6.4  5.6  7.2    14595    11849    17341  8.6  7.0 10.2    10327     8286    12368  7.9  6.3  9.5  86108  82874  89342                                        Will County                                   IL est18all.txt 19NOV2019
17 199     9356     7697    11015 14.4 11.8 17.0     2876     2221     3531 20.0 15.5 24.5     1967     1462     2472 18.8 14.0 23.6  46187  42777  49597                                        Williamson County                             IL est18all.txt 19NOV2019
17 201    45006    40683    49329 16.1 14.6 17.6    17728    15599    19857 27.2 23.9 30.5    11971    10395    13547 25.3 22.0 28.6  53795  51486  56104                                        Winnebago County                              IL est18all.txt 19NOV2019
17 203     2662     2215     3109  7.1  5.9  8.3      705      531      879  7.7  5.8  9.6      495      359      631  7.1  5.1  9.1  72247  65319  79175                                        Woodford County                               IL est18all.txt 19NOV2019
18   0   844165   826659   861671 13.0 12.7 13.3   268470   258334   278606 17.5 16.8 18.2   180400   171994   188806 16.2 15.4 17.0  55725  55210  56240   79691   75156   84226 19.7 18.6 20.8 Indiana                                       IN est18all.txt 19NOV2019
18   1     4056     3197     4915 11.6  9.2 14.0     2387     1703     3071 21.7 15.5 27.9     1722     1148     2296 22.4 14.9 29.9  56693  51600  61786                                        Adams County                                  IN est18all.txt 19NOV2019
18   3    49641    45111    54171 13.5 12.3 14.7    19810    17506    22114 21.0 18.6 23.4    12569    10644    14494 18.4 15.6 21.2  54473  52867  56079                                        Allen County                                  IN est18all.txt 19NOV2019
18   5     8238     6947     9529 10.1  8.5 11.7     2415     1886     2944 12.6  9.8 15.4     1569     1121     2017 11.4  8.1 14.7  63067  58636  67498                                        Bartholomew County                            IN est18all.txt 19NOV2019
18   7      985      800     1170 11.5  9.3 13.7      374      284      464 17.8 13.5 22.1      254      187      321 16.3 12.0 20.6  51649  46541  56757                                        Benton County                                 IN est18all.txt 19NOV2019
18   9     1651     1309     1993 14.1 11.2 17.0      563      420      706 22.3 16.7 27.9      394      285      503 21.1 15.2 27.0  45161  40658  49664                                        Blackford County                              IN est18all.txt 19NOV2019
18  11     3585     2831     4339  5.4  4.3  6.5      910      669     1151  5.2  3.8  6.6      584      400      768  4.5  3.1  5.9  85876  78152  93600                                        Boone County                                  IN est18all.txt 19NOV2019
18  13     1519     1181     1857 10.1  7.9 12.3      435      313      557 16.3 11.7 20.9      304      207      401 14.6  9.9 19.3  60944  54986  66902                                        Brown County                                  IN est18all.txt 19NOV2019
18  15     1756     1364     2148  8.8  6.8 10.8      513      380      646 11.9  8.8 15.0      347      245      449 10.7  7.6 13.8  57092  52306  61878                                        Carroll County                                IN est18all.txt 19NOV2019
18  17     5004     4216     5792 13.5 11.4 15.6     1456     1099     1813 17.3 13.1 21.5      969      694     1244 16.0 11.4 20.6  48598  44631  52565                                        Cass County                                   IN est18all.txt 19NOV2019
18  19    12975    11049    14901 11.2  9.5 12.9     4073     3278     4868 15.9 12.8 19.0     2556     1956     3156 13.8 10.6 17.0  56774  52856  60692                                        Clark County                                  IN est18all.txt 19NOV2019
18  21     3545     2937     4153 13.8 11.4 16.2     1310     1056     1564 22.4 18.1 26.7      892      699     1085 21.0 16.5 25.5  52699  47874  57524                                        Clay County                                   IN est18all.txt 19NOV2019
18  23     3732     3006     4458 11.9  9.6 14.2     1346      991     1701 16.3 12.0 20.6      861      595     1127 14.3  9.9 18.7  51730  46980  56480                                        Clinton County                                IN est18all.txt 19NOV2019
18  25     1654     1286     2022 15.8 12.3 19.3      563      410      716 25.3 18.4 32.2      383      266      500 23.0 16.0 30.0  44152  39878  48426                                        Crawford County                               IN est18all.txt 19NOV2019
18  27     3752     2871     4633 11.5  8.8 14.2     1661     1190     2132 17.4 12.5 22.3     1026      662     1390 14.9  9.6 20.2  55434  51021  59847                                        Daviess County                                IN est18all.txt 19NOV2019
18  29     4577     3701     5453  9.4  7.6 11.2     1297      978     1616 12.0  9.0 15.0      893      651     1135 10.9  8.0 13.8  66502  61044  71960                                        Dearborn County                               IN est18all.txt 19NOV2019
18  31     3077     2534     3620 11.7  9.6 13.8      982      744     1220 15.4 11.7 19.1      654      469      839 14.1 10.1 18.1  57441  51863  63019                                        Decatur County                                IN est18all.txt 19NOV2019
18  33     4309     3569     5049 10.1  8.4 11.8     1297      965     1629 12.8  9.5 16.1      835      583     1087 11.3  7.9 14.7  58987  54105  63869                                        De Kalb County                                IN est18all.txt 19NOV2019
18  35    23799    21382    26216 22.5 20.2 24.8     5441     4531     6351 27.0 22.5 31.5     3517     2793     4241 24.2 19.2 29.2  43096  39846  46346                                        Delaware County                               IN est18all.txt 19NOV2019
18  37     3155     2584     3726  7.6  6.2  9.0      919      734     1104  9.1  7.3 10.9      693      553      833  9.5  7.6 11.4  62126  56653  67599                                        Dubois County                                 IN est18all.txt 19NOV2019
18  39    23202    20205    26199 11.5 10.0 13.0     8810     7277    10343 16.0 13.2 18.8     5685     4544     6826 14.2 11.3 17.1  59251  55587  62915                                        Elkhart County                                IN est18all.txt 19NOV2019
18  41     3280     2635     3925 14.5 11.6 17.4     1004      759     1249 20.9 15.8 26.0      695      509      881 19.2 14.0 24.4  47737  43372  52102                                        Fayette County                                IN est18all.txt 19NOV2019
18  43     7231     5924     8538  9.5  7.8 11.2     2519     1982     3056 14.5 11.4 17.6     1801     1394     2208 14.2 11.0 17.4  64992  59468  70516                                        Floyd County                                  IN est18all.txt 19NOV2019
18  45     1799     1409     2189 11.2  8.8 13.6      580      429      731 16.8 12.4 21.2      379      265      493 14.7 10.3 19.1  53493  49674  57312                                        Fountain County                               IN est18all.txt 19NOV2019
18  47     1939     1500     2378  8.6  6.6 10.6      580      421      739 11.4  8.3 14.5      401      279      523 10.6  7.4 13.8  62251  57146  67356                                        Franklin County                               IN est18all.txt 19NOV2019
18  49     2684     2247     3121 13.6 11.4 15.8     1006      814     1198 22.0 17.8 26.2      765      617      913 22.9 18.5 27.3  52798  48035  57561                                        Fulton County                                 IN est18all.txt 19NOV2019
18  51     3460     2851     4069 10.6  8.7 12.5      895      658     1132 11.7  8.6 14.8      597      409      785 10.7  7.3 14.1  56960  51478  62442                                        Gibson County                                 IN est18all.txt 19NOV2019
18  53    12140    10590    13690 19.9 17.4 22.4     4090     3466     4714 31.0 26.3 35.7     2501     1952     3050 25.7 20.1 31.3  45138  42315  47961                                        Grant County                                  IN est18all.txt 19NOV2019
18  55     4423     3637     5209 14.0 11.5 16.5     1280      968     1592 18.7 14.1 23.3      874      639     1109 16.9 12.3 21.5  46835  42591  51079                                        Greene County                                 IN est18all.txt 19NOV2019
18  57    13797    11480    16114  4.2  3.5  4.9     3997     3162     4832  4.5  3.6  5.4     2581     1943     3219  3.9  2.9  4.9 101740  97526 105954                                        Hamilton County                               IN est18all.txt 19NOV2019
18  59     4236     3402     5070  5.6  4.5  6.7     1161      844     1478  6.6  4.8  8.4      771      535     1007  5.9  4.1  7.7  73831  68846  78816                                        Hancock County                                IN est18all.txt 19NOV2019
18  61     3690     2942     4438  9.3  7.4 11.2     1131      832     1430 12.7  9.3 16.1      787      556     1018 12.1  8.6 15.6  60379  56176  64582                                        Harrison County                               IN est18all.txt 19NOV2019
18  63     9657     8042    11272  5.9  4.9  6.9     2713     2118     3308  6.6  5.2  8.0     1919     1463     2375  6.1  4.6  7.6  80834  78407  83261                                        Hendricks County                              IN est18all.txt 19NOV2019
18  65     6434     5467     7401 14.4 12.2 16.6     1791     1384     2198 18.6 14.4 22.8     1133      821     1445 15.7 11.4 20.0  50183  46907  53459                                        Henry County                                  IN est18all.txt 19NOV2019
18  67     9942     8231    11653 12.3 10.2 14.4     3498     2630     4366 19.3 14.5 24.1     2337     1680     2994 17.6 12.7 22.5  55365  51740  58990                                        Howard County                                 IN est18all.txt 19NOV2019
18  69     3532     2864     4200 10.1  8.2 12.0     1079      817     1341 14.2 10.8 17.6      712      506      918 12.8  9.1 16.5  53809  50218  57400                                        Huntington County                             IN est18all.txt 19NOV2019
18  71     5183     4319     6047 12.0 10.0 14.0     1597     1239     1955 15.2 11.8 18.6     1124      857     1391 15.0 11.4 18.6  55518  50062  60974                                        Jackson County                                IN est18all.txt 19NOV2019
18  73     3037     2397     3677  9.4  7.4 11.4      926      687     1165 12.3  9.1 15.5      638      451      825 11.4  8.1 14.7  66720  61971  71469                                        Jasper County                                 IN est18all.txt 19NOV2019
18  75     2653     2126     3180 13.0 10.4 15.6     1024      743     1305 20.0 14.5 25.5      692      470      914 18.9 12.8 25.0  48392  43669  53115                                        Jay County                                    IN est18all.txt 19NOV2019
18  77     4663     3930     5396 15.5 13.1 17.9     1406     1131     1681 22.4 18.0 26.8      970      760     1180 21.8 17.1 26.5  51031  45722  56340                                        Jefferson County                              IN est18all.txt 19NOV2019
18  79     4026     3365     4687 14.8 12.4 17.2     1344     1072     1616 21.9 17.5 26.3      860      643     1077 19.0 14.2 23.8  51560  47298  55822                                        Jennings County                               IN est18all.txt 19NOV2019
18  81    11784     9796    13772  7.7  6.4  9.0     3812     2988     4636 10.1  7.9 12.3     2687     2066     3308  9.7  7.5 11.9  69880  65308  74452                                        Johnson County                                IN est18all.txt 19NOV2019
18  83     5447     4300     6594 15.7 12.4 19.0     1540     1120     1960 20.2 14.7 25.7     1071      752     1390 19.7 13.8 25.6  48606  44096  53116                                        Knox County                                   IN est18all.txt 19NOV2019
18  85     6949     5702     8196  9.0  7.4 10.6     2277     1735     2819 12.3  9.4 15.2     1541     1113     1969 11.6  8.4 14.8  57367  53673  61061                                        Kosciusko County                              IN est18all.txt 19NOV2019
18  87     3018     2334     3702  7.8  6.0  9.6     1406     1016     1796 11.2  8.1 14.3      944      640     1248 10.5  7.1 13.9  67498  60626  74370                                        Lagrange County                               IN est18all.txt 19NOV2019
18  89    74864    68345    81383 15.7 14.3 17.1    27338    24250    30426 24.6 21.8 27.4    20785    18479    23091 25.2 22.4 28.0  55280  53202  57358                                        Lake County                                   IN est18all.txt 19NOV2019
18  91    16212    14206    18218 15.7 13.8 17.6     5727     4765     6689 24.9 20.7 29.1     3791     3055     4527 23.0 18.5 27.5  52095  49527  54663                                        La Porte County                               IN est18all.txt 19NOV2019
18  93     5629     4597     6661 12.5 10.2 14.8     1686     1262     2110 17.3 13.0 21.6     1155      840     1470 16.0 11.6 20.4  53187  49464  56910                                        Lawrence County                               IN est18all.txt 19NOV2019
18  95    20908    18648    23168 17.0 15.2 18.8     6685     5654     7716 24.7 20.9 28.5     4227     3422     5032 21.3 17.2 25.4  49522  46902  52142                                        Madison County                                IN est18all.txt 19NOV2019
18  97   160661   151003   170319 17.2 16.2 18.2    56364    50703    62025 24.5 22.0 27.0    36801    32539    41063 22.8 20.2 25.4  48409  46485  50333                                        Marion County                                 IN est18all.txt 19NOV2019
18  99     5212     4416     6008 11.5  9.8 13.2     1600     1258     1942 14.1 11.1 17.1     1067      815     1319 12.7  9.7 15.7  55766  51096  60436                                        Marshall County                               IN est18all.txt 19NOV2019
18 101     1186      932     1440 11.8  9.3 14.3      346      254      438 15.6 11.4 19.8      240      170      310 14.9 10.6 19.2  55444  50576  60312                                        Martin County                                 IN est18all.txt 19NOV2019
18 103     5172     4420     5924 16.1 13.8 18.4     1632     1302     1962 22.3 17.8 26.8     1012      753     1271 18.5 13.8 23.2  47624  43376  51872                                        Miami County                                  IN est18all.txt 19NOV2019
18 105    28177    25814    30540 21.4 19.6 23.2     3187     2468     3906 14.2 11.0 17.4     2031     1472     2590 12.6  9.1 16.1  48883  45477  52289                                        Monroe County                                 IN est18all.txt 19NOV2019
18 107     4006     3218     4794 10.8  8.7 12.9     1334     1000     1668 15.5 11.6 19.4      936      688     1184 14.7 10.8 18.6  53700  49218  58182                                        Montgomery County                             IN est18all.txt 19NOV2019
18 109     7339     6306     8372 10.6  9.1 12.1     2275     1835     2715 14.7 11.9 17.5     1676     1348     2004 14.5 11.7 17.3  66151  61236  71066                                        Morgan County                                 IN est18all.txt 19NOV2019
18 111     1418     1099     1737 10.3  8.0 12.6      424      303      545 14.7 10.5 18.9      284      192      376 13.2  8.9 17.5  53060  47883  58237                                        Newton County                                 IN est18all.txt 19NOV2019
18 113     4224     3304     5144  9.1  7.1 11.1     1367      994     1740 12.1  8.8 15.4      923      637     1209 11.2  7.7 14.7  61341  58493  64189                                        Noble County                                  IN est18all.txt 19NOV2019
18 115      560      439      681  9.7  7.6 11.8      137      101      173 12.6  9.3 15.9       90       63      117 10.9  7.6 14.2  58022  52281  63763                                        Ohio County                                   IN est18all.txt 19NOV2019
18 117     2979     2426     3532 15.6 12.7 18.5      941      701     1181 21.8 16.2 27.4      678      487      869 21.3 15.3 27.3  44968  40554  49382                                        Orange County                                 IN est18all.txt 19NOV2019
18 119     2597     2101     3093 12.6 10.2 15.0      833      609     1057 19.5 14.3 24.7      587      411      763 18.5 12.9 24.1  49731  44877  54585                                        Owen County                                   IN est18all.txt 19NOV2019
18 121     2406     1896     2916 15.7 12.4 19.0      848      632     1064 23.7 17.7 29.7      583      414      752 22.8 16.2 29.4  49639  44695  54583                                        Parke County                                  IN est18all.txt 19NOV2019
18 123     2167     1704     2630 12.4  9.8 15.0      642      480      804 16.4 12.3 20.5      418      293      543 14.5 10.2 18.8  52332  47744  56920                                        Perry County                                  IN est18all.txt 19NOV2019
18 125     1345     1078     1612 11.1  8.9 13.3      363      268      458 13.7 10.1 17.3      240      168      312 12.4  8.7 16.1  54265  49199  59331                                        Pike County                                   IN est18all.txt 19NOV2019
18 127    14826    12810    16842  8.9  7.7 10.1     4157     3367     4947 11.3  9.1 13.5     3072     2482     3662 11.2  9.1 13.3  69298  64412  74184                                        Porter County                                 IN est18all.txt 19NOV2019
18 129     2311     1870     2752  9.2  7.5 10.9      633      481      785 11.4  8.7 14.1      428      312      544 10.3  7.5 13.1  68162  61447  74877                                        Posey County                                  IN est18all.txt 19NOV2019
18 131     1494     1191     1797 12.2  9.7 14.7      461      331      591 17.0 12.2 21.8      314      211      417 15.3 10.3 20.3  49730  45139  54321                                        Pulaski County                                IN est18all.txt 19NOV2019
18 133     3978     3224     4732 12.2  9.9 14.5     1059      786     1332 14.8 11.0 18.6      700      491      909 13.3  9.3 17.3  54718  50857  58579                                        Putnam County                                 IN est18all.txt 19NOV2019
18 135     3322     2618     4026 13.6 10.7 16.5     1157      854     1460 20.9 15.4 26.4      787      553     1021 19.4 13.6 25.2  46441  42777  50105                                        Randolph County                               IN est18all.txt 19NOV2019
18 137     3117     2587     3647 11.1  9.2 13.0      994      778     1210 15.0 11.7 18.3      727      563      891 14.7 11.4 18.0  57436  52333  62539                                        Ripley County                                 IN est18all.txt 19NOV2019
18 139     1760     1365     2155 10.7  8.3 13.1      581      420      742 15.8 11.4 20.2      408      281      535 15.0 10.3 19.7  53271  48294  58248                                        Rush County                                   IN est18all.txt 19NOV2019
18 141    35068    31248    38888 13.5 12.0 15.0    11030     8928    13132 17.7 14.3 21.1     7198     5595     8801 15.9 12.4 19.4  54674  51197  58151                                        St. Joseph County                             IN est18all.txt 19NOV2019
18 143     3642     2904     4380 15.5 12.4 18.6     1077      789     1365 20.5 15.0 26.0      756      535      977 19.7 14.0 25.4  44913  40163  49663                                        Scott County                                  IN est18all.txt 19NOV2019
18 145     5065     4165     5965 11.6  9.5 13.7     1648     1283     2013 16.6 12.9 20.3     1081      800     1362 14.7 10.9 18.5  57193  52304  62082                                        Shelby County                                 IN est18all.txt 19NOV2019
18 147     1839     1461     2217  9.2  7.3 11.1      514      387      641 11.8  8.9 14.7      359      261      457 10.9  7.9 13.9  56862  51683  62041                                        Spencer County                                IN est18all.txt 19NOV2019
18 149     2512     1901     3123 11.0  8.3 13.7      986      697     1275 19.3 13.7 24.9      752      524      980 19.9 13.9 25.9  49972  46640  53304                                        Starke County                                 IN est18all.txt 19NOV2019
18 151     3638     2948     4328 11.0  8.9 13.1     1104      840     1368 15.9 12.1 19.7      729      524      934 14.7 10.6 18.8  58295  54103  62487                                        Steuben County                                IN est18all.txt 19NOV2019
18 153     2513     1942     3084 13.7 10.6 16.8      707      509      905 18.4 13.3 23.5      491      342      640 17.5 12.2 22.8  47554  43090  52018                                        Sullivan County                               IN est18all.txt 19NOV2019
18 155     1873     1530     2216 17.7 14.4 21.0      770      603      937 29.8 23.3 36.3      540      410      670 28.3 21.5 35.1  47713  42594  52832                                        Switzerland County                            IN est18all.txt 19NOV2019
18 157    32114    29339    34889 18.1 16.5 19.7     5762     4550     6974 14.7 11.6 17.8     3776     2906     4646 13.6 10.5 16.7  52269  48477  56061                                        Tippecanoe County                             IN est18all.txt 19NOV2019
18 159     1250      991     1509  8.4  6.7 10.1      337      249      425 11.0  8.1 13.9      224      157      291  9.9  6.9 12.9  60896  55733  66059                                        Tipton County                                 IN est18all.txt 19NOV2019
18 161      742      565      919 10.7  8.2 13.2      235      171      299 16.8 12.2 21.4      164      114      214 15.9 11.0 20.8  50300  45333  55267                                        Union County                                  IN est18all.txt 19NOV2019
18 163    26349    23159    29539 15.1 13.3 16.9     7663     6318     9008 20.1 16.6 23.6     5309     4250     6368 19.4 15.5 23.3  50500  48389  52611                                        Vanderburgh County                            IN est18all.txt 19NOV2019
18 165     2306     1922     2690 15.2 12.7 17.7      676      528      824 20.5 16.0 25.0      475      365      585 19.4 14.9 23.9  49287  44213  54361                                        Vermillion County                             IN est18all.txt 19NOV2019
18 167    18824    16739    20909 19.2 17.1 21.3     4612     3675     5549 21.6 17.2 26.0     2758     1991     3525 18.2 13.1 23.3  48335  46002  50668                                        Vigo County                                   IN est18all.txt 19NOV2019
18 169     3631     2938     4324 12.4 10.0 14.8     1065      815     1315 17.3 13.2 21.4      716      531      901 15.8 11.7 19.9  51487  47212  55762                                        Wabash County                                 IN est18all.txt 19NOV2019
18 171      796      636      956  9.8  7.8 11.8      289      221      357 16.1 12.3 19.9      206      155      257 15.1 11.3 18.9  60596  54050  67142                                        Warren County                                 IN est18all.txt 19NOV2019
18 173     4373     3492     5254  7.1  5.7  8.5     1169      840     1498  8.0  5.8 10.2      804      545     1063  7.1  4.8  9.4  75534  69373  81695                                        Warrick County                                IN est18all.txt 19NOV2019
18 175     3703     2963     4443 13.4 10.7 16.1     1267      937     1597 20.4 15.1 25.7      868      615     1121 19.1 13.5 24.7  44534  41480  47588                                        Washington County                             IN est18all.txt 19NOV2019
18 177    10094     8478    11710 16.0 13.4 18.6     3274     2568     3980 23.3 18.3 28.3     2206     1633     2779 21.3 15.8 26.8  45130  42284  47976                                        Wayne County                                  IN est18all.txt 19NOV2019
18 179     2344     1828     2860  8.5  6.6 10.4      817      595     1039 12.0  8.7 15.3      552      385      719 11.1  7.7 14.5  60010  55087  64933                                        Wells County                                  IN est18all.txt 19NOV2019
18 181     2025     1538     2512  8.5  6.4 10.6      749      532      966 13.6  9.7 17.5      511      341      681 12.6  8.4 16.8  58380  55894  60866                                        White County                                  IN est18all.txt 19NOV2019
18 183     2377     1864     2890  7.1  5.6  8.6      734      552      916  9.5  7.1 11.9      478      332      624  8.5  5.9 11.1  67758  63082  72434                                        Whitley County                                IN est18all.txt 19NOV2019
19   0   342574   332902   352246 11.2 10.9 11.5    96859    91572   102146 13.5 12.8 14.2    64851    60212    69490 12.5 11.6 13.4  60071  59227  60915   28245   25777   30713 14.5 13.2 15.8 Iowa                                          IA est18all.txt 19NOV2019
19   1      667      511      823  9.7  7.4 12.0      196      140      252 13.0  9.2 16.8      131       89      173 11.7  8.0 15.4  54282  48672  59892                                        Adair County                                  IA est18all.txt 19NOV2019
19   3      460      363      557 12.7 10.0 15.4      154      110      198 20.3 14.4 26.2      107       72      142 19.7 13.2 26.2  51577  45945  57209                                        Adams County                                  IA est18all.txt 19NOV2019
19   5     1581     1240     1922 11.7  9.2 14.2      579      426      732 18.1 13.3 22.9      411      291      531 18.3 13.0 23.6  53359  48672  58046                                        Allamakee County                              IA est18all.txt 19NOV2019
19   7     1864     1448     2280 15.2 11.8 18.6      611      437      785 22.5 16.1 28.9      421      287      555 21.0 14.3 27.7  44298  39986  48610                                        Appanoose County                              IA est18all.txt 19NOV2019
19   9      589      457      721 11.0  8.5 13.5      201      145      257 18.1 13.1 23.1      135       93      177 17.4 11.9 22.9  51210  45878  56542                                        Audubon County                                IA est18all.txt 19NOV2019
19  11     2000     1588     2412  7.9  6.3  9.5      527      381      673  9.0  6.5 11.5      348      238      458  8.1  5.6 10.6  62799  59690  65908                                        Benton County                                 IA est18all.txt 19NOV2019
19  13    20811    18590    23032 16.3 14.6 18.0     5324     4404     6244 18.8 15.6 22.0     3523     2796     4250 17.7 14.1 21.3  52320  50181  54459                                        Black Hawk County                             IA est18all.txt 19NOV2019
19  15     2274     1852     2696  8.8  7.2 10.4      520      369      671  9.8  7.0 12.6      351      239      463  9.0  6.1 11.9  63099  58315  67883                                        Boone County                                  IA est18all.txt 19NOV2019
19  17     1547     1213     1881  6.6  5.2  8.0      350      253      447  6.4  4.6  8.2      239      166      312  6.0  4.2  7.8  74646  71013  78279                                        Bremer County                                 IA est18all.txt 19NOV2019
19  19     2224     1781     2667 10.6  8.5 12.7      807      601     1013 15.0 11.2 18.8      548      390      706 13.9  9.9 17.9  59724  54192  65256                                        Buchanan County                               IA est18all.txt 19NOV2019
19  21     1932     1503     2361 10.2  7.9 12.5      670      473      867 13.6  9.6 17.6      439      289      589 12.8  8.4 17.2  52683  47716  57650                                        Buena Vista County                            IA est18all.txt 19NOV2019
19  23     1290     1041     1539  9.0  7.3 10.7      363      265      461 11.4  8.3 14.5      239      161      317  9.8  6.6 13.0  57971  53901  62041                                        Butler County                                 IA est18all.txt 19NOV2019
19  25     1023      795     1251 11.3  8.8 13.8      304      217      391 14.7 10.5 18.9      217      146      288 14.4  9.7 19.1  54865  49548  60182                                        Calhoun County                                IA est18all.txt 19NOV2019
19  27     1576     1249     1903  8.0  6.3  9.7      455      321      589  9.4  6.6 12.2      300      199      401  8.5  5.6 11.4  60531  54509  66553                                        Carroll County                                IA est18all.txt 19NOV2019
19  29     1594     1253     1935 12.6  9.9 15.3      500      353      647 17.6 12.4 22.8      341      229      453 15.9 10.7 21.1  50356  45308  55404                                        Cass County                                   IA est18all.txt 19NOV2019
19  31     1391     1097     1685  7.6  6.0  9.2      387      291      483  9.5  7.1 11.9      252      178      326  8.3  5.9 10.7  67597  61046  74148                                        Cedar County                                  IA est18all.txt 19NOV2019
19  33     4316     3431     5201 10.4  8.3 12.5     1146      811     1481 13.3  9.4 17.2      770      513     1027 12.3  8.2 16.4  51939  48171  55707                                        Cerro Gordo County                            IA est18all.txt 19NOV2019
19  35     1032      797     1267  9.4  7.3 11.5      276      195      357 11.4  8.0 14.8      186      125      247 10.6  7.1 14.1  56312  51001  61623                                        Cherokee County                               IA est18all.txt 19NOV2019
19  37     1019      771     1267  8.6  6.5 10.7      330      231      429 11.9  8.3 15.5      226      150      302 11.1  7.4 14.8  64190  58883  69497                                        Chickasaw County                              IA est18all.txt 19NOV2019
19  39     1036      821     1251 11.2  8.9 13.5      384      272      496 16.1 11.4 20.8      255      168      342 14.9  9.8 20.0  52541  47482  57600                                        Clarke County                                 IA est18all.txt 19NOV2019
19  41     1531     1223     1839  9.7  7.8 11.6      454      337      571 12.6  9.3 15.9      278      191      365 10.7  7.3 14.1  56338  51388  61288                                        Clay County                                   IA est18all.txt 19NOV2019
19  43     1627     1275     1979  9.4  7.4 11.4      477      342      612 13.2  9.5 16.9      319      214      424 12.0  8.1 15.9  53968  48693  59243                                        Clayton County                                IA est18all.txt 19NOV2019
19  45     5727     4600     6854 12.5 10.0 15.0     1737     1283     2191 16.8 12.4 21.2     1163      828     1498 15.3 10.9 19.7  51317  46942  55692                                        Clinton County                                IA est18all.txt 19NOV2019
19  47     2072     1676     2468 12.3 10.0 14.6      691      527      855 16.4 12.5 20.3      465      339      591 15.5 11.3 19.7  54828  49332  60324                                        Crawford County                               IA est18all.txt 19NOV2019
19  49     4687     3846     5528  5.2  4.3  6.1     1335     1000     1670  5.4  4.0  6.8      871      621     1121  4.9  3.5  6.3  87267  81747  92787                                        Dallas County                                 IA est18all.txt 19NOV2019
19  51     1130      878     1382 12.7  9.9 15.5      496      358      634 18.9 13.6 24.2      355      244      466 19.6 13.5 25.7  54830  49672  59988                                        Davis County                                  IA est18all.txt 19NOV2019
19  53     1458     1168     1748 20.3 16.3 24.3      434      319      549 25.6 18.8 32.4      300      210      390 25.1 17.6 32.6  41101  36813  45389                                        Decatur County                                IA est18all.txt 19NOV2019
19  55     1521     1172     1870  9.0  6.9 11.1      472      336      608 11.9  8.5 15.3      333      226      440 11.5  7.8 15.2  61342  55628  67056                                        Delaware County                               IA est18all.txt 19NOV2019
19  57     4887     3913     5861 12.7 10.2 15.2     1698     1227     2169 19.8 14.3 25.3     1171      804     1538 18.6 12.8 24.4  51805  47344  56266                                        Des Moines County                             IA est18all.txt 19NOV2019
19  59     1330     1064     1596  7.8  6.2  9.4      300      220      380  9.3  6.8 11.8      189      132      246  7.9  5.5 10.3  55603  51199  60007                                        Dickinson County                              IA est18all.txt 19NOV2019
19  61    10555     9156    11954 11.3  9.8 12.8     2618     2005     3231 12.1  9.3 14.9     1654     1214     2094 10.6  7.8 13.4  60367  57168  63566                                        Dubuque County                                IA est18all.txt 19NOV2019
19  63      993      773     1213 11.2  8.7 13.7      296      215      377 16.6 12.1 21.1      206      142      270 16.1 11.1 21.1  51497  46147  56847                                        Emmet County                                  IA est18all.txt 19NOV2019
19  65     2203     1691     2715 11.7  9.0 14.4      657      462      852 16.4 11.5 21.3      437      287      587 14.9  9.8 20.0  50893  47763  54023                                        Fayette County                                IA est18all.txt 19NOV2019
19  67     1762     1362     2162 11.4  8.8 14.0      607      439      775 17.0 12.3 21.7      419      290      548 16.2 11.2 21.2  53811  48491  59131                                        Floyd County                                  IA est18all.txt 19NOV2019
19  69      984      752     1216  9.9  7.6 12.2      370      261      479 16.0 11.3 20.7      262      176      348 15.6 10.5 20.7  59367  53799  64935                                        Franklin County                               IA est18all.txt 19NOV2019
19  71      686      517      855 10.0  7.5 12.5      251      180      322 16.4 11.7 21.1      172      117      227 15.6 10.6 20.6  54658  49513  59803                                        Fremont County                                IA est18all.txt 19NOV2019
19  73     1073      861     1285 12.1  9.7 14.5      351      257      445 17.2 12.6 21.8      230      160      300 15.6 10.9 20.3  51861  46620  57102                                        Greene County                                 IA est18all.txt 19NOV2019
19  75      819      649      989  6.8  5.4  8.2      248      187      309  8.9  6.7 11.1      174      127      221  8.3  6.1 10.5  65060  60458  69662                                        Grundy County                                 IA est18all.txt 19NOV2019
19  77     1198      997     1399 11.4  9.5 13.3      329      260      398 14.0 11.1 16.9      206      150      262 11.7  8.6 14.8  60306  54375  66237                                        Guthrie County                                IA est18all.txt 19NOV2019
19  79     1230      953     1507  8.4  6.5 10.3      390      275      505 11.8  8.3 15.3      269      180      358 11.4  7.6 15.2  56738  51282  62194                                        Hamilton County                               IA est18all.txt 19NOV2019
19  81      902      717     1087  8.5  6.7 10.3      256      184      328 11.2  8.1 14.3      177      122      232 10.5  7.2 13.8  60859  55532  66186                                        Hancock County                                IA est18all.txt 19NOV2019
19  83     1594     1238     1950  9.9  7.7 12.1      470      334      606 14.9 10.6 19.2      319      215      423 13.7  9.2 18.2  55303  50039  60567                                        Hardin County                                 IA est18all.txt 19NOV2019
19  85     1347     1060     1634  9.7  7.6 11.8      413      300      526 12.8  9.3 16.3      284      199      369 12.1  8.5 15.7  60044  55151  64937                                        Harrison County                               IA est18all.txt 19NOV2019
19  87     2020     1565     2475 11.0  8.5 13.5      591      424      758 13.9 10.0 17.8      375      250      500 12.2  8.1 16.3  55856  50137  61575                                        Henry County                                  IA est18all.txt 19NOV2019
19  89      921      719     1123 10.2  8.0 12.4      307      218      396 13.8  9.8 17.8      210      141      279 12.8  8.6 17.0  53500  48699  58301                                        Howard County                                 IA est18all.txt 19NOV2019
19  91      911      715     1107  9.7  7.6 11.8      278      201      355 12.7  9.2 16.2      183      124      242 11.3  7.7 14.9  60166  54421  65911                                        Humboldt County                               IA est18all.txt 19NOV2019
19  93      693      552      834 10.3  8.2 12.4      206      148      264 12.6  9.1 16.1      140       96      184 11.6  8.0 15.2  60312  55954  64670                                        Ida County                                    IA est18all.txt 19NOV2019
19  95     1177      947     1407  7.4  5.9  8.9      299      217      381  8.1  5.9 10.3      196      133      259  7.2  4.9  9.5  64188  57782  70594                                        Iowa County                                   IA est18all.txt 19NOV2019
19  97     2123     1696     2550 11.1  8.9 13.3      639      459      819 15.1 10.8 19.4      417      280      554 13.5  9.1 17.9  54663  49004  60322                                        Jackson County                                IA est18all.txt 19NOV2019
19  99     3633     3011     4255 10.2  8.4 12.0      924      676     1172 11.2  8.2 14.2      609      423      795  9.9  6.9 12.9  60378  55236  65520                                        Jasper County                                 IA est18all.txt 19NOV2019
19 101     2740     2220     3260 16.3 13.2 19.4      557      407      707 19.9 14.6 25.2      377      260      494 18.9 13.1 24.7  46715  41672  51758                                        Jefferson County                              IA est18all.txt 19NOV2019
19 103    22536    20360    24712 15.8 14.3 17.3     4075     3386     4764 13.7 11.4 16.0     2888     2394     3382 13.7 11.4 16.0  64387  59944  68830                                        Johnson County                                IA est18all.txt 19NOV2019
19 105     2223     1799     2647 11.4  9.2 13.6      578      436      720 13.3 10.0 16.6      401      294      508 12.3  9.0 15.6  55405  52271  58539                                        Jones County                                  IA est18all.txt 19NOV2019
19 107     1258      996     1520 12.5  9.9 15.1      416      298      534 18.1 13.0 23.2      274      183      365 16.1 10.8 21.4  52122  47652  56592                                        Keokuk County                                 IA est18all.txt 19NOV2019
19 109     1477     1176     1778 10.1  8.0 12.2      388      278      498 12.1  8.7 15.5      266      179      353 11.3  7.6 15.0  55486  51638  59334                                        Kossuth County                                IA est18all.txt 19NOV2019
19 111     4758     3903     5613 14.6 12.0 17.2     1535     1184     1886 21.5 16.6 26.4      920      654     1186 18.2 12.9 23.5  48241  43887  52595                                        Lee County                                    IA est18all.txt 19NOV2019
19 113    20652    18180    23124  9.4  8.3 10.5     5866     4655     7077 11.4  9.0 13.8     3953     2998     4908 10.7  8.1 13.3  64878  61674  68082                                        Linn County                                   IA est18all.txt 19NOV2019
19 115     1183      945     1421 10.7  8.5 12.9      343      254      432 13.8 10.2 17.4      224      154      294 12.5  8.6 16.4  49585  45422  53748                                        Louisa County                                 IA est18all.txt 19NOV2019
19 117     1290     1031     1549 15.1 12.1 18.1      473      343      603 24.1 17.5 30.7      343      239      447 24.6 17.2 32.0  49956  45451  54461                                        Lucas County                                  IA est18all.txt 19NOV2019
19 119      806      609     1003  6.9  5.2  8.6      316      222      410  9.5  6.7 12.3      222      147      297  9.2  6.1 12.3  69048  62663  75433                                        Lyon County                                   IA est18all.txt 19NOV2019
19 121     1127      861     1393  7.0  5.3  8.7      310      220      400  7.8  5.5 10.1      204      137      271  6.7  4.5  8.9  74794  68817  80771                                        Madison County                                IA est18all.txt 19NOV2019
19 123     2639     2144     3134 12.4 10.1 14.7      806      610     1002 15.5 11.7 19.3      497      344      650 13.3  9.2 17.4  56492  52570  60414                                        Mahaska County                                IA est18all.txt 19NOV2019
19 125     2938     2400     3476  9.2  7.5 10.9      762      568      956  9.8  7.3 12.3      503      356      650  8.6  6.1 11.1  63491  57806  69176                                        Marion County                                 IA est18all.txt 19NOV2019
19 127     4340     3446     5234 11.3  9.0 13.6     1447     1059     1835 14.6 10.7 18.5      952      659     1245 13.1  9.1 17.1  59552  55779  63325                                        Marshall County                               IA est18all.txt 19NOV2019
19 129     1257      967     1547  8.6  6.6 10.6      363      260      466 10.5  7.5 13.5      240      163      317  9.2  6.2 12.2  64271  57900  70642                                        Mills County                                  IA est18all.txt 19NOV2019
19 131      955      722     1188  9.2  6.9 11.5      303      211      395 12.3  8.6 16.0      214      141      287 11.5  7.6 15.4  59558  53802  65314                                        Mitchell County                               IA est18all.txt 19NOV2019
19 133     1171      956     1386 13.9 11.4 16.4      347      260      434 18.5 13.9 23.1      224      155      293 16.3 11.3 21.3  50530  46706  54354                                        Monona County                                 IA est18all.txt 19NOV2019
19 135      885      685     1085 11.6  9.0 14.2      301      217      385 16.6 11.9 21.3      203      138      268 14.8 10.0 19.6  56541  51170  61912                                        Monroe County                                 IA est18all.txt 19NOV2019
19 137     1360     1090     1630 13.9 11.1 16.7      486      360      612 21.9 16.2 27.6      329      232      426 20.6 14.5 26.7  49966  45527  54405                                        Montgomery County                             IA est18all.txt 19NOV2019
19 139     4973     4052     5894 11.8  9.6 14.0     1669     1271     2067 16.0 12.2 19.8     1118      827     1409 14.7 10.9 18.5  58465  53306  63624                                        Muscatine County                              IA est18all.txt 19NOV2019
19 141     1231      973     1489  9.1  7.2 11.0      339      236      442 10.5  7.3 13.7      235      156      314 10.0  6.6 13.4  53147  49826  56468                                        O'Brien County                                IA est18all.txt 19NOV2019
19 143      559      445      673  9.4  7.5 11.3      187      137      237 13.3  9.8 16.8      128       88      168 12.0  8.3 15.7  60627  55939  65315                                        Osceola County                                IA est18all.txt 19NOV2019
19 145     1858     1457     2259 13.5 10.6 16.4      524      374      674 19.5 13.9 25.1      338      229      447 17.8 12.1 23.5  54313  50337  58289                                        Page County                                   IA est18all.txt 19NOV2019
19 147      834      624     1044  9.7  7.3 12.1      282      202      362 14.1 10.1 18.1      191      130      252 13.2  9.0 17.4  55322  50364  60280                                        Palo Alto County                              IA est18all.txt 19NOV2019
19 149     1999     1607     2391  8.1  6.5  9.7      578      426      730  9.4  6.9 11.9      407      293      521  8.9  6.4 11.4  66360  60243  72477                                        Plymouth County                               IA est18all.txt 19NOV2019
19 151      731      560      902 11.1  8.5 13.7      263      188      338 17.5 12.5 22.5      184      125      243 16.5 11.2 21.8  55865  51814  59916                                        Pocahontas County                             IA est18all.txt 19NOV2019
19 153    47499    42609    52389  9.9  8.9 10.9    13958    11526    16390 11.7  9.7 13.7     9321     7507    11135 11.0  8.9 13.1  68479  65793  71165                                        Polk County                                   IA est18all.txt 19NOV2019
19 155    10760     9182    12338 11.8 10.1 13.5     3235     2473     3997 15.1 11.6 18.6     2035     1456     2614 13.0  9.3 16.7  56337  52373  60301                                        Pottawattamie County                          IA est18all.txt 19NOV2019
19 157     1795     1374     2216 10.6  8.1 13.1      443      311      575 12.3  8.6 16.0      303      201      405 11.4  7.6 15.2  56170  50777  61563                                        Poweshiek County                              IA est18all.txt 19NOV2019
19 159      684      515      853 14.3 10.8 17.8      265      188      342 23.1 16.4 29.8      182      123      241 21.6 14.6 28.6  48754  44385  53123                                        Ringgold County                               IA est18all.txt 19NOV2019
19 161     1063      845     1281 11.2  8.9 13.5      313      227      399 14.6 10.6 18.6      208      142      274 13.4  9.2 17.6  56698  51494  61902                                        Sac County                                    IA est18all.txt 19NOV2019
19 163    21030    18330    23730 12.4 10.8 14.0     7137     5974     8300 17.8 14.9 20.7     4755     3892     5618 16.3 13.3 19.3  59865  56196  63534                                        Scott County                                  IA est18all.txt 19NOV2019
19 165      893      686     1100  7.9  6.1  9.7      252      179      325  9.9  7.0 12.8      169      114      224  8.6  5.8 11.4  58862  52549  65175                                        Shelby County                                 IA est18all.txt 19NOV2019
19 167     2069     1572     2566  6.3  4.8  7.8      673      478      868  7.2  5.1  9.3      458      309      607  6.7  4.5  8.9  70162  63614  76710                                        Sioux County                                  IA est18all.txt 19NOV2019
19 169    16410    15147    17673 18.9 17.4 20.4     1327      996     1658  8.3  6.2 10.4      762      521     1003  6.6  4.5  8.7  57464  53254  61674                                        Story County                                  IA est18all.txt 19NOV2019
19 171     1896     1534     2258 11.4  9.2 13.6      609      450      768 15.2 11.2 19.2      422      303      541 14.5 10.4 18.6  56954  51656  62252                                        Tama County                                   IA est18all.txt 19NOV2019
19 173      782      612      952 12.8 10.0 15.6      223      159      287 15.6 11.1 20.1      148       99      197 14.4  9.6 19.2  47781  43259  52303                                        Taylor County                                 IA est18all.txt 19NOV2019
19 175     1601     1267     1935 13.4 10.6 16.2      475      339      611 17.7 12.6 22.8      307      206      408 15.3 10.2 20.4  49887  45614  54160                                        Union County                                  IA est18all.txt 19NOV2019
19 177      917      706     1128 13.1 10.1 16.1      332      233      431 20.9 14.6 27.2      233      154      312 20.0 13.2 26.8  47905  43384  52426                                        Van Buren County                              IA est18all.txt 19NOV2019
19 179     5032     4081     5983 14.7 11.9 17.5     1529     1135     1923 19.8 14.7 24.9     1054      757     1351 19.3 13.9 24.7  48226  43795  52657                                        Wapello County                                IA est18all.txt 19NOV2019
19 181     3502     2908     4096  7.1  5.9  8.3      898      689     1107  7.2  5.5  8.9      586      432      740  6.3  4.7  7.9  78192  73224  83160                                        Warren County                                 IA est18all.txt 19NOV2019
19 183     1905     1494     2316  8.8  6.9 10.7      628      449      807 11.6  8.3 14.9      427      290      564 11.0  7.5 14.5  65849  61961  69737                                        Washington County                             IA est18all.txt 19NOV2019
19 185      817      608     1026 13.0  9.7 16.3      357      253      461 22.2 15.8 28.6      250      168      332 21.5 14.5 28.5  46725  42433  51017                                        Wayne County                                  IA est18all.txt 19NOV2019
19 187     4586     3736     5436 13.7 11.2 16.2     1421     1092     1750 18.5 14.2 22.8      955      711     1199 17.4 13.0 21.8  52093  47864  56322                                        Webster County                                IA est18all.txt 19NOV2019
19 189      912      690     1134  9.1  6.9 11.3      310      222      398 13.5  9.7 17.3      214      145      283 12.5  8.5 16.5  54433  49149  59717                                        Winnebago County                              IA est18all.txt 19NOV2019
19 191     1755     1383     2127  9.8  7.7 11.9      363      278      448  9.9  7.6 12.2      254      188      320  9.2  6.8 11.6  61807  57049  66565                                        Winneshiek County                             IA est18all.txt 19NOV2019
19 193    13835    11765    15905 13.8 11.7 15.9     5183     4191     6175 19.8 16.0 23.6     3634     2887     4381 19.3 15.3 23.3  60059  57267  62851                                        Woodbury County                               IA est18all.txt 19NOV2019
19 195      717      564      870  9.8  7.7 11.9      232      167      297 15.4 11.1 19.7      165      114      216 15.0 10.3 19.7  58587  54163  63011                                        Worth County                                  IA est18all.txt 19NOV2019
19 197     1321     1036     1606 10.6  8.3 12.9      505      360      650 17.0 12.1 21.9      352      239      465 16.3 11.1 21.5  54802  51110  58494                                        Wright County                                 IA est18all.txt 19NOV2019
20   0   336892   326660   347124 11.9 11.5 12.3   102616    97199   108033 14.8 14.0 15.6    68153    63396    72910 13.5 12.6 14.4  58150  57401  58899   31157   28414   33900 16.9 15.4 18.4 Kansas                                        KS est18all.txt 19NOV2019
20   1     2269     1877     2661 18.9 15.6 22.2      725      565      885 26.8 20.9 32.7      482      363      601 24.0 18.1 29.9  44423  40081  48765                                        Allen County                                  KS est18all.txt 19NOV2019
20   3     1015      791     1239 13.1 10.2 16.0      328      235      421 16.7 12.0 21.4      226      155      297 15.6 10.7 20.5  50646  45637  55655                                        Anderson County                               KS est18all.txt 19NOV2019
20   5     2326     1846     2806 15.5 12.3 18.7      677      494      860 18.3 13.4 23.2      464      325      603 17.0 11.9 22.1  49332  44599  54065                                        Atchison County                               KS est18all.txt 19NOV2019
20   7      564      441      687 12.8 10.0 15.6      201      145      257 19.9 14.4 25.4      139       95      183 19.0 12.9 25.1  47634  42568  52700                                        Barber County                                 KS est18all.txt 19NOV2019
20   9     3673     2954     4392 14.5 11.7 17.3     1142      834     1450 18.9 13.8 24.0      767      531     1003 17.4 12.0 22.8  49991  45652  54330                                        Barton County                                 KS est18all.txt 19NOV2019
20  11     2261     1800     2722 16.0 12.7 19.3      828      601     1055 22.5 16.3 28.7      567      388      746 21.3 14.6 28.0  41807  39170  44444                                        Bourbon County                                KS est18all.txt 19NOV2019
20  13     1264     1000     1528 13.3 10.5 16.1      466      335      597 19.7 14.2 25.2      327      225      429 18.7 12.9 24.5  47529  42952  52106                                        Brown County                                  KS est18all.txt 19NOV2019
20  15     6184     4969     7399  9.6  7.7 11.5     1969     1459     2479 11.8  8.7 14.9     1313      922     1704 10.4  7.3 13.5  65953  61075  70831                                        Butler County                                 KS est18all.txt 19NOV2019
20  17      254      193      315 10.3  7.8 12.8       66       47       85 12.8  9.2 16.4       45       30       60 11.9  8.0 15.8  50981  45479  56483                                        Chase County                                  KS est18all.txt 19NOV2019
20  19      553      433      673 17.2 13.5 20.9      170      123      217 26.8 19.4 34.2      120       82      158 25.5 17.4 33.6  41129  36743  45515                                        Chautauqua County                             KS est18all.txt 19NOV2019
20  21     3246     2609     3883 16.5 13.3 19.7     1014      738     1290 22.5 16.4 28.6      694      481      907 20.7 14.3 27.1  44475  39786  49164                                        Cherokee County                               KS est18all.txt 19NOV2019
20  23      322      248      396 12.4  9.5 15.3      110       79      141 20.0 14.4 25.6       76       52      100 20.2 13.7 26.7  43274  38505  48043                                        Cheyenne County                               KS est18all.txt 19NOV2019
20  25      254      198      310 13.1 10.2 16.0       92       67      117 19.5 14.2 24.8       64       45       83 17.8 12.4 23.2  51235  46297  56173                                        Clark County                                  KS est18all.txt 19NOV2019
20  27      839      648     1030 10.7  8.3 13.1      309      220      398 16.8 11.9 21.7      218      147      289 16.5 11.1 21.9  52681  47425  57937                                        Clay County                                   KS est18all.txt 19NOV2019
20  29     1320     1092     1548 16.0 13.2 18.8      352      259      445 18.4 13.6 23.2      231      161      301 16.4 11.4 21.4  44467  40015  48919                                        Cloud County                                  KS est18all.txt 19NOV2019
20  31      868      707     1029 10.7  8.7 12.7      260      204      316 14.8 11.6 18.0      155      109      201 12.1  8.5 15.7  58371  52268  64474                                        Coffey County                                 KS est18all.txt 19NOV2019
20  33      186      144      228 11.2  8.7 13.7       58       42       74 14.6 10.5 18.7       37       25       49 12.1  8.2 16.0  46818  41677  51959                                        Comanche County                               KS est18all.txt 19NOV2019
20  35     5109     4148     6070 15.4 12.5 18.3     1746     1316     2176 21.6 16.3 26.9     1148      821     1475 19.3 13.8 24.8  47864  43114  52614                                        Cowley County                                 KS est18all.txt 19NOV2019
20  37     6547     5501     7593 17.7 14.9 20.5     1752     1311     2193 21.4 16.0 26.8     1149      794     1504 19.8 13.7 25.9  43852  40769  46935                                        Crawford County                               KS est18all.txt 19NOV2019
20  39      378      292      464 13.6 10.5 16.7      113       81      145 21.0 15.1 26.9       81       55      107 21.0 14.3 27.7  44774  40330  49218                                        Decatur County                                KS est18all.txt 19NOV2019
20  41     2006     1612     2400 10.9  8.8 13.0      668      489      847 15.4 11.3 19.5      471      331      611 14.6 10.2 19.0  50605  45648  55562                                        Dickinson County                              KS est18all.txt 19NOV2019
20  43      955      745     1165 13.3 10.4 16.2      281      202      360 17.8 12.8 22.8      192      132      252 16.4 11.2 21.6  50949  45973  55925                                        Doniphan County                               KS est18all.txt 19NOV2019
20  45    19181    17129    21233 17.0 15.2 18.8     2694     2136     3252 12.4  9.8 15.0     1551     1086     2016  9.9  6.9 12.9  57120  51805  62435                                        Douglas County                                KS est18all.txt 19NOV2019
20  47      317      247      387 11.3  8.8 13.8      108       77      139 16.5 11.8 21.2       74       50       98 15.2 10.3 20.1  46962  42145  51779                                        Edwards County                                KS est18all.txt 19NOV2019
20  49      434      341      527 17.7 13.9 21.5      148      106      190 27.8 20.0 35.6      107       73      141 27.7 18.9 36.5  37360  33408  41312                                        Elk County                                    KS est18all.txt 19NOV2019
20  51     3303     2683     3923 12.0  9.8 14.2      741      541      941 12.2  8.9 15.5      494      339      649 11.2  7.7 14.7  53840  48898  58782                                        Ellis County                                  KS est18all.txt 19NOV2019
20  53      622      496      748 11.9  9.5 14.3      152      113      191 14.2 10.6 17.8      109       80      138 13.7 10.0 17.4  50261  44755  55767                                        Ellsworth County                              KS est18all.txt 19NOV2019
20  55     4740     3856     5624 13.2 10.7 15.7     1895     1423     2367 17.5 13.2 21.8     1259      895     1623 16.4 11.7 21.1  56206  51009  61403                                        Finney County                                 KS est18all.txt 19NOV2019
20  57     3818     2928     4708 11.6  8.9 14.3     1572     1136     2008 15.8 11.4 20.2     1069      726     1412 15.3 10.4 20.2  56052  50747  61357                                        Ford County                                   KS est18all.txt 19NOV2019
20  59     2337     1782     2892  9.3  7.1 11.5      804      576     1032 13.6  9.7 17.5      520      351      689 11.8  8.0 15.6  58033  52995  63071                                        Franklin County                               KS est18all.txt 19NOV2019
20  61     3263     2628     3898 10.3  8.3 12.3     1562     1204     1920 16.0 12.3 19.7     1090      807     1373 18.3 13.6 23.0  50856  46083  55629                                        Geary County                                  KS est18all.txt 19NOV2019
20  63      291      229      353 11.4  9.0 13.8      107       77      137 17.5 12.6 22.4       77       53      101 17.3 11.8 22.8  49626  44436  54816                                        Gove County                                   KS est18all.txt 19NOV2019
20  65      307      232      382 12.5  9.4 15.6       82       59      105 17.2 12.4 22.0       55       37       73 14.5  9.9 19.1  41906  37543  46269                                        Graham County                                 KS est18all.txt 19NOV2019
20  67      788      606      970 10.9  8.4 13.4      380      274      486 17.0 12.3 21.7      267      182      352 16.0 10.9 21.1  61614  54865  68363                                        Grant County                                  KS est18all.txt 19NOV2019
20  69      447      339      555  7.5  5.7  9.3      160      114      206  9.3  6.6 12.0      103       69      137  8.1  5.4 10.8  65771  61779  69763                                        Gray County                                   KS est18all.txt 19NOV2019
20  71      135      102      168 11.3  8.6 14.0       59       42       76 18.6 13.3 23.9       42       29       55 17.1 11.7 22.5  51606  45933  57279                                        Greeley County                                KS est18all.txt 19NOV2019
20  73      861      671     1051 14.5 11.3 17.7      273      199      347 21.3 15.6 27.0      179      121      237 18.9 12.8 25.0  43083  38857  47309                                        Greenwood County                              KS est18all.txt 19NOV2019
20  75      365      283      447 14.1 10.9 17.3      145      106      184 19.6 14.3 24.9      103       73      133 19.1 13.5 24.7  51559  45848  57270                                        Hamilton County                               KS est18all.txt 19NOV2019
20  77      766      599      933 14.3 11.2 17.4      271      196      346 20.2 14.6 25.8      187      128      246 18.9 12.9 24.9  45570  41120  50020                                        Harper County                                 KS est18all.txt 19NOV2019
20  79     3411     2749     4073 10.4  8.4 12.4     1100      834     1366 13.7 10.4 17.0      765      565      965 12.7  9.4 16.0  57934  52709  63159                                        Harvey County                                 KS est18all.txt 19NOV2019
20  81      413      316      510 10.5  8.1 12.9      163      117      209 14.7 10.6 18.8      113       77      149 13.6  9.3 17.9  60808  54177  67439                                        Haskell County                                KS est18all.txt 19NOV2019
20  83      210      167      253 11.7  9.3 14.1       54       40       68 13.4 10.1 16.7       37       27       47 13.1  9.4 16.8  54058  48251  59865                                        Hodgeman County                               KS est18all.txt 19NOV2019
20  85     1375     1104     1646 10.5  8.4 12.6      470      360      580 14.6 11.2 18.0      335      250      420 14.0 10.4 17.6  56330  51587  61073                                        Jackson County                                KS est18all.txt 19NOV2019
20  87     1411     1083     1739  7.6  5.8  9.4      442      317      567 10.5  7.5 13.5      293      198      388  9.2  6.2 12.2  69246  63980  74512                                        Jefferson County                              KS est18all.txt 19NOV2019
20  89      420      336      504 15.0 12.0 18.0      121       88      154 22.9 16.7 29.1       89       63      115 23.7 16.7 30.7  44271  39513  49029                                        Jewell County                                 KS est18all.txt 19NOV2019
20  91    32334    28695    35973  5.5  4.9  6.1     8555     7040    10070  6.0  4.9  7.1     5476     4302     6650  5.2  4.1  6.3  87087  84883  89291                                        Johnson County                                KS est18all.txt 19NOV2019
20  93      478      385      571 12.4 10.0 14.8      198      152      244 17.6 13.5 21.7      137      101      173 16.9 12.5 21.3  63248  56225  70271                                        Kearny County                                 KS est18all.txt 19NOV2019
20  95      786      595      977 11.1  8.4 13.8      280      199      361 18.3 13.0 23.6      202      137      267 18.0 12.2 23.8  56005  51285  60725                                        Kingman County                                KS est18all.txt 19NOV2019
20  97      286      217      355 12.1  9.2 15.0       90       64      116 16.0 11.4 20.6       62       42       82 15.6 10.6 20.6  64399  62923  65875                                        Kiowa County                                  KS est18all.txt 19NOV2019
20  99     3129     2512     3746 16.0 12.8 19.2     1053      752     1354 22.7 16.2 29.2      720      489      951 21.8 14.8 28.8  44571  40712  48430                                        Labette County                                KS est18all.txt 19NOV2019
20 101      159      123      195 10.3  8.0 12.6       50       36       64 14.9 10.9 18.9       35       24       46 14.2  9.9 18.5  59240  52755  65725                                        Lane County                                   KS est18all.txt 19NOV2019
20 103     7925     6785     9065 10.6  9.1 12.1     2290     1853     2727 12.1  9.8 14.4     1602     1264     1940 11.7  9.2 14.2  70807  64750  76864                                        Leavenworth County                            KS est18all.txt 19NOV2019
20 105      375      290      460 12.7  9.8 15.6      123       91      155 18.6 13.7 23.5       84       60      108 16.8 11.9 21.7  44439  40269  48609                                        Lincoln County                                KS est18all.txt 19NOV2019
20 107     1244      979     1509 12.9 10.2 15.6      376      270      482 17.5 12.5 22.5      253      171      335 15.6 10.6 20.6  47153  42640  51666                                        Linn County                                   KS est18all.txt 19NOV2019
20 109      253      191      315  9.1  6.9 11.3      101       73      129 15.2 10.9 19.5       70       48       92 15.3 10.5 20.1  50267  44753  55781                                        Logan County                                  KS est18all.txt 19NOV2019
20 111     5142     4411     5873 16.1 13.8 18.4     1107      792     1422 15.2 10.9 19.5      712      478      946 13.5  9.1 17.9  47982  43085  52879                                        Lyon County                                   KS est18all.txt 19NOV2019
20 113     2881     2445     3317 10.5  8.9 12.1      684      537      831 10.7  8.4 13.0      427      312      542  8.9  6.5 11.3  58017  52752  63282                                        McPherson County                              KS est18all.txt 19NOV2019
20 115     1075      818     1332  9.6  7.3 11.9      301      213      389 12.2  8.6 15.8      210      141      279 11.3  7.6 15.0  51712  46975  56449                                        Marion County                                 KS est18all.txt 19NOV2019
20 117     1068      866     1270 11.2  9.1 13.3      337      252      422 14.8 11.1 18.5      243      175      311 14.7 10.6 18.8  51066  47296  54836                                        Marshall County                               KS est18all.txt 19NOV2019
20 119      376      286      466  9.4  7.2 11.6      139       99      179 13.3  9.5 17.1       97       66      128 12.5  8.5 16.5  67220  62308  72132                                        Meade County                                  KS est18all.txt 19NOV2019
20 121     2603     2069     3137  7.9  6.3  9.5      781      579      983  9.7  7.2 12.2      546      395      697  9.0  6.5 11.5  71770  65240  78300                                        Miami County                                  KS est18all.txt 19NOV2019
20 123      669      512      826 11.4  8.7 14.1      244      175      313 17.5 12.6 22.4      174      119      229 17.9 12.2 23.6  51514  46282  56746                                        Mitchell County                               KS est18all.txt 19NOV2019
20 125     5998     4980     7016 19.5 16.2 22.8     2147     1677     2617 28.9 22.6 35.2     1475     1124     1826 26.9 20.5 33.3  42479  38438  46520                                        Montgomery County                             KS est18all.txt 19NOV2019
20 127      620      484      756 11.4  8.9 13.9      193      143      243 17.4 12.9 21.9      135       94      176 16.5 11.5 21.5  49287  44170  54404                                        Morris County                                 KS est18all.txt 19NOV2019
20 129      286      219      353 11.1  8.5 13.7      106       76      136 16.7 12.0 21.4       72       49       95 14.5  9.9 19.1  53785  48058  59512                                        Morton County                                 KS est18all.txt 19NOV2019
20 131      898      709     1087  9.1  7.2 11.0      283      205      361 10.9  7.9 13.9      195      132      258 10.5  7.1 13.9  59567  53664  65470                                        Nemaha County                                 KS est18all.txt 19NOV2019
20 133     2271     1756     2786 14.8 11.5 18.1      866      626     1106 22.7 16.4 29.0      593      412      774 21.5 14.9 28.1  46176  41383  50969                                        Neosho County                                 KS est18all.txt 19NOV2019
20 135      291      223      359 10.5  8.0 13.0       84       60      108 13.8  9.9 17.7       58       39       77 13.1  8.9 17.3  51757  46942  56572                                        Ness County                                   KS est18all.txt 19NOV2019
20 137      670      523      817 14.6 11.4 17.8      191      136      246 18.8 13.4 24.2      134       90      178 18.6 12.5 24.7  47252  42374  52130                                        Norton County                                 KS est18all.txt 19NOV2019
20 139     1953     1615     2291 12.5 10.3 14.7      604      456      752 16.6 12.5 20.7      433      319      547 15.9 11.7 20.1  53864  49123  58605                                        Osage County                                  KS est18all.txt 19NOV2019
20 141      434      340      528 12.9 10.1 15.7      129       93      165 18.6 13.4 23.8       90       62      118 18.3 12.6 24.0  46101  41435  50767                                        Osborne County                                KS est18all.txt 19NOV2019
20 143      577      447      707 10.2  7.9 12.5      172      124      220 13.4  9.7 17.1      120       83      157 12.0  8.3 15.7  56451  50676  62226                                        Ottawa County                                 KS est18all.txt 19NOV2019
20 145      787      595      979 14.2 10.7 17.7      169      121      217 18.1 13.0 23.2      110       74      146 16.6 11.2 22.0  47039  42234  51844                                        Pawnee County                                 KS est18all.txt 19NOV2019
20 147      646      501      791 12.4  9.6 15.2      216      157      275 18.5 13.5 23.5      150      104      196 17.3 12.0 22.6  47405  42999  51811                                        Phillips County                               KS est18all.txt 19NOV2019
20 149     1907     1492     2322  8.0  6.3  9.7      656      484      828  9.4  6.9 11.9      435      301      569  8.6  6.0 11.2  69975  63036  76914                                        Pottawatomie County                           KS est18all.txt 19NOV2019
20 151     1074      852     1296 12.0  9.5 14.5      381      277      485 16.7 12.1 21.3      236      156      316 14.5  9.6 19.4  52567  46980  58154                                        Pratt County                                  KS est18all.txt 19NOV2019
20 153      316      245      387 12.9 10.0 15.8       99       71      127 19.2 13.8 24.6       71       49       93 19.6 13.4 25.8  46638  41488  51788                                        Rawlins County                                KS est18all.txt 19NOV2019
20 155     7266     5781     8751 12.3  9.8 14.8     2094     1460     2728 15.4 10.7 20.1     1340      848     1832 13.1  8.3 17.9  49341  46328  52354                                        Reno County                                   KS est18all.txt 19NOV2019
20 157      502      393      611 11.0  8.6 13.4      143      103      183 15.0 10.8 19.2      103       70      136 14.7 10.0 19.4  48566  44229  52903                                        Republic County                               KS est18all.txt 19NOV2019
20 159     1221      978     1464 13.8 11.1 16.5      407      304      510 19.2 14.3 24.1      277      199      355 17.8 12.8 22.8  51686  46610  56762                                        Rice County                                   KS est18all.txt 19NOV2019
20 161    13273    11768    14778 20.7 18.4 23.0     1535     1129     1941 12.7  9.3 16.1     1016      721     1311 12.8  9.1 16.5  47057  43756  50358                                        Riley County                                  KS est18all.txt 19NOV2019
20 163      550      418      682 11.2  8.5 13.9      169      121      217 15.4 11.0 19.8      120       82      158 15.3 10.4 20.2  47365  42756  51974                                        Rooks County                                  KS est18all.txt 19NOV2019
20 165      417      333      501 13.8 11.0 16.6      125       90      160 19.6 14.1 25.1       90       62      118 19.1 13.1 25.1  44121  39366  48876                                        Rush County                                   KS est18all.txt 19NOV2019
20 167      932      713     1151 13.7 10.5 16.9      303      217      389 20.6 14.8 26.4      190      125      255 18.1 11.9 24.3  45879  41216  50542                                        Russell County                                KS est18all.txt 19NOV2019
20 169     5812     4638     6986 11.0  8.8 13.2     1939     1412     2466 15.8 11.5 20.1     1295      902     1688 14.6 10.2 19.0  53961  49132  58790                                        Saline County                                 KS est18all.txt 19NOV2019
20 171      373      286      460  7.8  6.0  9.6      166      119      213 12.8  9.2 16.4      120       82      158 12.2  8.3 16.1  63790  56861  70719                                        Scott County                                  KS est18all.txt 19NOV2019
20 173    67722    61567    73877 13.4 12.2 14.6    22111    19040    25182 17.1 14.7 19.5    14599    12223    16975 15.5 13.0 18.0  56381  54121  58641                                        Sedgwick County                               KS est18all.txt 19NOV2019
20 175     3216     2613     3819 15.1 12.3 17.9     1257      941     1573 18.5 13.9 23.1      832      588     1076 17.3 12.2 22.4  50671  45937  55405                                        Seward County                                 KS est18all.txt 19NOV2019
20 177    24062    20967    27157 13.9 12.1 15.7     7149     5594     8704 17.5 13.7 21.3     4563     3375     5751 15.2 11.2 19.2  53612  50017  57207                                        Shawnee County                                KS est18all.txt 19NOV2019
20 179      297      224      370 11.9  9.0 14.8      138       98      178 21.9 15.5 28.3      100       67      133 21.7 14.5 28.9  50553  45292  55814                                        Sheridan County                               KS est18all.txt 19NOV2019
20 181      790      609      971 13.7 10.6 16.8      276      197      355 20.1 14.4 25.8      189      129      249 19.4 13.2 25.6  45966  41065  50867                                        Sherman County                                KS est18all.txt 19NOV2019
20 183      431      330      532 12.2  9.3 15.1      128       92      164 18.0 12.9 23.1       91       62      120 18.1 12.4 23.8  41899  37906  45892                                        Smith County                                  KS est18all.txt 19NOV2019
20 185      549      427      671 13.4 10.4 16.4      197      143      251 20.5 14.8 26.2      136       94      178 19.5 13.5 25.5  47835  42612  53058                                        Stafford County                               KS est18all.txt 19NOV2019
20 187      223      172      274 11.5  8.9 14.1       85       61      109 16.6 11.9 21.3       61       42       80 16.3 11.2 21.4  60136  53515  66757                                        Stanton County                                KS est18all.txt 19NOV2019
20 189      588      462      714 10.7  8.4 13.0      244      184      304 15.3 11.5 19.1      170      124      216 13.6  9.9 17.3  58817  52537  65097                                        Stevens County                                KS est18all.txt 19NOV2019
20 191     3016     2473     3559 13.4 11.0 15.8      930      692     1168 16.7 12.4 21.0      620      441      799 14.6 10.4 18.8  56946  52979  60913                                        Sumner County                                 KS est18all.txt 19NOV2019
20 193      727      551      903  9.9  7.5 12.3      213      153      273 12.0  8.6 15.4      137       93      181 11.3  7.7 14.9  55345  49530  61160                                        Thomas County                                 KS est18all.txt 19NOV2019
20 195      316      244      388 11.6  8.9 14.3       78       57       99 16.3 11.9 20.7       55       38       72 16.2 11.1 21.3  48520  43320  53720                                        Trego County                                  KS est18all.txt 19NOV2019
20 197      548      425      671  8.1  6.3  9.9      171      125      217 10.8  7.9 13.7      111       77      145  9.3  6.4 12.2  59744  54495  64993                                        Wabaunsee County                              KS est18all.txt 19NOV2019
20 199      194      151      237 13.1 10.2 16.0       58       42       74 15.4 11.1 19.7       40       27       53 15.5 10.6 20.4  51350  45819  56881                                        Wallace County                                KS est18all.txt 19NOV2019
20 201      655      529      781 12.4 10.0 14.8      204      156      252 17.1 13.1 21.1      144      106      182 17.2 12.7 21.7  48104  43096  53112                                        Washington County                             KS est18all.txt 19NOV2019
20 203      247      188      306 11.9  9.1 14.7      105       75      135 19.3 13.8 24.8       73       50       96 17.2 11.7 22.7  59800  54378  65222                                        Wichita County                                KS est18all.txt 19NOV2019
20 205     1307     1039     1575 15.4 12.2 18.6      452      335      569 22.2 16.5 27.9      302      209      395 20.2 14.0 26.4  45697  41248  50146                                        Wilson County                                 KS est18all.txt 19NOV2019
20 207      502      396      608 16.1 12.7 19.5      156      112      200 24.0 17.3 30.7      106       72      140 21.9 15.0 28.8  43894  40233  47555                                        Woodson County                                KS est18all.txt 19NOV2019
20 209    30035    26524    33546 18.4 16.3 20.5    11949     9952    13946 26.5 22.1 30.9     8032     6508     9556 25.1 20.3 29.9  47084  44783  49385                                        Wyandotte County                              KS est18all.txt 19NOV2019
21   0   723053   707601   738505 16.7 16.3 17.1   219283   210957   227609 22.3 21.5 23.1   150539   143195   157883 21.2 20.2 22.2  50189  49631  50747   64298   60484   68112 24.2 22.8 25.6 Kentucky                                      KY est18all.txt 19NOV2019
21   1     4269     3358     5180 23.8 18.7 28.9     1298      958     1638 35.0 25.8 44.2      900      638     1162 33.6 23.8 43.4  37392  33914  40870                                        Adair County                                  KY est18all.txt 19NOV2019
21   3     3601     2855     4347 17.3 13.7 20.9     1168      862     1474 24.6 18.2 31.0      772      542     1002 22.0 15.4 28.6  44624  40107  49141                                        Allen County                                  KY est18all.txt 19NOV2019
21   5     2239     1805     2673 10.0  8.1 11.9      747      567      927 14.4 10.9 17.9      541      406      676 14.1 10.6 17.6  60908  54326  67490                                        Anderson County                               KY est18all.txt 19NOV2019
21   7     1197      937     1457 15.3 12.0 18.6      403      300      506 24.4 18.2 30.6      279      200      358 22.1 15.8 28.4  47658  42991  52325                                        Ballard County                                KY est18all.txt 19NOV2019
21   9     8284     6966     9602 19.2 16.1 22.3     2690     2009     3371 26.8 20.0 33.6     1805     1267     2343 25.3 17.8 32.8  42439  39122  45756                                        Barren County                                 KY est18all.txt 19NOV2019
21  11     2495     1926     3064 20.4 15.7 25.1     1000      721     1279 33.1 23.9 42.3      709      491      927 32.1 22.2 42.0  44183  41281  47085                                        Bath County                                   KY est18all.txt 19NOV2019
21  13     7998     6500     9496 31.3 25.4 37.2     2399     1832     2966 43.5 33.2 53.8     1718     1282     2154 43.1 32.2 54.0  29362  26357  32367                                        Bell County                                   KY est18all.txt 19NOV2019
21  15     8371     6473    10269  6.4  4.9  7.9     2900     2111     3689  8.7  6.3 11.1     1952     1355     2549  7.8  5.4 10.2  77696  72360  83032                                        Boone County                                  KY est18all.txt 19NOV2019
21  17     3274     2631     3917 16.5 13.3 19.7     1098      820     1376 24.2 18.1 30.3      719      507      931 21.7 15.3 28.1  48614  43630  53598                                        Bourbon County                                KY est18all.txt 19NOV2019
21  19     8229     6795     9663 18.3 15.1 21.5     2595     1987     3203 26.8 20.5 33.1     1856     1394     2318 26.2 19.7 32.7  48020  44930  51110                                        Boyd County                                   KY est18all.txt 19NOV2019
21  21     3962     3176     4748 14.8 11.9 17.7     1174      862     1486 20.3 14.9 25.7      817      576     1058 19.4 13.7 25.1  47528  43368  51688                                        Boyle County                                  KY est18all.txt 19NOV2019
21  23      918      671     1165 11.3  8.3 14.3      402      288      516 21.6 15.5 27.7      279      190      368 20.1 13.7 26.5  56432  52793  60071                                        Bracken County                                KY est18all.txt 19NOV2019
21  25     4040     3268     4812 32.5 26.3 38.7     1068      807     1329 43.4 32.8 54.0      750      550      950 44.2 32.4 56.0  31182  27825  34539                                        Breathitt County                              KY est18all.txt 19NOV2019
21  27     3761     3154     4368 18.8 15.8 21.8     1071      783     1359 23.7 17.3 30.1      744      510      978 22.6 15.5 29.7  47284  43158  51410                                        Breckinridge County                           KY est18all.txt 19NOV2019
21  29     7596     6279     8913  9.5  7.9 11.1     2184     1673     2695 12.6  9.7 15.5     1516     1116     1916 11.6  8.5 14.7  61022  56277  65767                                        Bullitt County                                KY est18all.txt 19NOV2019
21  31     2213     1799     2627 17.7 14.4 21.0      607      445      769 22.1 16.2 28.0      440      318      562 22.2 16.0 28.4  43048  38599  47497                                        Butler County                                 KY est18all.txt 19NOV2019
21  33     2254     1826     2682 18.0 14.6 21.4      732      548      916 26.6 19.9 33.3      507      365      649 24.9 17.9 31.9  43659  40272  47046                                        Caldwell County                               KY est18all.txt 19NOV2019
21  35     7605     6546     8664 21.3 18.3 24.3     1591     1217     1965 23.1 17.7 28.5     1089      801     1377 22.2 16.3 28.1  41873  37794  45952                                        Calloway County                               KY est18all.txt 19NOV2019
21  37    11741    10294    13188 13.1 11.5 14.7     2719     2166     3272 14.4 11.5 17.3     1885     1465     2305 14.0 10.9 17.1  60904  56626  65182                                        Campbell County                               KY est18all.txt 19NOV2019
21  39      808      673      943 17.2 14.3 20.1      252      188      316 23.7 17.7 29.7      160      111      209 21.3 14.7 27.9  41249  37060  45438                                        Carlisle County                               KY est18all.txt 19NOV2019
21  41     1620     1255     1985 15.6 12.1 19.1      668      476      860 24.8 17.7 31.9      466      319      613 24.3 16.6 32.0  47623  42419  52827                                        Carroll County                                KY est18all.txt 19NOV2019
21  43     8154     7284     9024 31.1 27.8 34.4     1977     1573     2381 33.4 26.6 40.2     1375     1059     1691 32.6 25.1 40.1  32906  29172  36640                                        Carter County                                 KY est18all.txt 19NOV2019
21  45     4001     3198     4804 26.0 20.8 31.2     1358     1007     1709 38.5 28.5 48.5      963      684     1242 38.2 27.1 49.3  34358  31666  37050                                        Casey County                                  KY est18all.txt 19NOV2019
21  47    11906     9772    14040 18.2 14.9 21.5     4941     3758     6124 26.3 20.0 32.6     3358     2472     4244 27.9 20.6 35.2  40299  37266  43332                                        Christian County                              KY est18all.txt 19NOV2019
21  49     5712     4855     6569 16.0 13.6 18.4     1953     1588     2318 24.8 20.2 29.4     1372     1097     1647 23.9 19.1 28.7  50162  45774  54550                                        Clark County                                  KY est18all.txt 19NOV2019
21  51     7015     5669     8361 38.2 30.9 45.5     1887     1388     2386 47.2 34.7 59.7     1279      885     1673 45.0 31.1 58.9  28146  25346  30946                                        Clay County                                   KY est18all.txt 19NOV2019
21  53     2580     2064     3096 25.7 20.6 30.8      823      621     1025 37.5 28.3 46.7      570      418      722 35.9 26.3 45.5  31118  28038  34198                                        Clinton County                                KY est18all.txt 19NOV2019
21  55     1540     1179     1901 17.8 13.6 22.0      553      393      713 28.7 20.4 37.0      387      260      514 26.3 17.6 35.0  43624  39078  48170                                        Crittenden County                             KY est18all.txt 19NOV2019
21  57     1522     1198     1846 23.3 18.4 28.2      466      335      597 33.1 23.8 42.4      329      226      432 32.7 22.5 42.9  33541  29972  37110                                        Cumberland County                             KY est18all.txt 19NOV2019
21  59    15026    13216    16836 15.3 13.5 17.1     4598     3776     5420 19.2 15.8 22.6     3034     2439     3629 17.6 14.2 21.0  51441  48742  54140                                        Daviess County                                KY est18all.txt 19NOV2019
21  61     2110     1667     2553 17.4 13.7 21.1      484      335      633 22.1 15.3 28.9      342      222      462 21.4 13.9 28.9  43151  38905  47397                                        Edmonson County                               KY est18all.txt 19NOV2019
21  63     1621     1211     2031 25.2 18.8 31.6      389      265      513 29.1 19.8 38.4      299      201      397 30.0 20.2 39.8  35446  31597  39295                                        Elliott County                                KY est18all.txt 19NOV2019
21  65     3541     2808     4274 25.3 20.1 30.5      980      715     1245 33.0 24.1 41.9      680      479      881 30.8 21.7 39.9  35701  31956  39446                                        Estill County                                 KY est18all.txt 19NOV2019
21  67    45485    41121    49849 14.6 13.2 16.0    11428     9420    13436 17.3 14.3 20.3     7548     5964     9132 16.1 12.7 19.5  55358  52931  57785                                        Fayette County                                KY est18all.txt 19NOV2019
21  69     2669     2118     3220 18.6 14.8 22.4      985      741     1229 29.1 21.9 36.3      664      466      862 26.5 18.6 34.4  42571  38228  46914                                        Fleming County                                KY est18all.txt 19NOV2019
21  71    12084    10492    13676 34.2 29.7 38.7     3390     2792     3988 44.3 36.5 52.1     2576     2130     3022 46.1 38.1 54.1  33218  29799  36637                                        Floyd County                                  KY est18all.txt 19NOV2019
21  73     6352     5179     7525 12.9 10.5 15.3     1945     1456     2434 18.8 14.1 23.5     1316      924     1708 17.5 12.3 22.7  53134  49147  57121                                        Franklin County                               KY est18all.txt 19NOV2019
21  75     1705     1377     2033 30.2 24.4 36.0      608      472      744 46.1 35.8 56.4      402      288      516 43.6 31.2 56.0  32355  28834  35876                                        Fulton County                                 KY est18all.txt 19NOV2019
21  77     1319     1049     1589 15.1 12.0 18.2      488      364      612 23.6 17.6 29.6      351      256      446 23.1 16.9 29.3  49060  43869  54251                                        Gallatin County                               KY est18all.txt 19NOV2019
21  79     2797     2222     3372 16.1 12.8 19.4      878      660     1096 23.5 17.7 29.3      582      411      753 21.0 14.8 27.2  51203  45781  56625                                        Garrard County                                KY est18all.txt 19NOV2019
21  81     3404     2696     4112 13.9 11.0 16.8     1303      979     1627 20.3 15.3 25.3      844      594     1094 18.4 12.9 23.9  53965  48314  59616                                        Grant County                                  KY est18all.txt 19NOV2019
21  83     6204     5010     7398 16.9 13.6 20.2     2195     1619     2771 25.4 18.7 32.1     1515     1067     1963 24.5 17.3 31.7  46785  42865  50705                                        Graves County                                 KY est18all.txt 19NOV2019
21  85     5431     4550     6312 21.4 17.9 24.9     1709     1312     2106 28.7 22.0 35.4     1259      964     1554 28.5 21.8 35.2  40780  36881  44679                                        Grayson County                                KY est18all.txt 19NOV2019
21  87     1961     1534     2388 18.0 14.1 21.9      588      434      742 26.1 19.3 32.9      407      290      524 24.6 17.5 31.7  36782  33376  40188                                        Green County                                  KY est18all.txt 19NOV2019
21  89     5747     4812     6682 16.6 13.9 19.3     1565     1169     1961 21.3 15.9 26.7     1096      785     1407 19.8 14.2 25.4  49457  44800  54114                                        Greenup County                                KY est18all.txt 19NOV2019
21  91     1038      798     1278 12.0  9.2 14.8      355      258      452 16.3 11.9 20.7      236      162      310 14.8 10.2 19.4  56769  51081  62457                                        Hancock County                                KY est18all.txt 19NOV2019
21  93    14254    12244    16264 13.4 11.5 15.3     4673     3686     5660 17.7 14.0 21.4     3081     2291     3871 16.1 12.0 20.2  52278  48901  55655                                        Hardin County                                 KY est18all.txt 19NOV2019
21  95     8638     7219    10057 33.4 27.9 38.9     2591     2045     3137 43.6 34.4 52.8     1842     1441     2243 43.5 34.0 53.0  29521  26835  32207                                        Harlan County                                 KY est18all.txt 19NOV2019
21  97     2865     2311     3419 15.5 12.5 18.5      894      666     1122 21.7 16.2 27.2      609      433      785 20.4 14.5 26.3  51709  46722  56696                                        Harrison County                               KY est18all.txt 19NOV2019
21  99     4120     3414     4826 22.2 18.4 26.0     1291      989     1593 28.5 21.8 35.2      890      646     1134 27.7 20.1 35.3  37038  33043  41033                                        Hart County                                   KY est18all.txt 19NOV2019
21 101     7235     6091     8379 16.3 13.7 18.9     2213     1701     2725 21.6 16.6 26.6     1594     1207     1981 21.1 16.0 26.2  51161  46657  55665                                        Henderson County                              KY est18all.txt 19NOV2019
21 103     2273     1767     2779 14.3 11.1 17.5      797      587     1007 21.7 16.0 27.4      541      383      699 19.6 13.9 25.3  53405  48424  58386                                        Henry County                                  KY est18all.txt 19NOV2019
21 105      743      566      920 17.7 13.5 21.9      228      162      294 27.8 19.8 35.8      157      106      208 25.4 17.1 33.7  44290  39519  49061                                        Hickman County                                KY est18all.txt 19NOV2019
21 107     7908     6609     9207 18.1 15.1 21.1     2342     1789     2895 23.6 18.0 29.2     1677     1234     2120 22.9 16.9 28.9  45512  42918  48106                                        Hopkins County                                KY est18all.txt 19NOV2019
21 109     3506     2761     4251 26.5 20.9 32.1     1078      806     1350 36.5 27.3 45.7      718      514      922 33.9 24.3 43.5  35317  32105  38529                                        Jackson County                                KY est18all.txt 19NOV2019
21 111   115810   106670   124950 15.4 14.2 16.6    37248    33119    41377 22.4 19.9 24.9    26055    22899    29211 21.9 19.2 24.6  55860  54375  57345                                        Jefferson County                              KY est18all.txt 19NOV2019
21 113     6562     5346     7778 12.6 10.3 14.9     2144     1577     2711 17.0 12.5 21.5     1374      940     1808 14.9 10.2 19.6  59443  55142  63744                                        Jessamine County                              KY est18all.txt 19NOV2019
21 115     5455     4404     6506 25.0 20.2 29.8     1384      987     1781 29.0 20.7 37.3      926      619     1233 25.7 17.2 34.2  39381  35671  43091                                        Johnson County                                KY est18all.txt 19NOV2019
21 117    16923    14207    19639 10.4  8.7 12.1     5423     4091     6755 14.1 10.6 17.6     3587     2556     4618 13.0  9.3 16.7  64644  60924  68364                                        Kenton County                                 KY est18all.txt 19NOV2019
21 119     4612     3708     5516 32.1 25.8 38.4     1232      930     1534 41.4 31.3 51.5      767      527     1007 35.7 24.5 46.9  32228  28986  35470                                        Knott County                                  KY est18all.txt 19NOV2019
21 121     9719     8109    11329 31.9 26.6 37.2     3164     2511     3817 44.5 35.3 53.7     2171     1652     2690 41.8 31.8 51.8  30742  27628  33856                                        Knox County                                   KY est18all.txt 19NOV2019
21 123     2133     1677     2589 15.3 12.0 18.6      682      490      874 22.2 15.9 28.5      467      317      617 20.6 14.0 27.2  45458  40667  50249                                        Larue County                                  KY est18all.txt 19NOV2019
21 125    12290    10144    14436 20.6 17.0 24.2     4024     3094     4954 29.4 22.6 36.2     2786     2064     3508 27.8 20.6 35.0  41425  37858  44992                                        Laurel County                                 KY est18all.txt 19NOV2019
21 127     3920     3120     4720 25.5 20.3 30.7     1118      822     1414 31.1 22.9 39.3      766      540      992 29.1 20.5 37.7  36667  32717  40617                                        Lawrence County                               KY est18all.txt 19NOV2019
21 129     2163     1731     2595 34.4 27.5 41.3      570      409      731 43.7 31.3 56.1      391      267      515 42.9 29.3 56.5  29124  25920  32328                                        Lee County                                    KY est18all.txt 19NOV2019
21 131     3042     2383     3701 30.8 24.1 37.5      833      619     1047 38.8 28.8 48.8      602      436      768 38.6 27.9 49.3  31921  28885  34957                                        Leslie County                                 KY est18all.txt 19NOV2019
21 133     6717     5632     7802 31.1 26.1 36.1     1662     1251     2073 36.0 27.1 44.9     1197      888     1506 35.9 26.6 45.2  32321  29084  35558                                        Letcher County                                KY est18all.txt 19NOV2019
21 135     3292     2620     3964 25.2 20.0 30.4      919      680     1158 33.1 24.5 41.7      604      406      802 29.5 19.8 39.2  35751  31804  39698                                        Lewis County                                  KY est18all.txt 19NOV2019
21 137     4995     4120     5870 20.6 17.0 24.2     1642     1259     2025 28.7 22.0 35.4     1140      839     1441 27.9 20.5 35.3  42190  38431  45949                                        Lincoln County                                KY est18all.txt 19NOV2019
21 139     1268      971     1565 13.9 10.6 17.2      426      306      546 23.3 16.7 29.9      294      201      387 22.1 15.1 29.1  48182  43595  52769                                        Livingston County                             KY est18all.txt 19NOV2019
21 141     4781     3984     5578 18.0 15.0 21.0     1626     1281     1971 26.5 20.9 32.1     1114      844     1384 25.2 19.1 31.3  46742  41772  51712                                        Logan County                                  KY est18all.txt 19NOV2019
21 143     1012      783     1241 14.5 11.2 17.8      228      163      293 20.1 14.4 25.8      159      109      209 18.8 12.9 24.7  48395  43360  53430                                        Lyon County                                   KY est18all.txt 19NOV2019
21 145     9423     7628    11218 14.7 11.9 17.5     3083     2306     3860 21.7 16.2 27.2     2096     1487     2705 20.3 14.4 26.2  48950  44979  52921                                        McCracken County                              KY est18all.txt 19NOV2019
21 147     5274     4111     6437 33.7 26.3 41.1     1437     1011     1863 39.4 27.7 51.1     1000      663     1337 38.5 25.5 51.5  30029  27041  33017                                        McCreary County                               KY est18all.txt 19NOV2019
21 149     1263      964     1562 13.9 10.6 17.2      409      294      524 19.0 13.7 24.3      267      180      354 16.4 11.1 21.7  48080  43893  52267                                        McLean County                                 KY est18all.txt 19NOV2019
21 151    14065    12054    16076 16.5 14.1 18.9     3280     2525     4035 17.6 13.5 21.7     2013     1440     2586 14.9 10.7 19.1  51897  48854  54940                                        Madison County                                KY est18all.txt 19NOV2019
21 153     3463     2679     4247 28.4 22.0 34.8     1018      724     1312 37.6 26.7 48.5      714      483      945 35.8 24.2 47.4  30950  27754  34146                                        Magoffin County                               KY est18all.txt 19NOV2019
21 155     3229     2556     3902 17.1 13.5 20.7     1030      762     1298 22.3 16.5 28.1      726      524      928 21.3 15.4 27.2  45661  41072  50250                                        Marion County                                 KY est18all.txt 19NOV2019
21 157     3715     2988     4442 12.1  9.7 14.5     1104      785     1423 17.6 12.5 22.7      765      519     1011 16.6 11.3 21.9  52388  46983  57793                                        Marshall County                               KY est18all.txt 19NOV2019
21 159     3875     2956     4794 39.1 29.8 48.4      961      691     1231 44.1 31.7 56.5      664      457      871 40.2 27.7 52.7  28925  25781  32069                                        Martin County                                 KY est18all.txt 19NOV2019
21 161     3057     2465     3649 18.2 14.7 21.7      970      704     1236 24.8 18.0 31.6      646      447      845 22.5 15.5 29.5  41807  37885  45729                                        Mason County                                  KY est18all.txt 19NOV2019
21 163     3245     2556     3934 11.4  9.0 13.8      985      723     1247 15.7 11.5 19.9      685      483      887 14.4 10.2 18.6  57613  51853  63373                                        Meade County                                  KY est18all.txt 19NOV2019
21 165     1669     1306     2032 26.4 20.7 32.1      446      326      566 39.2 28.6 49.8      308      217      399 38.9 27.3 50.5  34002  30659  37345                                        Menifee County                                KY est18all.txt 19NOV2019
21 167     2759     2184     3334 12.8 10.1 15.5      973      700     1246 20.8 15.0 26.6      672      461      883 19.7 13.5 25.9  53921  49641  58201                                        Mercer County                                 KY est18all.txt 19NOV2019
21 169     2298     1800     2796 23.3 18.3 28.3      850      627     1073 37.0 27.3 46.7      584      407      761 34.8 24.2 45.4  35906  31946  39866                                        Metcalfe County                               KY est18all.txt 19NOV2019
21 171     2415     1929     2901 23.0 18.4 27.6      813      608     1018 34.6 25.9 43.3      582      420      744 34.6 25.0 44.2  35596  31886  39306                                        Monroe County                                 KY est18all.txt 19NOV2019
21 173     4232     3334     5130 15.3 12.1 18.5     1358      979     1737 21.1 15.2 27.0      894      604     1184 19.5 13.2 25.8  46629  41813  51445                                        Montgomery County                             KY est18all.txt 19NOV2019
21 175     3102     2484     3720 27.3 21.9 32.7      754      558      950 32.2 23.8 40.6      514      359      669 30.2 21.1 39.3  35848  31881  39815                                        Morgan County                                 KY est18all.txt 19NOV2019
21 177     5054     3974     6134 17.4 13.7 21.1     1395      992     1798 22.7 16.1 29.3     1008      695     1321 22.7 15.7 29.7  43722  40104  47340                                        Muhlenberg County                             KY est18all.txt 19NOV2019
21 179     5530     4527     6533 12.2 10.0 14.4     1725     1301     2149 16.4 12.4 20.4     1122      801     1443 14.5 10.4 18.6  55602  50466  60738                                        Nelson County                                 KY est18all.txt 19NOV2019
21 181     1093      816     1370 15.5 11.6 19.4      470      332      608 28.2 19.9 36.5      331      222      440 27.4 18.4 36.4  41428  36958  45898                                        Nicholas County                               KY est18all.txt 19NOV2019
21 183     4054     3261     4847 17.2 13.8 20.6     1432     1086     1778 25.0 18.9 31.1      987      715     1259 23.1 16.7 29.5  44751  40920  48582                                        Ohio County                                   KY est18all.txt 19NOV2019
21 185     3463     2859     4067  5.6  4.6  6.6      846      647     1045  5.1  3.9  6.3      516      361      671  3.9  2.7  5.1 102136  96461 107811                                        Oldham County                                 KY est18all.txt 19NOV2019
21 187     1707     1327     2087 15.8 12.3 19.3      514      372      656 21.9 15.8 28.0      356      245      467 19.7 13.6 25.8  48998  43683  54313                                        Owen County                                   KY est18all.txt 19NOV2019
21 189     1706     1336     2076 39.2 30.7 47.7      470      337      603 47.8 34.3 61.3      326      223      429 47.2 32.4 62.0  26278  23406  29150                                        Owsley County                                 KY est18all.txt 19NOV2019
21 191     2222     1804     2640 15.5 12.6 18.4      722      540      904 22.7 17.0 28.4      509      368      650 21.7 15.7 27.7  54583  48579  60587                                        Pendleton County                              KY est18all.txt 19NOV2019
21 193     7355     6145     8565 28.9 24.1 33.7     2144     1620     2668 37.0 28.0 46.0     1495     1097     1893 36.9 27.1 46.7  33108  29821  36395                                        Perry County                                  KY est18all.txt 19NOV2019
21 195    13499    10924    16074 23.8 19.3 28.3     3696     2789     4603 31.5 23.8 39.2     2554     1869     3239 29.3 21.5 37.1  37124  34107  40141                                        Pike County                                   KY est18all.txt 19NOV2019
21 197     2666     2032     3300 22.0 16.8 27.2      949      675     1223 32.9 23.4 42.4      642      431      853 31.1 20.9 41.3  37776  33808  41744                                        Powell County                                 KY est18all.txt 19NOV2019
21 199    12392    10322    14462 19.5 16.2 22.8     3677     2871     4483 26.4 20.6 32.2     2536     1877     3195 24.7 18.3 31.1  41541  37524  45558                                        Pulaski County                                KY est18all.txt 19NOV2019
21 201      396      303      489 19.1 14.6 23.6      125       89      161 28.9 20.6 37.2       86       58      114 26.2 17.8 34.6  45146  40302  49990                                        Robertson County                              KY est18all.txt 19NOV2019
21 203     3732     3009     4455 22.8 18.4 27.2     1058      801     1315 30.2 22.9 37.5      731      527      935 27.8 20.1 35.5  37732  33840  41624                                        Rockcastle County                             KY est18all.txt 19NOV2019
21 205     4882     3873     5891 22.7 18.0 27.4     1097      782     1412 23.9 17.0 30.8      748      507      989 22.8 15.5 30.1  41196  37078  45314                                        Rowan County                                  KY est18all.txt 19NOV2019
21 207     3792     3035     4549 21.6 17.3 25.9     1189      863     1515 30.5 22.1 38.9      811      562     1060 28.7 19.9 37.5  34648  31696  37600                                        Russell County                                KY est18all.txt 19NOV2019
21 209     4557     3660     5454  8.3  6.7  9.9     1503     1131     1875 10.9  8.2 13.6     1034      750     1318 10.2  7.4 13.0  73500  68261  78739                                        Scott County                                  KY est18all.txt 19NOV2019
21 211     4714     3733     5695 10.0  7.9 12.1     1487     1100     1874 13.6 10.0 17.2      977      684     1270 12.4  8.7 16.1  66056  60296  71816                                        Shelby County                                 KY est18all.txt 19NOV2019
21 213     2271     1720     2822 12.5  9.5 15.5      937      670     1204 21.5 15.4 27.6      640      435      845 20.1 13.7 26.5  51769  47757  55781                                        Simpson County                                KY est18all.txt 19NOV2019
21 215     1363     1058     1668  7.3  5.7  8.9      406      296      516  9.7  7.1 12.3      277      193      361  8.8  6.1 11.5  85899  80995  90803                                        Spencer County                                KY est18all.txt 19NOV2019
21 217     4635     3695     5575 19.2 15.3 23.1     1481     1108     1854 26.7 20.0 33.4     1059      771     1347 26.9 19.6 34.2  45429  43342  47516                                        Taylor County                                 KY est18all.txt 19NOV2019
21 219     2055     1591     2519 17.1 13.3 20.9      779      561      997 24.2 17.4 31.0      542      374      710 22.9 15.8 30.0  51027  47125  54929                                        Todd County                                   KY est18all.txt 19NOV2019
21 221     1901     1428     2374 13.1  9.8 16.4      787      553     1021 25.0 17.6 32.4      539      358      720 22.8 15.1 30.5  49767  45036  54498                                        Trigg County                                  KY est18all.txt 19NOV2019
21 223     1393     1147     1639 16.5 13.6 19.4      378      278      478 20.6 15.2 26.0      275      197      353 20.3 14.5 26.1  51674  45825  57523                                        Trimble County                                KY est18all.txt 19NOV2019
21 225     2327     1838     2816 16.3 12.9 19.7      571      408      734 21.9 15.6 28.2      381      259      503 20.8 14.2 27.4  47067  42210  51924                                        Union County                                  KY est18all.txt 19NOV2019
21 227    20486    17950    23022 16.5 14.5 18.5     5741     4557     6925 19.6 15.6 23.6     3815     2908     4722 18.2 13.9 22.5  53478  51424  55532                                        Warren County                                 KY est18all.txt 19NOV2019
21 229     1644     1267     2021 13.8 10.6 17.0      590      422      758 20.9 15.0 26.8      416      284      548 20.4 13.9 26.9  50246  45708  54784                                        Washington County                             KY est18all.txt 19NOV2019
21 231     5629     4672     6586 28.1 23.3 32.9     1454     1097     1811 36.0 27.2 44.8      957      684     1230 32.6 23.3 41.9  33701  30277  37125                                        Wayne County                                  KY est18all.txt 19NOV2019
21 233     2329     1940     2718 18.4 15.3 21.5      659      483      835 22.0 16.1 27.9      475      339      611 22.3 15.9 28.7  47132  42012  52252                                        Webster County                                KY est18all.txt 19NOV2019
21 235     8849     7300    10398 25.7 21.2 30.2     3040     2267     3813 33.9 25.3 42.5     2083     1485     2681 33.7 24.0 43.4  36863  34131  39595                                        Whitley County                                KY est18all.txt 19NOV2019
21 237     2202     1701     2703 31.4 24.3 38.5      693      499      887 43.6 31.4 55.8      470      322      618 40.8 28.0 53.6  30144  26796  33492                                        Wolfe County                                  KY est18all.txt 19NOV2019
21 239     2438     1895     2981  9.4  7.3 11.5      750      546      954 13.2  9.6 16.8      514      358      670 12.2  8.5 15.9  66164  59373  72955                                        Woodford County                               KY est18all.txt 19NOV2019
22   0   848005   830136   865874 18.7 18.3 19.1   286532   276951   296113 26.5 25.6 27.4   196348   188095   204601 25.2 24.1 26.3  48021  47301  48741   87660   82799   92521 29.2 27.6 30.8 Louisiana                                     LA est18all.txt 19NOV2019
22   1    15378    13308    17448 25.2 21.8 28.6     5587     4646     6528 35.4 29.4 41.4     3917     3198     4636 34.1 27.8 40.4  40484  36645  44323                                        Acadia Parish                                 LA est18all.txt 19NOV2019
22   3     4177     3136     5218 19.6 14.7 24.5     1264      902     1626 22.7 16.2 29.2      848      573     1123 20.8 14.0 27.6  44395  40112  48678                                        Allen Parish                                  LA est18all.txt 19NOV2019
22   5    13341    10918    15764 10.8  8.8 12.8     4681     3612     5750 14.2 11.0 17.4     3340     2528     4152 13.8 10.5 17.1  77758  72524  82992                                        Ascension Parish                              LA est18all.txt 19NOV2019
22   7     4562     3648     5476 20.7 16.6 24.8     1359     1005     1713 28.7 21.2 36.2      975      694     1256 27.8 19.8 35.8  48120  42840  53400                                        Assumption Parish                             LA est18all.txt 19NOV2019
22   9    10158     8498    11818 27.4 22.9 31.9     3475     2814     4136 36.9 29.9 43.9     2535     2006     3064 37.4 29.6 45.2  37731  34552  40910                                        Avoyelles Parish                              LA est18all.txt 19NOV2019
22  11     5528     4548     6508 15.4 12.7 18.1     1679     1262     2096 18.7 14.1 23.3     1105      773     1437 16.9 11.8 22.0  57005  52504  61506                                        Beauregard Parish                             LA est18all.txt 19NOV2019
22  13     3481     2831     4131 26.9 21.9 31.9     1061      806     1316 36.3 27.6 45.0      742      546      938 34.3 25.2 43.4  34047  30302  37792                                        Bienville Parish                              LA est18all.txt 19NOV2019
22  15    17888    15037    20739 14.4 12.1 16.7     6275     4965     7585 20.2 16.0 24.4     4071     3014     5128 18.2 13.5 22.9  56754  52287  61221                                        Bossier Parish                                LA est18all.txt 19NOV2019
22  17    52996    47108    58884 22.4 19.9 24.9    20156    17176    23136 35.6 30.3 40.9    14922    12653    17191 36.6 31.0 42.2  40467  37637  43297                                        Caddo Parish                                  LA est18all.txt 19NOV2019
22  19    29744    25382    34106 14.9 12.7 17.1    10506     8331    12681 21.1 16.7 25.5     7242     5530     8954 20.4 15.6 25.2  50531  47353  53709                                        Calcasieu Parish                              LA est18all.txt 19NOV2019
22  21     1950     1499     2401 20.8 16.0 25.6      684      503      865 30.1 22.2 38.0      461      320      602 27.8 19.3 36.3  40842  36385  45299                                        Caldwell Parish                               LA est18all.txt 19NOV2019
22  23      962      734     1190 13.9 10.6 17.2      299      217      381 19.6 14.3 24.9      212      146      278 18.1 12.5 23.7  57299  50918  63680                                        Cameron Parish                                LA est18all.txt 19NOV2019
22  25     2273     1750     2796 26.0 20.0 32.0      756      564      948 37.0 27.6 46.4      530      383      677 35.4 25.6 45.2  35812  31853  39771                                        Catahoula Parish                              LA est18all.txt 19NOV2019
22  27     4245     3434     5056 32.7 26.5 38.9     1169      917     1421 41.1 32.2 50.0      836      644     1028 41.6 32.1 51.1  33659  30437  36881                                        Claiborne Parish                              LA est18all.txt 19NOV2019
22  29     4923     3723     6123 27.2 20.6 33.8     1796     1297     2295 38.7 28.0 49.4     1203      817     1589 35.2 23.9 46.5  35840  32421  39259                                        Concordia Parish                              LA est18all.txt 19NOV2019
22  31     4959     3845     6073 18.3 14.2 22.4     1585     1128     2042 24.5 17.4 31.6     1123      766     1480 23.3 15.9 30.7  44457  40074  48840                                        De Soto Parish                                LA est18all.txt 19NOV2019
22  33    71761    63483    80039 16.7 14.8 18.6    23483    19438    27528 23.8 19.7 27.9    16210    13102    19318 23.1 18.7 27.5  52945  50415  55475                                        East Baton Rouge Parish                       LA est18all.txt 19NOV2019
22  35     2720     2164     3276 45.7 36.4 55.0     1053      813     1293 61.5 47.5 75.5      771      585      957 64.8 49.1 80.5  27714  24886  30542                                        East Carroll Parish                           LA est18all.txt 19NOV2019
22  37     3319     2549     4089 19.6 15.0 24.2      836      596     1076 24.1 17.2 31.0      597      407      787 23.6 16.1 31.1  45174  40732  49616                                        East Feliciana Parish                         LA est18all.txt 19NOV2019
22  39     8748     7189    10307 27.3 22.4 32.2     2833     2165     3501 34.2 26.1 42.3     1955     1428     2482 32.8 24.0 41.6  34113  30490  37736                                        Evangeline Parish                             LA est18all.txt 19NOV2019
22  41     5318     4291     6345 27.3 22.0 32.6     2122     1633     2611 41.7 32.1 51.3     1308      910     1706 35.7 24.9 46.5  34446  31245  37647                                        Franklin Parish                               LA est18all.txt 19NOV2019
22  43     3891     2991     4791 20.0 15.4 24.6     1140      844     1436 24.4 18.1 30.7      809      584     1034 24.1 17.4 30.8  43502  39556  47448                                        Grant Parish                                  LA est18all.txt 19NOV2019
22  45    16816    14737    18895 24.1 21.1 27.1     7088     6049     8127 39.3 33.5 45.1     4824     3972     5676 37.3 30.7 43.9  42909  39125  46693                                        Iberia Parish                                 LA est18all.txt 19NOV2019
22  47     6880     5428     8332 23.8 18.8 28.8     2182     1653     2711 32.7 24.8 40.6     1593     1177     2009 33.0 24.4 41.6  47917  44050  51784                                        Iberville Parish                              LA est18all.txt 19NOV2019
22  49     3206     2585     3827 21.6 17.4 25.8     1091      835     1347 31.5 24.1 38.9      744      540      948 28.6 20.8 36.4  40828  36419  45237                                        Jackson Parish                                LA est18all.txt 19NOV2019
22  51    67200    59604    74796 15.6 13.8 17.4    24225    20703    27747 25.7 22.0 29.4    15247    12307    18187 23.0 18.6 27.4  50871  49206  52536                                        Jefferson Parish                              LA est18all.txt 19NOV2019
22  53     5462     4268     6656 17.7 13.8 21.6     1902     1395     2409 23.8 17.5 30.1     1307      914     1700 22.4 15.7 29.1  44492  39753  49231                                        Jefferson Davis Parish                        LA est18all.txt 19NOV2019
22  55    36301    31813    40789 15.3 13.4 17.2    11532     9265    13799 20.4 16.4 24.4     7444     5712     9176 18.4 14.1 22.7  57821  53766  61876                                        Lafayette Parish                              LA est18all.txt 19NOV2019
22  57    15989    13592    18386 16.6 14.1 19.1     5115     4032     6198 22.8 18.0 27.6     3550     2706     4394 21.8 16.6 27.0  52651  48156  57146                                        Lafourche Parish                              LA est18all.txt 19NOV2019
22  59     2659     2094     3224 19.5 15.4 23.6      820      616     1024 24.2 18.2 30.2      565      408      722 22.8 16.4 29.2  45742  40778  50706                                        La Salle Parish                               LA est18all.txt 19NOV2019
22  61    10940     9194    12686 25.8 21.7 29.9     2783     2139     3427 29.9 23.0 36.8     1922     1438     2406 29.3 21.9 36.7  36525  33273  39777                                        Lincoln Parish                                LA est18all.txt 19NOV2019
22  63    15562    12330    18794 11.3  9.0 13.6     5267     3860     6674 15.0 11.0 19.0     3546     2457     4635 13.8  9.6 18.0  63088  58550  67626                                        Livingston Parish                             LA est18all.txt 19NOV2019
22  65     4000     3209     4791 41.7 33.5 49.9     1476     1130     1822 56.3 43.1 69.5     1013      733     1293 54.4 39.4 69.4  28452  25343  31561                                        Madison Parish                                LA est18all.txt 19NOV2019
22  67     6738     5333     8143 27.4 21.7 33.1     2486     1832     3140 41.1 30.3 51.9     1804     1296     2312 41.6 29.9 53.3  34023  30386  37660                                        Morehouse Parish                              LA est18all.txt 19NOV2019
22  69    11951    10691    13211 32.8 29.3 36.3     2983     2451     3515 33.4 27.4 39.4     1917     1447     2387 29.7 22.4 37.0  36298  32217  40379                                        Natchitoches Parish                           LA est18all.txt 19NOV2019
22  71    90329    82562    98096 23.8 21.8 25.8    25916    22036    29796 33.6 28.6 38.6    18509    15528    21490 34.0 28.5 39.5  38855  36901  40809                                        Orleans Parish                                LA est18all.txt 19NOV2019
22  73    31790    27893    35687 21.3 18.7 23.9    11397     9390    13404 30.3 25.0 35.6     7811     6192     9430 28.8 22.8 34.8  44371  40807  47935                                        Ouachita Parish                               LA est18all.txt 19NOV2019
22  75     3582     2817     4347 15.5 12.2 18.8     1215      913     1517 20.3 15.2 25.4      805      570     1040 18.3 13.0 23.6  58643  53178  64108                                        Plaquemines Parish                            LA est18all.txt 19NOV2019
22  77     4428     3619     5237 20.3 16.6 24.0     1318      962     1674 27.7 20.2 35.2      916      635     1197 26.7 18.5 34.9  46603  41752  51454                                        Pointe Coupee Parish                          LA est18all.txt 19NOV2019
22  79    24641    21125    28157 19.4 16.6 22.2     8007     6317     9697 25.2 19.9 30.5     5218     3873     6563 22.8 16.9 28.7  48116  45709  50523                                        Rapides Parish                                LA est18all.txt 19NOV2019
22  81     1911     1445     2377 23.1 17.5 28.7      645      467      823 33.3 24.1 42.5      449      311      587 31.5 21.8 41.2  36865  32822  40908                                        Red River Parish                              LA est18all.txt 19NOV2019
22  83     5051     4108     5994 26.2 21.3 31.1     1715     1323     2107 36.9 28.5 45.3     1134      799     1469 33.0 23.2 42.8  35103  31389  38817                                        Richland Parish                               LA est18all.txt 19NOV2019
22  85     5430     4600     6260 23.1 19.6 26.6     1684     1310     2058 30.1 23.4 36.8     1131      833     1429 27.2 20.0 34.4  36423  32523  40323                                        Sabine Parish                                 LA est18all.txt 19NOV2019
22  87     9306     7525    11087 20.1 16.3 23.9     3649     2751     4547 29.8 22.5 37.1     2570     1898     3242 28.6 21.1 36.1  43983  40145  47821                                        St. Bernard Parish                            LA est18all.txt 19NOV2019
22  89     6652     5463     7841 12.8 10.5 15.1     2774     2309     3239 21.7 18.1 25.3     1542     1151     1933 16.3 12.2 20.4  67585  61401  73769                                        St. Charles Parish                            LA est18all.txt 19NOV2019
22  91     1983     1474     2492 19.6 14.6 24.6      748      525      971 35.3 24.8 45.8      577      391      763 36.9 25.0 48.8  38699  34469  42929                                        St. Helena Parish                             LA est18all.txt 19NOV2019
22  93     3492     2726     4258 16.8 13.1 20.5     1173      876     1470 25.0 18.7 31.3      854      620     1088 24.5 17.8 31.2  53903  47983  59823                                        St. James Parish                              LA est18all.txt 19NOV2019
22  95     7766     6254     9278 18.2 14.7 21.7     3040     2351     3729 28.9 22.3 35.5     1940     1345     2535 24.8 17.2 32.4  50830  46411  55249                                        St. John the Baptist Parish                   LA est18all.txt 19NOV2019
22  97    26696    24363    29029 32.7 29.8 35.6    10228     9095    11361 46.6 41.4 51.8     6892     5950     7834 43.8 37.8 49.8  36624  33047  40201                                        St. Landry Parish                             LA est18all.txt 19NOV2019
22  99    10179     8261    12097 19.3 15.7 22.9     3507     2619     4395 27.5 20.6 34.4     2456     1778     3134 26.6 19.3 33.9  46229  43684  48774                                        St. Martin Parish                             LA est18all.txt 19NOV2019
22 101    10285     8336    12234 21.0 17.0 25.0     3368     2392     4344 28.8 20.5 37.1     2193     1444     2942 26.2 17.3 35.1  39764  36146  43382                                        St. Mary Parish                               LA est18all.txt 19NOV2019
22 103    30253    25786    34720 11.8 10.1 13.5    10358     8602    12114 17.0 14.1 19.9     7029     5696     8362 15.4 12.5 18.3  67054  62755  71353                                        St. Tammany Parish                            LA est18all.txt 19NOV2019
22 105    23304    19351    27257 17.9 14.9 20.9     7838     5839     9837 24.3 18.1 30.5     5265     3705     6825 23.1 16.2 30.0  47128  44463  49793                                        Tangipahoa Parish                             LA est18all.txt 19NOV2019
22 107     1404     1077     1731 31.6 24.2 39.0      486      350      622 47.7 34.3 61.1      336      230      442 44.2 30.3 58.1  28962  25840  32084                                        Tensas Parish                                 LA est18all.txt 19NOV2019
22 109    18950    15629    22271 17.3 14.3 20.3     6216     4616     7816 22.6 16.8 28.4     4484     3255     5713 22.4 16.3 28.5  51665  47507  55823                                        Terrebonne Parish                             LA est18all.txt 19NOV2019
22 111     3924     3044     4804 18.0 14.0 22.0     1427     1040     1814 29.5 21.5 37.5      984      686     1282 27.7 19.3 36.1  43584  39473  47695                                        Union Parish                                  LA est18all.txt 19NOV2019
22 113    10826     8779    12873 18.3 14.8 21.8     3775     2796     4754 25.2 18.7 31.7     2671     1895     3447 24.0 17.0 31.0  48263  44457  52069                                        Vermilion Parish                              LA est18all.txt 19NOV2019
22 115     7951     6793     9109 17.5 15.0 20.0     2827     2282     3372 23.6 19.0 28.2     1926     1521     2331 23.9 18.9 28.9  47664  43544  51784                                        Vernon Parish                                 LA est18all.txt 19NOV2019
22 117    11028     8845    13211 24.6 19.7 29.5     4046     3142     4950 36.7 28.5 44.9     3028     2333     3723 38.0 29.3 46.7  36850  34123  39577                                        Washington Parish                             LA est18all.txt 19NOV2019
22 119     9764     8433    11095 26.0 22.5 29.5     2983     2394     3572 34.5 27.7 41.3     2047     1566     2528 32.6 24.9 40.3  35070  31143  38997                                        Webster Parish                                LA est18all.txt 19NOV2019
22 121     3299     2492     4106 12.8  9.7 15.9     1277      914     1640 20.0 14.3 25.7      869      587     1151 19.2 13.0 25.4  58205  53003  63407                                        West Baton Rouge Parish                       LA est18all.txt 19NOV2019
22 123     2455     1960     2950 23.3 18.6 28.0      847      634     1060 34.0 25.4 42.6      612      444      780 32.6 23.7 41.5  39332  35467  43197                                        West Carroll Parish                           LA est18all.txt 19NOV2019
22 125     2470     1888     3052 24.4 18.7 30.1      480      350      610 19.3 14.1 24.5      335      235      435 18.1 12.7 23.5  60296  53961  66631                                        West Feliciana Parish                         LA est18all.txt 19NOV2019
22 127     2829     2150     3508 22.8 17.3 28.3      844      598     1090 28.7 20.3 37.1      577      389      765 27.7 18.7 36.7  40133  36045  44221                                        Winn Parish                                   LA est18all.txt 19NOV2019
23   0   151458   145939   156977 11.6 11.2 12.0    35960    33575    38345 14.8 13.8 15.8    24279    22163    26395 13.6 12.4 14.8  55579  54367  56791    9894    8782   11006 15.9 14.1 17.7 Maine                                         ME est18all.txt 19NOV2019
23   1    12838    10510    15166 12.3 10.1 14.5     3908     2877     4939 17.3 12.7 21.9     2665     1862     3468 16.3 11.4 21.2  49935  46209  53661                                        Androscoggin County                           ME est18all.txt 19NOV2019
23   3     9988     8421    11555 15.3 12.9 17.7     2258     1680     2836 19.1 14.2 24.0     1534     1072     1996 18.0 12.6 23.4  39450  37008  41892                                        Aroostook County                              ME est18all.txt 19NOV2019
23   5    23332    20374    26290  8.2  7.2  9.2     4296     3058     5534  8.0  5.7 10.3     2842     1912     3772  7.3  4.9  9.7  71586  68598  74574                                        Cumberland County                             ME est18all.txt 19NOV2019
23   7     4141     3268     5014 14.5 11.5 17.5     1032      758     1306 20.4 15.0 25.8      707      497      917 18.7 13.2 24.2  49561  47215  51907                                        Franklin County                               ME est18all.txt 19NOV2019
23   9     6233     5185     7281 11.6  9.7 13.5     1444     1057     1831 15.9 11.7 20.1     1010      717     1303 15.1 10.7 19.5  52148  49062  55234                                        Hancock County                                ME est18all.txt 19NOV2019
23  11    13290    10787    15793 11.2  9.1 13.3     3413     2522     4304 15.0 11.1 18.9     2239     1558     2920 13.4  9.3 17.5  52154  48472  55836                                        Kennebec County                               ME est18all.txt 19NOV2019
23  13     4209     3318     5100 11.0  8.7 13.3     1109      797     1421 16.1 11.6 20.6      756      516      996 14.8 10.1 19.5  56678  52705  60651                                        Knox County                                   ME est18all.txt 19NOV2019
23  15     3751     3027     4475 11.1  9.0 13.2      935      673     1197 16.8 12.1 21.5      589      388      790 14.4  9.5 19.3  56211  51777  60645                                        Lincoln County                                ME est18all.txt 19NOV2019
23  17     9490     8051    10929 16.7 14.2 19.2     2674     2151     3197 26.3 21.2 31.4     1846     1449     2243 24.8 19.5 30.1  44243  40364  48122                                        Oxford County                                 ME est18all.txt 19NOV2019
23  19    21154    18571    23737 14.7 12.9 16.5     4554     3682     5426 17.1 13.8 20.4     3222     2542     3902 16.6 13.1 20.1  47840  44641  51039                                        Penobscot County                              ME est18all.txt 19NOV2019
23  21     2883     2365     3401 17.5 14.4 20.6      640      449      831 23.8 16.7 30.9      441      291      591 22.5 14.8 30.2  40066  36558  43574                                        Piscataquis County                            ME est18all.txt 19NOV2019
23  23     3059     2330     3788  8.7  6.6 10.8      865      610     1120 13.0  9.2 16.8      576      383      769 11.8  7.8 15.8  65969  61678  70260                                        Sagadahoc County                              ME est18all.txt 19NOV2019
23  25     8011     6611     9411 16.1 13.3 18.9     1938     1391     2485 21.1 15.1 27.1     1290      878     1702 18.9 12.9 24.9  43755  40791  46719                                        Somerset County                               ME est18all.txt 19NOV2019
23  27     5333     4342     6324 13.7 11.2 16.2     1421     1041     1801 20.2 14.8 25.6      934      625     1243 17.7 11.8 23.6  49482  45771  53193                                        Waldo County                                  ME est18all.txt 19NOV2019
23  29     5613     4764     6462 18.3 15.5 21.1     1534     1147     1921 26.8 20.0 33.6     1062      754     1370 25.1 17.8 32.4  39522  36178  42866                                        Washington County                             ME est18all.txt 19NOV2019
23  31    18133    15182    21084  9.0  7.5 10.5     3940     2923     4957 10.5  7.8 13.2     2566     1785     3347  9.2  6.4 12.0  65984  62288  69680                                        York County                                   ME est18all.txt 19NOV2019
24   0   538824   523341   554307  9.1  8.8  9.4   159872   150870   168874 12.1 11.4 12.8   111001   103211   118791 11.6 10.8 12.4  83076  82103  84049   43605   39494   47716 12.3 11.1 13.5 Maryland                                      MD est18all.txt 19NOV2019
24   1    10570     8825    12315 16.7 13.9 19.5     2557     1942     3172 21.3 16.2 26.4     1624     1125     2123 18.4 12.7 24.1  43535  40021  47049                                        Allegany County                               MD est18all.txt 19NOV2019
24   3    39231    33437    45025  7.0  6.0  8.0    12144     9807    14481  9.6  7.8 11.4     8072     6356     9788  8.8  6.9 10.7  97051  93915 100187                                        Anne Arundel County                           MD est18all.txt 19NOV2019
24   5    79482    71436    87528  9.9  8.9 10.9    22854    19079    26629 13.0 10.9 15.1    16589    13794    19384 13.0 10.8 15.2  75836  73843  77829                                        Baltimore County                              MD est18all.txt 19NOV2019
24   9     4912     3737     6087  5.4  4.1  6.7     1394      992     1796  6.6  4.7  8.5      970      667     1273  6.0  4.1  7.9 106270 101259 111281                                        Calvert County                                MD est18all.txt 19NOV2019
24  11     4320     3418     5222 13.2 10.4 16.0     1529     1114     1944 19.9 14.5 25.3     1062      745     1379 18.6 13.0 24.2  56627  51317  61937                                        Caroline County                               MD est18all.txt 19NOV2019
24  13     9828     8142    11514  6.0  5.0  7.0     2197     1640     2754  6.1  4.6  7.6     1528     1107     1949  5.7  4.1  7.3  95956  90944 100968                                        Carroll County                                MD est18all.txt 19NOV2019
24  15     8406     6418    10394  8.3  6.3 10.3     2914     2049     3779 12.8  9.0 16.6     1789     1146     2432 10.5  6.7 14.3  72739  68173  77305                                        Cecil County                                  MD est18all.txt 19NOV2019
24  17    10487     8209    12765  6.6  5.2  8.0     3559     2574     4544  9.3  6.7 11.9     2503     1768     3238  8.8  6.2 11.4  92616  86446  98786                                        Charles County                                MD est18all.txt 19NOV2019
24  19     4851     3861     5841 15.4 12.3 18.5     1779     1297     2261 27.0 19.7 34.3     1219      840     1598 25.2 17.4 33.0  48682  44251  53113                                        Dorchester County                             MD est18all.txt 19NOV2019
24  21    15552    12936    18168  6.2  5.2  7.2     4320     3308     5332  7.4  5.7  9.1     3081     2315     3847  7.1  5.3  8.9  95196  91485  98907                                        Frederick County                              MD est18all.txt 19NOV2019
24  23     3483     2672     4294 12.2  9.4 15.0      969      696     1242 18.4 13.2 23.6      684      466      902 18.0 12.3 23.7  49147  44296  53998                                        Garrett County                                MD est18all.txt 19NOV2019
24  25    17528    14725    20331  7.0  5.9  8.1     5404     4259     6549  9.7  7.6 11.8     3562     2681     4443  8.6  6.5 10.7  87959  84236  91682                                        Harford County                                MD est18all.txt 19NOV2019
24  27    16874    13770    19978  5.2  4.2  6.2     4871     3670     6072  6.2  4.7  7.7     3389     2496     4282  5.7  4.2  7.2 116719 111825 121613                                        Howard County                                 MD est18all.txt 19NOV2019
24  29     2329     1790     2868 12.9  9.9 15.9      574      409      739 19.2 13.7 24.7      388      263      513 17.7 12.0 23.4  55514  50267  60761                                        Kent County                                   MD est18all.txt 19NOV2019
24  31    72247    64145    80349  6.9  6.1  7.7    20168    16351    23985  8.4  6.8 10.0    14622    11759    17485  8.3  6.7  9.9 107758 105247 110269                                        Montgomery County                             MD est18all.txt 19NOV2019
24  33    73777    64694    82860  8.3  7.3  9.3    23778    19155    28401 12.0  9.7 14.3    15002    11453    18551 10.8  8.3 13.3  82445  80750  84140                                        Prince George's County                        MD est18all.txt 19NOV2019
24  35     3237     2414     4060  6.5  4.8  8.2      923      650     1196  8.6  6.0 11.2      638      433      843  7.8  5.3 10.3  93751  88777  98725                                        Queen Anne's County                           MD est18all.txt 19NOV2019
24  37     8770     7008    10532  8.0  6.4  9.6     2847     2143     3551 10.6  8.0 13.2     1986     1447     2525 10.0  7.3 12.7  89964  83552  96376                                        St. Mary's County                             MD est18all.txt 19NOV2019
24  39     4758     3598     5918 23.4 17.7 29.1     1339      990     1688 31.4 23.2 39.6      942      671     1213 31.2 22.2 40.2  42098  37965  46231                                        Somerset County                               MD est18all.txt 19NOV2019
24  41     3377     2645     4109  9.2  7.2 11.2      967      693     1241 14.6 10.5 18.7      673      454      892 13.7  9.3 18.1  64245  58024  70466                                        Talbot County                                 MD est18all.txt 19NOV2019
24  43    15871    13210    18532 11.1  9.2 13.0     5304     4011     6597 16.5 12.5 20.5     3566     2550     4582 15.1 10.8 19.4  62556  60230  64882                                        Washington County                             MD est18all.txt 19NOV2019
24  45    14327    11770    16884 14.6 12.0 17.2     4484     3280     5688 20.1 14.7 25.5     3356     2451     4261 20.8 15.2 26.4  54313  50242  58384                                        Wicomico County                               MD est18all.txt 19NOV2019
24  47     5300     4122     6478 10.4  8.1 12.7     1552     1107     1997 17.7 12.6 22.8     1121      769     1473 16.9 11.6 22.2  59266  54849  63683                                        Worcester County                              MD est18all.txt 19NOV2019
24 510   109306    97331   121281 18.9 16.8 21.0    31447    25839    37055 26.1 21.4 30.8    22635    18537    26733 27.3 22.4 32.2  50501  49218  51784                                        Baltimore city                                MD est18all.txt 19NOV2019
25   0   668402   652693   684111 10.0  9.8 10.2   166516   157639   175393 12.4 11.7 13.1   114731   106883   122579 11.6 10.8 12.4  79817  78891  80743   46225   42232   50218 13.2 12.1 14.3 Massachusetts                                 MA est18all.txt 19NOV2019
25   1    16661    14057    19265  8.0  6.8  9.2     3136     2323     3949  9.9  7.3 12.5     2269     1635     2903  9.5  6.8 12.2  69001  64916  73086                                        Barnstable County                             MA est18all.txt 19NOV2019
25   3    13673    11353    15993 11.3  9.4 13.2     3270     2484     4056 15.9 12.1 19.7     2314     1728     2900 15.2 11.4 19.0  58375  54222  62528                                        Berkshire County                              MA est18all.txt 19NOV2019
25   5    59147    52549    65745 10.8  9.6 12.0    16341    13703    18979 14.3 12.0 16.6    10743     8752    12734 12.6 10.3 14.9  66005  64147  67863                                        Bristol County                                MA est18all.txt 19NOV2019
25   7     1316     1005     1627  7.7  5.9  9.5      349      255      443 11.7  8.6 14.8      247      173      321 11.3  7.9 14.7  70224  62941  77507                                        Dukes County                                  MA est18all.txt 19NOV2019
25   9    82387    75418    89356 10.7  9.8 11.6    22071    18986    25156 13.3 11.4 15.2    15225    12820    17630 12.5 10.5 14.5  76373  74030  78716                                        Essex County                                  MA est18all.txt 19NOV2019
25  11     7395     6024     8766 10.6  8.6 12.6     1730     1294     2166 14.5 10.9 18.1     1143      809     1477 12.9  9.1 16.7  58992  55822  62162                                        Franklin County                               MA est18all.txt 19NOV2019
25  13    76016    70240    81792 16.7 15.4 18.0    25571    22570    28572 25.8 22.8 28.8    18465    16171    20759 25.1 22.0 28.2  52682  50400  54964                                        Hampden County                                MA est18all.txt 19NOV2019
25  15    15397    12778    18016 11.1  9.2 13.0     2182     1624     2740  9.4  7.0 11.8     1488     1064     1912  8.4  6.0 10.8  74456  70377  78535                                        Hampshire County                              MA est18all.txt 19NOV2019
25  17   113717   104416   123018  7.3  6.7  7.9    25043    21490    28596  8.0  6.9  9.1    16477    13848    19106  7.2  6.1  8.3 100374  99103 101645                                        Middlesex County                              MA est18all.txt 19NOV2019
25  19      669      522      816  5.9  4.6  7.2      132       94      170  5.6  4.0  7.2       89       61      117  5.4  3.7  7.1  97525  88217 106833                                        Nantucket County                              MA est18all.txt 19NOV2019
25  21    44959    39763    50155  6.5  5.7  7.3     8675     6978    10372  5.9  4.7  7.1     5957     4713     7201  5.5  4.4  6.6 100184  97608 102760                                        Norfolk County                                MA est18all.txt 19NOV2019
25  23    31285    26594    35976  6.2  5.3  7.1     7992     5897    10087  7.3  5.4  9.2     5668     4115     7221  6.9  5.0  8.8  89678  87124  92232                                        Plymouth County                               MA est18all.txt 19NOV2019
25  25   133144   124468   141820 17.5 16.4 18.6    31609    27902    35316 24.1 21.3 26.9    22054    19076    25032 24.4 21.1 27.7  68743  66071  71415                                        Suffolk County                                MA est18all.txt 19NOV2019
25  27    72636    64781    80491  9.0  8.0 10.0    18414    15279    21549 10.8  9.0 12.6    12592    10223    14961  9.9  8.0 11.8  71767  69837  73697                                        Worcester County                              MA est18all.txt 19NOV2019
26   0  1369235  1349291  1389179 14.0 13.8 14.2   409201   398097   420305 19.3 18.8 19.8   278372   268693   288051 17.9 17.3 18.5  56640  56237  57043  121410  115951  126869 21.8 20.8 22.8 Michigan                                      MI est18all.txt 19NOV2019
26   1     1995     1723     2267 19.5 16.8 22.2      406      316      496 31.6 24.6 38.6      312      244      380 32.1 25.1 39.1  39862  36460  43264                                        Alcona County                                 MI est18all.txt 19NOV2019
26   3     1019      789     1249 12.6  9.8 15.4      247      182      312 18.5 13.7 23.3      176      125      227 17.4 12.4 22.4  47441  42884  51998                                        Alger County                                  MI est18all.txt 19NOV2019
26   5    12429    10742    14116 10.7  9.2 12.2     3771     3105     4437 13.6 11.2 16.0     2577     2048     3106 12.5  9.9 15.1  62247  58055  66439                                        Allegan County                                MI est18all.txt 19NOV2019
26   7     4277     3617     4937 15.3 12.9 17.7     1148      889     1407 22.6 17.5 27.7      726      511      941 19.3 13.6 25.0  42792  39964  45620                                        Alpena County                                 MI est18all.txt 19NOV2019
26   9     2439     1947     2931 10.6  8.5 12.7      772      563      981 18.7 13.6 23.8      529      367      691 17.2 11.9 22.5  56456  51879  61033                                        Antrim County                                 MI est18all.txt 19NOV2019
26  11     2360     1965     2755 15.9 13.2 18.6      643      481      805 24.1 18.0 30.2      435      311      559 22.4 16.0 28.8  42540  40265  44815                                        Arenac County                                 MI est18all.txt 19NOV2019
26  13     1126      899     1353 15.4 12.3 18.5      299      220      378 21.0 15.4 26.6      207      145      269 18.8 13.1 24.5  43435  38898  47972                                        Baraga County                                 MI est18all.txt 19NOV2019
26  15     5100     4189     6011  8.5  7.0 10.0     1422     1052     1792 10.8  8.0 13.6      941      655     1227  9.5  6.6 12.4  64121  59939  68303                                        Barry County                                  MI est18all.txt 19NOV2019
26  17    16044    14236    17852 15.6 13.8 17.4     5116     4398     5834 24.8 21.3 28.3     3562     3055     4069 23.2 19.9 26.5  50576  48303  52849                                        Bay County                                    MI est18all.txt 19NOV2019
26  19     1812     1479     2145 10.3  8.4 12.2      494      360      628 15.7 11.4 20.0      329      227      431 14.2  9.8 18.6  51905  46626  57184                                        Benzie County                                 MI est18all.txt 19NOV2019
26  21    23151    20201    26101 15.3 13.3 17.3     6898     5603     8193 21.1 17.1 25.1     4423     3452     5394 18.4 14.4 22.4  51509  48446  54572                                        Berrien County                                MI est18all.txt 19NOV2019
26  23     6034     5128     6940 14.5 12.3 16.7     2087     1635     2539 21.2 16.6 25.8     1376     1019     1733 19.0 14.1 23.9  50477  47623  53331                                        Branch County                                 MI est18all.txt 19NOV2019
26  25    22602    20127    25077 17.3 15.4 19.2     8196     7042     9350 27.6 23.7 31.5     5416     4490     6342 25.2 20.9 29.5  48413  45124  51702                                        Calhoun County                                MI est18all.txt 19NOV2019
26  27     5727     4516     6938 11.2  8.8 13.6     1791     1336     2246 17.3 12.9 21.7     1261      895     1627 15.9 11.3 20.5  55978  51932  60024                                        Cass County                                   MI est18all.txt 19NOV2019
26  29     2756     2262     3250 10.6  8.7 12.5      774      585      963 16.0 12.1 19.9      522      372      672 14.0 10.0 18.0  54491  50854  58128                                        Charlevoix County                             MI est18all.txt 19NOV2019
26  31     3359     2646     4072 13.4 10.5 16.3     1039      777     1301 25.9 19.4 32.4      726      513      939 24.1 17.0 31.2  48589  45856  51322                                        Cheboygan County                              MI est18all.txt 19NOV2019
26  33     5608     4672     6544 17.1 14.2 20.0     1509     1186     1832 22.4 17.6 27.2     1004      756     1252 20.3 15.3 25.3  47380  43999  50761                                        Chippewa County                               MI est18all.txt 19NOV2019
26  35     6253     5294     7212 20.6 17.4 23.8     1925     1496     2354 32.4 25.2 39.6     1307      978     1636 30.4 22.7 38.1  39394  36243  42545                                        Clare County                                  MI est18all.txt 19NOV2019
26  37     5896     4969     6823  7.5  6.3  8.7     1486     1142     1830  8.6  6.6 10.6      940      681     1199  7.3  5.3  9.3  70967  66415  75519                                        Clinton County                                MI est18all.txt 19NOV2019
26  39     1862     1411     2313 13.6 10.3 16.9      620      439      801 26.1 18.5 33.7      440      300      580 25.2 17.2 33.2  46930  42825  51035                                        Crawford County                               MI est18all.txt 19NOV2019
26  41     4380     3542     5218 12.4 10.0 14.8     1197      893     1501 17.4 13.0 21.8      809      575     1043 15.8 11.2 20.4  49292  45825  52759                                        Delta County                                  MI est18all.txt 19NOV2019
26  43     2703     2132     3274 10.8  8.5 13.1      758      550      966 15.1 11.0 19.2      525      366      684 14.4 10.1 18.7  52348  47575  57121                                        Dickinson County                              MI est18all.txt 19NOV2019
26  45     9987     8536    11438  9.3  8.0 10.6     2720     2120     3320 12.2  9.5 14.9     1807     1312     2302 11.0  8.0 14.0  66716  63492  69940                                        Eaton County                                  MI est18all.txt 19NOV2019
26  47     2725     2173     3277  8.3  6.6 10.0      712      505      919 11.4  8.1 14.7      501      343      659 10.7  7.3 14.1  58891  54494  63288                                        Emmet County                                  MI est18all.txt 19NOV2019
26  49    75251    69709    80793 18.8 17.4 20.2    25855    22817    28893 28.9 25.5 32.3    16980    14349    19611 25.8 21.8 29.8  48370  46383  50357                                        Genesee County                                MI est18all.txt 19NOV2019
26  51     3905     3151     4659 15.6 12.6 18.6     1248      906     1590 26.8 19.5 34.1      855      594     1116 25.8 17.9 33.7  44635  41865  47405                                        Gladwin County                                MI est18all.txt 19NOV2019
26  53     2404     1835     2973 17.5 13.4 21.6      618      448      788 26.8 19.4 34.2      416      285      547 24.3 16.6 32.0  39934  36571  43297                                        Gogebic County                                MI est18all.txt 19NOV2019
26  55     8656     7274    10038  9.5  8.0 11.0     2112     1607     2617 11.5  8.7 14.3     1386     1007     1765 10.2  7.4 13.0  64591  60944  68238                                        Grand Traverse County                         MI est18all.txt 19NOV2019
26  57     5679     4629     6729 16.2 13.2 19.2     1610     1230     1990 20.8 15.9 25.7     1143      855     1431 19.6 14.7 24.5  48988  45627  52349                                        Gratiot County                                MI est18all.txt 19NOV2019
26  59     5958     4968     6948 13.5 11.3 15.7     1936     1456     2416 20.0 15.1 24.9     1300      930     1670 18.6 13.3 23.9  50388  46332  54444                                        Hillsdale County                              MI est18all.txt 19NOV2019
26  61     6316     5480     7152 19.0 16.5 21.5     1099      823     1375 15.5 11.6 19.4      714      515      913 13.5  9.7 17.3  42282  38737  45827                                        Houghton County                               MI est18all.txt 19NOV2019
26  63     3876     3260     4492 12.6 10.6 14.6     1081      837     1325 18.4 14.2 22.6      740      548      932 17.1 12.7 21.5  45817  43212  48422                                        Huron County                                  MI est18all.txt 19NOV2019
26  65    49916    45885    53947 18.1 16.6 19.6    10895     8878    12912 19.1 15.6 22.6     7576     6104     9048 18.6 15.0 22.2  52837  50812  54862                                        Ingham County                                 MI est18all.txt 19NOV2019
26  67     5822     4703     6941  9.9  8.0 11.8     1725     1285     2165 12.4  9.2 15.6     1237      901     1573 12.1  8.8 15.4  61667  58963  64371                                        Ionia County                                  MI est18all.txt 19NOV2019
26  69     3724     3018     4430 15.1 12.2 18.0     1092      808     1376 27.5 20.4 34.6      761      532      990 26.5 18.5 34.5  41256  38986  43526                                        Iosco County                                  MI est18all.txt 19NOV2019
26  71     1531     1199     1863 14.2 11.1 17.3      445      324      566 24.7 18.0 31.4      286      195      377 21.6 14.8 28.4  40959  37009  44909                                        Iron County                                   MI est18all.txt 19NOV2019
26  73    15106    13807    16405 23.4 21.4 25.4     1985     1557     2413 16.8 13.2 20.4     1315      977     1653 15.3 11.4 19.2  47056  43606  50506                                        Isabella County                               MI est18all.txt 19NOV2019
26  75    20553    17781    23325 13.7 11.8 15.6     6610     5374     7846 19.9 16.2 23.6     4371     3351     5391 18.0 13.8 22.2  52047  49019  55075                                        Jackson County                                MI est18all.txt 19NOV2019
26  77    36927    33114    40740 14.4 12.9 15.9     9240     7454    11026 16.5 13.3 19.7     5923     4511     7335 14.7 11.2 18.2  55881  53448  58314                                        Kalamazoo County                              MI est18all.txt 19NOV2019
26  79     2481     2046     2916 14.1 11.6 16.6      789      573     1005 21.8 15.9 27.7      552      382      722 20.3 14.0 26.6  46068  42244  49892                                        Kalkaska County                               MI est18all.txt 19NOV2019
26  81    72623    67043    78203 11.3 10.4 12.2    22657    19605    25709 14.6 12.6 16.6    14938    12638    17238 13.4 11.3 15.5  61675  59993  63357                                        Kent County                                   MI est18all.txt 19NOV2019
26  83      253      196      310 12.0  9.3 14.7       58       43       73 18.6 13.7 23.5       39       27       51 17.6 12.2 23.0  51641  47464  55818                                        Keweenaw County                               MI est18all.txt 19NOV2019
26  85     2559     2134     2984 22.3 18.6 26.0      680      508      852 36.4 27.2 45.6      478      350      606 35.7 26.2 45.2  36044  33085  39003                                        Lake County                                   MI est18all.txt 19NOV2019
26  87     8723     7458     9988 10.1  8.6 11.6     2476     1915     3037 13.9 10.8 17.0     1725     1287     2163 12.7  9.5 15.9  65209  61987  68431                                        Lapeer County                                 MI est18all.txt 19NOV2019
26  89     1519     1167     1871  7.0  5.4  8.6      362      257      467 10.6  7.5 13.7      254      172      336 10.0  6.8 13.2  67349  61293  73405                                        Leelanau County                               MI est18all.txt 19NOV2019
26  91     9668     7860    11476 10.4  8.5 12.3     2814     2080     3548 14.0 10.3 17.7     1955     1421     2489 13.2  9.6 16.8  55762  53013  58511                                        Lenawee County                                MI est18all.txt 19NOV2019
26  93     9560     7969    11151  5.0  4.2  5.8     2192     1637     2747  5.5  4.1  6.9     1490     1062     1918  4.9  3.5  6.3  84048  80442  87654                                        Livingston County                             MI est18all.txt 19NOV2019
26  95     1063      846     1280 20.7 16.5 24.9      269      201      337 26.8 20.0 33.6      191      139      243 25.3 18.4 32.2  43196  38640  47752                                        Luce County                                   MI est18all.txt 19NOV2019
26  97     1431     1180     1682 13.4 11.1 15.7      343      247      439 20.8 15.0 26.6      242      165      319 19.8 13.5 26.1  46645  42517  50773                                        Mackinac County                               MI est18all.txt 19NOV2019
26  99    95731    89057   102405 11.0 10.2 11.8    29100    25718    32482 16.0 14.1 17.9    19560    17049    22071 14.6 12.7 16.5  62191  60766  63616                                        Macomb County                                 MI est18all.txt 19NOV2019
26 101     3026     2380     3672 13.1 10.3 15.9      905      656     1154 21.9 15.9 27.9      602      418      786 19.6 13.6 25.6  47401  43403  51399                                        Manistee County                               MI est18all.txt 19NOV2019
26 103     8824     7692     9956 14.1 12.3 15.9     1745     1348     2142 14.8 11.4 18.2     1103      794     1412 12.9  9.3 16.5  54093  51314  56872                                        Marquette County                              MI est18all.txt 19NOV2019
26 105     3455     2811     4099 12.1  9.9 14.3     1060      774     1346 18.6 13.6 23.6      662      449      875 15.7 10.6 20.8  51083  47608  54558                                        Mason County                                  MI est18all.txt 19NOV2019
26 107     7368     6292     8444 18.4 15.7 21.1     1614     1167     2061 20.7 15.0 26.4     1004      666     1342 17.5 11.6 23.4  45804  41931  49677                                        Mecosta County                                MI est18all.txt 19NOV2019
26 109     2810     2290     3330 12.4 10.1 14.7      708      517      899 17.3 12.6 22.0      473      327      619 15.5 10.7 20.3  46486  42454  50518                                        Menominee County                              MI est18all.txt 19NOV2019
26 111     9217     7710    10724 11.3  9.5 13.1     2345     1802     2888 13.5 10.4 16.6     1569     1144     1994 12.2  8.9 15.5  58057  54722  61392                                        Midland County                                MI est18all.txt 19NOV2019
26 113     1920     1525     2315 12.9 10.3 15.5      717      541      893 21.1 15.9 26.3      499      362      636 20.3 14.7 25.9  48413  45335  51491                                        Missaukee County                              MI est18all.txt 19NOV2019
26 115    14891    12487    17295 10.0  8.4 11.6     4256     3302     5210 13.5 10.5 16.5     2963     2232     3694 12.5  9.4 15.6  62522  60042  65002                                        Monroe County                                 MI est18all.txt 19NOV2019
26 117     8709     7225    10193 14.3 11.9 16.7     2759     2063     3455 19.9 14.9 24.9     1872     1354     2390 18.4 13.3 23.5  50396  47634  53158                                        Montcalm County                               MI est18all.txt 19NOV2019
26 119     1659     1367     1951 18.2 15.0 21.4      434      337      531 32.2 25.0 39.4      304      228      380 30.1 22.6 37.6  40650  36952  44348                                        Montmorency County                            MI est18all.txt 19NOV2019
26 121    26321    22882    29760 15.7 13.7 17.7     8567     6879    10255 21.9 17.6 26.2     6018     4767     7269 21.0 16.6 25.4  49960  47445  52475                                        Muskegon County                               MI est18all.txt 19NOV2019
26 123     7522     6464     8580 15.6 13.4 17.8     2472     1981     2963 23.0 18.4 27.6     1628     1243     2013 20.6 15.7 25.5  48860  44742  52978                                        Newaygo County                                MI est18all.txt 19NOV2019
26 125   102052    93657   110447  8.2  7.5  8.9    25043    21223    28863  9.6  8.1 11.1    17307    14536    20078  9.0  7.6 10.4  80319  78660  81978                                        Oakland County                                MI est18all.txt 19NOV2019
26 127     4070     3327     4813 15.5 12.7 18.3     1374     1006     1742 23.3 17.1 29.5      939      655     1223 21.3 14.9 27.7  50374  47914  52834                                        Oceana County                                 MI est18all.txt 19NOV2019
26 129     3289     2643     3935 15.9 12.8 19.0     1005      716     1294 26.6 19.0 34.2      724      493      955 25.5 17.4 33.6  41201  38250  44152                                        Ogemaw County                                 MI est18all.txt 19NOV2019
26 131      810      632      988 14.1 11.0 17.2      180      129      231 25.0 17.9 32.1      124       84      164 21.9 14.9 28.9  40798  37818  43778                                        Ontonagon County                              MI est18all.txt 19NOV2019
26 133     4032     3486     4578 17.6 15.2 20.0     1247      986     1508 25.2 19.9 30.5      842      646     1038 22.9 17.6 28.2  45607  42159  49055                                        Osceola County                                MI est18all.txt 19NOV2019
26 135     1408     1100     1716 17.1 13.3 20.9      446      317      575 28.2 20.1 36.3      317      215      419 28.6 19.4 37.8  38927  35265  42589                                        Oscoda County                                 MI est18all.txt 19NOV2019
26 137     2771     2272     3270 11.4  9.3 13.5      827      609     1045 16.3 12.0 20.6      565      392      738 14.9 10.3 19.5  51292  47281  55303                                        Otsego County                                 MI est18all.txt 19NOV2019
26 139    19087    16035    22139  6.8  5.7  7.9     3896     2743     5049  5.7  4.0  7.4     2711     1845     3577  5.3  3.6  7.0  70420  67628  73212                                        Ottawa County                                 MI est18all.txt 19NOV2019
26 141     1782     1474     2090 14.2 11.7 16.7      463      348      578 23.2 17.5 28.9      321      228      414 21.7 15.4 28.0  45502  41804  49200                                        Presque Isle County                           MI est18all.txt 19NOV2019
26 143     4038     3250     4826 17.1 13.8 20.4     1138      846     1430 33.3 24.8 41.8      810      590     1030 31.7 23.1 40.3  38613  35375  41851                                        Roscommon County                              MI est18all.txt 19NOV2019
26 145    31323    27576    35070 17.0 15.0 19.0     9508     7634    11382 23.9 19.2 28.6     6244     4751     7737 21.5 16.3 26.7  48805  46930  50680                                        Saginaw County                                MI est18all.txt 19NOV2019
26 147    21745    19152    24338 13.8 12.2 15.4     6338     5303     7373 19.6 16.4 22.8     4226     3475     4977 17.3 14.2 20.4  56557  53834  59280                                        St. Clair County                              MI est18all.txt 19NOV2019
26 149     8191     6880     9502 13.6 11.4 15.8     2591     2022     3160 17.9 14.0 21.8     1761     1314     2208 16.6 12.4 20.8  52689  49896  55482                                        St. Joseph County                             MI est18all.txt 19NOV2019
26 151     6477     5633     7321 15.9 13.8 18.0     1899     1471     2327 22.0 17.0 27.0     1302      951     1653 20.2 14.7 25.7  46184  43027  49341                                        Sanilac County                                MI est18all.txt 19NOV2019
26 153     1044      816     1272 13.2 10.3 16.1      293      212      374 22.0 15.9 28.1      201      139      263 19.9 13.8 26.0  44887  40265  49509                                        Schoolcraft County                            MI est18all.txt 19NOV2019
26 155     7279     5950     8608 10.8  8.8 12.8     2146     1582     2710 15.3 11.3 19.3     1404      970     1838 13.5  9.3 17.7  54149  50126  58172                                        Shiawassee County                             MI est18all.txt 19NOV2019
26 157     6580     5499     7661 12.7 10.6 14.8     1824     1349     2299 17.8 13.2 22.4     1253      879     1627 16.5 11.6 21.4  51113  48649  53577                                        Tuscola County                                MI est18all.txt 19NOV2019
26 159    11432     9774    13090 15.3 13.1 17.5     3965     3259     4671 23.2 19.1 27.3     2633     2124     3142 20.8 16.8 24.8  57363  54249  60477                                        Van Buren County                              MI est18all.txt 19NOV2019
26 161    52258    48561    55955 15.0 13.9 16.1     8599     7142    10056 12.6 10.5 14.7     5725     4605     6845 11.4  9.2 13.6  72267  69033  75501                                        Washtenaw County                              MI est18all.txt 19NOV2019
26 163   376649   362982   390316 21.7 20.9 22.5   132037   124614   139460 32.4 30.6 34.2    91928    86237    97619 31.3 29.4 33.2  46440  45555  47325                                        Wayne County                                  MI est18all.txt 19NOV2019
26 165     4318     3578     5058 13.1 10.9 15.3     1479     1098     1860 19.7 14.6 24.8     1060      766     1354 19.3 13.9 24.7  46396  43274  49518                                        Wexford County                                MI est18all.txt 19NOV2019
27   0   527445   514989   539901  9.6  9.4  9.8   147732   140356   155108 11.5 10.9 12.1   100105    93461   106749 10.8 10.1 11.5  70295  69764  70826   42125   38872   45378 12.1 11.2 13.0 Minnesota                                     MN est18all.txt 19NOV2019
27   1     2145     1803     2487 13.7 11.5 15.9      522      386      658 20.1 14.9 25.3      364      259      469 18.2 13.0 23.4  44016  40893  47139                                        Aitkin County                                 MN est18all.txt 19NOV2019
27   3    19568    16460    22676  5.6  4.7  6.5     6117     4778     7456  7.4  5.8  9.0     4248     3223     5273  7.0  5.3  8.7  82284  79732  84836                                        Anoka County                                  MN est18all.txt 19NOV2019
27   5     3764     3105     4423 11.1  9.2 13.0     1299      965     1633 15.8 11.7 19.9      869      607     1131 14.3 10.0 18.6  59440  56004  62876                                        Becker County                                 MN est18all.txt 19NOV2019
27   7     8220     7055     9385 18.4 15.8 21.0     2682     2060     3304 23.6 18.1 29.1     1802     1329     2275 22.3 16.5 28.1  47073  43045  51101                                        Beltrami County                               MN est18all.txt 19NOV2019
27   9     4074     3391     4757 10.2  8.5 11.9     1208      939     1477 12.0  9.3 14.7      852      658     1046 12.0  9.3 14.7  61341  55456  67226                                        Benton County                                 MN est18all.txt 19NOV2019
27  11      549      423      675 11.3  8.7 13.9      158      111      205 15.4 10.8 20.0      121       83      159 16.1 11.1 21.1  51058  46689  55427                                        Big Stone County                              MN est18all.txt 19NOV2019
27  13     9693     8578    10808 15.1 13.4 16.8     1424     1037     1811 10.9  7.9 13.9      909      597     1221  9.8  6.5 13.1  58132  54361  61903                                        Blue Earth County                             MN est18all.txt 19NOV2019
27  15     2008     1614     2402  8.4  6.8 10.0      563      414      712 10.4  7.6 13.2      381      270      492  9.5  6.7 12.3  60626  55573  65679                                        Brown County                                  MN est18all.txt 19NOV2019
27  17     3454     2828     4080 10.1  8.3 11.9      866      677     1055 11.0  8.6 13.4      571      429      713  9.6  7.2 12.0  60412  55910  64914                                        Carlton County                                MN est18all.txt 19NOV2019
27  19     3945     3086     4804  3.8  3.0  4.6     1005      731     1279  3.7  2.7  4.7      627      427      827  3.0  2.0  4.0 104248  96317 112179                                        Carver County                                 MN est18all.txt 19NOV2019
27  21     3771     3158     4384 12.9 10.8 15.0     1236      926     1546 20.3 15.2 25.4      834      595     1073 18.6 13.2 24.0  48651  45677  51625                                        Cass County                                   MN est18all.txt 19NOV2019
27  23     1031      791     1271  8.8  6.7 10.9      360      255      465 13.0  9.2 16.8      258      178      338 13.3  9.2 17.4  53540  48757  58323                                        Chippewa County                               MN est18all.txt 19NOV2019
27  25     3508     2869     4147  6.4  5.2  7.6      922      703     1141  7.4  5.7  9.1      601      439      763  6.5  4.8  8.2  82814  76927  88701                                        Chisago County                                MN est18all.txt 19NOV2019
27  27     7220     5975     8465 11.8  9.8 13.8     2057     1600     2514 13.2 10.3 16.1     1414     1061     1767 13.1  9.8 16.4  65914  61579  70249                                        Clay County                                   MN est18all.txt 19NOV2019
27  29     1107      871     1343 12.8 10.1 15.5      383      276      490 17.8 12.8 22.8      263      182      344 16.4 11.3 21.5  51475  48154  54796                                        Clearwater County                             MN est18all.txt 19NOV2019
27  31      511      397      625  9.6  7.5 11.7      114       82      146 13.6  9.8 17.4       73       50       96 12.6  8.6 16.6  54465  49004  59926                                        Cook County                                   MN est18all.txt 19NOV2019
27  33     1147      875     1419 10.4  7.9 12.9      437      314      560 16.1 11.6 20.6      295      202      388 15.2 10.4 20.0  51788  47197  56379                                        Cottonwood County                             MN est18all.txt 19NOV2019
27  35     8105     7093     9117 12.6 11.0 14.2     2280     1866     2694 16.6 13.6 19.6     1499     1189     1809 14.8 11.7 17.9  53481  50120  56842                                        Crow Wing County                              MN est18all.txt 19NOV2019
27  37    26434    23113    29755  6.3  5.5  7.1     8033     6660     9406  7.9  6.6  9.2     6085     5103     7067  8.1  6.8  9.4  86403  83927  88879                                        Dakota County                                 MN est18all.txt 19NOV2019
27  39     1266      989     1543  6.1  4.8  7.4      386      286      486  7.3  5.4  9.2      243      166      320  6.1  4.2  8.0  75955  70279  81631                                        Dodge County                                  MN est18all.txt 19NOV2019
27  41     3304     2715     3893  8.8  7.2 10.4      762      571      953  9.5  7.1 11.9      513      374      652  8.8  6.4 11.2  60979  56170  65788                                        Douglas County                                MN est18all.txt 19NOV2019
27  43     1569     1268     1870 11.7  9.5 13.9      514      389      639 17.6 13.3 21.9      328      232      424 15.3 10.8 19.8  52560  49714  55406                                        Faribault County                              MN est18all.txt 19NOV2019
27  45     2049     1616     2482  9.9  7.8 12.0      744      551      937 14.5 10.7 18.3      508      357      659 13.7  9.6 17.8  58761  55423  62099                                        Fillmore County                               MN est18all.txt 19NOV2019
27  47     2948     2372     3524  9.9  8.0 11.8      857      629     1085 13.2  9.7 16.7      591      418      764 12.4  8.8 16.0  52010  47697  56323                                        Freeborn County                               MN est18all.txt 19NOV2019
27  49     3250     2637     3863  7.1  5.8  8.4      792      591      993  7.9  5.9  9.9      497      337      657  6.7  4.6  8.8  67039  63828  70250                                        Goodhue County                                MN est18all.txt 19NOV2019
27  51      583      459      707  9.9  7.8 12.0      192      138      246 14.4 10.3 18.5      132       90      174 13.7  9.3 18.1  54917  50282  59552                                        Grant County                                  MN est18all.txt 19NOV2019
27  53   127826   120376   135276 10.3  9.7 10.9    31551    27628    35474 11.6 10.2 13.0    21442    18398    24486 11.2  9.6 12.8  76067  74737  77397                                        Hennepin County                               MN est18all.txt 19NOV2019
27  55     1560     1266     1854  8.5  6.9 10.1      365      274      456  9.2  6.9 11.5      235      164      306  8.0  5.6 10.4  59613  54945  64281                                        Houston County                                MN est18all.txt 19NOV2019
27  57     2535     2110     2960 12.0 10.0 14.0      833      653     1013 18.9 14.8 23.0      537      394      680 16.5 12.1 20.9  55687  52401  58973                                        Hubbard County                                MN est18all.txt 19NOV2019
27  59     2987     2393     3581  7.6  6.1  9.1      859      626     1092  9.4  6.9 11.9      583      402      764  8.5  5.9 11.1  73468  69125  77811                                        Isanti County                                 MN est18all.txt 19NOV2019
27  61     5206     4315     6097 11.8  9.8 13.8     1460     1146     1774 16.2 12.7 19.7     1002      765     1239 15.1 11.5 18.7  53143  49576  56710                                        Itasca County                                 MN est18all.txt 19NOV2019
27  63      864      686     1042  8.8  7.0 10.6      256      183      329 12.1  8.6 15.6      179      122      236 11.5  7.8 15.2  57786  53611  61961                                        Jackson County                                MN est18all.txt 19NOV2019
27  65     1800     1421     2179 11.3  8.9 13.7      590      429      751 17.4 12.6 22.2      398      271      525 15.8 10.8 20.8  56950  52216  61684                                        Kanabec County                                MN est18all.txt 19NOV2019
27  67     4854     4068     5640 11.5  9.6 13.4     1834     1477     2191 17.9 14.4 21.4     1200      926     1474 16.4 12.7 20.1  60579  56494  64664                                        Kandiyohi County                              MN est18all.txt 19NOV2019
27  69      415      327      503 10.0  7.9 12.1      125       90      160 13.8 10.0 17.6       87       59      115 12.9  8.8 17.0  54438  48760  60116                                        Kittson County                                MN est18all.txt 19NOV2019
27  71     1811     1453     2169 14.9 12.0 17.8      477      356      598 21.6 16.1 27.1      341      246      436 20.6 14.9 26.3  46281  41827  50735                                        Koochiching County                            MN est18all.txt 19NOV2019
27  73      619      487      751  9.5  7.5 11.5      155      111      199 11.8  8.4 15.2      108       74      142 10.7  7.3 14.1  52445  48324  56566                                        Lac qui Parle County                          MN est18all.txt 19NOV2019
27  75      900      696     1104  8.6  6.7 10.5      227      164      290 11.6  8.4 14.8      148      102      194 10.3  7.1 13.5  61015  55359  66671                                        Lake County                                   MN est18all.txt 19NOV2019
27  77      383      298      468 10.4  8.1 12.7       98       73      123 14.0 10.5 17.5       66       47       85 12.9  9.2 16.6  52058  46582  57534                                        Lake of the Woods County                      MN est18all.txt 19NOV2019
27  79     2191     1780     2602  7.8  6.3  9.3      585      447      723  8.7  6.6 10.8      367      259      475  7.4  5.2  9.6  67269  61345  73193                                        Le Sueur County                               MN est18all.txt 19NOV2019
27  81      562      445      679 10.1  8.0 12.2      155      111      199 11.8  8.5 15.1      106       72      140 10.9  7.4 14.4  51305  46906  55704                                        Lincoln County                                MN est18all.txt 19NOV2019
27  83     3009     2510     3508 12.1 10.1 14.1      920      699     1141 14.1 10.7 17.5      576      397      755 12.4  8.5 16.3  57690  52381  62999                                        Lyon County                                   MN est18all.txt 19NOV2019
27  85     2520     2012     3028  7.1  5.7  8.5      735      543      927  9.1  6.7 11.5      488      342      634  8.2  5.8 10.6  61959  56658  67260                                        McLeod County                                 MN est18all.txt 19NOV2019
27  87     1135      957     1313 20.9 17.6 24.2      505      374      636 29.7 22.0 37.4      339      235      443 27.5 19.1 35.9  43162  39288  47036                                        Mahnomen County                               MN est18all.txt 19NOV2019
27  89      764      591      937  8.2  6.3 10.1      205      148      262  9.7  7.0 12.4      135       92      178  8.9  6.0 11.8  58105  53245  62965                                        Marshall County                               MN est18all.txt 19NOV2019
27  91     2677     2259     3095 13.7 11.6 15.8      818      640      996 19.4 15.2 23.6      560      422      698 18.1 13.6 22.6  50821  46531  55111                                        Martin County                                 MN est18all.txt 19NOV2019
27  93     1715     1370     2060  7.5  6.0  9.0      523      394      652  9.5  7.2 11.8      344      244      444  8.4  6.0 10.8  66557  62835  70279                                        Meeker County                                 MN est18all.txt 19NOV2019
27  95     3163     2697     3629 12.4 10.6 14.2      995      776     1214 16.5 12.9 20.1      657      492      822 15.1 11.3 18.9  53289  49123  57455                                        Mille Lacs County                             MN est18all.txt 19NOV2019
27  97     3307     2673     3941 10.1  8.2 12.0      907      651     1163 11.9  8.6 15.2      622      420      824 11.0  7.4 14.6  57471  54738  60204                                        Morrison County                               MN est18all.txt 19NOV2019
27  99     4567     3761     5373 11.6  9.6 13.6     1317      998     1636 13.4 10.2 16.6      911      667     1155 12.7  9.3 16.1  53387  49160  57614                                        Mower County                                  MN est18all.txt 19NOV2019
27 101      667      512      822  8.2  6.3 10.1      204      146      262 11.5  8.3 14.7      140       95      185 10.8  7.4 14.2  59938  55519  64357                                        Murray County                                 MN est18all.txt 19NOV2019
27 103     2759     2210     3308  8.7  7.0 10.4      665      471      859  9.0  6.4 11.6      430      289      571  7.9  5.3 10.5  66209  60058  72360                                        Nicollet County                               MN est18all.txt 19NOV2019
27 105     2335     1844     2826 10.8  8.5 13.1      838      612     1064 14.3 10.5 18.1      564      390      738 13.8  9.5 18.1  55766  51360  60172                                        Nobles County                                 MN est18all.txt 19NOV2019
27 107      691      534      848 10.9  8.4 13.4      257      184      330 16.8 12.0 21.6      172      117      227 15.0 10.2 19.8  48799  44185  53413                                        Norman County                                 MN est18all.txt 19NOV2019
27 109    10908     8962    12854  7.1  5.8  8.4     3141     2323     3959  8.3  6.1 10.5     1972     1338     2606  7.3  5.0  9.6  76001  71930  80072                                        Olmsted County                                MN est18all.txt 19NOV2019
27 111     5940     4999     6881 10.3  8.7 11.9     1776     1383     2169 14.0 10.9 17.1     1132      832     1432 12.4  9.1 15.7  53778  49601  57955                                        Otter Tail County                             MN est18all.txt 19NOV2019
27 113     1278      997     1559  9.2  7.2 11.2      346      255      437 11.0  8.1 13.9      228      160      296 10.1  7.1 13.1  57494  52054  62934                                        Pennington County                             MN est18all.txt 19NOV2019
27 115     3319     2707     3931 12.0  9.8 14.2      877      635     1119 15.7 11.4 20.0      575      391      759 13.8  9.4 18.2  50387  46119  54655                                        Pine County                                   MN est18all.txt 19NOV2019
27 117      917      717     1117 10.4  8.1 12.7      345      254      436 15.0 11.0 19.0      239      170      308 14.5 10.3 18.7  55378  50298  60458                                        Pipestone County                              MN est18all.txt 19NOV2019
27 119     3654     3014     4294 12.0  9.9 14.1     1206      944     1468 16.1 12.6 19.6      846      650     1042 16.0 12.3 19.7  60180  56180  64180                                        Polk County                                   MN est18all.txt 19NOV2019
27 121      919      726     1112  8.4  6.6 10.2      227      163      291 10.0  7.2 12.8      142       93      191  8.6  5.6 11.6  60975  58300  63650                                        Pope County                                   MN est18all.txt 19NOV2019
27 123    78160    72003    84317 14.6 13.4 15.8    26401    23339    29463 20.9 18.5 23.3    18187    15795    20579 20.6 17.9 23.3  62937  60948  64926                                        Ramsey County                                 MN est18all.txt 19NOV2019
27 125      423      338      508 10.7  8.6 12.8      120       92      148 12.6  9.6 15.6       73       51       95 10.2  7.2 13.2  54412  48598  60226                                        Red Lake County                               MN est18all.txt 19NOV2019
27 127     1409     1151     1667  9.4  7.7 11.1      535      414      656 14.4 11.1 17.7      358      262      454 13.2  9.7 16.7  56760  53267  60253                                        Redwood County                                MN est18all.txt 19NOV2019
27 129     1505     1209     1801 10.5  8.4 12.6      513      392      634 15.4 11.8 19.0      357      263      451 14.9 11.0 18.8  59787  56279  63295                                        Renville County                               MN est18all.txt 19NOV2019
27 131     5718     4655     6781  9.6  7.8 11.4     1661     1297     2025 11.6  9.0 14.2     1110      835     1385 10.7  8.1 13.3  67024  61960  72088                                        Rice County                                   MN est18all.txt 19NOV2019
27 133      815      631      999  8.9  6.9 10.9      282      204      360 12.0  8.7 15.3      193      134      252 10.8  7.5 14.1  63503  58010  68996                                        Rock County                                   MN est18all.txt 19NOV2019
27 135     1261     1010     1512  8.5  6.8 10.2      419      316      522 11.7  8.8 14.6      270      188      352 10.1  7.0 13.2  60239  56563  63915                                        Roseau County                                 MN est18all.txt 19NOV2019
27 137    28232    25823    30641 14.7 13.4 16.0     5327     4235     6419 14.5 11.5 17.5     3500     2651     4349 13.1  9.9 16.3  53833  50948  56718                                        St. Louis County                              MN est18all.txt 19NOV2019
27 139     7563     6290     8836  5.2  4.3  6.1     2421     1913     2929  6.1  4.8  7.4     1696     1319     2073  5.7  4.4  7.0 101427  96957 105897                                        Scott County                                  MN est18all.txt 19NOV2019
27 141     6098     5074     7122  6.5  5.4  7.6     1718     1329     2107  6.9  5.3  8.5     1029      746     1312  5.6  4.1  7.1  81850  77380  86320                                        Sherburne County                              MN est18all.txt 19NOV2019
27 143     1052      785     1319  7.1  5.3  8.9      357      254      460 10.3  7.3 13.3      251      173      329  9.6  6.6 12.6  66209  61507  70911                                        Sibley County                                 MN est18all.txt 19NOV2019
27 145    18879    16482    21276 12.4 10.8 14.0     4972     3988     5956 13.8 11.1 16.5     3351     2643     4059 13.0 10.3 15.7  60843  58652  63034                                        Stearns County                                MN est18all.txt 19NOV2019
27 147     3491     2942     4040  9.6  8.1 11.1     1096      840     1352 12.2  9.4 15.0      731      543      919 10.9  8.1 13.7  65323  59381  71265                                        Steele County                                 MN est18all.txt 19NOV2019
27 149      986      790     1182 11.2  9.0 13.4      182      139      225  9.0  6.9 11.1      111       80      142  7.5  5.4  9.6  61929  57163  66695                                        Stevens County                                MN est18all.txt 19NOV2019
27 151      936      741     1131 10.2  8.1 12.3      293      211      375 13.8  9.9 17.7      192      131      253 12.4  8.5 16.3  51552  46448  56656                                        Swift County                                  MN est18all.txt 19NOV2019
27 153     3017     2457     3577 12.4 10.1 14.7      953      716     1190 16.6 12.5 20.7      633      446      820 15.6 11.0 20.2  58113  55706  60520                                        Todd County                                   MN est18all.txt 19NOV2019
27 155      418      321      515 13.1 10.1 16.1      149      108      190 22.0 15.9 28.1      104       72      136 20.9 14.4 27.4  49773  44566  54980                                        Traverse County                               MN est18all.txt 19NOV2019
27 157     1578     1263     1893  7.4  5.9  8.9      385      279      491  8.3  6.0 10.6      244      162      326  7.1  4.7  9.5  63633  59856  67410                                        Wabasha County                                MN est18all.txt 19NOV2019
27 159     1924     1523     2325 14.4 11.4 17.4      629      466      792 18.2 13.5 22.9      416      292      540 16.7 11.7 21.7  46312  42750  49874                                        Wadena County                                 MN est18all.txt 19NOV2019
27 161     1633     1304     1962  9.2  7.3 11.1      508      374      642 12.0  8.8 15.2      360      257      463 11.3  8.1 14.5  58335  53256  63414                                        Waseca County                                 MN est18all.txt 19NOV2019
27 163    10755     8783    12727  4.2  3.4  5.0     2851     2093     3609  4.5  3.3  5.7     1908     1324     2492  4.0  2.8  5.2  95840  91507 100173                                        Washington County                             MN est18all.txt 19NOV2019
27 165     1152      906     1398 10.7  8.4 13.0      376      273      479 14.2 10.3 18.1      255      176      334 13.6  9.4 17.8  51962  46766  57158                                        Watonwan County                               MN est18all.txt 19NOV2019
27 167      572      442      702  9.4  7.3 11.5      185      133      237 13.6  9.8 17.4      129       88      170 13.2  9.0 17.4  61387  55890  66884                                        Wilkin County                                 MN est18all.txt 19NOV2019
27 169     6126     5297     6955 13.0 11.2 14.8      997      720     1274 11.1  8.0 14.2      647      439      855  9.9  6.7 13.1  56076  51541  60611                                        Winona County                                 MN est18all.txt 19NOV2019
27 171     6639     5405     7873  4.9  4.0  5.8     1771     1303     2239  4.7  3.4  6.0     1009      670     1348  3.6  2.4  4.8  87377  81302  93452                                        Wright County                                 MN est18all.txt 19NOV2019
27 173     1124      923     1325 11.7  9.6 13.8      340      257      423 15.0 11.3 18.7      242      178      306 14.7 10.8 18.6  56528  51650  61406                                        Yellow Medicine County                        MN est18all.txt 19NOV2019
28   0   571402   557711   585093 19.8 19.3 20.3   195794   189072   202516 28.2 27.2 29.2   138665   132814   144516 27.0 25.9 28.1  44740  43972  45508   55423   52217   58629 30.8 29.0 32.6 Mississippi                                   MS est18all.txt 19NOV2019
28   1     8478     6844    10112 29.4 23.7 35.1     2493     1875     3111 40.4 30.4 50.4     1759     1269     2249 40.1 28.9 51.3  33392  29699  37085                                        Adams County                                  MS est18all.txt 19NOV2019
28   3     6559     5259     7859 18.2 14.6 21.8     1940     1457     2423 23.4 17.6 29.2     1415      990     1840 22.8 16.0 29.6  40010  36190  43830                                        Alcorn County                                 MS est18all.txt 19NOV2019
28   5     2706     2150     3262 22.2 17.6 26.8      819      607     1031 32.9 24.4 41.4      578      407      749 31.5 22.2 40.8  38092  33846  42338                                        Amite County                                  MS est18all.txt 19NOV2019
28   7     4272     3455     5089 23.7 19.2 28.2     1493     1110     1876 32.6 24.2 41.0     1078      772     1384 31.4 22.5 40.3  36761  32896  40626                                        Attala County                                 MS est18all.txt 19NOV2019
28   9     1807     1413     2201 22.1 17.3 26.9      580      424      736 32.8 24.0 41.6      403      275      531 31.2 21.3 41.1  35184  31506  38862                                        Benton County                                 MS est18all.txt 19NOV2019
28  11     8715     7127    10303 29.4 24.0 34.8     2923     2214     3632 38.9 29.5 48.3     2007     1436     2578 36.5 26.1 46.9  33116  30441  35791                                        Bolivar County                                MS est18all.txt 19NOV2019
28  13     3026     2419     3633 21.3 17.0 25.6     1140      883     1397 34.2 26.5 41.9      821      621     1021 32.4 24.5 40.3  39176  35805  42547                                        Calhoun County                                MS est18all.txt 19NOV2019
28  15     1710     1335     2085 17.9 14.0 21.8      437      314      560 24.0 17.2 30.8      308      210      406 21.9 14.9 28.9  42588  38000  47176                                        Carroll County                                MS est18all.txt 19NOV2019
28  17     3383     2616     4150 20.3 15.7 24.9     1140      794     1486 27.1 18.9 35.3      811      543     1079 26.1 17.5 34.7  37429  33639  41219                                        Chickasaw County                              MS est18all.txt 19NOV2019
28  19     1668     1295     2041 20.4 15.8 25.0      505      349      661 28.6 19.8 37.4      382      255      509 29.1 19.4 38.8  38479  34209  42749                                        Choctaw County                                MS est18all.txt 19NOV2019
28  21     2827     2178     3476 36.3 28.0 44.6      858      627     1089 45.9 33.6 58.2      611      428      794 45.7 32.0 59.4  29631  26386  32876                                        Claiborne County                              MS est18all.txt 19NOV2019
28  23     3351     2673     4029 21.6 17.2 26.0     1112      830     1394 32.8 24.5 41.1      815      589     1041 32.1 23.2 41.0  41495  37283  45707                                        Clarke County                                 MS est18all.txt 19NOV2019
28  25     4170     3193     5147 21.9 16.8 27.0     1541     1117     1965 35.6 25.8 45.4     1063      732     1394 32.6 22.4 42.8  38121  34160  42082                                        Clay County                                   MS est18all.txt 19NOV2019
28  27     7893     6536     9250 35.9 29.7 42.1     3021     2293     3749 50.3 38.2 62.4     2094     1509     2679 49.3 35.5 63.1  29380  26242  32518                                        Coahoma County                                MS est18all.txt 19NOV2019
28  29     7364     6155     8573 26.5 22.2 30.8     2336     1797     2875 36.1 27.8 44.4     1677     1254     2100 35.2 26.3 44.1  38664  34741  42587                                        Copiah County                                 MS est18all.txt 19NOV2019
28  31     4910     4194     5626 26.5 22.6 30.4     1644     1263     2025 36.0 27.7 44.3     1082      745     1419 32.1 22.1 42.1  36083  32043  40123                                        Covington County                              MS est18all.txt 19NOV2019
28  33    16255    13567    18943  9.0  7.5 10.5     5799     4370     7228 12.6  9.5 15.7     4117     3017     5217 11.7  8.6 14.8  68126  64690  71562                                        DeSoto County                                 MS est18all.txt 19NOV2019
28  35    17341    14786    19896 24.0 20.5 27.5     5339     4245     6433 31.2 24.8 37.6     3973     3196     4750 32.3 26.0 38.6  39061  36695  41427                                        Forrest County                                MS est18all.txt 19NOV2019
28  37     1551     1206     1896 20.1 15.6 24.6      495      359      631 27.6 20.0 35.2      349      242      456 25.2 17.4 33.0  39508  35301  43715                                        Franklin County                               MS est18all.txt 19NOV2019
28  39     3802     2930     4674 16.1 12.4 19.8     1490     1090     1890 23.6 17.2 30.0     1027      722     1332 23.0 16.2 29.8  47246  43823  50669                                        George County                                 MS est18all.txt 19NOV2019
28  41     2485     1890     3080 22.6 17.2 28.0      657      475      839 25.0 18.1 31.9      468      326      610 23.4 16.3 30.5  42022  37413  46631                                        Greene County                                 MS est18all.txt 19NOV2019
28  43     4621     3764     5478 22.3 18.2 26.4     1682     1305     2059 33.8 26.2 41.4     1081      754     1408 29.6 20.6 38.6  39633  35483  43783                                        Grenada County                                MS est18all.txt 19NOV2019
28  45     8181     6631     9731 17.5 14.2 20.8     2485     1928     3042 26.2 20.3 32.1     1772     1359     2185 25.3 19.4 31.2  49843  46580  53106                                        Hancock County                                MS est18all.txt 19NOV2019
28  47    40288    35871    44705 20.0 17.8 22.2    14063    11619    16507 29.0 24.0 34.0     9514     7605    11423 26.9 21.5 32.3  45355  42699  48011                                        Harrison County                               MS est18all.txt 19NOV2019
28  49    44204    38435    49973 19.4 16.9 21.9    17022    14234    19810 30.4 25.4 35.4    11777     9490    14064 28.6 23.0 34.2  44776  42642  46910                                        Hinds County                                  MS est18all.txt 19NOV2019
28  51     5515     4320     6710 33.2 26.0 40.4     2015     1482     2548 45.5 33.5 57.5     1413      994     1832 43.1 30.3 55.9  26449  23682  29216                                        Holmes County                                 MS est18all.txt 19NOV2019
28  53     3015     2343     3687 37.0 28.8 45.2     1193      884     1502 56.3 41.7 70.9      865      623     1107 52.0 37.5 66.5  28542  26040  31044                                        Humphreys County                              MS est18all.txt 19NOV2019
28  55      409      311      507 40.5 30.8 50.2       66       47       85 50.8 36.1 65.5       49       33       65 51.6 34.8 68.4  26936  23881  29991                                        Issaquena County                              MS est18all.txt 19NOV2019
28  57     3066     2328     3804 13.7 10.4 17.0      880      610     1150 17.5 12.1 22.9      625      415      835 16.8 11.2 22.4  45720  40973  50467                                        Itawamba County                               MS est18all.txt 19NOV2019
28  59    25348    22427    28269 17.9 15.8 20.0     8720     7389    10051 26.5 22.5 30.5     6308     5233     7383 25.4 21.1 29.7  51771  47974  55568                                        Jackson County                                MS est18all.txt 19NOV2019
28  61     3098     2354     3842 19.0 14.4 23.6     1036      731     1341 28.2 19.9 36.5      742      494      990 27.4 18.2 36.6  36987  33377  40597                                        Jasper County                                 MS est18all.txt 19NOV2019
28  63     2388     1892     2884 35.5 28.1 42.9      806      619      993 50.8 39.0 62.6      595      446      744 52.0 39.0 65.0  28024  24950  31098                                        Jefferson County                              MS est18all.txt 19NOV2019
28  65     2885     2269     3501 26.0 20.5 31.5      819      585     1053 37.6 26.9 48.3      600      408      792 37.6 25.6 49.6  31739  28267  35211                                        Jefferson Davis County                        MS est18all.txt 19NOV2019
28  67    13223    10763    15683 19.9 16.2 23.6     4811     3716     5906 28.6 22.1 35.1     3554     2726     4382 28.7 22.0 35.4  42435  38160  46710                                        Jones County                                  MS est18all.txt 19NOV2019
28  69     2427     1858     2996 27.5 21.1 33.9      712      530      894 39.4 29.3 49.5      479      329      629 35.0 24.0 46.0  33437  31167  35707                                        Kemper County                                 MS est18all.txt 19NOV2019
28  71     8801     7218    10384 18.0 14.8 21.2     1585     1162     2008 16.2 11.9 20.5     1087      750     1424 15.4 10.6 20.2  49381  44906  53856                                        Lafayette County                              MS est18all.txt 19NOV2019
28  73     8666     7158    10174 14.0 11.6 16.4     2793     2116     3470 18.3 13.9 22.7     1977     1473     2481 17.5 13.0 22.0  58377  53634  63120                                        Lamar County                                  MS est18all.txt 19NOV2019
28  75    18243    15783    20703 25.5 22.1 28.9     5864     4672     7056 33.9 27.0 40.8     3996     3109     4883 31.7 24.7 38.7  40077  36758  43396                                        Lauderdale County                             MS est18all.txt 19NOV2019
28  77     2329     1818     2840 18.7 14.6 22.8      821      598     1044 27.2 19.8 34.6      569      389      749 25.3 17.3 33.3  40510  36216  44804                                        Lawrence County                               MS est18all.txt 19NOV2019
28  79     5335     4361     6309 25.4 20.8 30.0     1920     1469     2371 39.7 30.4 49.0     1377     1021     1733 39.5 29.3 49.7  37212  33287  41137                                        Leake County                                  MS est18all.txt 19NOV2019
28  81    10977     8861    13093 13.1 10.6 15.6     4218     3086     5350 19.9 14.6 25.2     2831     1959     3703 18.3 12.7 23.9  51088  46925  55251                                        Lee County                                    MS est18all.txt 19NOV2019
28  83     9655     7993    11317 35.1 29.1 41.1     3862     3020     4704 49.0 38.3 59.7     2702     2066     3338 47.5 36.3 58.7  29244  26020  32468                                        Leflore County                                MS est18all.txt 19NOV2019
28  85     6422     5223     7621 19.1 15.5 22.7     1961     1455     2467 24.8 18.4 31.2     1366      979     1753 23.5 16.8 30.2  43478  39239  47717                                        Lincoln County                                MS est18all.txt 19NOV2019
28  87    13276    11586    14966 23.1 20.2 26.0     4355     3468     5242 31.8 25.3 38.3     3286     2627     3945 32.9 26.3 39.5  44348  40261  48435                                        Lowndes County                                MS est18all.txt 19NOV2019
28  89     9750     7441    12059  9.4  7.2 11.6     3557     2559     4555 13.6  9.8 17.4     2561     1762     3360 13.0  8.9 17.1  75740  72491  78989                                        Madison County                                MS est18all.txt 19NOV2019
28  91     6500     5444     7556 27.2 22.8 31.6     2009     1550     2468 35.7 27.5 43.9     1505     1146     1864 35.6 27.1 44.1  36408  32678  40138                                        Marion County                                 MS est18all.txt 19NOV2019
28  93     7019     5507     8531 20.9 16.4 25.4     2448     1834     3062 33.3 24.9 41.7     1776     1275     2277 32.9 23.6 42.2  40285  36198  44372                                        Marshall County                               MS est18all.txt 19NOV2019
28  95     5750     4592     6908 16.4 13.1 19.7     1949     1450     2448 24.5 18.2 30.8     1469     1086     1852 24.5 18.1 30.9  44681  41124  48238                                        Monroe County                                 MS est18all.txt 19NOV2019
28  97     2265     1744     2786 22.9 17.6 28.2      810      594     1026 36.0 26.4 45.6      576      405      747 34.7 24.4 45.0  36311  32349  40273                                        Montgomery County                             MS est18all.txt 19NOV2019
28  99     7701     6684     8718 26.9 23.4 30.4     3015     2501     3529 37.6 31.2 44.0     2116     1708     2524 35.5 28.7 42.3  36236  32765  39707                                        Neshoba County                                MS est18all.txt 19NOV2019
28 101     4399     3602     5196 21.2 17.4 25.0     1666     1306     2026 31.1 24.4 37.8     1238      964     1512 31.0 24.1 37.9  40792  36459  45125                                        Newton County                                 MS est18all.txt 19NOV2019
28 103     3001     2331     3671 29.0 22.5 35.5     1044      743     1345 40.8 29.0 52.6      730      490      970 40.5 27.2 53.8  32167  28902  35432                                        Noxubee County                                MS est18all.txt 19NOV2019
28 105    12296    10639    13953 27.3 23.6 31.0     2330     1717     2943 26.7 19.7 33.7     1719     1254     2184 28.1 20.5 35.7  39130  35449  42811                                        Oktibbeha County                              MS est18all.txt 19NOV2019
28 107     7391     5681     9101 21.8 16.8 26.8     2873     2051     3695 34.4 24.5 44.3     2072     1431     2713 34.4 23.8 45.0  39198  35829  42567                                        Panola County                                 MS est18all.txt 19NOV2019
28 109     9761     7724    11798 18.1 14.3 21.9     3235     2370     4100 26.2 19.2 33.2     2283     1612     2954 24.9 17.6 32.2  45268  40707  49829                                        Pearl River County                            MS est18all.txt 19NOV2019
28 111     2597     2082     3112 22.0 17.6 26.4      906      695     1117 34.3 26.3 42.3      653      487      819 33.2 24.7 41.7  39687  35334  44040                                        Perry County                                  MS est18all.txt 19NOV2019
28 113    11814    10178    13450 30.6 26.4 34.8     4679     3948     5410 46.2 39.0 53.4     3583     2971     4195 47.8 39.6 56.0  33983  30334  37632                                        Pike County                                   MS est18all.txt 19NOV2019
28 115     5185     4257     6113 16.5 13.6 19.4     2164     1717     2611 26.2 20.8 31.6     1562     1234     1890 25.8 20.4 31.2  44297  40247  48347                                        Pontotoc County                               MS est18all.txt 19NOV2019
28 117     4808     3938     5678 19.8 16.2 23.4     1544     1188     1900 28.1 21.6 34.6     1013      727     1299 25.3 18.2 32.4  41281  37551  45011                                        Prentiss County                               MS est18all.txt 19NOV2019
28 119     2604     2092     3116 37.6 30.2 45.0      876      667     1085 55.0 41.8 68.2      602      433      771 51.0 36.7 65.3  27767  24714  30820                                        Quitman County                                MS est18all.txt 19NOV2019
28 121    14162    11349    16975  9.6  7.7 11.5     4216     2994     5438 12.0  8.5 15.5     2924     1980     3868 11.2  7.6 14.8  66296  63379  69213                                        Rankin County                                 MS est18all.txt 19NOV2019
28 123     7135     6125     8145 25.5 21.9 29.1     2733     2249     3217 36.8 30.3 43.3     1964     1579     2349 37.2 29.9 44.5  38034  33830  42238                                        Scott County                                  MS est18all.txt 19NOV2019
28 125     1444     1099     1789 33.6 25.6 41.6      516      368      664 49.1 35.0 63.2      370      253      487 46.6 31.9 61.3  28887  25781  31993                                        Sharkey County                                MS est18all.txt 19NOV2019
28 127     5200     4050     6350 19.8 15.4 24.2     1856     1354     2358 30.6 22.3 38.9     1277      900     1654 27.7 19.5 35.9  38173  34182  42164                                        Simpson County                                MS est18all.txt 19NOV2019
28 129     2660     2021     3299 16.8 12.8 20.8      908      645     1171 24.8 17.6 32.0      638      428      848 23.1 15.5 30.7  46764  42575  50953                                        Smith County                                  MS est18all.txt 19NOV2019
28 131     3378     2685     4071 20.1 16.0 24.2     1082      808     1356 27.9 20.8 35.0      713      493      933 25.1 17.4 32.8  44622  39934  49310                                        Stone County                                  MS est18all.txt 19NOV2019
28 133     7041     5567     8515 32.6 25.8 39.4     2378     1759     2997 42.3 31.3 53.3     1754     1274     2234 41.6 30.2 53.0  31329  27968  34690                                        Sunflower County                              MS est18all.txt 19NOV2019
28 135     3852     2956     4748 33.4 25.6 41.2     1098      796     1400 40.5 29.4 51.6      765      527     1003 39.4 27.1 51.7  32692  29425  35959                                        Tallahatchie County                           MS est18all.txt 19NOV2019
28 137     4827     3899     5755 17.6 14.2 21.0     1667     1255     2079 25.9 19.5 32.3     1152      827     1477 24.0 17.2 30.8  48082  43030  53134                                        Tate County                                   MS est18all.txt 19NOV2019
28 139     3652     2875     4429 16.9 13.3 20.5     1224      881     1567 23.1 16.6 29.6      844      577     1111 21.5 14.7 28.3  39833  35749  43917                                        Tippah County                                 MS est18all.txt 19NOV2019
28 141     2912     2267     3557 15.2 11.8 18.6      881      633     1129 21.5 15.5 27.5      613      415      811 20.0 13.5 26.5  41455  37050  45860                                        Tishomingo County                             MS est18all.txt 19NOV2019
28 143     2599     1987     3211 26.5 20.3 32.7     1253      890     1616 43.5 30.9 56.1      914      619     1209 44.8 30.3 59.3  33143  29688  36598                                        Tunica County                                 MS est18all.txt 19NOV2019
28 145     3779     2941     4617 13.4 10.4 16.4     1323      958     1688 18.8 13.6 24.0      895      612     1178 17.4 11.9 22.9  46600  41725  51475                                        Union County                                  MS est18all.txt 19NOV2019
28 147     3350     2582     4118 23.4 18.0 28.8     1203      857     1549 36.8 26.2 47.4      855      581     1129 34.9 23.7 46.1  33566  29869  37263                                        Walthall County                               MS est18all.txt 19NOV2019
28 149     8766     6989    10543 19.2 15.3 23.1     3368     2457     4279 31.0 22.6 39.4     2411     1691     3131 30.3 21.3 39.3  46049  41997  50101                                        Warren County                                 MS est18all.txt 19NOV2019
28 151    14414    12213    16615 32.6 27.6 37.6     5952     5009     6895 52.0 43.8 60.2     4431     3742     5120 53.4 45.1 61.7  33991  30628  37354                                        Washington County                             MS est18all.txt 19NOV2019
28 153     4318     3302     5334 21.4 16.4 26.4     1609     1147     2071 32.8 23.4 42.2     1124      766     1482 31.6 21.6 41.6  37401  33301  41501                                        Wayne County                                  MS est18all.txt 19NOV2019
28 155     1764     1385     2143 18.1 14.2 22.0      595      437      753 25.9 19.0 32.8      415      292      538 24.2 17.0 31.4  43349  39068  47630                                        Webster County                                MS est18all.txt 19NOV2019
28 157     2325     1754     2896 30.3 22.9 37.7      716      515      917 38.7 27.8 49.6      521      361      681 37.4 25.9 48.9  29900  26899  32901                                        Wilkinson County                              MS est18all.txt 19NOV2019
28 159     3717     2835     4599 21.0 16.0 26.0     1296      921     1671 32.1 22.8 41.4      932      633     1231 30.3 20.6 40.0  39498  35916  43080                                        Winston County                                MS est18all.txt 19NOV2019
28 161     2208     1624     2792 18.1 13.3 22.9      842      592     1092 30.8 21.7 39.9      586      390      782 29.6 19.7 39.5  39551  36027  43075                                        Yalobusha County                              MS est18all.txt 19NOV2019
28 163     8417     6771    10063 37.1 29.8 44.4     2522     1915     3129 41.2 31.3 51.1     1706     1215     2197 37.2 26.5 47.9  33111  29618  36604                                        Yazoo County                                  MS est18all.txt 19NOV2019
29   0   785343   769878   800808 13.2 12.9 13.5   245703   236272   255134 18.3 17.6 19.0   166723   158453   174993 17.1 16.3 17.9  54412  53683  55141   71760   67630   75890 19.9 18.8 21.0 Missouri                                      MO est18all.txt 19NOV2019
29   1     5356     4600     6112 23.9 20.5 27.3      897      628     1166 19.9 13.9 25.9      607      402      812 18.6 12.3 24.9  40395  36320  44470                                        Adair County                                  MO est18all.txt 19NOV2019
29   3     1429     1101     1757  8.2  6.3 10.1      453      320      586 11.4  8.0 14.8      324      219      429 10.9  7.4 14.4  57459  52357  62561                                        Andrew County                                 MO est18all.txt 19NOV2019
29   5      600      467      733 11.8  9.2 14.4      163      116      210 16.0 11.4 20.6      116       79      153 15.0 10.2 19.8  49122  44242  54002                                        Atchison County                               MO est18all.txt 19NOV2019
29   7     3883     3051     4715 16.7 13.1 20.3     1430     1039     1821 25.6 18.6 32.6      922      618     1226 23.9 16.0 31.8  44340  40689  47991                                        Audrain County                                MO est18all.txt 19NOV2019
29   9     6658     5466     7850 18.8 15.4 22.2     2143     1603     2683 26.9 20.1 33.7     1481     1066     1896 25.5 18.4 32.6  42457  38314  46600                                        Barry County                                  MO est18all.txt 19NOV2019
29  11     2057     1676     2438 17.6 14.3 20.9      642      464      820 23.9 17.3 30.5      403      263      543 19.9 13.0 26.8  41583  37032  46134                                        Barton County                                 MO est18all.txt 19NOV2019
29  13     2267     1765     2769 14.2 11.0 17.4      748      544      952 20.3 14.8 25.8      513      352      674 18.7 12.8 24.6  45955  42161  49749                                        Bates County                                  MO est18all.txt 19NOV2019
29  15     3834     3232     4436 20.2 17.0 23.4     1094      849     1339 33.7 26.2 41.2      764      566      962 31.8 23.6 40.0  40025  36237  43813                                        Benton County                                 MO est18all.txt 19NOV2019
29  17     1871     1441     2301 15.6 12.0 19.2      549      392      706 21.9 15.7 28.1      379      259      499 19.7 13.4 26.0  44233  39651  48815                                        Bollinger County                              MO est18all.txt 19NOV2019
29  19    28584    25882    31286 16.8 15.2 18.4     4720     3588     5852 13.2 10.0 16.4     3067     2201     3933 12.1  8.7 15.5  55136  51995  58277                                        Boone County                                  MO est18all.txt 19NOV2019
29  21    13117    11079    15155 15.6 13.2 18.0     4325     3450     5200 22.4 17.9 26.9     2824     2120     3528 20.5 15.4 25.6  52506  48976  56036                                        Buchanan County                               MO est18all.txt 19NOV2019
29  23     8567     6984    10150 20.5 16.7 24.3     2932     2180     3684 30.2 22.5 37.9     1967     1393     2541 28.0 19.8 36.2  38067  34331  41803                                        Butler County                                 MO est18all.txt 19NOV2019
29  25     1281     1020     1542 14.4 11.5 17.3      417      306      528 19.6 14.4 24.8      283      198      368 17.7 12.4 23.0  47591  43331  51851                                        Caldwell County                               MO est18all.txt 19NOV2019
29  27     4795     3813     5777 11.7  9.3 14.1     1567     1201     1933 17.5 13.4 21.6      990      721     1259 15.1 11.0 19.2  53970  48693  59247                                        Callaway County                               MO est18all.txt 19NOV2019
29  29     5712     4456     6968 12.6  9.8 15.4     1781     1296     2266 22.9 16.7 29.1     1238      858     1618 21.4 14.8 28.0  48580  45349  51811                                        Camden County                                 MO est18all.txt 19NOV2019
29  31    10334     8707    11961 13.8 11.6 16.0     2816     2135     3497 17.2 13.0 21.4     1903     1395     2411 16.0 11.7 20.3  51962  47761  56163                                        Cape Girardeau County                         MO est18all.txt 19NOV2019
29  33     1060      781     1339 12.3  9.1 15.5      409      292      526 20.8 14.9 26.7      279      189      369 19.1 13.0 25.2  47049  41944  52154                                        Carroll County                                MO est18all.txt 19NOV2019
29  35     1355     1042     1668 22.6 17.4 27.8      495      354      636 35.3 25.3 45.3      355      240      470 35.2 23.8 46.6  34134  30714  37554                                        Carter County                                 MO est18all.txt 19NOV2019
29  37     8427     7034     9820  8.1  6.8  9.4     2683     2079     3287 10.8  8.4 13.2     1862     1407     2317 10.1  7.6 12.6  71374  66347  76401                                        Cass County                                   MO est18all.txt 19NOV2019
29  39     2502     1912     3092 17.9 13.7 22.1     1006      728     1284 30.2 21.8 38.6      710      495      925 30.2 21.1 39.3  37288  33614  40962                                        Cedar County                                  MO est18all.txt 19NOV2019
29  41      967      765     1169 13.4 10.6 16.2      322      241      403 19.3 14.5 24.1      227      164      290 18.6 13.4 23.8  48421  43742  53100                                        Chariton County                               MO est18all.txt 19NOV2019
29  43     7388     5908     8868  8.6  6.9 10.3     2484     1826     3142 11.5  8.4 14.6     1700     1204     2196 10.6  7.5 13.7  58057  54171  61943                                        Christian County                              MO est18all.txt 19NOV2019
29  45     1001      768     1234 14.9 11.4 18.4      352      255      449 23.2 16.8 29.6      249      173      325 22.7 15.8 29.6  46832  42585  51079                                        Clark County                                  MO est18all.txt 19NOV2019
29  47    17153    14156    20150  7.0  5.8  8.2     5057     3776     6338  8.7  6.5 10.9     3352     2378     4326  7.9  5.6 10.2  68943  65346  72540                                        Clay County                                   MO est18all.txt 19NOV2019
29  49     1793     1336     2250  9.0  6.7 11.3      608      428      788 12.9  9.1 16.7      423      284      562 12.1  8.1 16.1  58641  54373  62909                                        Clinton County                                MO est18all.txt 19NOV2019
29  51     6362     4863     7861  8.9  6.8 11.0     2019     1438     2600 12.0  8.5 15.5     1376      936     1816 11.2  7.6 14.8  62817  59260  66374                                        Cole County                                   MO est18all.txt 19NOV2019
29  53     2242     1811     2673 14.0 11.3 16.7      753      588      918 20.7 16.2 25.2      481      352      610 17.8 13.0 22.6  52513  49221  55805                                        Cooper County                                 MO est18all.txt 19NOV2019
29  55     3741     2900     4582 15.9 12.3 19.5     1274      901     1647 24.1 17.0 31.2      866      580     1152 22.0 14.8 29.2  42774  39337  46211                                        Crawford County                               MO est18all.txt 19NOV2019
29  57     1245     1000     1490 16.8 13.5 20.1      384      284      484 25.2 18.7 31.7      267      190      344 23.0 16.3 29.7  41381  37343  45419                                        Dade County                                   MO est18all.txt 19NOV2019
29  59     2750     2078     3422 16.6 12.5 20.7      993      692     1294 25.5 17.8 33.2      691      458      924 24.8 16.5 33.1  38765  34813  42717                                        Dallas County                                 MO est18all.txt 19NOV2019
29  61     1212      938     1486 14.9 11.5 18.3      539      391      687 26.0 18.8 33.2      369      250      488 24.4 16.5 32.3  51255  50087  52423                                        Daviess County                                MO est18all.txt 19NOV2019
29  63     1470     1116     1824 16.0 12.1 19.9      292      207      377 13.7  9.7 17.7      197      133      261 12.9  8.7 17.1  48920  43848  53992                                        DeKalb County                                 MO est18all.txt 19NOV2019
29  65     3082     2487     3677 20.3 16.4 24.2     1070      824     1316 31.6 24.3 38.9      764      576      952 30.9 23.3 38.5  39392  35795  42989                                        Dent County                                   MO est18all.txt 19NOV2019
29  67     2593     2020     3166 19.7 15.4 24.0      840      599     1081 29.5 21.0 38.0      581      395      767 27.8 18.9 36.7  36762  33059  40465                                        Douglas County                                MO est18all.txt 19NOV2019
29  69     7462     6196     8728 26.1 21.7 30.5     2785     2170     3400 38.1 29.7 46.5     1963     1508     2418 36.7 28.2 45.2  37331  34506  40156                                        Dunklin County                                MO est18all.txt 19NOV2019
29  71     9383     7505    11261  9.2  7.4 11.0     3074     2284     3864 13.2  9.8 16.6     2060     1450     2670 12.1  8.5 15.7  58738  54766  62710                                        Franklin County                               MO est18all.txt 19NOV2019
29  73     1697     1337     2057 11.8  9.3 14.3      514      378      650 17.4 12.8 22.0      357      252      462 16.3 11.5 21.1  52282  48703  55861                                        Gasconade County                              MO est18all.txt 19NOV2019
29  75     1007      817     1197 15.5 12.6 18.4      317      231      403 19.6 14.3 24.9      223      158      288 19.5 13.8 25.2  43731  39569  47893                                        Gentry County                                 MO est18all.txt 19NOV2019
29  77    43423    39282    47564 15.5 14.0 17.0     9804     7621    11987 16.5 12.8 20.2     7018     5396     8640 16.7 12.8 20.6  44799  42396  47202                                        Greene County                                 MO est18all.txt 19NOV2019
29  79     1583     1233     1933 16.6 12.9 20.3      597      430      764 25.8 18.6 33.0      404      274      534 25.3 17.1 33.5  40315  36157  44473                                        Grundy County                                 MO est18all.txt 19NOV2019
29  81     1277     1017     1537 15.5 12.4 18.6      449      337      561 22.5 16.9 28.1      303      221      385 20.8 15.1 26.5  40639  36328  44950                                        Harrison County                               MO est18all.txt 19NOV2019
29  83     3606     2926     4286 16.8 13.6 20.0     1108      823     1393 23.9 17.8 30.0      752      529      975 22.4 15.8 29.0  44978  40301  49655                                        Henry County                                  MO est18all.txt 19NOV2019
29  85     1677     1254     2100 17.8 13.3 22.3      547      384      710 34.5 24.2 44.8      374      246      502 32.3 21.3 43.3  35025  31383  38667                                        Hickory County                                MO est18all.txt 19NOV2019
29  87      572      444      700 13.3 10.3 16.3      178      130      226 19.7 14.4 25.0      122       84      160 18.1 12.5 23.7  47191  42582  51800                                        Holt County                                   MO est18all.txt 19NOV2019
29  89     1233      938     1528 13.1 10.0 16.2      389      276      502 18.2 12.9 23.5      262      176      348 16.9 11.4 22.4  45767  41437  50097                                        Howard County                                 MO est18all.txt 19NOV2019
29  91     8371     6947     9795 21.3 17.7 24.9     2859     2190     3528 30.6 23.4 37.8     1951     1422     2480 28.6 20.8 36.4  36762  33352  40172                                        Howell County                                 MO est18all.txt 19NOV2019
29  93     1966     1549     2383 19.9 15.7 24.1      612      439      785 29.8 21.4 38.2      413      280      546 27.0 18.3 35.7  37755  33877  41633                                        Iron County                                   MO est18all.txt 19NOV2019
29  95    89787    81835    97739 13.0 11.8 14.2    30541    26261    34821 19.0 16.3 21.7    20469    16938    24000 17.7 14.6 20.8  55864  54440  57288                                        Jackson County                                MO est18all.txt 19NOV2019
29  97    19498    16614    22382 16.6 14.1 19.1     6616     5304     7928 22.7 18.2 27.2     4284     3290     5278 20.4 15.7 25.1  46596  44228  48964                                        Jasper County                                 MO est18all.txt 19NOV2019
29  99    19327    16379    22275  8.7  7.4 10.0     5298     3978     6618 10.4  7.8 13.0     3542     2532     4552  9.4  6.7 12.1  65150  62512  67788                                        Jefferson County                              MO est18all.txt 19NOV2019
29 101     7032     5888     8176 14.1 11.8 16.4     1557     1165     1949 13.9 10.4 17.4     1021      723     1319 12.9  9.1 16.7  52151  48595  55707                                        Johnson County                                MO est18all.txt 19NOV2019
29 103      640      486      794 16.6 12.6 20.6      247      173      321 27.5 19.3 35.7      178      118      238 26.4 17.6 35.2  39309  35048  43570                                        Knox County                                   MO est18all.txt 19NOV2019
29 105     5403     4243     6563 15.4 12.1 18.7     1898     1366     2430 22.2 16.0 28.4     1279      867     1691 20.9 14.2 27.6  44562  41194  47930                                        Laclede County                                MO est18all.txt 19NOV2019
29 107     3516     2829     4203 11.0  8.8 13.2     1058      747     1369 14.6 10.3 18.9      725      490      960 13.5  9.1 17.9  53389  47790  58988                                        Lafayette County                              MO est18all.txt 19NOV2019
29 109     5831     4727     6935 15.5 12.6 18.4     2213     1696     2730 23.5 18.0 29.0     1541     1112     1970 22.4 16.2 28.6  45074  41424  48724                                        Lawrence County                               MO est18all.txt 19NOV2019
29 111     1405     1094     1716 15.4 12.0 18.8      454      327      581 21.5 15.5 27.5      320      222      418 20.4 14.1 26.7  48179  44098  52260                                        Lewis County                                  MO est18all.txt 19NOV2019
29 113     6055     5056     7054 10.6  8.8 12.4     2185     1748     2622 15.3 12.2 18.4     1537     1199     1875 14.9 11.6 18.2  62238  56397  68079                                        Lincoln County                                MO est18all.txt 19NOV2019
29 115     1976     1562     2390 16.7 13.2 20.2      709      533      885 25.7 19.3 32.1      475      334      616 23.3 16.4 30.2  44992  41607  48377                                        Linn County                                   MO est18all.txt 19NOV2019
29 117     2045     1583     2507 15.6 12.1 19.1      640      461      819 20.7 14.9 26.5      445      309      581 19.7 13.7 25.7  48749  45659  51839                                        Livingston County                             MO est18all.txt 19NOV2019
29 119     4083     3242     4924 17.9 14.2 21.6     1517     1094     1940 26.2 18.9 33.5     1056      714     1398 25.7 17.4 34.0  40204  36259  44149                                        McDonald County                               MO est18all.txt 19NOV2019
29 121     2064     1636     2492 13.9 11.0 16.8      741      546      936 21.8 16.1 27.5      508      358      658 20.0 14.1 25.9  45440  41154  49726                                        Macon County                                  MO est18all.txt 19NOV2019
29 123     1982     1523     2441 16.6 12.8 20.4      659      467      851 24.5 17.4 31.6      453      306      600 23.0 15.6 30.4  40191  36113  44269                                        Madison County                                MO est18all.txt 19NOV2019
29 125     1205      944     1466 13.9 10.9 16.9      339      244      434 19.7 14.2 25.2      241      167      315 18.0 12.5 23.5  46371  41701  51041                                        Maries County                                 MO est18all.txt 19NOV2019
29 127     3686     2977     4395 13.5 10.9 16.1     1233      900     1566 19.0 13.9 24.1      823      580     1066 17.7 12.5 22.9  49393  45217  53569                                        Marion County                                 MO est18all.txt 19NOV2019
29 129      439      325      553 12.2  9.0 15.4      168      118      218 19.6 13.8 25.4      119       79      159 19.2 12.8 25.6  46014  41293  50735                                        Mercer County                                 MO est18all.txt 19NOV2019
29 131     4204     3362     5046 16.9 13.5 20.3     1431     1070     1792 24.8 18.6 31.0      971      694     1248 23.1 16.5 29.7  47225  44388  50062                                        Miller County                                 MO est18all.txt 19NOV2019
29 133     3069     2364     3774 26.8 20.7 32.9      968      692     1244 35.3 25.2 45.4      673      457      889 32.6 22.1 43.1  34735  31225  38245                                        Mississippi County                            MO est18all.txt 19NOV2019
29 135     1723     1354     2092 11.7  9.2 14.2      592      410      774 15.3 10.6 20.0      410      269      551 14.3  9.4 19.2  57047  52962  61132                                        Moniteau County                               MO est18all.txt 19NOV2019
29 137     1158      917     1399 13.6 10.8 16.4      418      305      531 22.5 16.4 28.6      289      200      378 21.5 14.9 28.1  46216  42724  49708                                        Monroe County                                 MO est18all.txt 19NOV2019
29 139     1591     1272     1910 14.3 11.4 17.2      524      390      658 21.5 16.0 27.0      373      270      476 20.5 14.9 26.1  48951  44684  53218                                        Montgomery County                             MO est18all.txt 19NOV2019
29 141     3250     2516     3984 16.3 12.6 20.0     1185      846     1524 26.0 18.6 33.4      803      540     1066 24.6 16.5 32.7  45276  42967  47585                                        Morgan County                                 MO est18all.txt 19NOV2019
29 143     3089     2379     3799 18.3 14.1 22.5     1048      725     1371 26.6 18.4 34.8      682      436      928 23.7 15.1 32.3  38093  34573  41613                                        New Madrid County                             MO est18all.txt 19NOV2019
29 145     9144     7793    10495 16.0 13.6 18.4     3029     2430     3628 22.5 18.1 26.9     2155     1685     2625 21.6 16.9 26.3  49220  44934  53506                                        Newton County                                 MO est18all.txt 19NOV2019
29 147     3715     3196     4234 19.8 17.0 22.6      463      338      588 13.8 10.1 17.5      316      218      414 13.7  9.5 17.9  46698  42270  51126                                        Nodaway County                                MO est18all.txt 19NOV2019
29 149     2468     1948     2988 23.8 18.8 28.8      874      649     1099 37.7 28.0 47.4      598      426      770 35.1 25.0 45.2  32720  29141  36299                                        Oregon County                                 MO est18all.txt 19NOV2019
29 151     1222      960     1484  9.2  7.2 11.2      316      226      406 10.1  7.2 13.0      217      148      286  9.4  6.4 12.4  58855  53417  64293                                        Osage County                                  MO est18all.txt 19NOV2019
29 153     1962     1541     2383 22.0 17.3 26.7      548      386      710 33.2 23.4 43.0      387      261      513 30.2 20.4 40.0  34367  30806  37928                                        Ozark County                                  MO est18all.txt 19NOV2019
29 155     4664     3888     5440 29.1 24.3 33.9     1827     1431     2223 44.5 34.9 54.1     1203      890     1516 40.9 30.2 51.6  31831  29320  34342                                        Pemiscot County                               MO est18all.txt 19NOV2019
29 157     2040     1606     2474 10.9  8.6 13.2      648      476      820 14.9 10.9 18.9      429      292      566 13.3  9.1 17.5  53871  48256  59486                                        Perry County                                  MO est18all.txt 19NOV2019
29 159     6885     5750     8020 16.6 13.9 19.3     2365     1809     2921 23.3 17.8 28.8     1553     1118     1988 21.1 15.2 27.0  45254  42503  48005                                        Pettis County                                 MO est18all.txt 19NOV2019
29 161     7517     6140     8894 18.1 14.8 21.4     1952     1461     2443 21.8 16.3 27.3     1325      964     1686 20.4 14.8 26.0  43079  39680  46478                                        Phelps County                                 MO est18all.txt 19NOV2019
29 163     2557     1935     3179 15.9 12.0 19.8      812      562     1062 20.5 14.2 26.8      589      389      789 20.8 13.7 27.9  43591  40439  46743                                        Pike County                                   MO est18all.txt 19NOV2019
29 165     5925     4719     7131  5.8  4.6  7.0     1780     1309     2251  7.4  5.4  9.4     1182      831     1533  6.6  4.6  8.6  82567  75853  89281                                        Platte County                                 MO est18all.txt 19NOV2019
29 167     4965     3897     6033 16.2 12.7 19.7     1673     1224     2122 23.8 17.4 30.2     1155      797     1513 22.7 15.7 29.7  45336  41177  49495                                        Polk County                                   MO est18all.txt 19NOV2019
29 169     6350     5092     7608 15.2 12.2 18.2     1842     1385     2299 16.6 12.5 20.7     1275      937     1613 16.6 12.2 21.0  52532  47302  57762                                        Pulaski County                                MO est18all.txt 19NOV2019
29 171      675      502      848 14.4 10.7 18.1      233      165      301 22.5 15.9 29.1      163      109      217 21.9 14.7 29.1  40866  36479  45253                                        Putnam County                                 MO est18all.txt 19NOV2019
29 173      923      697     1149  9.1  6.9 11.3      283      201      365 13.3  9.4 17.2      191      129      253 11.7  7.9 15.5  57549  52011  63087                                        Ralls County                                  MO est18all.txt 19NOV2019
29 175     3960     3260     4660 17.6 14.5 20.7     1365     1055     1675 26.1 20.2 32.0      917      672     1162 24.0 17.6 30.4  44975  40663  49287                                        Randolph County                               MO est18all.txt 19NOV2019
29 177     2220     1734     2706  9.9  7.7 12.1      738      550      926 14.6 10.9 18.3      479      329      629 12.6  8.7 16.5  58693  53135  64251                                        Ray County                                    MO est18all.txt 19NOV2019
29 179     1240      950     1530 20.3 15.6 25.0      378      272      484 33.0 23.7 42.3      268      186      350 30.4 21.1 39.7  36592  32851  40333                                        Reynolds County                               MO est18all.txt 19NOV2019
29 181     3116     2475     3757 23.5 18.7 28.3     1009      723     1295 34.0 24.4 43.6      702      483      921 32.1 22.1 42.1  32802  29486  36118                                        Ripley County                                 MO est18all.txt 19NOV2019
29 183    22272    18736    25808  5.7  4.8  6.6     6411     5107     7715  7.0  5.6  8.4     4270     3280     5260  6.3  4.8  7.8  82048  79267  84829                                        St. Charles County                            MO est18all.txt 19NOV2019
29 185     1669     1252     2086 18.2 13.6 22.8      546      385      707 29.6 20.9 38.3      379      255      503 29.7 20.0 39.4  37013  33190  40836                                        St. Clair County                              MO est18all.txt 19NOV2019
29 186     1720     1310     2130  9.8  7.5 12.1      526      379      673 13.9 10.0 17.8      361      249      473 12.8  8.8 16.8  59043  52883  65203                                        Ste. Genevieve County                         MO est18all.txt 19NOV2019
29 187    11341     9521    13161 19.0 15.9 22.1     3366     2649     4083 24.6 19.4 29.8     2343     1789     2897 23.3 17.8 28.8  45584  42267  48901                                        St. Francois County                           MO est18all.txt 19NOV2019
29 189   102720    95008   110432 10.5  9.7 11.3    33839    30128    37550 15.7 14.0 17.4    23483    20597    26369 14.9 13.1 16.7  66992  65001  68983                                        St. Louis County                              MO est18all.txt 19NOV2019
29 195     3188     2478     3898 14.8 11.5 18.1      981      696     1266 20.0 14.2 25.8      670      449      891 18.5 12.4 24.6  43776  39870  47682                                        Saline County                                 MO est18all.txt 19NOV2019
29 197      764      588      940 16.9 13.0 20.8      306      218      394 27.3 19.4 35.2      215      147      283 28.1 19.1 37.1  39463  35407  43519                                        Schuyler County                               MO est18all.txt 19NOV2019
29 199      685      522      848 14.1 10.7 17.5      333      234      432 23.3 16.4 30.2      232      155      309 23.2 15.5 30.9  42053  37416  46690                                        Scotland County                               MO est18all.txt 19NOV2019
29 201     7210     6079     8341 19.1 16.1 22.1     2412     1851     2973 26.7 20.5 32.9     1573     1119     2027 23.8 16.9 30.7  44261  39883  48639                                        Scott County                                  MO est18all.txt 19NOV2019
29 203     1829     1384     2274 22.6 17.1 28.1      643      455      831 37.4 26.5 48.3      460      308      612 35.5 23.7 47.3  32715  29580  35850                                        Shannon County                                MO est18all.txt 19NOV2019
29 205      834      639     1029 14.3 11.0 17.6      287      204      370 20.7 14.8 26.6      198      133      263 19.7 13.3 26.1  44564  39866  49262                                        Shelby County                                 MO est18all.txt 19NOV2019
29 207     4238     3249     5227 14.8 11.3 18.3     1356      959     1753 21.9 15.5 28.3      919      619     1219 20.3 13.7 26.9  40808  36837  44779                                        Stoddard County                               MO est18all.txt 19NOV2019
29 209     4204     3234     5174 13.4 10.3 16.5     1089      751     1427 21.5 14.8 28.2      798      532     1064 20.7 13.8 27.6  46026  42576  49476                                        Stone County                                  MO est18all.txt 19NOV2019
29 211      935      709     1161 15.3 11.6 19.0      291      210      372 21.3 15.3 27.3      196      133      259 20.2 13.7 26.7  41978  37760  46196                                        Sullivan County                               MO est18all.txt 19NOV2019
29 213     8367     6902     9832 15.4 12.7 18.1     2645     1950     3340 23.0 17.0 29.0     1813     1268     2358 21.8 15.3 28.3  40887  38761  43013                                        Taney County                                  MO est18all.txt 19NOV2019
29 215     5806     4780     6832 24.6 20.3 28.9     1844     1415     2273 34.8 26.7 42.9     1231      898     1564 31.8 23.2 40.4  34824  31681  37967                                        Texas County                                  MO est18all.txt 19NOV2019
29 217     3387     2718     4056 17.2 13.8 20.6     1109      802     1416 24.0 17.4 30.6      761      522     1000 22.6 15.5 29.7  42552  39306  45798                                        Vernon County                                 MO est18all.txt 19NOV2019
29 219     3606     2913     4299 10.5  8.5 12.5     1294      993     1595 16.0 12.3 19.7      801      564     1038 13.6  9.6 17.6  62056  57418  66694                                        Warren County                                 MO est18all.txt 19NOV2019
29 221     5145     4078     6212 21.7 17.2 26.2     1546     1121     1971 27.9 20.2 35.6     1032      692     1372 25.2 16.9 33.5  38591  34944  42238                                        Washington County                             MO est18all.txt 19NOV2019
29 223     3018     2319     3717 23.3 17.9 28.7      941      677     1205 35.8 25.8 45.8      630      429      831 32.6 22.2 43.0  33703  30760  36646                                        Wayne County                                  MO est18all.txt 19NOV2019
29 225     5384     4228     6540 14.1 11.1 17.1     2597     1837     3357 24.7 17.5 31.9     1781     1174     2388 23.6 15.6 31.6  51141  46982  55300                                        Webster County                                MO est18all.txt 19NOV2019
29 227      279      212      346 14.1 10.7 17.5       82       59      105 20.0 14.3 25.7       56       38       74 18.8 12.8 24.8  43119  38531  47707                                        Worth County                                  MO est18all.txt 19NOV2019
29 229     4330     3451     5209 23.9 19.0 28.8     1832     1406     2258 39.9 30.6 49.2     1227      888     1566 37.6 27.2 48.0  35293  31457  39129                                        Wright County                                 MO est18all.txt 19NOV2019
29 510    66858    59339    74377 22.8 20.2 25.4    21558    18180    24936 38.4 32.4 44.4    14241    11408    17074 37.7 30.2 45.2  43263  41328  45198                                        St. Louis city                                MO est18all.txt 19NOV2019
30   0   134185   128732   139638 12.9 12.4 13.4    36711    34369    39053 16.4 15.4 17.4    23935    21925    25945 14.8 13.6 16.0  55248  54156  56340   11216   10071   12361 18.4 16.5 20.3 Montana                                       MT est18all.txt 19NOV2019
30   1     1236      962     1510 13.8 10.7 16.9      262      181      343 17.0 11.7 22.3      177      114      240 16.1 10.3 21.9  47674  42490  52858                                        Beaverhead County                             MT est18all.txt 19NOV2019
30   3     3375     2641     4109 25.6 20.0 31.2     1484     1082     1886 33.7 24.6 42.8     1004      702     1306 31.7 22.2 41.2  40425  38010  42840                                        Big Horn County                               MT est18all.txt 19NOV2019
30   5     1393     1060     1726 20.8 15.8 25.8      525      373      677 26.7 19.0 34.4      335      222      448 24.1 15.9 32.3  39237  35053  43421                                        Blaine County                                 MT est18all.txt 19NOV2019
30   7      617      470      764 10.3  7.9 12.7      186      130      242 15.5 10.9 20.1      126       82      170 14.1  9.2 19.0  52840  48640  57040                                        Broadwater County                             MT est18all.txt 19NOV2019
30   9     1247      986     1508 11.7  9.3 14.1      282      212      352 15.2 11.4 19.0      195      141      249 13.4  9.7 17.1  53661  48135  59187                                        Carbon County                                 MT est18all.txt 19NOV2019
30  11      167      128      206 13.7 10.5 16.9       49       34       64 20.1 14.0 26.2       35       23       47 22.7 14.7 30.7  47985  42627  53343                                        Carter County                                 MT est18all.txt 19NOV2019
30  13    10607     8914    12300 13.4 11.3 15.5     2859     2101     3617 16.0 11.8 20.2     1847     1255     2439 14.8 10.0 19.6  50054  47315  52793                                        Cascade County                                MT est18all.txt 19NOV2019
30  15     1060      860     1260 18.7 15.2 22.2      331      252      410 25.2 19.2 31.2      209      148      270 20.7 14.6 26.8  44645  40111  49179                                        Chouteau County                               MT est18all.txt 19NOV2019
30  17     1398     1079     1717 12.5  9.6 15.4      378      265      491 16.2 11.4 21.0      256      169      343 15.6 10.3 20.9  50525  45338  55712                                        Custer County                                 MT est18all.txt 19NOV2019
30  19      171      127      215 10.1  7.5 12.7       37       26       48 10.1  7.0 13.2       25       16       34  9.0  5.8 12.2  44659  39665  49653                                        Daniels County                                MT est18all.txt 19NOV2019
30  21      934      705     1163 11.4  8.6 14.2      249      176      322 13.4  9.5 17.3      160      104      216 12.0  7.8 16.2  56167  50604  61730                                        Dawson County                                 MT est18all.txt 19NOV2019
30  23     1346     1038     1654 15.9 12.3 19.5      267      188      346 21.6 15.2 28.0      182      118      246 20.8 13.5 28.1  45641  41845  49437                                        Deer Lodge County                             MT est18all.txt 19NOV2019
30  25      266      200      332  9.2  6.9 11.5       90       62      118 11.4  7.9 14.9       62       40       84 11.0  7.1 14.9  62029  55427  68631                                        Fallon County                                 MT est18all.txt 19NOV2019
30  27     1313      990     1636 12.2  9.2 15.2      364      253      475 16.2 11.3 21.1      235      149      321 14.5  9.2 19.8  49147  45557  52737                                        Fergus County                                 MT est18all.txt 19NOV2019
30  29    11288     9207    13369 11.2  9.1 13.3     3438     2633     4243 15.5 11.9 19.1     2200     1581     2819 13.6  9.8 17.4  54382  49915  58849                                        Flathead County                               MT est18all.txt 19NOV2019
30  31     9721     8323    11119  9.0  7.7 10.3     1691     1185     2197  7.6  5.3  9.9     1043      678     1408  6.6  4.3  8.9  67569  64047  71091                                        Gallatin County                               MT est18all.txt 19NOV2019
30  33      207      154      260 16.3 12.2 20.4       77       53      101 27.4 19.0 35.8       53       35       71 25.6 16.7 34.5  44580  40085  49075                                        Garfield County                               MT est18all.txt 19NOV2019
30  35     3629     2930     4328 27.0 21.8 32.2     1449     1088     1810 35.4 26.6 44.2      962      699     1225 33.9 24.7 43.1  37719  34221  41217                                        Glacier County                                MT est18all.txt 19NOV2019
30  37      150      111      189 18.9 14.0 23.8       47       33       61 32.6 22.7 42.5       32       21       43 31.4 20.3 42.5  38782  34598  42966                                        Golden Valley County                          MT est18all.txt 19NOV2019
30  39      449      340      558 13.4 10.1 16.7      103       72      134 20.1 14.0 26.2       69       45       93 17.5 11.4 23.6  48410  43626  53194                                        Granite County                                MT est18all.txt 19NOV2019
30  41     2151     1586     2716 13.5 10.0 17.0      774      515     1033 17.6 11.7 23.5      508      320      696 17.3 10.9 23.7  50136  45693  54579                                        Hill County                                   MT est18all.txt 19NOV2019
30  43      922      680     1164  7.7  5.7  9.7      251      173      329 10.4  7.2 13.6      169      109      229  9.0  5.8 12.2  68381  61053  75709                                        Jefferson County                              MT est18all.txt 19NOV2019
30  45      260      196      324 13.3 10.0 16.6       63       43       83 16.8 11.6 22.0       44       29       59 15.4 10.0 20.8  50197  45235  55159                                        Judith Basin County                           MT est18all.txt 19NOV2019
30  47     5442     4478     6406 18.2 15.0 21.4     1816     1358     2274 26.2 19.6 32.8     1227      871     1583 24.5 17.4 31.6  44833  41216  48450                                        Lake County                                   MT est18all.txt 19NOV2019
30  49     7061     5762     8360 10.5  8.6 12.4     1931     1437     2425 13.4 10.0 16.8     1217      852     1582 11.7  8.2 15.2  63860  59639  68081                                        Lewis and Clark County                        MT est18all.txt 19NOV2019
30  51      443      332      554 19.0 14.2 23.8      118       81      155 26.9 18.5 35.3       75       48      102 25.3 16.3 34.3  42742  38242  47242                                        Liberty County                                MT est18all.txt 19NOV2019
30  53     3964     3181     4747 20.3 16.3 24.3     1180      876     1484 33.7 25.0 42.4      803      563     1043 30.9 21.6 40.2  40602  36620  44584                                        Lincoln County                                MT est18all.txt 19NOV2019
30  55      235      176      294 14.2 10.6 17.8       60       42       78 17.9 12.4 23.4       41       27       55 17.0 11.2 22.8  43650  38854  48446                                        McCone County                                 MT est18all.txt 19NOV2019
30  57      801      587     1015  9.2  6.7 11.7      198      138      258 14.6 10.2 19.0      134       87      181 13.5  8.8 18.2  53031  48581  57481                                        Madison County                                MT est18all.txt 19NOV2019
30  59      285      214      356 15.9 12.0 19.8       97       67      127 31.3 21.7 40.9       66       43       89 31.1 20.3 41.9  44572  39635  49509                                        Meagher County                                MT est18all.txt 19NOV2019
30  61      601      443      759 14.0 10.3 17.7      190      132      248 24.9 17.4 32.4      127       83      171 23.0 15.0 31.0  43458  40055  46861                                        Mineral County                                MT est18all.txt 19NOV2019
30  63    14719    12404    17034 12.7 10.7 14.7     2904     2083     3725 13.2  9.5 16.9     1841     1221     2461 11.7  7.8 15.6  56207  54096  58318                                        Missoula County                               MT est18all.txt 19NOV2019
30  65      691      510      872 15.0 11.1 18.9      227      158      296 27.2 19.0 35.4      160      104      216 25.6 16.7 34.5  43371  38854  47888                                        Musselshell County                            MT est18all.txt 19NOV2019
30  67     1744     1337     2151 10.5  8.1 12.9      386      270      502 13.4  9.4 17.4      245      156      334 11.5  7.3 15.7  61044  57438  64650                                        Park County                                   MT est18all.txt 19NOV2019
30  69       83       62      104 16.2 12.1 20.3       29       20       38 31.5 21.7 41.3       20       13       27 27.4 17.4 37.4  41009  36445  45573                                        Petroleum County                              MT est18all.txt 19NOV2019
30  71      608      464      752 15.2 11.6 18.8      211      146      276 22.4 15.5 29.3      141       89      193 21.5 13.6 29.4  44730  40064  49396                                        Phillips County                               MT est18all.txt 19NOV2019
30  73     1028      799     1257 17.8 13.8 21.8      346      254      438 26.8 19.7 33.9      229      160      298 25.7 17.9 33.5  42890  38198  47582                                        Pondera County                                MT est18all.txt 19NOV2019
30  75      205      155      255 12.2  9.2 15.2       46       32       60 16.4 11.3 21.5       32       21       43 15.7 10.1 21.3  47378  42314  52442                                        Powder River County                           MT est18all.txt 19NOV2019
30  77      950      706     1194 18.1 13.4 22.8      210      146      274 20.8 14.4 27.2      146       95      197 20.1 13.1 27.1  48966  44149  53783                                        Powell County                                 MT est18all.txt 19NOV2019
30  79      144      108      180 13.5 10.1 16.9       44       31       57 23.9 16.6 31.2       31       20       42 22.6 14.7 30.5  42754  38035  47473                                        Prairie County                                MT est18all.txt 19NOV2019
30  81     6628     5638     7618 15.5 13.2 17.8     1875     1500     2250 23.0 18.4 27.6     1163      857     1469 19.4 14.3 24.5  50055  45296  54814                                        Ravalli County                                MT est18all.txt 19NOV2019
30  83      950      722     1178  8.7  6.6 10.8      280      191      369 10.3  7.0 13.6      185      118      252  9.4  6.0 12.8  67242  60491  73993                                        Richland County                               MT est18all.txt 19NOV2019
30  85     2763     2221     3305 25.4 20.4 30.4     1065      764     1366 29.2 20.9 37.5      656      433      879 26.3 17.4 35.2  40179  35993  44365                                        Roosevelt County                              MT est18all.txt 19NOV2019
30  87     1523     1178     1868 17.0 13.2 20.8      570      404      736 22.0 15.6 28.4      377      247      507 20.7 13.6 27.8  57674  53093  62255                                        Rosebud County                                MT est18all.txt 19NOV2019
30  89     1871     1452     2290 16.0 12.4 19.6      499      344      654 24.8 17.1 32.5      337      215      459 24.2 15.4 33.0  39861  35882  43840                                        Sanders County                                MT est18all.txt 19NOV2019
30  91      366      272      460 10.9  8.1 13.7       91       63      119 13.2  9.2 17.2       60       39       81 11.8  7.7 15.9  51690  46557  56823                                        Sheridan County                               MT est18all.txt 19NOV2019
30  93     5697     4711     6683 16.7 13.8 19.6     1399     1036     1762 20.1 14.9 25.3      909      635     1183 18.5 12.9 24.1  47302  42811  51793                                        Silver Bow County                             MT est18all.txt 19NOV2019
30  95      766      569      963  8.1  6.0 10.2      224      153      295 10.9  7.5 14.3      154      101      207  9.5  6.2 12.8  66226  59776  72676                                        Stillwater County                             MT est18all.txt 19NOV2019
30  97      364      273      455 10.0  7.5 12.5       90       63      117 12.4  8.6 16.2       62       40       84 11.3  7.3 15.3  52747  47090  58404                                        Sweet Grass County                            MT est18all.txt 19NOV2019
30  99      941      749     1133 15.8 12.6 19.0      289      214      364 21.5 15.9 27.1      198      143      253 21.1 15.3 26.9  48368  43329  53407                                        Teton County                                  MT est18all.txt 19NOV2019
30 101      640      471      809 15.1 11.1 19.1      170      116      224 17.9 12.3 23.5      108       69      147 16.8 10.7 22.9  46326  41523  51129                                        Toole County                                  MT est18all.txt 19NOV2019
30 103       77       57       97 11.4  8.5 14.3       31       21       41 22.0 15.2 28.8       21       13       29 24.7 15.9 33.5  50774  45237  56311                                        Treasure County                               MT est18all.txt 19NOV2019
30 105     1007      802     1212 13.7 10.9 16.5      281      199      363 16.8 11.9 21.7      192      129      255 15.7 10.5 20.9  48390  43335  53445                                        Valley County                                 MT est18all.txt 19NOV2019
30 107      411      305      517 19.0 14.1 23.9      140       96      184 27.8 19.0 36.6       91       58      124 25.2 16.0 34.4  38449  34310  42588                                        Wheatland County                              MT est18all.txt 19NOV2019
30 109      121       92      150 12.0  9.1 14.9       29       20       38 13.4  9.5 17.3       20       13       27 13.2  8.8 17.6  49532  44063  55001                                        Wibaux County                                 MT est18all.txt 19NOV2019
30 111    17150    14709    19591 10.9  9.3 12.5     4429     3381     5477 12.0  9.1 14.9     2939     2177     3701 11.0  8.1 13.9  59975  56380  63570                                        Yellowstone County                            MT est18all.txt 19NOV2019
31   0   205393   198766   212020 11.0 10.6 11.4    60389    56678    64100 12.9 12.1 13.7    38488    35280    41696 11.5 10.5 12.5  59724  58713  60735   19474   17544   21404 15.0 13.5 16.5 Nebraska                                      NE est18all.txt 19NOV2019
31   1     3558     2917     4199 11.8  9.7 13.9     1051      757     1345 14.4 10.4 18.4      693      470      916 13.4  9.1 17.7  55167  50888  59446                                        Adams County                                  NE est18all.txt 19NOV2019
31   3      788      610      966 12.6  9.8 15.4      251      179      323 16.7 11.9 21.5      167      110      224 15.9 10.5 21.3  55371  51471  59271                                        Antelope County                               NE est18all.txt 19NOV2019
31   5       60       46       74 12.9  9.8 16.0       21       15       27 17.5 12.3 22.7       15       10       20 15.8 10.4 21.2  46862  41792  51932                                        Arthur County                                 NE est18all.txt 19NOV2019
31   7       91       69      113 12.5  9.4 15.6       43       30       56 25.0 17.2 32.8       30       19       41 24.4 15.4 33.4  53865  48048  59682                                        Banner County                                 NE est18all.txt 19NOV2019
31   9       77       59       95 16.2 12.4 20.0       22       15       29 24.2 17.0 31.4       15       10       20 23.1 14.9 31.3  44467  39750  49184                                        Blaine County                                 NE est18all.txt 19NOV2019
31  11      470      352      588  9.2  6.9 11.5      157      109      205 13.1  9.1 17.1      110       71      149 12.6  8.2 17.0  51911  47792  56030                                        Boone County                                  NE est18all.txt 19NOV2019
31  13     1454     1190     1718 13.7 11.2 16.2      501      390      612 18.9 14.7 23.1      292      203      381 15.1 10.5 19.7  57952  51628  64276                                        Box Butte County                              NE est18all.txt 19NOV2019
31  15      264      199      329 13.9 10.5 17.3       88       62      114 25.1 17.6 32.6       63       41       85 24.0 15.8 32.2  42431  38192  46670                                        Boyd County                                   NE est18all.txt 19NOV2019
31  17      369      281      457 12.5  9.5 15.5      107       76      138 17.1 12.1 22.1       70       46       94 14.3  9.4 19.2  46191  41109  51273                                        Brown County                                  NE est18all.txt 19NOV2019
31  19     5068     4102     6034 10.7  8.7 12.7     1316      964     1668 11.6  8.5 14.7      801      531     1071 10.2  6.8 13.6  59193  53822  64564                                        Buffalo County                                NE est18all.txt 19NOV2019
31  21      688      537      839 10.8  8.4 13.2      196      141      251 13.8  9.9 17.7      133       88      178 12.4  8.2 16.6  57548  52290  62806                                        Burt County                                   NE est18all.txt 19NOV2019
31  23      717      561      873  9.1  7.1 11.1      202      148      256 10.9  8.0 13.8      130       88      172  9.4  6.4 12.4  57208  51321  63095                                        Butler County                                 NE est18all.txt 19NOV2019
31  25     1898     1558     2238  7.4  6.1  8.7      581      445      717  9.4  7.2 11.6      402      303      501  8.7  6.6 10.8  75177  68332  82022                                        Cass County                                   NE est18all.txt 19NOV2019
31  27      720      541      899  8.7  6.5 10.9      249      173      325 11.7  8.2 15.2      175      114      236 11.2  7.3 15.1  64570  59934  69206                                        Cedar County                                  NE est18all.txt 19NOV2019
31  29      370      285      455  9.5  7.3 11.7      116       82      150 11.6  8.2 15.0       76       50      102 10.2  6.7 13.7  54866  49249  60483                                        Chase County                                  NE est18all.txt 19NOV2019
31  31      693      540      846 12.2  9.5 14.9      215      155      275 16.3 11.7 20.9      137       90      184 14.8  9.7 19.9  49782  44596  54968                                        Cherry County                                 NE est18all.txt 19NOV2019
31  33     1035      827     1243 11.3  9.0 13.6      308      229      387 14.3 10.6 18.0      188      126      250 12.0  8.0 16.0  53132  48158  58106                                        Cheyenne County                               NE est18all.txt 19NOV2019
31  35      671      535      807 11.0  8.8 13.2      220      164      276 14.6 10.9 18.3      149      106      192 14.0  9.9 18.1  56259  50546  61972                                        Clay County                                   NE est18all.txt 19NOV2019
31  37     1120      886     1354 10.4  8.2 12.6      401      293      509 12.7  9.3 16.1      269      184      354 12.3  8.4 16.2  55787  49585  61989                                        Colfax County                                 NE est18all.txt 19NOV2019
31  39      778      595      961  8.9  6.8 11.0      245      172      318 11.3  7.9 14.7      160      104      216 10.1  6.6 13.6  59219  53476  64962                                        Cuming County                                 NE est18all.txt 19NOV2019
31  41     1274      999     1549 12.0  9.4 14.6      396      279      513 15.6 11.0 20.2      268      177      359 14.5  9.6 19.4  49995  46180  53810                                        Custer County                                 NE est18all.txt 19NOV2019
31  43     2455     1976     2934 12.4 10.0 14.8     1011      761     1261 18.0 13.5 22.5      650      456      844 16.9 11.9 21.9  55522  50693  60351                                        Dakota County                                 NE est18all.txt 19NOV2019
31  45     1360     1040     1680 17.1 13.1 21.1      291      208      374 19.2 13.7 24.7      174      117      231 16.6 11.2 22.0  47487  42689  52285                                        Dawes County                                  NE est18all.txt 19NOV2019
31  47     2824     2264     3384 12.1  9.7 14.5     1036      780     1292 16.3 12.3 20.3      725      533      917 16.3 12.0 20.6  56818  52404  61232                                        Dawson County                                 NE est18all.txt 19NOV2019
31  49      214      162      266 11.8  9.0 14.6       79       56      102 20.2 14.3 26.1       54       36       72 18.2 12.0 24.4  47097  43038  51156                                        Deuel County                                  NE est18all.txt 19NOV2019
31  51      544      425      663  9.7  7.6 11.8      157      112      202 11.0  7.9 14.1      105       71      139 10.3  6.9 13.7  54635  48940  60330                                        Dixon County                                  NE est18all.txt 19NOV2019
31  53     3484     2796     4172  9.8  7.9 11.7     1041      721     1361 11.9  8.3 15.5      677      439      915 10.9  7.1 14.7  51682  48807  54557                                        Dodge County                                  NE est18all.txt 19NOV2019
31  55    64276    59456    69096 11.6 10.7 12.5    18941    16301    21581 13.3 11.4 15.2    11901     9829    13973 12.0  9.9 14.1  64580  62157  67003                                        Douglas County                                NE est18all.txt 19NOV2019
31  57      245      187      303 14.0 10.7 17.3       72       51       93 21.4 15.1 27.7       50       33       67 20.2 13.3 27.1  48574  44038  53110                                        Dundy County                                  NE est18all.txt 19NOV2019
31  59      474      365      583  8.9  6.8 11.0      119       86      152 11.8  8.5 15.1       81       55      107 11.5  7.9 15.1  56697  50956  62438                                        Fillmore County                               NE est18all.txt 19NOV2019
31  61      398      306      490 13.4 10.3 16.5      106       75      137 18.4 13.1 23.7       73       49       97 17.3 11.6 23.0  48778  44098  53458                                        Franklin County                               NE est18all.txt 19NOV2019
31  63      351      271      431 14.2 11.0 17.4       92       66      118 19.3 13.9 24.7       64       43       85 18.5 12.5 24.5  43650  38913  48387                                        Frontier County                               NE est18all.txt 19NOV2019
31  65      579      448      710 12.6  9.8 15.4      177      126      228 17.6 12.5 22.7      120       80      160 16.5 11.0 22.0  49685  44593  54777                                        Furnas County                                 NE est18all.txt 19NOV2019
31  67     2364     1901     2827 11.2  9.0 13.4      661      477      845 13.9 10.0 17.8      418      279      557 12.0  8.0 16.0  49931  45201  54661                                        Gage County                                   NE est18all.txt 19NOV2019
31  69      283      214      352 15.1 11.4 18.8       96       67      125 26.2 18.4 34.0       68       45       91 24.4 16.1 32.7  39192  35019  43365                                        Garden County                                 NE est18all.txt 19NOV2019
31  71      253      192      314 13.1 10.0 16.2       66       46       86 18.2 12.8 23.6       46       30       62 17.4 11.4 23.4  46245  41698  50792                                        Garfield County                               NE est18all.txt 19NOV2019
31  73      178      135      221  9.1  6.9 11.3       69       49       89 15.6 11.0 20.2       49       32       66 15.1  9.9 20.3  59722  54286  65158                                        Gosper County                                 NE est18all.txt 19NOV2019
31  75       70       54       86 10.6  8.2 13.0       29       21       37 17.9 12.7 23.1       20       13       27 19.2 12.6 25.8  56724  50417  63031                                        Grant County                                  NE est18all.txt 19NOV2019
31  77      294      226      362 12.8  9.8 15.8      102       71      133 19.2 13.4 25.0       72       47       97 19.0 12.3 25.7  45221  40490  49952                                        Greeley County                                NE est18all.txt 19NOV2019
31  79     7839     6520     9158 13.0 10.8 15.2     3044     2409     3679 18.4 14.6 22.2     1877     1387     2367 16.0 11.8 20.2  53792  49388  58196                                        Hall County                                   NE est18all.txt 19NOV2019
31  81      593      441      745  6.5  4.8  8.2      176      121      231  8.1  5.6 10.6      119       75      163  7.5  4.8 10.2  60608  56040  65176                                        Hamilton County                               NE est18all.txt 19NOV2019
31  83      371      281      461 11.1  8.4 13.8      111       78      144 15.7 11.1 20.3       74       49       99 14.2  9.3 19.1  49321  44114  54528                                        Harlan County                                 NE est18all.txt 19NOV2019
31  85      148      115      181 16.2 12.6 19.8       38       27       49 18.7 13.4 24.0       26       17       35 19.7 13.2 26.2  47047  42046  52048                                        Hayes County                                  NE est18all.txt 19NOV2019
31  87      424      336      512 15.3 12.1 18.5      134       94      174 21.1 14.8 27.4       92       60      124 19.2 12.6 25.8  43880  39130  48630                                        Hitchcock County                              NE est18all.txt 19NOV2019
31  89     1210      942     1478 12.1  9.4 14.8      412      293      531 16.4 11.7 21.1      286      189      383 15.9 10.5 21.3  55965  51759  60171                                        Holt County                                   NE est18all.txt 19NOV2019
31  91       55       42       68  8.3  6.3 10.3       19       13       25 12.8  9.0 16.6       13        8       18 11.9  7.6 16.2  46220  41190  51250                                        Hooker County                                 NE est18all.txt 19NOV2019
31  93      650      500      800 10.2  7.8 12.6      190      133      247 12.3  8.6 16.0      129       84      174 11.3  7.3 15.3  52292  48533  56051                                        Howard County                                 NE est18all.txt 19NOV2019
31  95      821      647      995 11.8  9.3 14.3      234      165      303 15.3 10.8 19.8      153      101      205 13.5  8.9 18.1  47075  42209  51941                                        Jefferson County                              NE est18all.txt 19NOV2019
31  97      563      437      689 13.8 10.7 16.9      132       95      169 13.9 10.1 17.7       85       56      114 12.0  7.9 16.1  52401  47230  57572                                        Johnson County                                NE est18all.txt 19NOV2019
31  99      591      462      720  9.2  7.2 11.2      200      147      253 12.7  9.3 16.1      128       85      171 11.1  7.4 14.8  64456  58755  70157                                        Kearney County                                NE est18all.txt 19NOV2019
31 101      949      739     1159 11.9  9.3 14.5      302      215      389 19.4 13.8 25.0      192      126      258 17.2 11.3 23.1  52086  47269  56903                                        Keith County                                  NE est18all.txt 19NOV2019
31 103      148      112      184 18.3 13.8 22.8       51       36       66 32.5 22.9 42.1       34       22       46 27.9 18.2 37.6  48429  43148  53710                                        Keya Paha County                              NE est18all.txt 19NOV2019
31 105      443      337      549 12.5  9.5 15.5      126       88      164 16.6 11.6 21.6       79       51      107 14.7  9.5 19.9  46986  41884  52088                                        Kimball County                                NE est18all.txt 19NOV2019
31 107     1098      857     1339 13.4 10.4 16.4      351      246      456 17.4 12.2 22.6      226      144      308 15.4  9.8 21.0  47906  43740  52072                                        Knox County                                   NE est18all.txt 19NOV2019
31 109    37583    34219    40947 12.4 11.3 13.5     9071     7417    10725 12.7 10.4 15.0     5531     4227     6835 10.8  8.2 13.4  58618  55699  61537                                        Lancaster County                              NE est18all.txt 19NOV2019
31 111     3472     2751     4193 10.1  8.0 12.2     1056      720     1392 13.1  8.9 17.3      742      483     1001 12.4  8.1 16.7  56803  51397  62209                                        Lincoln County                                NE est18all.txt 19NOV2019
31 113       69       53       85  9.3  7.1 11.5       22       15       29 11.7  8.2 15.2       15       10       20 10.9  7.0 14.8  55531  49570  61492                                        Logan County                                  NE est18all.txt 19NOV2019
31 115      105       80      130 17.1 13.0 21.2       32       23       41 28.1 19.9 36.3       21       14       28 24.7 16.1 33.3  47797  42431  53163                                        Loup County                                   NE est18all.txt 19NOV2019
31 117       57       43       71 11.6  8.8 14.4       15       11       19 16.9 12.0 21.8       11        7       15 15.1 10.0 20.2  53207  47430  58984                                        McPherson County                              NE est18all.txt 19NOV2019
31 119     3992     3233     4751 11.7  9.5 13.9     1115      798     1432 12.7  9.1 16.3      709      467      951 11.5  7.6 15.4  55226  50484  59968                                        Madison County                                NE est18all.txt 19NOV2019
31 121      811      637      985 10.7  8.4 13.0      243      174      312 14.4 10.3 18.5      161      107      215 13.1  8.7 17.5  56493  50816  62170                                        Merrick County                                NE est18all.txt 19NOV2019
31 123      669      513      825 14.5 11.1 17.9      202      142      262 18.9 13.3 24.5      135       89      181 16.7 11.0 22.4  49151  44197  54105                                        Morrill County                                NE est18all.txt 19NOV2019
31 125      401      309      493 11.7  9.0 14.4      108       76      140 13.9  9.8 18.0       72       47       97 12.4  8.2 16.6  47279  43776  50782                                        Nance County                                  NE est18all.txt 19NOV2019
31 127      824      647     1001 12.7 10.0 15.4      205      149      261 13.8 10.0 17.6      131       87      175 12.3  8.2 16.4  52069  46483  57655                                        Nemaha County                                 NE est18all.txt 19NOV2019
31 129      455      341      569 11.0  8.2 13.8      139       98      180 16.8 11.9 21.7       96       63      129 15.7 10.3 21.1  46954  42076  51832                                        Nuckolls County                               NE est18all.txt 19NOV2019
31 131     1464     1161     1767  9.4  7.5 11.3      435      313      557 11.5  8.3 14.7      270      178      362 10.0  6.6 13.4  60734  55816  65652                                        Otoe County                                   NE est18all.txt 19NOV2019
31 133      357      277      437 13.8 10.7 16.9      118       83      153 21.2 14.9 27.5       82       54      110 21.1 13.8 28.4  45487  40499  50475                                        Pawnee County                                 NE est18all.txt 19NOV2019
31 135      297      226      368 10.3  7.9 12.7       86       61      111 11.9  8.4 15.4       59       39       79 11.3  7.4 15.2  57251  51100  63402                                        Perkins County                                NE est18all.txt 19NOV2019
31 137      828      635     1021  9.5  7.3 11.7      251      178      324 11.9  8.4 15.4      168      111      225 10.6  7.0 14.2  59003  53767  64239                                        Phelps County                                 NE est18all.txt 19NOV2019
31 139      690      537      843  9.8  7.6 12.0      200      142      258 11.5  8.2 14.8      135       90      180 10.5  7.0 14.0  57367  51681  63053                                        Pierce County                                 NE est18all.txt 19NOV2019
31 141     2789     2198     3380  8.5  6.7 10.3      904      656     1152 10.6  7.7 13.5      590      399      781  9.7  6.6 12.8  63656  57679  69633                                        Platte County                                 NE est18all.txt 19NOV2019
31 143      441      347      535  8.5  6.7 10.3      140      104      176 11.8  8.8 14.8       93       66      120 10.1  7.1 13.1  59815  53778  65852                                        Polk County                                   NE est18all.txt 19NOV2019
31 145     1135      873     1397 11.0  8.5 13.5      336      239      433 14.5 10.3 18.7      223      148      298 13.3  8.8 17.8  49034  44406  53662                                        Red Willow County                             NE est18all.txt 19NOV2019
31 147     1004      777     1231 13.0 10.1 15.9      290      208      372 17.8 12.8 22.8      191      128      254 16.1 10.8 21.4  47573  42605  52541                                        Richardson County                             NE est18all.txt 19NOV2019
31 149      194      146      242 14.6 11.0 18.2       62       44       80 23.6 16.6 30.6       42       27       57 23.0 15.1 30.9  48260  43084  53436                                        Rock County                                   NE est18all.txt 19NOV2019
31 151     1649     1348     1950 12.4 10.1 14.7      516      402      630 14.6 11.4 17.8      302      210      394 11.8  8.2 15.4  54569  49754  59384                                        Saline County                                 NE est18all.txt 19NOV2019
31 153    10399     8835    11963  5.7  4.8  6.6     3183     2423     3943  6.4  4.9  7.9     2019     1444     2594  5.5  3.9  7.1  79358  74697  84019                                        Sarpy County                                  NE est18all.txt 19NOV2019
31 155     1637     1325     1949  7.8  6.3  9.3      424      314      534  8.3  6.1 10.5      268      184      352  7.1  4.9  9.3  67897  62680  73114                                        Saunders County                               NE est18all.txt 19NOV2019
31 157     5021     4059     5983 14.3 11.6 17.0     1678     1229     2127 19.0 13.9 24.1     1107      759     1455 17.4 11.9 22.9  50247  46734  53760                                        Scotts Bluff County                           NE est18all.txt 19NOV2019
31 159     1155      886     1424  7.2  5.5  8.9      293      208      378  7.3  5.2  9.4      191      125      257  6.3  4.1  8.5  71024  64456  77592                                        Seward County                                 NE est18all.txt 19NOV2019
31 161      834      662     1006 16.5 13.1 19.9      300      224      376 26.5 19.8 33.2      190      129      251 24.0 16.4 31.6  43819  39081  48557                                        Sheridan County                               NE est18all.txt 19NOV2019
31 163      417      327      507 14.0 11.0 17.0      133       95      171 21.2 15.2 27.2       88       58      118 19.1 12.6 25.6  47499  43142  51856                                        Sherman County                                NE est18all.txt 19NOV2019
31 165      198      152      244 16.7 12.9 20.5       59       42       76 26.8 19.0 34.6       41       27       55 23.4 15.3 31.5  50861  45292  56430                                        Sioux County                                  NE est18all.txt 19NOV2019
31 167      446      335      557  7.5  5.6  9.4      155      108      202 10.5  7.3 13.7      110       72      148 10.0  6.5 13.5  66228  61659  70797                                        Stanton County                                NE est18all.txt 19NOV2019
31 169      528      411      645 10.8  8.4 13.2      167      117      217 14.8 10.4 19.2      114       75      153 13.9  9.1 18.7  51299  46449  56149                                        Thayer County                                 NE est18all.txt 19NOV2019
31 171      107       81      133 15.0 11.4 18.6       39       27       51 23.4 16.5 30.3       27       18       36 21.8 14.3 29.3  48275  42963  53587                                        Thomas County                                 NE est18all.txt 19NOV2019
31 173     1725     1385     2065 23.9 19.2 28.6      848      630     1066 32.7 24.3 41.1      549      380      718 30.2 20.9 39.5  45405  41231  49579                                        Thurston County                               NE est18all.txt 19NOV2019
31 175      511      391      631 12.4  9.5 15.3      152      107      197 16.1 11.3 20.9      106       70      142 15.5 10.2 20.8  48604  43754  53454                                        Valley County                                 NE est18all.txt 19NOV2019
31 177     1423     1143     1703  6.9  5.5  8.3      348      248      448  7.0  5.0  9.0      227      152      302  6.1  4.1  8.1  77838  70043  85633                                        Washington County                             NE est18all.txt 19NOV2019
31 179     1177      952     1402 13.9 11.2 16.6      183      128      238  9.9  7.0 12.8      119       78      160  8.9  5.8 12.0  55970  49855  62085                                        Wayne County                                  NE est18all.txt 19NOV2019
31 181      450      352      548 13.2 10.3 16.1      124       88      160 16.3 11.5 21.1       84       56      112 14.2  9.4 19.0  45058  40270  49846                                        Webster County                                NE est18all.txt 19NOV2019
31 183      112       87      137 14.0 10.9 17.1       30       21       39 19.6 13.7 25.5       21       14       28 19.8 12.8 26.8  53369  47406  59332                                        Wheeler County                                NE est18all.txt 19NOV2019
31 185     1255      975     1535  9.7  7.5 11.9      374      261      487 12.0  8.4 15.6      245      158      332 11.1  7.1 15.1  61478  56026  66930                                        York County                                   NE est18all.txt 19NOV2019
32   0   391347   380868   401826 13.1 12.7 13.5   124828   119343   130313 18.4 17.6 19.2    84145    79553    88737 17.1 16.2 18.0  58740  57678  59802   37131   34157   40105 20.5 18.9 22.1 Nevada                                        NV est18all.txt 19NOV2019
32   1     2756     2124     3388 11.4  8.8 14.0      977      709     1245 18.0 13.1 22.9      661      458      864 17.2 11.9 22.5  58429  53263  63595                                        Churchill County                              NV est18all.txt 19NOV2019
32   3   307977   297094   318860 14.0 13.5 14.5   100286    94639   105933 19.7 18.6 20.8    69084    65020    73148 18.7 17.6 19.8  57155  56063  58247                                        Clark County                                  NV est18all.txt 19NOV2019
32   5     3457     2686     4228  7.2  5.6  8.8      912      646     1178 11.8  8.4 15.2      612      405      819 10.0  6.6 13.4  70495  64593  76397                                        Douglas County                                NV est18all.txt 19NOV2019
32   7     4276     3384     5168  8.3  6.6 10.0     1413     1019     1807 10.1  7.3 12.9      935      643     1227  9.3  6.4 12.2  79134  73009  85259                                        Elko County                                   NV est18all.txt 19NOV2019
32   9      119       90      148 14.4 10.8 18.0       26       19       33 20.6 14.8 26.4       19       13       25 19.4 13.3 25.5  50179  44755  55603                                        Esmeralda County                              NV est18all.txt 19NOV2019
32  11      189      143      235  9.5  7.2 11.8       45       32       58  9.6  6.9 12.3       30       20       40  8.2  5.5 10.9  70036  62669  77403                                        Eureka County                                 NV est18all.txt 19NOV2019
32  13     1977     1590     2364 11.9  9.6 14.2      781      599      963 17.5 13.4 21.6      542      406      678 16.5 12.4 20.6  72873  65407  80339                                        Humboldt County                               NV est18all.txt 19NOV2019
32  15      616      474      758 11.1  8.5 13.7      201      147      255 13.7 10.0 17.4      137       95      179 13.2  9.1 17.3  79278  70830  87726                                        Lander County                                 NV est18all.txt 19NOV2019
32  17      655      495      815 13.4 10.1 16.7      166      120      212 16.4 11.9 20.9      111       77      145 15.0 10.3 19.7  55504  49496  61512                                        Lincoln County                                NV est18all.txt 19NOV2019
32  19     5803     4588     7018 10.5  8.3 12.7     2084     1547     2621 18.0 13.4 22.6     1471     1046     1896 17.2 12.2 22.2  59732  55572  63892                                        Lyon County                                   NV est18all.txt 19NOV2019
32  21      941      784     1098 21.1 17.6 24.6      235      175      295 27.0 20.1 33.9      151      107      195 24.8 17.5 32.1  44438  39516  49360                                        Mineral County                                NV est18all.txt 19NOV2019
32  23     6725     5416     8034 15.2 12.2 18.2     1935     1401     2469 25.9 18.7 33.1     1273      864     1682 23.3 15.8 30.8  47031  43820  50242                                        Nye County                                    NV est18all.txt 19NOV2019
32  27      889      675     1103 18.3 13.9 22.7      193      139      247 18.1 13.1 23.1      135       93      177 16.9 11.6 22.2  42522  39102  45942                                        Pershing County                               NV est18all.txt 19NOV2019
32  29      306      237      375  7.6  5.9  9.3       56       42       70 11.6  8.7 14.5       40       29       51 10.4  7.5 13.3  68236  60914  75558                                        Storey County                                 NV est18all.txt 19NOV2019
32  31    47627    43158    52096 10.4  9.4 11.4    13369    11186    15552 13.5 11.3 15.7     7548     5875     9221 10.6  8.3 12.9  63636  60701  66571                                        Washoe County                                 NV est18all.txt 19NOV2019
32  33     1082      834     1330 13.3 10.3 16.3      284      202      366 15.6 11.1 20.1      187      126      248 14.2  9.5 18.9  58942  52708  65176                                        White Pine County                             NV est18all.txt 19NOV2019
32 510     5952     4714     7190 11.3  8.9 13.7     1866     1368     2364 16.9 12.4 21.4     1209      839     1579 15.3 10.6 20.0  56382  52724  60040                                        Carson City                                   NV est18all.txt 19NOV2019
33   0   100076    95577   104575  7.6  7.3  7.9    25379    22837    27921 10.1  9.1 11.1    17007    14785    19229  9.0  7.8 10.2  75322  73932  76712    7159    5972    8346 11.6  9.7 13.5 New Hampshire                                 NH est18all.txt 19NOV2019
33   1     4149     3136     5162  6.9  5.2  8.6     1272      883     1661 11.6  8.0 15.2      842      556     1128 10.2  6.7 13.7  64777  59102  70452                                        Belknap County                                NH est18all.txt 19NOV2019
33   3     4358     3432     5284  9.0  7.1 10.9     1071      754     1388 14.3 10.1 18.5      757      513     1001 13.3  9.0 17.6  59413  54501  64325                                        Carroll County                                NH est18all.txt 19NOV2019
33   5     7307     5998     8616 10.2  8.4 12.0     1715     1263     2167 12.9  9.5 16.3     1125      793     1457 11.3  8.0 14.6  60251  55477  65025                                        Cheshire County                               NH est18all.txt 19NOV2019
33   7     3828     3032     4624 13.1 10.4 15.8     1027      725     1329 21.0 14.8 27.2      704      478      930 19.3 13.1 25.5  44259  42242  46276                                        Coos County                                   NH est18all.txt 19NOV2019
33   9     7427     5847     9007  9.0  7.1 10.9     1761     1295     2227 12.5  9.2 15.8     1174      819     1529 11.2  7.8 14.6  65163  60580  69746                                        Grafton County                                NH est18all.txt 19NOV2019
33  11    30147    26712    33582  7.4  6.6  8.2     8294     6797     9791 10.0  8.2 11.8     5663     4548     6778  9.2  7.4 11.0  78714  76018  81410                                        Hillsborough County                           NH est18all.txt 19NOV2019
33  13    10149     8236    12062  7.0  5.7  8.3     2544     1879     3209  9.0  6.6 11.4     1817     1320     2314  8.6  6.2 11.0  74351  70978  77724                                        Merrimack County                              NH est18all.txt 19NOV2019
33  15    16270    13779    18761  5.3  4.5  6.1     3939     3206     4672  6.7  5.5  7.9     2504     1943     3065  5.6  4.3  6.9  93645  88384  98906                                        Rockingham County                             NH est18all.txt 19NOV2019
33  17    11673     9806    13540  9.7  8.2 11.2     2558     1931     3185 10.9  8.2 13.6     1658     1180     2136  9.5  6.7 12.3  69919  65425  74413                                        Strafford County                              NH est18all.txt 19NOV2019
33  19     4768     3967     5569 11.2  9.3 13.1     1198      889     1507 15.2 11.3 19.1      763      530      996 13.0  9.0 17.0  60034  54795  65273                                        Sullivan County                               NH est18all.txt 19NOV2019
34   0   831386   812117   850655  9.5  9.3  9.7   261055   249871   272239 13.5 12.9 14.1   179815   170183   189447 12.7 12.0 13.4  81777  81105  82449   76035   70434   81636 15.0 13.9 16.1 New Jersey                                    NJ est18all.txt 19NOV2019
34   1    33167    28554    37780 12.8 11.0 14.6    10629     8456    12802 19.1 15.2 23.0     7530     5769     9291 18.2 13.9 22.5  60826  59125  62527                                        Atlantic County                               NJ est18all.txt 19NOV2019
34   3    63403    56101    70705  6.8  6.0  7.6    16130    13507    18753  8.2  6.9  9.5    11702     9707    13697  7.9  6.6  9.2 100181  98575 101787                                        Bergen County                                 NJ est18all.txt 19NOV2019
34   5    26786    21966    31606  6.2  5.1  7.3     7267     5657     8877  7.9  6.1  9.7     4995     3760     6230  7.2  5.4  9.0  84470  81112  87828                                        Burlington County                             NJ est18all.txt 19NOV2019
34   7    64417    58207    70627 12.9 11.7 14.1    20926    18002    23850 18.4 15.8 21.0    14125    11763    16487 17.0 14.2 19.8  67135  64499  69771                                        Camden County                                 NJ est18all.txt 19NOV2019
34   9     9325     7313    11337 10.3  8.1 12.5     2480     1808     3152 15.5 11.3 19.7     1796     1280     2312 15.3 10.9 19.7  62175  57293  67057                                        Cape May County                               NJ est18all.txt 19NOV2019
34  11    21430    17637    25223 15.2 12.5 17.9     7704     5915     9493 21.8 16.7 26.9     5435     4026     6844 20.9 15.5 26.3  51790  47687  55893                                        Cumberland County                             NJ est18all.txt 19NOV2019
34  13   116246   106183   126309 14.9 13.6 16.2    39344    34589    44099 21.0 18.5 23.5    27059    23451    30667 20.0 17.3 22.7  62875  59935  65815                                        Essex County                                  NJ est18all.txt 19NOV2019
34  15    21869    18342    25396  7.6  6.4  8.8     5565     4323     6807  8.9  6.9 10.9     3768     2805     4731  7.9  5.9  9.9  81315  77033  85597                                        Gloucester County                             NJ est18all.txt 19NOV2019
34  17    95704    85431   105977 14.3 12.8 15.8    30428    25489    35367 22.3 18.7 25.9    20253    16774    23732 22.5 18.6 26.4  73337  71198  75476                                        Hudson County                                 NJ est18all.txt 19NOV2019
34  19     5317     4310     6324  4.4  3.6  5.2      967      725     1209  4.0  3.0  5.0      685      498      872  3.6  2.6  4.6 112335 106600 118070                                        Hunterdon County                              NJ est18all.txt 19NOV2019
34  21    38279    33111    43447 10.9  9.4 12.4    10649     8512    12786 13.7 11.0 16.4     7508     5911     9105 13.2 10.4 16.0  79979  76688  83270                                        Mercer County                                 NJ est18all.txt 19NOV2019
34  23    65823    58299    73347  8.2  7.3  9.1    19925    16861    22989 11.2  9.5 12.9    13110    10818    15402 10.0  8.2 11.8  87666  84576  90756                                        Middlesex County                              NJ est18all.txt 19NOV2019
34  25    41380    35572    47188  6.7  5.8  7.6    11882     9879    13885  9.1  7.6 10.6     8860     7413    10307  8.8  7.4 10.2  99223  96580 101866                                        Monmouth County                               NJ est18all.txt 19NOV2019
34  27    22980    18888    27072  4.7  3.9  5.5     5202     4037     6367  5.0  3.9  6.1     3772     2895     4649  4.8  3.7  5.9 112396 108789 116003                                        Morris County                                 NJ est18all.txt 19NOV2019
34  29    57366    50372    64360  9.7  8.5 10.9    22926    19120    26732 16.1 13.4 18.8    15345    12352    18338 15.3 12.3 18.3  68483  66634  70332                                        Ocean County                                  NJ est18all.txt 19NOV2019
34  31    67374    59569    75179 13.6 12.0 15.2    25897    22337    29457 21.9 18.9 24.9    17716    14902    20530 20.8 17.5 24.1  71959  68885  75033                                        Passaic County                                NJ est18all.txt 19NOV2019
34  33     6891     5572     8210 11.2  9.1 13.3     2131     1577     2685 16.2 12.0 20.4     1523     1091     1955 15.6 11.2 20.0  64524  60185  68863                                        Salem County                                  NJ est18all.txt 19NOV2019
34  35    16112    12974    19250  4.9  3.9  5.9     3743     2751     4735  5.2  3.8  6.6     2638     1869     3407  4.8  3.4  6.2 119731 114273 125189                                        Somerset County                               NJ est18all.txt 19NOV2019
34  37     7233     5828     8638  5.2  4.2  6.2     1640     1204     2076  5.9  4.3  7.5     1165      831     1499  5.5  3.9  7.1  92284  87969  96599                                        Sussex County                                 NJ est18all.txt 19NOV2019
34  39    43279    36326    50232  7.8  6.5  9.1    13788    10544    17032 10.7  8.2 13.2     9544     6952    12136 10.1  7.4 12.8  80737  77280  84194                                        Union County                                  NJ est18all.txt 19NOV2019
34  41     7006     5570     8442  6.7  5.3  8.1     1831     1313     2349  8.9  6.4 11.4     1286      878     1694  8.2  5.6 10.8  77571  72783  82359                                        Warren County                                 NJ est18all.txt 19NOV2019
35   0   386739   375921   397557 18.8 18.3 19.3   119378   114036   124720 25.3 24.2 26.4    83411    78764    88058 24.0 22.7 25.3  47405  46537  48273   32929   30632   35226 27.2 25.3 29.1 New Mexico                                    NM est18all.txt 19NOV2019
35   1   109959   102280   117638 16.5 15.3 17.7    31993    28548    35438 22.2 19.8 24.6    22898    20334    25462 21.5 19.1 23.9  51372  49762  52982                                        Bernalillo County                             NM est18all.txt 19NOV2019
35   3      827      628     1026 23.3 17.7 28.9      167      118      216 40.2 28.4 52.0      120       81      159 39.9 27.0 52.8  34777  30996  38558                                        Catron County                                 NM est18all.txt 19NOV2019
35   5    11872     9553    14191 18.9 15.2 22.6     3977     2873     5081 24.1 17.4 30.8     2712     1877     3547 22.2 15.4 29.0  43527  39863  47191                                        Chaves County                                 NM est18all.txt 19NOV2019
35   6     6910     5629     8191 28.6 23.3 33.9     2117     1569     2665 34.3 25.4 43.2     1467     1051     1883 32.6 23.3 41.9  38097  34172  42022                                        Cibola County                                 NM est18all.txt 19NOV2019
35   7     2315     1790     2840 19.8 15.3 24.3      647      463      831 30.2 21.6 38.8      430      289      571 27.4 18.4 36.4  41592  37343  45841                                        Colfax County                                 NM est18all.txt 19NOV2019
35   9     8239     6570     9908 17.2 13.7 20.7     3251     2436     4066 25.6 19.2 32.0     2151     1517     2785 24.6 17.3 31.9  47202  43350  51054                                        Curry County                                  NM est18all.txt 19NOV2019
35  11      361      273      449 20.4 15.4 25.4      143      100      186 36.3 25.5 47.1      102       68      136 33.4 22.3 44.5  35087  31176  38998                                        DeBaca County                                 NM est18all.txt 19NOV2019
35  13    52914    47897    57931 24.9 22.5 27.3    17441    14842    20040 33.3 28.3 38.3    12463    10524    14402 32.5 27.4 37.6  38409  35177  41641                                        Dona Ana County                               NM est18all.txt 19NOV2019
35  15     8981     7348    10614 15.7 12.8 18.6     2676     1984     3368 17.8 13.2 22.4     1837     1307     2367 17.0 12.1 21.9  58320  52894  63746                                        Eddy County                                   NM est18all.txt 19NOV2019
35  17     5535     4381     6689 20.7 16.4 25.0     1624     1198     2050 30.3 22.4 38.2     1150      842     1458 29.2 21.4 37.0  38341  34814  41868                                        Grant County                                  NM est18all.txt 19NOV2019
35  19      915      688     1142 24.3 18.3 30.3      264      184      344 29.4 20.5 38.3      184      122      246 26.9 17.9 35.9  29515  26216  32814                                        Guadalupe County                              NM est18all.txt 19NOV2019
35  21      109       82      136 16.7 12.5 20.9       16       11       21 20.3 14.0 26.6       12        8       16 22.6 15.0 30.2  37544  33423  41665                                        Harding County                                NM est18all.txt 19NOV2019
35  23     1070      834     1306 25.7 20.0 31.4      346      256      436 36.6 27.1 46.1      225      154      296 33.0 22.5 43.5  39882  36676  43088                                        Hidalgo County                                NM est18all.txt 19NOV2019
35  25    10813     8859    12767 16.1 13.2 19.0     3708     2722     4694 18.2 13.4 23.0     2444     1703     3185 16.4 11.4 21.4  51656  47882  55430                                        Lea County                                    NM est18all.txt 19NOV2019
35  27     3166     2401     3931 16.4 12.4 20.4     1032      727     1337 29.3 20.6 38.0      693      464      922 26.8 18.0 35.6  45095  40380  49810                                        Lincoln County                                NM est18all.txt 19NOV2019
35  28      733      570      896  3.9  3.0  4.8      131       92      170  3.1  2.2  4.0       85       56      114  2.7  1.8  3.6 124947 114051 135843                                        Los Alamos County                             NM est18all.txt 19NOV2019
35  29     6364     5129     7599 27.2 21.9 32.5     2321     1681     2961 37.8 27.4 48.2     1698     1190     2206 39.4 27.6 51.2  30570  27401  33739                                        Luna County                                   NM est18all.txt 19NOV2019
35  31    23092    20610    25574 32.3 28.8 35.8     8760     7451    10069 42.8 36.4 49.2     6899     5867     7931 45.0 38.3 51.7  33976  31424  36528                                        McKinley County                               NM est18all.txt 19NOV2019
35  33     1053      806     1300 23.5 18.0 29.0      251      177      325 31.8 22.4 41.2      176      118      234 30.2 20.2 40.2  34491  30709  38273                                        Mora County                                   NM est18all.txt 19NOV2019
35  35    13074    10636    15512 20.3 16.5 24.1     4503     3380     5626 29.6 22.2 37.0     3130     2275     3985 29.4 21.4 37.4  42701  38921  46481                                        Otero County                                  NM est18all.txt 19NOV2019
35  37     1975     1535     2415 24.1 18.7 29.5      646      467      825 37.7 27.3 48.1      475      335      615 36.9 26.1 47.7  33085  29403  36767                                        Quay County                                   NM est18all.txt 19NOV2019
35  39     8498     6456    10540 22.0 16.7 27.3     2577     1829     3325 28.7 20.4 37.0     1751     1185     2317 26.7 18.1 35.3  41511  36886  46136                                        Rio Arriba County                             NM est18all.txt 19NOV2019
35  41     3979     3227     4731 22.6 18.3 26.9     1214      882     1546 27.6 20.1 35.1      895      638     1152 29.0 20.7 37.3  41700  37374  46026                                        Roosevelt County                              NM est18all.txt 19NOV2019
35  43    18215    16206    20224 12.6 11.2 14.0     5268     4226     6310 15.9 12.8 19.0     3184     2306     4062 12.7  9.2 16.2  57036  53136  60936                                        Sandoval County                               NM est18all.txt 19NOV2019
35  45    28486    25430    31542 23.1 20.6 25.6     8691     7139    10243 26.9 22.1 31.7     5476     4278     6674 22.9 17.9 27.9  46578  42960  50196                                        San Juan County                               NM est18all.txt 19NOV2019
35  47     7479     6179     8779 28.2 23.3 33.1     1686     1249     2123 34.1 25.3 42.9     1193      861     1525 33.4 24.1 42.7  35292  31773  38811                                        San Miguel County                             NM est18all.txt 19NOV2019
35  49    17972    14893    21051 12.2 10.1 14.3     4698     3513     5883 17.7 13.2 22.2     3129     2240     4018 15.6 11.2 20.0  60187  57127  63247                                        Santa Fe County                               NM est18all.txt 19NOV2019
35  51     2739     2123     3355 25.7 19.9 31.5      713      514      912 42.5 30.6 54.4      497      341      653 44.0 30.2 57.8  31741  28747  34735                                        Sierra County                                 NM est18all.txt 19NOV2019
35  53     4767     3823     5711 29.6 23.7 35.5     1326      932     1720 36.0 25.3 46.7      921      615     1227 33.9 22.6 45.2  33989  30416  37562                                        Socorro County                                NM est18all.txt 19NOV2019
35  55     6955     5639     8271 21.4 17.4 25.4     1625     1159     2091 28.6 20.4 36.8     1173      798     1548 27.7 18.8 36.6  38405  34377  42433                                        Taos County                                   NM est18all.txt 19NOV2019
35  57     3763     2980     4546 25.2 20.0 30.4     1119      827     1411 35.4 26.2 44.6      750      525      975 31.6 22.1 41.1  39123  35050  43196                                        Torrance County                               NM est18all.txt 19NOV2019
35  59      701      531      871 20.4 15.4 25.4      206      145      267 27.2 19.1 35.3      149      100      198 26.5 17.8 35.2  40426  36054  44798                                        Union County                                  NM est18all.txt 19NOV2019
35  61    12908    10282    15534 17.3 13.8 20.8     4237     3049     5425 24.2 17.4 31.0     2942     2049     3835 22.4 15.6 29.2  46365  42575  50155                                        Valencia County                               NM est18all.txt 19NOV2019
36   0  2603303  2569152  2637454 13.7 13.5 13.9   751694   733127   770261 18.8 18.3 19.3   511149   495576   526722 17.8 17.3 18.3  67648  67021  68275  220997  211205  230789 19.9 19.0 20.8 New York                                      NY est18all.txt 19NOV2019
36   1    32888    28323    37453 11.3  9.7 12.9     8462     6887    10037 15.3 12.5 18.1     6074     4902     7246 15.2 12.3 18.1  64536  60620  68452                                        Albany County                                 NY est18all.txt 19NOV2019
36   3     7161     5972     8350 17.0 14.2 19.8     2093     1606     2580 22.8 17.5 28.1     1399     1022     1776 20.8 15.2 26.4  46262  43337  49187                                        Allegany County                               NY est18all.txt 19NOV2019
36   5   380470   362877   398063 27.3 26.0 28.6   130167   121162   139172 37.6 35.0 40.2    89883    83034    96732 36.5 33.7 39.3  38566  36826  40306                                        Bronx County                                  NY est18all.txt 19NOV2019
36   7    31406    27836    34976 17.3 15.3 19.3     8608     7102    10114 23.9 19.7 28.1     5919     4738     7100 22.7 18.2 27.2  50928  48379  53477                                        Broome County                                 NY est18all.txt 19NOV2019
36   9    12711    11162    14260 17.1 15.0 19.2     4023     3330     4716 24.4 20.2 28.6     2757     2187     3327 22.5 17.8 27.2  48017  45370  50664                                        Cattaraugus County                            NY est18all.txt 19NOV2019
36  11     9509     7816    11202 13.0 10.7 15.3     2584     1936     3232 17.6 13.2 22.0     1805     1302     2308 16.7 12.0 21.4  52945  49303  56587                                        Cayuga County                                 NY est18all.txt 19NOV2019
36  13    22426    19678    25174 18.3 16.1 20.5     6857     5616     8098 27.0 22.1 31.9     4551     3602     5500 24.7 19.6 29.8  45689  43556  47822                                        Chautauqua County                             NY est18all.txt 19NOV2019
36  15    10856     8873    12839 13.5 11.0 16.0     3518     2569     4467 20.0 14.6 25.4     2320     1609     3031 18.0 12.5 23.5  52565  49456  55674                                        Chemung County                                NY est18all.txt 19NOV2019
36  17     7023     5817     8229 15.1 12.5 17.7     2135     1682     2588 22.3 17.6 27.0     1417     1061     1773 20.2 15.1 25.3  50312  46472  54152                                        Chenango County                               NY est18all.txt 19NOV2019
36  19     9779     7991    11567 13.2 10.8 15.6     2389     1834     2944 16.9 13.0 20.8     1646     1238     2054 16.1 12.1 20.1  55517  51644  59390                                        Clinton County                                NY est18all.txt 19NOV2019
36  21     6828     5681     7975 11.7  9.7 13.7     1622     1201     2043 16.4 12.2 20.6     1032      696     1368 13.9  9.4 18.4  64916  61889  67943                                        Columbia County                               NY est18all.txt 19NOV2019
36  23     7426     6275     8577 16.9 14.3 19.5     1657     1248     2066 18.4 13.9 22.9     1030      720     1340 15.9 11.1 20.7  51751  49475  54027                                        Cortland County                               NY est18all.txt 19NOV2019
36  25     6746     5577     7915 15.9 13.1 18.7     1885     1495     2275 26.2 20.8 31.6     1307     1002     1612 24.3 18.6 30.0  47382  44095  50669                                        Delaware County                               NY est18all.txt 19NOV2019
36  27    25387    21921    28853  9.2  7.9 10.5     5914     4726     7102 11.0  8.8 13.2     4159     3264     5054 10.3  8.1 12.5  79604  76624  82584                                        Dutchess County                               NY est18all.txt 19NOV2019
36  29   122204   114368   130040 13.7 12.8 14.6    35354    31641    39067 19.2 17.2 21.2    23819    20988    26650 17.8 15.7 19.9  56375  55346  57404                                        Erie County                                   NY est18all.txt 19NOV2019
36  31     4150     3300     5000 11.7  9.3 14.1      945      688     1202 16.1 11.7 20.5      684      483      885 15.9 11.2 20.6  54376  51385  57367                                        Essex County                                  NY est18all.txt 19NOV2019
36  33     7404     6026     8782 16.7 13.6 19.8     2104     1604     2604 22.1 16.9 27.3     1420     1030     1810 20.0 14.5 25.5  48722  46093  51351                                        Franklin County                               NY est18all.txt 19NOV2019
36  35     6830     5498     8162 13.0 10.5 15.5     2069     1488     2650 19.8 14.2 25.4     1447     1001     1893 18.7 12.9 24.5  51388  47724  55052                                        Fulton County                                 NY est18all.txt 19NOV2019
36  37     5494     4500     6488  9.9  8.1 11.7     1618     1228     2008 14.1 10.7 17.5     1045      744     1346 12.3  8.7 15.9  58925  55183  62667                                        Genesee County                                NY est18all.txt 19NOV2019
36  39     5789     4737     6841 13.0 10.6 15.4     1349      962     1736 17.9 12.8 23.0      935      632     1238 16.8 11.4 22.2  54514  49784  59244                                        Greene County                                 NY est18all.txt 19NOV2019
36  41      404      304      504  9.1  6.8 11.4       87       62      112 15.5 11.1 19.9       59       40       78 13.1  9.0 17.2  59020  54590  63450                                        Hamilton County                               NY est18all.txt 19NOV2019
36  43     8176     6451     9901 13.5 10.6 16.4     2516     1868     3164 20.1 14.9 25.3     1727     1237     2217 18.5 13.3 23.7  53168  49165  57171                                        Herkimer County                               NY est18all.txt 19NOV2019
36  45    12996    10869    15123 12.3 10.3 14.3     4202     3167     5237 16.0 12.1 19.9     2643     1856     3430 15.1 10.6 19.6  52798  50213  55383                                        Jefferson County                              NY est18all.txt 19NOV2019
36  47   483632   461981   505283 18.9 18.1 19.7   150672   139265   162079 26.0 24.0 28.0   102497    94266   110728 25.9 23.8 28.0  60862  60018  61706                                        Kings County                                  NY est18all.txt 19NOV2019
36  49     3177     2511     3843 12.2  9.6 14.8     1062      771     1353 18.0 13.1 22.9      743      522      964 17.4 12.2 22.6  52660  49070  56250                                        Lewis County                                  NY est18all.txt 19NOV2019
36  51     7173     5892     8454 12.5 10.3 14.7     1538     1144     1932 14.1 10.5 17.7     1014      723     1305 12.4  8.9 15.9  61027  56974  65080                                        Livingston County                             NY est18all.txt 19NOV2019
36  53     7121     5597     8645 10.8  8.5 13.1     1892     1392     2392 14.3 10.5 18.1     1308      925     1691 13.2  9.3 17.1  59114  55988  62240                                        Madison County                                NY est18all.txt 19NOV2019
36  55   103620    96747   110493 14.4 13.4 15.4    28687    25472    31902 18.9 16.8 21.0    20401    17911    22891 18.3 16.1 20.5  60240  58654  61826                                        Monroe County                                 NY est18all.txt 19NOV2019
36  57     7694     6394     8994 15.8 13.1 18.5     2715     2075     3355 24.7 18.9 30.5     1788     1288     2288 22.5 16.2 28.8  43799  39814  47784                                        Montgomery County                             NY est18all.txt 19NOV2019
36  59    77883    67732    88034  5.8  5.0  6.6    21787    17636    25938  7.6  6.2  9.0    15216    11978    18454  7.1  5.6  8.6 115301 112902 117700                                        Nassau County                                 NY est18all.txt 19NOV2019
36  61   245347   228927   261767 15.6 14.6 16.6    45017    38128    51906 19.7 16.7 22.7    29138    23773    34503 19.0 15.5 22.5  84610  81457  87763                                        New York County                               NY est18all.txt 19NOV2019
36  63    26833    23410    30256 13.0 11.3 14.7     7659     6197     9121 18.5 15.0 22.0     5386     4301     6471 17.7 14.1 21.3  55013  52315  57711                                        Niagara County                                NY est18all.txt 19NOV2019
36  65    32150    27829    36471 14.8 12.8 16.8     9585     7440    11730 20.1 15.6 24.6     6834     5125     8543 19.6 14.7 24.5  54096  52040  56152                                        Oneida County                                 NY est18all.txt 19NOV2019
36  67    61143    55478    66808 13.7 12.4 15.0    19493    17048    21938 20.2 17.7 22.7    13656    11693    15619 19.4 16.6 22.2  59786  57644  61928                                        Onondaga County                               NY est18all.txt 19NOV2019
36  69     9077     7404    10750  8.5  6.9 10.1     2425     1824     3026 11.1  8.3 13.9     1676     1196     2156 10.3  7.4 13.2  62930  59755  66105                                        Ontario County                                NY est18all.txt 19NOV2019
36  71    42664    37156    48172 11.5 10.0 13.0    16816    13955    19677 17.5 14.5 20.5    11595     9327    13863 16.4 13.2 19.6  75048  71530  78566                                        Orange County                                 NY est18all.txt 19NOV2019
36  73     4819     3746     5892 12.6  9.8 15.4     1358      970     1746 17.6 12.6 22.6      878      579     1177 15.7 10.4 21.0  52658  49699  55617                                        Orleans County                                NY est18all.txt 19NOV2019
36  75    18209    16035    20383 16.1 14.2 18.0     5572     4603     6541 23.0 19.0 27.0     3755     2991     4519 21.1 16.8 25.4  53745  50666  56824                                        Oswego County                                 NY est18all.txt 19NOV2019
36  77     6881     5480     8282 12.5  9.9 15.1     1480     1065     1895 15.9 11.4 20.4      996      659     1333 14.9  9.9 19.9  54321  51796  56846                                        Otsego County                                 NY est18all.txt 19NOV2019
36  79     5863     4771     6955  6.0  4.9  7.1     1283     1009     1557  6.6  5.2  8.0      893      678     1108  6.0  4.6  7.4 100887  93997 107777                                        Putnam County                                 NY est18all.txt 19NOV2019
36  81   261819   240997   282641 11.6 10.7 12.5    68473    58202    78744 15.2 12.9 17.5    45647    38109    53185 14.7 12.3 17.1  68432  67082  69782                                        Queens County                                 NY est18all.txt 19NOV2019
36  83    17059    14564    19554 11.1  9.5 12.7     4765     3775     5755 15.5 12.3 18.7     3292     2502     4082 14.7 11.2 18.2  71084  69369  72799                                        Rensselaer County                             NY est18all.txt 19NOV2019
36  85    55217    47132    63302 11.7 10.0 13.4    15706    12315    19097 15.2 11.9 18.5    10619     8150    13088 14.0 10.7 17.3  79719  75803  83635                                        Richmond County                               NY est18all.txt 19NOV2019
36  87    44728    39621    49835 13.9 12.3 15.5    21078    17910    24246 23.2 19.7 26.7    14288    11909    16667 22.1 18.4 25.8  88960  85406  92514                                        Rockland County                               NY est18all.txt 19NOV2019
36  89    14677    12330    17024 15.1 12.7 17.5     4261     3341     5181 20.0 15.7 24.3     2872     2137     3607 18.2 13.6 22.8  49356  46646  52066                                        St. Lawrence County                           NY est18all.txt 19NOV2019
36  91    14319    11805    16833  6.3  5.2  7.4     3355     2548     4162  7.4  5.6  9.2     2049     1394     2704  6.1  4.2  8.0  83210  79497  86923                                        Saratoga County                               NY est18all.txt 19NOV2019
36  93    17062    14240    19884 11.3  9.4 13.2     5648     4226     7070 17.3 13.0 21.6     3695     2546     4844 15.5 10.7 20.3  63297  59381  67213                                        Schenectady County                            NY est18all.txt 19NOV2019
36  95     3532     2863     4201 11.8  9.6 14.0      853      615     1091 16.1 11.6 20.6      549      369      729 13.6  9.1 18.1  57757  53683  61831                                        Schoharie County                              NY est18all.txt 19NOV2019
36  97     2392     1907     2877 13.5 10.8 16.2      706      540      872 21.1 16.1 26.1      476      347      605 19.5 14.2 24.8  50190  45863  54517                                        Schuyler County                               NY est18all.txt 19NOV2019
36  99     4000     3212     4788 12.6 10.1 15.1     1304      954     1654 19.9 14.6 25.2      889      614     1164 18.6 12.9 24.3  54184  50691  57677                                        Seneca County                                 NY est18all.txt 19NOV2019
36 101    12069    10224    13914 12.8 10.8 14.8     3743     2893     4593 18.7 14.5 22.9     2536     1828     3244 17.2 12.4 22.0  54862  52231  57493                                        Steuben County                                NY est18all.txt 19NOV2019
36 103   105578    95317   115839  7.3  6.6  8.0    28669    24262    33076  9.4  8.0 10.8    19507    16350    22664  8.5  7.1  9.9 100075  98571 101579                                        Suffolk County                                NY est18all.txt 19NOV2019
36 105    11834     9893    13775 16.2 13.5 18.9     3801     2888     4714 24.4 18.5 30.3     2625     1886     3364 23.3 16.7 29.9  51985  47707  56263                                        Sullivan County                               NY est18all.txt 19NOV2019
36 107     4912     3899     5925 10.2  8.1 12.3     1521     1103     1939 15.2 11.0 19.4     1038      714     1362 13.8  9.5 18.1  60309  57696  62922                                        Tioga County                                  NY est18all.txt 19NOV2019
36 109    15146    13354    16938 16.8 14.8 18.8     1982     1497     2467 13.7 10.4 17.0     1292      920     1664 12.2  8.7 15.7  57383  53182  61584                                        Tompkins County                               NY est18all.txt 19NOV2019
36 111    24389    21477    27301 14.3 12.6 16.0     4993     3849     6137 16.2 12.5 19.9     3470     2588     4352 15.2 11.3 19.1  63073  59683  66463                                        Ulster County                                 NY est18all.txt 19NOV2019
36 113     6859     5688     8030 10.8  9.0 12.6     1787     1340     2234 15.5 11.6 19.4     1225      873     1577 14.2 10.1 18.3  56694  53834  59554                                        Warren County                                 NY est18all.txt 19NOV2019
36 115     6637     5403     7871 11.4  9.3 13.5     1781     1305     2257 16.0 11.7 20.3     1258      883     1633 15.2 10.7 19.7  55913  51859  59967                                        Washington County                             NY est18all.txt 19NOV2019
36 117     8511     6905    10117  9.6  7.8 11.4     2746     2060     3432 14.6 11.0 18.2     1812     1268     2356 13.0  9.1 16.9  61118  58284  63952                                        Wayne County                                  NY est18all.txt 19NOV2019
36 119    78572    70284    86860  8.3  7.4  9.2    21291    17335    25247 10.3  8.4 12.2    13753    10870    16636  8.9  7.0 10.8  94521  91325  97717                                        Westchester County                            NY est18all.txt 19NOV2019
36 121     3627     2871     4383  9.9  7.8 12.0      911      652     1170 12.2  8.7 15.7      645      439      851 11.8  8.0 15.6  57709  53474  61944                                        Wyoming County                                NY est18all.txt 19NOV2019
36 123     3014     2318     3710 12.7  9.8 15.6     1122      787     1457 21.1 14.8 27.4      760      504     1016 20.0 13.2 26.8  51089  46685  55493                                        Yates County                                  NY est18all.txt 19NOV2019
37   0  1422154  1396634  1447674 14.1 13.8 14.4   457103   444178   470028 20.2 19.6 20.8   314320   303388   325252 19.0 18.3 19.7  53922  53358  54486  129669  122803  136535 21.8 20.6 23.0 North Carolina                                NC est18all.txt 19NOV2019
37   1    21661    18535    24787 13.5 11.6 15.4     7209     5740     8678 19.8 15.8 23.8     4891     3764     6018 18.3 14.1 22.5  50480  48106  52854                                        Alamance County                               NC est18all.txt 19NOV2019
37   3     4653     3647     5659 13.0 10.2 15.8     1442     1085     1799 19.6 14.8 24.4     1044      781     1307 18.8 14.1 23.5  49138  44167  54109                                        Alexander County                              NC est18all.txt 19NOV2019
37   5     2060     1637     2483 18.7 14.9 22.5      567      420      714 29.8 22.1 37.5      403      289      517 29.2 21.0 37.4  39735  35713  43757                                        Alleghany County                              NC est18all.txt 19NOV2019
37   7     4680     3552     5808 20.5 15.6 25.4     1515     1107     1923 31.5 23.0 40.0     1034      721     1347 29.2 20.4 38.0  38023  34271  41775                                        Anson County                                  NC est18all.txt 19NOV2019
37   9     4542     3743     5341 16.9 13.9 19.9     1235      936     1534 26.2 19.9 32.5      840      600     1080 23.3 16.6 30.0  41864  37707  46021                                        Ashe County                                   NC est18all.txt 19NOV2019
37  11     2542     1953     3131 16.8 12.9 20.7      638      466      810 25.4 18.6 32.2      454      325      583 24.4 17.5 31.3  41701  37312  46090                                        Avery County                                  NC est18all.txt 19NOV2019
37  13     8429     6825    10033 18.1 14.7 21.5     2564     1908     3220 27.5 20.5 34.5     1846     1316     2376 26.2 18.7 33.7  46411  42615  50207                                        Beaufort County                               NC est18all.txt 19NOV2019
37  15     4172     3255     5089 23.5 18.3 28.7     1053      756     1350 32.0 23.0 41.0      750      519      981 30.4 21.1 39.7  35433  31708  39158                                        Bertie County                                 NC est18all.txt 19NOV2019
37  17     9542     8387    10697 29.1 25.6 32.6     2945     2539     3351 44.2 38.1 50.3     2079     1767     2391 41.8 35.5 48.1  36976  33064  40888                                        Bladen County                                 NC est18all.txt 19NOV2019
37  19    14203    11568    16838 10.5  8.6 12.4     4104     2982     5226 20.1 14.6 25.6     2861     2020     3702 19.0 13.4 24.6  60163  57620  62706                                        Brunswick County                              NC est18all.txt 19NOV2019
37  21    28859    24589    33129 11.5  9.8 13.2     7814     6000     9628 16.8 12.9 20.7     5599     4237     6961 16.6 12.6 20.6  53960  50900  57020                                        Buncombe County                               NC est18all.txt 19NOV2019
37  23    12278    10134    14422 14.0 11.5 16.5     3372     2495     4249 20.6 15.2 26.0     2399     1708     3090 19.9 14.2 25.6  44946  41255  48637                                        Burke County                                  NC est18all.txt 19NOV2019
37  25    18839    15769    21909  9.0  7.5 10.5     6867     5409     8325 12.9 10.2 15.6     4325     3201     5449 10.9  8.1 13.7  69297  66064  72530                                        Cabarrus County                               NC est18all.txt 19NOV2019
37  27    12830    10778    14882 15.9 13.4 18.4     3603     2761     4445 22.4 17.2 27.6     2424     1775     3073 20.3 14.9 25.7  43328  40396  46260                                        Caldwell County                               NC est18all.txt 19NOV2019
37  29      884      683     1085  8.3  6.4 10.2      240      177      303  9.9  7.3 12.5      166      119      213  9.0  6.5 11.5  65955  58833  73077                                        Camden County                                 NC est18all.txt 19NOV2019
37  31     6717     5304     8130  9.8  7.7 11.9     1898     1296     2500 15.9 10.9 20.9     1406      923     1889 15.5 10.2 20.8  55052  52153  57951                                        Carteret County                               NC est18all.txt 19NOV2019
37  33     3642     2831     4453 17.1 13.3 20.9     1176      897     1455 28.1 21.5 34.7      821      601     1041 26.5 19.4 33.6  45517  41286  49748                                        Caswell County                                NC est18all.txt 19NOV2019
37  35    20321    17237    23405 13.0 11.0 15.0     6873     5668     8078 20.0 16.5 23.5     4754     3780     5728 18.7 14.9 22.5  53738  50278  57198                                        Catawba County                                NC est18all.txt 19NOV2019
37  37     6709     5351     8067  9.3  7.4 11.2     2060     1546     2574 14.2 10.7 17.7     1442     1041     1843 13.1  9.4 16.8  73703  68568  78838                                        Chatham County                                NC est18all.txt 19NOV2019
37  39     5253     4253     6253 18.8 15.2 22.4     1307      956     1658 27.9 20.4 35.4      901      625     1177 25.8 17.9 33.7  41262  37796  44728                                        Cherokee County                               NC est18all.txt 19NOV2019
37  41     2370     1819     2921 17.2 13.2 21.2      839      608     1070 30.2 21.9 38.5      595      414      776 28.2 19.6 36.8  42618  38343  46893                                        Chowan County                                 NC est18all.txt 19NOV2019
37  43     1602     1237     1967 14.6 11.3 17.9      454      321      587 24.2 17.1 31.3      286      188      384 20.5 13.5 27.5  42878  38262  47494                                        Clay County                                   NC est18all.txt 19NOV2019
37  45    18301    15799    20803 19.1 16.5 21.7     5974     4846     7102 28.4 23.0 33.8     4226     3359     5093 27.1 21.5 32.7  42728  39498  45958                                        Cleveland County                              NC est18all.txt 19NOV2019
37  47    13279    10915    15643 25.3 20.8 29.8     4126     3218     5034 36.2 28.2 44.2     2892     2165     3619 34.0 25.5 42.5  36862  33275  40449                                        Columbus County                               NC est18all.txt 19NOV2019
37  49    14513    12133    16893 14.9 12.5 17.3     4754     3659     5849 21.8 16.8 26.8     3471     2644     4298 22.5 17.1 27.9  50748  46885  54611                                        Craven County                                 NC est18all.txt 19NOV2019
37  51    53788    48509    59067 17.0 15.3 18.7    19073    16161    21985 23.7 20.1 27.3    12343     9988    14698 22.2 18.0 26.4  46779  45289  48269                                        Cumberland County                             NC est18all.txt 19NOV2019
37  53     2602     2051     3153  9.7  7.7 11.7      821      597     1045 13.8 10.0 17.6      550      383      717 12.4  8.6 16.2  64426  58249  70603                                        Currituck County                              NC est18all.txt 19NOV2019
37  55     2992     2277     3707  8.3  6.3 10.3      921      659     1183 13.6  9.7 17.5      659      454      864 12.9  8.9 16.9  64768  61397  68139                                        Dare County                                   NC est18all.txt 19NOV2019
37  57    24694    21465    27923 15.0 13.0 17.0     8318     6935     9701 23.2 19.3 27.1     5310     4210     6410 20.0 15.9 24.1  47758  44183  51333                                        Davidson County                               NC est18all.txt 19NOV2019
37  59     4555     3638     5472 10.8  8.6 13.0     1377     1056     1698 15.5 11.9 19.1      913      668     1158 13.5  9.9 17.1  60801  55683  65919                                        Davie County                                  NC est18all.txt 19NOV2019
37  61    11877     9702    14052 20.4 16.7 24.1     4198     3317     5079 30.7 24.3 37.1     2761     2041     3481 27.3 20.2 34.4  42725  40123  45327                                        Duplin County                                 NC est18all.txt 19NOV2019
37  63    41063    35561    46565 13.5 11.7 15.3    12484    10005    14963 19.3 15.5 23.1     8406     6511    10301 18.9 14.6 23.2  59329  55632  63026                                        Durham County                                 NC est18all.txt 19NOV2019
37  65    11705     9425    13985 22.9 18.4 27.4     4237     3252     5222 37.0 28.4 45.6     2909     2110     3708 34.0 24.7 43.3  38818  35506  42130                                        Edgecombe County                              NC est18all.txt 19NOV2019
37  67    60361    54941    65781 16.4 14.9 17.9    21426    18762    24090 25.1 22.0 28.2    14511    12406    16616 23.0 19.7 26.3  50112  47826  52398                                        Forsyth County                                NC est18all.txt 19NOV2019
37  69     8394     6636    10152 12.7 10.0 15.4     2906     2195     3617 20.0 15.1 24.9     2013     1478     2548 18.7 13.7 23.7  57710  53776  61644                                        Franklin County                               NC est18all.txt 19NOV2019
37  71    31172    27439    34905 14.2 12.5 15.9     9423     7557    11289 19.2 15.4 23.0     5942     4441     7443 16.6 12.4 20.8  52798  50131  55465                                        Gaston County                                 NC est18all.txt 19NOV2019
37  73     1747     1343     2151 15.2 11.7 18.7      486      357      615 21.1 15.5 26.7      344      246      442 19.5 14.0 25.0  51746  47143  56349                                        Gates County                                  NC est18all.txt 19NOV2019
37  75     1575     1237     1913 18.9 14.8 23.0      431      319      543 26.3 19.5 33.1      301      214      388 24.3 17.3 31.3  39502  35223  43781                                        Graham County                                 NC est18all.txt 19NOV2019
37  77     7331     5823     8839 13.0 10.3 15.7     2287     1744     2830 19.1 14.6 23.6     1650     1237     2063 18.4 13.8 23.0  58956  54412  63500                                        Granville County                              NC est18all.txt 19NOV2019
37  79     4319     3447     5191 23.5 18.8 28.2     1419     1075     1763 34.3 26.0 42.6     1000      725     1275 32.0 23.2 40.8  43591  39840  47342                                        Greene County                                 NC est18all.txt 19NOV2019
37  81    79267    72075    86459 15.4 14.0 16.8    27022    23493    30551 23.1 20.1 26.1    18903    16185    21621 22.1 18.9 25.3  52166  50314  54018                                        Guilford County                               NC est18all.txt 19NOV2019
37  83    10800     8778    12822 22.0 17.9 26.1     3583     2693     4473 33.6 25.2 42.0     2469     1778     3160 31.3 22.5 40.1  36760  34509  39011                                        Halifax County                                NC est18all.txt 19NOV2019
37  85    18802    16020    21584 14.4 12.3 16.5     6760     5398     8122 19.7 15.7 23.7     5000     3971     6029 20.5 16.3 24.7  51225  48443  54007                                        Harnett County                                NC est18all.txt 19NOV2019
37  87     8071     6348     9794 13.1 10.3 15.9     2415     1748     3082 21.8 15.8 27.8     1622     1124     2120 20.1 13.9 26.3  47183  43120  51246                                        Haywood County                                NC est18all.txt 19NOV2019
37  89    11212     8944    13480  9.7  7.7 11.7     3354     2396     4312 15.5 11.1 19.9     2403     1653     3153 15.0 10.3 19.7  54012  50860  57164                                        Henderson County                              NC est18all.txt 19NOV2019
37  91     4909     3963     5855 23.2 18.7 27.7     1392     1045     1739 31.7 23.8 39.6     1012      750     1274 30.6 22.7 38.5  38216  34936  41496                                        Hertford County                               NC est18all.txt 19NOV2019
37  93     9621     8179    11063 18.0 15.3 20.7     3740     2996     4484 25.6 20.5 30.7     2485     1900     3070 24.8 19.0 30.6  47892  43876  51908                                        Hoke County                                   NC est18all.txt 19NOV2019
37  95     1014      780     1248 22.2 17.1 27.3      274      201      347 31.9 23.4 40.4      200      142      258 30.6 21.7 39.5  40653  36177  45129                                        Hyde County                                   NC est18all.txt 19NOV2019
37  97    16746    14105    19387  9.5  8.0 11.0     5497     4392     6602 13.6 10.9 16.3     3962     3125     4799 13.0 10.2 15.8  60044  56945  63143                                        Iredell County                                NC est18all.txt 19NOV2019
37  99     6570     5385     7755 16.7 13.7 19.7     1508     1130     1886 21.4 16.0 26.8     1040      749     1331 20.4 14.7 26.1  44502  41963  47041                                        Jackson County                                NC est18all.txt 19NOV2019
37 101    23374    19452    27296 11.7  9.7 13.7     8516     6974    10058 16.7 13.7 19.7     5843     4710     6976 15.4 12.4 18.4  60296  57807  62785                                        Johnston County                               NC est18all.txt 19NOV2019
37 103     1542     1163     1921 16.2 12.2 20.2      503      356      650 28.9 20.4 37.4      366      249      483 28.8 19.6 38.0  43302  38873  47731                                        Jones County                                  NC est18all.txt 19NOV2019
37 105     9459     7920    10998 15.7 13.1 18.3     3252     2479     4025 22.5 17.2 27.8     2343     1764     2922 22.2 16.7 27.7  48984  44986  52982                                        Lee County                                    NC est18all.txt 19NOV2019
37 107    12193    10494    13892 22.1 19.0 25.2     4631     3908     5354 37.7 31.8 43.6     3377     2792     3962 37.2 30.8 43.6  40433  37175  43691                                        Lenoir County                                 NC est18all.txt 19NOV2019
37 109     8555     7052    10058 10.3  8.5 12.1     2516     1960     3072 14.6 11.4 17.8     1748     1297     2199 13.5 10.0 17.0  62963  57628  68298                                        Lincoln County                                NC est18all.txt 19NOV2019
37 111     6802     5597     8007 15.4 12.7 18.1     1914     1397     2431 21.4 15.6 27.2     1326      918     1734 20.1 13.9 26.3  43972  39740  48204                                        McDowell County                               NC est18all.txt 19NOV2019
37 113     5700     4701     6699 16.3 13.4 19.2     1679     1293     2065 26.1 20.1 32.1     1232      939     1525 26.5 20.2 32.8  46426  42181  50671                                        Macon County                                  NC est18all.txt 19NOV2019
37 115     3502     2779     4225 17.0 13.5 20.5      877      651     1103 23.0 17.1 28.9      622      450      794 22.4 16.2 28.6  44693  40167  49219                                        Madison County                                NC est18all.txt 19NOV2019
37 117     4571     3597     5545 20.3 16.0 24.6     1380     1000     1760 30.6 22.2 39.0      992      682     1302 30.2 20.8 39.6  43569  40721  46417                                        Martin County                                 NC est18all.txt 19NOV2019
37 119   126098   116668   135528 11.7 10.8 12.6    44260    39413    49107 17.5 15.6 19.4    29702    26067    33337 16.4 14.4 18.4  64509  62273  66745                                        Mecklenburg County                            NC est18all.txt 19NOV2019
37 121     2383     1858     2908 16.1 12.6 19.6      647      474      820 23.9 17.5 30.3      462      327      597 23.2 16.4 30.0  43967  39466  48468                                        Mitchell County                               NC est18all.txt 19NOV2019
37 123     4379     3356     5402 16.7 12.8 20.6     1524     1103     1945 26.1 18.9 33.3     1053      731     1375 24.1 16.7 31.5  47757  44464  51050                                        Montgomery County                             NC est18all.txt 19NOV2019
37 125    10263     8350    12176 10.5  8.5 12.5     3076     2236     3916 14.9 10.8 19.0     2104     1469     2739 14.1  9.9 18.3  59471  55999  62943                                        Moore County                                  NC est18all.txt 19NOV2019
37 127    13024    10201    15847 14.2 11.1 17.3     4620     3385     5855 22.8 16.7 28.9     3122     2183     4061 20.7 14.5 26.9  50122  46046  54198                                        Nash County                                   NC est18all.txt 19NOV2019
37 129    34250    30893    37607 15.3 13.8 16.8     8116     6852     9380 19.3 16.3 22.3     6144     5134     7154 20.0 16.7 23.3  53419  50346  56492                                        New Hanover County                            NC est18all.txt 19NOV2019
37 131     4043     3106     4980 21.4 16.4 26.4     1156      840     1472 34.3 24.9 43.7      855      607     1103 34.7 24.6 44.8  37233  33929  40537                                        Northampton County                            NC est18all.txt 19NOV2019
37 133    26562    22670    30454 15.1 12.9 17.3     9888     7869    11907 20.8 16.5 25.1     6454     4948     7960 21.3 16.3 26.3  50531  48367  52695                                        Onslow County                                 NC est18all.txt 19NOV2019
37 135    17045    14573    19517 12.4 10.6 14.2     3064     2285     3843 10.8  8.0 13.6     1996     1403     2589  9.2  6.5 11.9  71920  67416  76424                                        Orange County                                 NC est18all.txt 19NOV2019
37 137     1983     1539     2427 16.6 12.9 20.3      535      386      684 29.3 21.2 37.4      386      269      503 28.1 19.6 36.6  46447  41587  51307                                        Pamlico County                                NC est18all.txt 19NOV2019
37 139     6854     5697     8011 18.2 15.1 21.3     2444     1905     2983 28.2 22.0 34.4     1791     1378     2204 28.9 22.2 35.6  46355  41816  50894                                        Pasquotank County                             NC est18all.txt 19NOV2019
37 141     9207     7839    10575 15.1 12.9 17.3     2966     2424     3508 21.9 17.9 25.9     2070     1672     2468 20.8 16.8 24.8  54900  50918  58882                                        Pender County                                 NC est18all.txt 19NOV2019
37 143     2108     1632     2584 15.8 12.2 19.4      666      488      844 27.6 20.2 35.0      479      339      619 26.5 18.8 34.2  48337  43191  53483                                        Perquimans County                             NC est18all.txt 19NOV2019
37 145     5773     4644     6902 14.8 11.9 17.7     1905     1471     2339 23.4 18.1 28.7     1355     1031     1679 22.6 17.2 28.0  50149  45479  54819                                        Person County                                 NC est18all.txt 19NOV2019
37 147    40201    36214    44188 23.2 20.9 25.5    10022     8221    11823 26.5 21.7 31.3     7026     5599     8453 25.6 20.4 30.8  43303  41195  45411                                        Pitt County                                   NC est18all.txt 19NOV2019
37 149     2389     1817     2961 11.8  9.0 14.6      662      478      846 20.4 14.7 26.1      464      320      608 18.6 12.8 24.4  50467  45770  55164                                        Polk County                                   NC est18all.txt 19NOV2019
37 151    19631    16711    22551 13.8 11.7 15.9     6530     5224     7836 20.6 16.5 24.7     4511     3539     5483 19.1 15.0 23.2  48372  45254  51490                                        Randolph County                               NC est18all.txt 19NOV2019
37 153     8698     6832    10564 19.9 15.6 24.2     3115     2323     3907 31.1 23.2 39.0     2134     1547     2721 29.1 21.1 37.1  38514  35147  41881                                        Richmond County                               NC est18all.txt 19NOV2019
37 155    31143    27482    34804 24.5 21.6 27.4    11405     9533    13277 35.6 29.8 41.4     8122     6807     9437 34.7 29.1 40.3  35407  33307  37507                                        Robeson County                                NC est18all.txt 19NOV2019
37 157    16003    13582    18424 17.9 15.2 20.6     4689     3795     5583 26.0 21.0 31.0     3229     2504     3954 24.2 18.8 29.6  41869  39387  44351                                        Rockingham County                             NC est18all.txt 19NOV2019
37 159    22298    18901    25695 16.3 13.8 18.8     7729     6240     9218 25.2 20.3 30.1     5403     4236     6570 24.0 18.8 29.2  46864  44137  49591                                        Rowan County                                  NC est18all.txt 19NOV2019
37 161    12538    10622    14454 19.1 16.2 22.0     3813     3065     4561 28.3 22.8 33.8     2595     2032     3158 25.9 20.3 31.5  42831  39655  46007                                        Rutherford County                             NC est18all.txt 19NOV2019
37 163    14243    12318    16168 22.8 19.7 25.9     5004     4110     5898 33.0 27.1 38.9     3671     2995     4347 33.1 27.0 39.2  42807  38823  46791                                        Sampson County                                NC est18all.txt 19NOV2019
37 165     8637     7473     9801 26.9 23.3 30.5     3228     2743     3713 41.8 35.5 48.1     2120     1680     2560 38.4 30.4 46.4  36730  33331  40129                                        Scotland County                               NC est18all.txt 19NOV2019
37 167     7924     6282     9566 13.2 10.5 15.9     2528     1886     3170 19.2 14.3 24.1     1774     1265     2283 18.6 13.3 23.9  51491  47159  55823                                        Stanly County                                 NC est18all.txt 19NOV2019
37 169     5455     4276     6634 12.1  9.5 14.7     1528     1107     1949 18.2 13.2 23.2     1054      737     1371 16.6 11.6 21.6  50826  45928  55724                                        Stokes County                                 NC est18all.txt 19NOV2019
37 171    11351     9514    13188 16.0 13.4 18.6     3524     2733     4315 23.6 18.3 28.9     2528     1947     3109 22.6 17.4 27.8  46342  42038  50646                                        Surry County                                  NC est18all.txt 19NOV2019
37 173     2124     1676     2572 15.2 12.0 18.4      699      512      886 22.9 16.8 29.0      476      330      622 22.7 15.7 29.7  43121  38465  47777                                        Swain County                                  NC est18all.txt 19NOV2019
37 175     4277     3355     5199 12.8 10.0 15.6     1184      878     1490 22.6 16.8 28.4      811      570     1052 21.3 15.0 27.6  51398  46624  56172                                        Transylvania County                           NC est18all.txt 19NOV2019
37 177      880      680     1080 25.2 19.5 30.9      266      196      336 35.1 25.9 44.3      195      140      250 36.6 26.2 47.0  36765  32833  40697                                        Tyrrell County                                NC est18all.txt 19NOV2019
37 179    16361    12958    19764  7.0  5.5  8.5     5898     4387     7409  9.4  7.0 11.8     4087     2958     5216  8.3  6.0 10.6  80428  77976  82880                                        Union County                                  NC est18all.txt 19NOV2019
37 181    11585    10022    13148 26.3 22.7 29.9     3692     2973     4411 35.8 28.8 42.8     2466     1883     3049 32.9 25.1 40.7  40263  36254  44272                                        Vance County                                  NC est18all.txt 19NOV2019
37 183    89819    80979    98659  8.4  7.6  9.2    26906    22686    31126 10.4  8.8 12.0    18532    15303    21761  9.7  8.0 11.4  80169  78072  82266                                        Wake County                                   NC est18all.txt 19NOV2019
37 185     3750     2850     4650 19.8 15.0 24.6     1078      776     1380 30.1 21.7 38.5      782      547     1017 29.7 20.8 38.6  38430  34718  42142                                        Warren County                                 NC est18all.txt 19NOV2019
37 187     2470     1872     3068 21.1 16.0 26.2      906      649     1163 38.7 27.7 49.7      669      465      873 38.7 26.9 50.5  36042  32103  39981                                        Washington County                             NC est18all.txt 19NOV2019
37 189    10608     9434    11782 21.2 18.9 23.5     1082      788     1376 15.3 11.1 19.5      740      516      964 14.2  9.9 18.5  48489  45731  51247                                        Watauga County                                NC est18all.txt 19NOV2019
37 191    24470    21524    27416 20.2 17.8 22.6     9062     7659    10465 31.5 26.6 36.4     6072     4936     7208 29.4 23.9 34.9  41572  39527  43617                                        Wayne County                                  NC est18all.txt 19NOV2019
37 193    12712    10989    14435 18.9 16.3 21.5     4322     3692     4952 31.6 27.0 36.2     2707     2201     3213 26.5 21.5 31.5  44080  40564  47596                                        Wilkes County                                 NC est18all.txt 19NOV2019
37 195    16868    14723    19013 21.1 18.4 23.8     5703     4705     6701 31.1 25.6 36.6     4006     3220     4792 29.6 23.8 35.4  44015  40289  47741                                        Wilson County                                 NC est18all.txt 19NOV2019
37 197     4829     3886     5772 13.0 10.5 15.5     1569     1188     1950 20.5 15.5 25.5     1150      864     1436 20.2 15.2 25.2  49070  46177  51963                                        Yadkin County                                 NC est18all.txt 19NOV2019
37 199     3153     2574     3732 17.8 14.5 21.1      846      644     1048 26.3 20.0 32.6      557      390      724 23.3 16.3 30.3  44756  40570  48942                                        Yancey County                                 NC est18all.txt 19NOV2019
38   0    77959    73677    82241 10.6 10.0 11.2    19332    17588    21076 11.0 10.0 12.0    11823    10402    13244  9.6  8.4 10.8  65250  63367  67133    6936    5975    7897 13.0 11.2 14.8 North Dakota                                  ND est18all.txt 19NOV2019
38   1      234      182      286 10.4  8.1 12.7       55       38       72 12.8  8.8 16.8       37       23       51 11.6  7.2 16.0  53162  47274  59050                                        Adams County                                  ND est18all.txt 19NOV2019
38   3     1231      990     1472 12.3  9.9 14.7      266      190      342 12.7  9.0 16.4      165      107      223 10.7  7.0 14.4  54984  49618  60350                                        Barnes County                                 ND est18all.txt 19NOV2019
38   5     2129     1760     2498 30.8 25.5 36.1      982      747     1217 40.4 30.7 50.1      590      418      762 35.1 24.9 45.3  42407  38661  46153                                        Benson County                                 ND est18all.txt 19NOV2019
38   7       82       62      102  9.0  6.8 11.2       21       14       28 11.5  7.9 15.1       14        9       19 12.0  7.4 16.6  76235  67865  84605                                        Billings County                               ND est18all.txt 19NOV2019
38   9      715      566      864 11.6  9.2 14.0      201      147      255 15.2 11.1 19.3      138       98      178 14.0  9.9 18.1  59161  53491  64831                                        Bottineau County                              ND est18all.txt 19NOV2019
38  11      264      202      326  8.7  6.6 10.8       75       52       98  9.9  6.9 12.9       49       31       67  8.6  5.4 11.8  62270  56704  67836                                        Bowman County                                 ND est18all.txt 19NOV2019
38  13      195      148      242  9.3  7.1 11.5       53       37       69 10.3  7.2 13.4       36       23       49 10.5  6.8 14.2  63261  56204  70318                                        Burke County                                  ND est18all.txt 19NOV2019
38  15     6798     5527     8069  7.4  6.0  8.8     1590     1135     2045  7.2  5.1  9.3      969      635     1303  6.2  4.0  8.4  72277  67048  77506                                        Burleigh County                               ND est18all.txt 19NOV2019
38  17    18270    16109    20431 10.4  9.2 11.6     3658     2872     4444  9.1  7.1 11.1     2078     1468     2688  7.5  5.3  9.7  63885  58898  68872                                        Cass County                                   ND est18all.txt 19NOV2019
38  19      398      309      487 10.6  8.2 13.0      115       80      150 13.5  9.4 17.6       76       49      103 13.0  8.3 17.7  60314  54870  65758                                        Cavalier County                               ND est18all.txt 19NOV2019
38  21      520      393      647 11.1  8.4 13.8      130       88      172 10.9  7.4 14.4       84       52      116  9.5  5.9 13.1  53286  47850  58722                                        Dickey County                                 ND est18all.txt 19NOV2019
38  23      222      166      278 10.0  7.5 12.5       69       47       91 13.6  9.3 17.9       47       29       65 12.7  7.9 17.5  58715  52592  64838                                        Divide County                                 ND est18all.txt 19NOV2019
38  25      443      334      552 10.4  7.9 12.9      130       89      171 12.7  8.7 16.7       83       51      115 11.7  7.2 16.2  66383  59050  73716                                        Dunn County                                   ND est18all.txt 19NOV2019
38  27      237      180      294 10.6  8.1 13.1       77       53      101 14.2  9.7 18.7       48       30       66 12.5  7.8 17.2  51327  45792  56862                                        Eddy County                                   ND est18all.txt 19NOV2019
38  29      431      323      539 13.3  9.9 16.7      108       73      143 16.8 11.4 22.2       73       45      101 15.3  9.5 21.1  47976  43223  52729                                        Emmons County                                 ND est18all.txt 19NOV2019
38  31      274      208      340  8.7  6.6 10.8       70       48       92 10.4  7.1 13.7       47       29       65  9.9  6.2 13.6  58096  51897  64295                                        Foster County                                 ND est18all.txt 19NOV2019
38  33      192      144      240 11.2  8.4 14.0       56       38       74 16.3 11.1 21.5       38       23       53 16.1  9.9 22.3  58075  52445  63705                                        Golden Valley County                          ND est18all.txt 19NOV2019
38  35     8681     7422     9940 12.9 11.0 14.8     1567     1118     2016 10.6  7.6 13.6      930      609     1251  9.3  6.1 12.5  54311  51029  57593                                        Grand Forks County                            ND est18all.txt 19NOV2019
38  37      341      253      429 14.5 10.8 18.2      102       69      135 20.9 14.2 27.6       65       40       90 19.1 11.8 26.4  41295  37075  45515                                        Grant County                                  ND est18all.txt 19NOV2019
38  39      202      151      253  9.2  6.9 11.5       56       38       74 12.5  8.6 16.4       36       22       50 10.9  6.8 15.0  54250  49037  59463                                        Griggs County                                 ND est18all.txt 19NOV2019
38  41      291      221      361 12.4  9.4 15.4       93       64      122 15.4 10.5 20.3       62       39       85 14.5  9.1 19.9  51455  46208  56702                                        Hettinger County                              ND est18all.txt 19NOV2019
38  43      355      274      436 14.5 11.2 17.8       84       58      110 16.5 11.4 21.6       58       37       79 15.9 10.1 21.7  45401  40382  50420                                        Kidder County                                 ND est18all.txt 19NOV2019
38  45      456      348      564 11.4  8.7 14.1      117       81      153 13.5  9.4 17.6       79       51      107 12.2  7.9 16.5  54514  49378  59650                                        LaMoure County                                ND est18all.txt 19NOV2019
38  47      239      181      297 12.9  9.7 16.1       78       53      103 17.9 12.2 23.6       53       33       73 17.0 10.5 23.5  50141  45074  55208                                        Logan County                                  ND est18all.txt 19NOV2019
38  49      685      529      841 11.9  9.2 14.6      171      117      225 12.4  8.5 16.3      108       67      149 10.6  6.6 14.6  54795  48960  60630                                        McHenry County                                ND est18all.txt 19NOV2019
38  51      339      260      418 13.6 10.4 16.8       81       56      106 16.8 11.6 22.0       56       36       76 15.6 10.1 21.1  47288  42628  51948                                        McIntosh County                               ND est18all.txt 19NOV2019
38  53     1240      984     1496  9.2  7.3 11.1      438      308      568 10.4  7.3 13.5      271      175      367  9.4  6.1 12.7  76224  68352  84096                                        McKenzie County                               ND est18all.txt 19NOV2019
38  55      867      664     1070  9.2  7.0 11.4      225      156      294 11.0  7.6 14.4      143       90      196  9.8  6.2 13.4  64524  59208  69840                                        McLean County                                 ND est18all.txt 19NOV2019
38  57      585      454      716  7.2  5.6  8.8      129       88      170  6.8  4.6  9.0       81       50      112  5.9  3.6  8.2  82303  73642  90964                                        Mercer County                                 ND est18all.txt 19NOV2019
38  59     2468     1909     3027  8.1  6.3  9.9      684      468      900  9.7  6.6 12.8      447      282      612  9.2  5.8 12.6  68043  61410  74676                                        Morton County                                 ND est18all.txt 19NOV2019
38  61     1055      816     1294 10.4  8.0 12.8      362      248      476 13.4  9.2 17.6      229      141      317 12.4  7.6 17.2  67162  61774  72550                                        Mountrail County                              ND est18all.txt 19NOV2019
38  63      301      232      370 10.8  8.3 13.3       62       42       82 11.2  7.7 14.7       39       24       54  9.6  6.0 13.2  50093  44721  55465                                        Nelson County                                 ND est18all.txt 19NOV2019
38  65      198      152      244 10.2  7.8 12.6       62       44       80 12.9  9.1 16.7       43       29       57 12.0  8.0 16.0  68243  60694  75792                                        Oliver County                                 ND est18all.txt 19NOV2019
38  67      697      556      838 10.3  8.2 12.4      159      109      209 11.2  7.7 14.7      104       65      143 10.0  6.3 13.7  58766  53316  64216                                        Pembina County                                ND est18all.txt 19NOV2019
38  69      447      334      560 11.6  8.7 14.5      135       91      179 14.8 10.0 19.6       84       51      117 12.2  7.5 16.9  47360  42194  52526                                        Pierce County                                 ND est18all.txt 19NOV2019
38  71     1361     1063     1659 12.3  9.6 15.0      424      294      554 16.0 11.1 20.9      269      171      367 14.5  9.2 19.8  54814  49517  60111                                        Ramsey County                                 ND est18all.txt 19NOV2019
38  73      440      337      543  8.7  6.7 10.7      104       71      137  9.0  6.1 11.9       66       41       91  7.9  4.9 10.9  61634  57404  65864                                        Ransom County                                 ND est18all.txt 19NOV2019
38  75      191      144      238  8.2  6.2 10.2       42       29       55  7.8  5.3 10.3       27       17       37  6.9  4.3  9.5  60205  53889  66521                                        Renville County                               ND est18all.txt 19NOV2019
38  77     1781     1454     2108 11.6  9.5 13.7      392      273      511 11.1  7.7 14.5      245      155      335  9.7  6.1 13.3  61174  54887  67461                                        Richland County                               ND est18all.txt 19NOV2019
38  79     3504     2755     4253 24.7 19.4 30.0     1338      965     1711 27.7 20.0 35.4      811      541     1081 22.9 15.3 30.5  42021  37707  46335                                        Rolette County                                ND est18all.txt 19NOV2019
38  81      296      221      371  7.8  5.8  9.8       86       59      113 10.9  7.5 14.3       58       36       80 10.1  6.4 13.8  64756  58515  70997                                        Sargent County                                ND est18all.txt 19NOV2019
38  83      223      168      278 16.6 12.5 20.7       60       41       79 23.4 16.0 30.8       39       24       54 21.7 13.5 29.9  39439  35164  43714                                        Sheridan County                               ND est18all.txt 19NOV2019
38  85     1408     1102     1714 32.9 25.8 40.0      575      408      742 37.6 26.7 48.5      352      229      475 32.3 21.0 43.6  37002  33352  40652                                        Sioux County                                  ND est18all.txt 19NOV2019
38  87       97       73      121 12.7  9.5 15.9       27       18       36 17.3 11.8 22.8       18       11       25 15.9  9.9 21.9  49843  44579  55107                                        Slope County                                  ND est18all.txt 19NOV2019
38  89     2486     1982     2990  8.2  6.5  9.9      613      414      812  7.4  5.0  9.8      389      241      537  6.9  4.3  9.5  71888  66443  77333                                        Stark County                                  ND est18all.txt 19NOV2019
38  91      148      114      182  7.8  6.0  9.6       45       31       59 11.0  7.5 14.5       30       19       41 10.8  6.8 14.8  66929  60063  73795                                        Steele County                                 ND est18all.txt 19NOV2019
38  93     2203     1777     2629 11.4  9.2 13.6      471      343      599 11.5  8.4 14.6      293      197      389  9.8  6.6 13.0  57002  51870  62134                                        Stutsman County                               ND est18all.txt 19NOV2019
38  95      200      152      248  9.3  7.1 11.5       51       35       67 11.0  7.5 14.5       33       20       46  9.6  6.0 13.2  51848  46536  57160                                        Towner County                                 ND est18all.txt 19NOV2019
38  97      630      481      779  8.2  6.3 10.1      152      104      200  8.3  5.7 10.9       96       60      132  7.2  4.5  9.9  59931  55069  64793                                        Traill County                                 ND est18all.txt 19NOV2019
38  99     1147      885     1409 10.9  8.4 13.4      315      215      415 13.1  8.9 17.3      202      126      278 11.9  7.4 16.4  59705  55484  63926                                        Walsh County                                  ND est18all.txt 19NOV2019
38 101     7057     5990     8124 10.8  9.2 12.4     1497     1050     1944  9.5  6.7 12.3      886      563     1209  8.4  5.3 11.5  63938  59978  67898                                        Ward County                                   ND est18all.txt 19NOV2019
38 103      442      331      553 11.4  8.5 14.3      120       82      158 14.5  9.9 19.1       78       49      107 13.0  8.2 17.8  58261  52731  63791                                        Wells County                                  ND est18all.txt 19NOV2019
38 105     2265     1733     2797  6.5  5.0  8.0      758      519      997  7.6  5.2 10.0      471      292      650  7.1  4.4  9.8  79354  71891  86817                                        Williams County                               ND est18all.txt 19NOV2019
39   0  1568586  1542309  1594863 13.8 13.6 14.0   489053   474343   503763 19.2 18.6 19.8   329764   317103   342425 17.8 17.1 18.5  56155  55735  56575  149036  141573  156499 22.1 21.0 23.2 Ohio                                          OH est18all.txt 19NOV2019
39   1     5382     4408     6356 19.7 16.1 23.3     1865     1444     2286 29.1 22.5 35.7     1199      855     1543 25.0 17.8 32.2  42154  37649  46659                                        Adams County                                  OH est18all.txt 19NOV2019
39   3    13901    11642    16160 14.4 12.1 16.7     4315     3262     5368 18.7 14.1 23.3     2893     2109     3677 17.2 12.5 21.9  50301  46615  53987                                        Allen County                                  OH est18all.txt 19NOV2019
39   5     5308     4149     6467 10.4  8.1 12.7     1481      996     1966 12.6  8.5 16.7     1202      806     1598 13.8  9.3 18.3  54362  50548  58176                                        Ashland County                                OH est18all.txt 19NOV2019
39   7    16353    14114    18592 17.4 15.0 19.8     5031     3958     6104 24.0 18.9 29.1     3500     2626     4374 22.6 17.0 28.2  46950  43263  50637                                        Ashtabula County                              OH est18all.txt 19NOV2019
39   9    17237    15319    19155 30.7 27.3 34.1     2491     2025     2957 26.8 21.8 31.8     1652     1290     2014 24.3 19.0 29.6  40416  36653  44179                                        Athens County                                 OH est18all.txt 19NOV2019
39  11     3132     2425     3839  6.9  5.3  8.5      889      635     1143  8.2  5.9 10.5      556      373      739  7.0  4.7  9.3  63754  57513  69995                                        Auglaize County                               OH est18all.txt 19NOV2019
39  13     8272     6617     9927 13.0 10.4 15.6     2184     1596     2772 17.7 12.9 22.5     1472     1032     1912 16.1 11.3 20.9  48989  45188  52790                                        Belmont County                                OH est18all.txt 19NOV2019
39  15     5064     3954     6174 11.8  9.2 14.4     1788     1294     2282 18.4 13.3 23.5     1263      886     1640 17.4 12.2 22.6  55334  50455  60213                                        Brown County                                  OH est18all.txt 19NOV2019
39  17    45821    41816    49826 12.4 11.3 13.5    13610    11616    15604 15.4 13.1 17.7     9232     7847    10617 14.1 12.0 16.2  61053  58818  63288                                        Butler County                                 OH est18all.txt 19NOV2019
39  19     3431     2780     4082 12.9 10.5 15.3      956      703     1209 17.3 12.7 21.9      652      455      849 15.6 10.9 20.3  50002  45677  54327                                        Carroll County                                OH est18all.txt 19NOV2019
39  21     3809     3048     4570 10.0  8.0 12.0     1239      916     1562 14.8 10.9 18.7      846      604     1088 13.4  9.6 17.2  57701  54680  60722                                        Champaign County                              OH est18all.txt 19NOV2019
39  23    19467    16962    21972 14.9 13.0 16.8     6352     5067     7637 21.7 17.3 26.1     4240     3228     5252 19.7 15.0 24.4  50089  48009  52169                                        Clark County                                  OH est18all.txt 19NOV2019
39  25    16745    13992    19498  8.2  6.8  9.6     4723     3487     5959 10.2  7.5 12.9     3223     2279     4167  9.3  6.6 12.0  65280  62363  68197                                        Clermont County                               OH est18all.txt 19NOV2019
39  27     4802     3923     5681 11.8  9.6 14.0     1571     1163     1979 16.6 12.3 20.9     1077      768     1386 15.4 11.0 19.8  53947  49173  58721                                        Clinton County                                OH est18all.txt 19NOV2019
39  29    14938    12750    17126 15.1 12.9 17.3     4539     3644     5434 22.3 17.9 26.7     3174     2475     3873 21.0 16.4 25.6  44938  41931  47945                                        Columbiana County                             OH est18all.txt 19NOV2019
39  31     5559     4713     6405 15.4 13.1 17.7     2048     1677     2419 24.2 19.8 28.6     1394     1105     1683 22.8 18.1 27.5  46420  42121  50719                                        Coshocton County                              OH est18all.txt 19NOV2019
39  33     5688     4646     6730 14.0 11.4 16.6     1772     1316     2228 20.4 15.2 25.6     1163      817     1509 18.3 12.9 23.7  44715  40584  48846                                        Crawford County                               OH est18all.txt 19NOV2019
39  35   217166   206946   227386 17.9 17.1 18.7    67452    62397    72507 26.6 24.6 28.6    47119    43313    50925 25.7 23.6 27.8  50006  49057  50955                                        Cuyahoga County                               OH est18all.txt 19NOV2019
39  37     4800     3925     5675  9.5  7.8 11.2     1493     1105     1881 12.6  9.3 15.9     1051      755     1347 12.0  8.6 15.4  53853  49181  58525                                        Darke County                                  OH est18all.txt 19NOV2019
39  39     3372     2699     4045  9.1  7.3 10.9     1192      917     1467 14.0 10.8 17.2      779      567      991 12.2  8.9 15.5  56740  53347  60133                                        Defiance County                               OH est18all.txt 19NOV2019
39  41     8271     6856     9686  4.1  3.4  4.8     2025     1526     2524  3.8  2.9  4.7     1315      944     1686  3.2  2.3  4.1 103536  97250 109822                                        Delaware County                               OH est18all.txt 19NOV2019
39  43     7769     6191     9347 10.6  8.4 12.8     2494     1788     3200 16.9 12.1 21.7     1760     1209     2311 16.3 11.2 21.4  53135  49149  57121                                        Erie County                                   OH est18all.txt 19NOV2019
39  45    14172    11965    16379  9.3  7.9 10.7     4238     3310     5166 11.6  9.1 14.1     2857     2170     3544 10.4  7.9 12.9  67654  63881  71427                                        Fairfield County                              OH est18all.txt 19NOV2019
39  47     4227     3539     4915 15.1 12.6 17.6     1492     1167     1817 23.0 18.0 28.0      973      729     1217 20.2 15.1 25.3  47733  43432  52034                                        Fayette County                                OH est18all.txt 19NOV2019
39  49   198207   186157   210257 15.5 14.6 16.4    66321    60534    72108 22.2 20.3 24.1    46012    41477    50547 22.2 20.0 24.4  60383  59325  61441                                        Franklin County                               OH est18all.txt 19NOV2019
39  51     3303     2682     3924  7.9  6.4  9.4     1018      759     1277 10.4  7.7 13.1      659      458      860  9.1  6.3 11.9  62800  59009  66591                                        Fulton County                                 OH est18all.txt 19NOV2019
39  53     6407     5346     7468 22.1 18.4 25.8     2052     1633     2471 30.9 24.6 37.2     1464     1153     1775 30.4 23.9 36.9  43785  39394  48176                                        Gallia County                                 OH est18all.txt 19NOV2019
39  55     5341     4262     6420  5.7  4.5  6.9     1439     1051     1827  6.8  5.0  8.6      989      687     1291  6.0  4.2  7.8  84093  78057  90129                                        Geauga County                                 OH est18all.txt 19NOV2019
39  57    18567    16353    20781 11.6 10.2 13.0     4519     3677     5361 13.3 10.8 15.8     2744     2092     3396 11.1  8.5 13.7  68380  64174  72586                                        Greene County                                 OH est18all.txt 19NOV2019
39  59     7232     6191     8273 18.8 16.1 21.5     2268     1847     2689 26.8 21.8 31.8     1391     1045     1737 22.5 16.9 28.1  44623  40273  48973                                        Guernsey County                               OH est18all.txt 19NOV2019
39  61   122843   114267   131419 15.4 14.3 16.5    40374    36037    44711 21.9 19.5 24.3    26086    22634    29538 19.8 17.2 22.4  57300  55696  58904                                        Hamilton County                               OH est18all.txt 19NOV2019
39  63     7370     6084     8656  9.9  8.2 11.6     2191     1707     2675 13.3 10.4 16.2     1435     1054     1816 12.0  8.8 15.2  61579  57412  65746                                        Hancock County                                OH est18all.txt 19NOV2019
39  65     4327     3467     5187 14.7 11.8 17.6     1259      936     1582 17.7 13.2 22.2      829      597     1061 16.0 11.5 20.5  49580  45996  53164                                        Hardin County                                 OH est18all.txt 19NOV2019
39  67     2285     1849     2721 15.3 12.4 18.2      680      518      842 21.8 16.6 27.0      465      347      583 20.1 15.0 25.2  50301  46118  54484                                        Harrison County                               OH est18all.txt 19NOV2019
39  69     2865     2443     3287 10.8  9.2 12.4     1066      920     1212 17.4 15.0 19.8      721      609      833 15.7 13.3 18.1  57705  53012  62398                                        Henry County                                  OH est18all.txt 19NOV2019
39  71     6550     5346     7754 15.4 12.6 18.2     2195     1609     2781 21.9 16.1 27.7     1483     1030     1936 20.2 14.0 26.4  49161  44530  53792                                        Highland County                               OH est18all.txt 19NOV2019
39  73     3944     3068     4820 14.1 11.0 17.2     1293      950     1636 21.2 15.6 26.8      863      604     1122 19.1 13.4 24.8  50568  45694  55442                                        Hocking County                                OH est18all.txt 19NOV2019
39  75     4054     3172     4936  9.4  7.4 11.4     1703     1255     2151 12.6  9.3 15.9     1181      826     1536 11.8  8.2 15.4  60828  56741  64915                                        Holmes County                                 OH est18all.txt 19NOV2019
39  77     6376     5230     7522 11.1  9.1 13.1     2006     1502     2510 14.6 10.9 18.3     1321      930     1712 13.2  9.3 17.1  55202  51548  58856                                        Huron County                                  OH est18all.txt 19NOV2019
39  79     5350     4244     6456 16.8 13.3 20.3     1822     1349     2295 24.5 18.2 30.8     1249      880     1618 23.2 16.4 30.0  44726  40841  48611                                        Jackson County                                OH est18all.txt 19NOV2019
39  81    12052    10310    13794 19.0 16.2 21.8     3295     2618     3972 26.8 21.3 32.3     2199     1685     2713 24.3 18.6 30.0  42821  39138  46504                                        Jefferson County                              OH est18all.txt 19NOV2019
39  83     8039     6770     9308 13.8 11.6 16.0     2808     2302     3314 20.4 16.7 24.1     1905     1516     2294 19.0 15.1 22.9  56885  52002  61768                                        Knox County                                   OH est18all.txt 19NOV2019
39  85    16970    14245    19695  7.5  6.3  8.7     4811     3603     6019 10.6  7.9 13.3     3306     2382     4230  9.6  6.9 12.3  65883  63731  68035                                        Lake County                                   OH est18all.txt 19NOV2019
39  87    11093     9141    13045 18.8 15.5 22.1     3212     2430     3994 25.3 19.1 31.5     2195     1579     2811 23.3 16.8 29.8  43031  39581  46481                                        Lawrence County                               OH est18all.txt 19NOV2019
39  89    15591    13036    18146  9.1  7.6 10.6     4988     3857     6119 12.5  9.7 15.3     3215     2333     4097 11.0  8.0 14.0  66145  61562  70728                                        Licking County                                OH est18all.txt 19NOV2019
39  91     5095     4094     6096 11.4  9.2 13.6     1636     1232     2040 16.2 12.2 20.2     1086      794     1378 14.5 10.6 18.4  61699  57474  65924                                        Logan County                                  OH est18all.txt 19NOV2019
39  93    42562    39055    46069 14.2 13.0 15.4    14475    12725    16225 21.6 19.0 24.2     9451     8045    10857 19.0 16.2 21.8  59265  56119  62411                                        Lorain County                                 OH est18all.txt 19NOV2019
39  95    78398    72899    83897 18.7 17.4 20.0    24153    20819    27487 25.0 21.6 28.4    16302    13694    18910 23.4 19.7 27.1  47865  45854  49876                                        Lucas County                                  OH est18all.txt 19NOV2019
39  97     4215     3352     5078 10.7  8.5 12.9     1246      947     1545 14.1 10.7 17.5      845      623     1067 12.8  9.4 16.2  61645  56444  66846                                        Madison County                                OH est18all.txt 19NOV2019
39  99    36520    32265    40775 16.5 14.6 18.4    10996     9046    12946 24.3 20.0 28.6     7155     5652     8658 21.6 17.1 26.1  48010  45410  50610                                        Mahoning County                               OH est18all.txt 19NOV2019
39 101     9772     8207    11337 16.5 13.8 19.2     3274     2574     3974 24.7 19.4 30.0     2271     1734     2808 23.8 18.2 29.4  45419  42125  48713                                        Marion County                                 OH est18all.txt 19NOV2019
39 103    11474     9429    13519  6.5  5.3  7.7     2938     2250     3626  7.5  5.8  9.2     1996     1490     2502  6.7  5.0  8.4  76475  73221  79729                                        Medina County                                 OH est18all.txt 19NOV2019
39 105     4064     3226     4902 17.8 14.1 21.5     1247      906     1588 25.9 18.8 33.0      858      603     1113 23.8 16.7 30.9  44286  41008  47564                                        Meigs County                                  OH est18all.txt 19NOV2019
39 107     3066     2402     3730  7.6  6.0  9.2     1047      793     1301 10.1  7.6 12.6      740      555      925 10.1  7.6 12.6  62782  57912  67652                                        Mercer County                                 OH est18all.txt 19NOV2019
39 109     8329     6710     9948  7.9  6.4  9.4     2764     2054     3474 11.6  8.6 14.6     1875     1320     2430 10.7  7.5 13.9  59922  55859  63985                                        Miami County                                  OH est18all.txt 19NOV2019
39 111     1917     1515     2319 14.1 11.1 17.1      521      379      663 19.1 13.9 24.3      361      251      471 17.7 12.3 23.1  46314  41319  51309                                        Monroe County                                 OH est18all.txt 19NOV2019
39 113    87187    81316    93058 16.9 15.8 18.0    28924    26078    31770 25.1 22.6 27.6    18085    15701    20469 21.7 18.8 24.6  51071  49339  52803                                        Montgomery County                             OH est18all.txt 19NOV2019
39 115     2443     1935     2951 17.0 13.5 20.5      753      558      948 25.2 18.7 31.7      511      367      655 22.7 16.3 29.1  40557  37545  43569                                        Morgan County                                 OH est18all.txt 19NOV2019
39 117     4106     3363     4849 11.9  9.8 14.0     1345     1010     1680 17.2 12.9 21.5      887      623     1151 14.9 10.5 19.3  60452  55014  65890                                        Morrow County                                 OH est18all.txt 19NOV2019
39 119    13996    12021    15971 16.6 14.3 18.9     4545     3587     5503 24.0 18.9 29.1     3030     2340     3720 21.9 16.9 26.9  49586  45891  53281                                        Muskingum County                              OH est18all.txt 19NOV2019
39 121     2109     1735     2483 18.1 14.9 21.3      490      379      601 19.0 14.7 23.3      345      263      427 18.2 13.9 22.5  48792  43769  53815                                        Noble County                                  OH est18all.txt 19NOV2019
39 123     3807     3153     4461  9.5  7.9 11.1      931      690     1172 12.5  9.3 15.7      641      455      827 11.3  8.0 14.6  58345  53401  63289                                        Ottawa County                                 OH est18all.txt 19NOV2019
39 125     1922     1529     2315 10.3  8.2 12.4      629      464      794 14.7 10.9 18.5      422      300      544 13.1  9.3 16.9  53876  48653  59099                                        Paulding County                               OH est18all.txt 19NOV2019
39 127     5846     4881     6811 16.4 13.7 19.1     1874     1457     2291 22.9 17.8 28.0     1288      970     1606 21.3 16.0 26.6  51534  46622  56446                                        Perry County                                  OH est18all.txt 19NOV2019
39 129     6413     5207     7619 12.1  9.8 14.4     1886     1433     2339 15.6 11.8 19.4     1261      925     1597 14.0 10.3 17.7  58742  54760  62724                                        Pickaway County                               OH est18all.txt 19NOV2019
39 131     5648     4509     6787 20.5 16.4 24.6     1991     1522     2460 30.9 23.6 38.2     1351     1003     1699 28.5 21.2 35.8  45163  40865  49461                                        Pike County                                   OH est18all.txt 19NOV2019
39 133    17564    14935    20193 11.3  9.6 13.0     4285     3411     5159 14.3 11.4 17.2     2827     2168     3486 12.6  9.7 15.5  63689  60307  67071                                        Portage County                                OH est18all.txt 19NOV2019
39 135     3936     3156     4716  9.7  7.8 11.6     1285      950     1620 14.4 10.6 18.2      886      630     1142 13.1  9.3 16.9  53904  49487  58321                                        Preble County                                 OH est18all.txt 19NOV2019
39 137     1835     1354     2316  5.5  4.1  6.9      550      389      711  6.5  4.6  8.4      379      258      500  6.1  4.2  8.0  64304  60299  68309                                        Putnam County                                 OH est18all.txt 19NOV2019
39 139    16416    13599    19233 14.4 11.9 16.9     5287     4018     6556 20.7 15.7 25.7     3421     2457     4385 18.2 13.1 23.3  49668  46407  52929                                        Richland County                               OH est18all.txt 19NOV2019
39 141    13099    11203    14995 18.4 15.7 21.1     4029     3291     4767 25.5 20.8 30.2     2630     2030     3230 22.8 17.6 28.0  49385  44997  53773                                        Ross County                                   OH est18all.txt 19NOV2019
39 143     5769     4735     6803 10.0  8.2 11.8     1707     1245     2169 13.4  9.8 17.0     1165      803     1527 12.3  8.5 16.1  53978  49921  58035                                        Sandusky County                               OH est18all.txt 19NOV2019
39 145    16288    13978    18598 22.6 19.4 25.8     4604     3649     5559 28.8 22.8 34.8     3243     2515     3971 27.8 21.6 34.0  41267  37128  45406                                        Scioto County                                 OH est18all.txt 19NOV2019
39 147     6372     5041     7703 12.1  9.6 14.6     1902     1430     2374 16.2 12.2 20.2     1184      839     1529 13.5  9.6 17.4  52165  48541  55789                                        Seneca County                                 OH est18all.txt 19NOV2019
39 149     4293     3466     5120  9.0  7.3 10.7     1390     1047     1733 11.8  8.9 14.7      934      676     1192 10.8  7.8 13.8  63398  58326  68470                                        Shelby County                                 OH est18all.txt 19NOV2019
39 151    52330    48286    56374 14.4 13.3 15.5    18104    16219    19989 23.2 20.8 25.6    12463    10950    13976 21.8 19.2 24.4  52310  50405  54215                                        Stark County                                  OH est18all.txt 19NOV2019
39 153    63889    57384    70394 12.0 10.8 13.2    19469    16037    22901 17.5 14.4 20.6    13511    10981    16041 16.6 13.5 19.7  58890  56391  61389                                        Summit County                                 OH est18all.txt 19NOV2019
39 155    34413    31264    37562 17.6 16.0 19.2    10261     8790    11732 25.7 22.0 29.4     6586     5384     7788 22.2 18.1 26.3  47424  44133  50715                                        Trumbull County                               OH est18all.txt 19NOV2019
39 157    11107     9267    12947 12.3 10.3 14.3     3544     2813     4275 17.3 13.7 20.9     2131     1544     2718 14.3 10.4 18.2  51030  47404  54656                                        Tuscarawas County                             OH est18all.txt 19NOV2019
39 159     2724     2086     3362  5.0  3.8  6.2      711      511      911  5.1  3.7  6.5      471      325      617  4.5  3.1  5.9  84861  79652  90070                                        Union County                                  OH est18all.txt 19NOV2019
39 161     2344     1871     2817  8.4  6.7 10.1      731      532      930 11.5  8.4 14.6      512      360      664 11.1  7.8 14.4  54331  49999  58663                                        Van Wert County                               OH est18all.txt 19NOV2019
39 163     2474     1941     3007 19.0 14.9 23.1      807      601     1013 28.8 21.5 36.1      571      414      728 27.6 20.0 35.2  43457  38743  48171                                        Vinton County                                 OH est18all.txt 19NOV2019
39 165    11709     9664    13754  5.2  4.3  6.1     3346     2631     4061  5.9  4.6  7.2     2496     1966     3026  5.8  4.6  7.0  87391  83375  91407                                        Warren County                                 OH est18all.txt 19NOV2019
39 167     9251     7990    10512 15.9 13.7 18.1     2517     2044     2990 21.7 17.6 25.8     1731     1360     2102 20.0 15.7 24.3  50904  46732  55076                                        Washington County                             OH est18all.txt 19NOV2019
39 169    10496     8469    12523  9.4  7.6 11.2     3803     2859     4747 13.8 10.4 17.2     2697     1980     3414 13.5  9.9 17.1  59142  56570  61714                                        Wayne County                                  OH est18all.txt 19NOV2019
39 171     3482     2770     4194  9.7  7.7 11.7     1156      874     1438 14.2 10.7 17.7      794      586     1002 13.2  9.7 16.7  54581  50541  58621                                        Williams County                               OH est18all.txt 19NOV2019
39 173    14733    13143    16323 11.9 10.6 13.2     2845     2339     3351 10.9  9.0 12.8     1732     1342     2122  9.1  7.1 11.1  64282  59977  68587                                        Wood County                                   OH est18all.txt 19NOV2019
39 175     1723     1355     2091  8.0  6.3  9.7      494      359      629 10.2  7.4 13.0      335      234      436  9.3  6.5 12.1  55995  50857  61133                                        Wyandot County                                OH est18all.txt 19NOV2019
40   0   593936   581499   606373 15.5 15.2 15.8   200399   193606   207192 21.4 20.7 22.1   135073   129168   140978 19.9 19.0 20.8  51914  51468  52360   61006   57723   64289 24.3 23.0 25.6 Oklahoma                                      OK est18all.txt 19NOV2019
40   1     5372     4527     6217 24.6 20.7 28.5     2005     1583     2427 34.9 27.5 42.3     1473     1187     1759 35.8 28.8 42.8  35156  31551  38761                                        Adair County                                  OK est18all.txt 19NOV2019
40   3      714      532      896 15.2 11.3 19.1      206      146      266 18.5 13.2 23.8      142       96      188 17.4 11.8 23.0  52952  48052  57852                                        Alfalfa County                                OK est18all.txt 19NOV2019
40   5     2707     2225     3189 20.8 17.1 24.5      848      632     1064 27.8 20.7 34.9      603      439      767 26.9 19.6 34.2  39702  36772  42632                                        Atoka County                                  OK est18all.txt 19NOV2019
40   7      588      448      728 11.2  8.5 13.9      227      162      292 17.0 12.2 21.8      160      109      211 15.5 10.6 20.4  52550  47805  57295                                        Beaver County                                 OK est18all.txt 19NOV2019
40   9     3202     2436     3968 16.3 12.4 20.2     1106      788     1424 21.3 15.2 27.4      707      470      944 18.9 12.6 25.2  47825  42890  52760                                        Beckham County                                OK est18all.txt 19NOV2019
40  11     1493     1142     1844 16.0 12.2 19.8      565      406      724 23.4 16.8 30.0      390      269      511 22.4 15.5 29.3  49513  44442  54584                                        Blaine County                                 OK est18all.txt 19NOV2019
40  13     7604     6318     8890 16.6 13.8 19.4     2366     1819     2913 22.0 16.9 27.1     1524     1083     1965 19.7 14.0 25.4  43445  39762  47128                                        Bryan County                                  OK est18all.txt 19NOV2019
40  15     5239     4133     6345 19.5 15.4 23.6     1847     1346     2348 25.9 18.9 32.9     1302      917     1687 25.1 17.7 32.5  48533  45680  51386                                        Caddo County                                  OK est18all.txt 19NOV2019
40  17    10336     8378    12294  7.3  5.9  8.7     3272     2387     4157  8.8  6.4 11.2     2284     1617     2951  8.4  6.0 10.8  70942  67466  74418                                        Canadian County                               OK est18all.txt 19NOV2019
40  19     8335     7131     9539 17.7 15.1 20.3     2837     2286     3388 24.0 19.3 28.7     1857     1449     2265 21.6 16.9 26.3  48660  45960  51360                                        Carter County                                 OK est18all.txt 19NOV2019
40  21     9862     8202    11522 21.0 17.5 24.5     2784     2111     3457 26.6 20.2 33.0     1834     1328     2340 24.0 17.4 30.6  42913  39278  46548                                        Cherokee County                               OK est18all.txt 19NOV2019
40  23     3312     2686     3938 23.0 18.7 27.3     1107      807     1407 31.9 23.2 40.6      749      519      979 29.8 20.7 38.9  35308  32309  38307                                        Choctaw County                                OK est18all.txt 19NOV2019
40  25      352      267      437 16.4 12.4 20.4      142      101      183 26.7 19.0 34.4      101       69      133 25.9 17.6 34.2  46777  42160  51394                                        Cimarron County                               OK est18all.txt 19NOV2019
40  27    32077    28489    35665 11.9 10.6 13.2     7423     5830     9016 12.5  9.8 15.2     4985     3697     6273 11.2  8.3 14.1  62343  59881  64805                                        Cleveland County                              OK est18all.txt 19NOV2019
40  29     1229      995     1463 22.6 18.3 26.9      373      280      466 28.5 21.4 35.6      262      191      333 28.2 20.6 35.8  39396  35811  42981                                        Coal County                                   OK est18all.txt 19NOV2019
40  31    18303    15530    21076 16.7 14.2 19.2     6515     5320     7710 23.6 19.3 27.9     4643     3722     5564 23.9 19.2 28.6  51382  48906  53858                                        Comanche County                               OK est18all.txt 19NOV2019
40  33      926      704     1148 16.2 12.3 20.1      281      198      364 22.2 15.6 28.8      198      132      264 20.7 13.8 27.6  43386  38685  48087                                        Cotton County                                 OK est18all.txt 19NOV2019
40  35     2631     2162     3100 19.5 16.0 23.0      866      663     1069 28.1 21.5 34.7      556      403      709 24.3 17.6 31.0  43074  40249  45899                                        Craig County                                  OK est18all.txt 19NOV2019
40  37     9874     8324    11424 14.0 11.8 16.2     3345     2638     4052 19.9 15.7 24.1     2181     1629     2733 17.6 13.1 22.1  54478  51883  57073                                        Creek County                                  OK est18all.txt 19NOV2019
40  39     5001     4146     5856 18.2 15.1 21.3     1327     1003     1651 18.7 14.2 23.2      847      600     1094 16.7 11.8 21.6  49577  45867  53287                                        Custer County                                 OK est18all.txt 19NOV2019
40  41     8756     7619     9893 20.7 18.0 23.4     2798     2299     3297 33.6 27.6 39.6     1883     1482     2284 30.3 23.9 36.7  40287  37107  43467                                        Delaware County                               OK est18all.txt 19NOV2019
40  43      580      448      712 12.1  9.3 14.9      210      150      270 16.1 11.5 20.7      142       97      187 14.5  9.9 19.1  50728  45360  56096                                        Dewey County                                  OK est18all.txt 19NOV2019
40  45      494      383      605 12.7  9.9 15.5      165      121      209 18.3 13.4 23.2      111       78      144 16.4 11.5 21.3  51867  46820  56914                                        Ellis County                                  OK est18all.txt 19NOV2019
40  47     9001     7365    10637 15.2 12.4 18.0     3350     2552     4148 21.9 16.7 27.1     2271     1651     2891 20.8 15.1 26.5  52387  47919  56855                                        Garfield County                               OK est18all.txt 19NOV2019
40  49     4139     3303     4975 15.1 12.0 18.2     1349      995     1703 19.9 14.7 25.1      887      605     1169 17.9 12.2 23.6  47858  44782  50934                                        Garvin County                                 OK est18all.txt 19NOV2019
40  51     5507     4334     6680 10.1  7.9 12.3     1779     1212     2346 13.6  9.3 17.9     1272      834     1710 12.7  8.3 17.1  56489  52103  60875                                        Grady County                                  OK est18all.txt 19NOV2019
40  53      538      408      668 12.7  9.6 15.8      169      120      218 16.8 12.0 21.6      115       78      152 15.3 10.4 20.2  49073  44052  54094                                        Grant County                                  OK est18all.txt 19NOV2019
40  55     1218      941     1495 26.0 20.1 31.9      354      267      441 30.8 23.2 38.4      239      172      306 27.7 20.0 35.4  37445  33692  41198                                        Greer County                                  OK est18all.txt 19NOV2019
40  57      612      464      760 23.9 18.1 29.7      210      149      271 31.5 22.3 40.7      148      100      196 29.8 20.2 39.4  38537  34740  42334                                        Harmon County                                 OK est18all.txt 19NOV2019
40  59      413      313      513 11.0  8.3 13.7      157      112      202 15.7 11.2 20.2      109       74      144 14.6  9.9 19.3  55112  49469  60755                                        Harper County                                 OK est18all.txt 19NOV2019
40  61     2929     2453     3405 23.3 19.5 27.1      958      762     1154 32.7 26.0 39.4      621      463      779 28.5 21.3 35.7  37776  34081  41471                                        Haskell County                                OK est18all.txt 19NOV2019
40  63     2902     2371     3433 24.6 20.1 29.1      886      665     1107 31.2 23.4 39.0      613      445      781 30.0 21.8 38.2  37566  34423  40709                                        Hughes County                                 OK est18all.txt 19NOV2019
40  65     3704     2879     4529 15.3 11.9 18.7     1423     1055     1791 22.9 17.0 28.8      994      709     1279 23.0 16.4 29.6  47747  44592  50902                                        Jackson County                                OK est18all.txt 19NOV2019
40  67     1473     1225     1721 24.7 20.5 28.9      550      454      646 37.9 31.3 44.5      410      337      483 38.5 31.7 45.3  37338  34021  40655                                        Jefferson County                              OK est18all.txt 19NOV2019
40  69     2068     1598     2538 19.5 15.1 23.9      656      478      834 25.9 18.9 32.9      443      309      577 23.6 16.5 30.7  39756  35955  43557                                        Johnston County                               OK est18all.txt 19NOV2019
40  71     8751     7497    10005 20.4 17.5 23.3     3264     2700     3828 30.3 25.1 35.5     2236     1806     2666 28.6 23.1 34.1  45700  42799  48601                                        Kay County                                    OK est18all.txt 19NOV2019
40  73     1554     1208     1900  9.9  7.7 12.1      542      394      690 12.8  9.3 16.3      368      256      480 11.6  8.1 15.1  59266  53708  64824                                        Kingfisher County                             OK est18all.txt 19NOV2019
40  75     1448     1067     1829 16.9 12.4 21.4      575      402      748 28.5 19.9 37.1      392      259      525 26.4 17.5 35.3  37831  33865  41797                                        Kiowa County                                  OK est18all.txt 19NOV2019
40  77     1721     1367     2075 17.9 14.2 21.6      516      377      655 24.1 17.6 30.6      356      242      470 22.9 15.6 30.2  38284  34232  42336                                        Latimer County                                OK est18all.txt 19NOV2019
40  79    10903     9639    12167 22.6 20.0 25.2     3593     3003     4183 30.6 25.6 35.6     2375     1930     2820 27.6 22.4 32.8  38709  36504  40914                                        Le Flore County                               OK est18all.txt 19NOV2019
40  81     5069     4152     5986 14.7 12.0 17.4     1686     1278     2094 20.8 15.8 25.8     1155      832     1478 18.9 13.6 24.2  48039  44315  51763                                        Lincoln County                                OK est18all.txt 19NOV2019
40  83     4745     3717     5773 10.4  8.1 12.7     1455     1052     1858 13.7  9.9 17.5     1035      717     1353 13.2  9.1 17.3  69114  65505  72723                                        Logan County                                  OK est18all.txt 19NOV2019
40  85     1466     1205     1727 14.6 12.0 17.2      505      377      633 20.9 15.6 26.2      366      269      463 20.6 15.1 26.1  48725  44055  53395                                        Love County                                   OK est18all.txt 19NOV2019
40  87     3592     2736     4448  9.1  6.9 11.3     1286      928     1644 12.7  9.2 16.2      864      595     1133 11.1  7.6 14.6  65831  62169  69493                                        McClain County                                OK est18all.txt 19NOV2019
40  89     6796     5453     8139 21.1 16.9 25.3     2323     1721     2925 28.8 21.3 36.3     1460     1030     1890 25.0 17.6 32.4  37390  34729  40051                                        McCurtain County                              OK est18all.txt 19NOV2019
40  91     4649     3918     5380 23.9 20.1 27.7     1486     1194     1778 37.6 30.2 45.0     1021      794     1248 35.8 27.8 43.8  37468  33896  41040                                        McIntosh County                               OK est18all.txt 19NOV2019
40  93      816      618     1014 10.8  8.2 13.4      290      207      373 15.3 10.9 19.7      190      128      252 13.6  9.2 18.0  56102  50933  61271                                        Major County                                  OK est18all.txt 19NOV2019
40  95     2961     2405     3517 18.0 14.6 21.4      953      714     1192 25.6 19.2 32.0      680      503      857 25.0 18.5 31.5  42258  37970  46546                                        Marshall County                               OK est18all.txt 19NOV2019
40  97     6271     5173     7369 15.5 12.8 18.2     1885     1381     2389 20.3 14.9 25.7     1319      923     1715 19.1 13.4 24.8  50951  47296  54606                                        Mayes County                                  OK est18all.txt 19NOV2019
40  99     2029     1609     2449 14.9 11.8 18.0      652      487      817 20.7 15.5 25.9      441      317      565 18.4 13.2 23.6  50031  45839  54223                                        Murray County                                 OK est18all.txt 19NOV2019
40 101    10094     8149    12039 15.6 12.6 18.6     3464     2486     4442 21.4 15.4 27.4     2136     1352     2920 18.0 11.4 24.6  43911  40666  47156                                        Muskogee County                               OK est18all.txt 19NOV2019
40 103     1431     1120     1742 12.9 10.1 15.7      421      306      536 16.3 11.8 20.8      281      192      370 14.6 10.0 19.2  54210  49002  59418                                        Noble County                                  OK est18all.txt 19NOV2019
40 105     1650     1301     1999 16.5 13.0 20.0      582      429      735 25.4 18.7 32.1      404      288      520 23.8 17.0 30.6  45734  41308  50160                                        Nowata County                                 OK est18all.txt 19NOV2019
40 107     2890     2386     3394 26.1 21.5 30.7      834      635     1033 31.2 23.8 38.6      579      433      725 29.1 21.8 36.4  37545  33687  41403                                        Okfuskee County                               OK est18all.txt 19NOV2019
40 109   131185   122370   140000 16.9 15.8 18.0    50600    46311    54889 25.4 23.2 27.6    33937    30702    37172 24.1 21.8 26.4  52346  50906  53786                                        Oklahoma County                               OK est18all.txt 19NOV2019
40 111     7916     6864     8968 21.5 18.6 24.4     2574     2086     3062 29.1 23.6 34.6     1722     1329     2115 26.2 20.2 32.2  42354  39357  45351                                        Okmulgee County                               OK est18all.txt 19NOV2019
40 113     6864     5662     8066 15.1 12.5 17.7     2205     1700     2710 22.1 17.0 27.2     1587     1187     1987 20.6 15.4 25.8  48826  45631  52021                                        Osage County                                  OK est18all.txt 19NOV2019
40 115     6210     5473     6947 20.6 18.2 23.0     2304     1938     2670 30.8 25.9 35.7     1576     1290     1862 28.6 23.4 33.8  38194  35915  40473                                        Ottawa County                                 OK est18all.txt 19NOV2019
40 117     2368     1887     2849 14.7 11.7 17.7      741      533      949 19.5 14.0 25.0      522      359      685 18.3 12.6 24.0  46949  42603  51295                                        Pawnee County                                 OK est18all.txt 19NOV2019
40 119    16909    15313    18505 22.8 20.6 25.0     2787     2170     3404 18.0 14.0 22.0     1901     1425     2377 16.9 12.7 21.1  47748  44222  51274                                        Payne County                                  OK est18all.txt 19NOV2019
40 121     8160     7019     9301 19.7 16.9 22.5     2606     2078     3134 27.4 21.9 32.9     1843     1452     2234 26.4 20.8 32.0  42376  39788  44964                                        Pittsburg County                              OK est18all.txt 19NOV2019
40 123     5600     4599     6601 15.3 12.6 18.0     1836     1409     2263 20.2 15.5 24.9     1221      895     1547 18.7 13.7 23.7  48450  45237  51663                                        Pontotoc County                               OK est18all.txt 19NOV2019
40 125    12181    10488    13874 17.6 15.2 20.0     4190     3464     4916 25.1 20.7 29.5     2714     2136     3292 21.9 17.2 26.6  48499  46109  50889                                        Pottawatomie County                           OK est18all.txt 19NOV2019
40 127     2169     1685     2653 19.7 15.3 24.1      730      537      923 30.0 22.1 37.9      512      364      660 29.1 20.7 37.5  37026  33746  40306                                        Pushmataha County                             OK est18all.txt 19NOV2019
40 129      505      384      626 13.9 10.6 17.2      169      122      216 18.7 13.5 23.9      116       80      152 17.5 12.1 22.9  53871  47895  59847                                        Roger Mills County                            OK est18all.txt 19NOV2019
40 131     8855     7509    10201  9.8  8.3 11.3     2634     2059     3209 12.5  9.8 15.2     1712     1257     2167 10.8  7.9 13.7  61849  58266  65432                                        Rogers County                                 OK est18all.txt 19NOV2019
40 133     4458     3645     5271 18.6 15.2 22.0     1594     1137     2051 26.8 19.1 34.5     1131      787     1475 25.8 18.0 33.6  37901  35290  40512                                        Seminole County                               OK est18all.txt 19NOV2019
40 135     7636     6363     8909 18.8 15.7 21.9     2625     2044     3206 28.4 22.1 34.7     1845     1378     2312 27.5 20.5 34.5  38998  35386  42610                                        Sequoyah County                               OK est18all.txt 19NOV2019
40 137     6408     5333     7483 15.0 12.5 17.5     2232     1764     2700 22.7 17.9 27.5     1561     1212     1910 21.4 16.6 26.2  46512  42529  50495                                        Stephens County                               OK est18all.txt 19NOV2019
40 139     2530     1986     3074 12.7 10.0 15.4      949      696     1202 16.9 12.4 21.4      673      481      865 17.2 12.3 22.1  51812  48497  55127                                        Texas County                                  OK est18all.txt 19NOV2019
40 141     1491     1128     1854 21.1 15.9 26.3      510      367      653 31.3 22.5 40.1      360      249      471 29.9 20.7 39.1  41186  37204  45168                                        Tillman County                                OK est18all.txt 19NOV2019
40 143    89706    84174    95238 14.1 13.2 15.0    31442    28651    34233 19.6 17.9 21.3    20616    18420    22812 17.9 16.0 19.8  55796  54328  57264                                        Tulsa County                                  OK est18all.txt 19NOV2019
40 145     7912     6632     9192 10.0  8.4 11.6     2628     2074     3182 13.7 10.8 16.6     1882     1460     2304 13.0 10.1 15.9  62889  59368  66410                                        Wagoner County                                OK est18all.txt 19NOV2019
40 147     6607     5329     7885 13.0 10.5 15.5     2223     1654     2792 18.4 13.7 23.1     1499     1077     1921 16.8 12.1 21.5  53992  49119  58865                                        Washington County                             OK est18all.txt 19NOV2019
40 149     1929     1562     2296 17.8 14.4 21.2      667      491      843 24.5 18.0 31.0      457      319      595 23.0 16.1 29.9  47484  42655  52313                                        Washita County                                OK est18all.txt 19NOV2019
40 151     1194      935     1453 15.2 11.9 18.5      299      211      387 17.0 12.0 22.0      209      141      277 17.1 11.5 22.7  51715  46486  56944                                        Woods County                                  OK est18all.txt 19NOV2019
40 153     2816     2319     3313 14.8 12.2 17.4     1090      897     1283 22.5 18.5 26.5      763      613      913 21.6 17.4 25.8  55134  49663  60605                                        Woodward County                               OK est18all.txt 19NOV2019
41   0   516014   501947   530081 12.5 12.2 12.8   134073   126558   141588 15.7 14.8 16.6    88779    82439    95119 14.3 13.3 15.3  63168  62169  64167   38794   34913   42675 17.1 15.4 18.8 Oregon                                        OR est18all.txt 19NOV2019
41   1     2405     1862     2948 15.4 11.9 18.9      702      493      911 22.7 15.9 29.5      464      305      623 20.8 13.7 27.9  45972  41876  50068                                        Baker County                                  OR est18all.txt 19NOV2019
41   3    13739    12173    15305 15.8 14.0 17.6     1742     1286     2198 11.9  8.8 15.0     1077      734     1420  9.9  6.8 13.0  63600  58874  68326                                        Benton County                                 OR est18all.txt 19NOV2019
41   5    30022    26304    33740  7.3  6.4  8.2     6938     5326     8550  7.9  6.1  9.7     4868     3639     6097  7.4  5.5  9.3  81061  78654  83468                                        Clackamas County                              OR est18all.txt 19NOV2019
41   7     4317     3338     5296 11.0  8.5 13.5     1188      826     1550 16.0 11.1 20.9      816      545     1087 15.3 10.2 20.4  53806  49088  58524                                        Clatsop County                                OR est18all.txt 19NOV2019
41   9     5302     4247     6357 10.2  8.2 12.2     1423     1030     1816 13.1  9.5 16.7      954      668     1240 11.9  8.3 15.5  63338  57953  68723                                        Columbia County                               OR est18all.txt 19NOV2019
41  11    10005     8010    12000 15.9 12.7 19.1     2757     2035     3479 24.1 17.8 30.4     1833     1277     2389 22.2 15.5 28.9  48352  45383  51321                                        Coos County                                   OR est18all.txt 19NOV2019
41  13     3049     2362     3736 12.9 10.0 15.8      906      658     1154 19.7 14.3 25.1      572      388      756 17.4 11.8 23.0  51348  46495  56201                                        Crook County                                  OR est18all.txt 19NOV2019
41  15     3381     2672     4090 14.9 11.8 18.0      725      505      945 22.3 15.5 29.1      511      340      682 21.8 14.5 29.1  48788  45398  52178                                        Curry County                                  OR est18all.txt 19NOV2019
41  17    17918    15000    20836  9.4  7.9 10.9     4376     3294     5458 11.5  8.6 14.4     2813     1960     3666 10.0  7.0 13.0  67372  64078  70666                                        Deschutes County                              OR est18all.txt 19NOV2019
41  19    16387    13565    19209 15.0 12.4 17.6     4415     3258     5572 21.3 15.7 26.9     2855     1985     3725 19.1 13.3 24.9  47020  44243  49797                                        Douglas County                                OR est18all.txt 19NOV2019
41  21      212      161      263 11.4  8.7 14.1       57       41       73 15.8 11.2 20.4       39       26       52 14.6  9.9 19.3  54325  48435  60215                                        Gilliam County                                OR est18all.txt 19NOV2019
41  23     1164      916     1412 16.4 12.9 19.9      252      176      328 20.0 14.0 26.0      174      116      232 18.5 12.3 24.7  46141  41299  50983                                        Grant County                                  OR est18all.txt 19NOV2019
41  25     1089      829     1349 15.1 11.5 18.7      322      231      413 22.5 16.2 28.8      223      153      293 22.4 15.3 29.5  43370  38673  48067                                        Harney County                                 OR est18all.txt 19NOV2019
41  27     2512     1925     3099 10.9  8.4 13.4      799      573     1025 14.7 10.5 18.9      535      365      705 13.4  9.1 17.7  66607  61487  71727                                        Hood River County                             OR est18all.txt 19NOV2019
41  29    32137    27802    36472 14.8 12.8 16.8     9287     7542    11032 21.0 17.1 24.9     6186     4888     7484 19.2 15.2 23.2  55511  52528  58494                                        Jackson County                                OR est18all.txt 19NOV2019
41  31     3704     2880     4528 16.0 12.4 19.6     1249      865     1633 22.4 15.5 29.3      818      531     1105 20.2 13.1 27.3  50376  45752  55000                                        Jefferson County                              OR est18all.txt 19NOV2019
41  33    14655    12207    17103 17.0 14.2 19.8     4093     3102     5084 25.2 19.1 31.3     2731     1995     3467 23.3 17.0 29.6  46578  43379  49777                                        Josephine County                              OR est18all.txt 19NOV2019
41  35    12310    10148    14472 18.5 15.3 21.7     3605     2680     4530 25.0 18.6 31.4     2603     1916     3290 25.4 18.7 32.1  45374  41437  49311                                        Klamath County                                OR est18all.txt 19NOV2019
41  37     1360     1064     1656 18.3 14.3 22.3      342      244      440 22.8 16.3 29.3      226      151      301 20.7 13.8 27.6  44847  39968  49726                                        Lake County                                   OR est18all.txt 19NOV2019
41  39    67217    62085    72349 18.1 16.7 19.5    15221    13233    17209 22.4 19.5 25.3     9842     8335    11349 19.9 16.9 22.9  53161  51541  54781                                        Lane County                                   OR est18all.txt 19NOV2019
41  41     6639     5292     7986 13.6 10.8 16.4     1650     1162     2138 20.3 14.3 26.3     1137      751     1523 19.3 12.7 25.9  49265  46986  51544                                        Lincoln County                                OR est18all.txt 19NOV2019
41  43    15989    13525    18453 12.7 10.7 14.7     4559     3355     5763 16.3 12.0 20.6     3091     2217     3965 15.3 11.0 19.6  54292  50555  58029                                        Linn County                                   OR est18all.txt 19NOV2019
41  45     5774     4602     6946 21.0 16.7 25.3     2288     1751     2825 29.0 22.2 35.8     1607     1184     2030 28.2 20.8 35.6  42624  39268  45980                                        Malheur County                                OR est18all.txt 19NOV2019
41  47    48997    43222    54772 14.5 12.8 16.2    16073    13461    18685 19.2 16.1 22.3    10357     8390    12324 17.1 13.8 20.4  56408  53975  58841                                        Marion County                                 OR est18all.txt 19NOV2019
41  49     1744     1407     2081 15.4 12.4 18.4      655      509      801 21.1 16.4 25.8      428      316      540 18.9 14.0 23.8  55343  49646  61040                                        Morrow County                                 OR est18all.txt 19NOV2019
41  51    95543    87675   103411 12.0 11.0 13.0    21633    17511    25755 14.4 11.6 17.2    14165    11053    17277 13.4 10.5 16.3  70756  69155  72357                                        Multnomah County                              OR est18all.txt 19NOV2019
41  53    10622     9108    12136 12.7 10.9 14.5     2578     1928     3228 13.5 10.1 16.9     1749     1258     2240 12.4  8.9 15.9  62389  57007  67771                                        Polk County                                   OR est18all.txt 19NOV2019
41  55      237      187      287 13.9 10.9 16.9       49       36       62 16.4 12.0 20.8       35       25       45 16.8 11.9 21.7  58838  52525  65151                                        Sherman County                                OR est18all.txt 19NOV2019
41  57     3470     2802     4138 13.2 10.7 15.7      967      712     1222 19.7 14.5 24.9      632      444      820 17.5 12.3 22.7  52486  48101  56871                                        Tillamook County                              OR est18all.txt 19NOV2019
41  59    11557     9591    13523 15.8 13.1 18.5     4115     3292     4938 21.5 17.2 25.8     2786     2167     3405 19.8 15.4 24.2  53917  49357  58477                                        Umatilla County                               OR est18all.txt 19NOV2019
41  61     3598     2852     4344 13.9 11.0 16.8     1048      755     1341 17.9 12.9 22.9      692      478      906 16.2 11.2 21.2  50616  45506  55726                                        Union County                                  OR est18all.txt 19NOV2019
41  63     1013      795     1231 14.5 11.4 17.6      256      185      327 19.9 14.4 25.4      170      118      222 18.0 12.5 23.5  48137  42884  53390                                        Wallowa County                                OR est18all.txt 19NOV2019
41  65     3467     2704     4230 13.4 10.5 16.3     1118      821     1415 19.7 14.5 24.9      755      527      983 18.9 13.2 24.6  52269  47231  57307                                        Wasco County                                  OR est18all.txt 19NOV2019
41  67    51789    46294    57284  8.8  7.9  9.7    13437    11132    15742 10.0  8.3 11.7     8961     7247    10675  9.1  7.4 10.8  82819  80086  85552                                        Washington County                             OR est18all.txt 19NOV2019
41  69      258      197      319 19.2 14.7 23.7       72       51       93 35.0 24.7 45.3       50       34       66 36.2 24.4 48.0  39579  35298  43860                                        Wheeler County                                OR est18all.txt 19NOV2019
41  71    12433    10418    14448 12.2 10.2 14.2     3176     2453     3899 13.7 10.6 16.8     2024     1482     2566 11.9  8.7 15.1  61776  57746  65806                                        Yamhill County                                OR est18all.txt 19NOV2019
42   0  1517936  1494550  1541322 12.2 12.0 12.4   433329   420626   446032 16.7 16.2 17.2   302127   291143   313111 15.9 15.3 16.5  60891  60577  61205  120441  113858  127024 17.6 16.6 18.6 Pennsylvania                                  PA est18all.txt 19NOV2019
42   1     7919     6407     9431  8.0  6.5  9.5     2238     1649     2827 11.2  8.3 14.1     1417      971     1863  9.5  6.5 12.5  62877  59135  66619                                        Adams County                                  PA est18all.txt 19NOV2019
42   3   138397   130261   146533 11.7 11.0 12.4    33550    30159    36941 15.0 13.5 16.5    22267    19528    25006 13.8 12.1 15.5  59881  58402  61360                                        Allegheny County                              PA est18all.txt 19NOV2019
42   5     5917     4705     7129  9.2  7.3 11.1     1664     1113     2215 13.6  9.1 18.1     1185      767     1603 13.1  8.5 17.7  49436  45826  53046                                        Armstrong County                              PA est18all.txt 19NOV2019
42   7    18061    15538    20584 11.2  9.6 12.8     5131     4204     6058 16.3 13.4 19.2     3644     2946     4342 15.7 12.7 18.7  54823  51263  58383                                        Beaver County                                 PA est18all.txt 19NOV2019
42   9     5007     3934     6080 10.5  8.2 12.8     1383     1000     1766 15.0 10.8 19.2      937      643     1231 13.8  9.5 18.1  50257  47638  52876                                        Bedford County                                PA est18all.txt 19NOV2019
42  11    46762    41885    51639 11.4 10.2 12.6    15572    13297    17847 16.9 14.4 19.4    10664     8855    12473 15.7 13.0 18.4  62519  60646  64392                                        Berks County                                  PA est18all.txt 19NOV2019
42  13    17156    14620    19692 14.4 12.3 16.5     4761     3644     5878 19.4 14.9 23.9     3358     2475     4241 18.5 13.6 23.4  49244  45437  53051                                        Blair County                                  PA est18all.txt 19NOV2019
42  15     7495     6265     8725 12.5 10.4 14.6     2234     1723     2745 17.1 13.2 21.0     1535     1127     1943 16.1 11.8 20.4  50978  46814  55142                                        Bradford County                               PA est18all.txt 19NOV2019
42  17    35350    30570    40130  5.7  4.9  6.5     8360     6700    10020  6.6  5.3  7.9     5709     4405     7013  6.0  4.6  7.4  88538  86842  90234                                        Bucks County                                  PA est18all.txt 19NOV2019
42  19    15883    13757    18009  8.7  7.5  9.9     3290     2622     3958  9.0  7.2 10.8     2206     1699     2713  8.1  6.2 10.0  67161  63560  70762                                        Butler County                                 PA est18all.txt 19NOV2019
42  21    18520    16307    20733 14.7 12.9 16.5     5604     4731     6477 22.6 19.1 26.1     3961     3294     4628 21.7 18.0 25.4  45163  42204  48122                                        Cambria County                                PA est18all.txt 19NOV2019
42  23      614      483      745 13.9 10.9 16.9      174      125      223 22.9 16.4 29.4      126       86      166 22.9 15.7 30.1  41770  39776  43764                                        Cameron County                                PA est18all.txt 19NOV2019
42  25     7522     6199     8845 11.9  9.8 14.0     2298     1819     2777 19.1 15.1 23.1     1504     1130     1878 16.7 12.5 20.9  53901  49480  58322                                        Carbon County                                 PA est18all.txt 19NOV2019
42  27    25901    23652    28150 18.1 16.5 19.7     2562     1933     3191 10.6  8.0 13.2     1651     1163     2139  9.3  6.6 12.0  58258  53940  62576                                        Centre County                                 PA est18all.txt 19NOV2019
42  29    34311    29814    38808  6.7  5.8  7.6     9034     7566    10502  7.8  6.5  9.1     6211     5079     7343  7.1  5.8  8.4  99224  95985 102463                                        Chester County                                PA est18all.txt 19NOV2019
42  31     5646     4758     6534 15.3 12.9 17.7     1320     1025     1615 18.6 14.4 22.8      879      654     1104 17.3 12.9 21.7  46284  43036  49532                                        Clarion County                                PA est18all.txt 19NOV2019
42  33    11323     9453    13193 15.4 12.9 17.9     3195     2612     3778 22.6 18.5 26.7     2305     1886     2724 21.9 17.9 25.9  46706  43382  50030                                        Clearfield County                             PA est18all.txt 19NOV2019
42  35     4506     3475     5537 12.3  9.5 15.1     1339      936     1742 17.6 12.3 22.9      929      621     1237 16.7 11.2 22.2  50999  47058  54940                                        Clinton County                                PA est18all.txt 19NOV2019
42  37     7553     6273     8833 12.3 10.2 14.4     1656     1208     2104 14.6 10.6 18.6     1049      707     1391 12.5  8.4 16.6  50774  48256  53292                                        Columbia County                               PA est18all.txt 19NOV2019
42  39    10880     9075    12685 13.4 11.2 15.6     3256     2468     4044 19.1 14.5 23.7     2255     1628     2882 18.0 13.0 23.0  50805  48486  53124                                        Crawford County                               PA est18all.txt 19NOV2019
42  41    17469    14540    20398  7.3  6.1  8.5     4614     3472     5756  9.2  6.9 11.5     3213     2359     4067  8.8  6.5 11.1  71695  69526  73864                                        Cumberland County                             PA est18all.txt 19NOV2019
42  43    35730    31691    39769 13.2 11.7 14.7    12322    10330    14314 20.5 17.2 23.8     8641     7061    10221 20.3 16.6 24.0  57979  54972  60986                                        Dauphin County                                PA est18all.txt 19NOV2019
42  45    47800    42104    53496  8.8  7.8  9.8    13753    11088    16418 11.3  9.1 13.5     9970     7965    11975 11.2  8.9 13.5  71961  69882  74040                                        Delaware County                               PA est18all.txt 19NOV2019
42  47     2742     2164     3320  9.2  7.3 11.1      722      526      918 12.6  9.2 16.0      492      345      639 11.6  8.1 15.1  54876  50389  59363                                        Elk County                                    PA est18all.txt 19NOV2019
42  49    39839    35703    43975 15.3 13.7 16.9    12138    10032    14244 21.4 17.7 25.1     8647     6992    10302 20.8 16.8 24.8  48453  45988  50918                                        Erie County                                   PA est18all.txt 19NOV2019
42  51    18475    15436    21514 14.6 12.2 17.0     4973     3730     6216 20.3 15.2 25.4     3367     2365     4369 18.8 13.2 24.4  50381  47970  52792                                        Fayette County                                PA est18all.txt 19NOV2019
42  53     1113      834     1392 24.0 18.0 30.0      185      134      236 30.1 21.8 38.4      108       75      141 23.3 16.2 30.4  41750  38546  44954                                        Forest County                                 PA est18all.txt 19NOV2019
42  55    16759    14238    19280 11.0  9.3 12.7     5933     4970     6896 17.8 14.9 20.7     4117     3376     4858 17.2 14.1 20.3  60744  56093  65395                                        Franklin County                               PA est18all.txt 19NOV2019
42  57     1645     1311     1979 11.5  9.2 13.8      485      359      611 17.3 12.8 21.8      339      242      436 16.4 11.7 21.1  52277  49176  55378                                        Fulton County                                 PA est18all.txt 19NOV2019
42  59     5334     4407     6261 15.9 13.1 18.7     1377     1036     1718 20.0 15.1 24.9      977      719     1235 19.4 14.3 24.5  50956  46373  55539                                        Greene County                                 PA est18all.txt 19NOV2019
42  61     5498     4498     6498 13.7 11.2 16.2     1502     1187     1817 18.9 14.9 22.9     1022      779     1265 17.1 13.0 21.2  49019  46906  51132                                        Huntingdon County                             PA est18all.txt 19NOV2019
42  63    12356    10284    14428 15.5 12.9 18.1     2881     2171     3591 19.3 14.6 24.0     1818     1271     2365 16.7 11.7 21.7  47999  44330  51668                                        Indiana County                                PA est18all.txt 19NOV2019
42  65     6166     5251     7081 14.4 12.3 16.5     1826     1436     2216 20.3 16.0 24.6     1323     1028     1618 19.9 15.4 24.4  46751  43313  50189                                        Jefferson County                              PA est18all.txt 19NOV2019
42  67     2277     1709     2845  9.4  7.1 11.7      788      554     1022 14.5 10.2 18.8      532      355      709 13.2  8.8 17.6  54342  50156  58528                                        Juniata County                                PA est18all.txt 19NOV2019
42  69    28929    25861    31997 14.2 12.7 15.7     8636     7248    10024 20.3 17.0 23.6     5422     4287     6557 17.3 13.7 20.9  52872  50709  55035                                        Lackawanna County                             PA est18all.txt 19NOV2019
42  71    42131    36600    47662  7.9  6.9  8.9    12725     9640    15810 10.1  7.6 12.6     9101     6712    11490 10.0  7.4 12.6  66270  64942  67598                                        Lancaster County                              PA est18all.txt 19NOV2019
42  73    13319    11549    15089 15.8 13.7 17.9     3857     3147     4567 23.0 18.8 27.2     2711     2177     3245 22.0 17.7 26.3  48418  44788  52048                                        Lawrence County                               PA est18all.txt 19NOV2019
42  75    13802    11529    16075 10.0  8.3 11.7     4605     3600     5610 14.6 11.4 17.8     2968     2199     3737 12.7  9.4 16.0  61087  58512  63662                                        Lebanon County                                PA est18all.txt 19NOV2019
42  77    42991    37567    48415 12.0 10.5 13.5    14191    11769    16613 17.4 14.4 20.4     9972     8096    11848 16.6 13.5 19.7  62139  59676  64602                                        Lehigh County                                 PA est18all.txt 19NOV2019
42  79    43839    38423    49255 14.3 12.5 16.1    14238    11897    16579 23.2 19.4 27.0     9387     7617    11157 20.8 16.9 24.7  53469  51305  55633                                        Luzerne County                                PA est18all.txt 19NOV2019
42  81    14054    11972    16136 13.0 11.1 14.9     3982     3154     4810 17.5 13.9 21.1     2812     2153     3471 16.8 12.9 20.7  53820  50912  56728                                        Lycoming County                               PA est18all.txt 19NOV2019
42  83     6374     5407     7341 16.8 14.2 19.4     2060     1666     2454 26.5 21.4 31.6     1506     1202     1810 25.8 20.6 31.0  46529  43846  49212                                        Mc Kean County                                PA est18all.txt 19NOV2019
42  85    15985    14079    17891 15.3 13.5 17.1     4999     4244     5754 24.4 20.7 28.1     3580     2975     4185 23.8 19.8 27.8  48788  45763  51813                                        Mercer County                                 PA est18all.txt 19NOV2019
42  87     6867     5590     8144 15.1 12.3 17.9     2334     1792     2876 23.2 17.8 28.6     1553     1126     1980 21.4 15.5 27.3  47648  44034  51262                                        Mifflin County                                PA est18all.txt 19NOV2019
42  89    20202    16816    23588 12.3 10.2 14.4     5331     4026     6636 16.3 12.3 20.3     3625     2643     4607 14.4 10.5 18.3  63318  59411  67225                                        Monroe County                                 PA est18all.txt 19NOV2019
42  91    47317    41916    52718  5.9  5.2  6.6    11545     9478    13612  6.6  5.4  7.8     8679     7199    10159  6.6  5.5  7.7  90155  87193  93117                                        Montgomery County                             PA est18all.txt 19NOV2019
42  93     1771     1421     2121 10.1  8.1 12.1      492      351      633 13.8  9.9 17.7      340      234      446 13.3  9.2 17.4  61314  54827  67801                                        Montour County                                PA est18all.txt 19NOV2019
42  95    29917    25779    34055 10.2  8.8 11.6     8628     7201    10055 14.4 12.0 16.8     6120     4994     7246 13.5 11.0 16.0  68217  65299  71135                                        Northampton County                            PA est18all.txt 19NOV2019
42  97    11552     9769    13335 13.3 11.3 15.3     3273     2563     3983 19.0 14.9 23.1     2177     1647     2707 17.3 13.1 21.5  47243  43611  50875                                        Northumberland County                         PA est18all.txt 19NOV2019
42  99     4438     3747     5129  9.8  8.3 11.3     1227      926     1528 12.8  9.6 16.0      841      614     1068 12.2  8.9 15.5  62366  58719  66013                                        Perry County                                  PA est18all.txt 19NOV2019
42 101   372322   355281   389363 24.3 23.2 25.4   114374   106638   122110 34.0 31.7 36.3    82258    76507    88009 35.0 32.6 37.4  46149  44939  47359                                        Philadelphia County                           PA est18all.txt 19NOV2019
42 103     5690     4662     6718 10.3  8.4 12.2     1499     1120     1878 15.2 11.4 19.0     1084      779     1389 14.0 10.1 17.9  62657  56786  68528                                        Pike County                                   PA est18all.txt 19NOV2019
42 105     2413     1944     2882 14.8 11.9 17.7      803      597     1009 24.3 18.1 30.5      547      387      707 22.4 15.9 28.9  44883  41201  48565                                        Potter County                                 PA est18all.txt 19NOV2019
42 107    17574    15198    19950 13.0 11.2 14.8     4299     3314     5284 15.7 12.1 19.3     2869     2161     3577 14.0 10.5 17.5  48809  45890  51728                                        Schuylkill County                             PA est18all.txt 19NOV2019
42 109     4052     3199     4905 10.7  8.4 13.0     1253      939     1567 15.1 11.3 18.9      848      595     1101 13.8  9.7 17.9  56991  53193  60789                                        Snyder County                                 PA est18all.txt 19NOV2019
42 111     8289     6698     9880 12.0  9.7 14.3     2416     1837     2995 18.6 14.1 23.1     1669     1228     2110 17.3 12.7 21.9  50504  48610  52398                                        Somerset County                               PA est18all.txt 19NOV2019
42 113      847      666     1028 14.3 11.2 17.4      134       98      170 20.9 15.2 26.6       87       60      114 20.3 13.9 26.7  48998  44387  53609                                        Sullivan County                               PA est18all.txt 19NOV2019
42 115     5128     4337     5919 12.8 10.8 14.8     1443     1130     1756 19.7 15.4 24.0      981      736     1226 17.8 13.4 22.2  52573  49329  55817                                        Susquehanna County                            PA est18all.txt 19NOV2019
42 117     5894     4981     6807 15.0 12.7 17.3     1676     1338     2014 21.4 17.1 25.7     1206      949     1463 21.0 16.5 25.5  48799  45256  52342                                        Tioga County                                  PA est18all.txt 19NOV2019
42 119     4575     3616     5534 12.6 10.0 15.2     1044      787     1301 13.1  9.9 16.3      722      523      921 12.2  8.8 15.6  55679  50771  60587                                        Union County                                  PA est18all.txt 19NOV2019
42 121     7537     6455     8619 15.0 12.8 17.2     2011     1560     2462 20.9 16.2 25.6     1339      992     1686 18.8 13.9 23.7  45761  43018  48504                                        Venango County                                PA est18all.txt 19NOV2019
42 123     4316     3539     5093 11.2  9.2 13.2     1339      978     1700 18.1 13.2 23.0      947      673     1221 17.4 12.4 22.4  50554  48151  52957                                        Warren County                                 PA est18all.txt 19NOV2019
42 125    18274    15388    21160  9.0  7.6 10.4     4283     3276     5290 10.8  8.3 13.3     2826     2055     3597  9.6  7.0 12.2  63119  61006  65232                                        Washington County                             PA est18all.txt 19NOV2019
42 127     6163     5011     7315 13.0 10.6 15.4     1531     1176     1886 18.3 14.0 22.6     1124      843     1405 18.2 13.7 22.7  53602  49394  57810                                        Wayne County                                  PA est18all.txt 19NOV2019
42 129    31749    27861    35637  9.2  8.1 10.3     7751     6257     9245 12.3  9.9 14.7     5174     3949     6399 10.9  8.3 13.5  58398  56090  60706                                        Westmoreland County                           PA est18all.txt 19NOV2019
42 131     3116     2553     3679 11.8  9.7 13.9      862      668     1056 17.1 13.3 20.9      593      439      747 15.7 11.6 19.8  57599  53333  61865                                        Wyoming County                                PA est18all.txt 19NOV2019
42 133    38582    33740    43424  8.8  7.7  9.9    12371    10174    14568 12.8 10.5 15.1     8701     6979    10423 12.1  9.7 14.5  65238  62645  67831                                        York County                                   PA est18all.txt 19NOV2019
44   0   130538   124551   136525 12.8 12.2 13.4    36239    33846    38632 18.0 16.8 19.2    24495    22432    26558 16.7 15.3 18.1  63787  62087  65487   10747    9539   11955 20.1 17.8 22.4 Rhode Island                                  RI est18all.txt 19NOV2019
44   1     3557     2764     4350  7.7  6.0  9.4      639      434      844  7.1  4.8  9.4      443      286      600  6.3  4.1  8.5  80231  73090  87372                                        Bristol County                                RI est18all.txt 19NOV2019
44   3    12620    10058    15182  7.8  6.2  9.4     3037     2174     3900 10.1  7.2 13.0     1989     1363     2615  9.1  6.2 12.0  69089  64824  73354                                        Kent County                                   RI est18all.txt 19NOV2019
44   5     6423     4952     7894  8.1  6.2 10.0     1503     1046     1960 11.0  7.7 14.3      932      596     1268  9.1  5.8 12.4  77760  71366  84154                                        Newport County                                RI est18all.txt 19NOV2019
44   7    98431    92071   104791 16.1 15.1 17.1    29066    26482    31650 22.7 20.7 24.7    19863    18022    21704 21.6 19.6 23.6  56141  54396  57886                                        Providence County                             RI est18all.txt 19NOV2019
44   9     9507     7499    11515  8.0  6.3  9.7     1996     1464     2528  9.7  7.1 12.3     1268      855     1681  8.1  5.5 10.7  86715  82019  91411                                        Washington County                             RI est18all.txt 19NOV2019
45   0   750582   733961   767203 15.2 14.9 15.5   241192   232102   250282 22.1 21.3 22.9   170543   162381   178705 21.3 20.3 22.3  52449  51828  53070   67318   63147   71489 23.6 22.1 25.1 South Carolina                                SC est18all.txt 19NOV2019
45   1     4545     3823     5267 19.1 16.1 22.1     1497     1232     1762 30.8 25.4 36.2     1006      782     1230 27.2 21.1 33.3  42412  38548  46276                                        Abbeville County                              SC est18all.txt 19NOV2019
45   3    25095    21271    28919 15.0 12.7 17.3     8294     6582    10006 22.8 18.1 27.5     5859     4448     7270 21.9 16.6 27.2  52633  49617  55649                                        Aiken County                                  SC est18all.txt 19NOV2019
45   5     2901     2219     3583 37.3 28.5 46.1      858      632     1084 51.6 38.0 65.2      626      446      806 49.9 35.6 64.2  29124  25905  32343                                        Allendale County                              SC est18all.txt 19NOV2019
45   7    28843    25364    32322 14.6 12.8 16.4     9623     8120    11126 21.3 18.0 24.6     6519     5276     7762 19.5 15.8 23.2  51740  49055  54425                                        Anderson County                               SC est18all.txt 19NOV2019
45   9     3605     2796     4414 26.7 20.7 32.7     1051      787     1315 39.1 29.3 48.9      747      533      961 37.1 26.5 47.7  36230  32776  39684                                        Bamberg County                                SC est18all.txt 19NOV2019
45  11     4661     3741     5581 22.4 18.0 26.8     1669     1239     2099 33.6 24.9 42.3     1160      813     1507 31.3 21.9 40.7  38131  34176  42086                                        Barnwell County                               SC est18all.txt 19NOV2019
45  13    19881    16686    23076 10.9  9.2 12.6     6929     5618     8240 20.1 16.3 23.9     4917     3859     5975 19.7 15.5 23.9  65843  63239  68447                                        Beaufort County                               SC est18all.txt 19NOV2019
45  15    27687    24377    30997 12.8 11.3 14.3     9432     7886    10978 18.2 15.2 21.2     6691     5474     7908 17.7 14.5 20.9  62204  58673  65735                                        Berkeley County                               SC est18all.txt 19NOV2019
45  17     2647     2107     3187 18.4 14.6 22.2      758      565      951 28.0 20.9 35.1      548      395      701 26.5 19.1 33.9  45385  40679  50091                                        Calhoun County                                SC est18all.txt 19NOV2019
45  19    55971    49489    62453 14.2 12.6 15.8    18450    16094    20806 23.4 20.4 26.4    13547    11772    15322 24.5 21.3 27.7  62958  59675  66241                                        Charleston County                             SC est18all.txt 19NOV2019
45  21     9394     7687    11101 16.8 13.7 19.9     3109     2347     3871 24.1 18.2 30.0     2052     1444     2660 21.3 15.0 27.6  42542  38575  46509                                        Cherokee County                               SC est18all.txt 19NOV2019
45  23     5830     4612     7048 18.2 14.4 22.0     2150     1601     2699 30.1 22.4 37.8     1606     1183     2029 30.1 22.2 38.0  42116  37891  46341                                        Chester County                                SC est18all.txt 19NOV2019
45  25     9453     7841    11065 20.9 17.3 24.5     3010     2288     3732 30.6 23.3 37.9     2185     1628     2742 29.8 22.2 37.4  39046  35293  42799                                        Chesterfield County                           SC est18all.txt 19NOV2019
45  27     8520     7212     9828 26.4 22.3 30.5     2302     1779     2825 36.3 28.1 44.5     1713     1299     2127 35.7 27.1 44.3  36722  32788  40656                                        Clarendon County                              SC est18all.txt 19NOV2019
45  29     7440     5691     9189 20.0 15.3 24.7     2780     2020     3540 33.5 24.3 42.7     2022     1421     2623 33.3 23.4 43.2  39079  35891  42267                                        Colleton County                               SC est18all.txt 19NOV2019
45  31    15356    12883    17829 23.5 19.7 27.3     4884     3894     5874 33.4 26.6 40.2     3635     2852     4418 33.7 26.4 41.0  37206  33919  40493                                        Darlington County                             SC est18all.txt 19NOV2019
45  33     9648     8254    11042 32.1 27.5 36.7     3697     3065     4329 48.5 40.2 56.8     2900     2452     3348 51.2 43.3 59.1  33159  29752  36566                                        Dillon County                                 SC est18all.txt 19NOV2019
45  35    17466    14623    20309 11.0  9.2 12.8     6547     5311     7783 17.0 13.8 20.2     4819     3884     5754 16.7 13.5 19.9  65468  61332  69604                                        Dorchester County                             SC est18all.txt 19NOV2019
45  37     4489     3611     5367 18.5 14.9 22.1     1209      910     1508 25.0 18.8 31.2      857      617     1097 22.6 16.3 28.9  48818  43815  53821                                        Edgefield County                              SC est18all.txt 19NOV2019
45  39     5219     4277     6161 23.7 19.4 28.0     1449     1107     1791 34.1 26.1 42.1     1015      742     1288 31.2 22.8 39.6  39522  35285  43759                                        Fairfield County                              SC est18all.txt 19NOV2019
45  41    24375    20774    27976 18.0 15.3 20.7     8486     6656    10316 26.3 20.6 32.0     5915     4503     7327 24.6 18.7 30.5  47949  45001  50897                                        Florence County                               SC est18all.txt 19NOV2019
45  43    12064    10396    13732 19.6 16.9 22.3     3699     2943     4455 32.8 26.1 39.5     2606     1976     3236 30.6 23.2 38.0  46058  41913  50203                                        Georgetown County                             SC est18all.txt 19NOV2019
45  45    55837    48863    62811 11.1  9.7 12.5    17093    13928    20258 14.6 11.9 17.3    11436     9126    13746 13.4 10.7 16.1  61162  59659  62665                                        Greenville County                             SC est18all.txt 19NOV2019
45  47    12455    10474    14436 18.3 15.4 21.2     4875     4030     5720 31.0 25.6 36.4     3289     2623     3955 28.5 22.7 34.3  43879  40363  47395                                        Greenwood County                              SC est18all.txt 19NOV2019
45  49     4637     3762     5512 25.8 20.9 30.7     1489     1159     1819 36.7 28.6 44.8     1140      890     1390 37.4 29.2 45.6  35871  32289  39453                                        Hampton County                                SC est18all.txt 19NOV2019
45  51    48595    43946    53244 14.3 12.9 15.7    14883    12765    17001 24.5 21.0 28.0    10484     8684    12284 23.4 19.4 27.4  49082  47182  50982                                        Horry County                                  SC est18all.txt 19NOV2019
45  53     5263     4092     6434 19.0 14.8 23.2     1955     1453     2457 33.6 25.0 42.2     1296      908     1684 31.0 21.7 40.3  43125  38655  47595                                        Jasper County                                 SC est18all.txt 19NOV2019
45  55     9431     7826    11036 14.5 12.0 17.0     3295     2554     4036 22.1 17.1 27.1     2396     1837     2955 21.6 16.6 26.6  52270  48801  55739                                        Kershaw County                                SC est18all.txt 19NOV2019
45  57    12446    10490    14402 13.3 11.2 15.4     4153     3380     4926 20.2 16.4 24.0     2690     2046     3334 18.2 13.9 22.5  58035  53105  62965                                        Lancaster County                              SC est18all.txt 19NOV2019
45  59    12768    10900    14636 19.7 16.8 22.6     4045     3235     4855 28.4 22.7 34.1     2973     2366     3580 28.3 22.5 34.1  42099  39675  44523                                        Laurens County                                SC est18all.txt 19NOV2019
45  61     4376     3490     5262 28.1 22.4 33.8     1464     1133     1795 42.8 33.1 52.5     1127      863     1391 43.9 33.6 54.2  33199  29978  36420                                        Lee County                                    SC est18all.txt 19NOV2019
45  63    36432    32194    40670 12.5 11.0 14.0    11777     9619    13935 17.5 14.3 20.7     8100     6473     9727 16.0 12.8 19.2  60627  57764  63490                                        Lexington County                              SC est18all.txt 19NOV2019
45  65     1564     1192     1936 18.6 14.2 23.0      362      266      458 34.5 25.3 43.7      255      176      334 32.2 22.3 42.1  44683  40198  49168                                        McCormick County                              SC est18all.txt 19NOV2019
45  67     7841     6203     9479 25.5 20.2 30.8     2594     1868     3320 37.1 26.7 47.5     1835     1257     2413 35.3 24.2 46.4  34365  31178  37552                                        Marion County                                 SC est18all.txt 19NOV2019
45  69     7104     5982     8226 30.0 25.3 34.7     2223     1795     2651 42.8 34.6 51.0     1640     1306     1974 42.9 34.2 51.6  33534  30037  37031                                        Marlboro County                               SC est18all.txt 19NOV2019
45  71     6362     5125     7599 17.1 13.8 20.4     2053     1511     2595 24.8 18.3 31.3     1439     1018     1860 23.9 16.9 30.9  48029  44468  51590                                        Newberry County                               SC est18all.txt 19NOV2019
45  73    11159     9434    12884 14.4 12.2 16.6     3129     2410     3848 20.5 15.8 25.2     2261     1683     2839 19.8 14.7 24.9  50529  46062  54996                                        Oconee County                                 SC est18all.txt 19NOV2019
45  75    21733    18729    24737 25.9 22.3 29.5     6839     5409     8269 36.5 28.9 44.1     4768     3658     5878 34.1 26.2 42.0  37134  34559  39709                                        Orangeburg County                             SC est18all.txt 19NOV2019
45  77    19471    16704    22238 16.6 14.2 19.0     4024     2997     5051 17.3 12.9 21.7     2675     1875     3475 15.8 11.1 20.5  48794  45206  52382                                        Pickens County                                SC est18all.txt 19NOV2019
45  79    64210    58471    69949 16.7 15.2 18.2    17560    14472    20648 20.2 16.7 23.7    12037     9555    14519 19.0 15.1 22.9  52611  50029  55193                                        Richland County                               SC est18all.txt 19NOV2019
45  81     3017     2287     3747 14.9 11.3 18.5     1043      732     1354 23.8 16.7 30.9      758      515     1001 23.9 16.2 31.6  46019  42306  49732                                        Saluda County                                 SC est18all.txt 19NOV2019
45  83    41706    36432    46980 13.6 11.9 15.3    14731    12440    17022 20.7 17.5 23.9    10912     9064    12760 20.8 17.3 24.3  53567  51071  56063                                        Spartanburg County                            SC est18all.txt 19NOV2019
45  85    19418    16390    22446 18.7 15.8 21.6     7038     5595     8481 28.2 22.4 34.0     5076     3910     6242 28.2 21.7 34.7  45181  42356  48006                                        Sumter County                                 SC est18all.txt 19NOV2019
45  87     5485     4501     6469 20.4 16.7 24.1     1801     1408     2194 32.3 25.3 39.3     1296      999     1593 32.3 24.9 39.7  40686  37278  44094                                        Union County                                  SC est18all.txt 19NOV2019
45  89     7726     6120     9332 26.0 20.6 31.4     2364     1681     3047 37.7 26.8 48.6     1770     1212     2328 37.4 25.6 49.2  32814  29384  36244                                        Williamsburg County                           SC est18all.txt 19NOV2019
45  91    26453    22563    30343  9.8  8.4 11.2     8521     6756    10286 13.0 10.3 15.7     5945     4587     7303 12.1  9.3 14.9  64904  61988  67820                                        York County                                   SC est18all.txt 19NOV2019
46   0   109814   105334   114294 12.9 12.4 13.4    34211    32170    36252 16.1 15.1 17.1    22250    20615    23885 14.8 13.7 15.9  57041  55711  58371   11044    9866   12222 18.4 16.4 20.4 South Dakota                                  SD est18all.txt 19NOV2019
46   3      276      212      340 10.2  7.8 12.6       89       63      115 14.0  9.9 18.1       60       40       80 13.1  8.6 17.6  53107  47916  58298                                        Aurora County                                 SD est18all.txt 19NOV2019
46   5     2387     1870     2904 12.9 10.1 15.7      912      652     1172 18.3 13.1 23.5      603      406      800 18.0 12.1 23.9  49712  45371  54053                                        Beadle County                                 SD est18all.txt 19NOV2019
46   7     1115      855     1375 32.5 24.9 40.1      524      371      677 44.7 31.6 57.8      351      235      467 42.0 28.2 55.8  37071  33220  40922                                        Bennett County                                SD est18all.txt 19NOV2019
46   9      866      669     1063 15.7 12.1 19.3      249      179      319 19.2 13.8 24.6      168      114      222 17.9 12.1 23.7  50278  45068  55488                                        Bon Homme County                              SD est18all.txt 19NOV2019
46  11     3744     3022     4466 11.8  9.5 14.1      654      465      843  9.2  6.5 11.9      409      271      547  8.3  5.5 11.1  62109  55861  68357                                        Brookings County                              SD est18all.txt 19NOV2019
46  13     4195     3406     4984 11.0  8.9 13.1     1057      768     1346 11.4  8.3 14.5      698      485      911 10.6  7.4 13.8  60082  55313  64851                                        Brown County                                  SD est18all.txt 19NOV2019
46  15      807      656      958 15.8 12.8 18.8      295      227      363 22.4 17.3 27.5      172      119      225 17.7 12.3 23.1  49732  44467  54997                                        Brule County                                  SD est18all.txt 19NOV2019
46  17      925      765     1085 45.7 37.8 53.6      405      307      503 51.3 38.9 63.7      274      200      348 50.4 36.7 64.1  25973  23455  28491                                        Buffalo County                                SD est18all.txt 19NOV2019
46  19     1442     1144     1740 14.3 11.4 17.2      464      330      598 18.9 13.4 24.4      312      210      414 17.4 11.7 23.1  44388  41949  46827                                        Butte County                                  SD est18all.txt 19NOV2019
46  21      149      114      184 10.9  8.3 13.5       28       20       36 13.3  9.3 17.3       21       14       28 13.8  9.0 18.6  45737  40708  50766                                        Campbell County                               SD est18all.txt 19NOV2019
46  23     1857     1459     2255 20.9 16.4 25.4      751      539      963 28.4 20.4 36.4      500      335      665 27.2 18.3 36.1  47412  43903  50921                                        Charles Mix County                            SD est18all.txt 19NOV2019
46  25      440      342      538 12.6  9.8 15.4      142       99      185 18.9 13.2 24.6       94       62      126 20.3 13.4 27.2  48517  43367  53667                                        Clark County                                  SD est18all.txt 19NOV2019
46  27     2314     1847     2781 19.5 15.6 23.4      397      288      506 16.3 11.8 20.8      242      164      320 14.3  9.7 18.9  46378  41359  51397                                        Clay County                                   SD est18all.txt 19NOV2019
46  29     3115     2565     3665 11.3  9.3 13.3      822      605     1039 12.4  9.1 15.7      514      355      673 10.5  7.2 13.8  55580  50162  60998                                        Codington County                              SD est18all.txt 19NOV2019
46  31     1394     1093     1695 33.6 26.3 40.9      631      442      820 41.4 29.0 53.8      402      263      541 36.7 24.0 49.4  34024  30693  37355                                        Corson County                                 SD est18all.txt 19NOV2019
46  33      853      665     1041 10.1  7.9 12.3      206      145      267 17.4 12.3 22.5      143       95      191 17.1 11.4 22.8  58806  52893  64719                                        Custer County                                 SD est18all.txt 19NOV2019
46  35     2290     1819     2761 12.0  9.5 14.5      607      435      779 13.7  9.8 17.6      408      279      537 12.9  8.8 17.0  51724  46863  56585                                        Davison County                                SD est18all.txt 19NOV2019
46  37      820      662      978 15.3 12.4 18.2      224      158      290 18.1 12.8 23.4      153      102      204 16.0 10.7 21.3  48023  43449  52597                                        Day County                                    SD est18all.txt 19NOV2019
46  39      390      299      481  9.1  7.0 11.2      113       79      147 11.0  7.7 14.3       76       50      102 10.1  6.6 13.6  55404  49720  61088                                        Deuel County                                  SD est18all.txt 19NOV2019
46  41     1514     1225     1803 25.8 20.9 30.7      678      507      849 30.9 23.1 38.7      453      327      579 31.7 22.9 40.5  41942  38255  45629                                        Dewey County                                  SD est18all.txt 19NOV2019
46  43      340      259      421 12.1  9.2 15.0      117       83      151 16.2 11.4 21.0       81       54      108 16.2 10.8 21.6  55159  49719  60599                                        Douglas County                                SD est18all.txt 19NOV2019
46  45      421      322      520 11.5  8.8 14.2      127       90      164 15.7 11.1 20.3       85       56      114 15.3 10.1 20.5  58977  53302  64652                                        Edmunds County                                SD est18all.txt 19NOV2019
46  47      850      653     1047 13.0 10.0 16.0      227      160      294 19.8 13.9 25.7      156      103      209 17.9 11.9 23.9  46782  42027  51537                                        Fall River County                             SD est18all.txt 19NOV2019
46  49      332      254      410 15.6 11.9 19.3       98       68      128 23.1 16.1 30.1       64       42       86 24.2 15.8 32.6  49068  44187  53949                                        Faulk County                                  SD est18all.txt 19NOV2019
46  51      707      556      858  9.9  7.8 12.0      189      134      244 11.8  8.3 15.3      136       91      181 11.8  7.9 15.7  59813  54176  65450                                        Grant County                                  SD est18all.txt 19NOV2019
46  53      686      534      838 16.5 12.8 20.2      205      146      264 21.1 15.1 27.1      137       91      183 19.5 12.9 26.1  40583  36726  44440                                        Gregory County                                SD est18all.txt 19NOV2019
46  55      208      161      255 11.0  8.5 13.5       56       40       72 12.4  8.8 16.0       39       26       52 11.6  7.8 15.4  51801  45939  57663                                        Haakon County                                 SD est18all.txt 19NOV2019
46  57      549      427      671  9.3  7.2 11.4      205      147      263 10.8  7.7 13.9      140       94      186 10.4  7.0 13.8  65776  63244  68308                                        Hamlin County                                 SD est18all.txt 19NOV2019
46  59      314      242      386  9.8  7.6 12.0       90       64      116 12.6  8.9 16.3       61       41       81 11.6  7.7 15.5  52568  47082  58054                                        Hand County                                   SD est18all.txt 19NOV2019
46  61      280      215      345  8.8  6.8 10.8      110       76      144 12.9  8.9 16.9       76       50      102 12.5  8.2 16.8  63772  57221  70323                                        Hanson County                                 SD est18all.txt 19NOV2019
46  63      131      100      162 10.7  8.2 13.2       26       18       34  9.8  6.8 12.8       18       12       24  9.9  6.5 13.3  55017  49280  60754                                        Harding County                                SD est18all.txt 19NOV2019
46  65     1590     1246     1934  9.4  7.4 11.4      514      373      655 12.3  8.9 15.7      346      242      450 11.5  8.1 14.9  70093  63798  76388                                        Hughes County                                 SD est18all.txt 19NOV2019
46  67      784      594      974 11.5  8.7 14.3      264      184      344 17.1 11.9 22.3      182      120      244 18.3 12.1 24.5  54434  49283  59585                                        Hutchinson County                             SD est18all.txt 19NOV2019
46  69      128       98      158 10.3  7.9 12.7       34       24       44 12.9  9.0 16.8       24       16       32 13.0  8.5 17.5  52496  47191  57801                                        Hyde County                                   SD est18all.txt 19NOV2019
46  71     1070      856     1284 32.7 26.2 39.2      453      338      568 41.6 31.1 52.1      281      196      366 38.1 26.6 49.6  34122  30665  37579                                        Jackson County                                SD est18all.txt 19NOV2019
46  73      280      213      347 14.5 11.0 18.0       86       60      112 20.9 14.5 27.3       58       38       78 20.1 13.0 27.2  47689  42512  52866                                        Jerauld County                                SD est18all.txt 19NOV2019
46  75      122       93      151 13.2 10.1 16.3       48       34       62 23.8 16.8 30.8       34       22       46 23.1 15.2 31.0  49609  44051  55167                                        Jones County                                  SD est18all.txt 19NOV2019
46  77      432      330      534  9.0  6.9 11.1      134       95      173 12.4  8.8 16.0       94       62      126 12.4  8.2 16.6  54609  49937  59281                                        Kingsbury County                              SD est18all.txt 19NOV2019
46  79     1258     1013     1503 10.2  8.2 12.2      300      218      382 11.9  8.6 15.2      204      141      267 11.2  7.7 14.7  60733  56032  65434                                        Lake County                                   SD est18all.txt 19NOV2019
46  81     3155     2527     3783 12.7 10.2 15.2      666      480      852 14.7 10.6 18.8      420      283      557 12.5  8.4 16.6  51774  47241  56307                                        Lawrence County                               SD est18all.txt 19NOV2019
46  83     2585     2135     3035  4.4  3.6  5.2      628      445      811  3.8  2.7  4.9      399      268      530  3.3  2.2  4.4  84889  76485  93293                                        Lincoln County                                SD est18all.txt 19NOV2019
46  85      794      615      973 21.1 16.4 25.8      334      238      430 30.4 21.6 39.2      224      152      296 30.0 20.3 39.7  47429  43249  51609                                        Lyman County                                  SD est18all.txt 19NOV2019
46  87      514      395      633  9.6  7.4 11.8      194      137      251 13.3  9.4 17.2      134       90      178 12.7  8.5 16.9  59913  53781  66045                                        McCook County                                 SD est18all.txt 19NOV2019
46  89      379      292      466 17.1 13.2 21.0      114       80      148 24.9 17.4 32.4       72       47       97 22.6 14.8 30.4  39850  35477  44223                                        McPherson County                              SD est18all.txt 19NOV2019
46  91      587      448      726 12.0  9.2 14.8      187      130      244 18.1 12.6 23.6      125       81      169 19.4 12.6 26.2  56862  52083  61641                                        Marshall County                               SD est18all.txt 19NOV2019
46  93     2309     1767     2851  8.4  6.4 10.4      735      523      947 11.5  8.2 14.8      493      331      655 10.2  6.9 13.5  59524  53624  65424                                        Meade County                                  SD est18all.txt 19NOV2019
46  95      699      570      828 35.2 28.7 41.7      240      172      308 38.8 27.8 49.8      161      111      211 39.9 27.4 52.4  32780  29157  36403                                        Mellette County                               SD est18all.txt 19NOV2019
46  97      247      189      305 11.5  8.8 14.2       69       49       89 13.7  9.7 17.7       47       31       63 12.5  8.3 16.7  50123  44704  55542                                        Miner County                                  SD est18all.txt 19NOV2019
46  99    18035    15898    20172  9.6  8.5 10.7     4741     3765     5717  9.8  7.8 11.8     2819     2063     3575  8.4  6.1 10.7  60033  56808  63258                                        Minnehaha County                              SD est18all.txt 19NOV2019
46 101      644      503      785  9.9  7.7 12.1      190      135      245 11.4  8.1 14.7      128       86      170 10.9  7.3 14.5  57392  51537  63247                                        Moody County                                  SD est18all.txt 19NOV2019
46 102     7688     6746     8630 54.0 47.4 60.6     3001     2485     3517 56.6 46.9 66.3     2017     1631     2403 52.4 42.4 62.4  31662  28148  35176                                        Oglala Lakota County                          SD est18all.txt 19NOV2019
46 103    14567    12602    16532 13.3 11.5 15.1     4831     3960     5702 19.2 15.7 22.7     3189     2572     3806 17.8 14.4 21.2  58738  54824  62652                                        Pennington County                             SD est18all.txt 19NOV2019
46 105      394      306      482 13.7 10.6 16.8      100       71      129 16.6 11.7 21.5       68       45       91 15.8 10.5 21.1  55626  51917  59335                                        Perkins County                                SD est18all.txt 19NOV2019
46 107      217      165      269 10.2  7.8 12.6       71       49       93 15.0 10.4 19.6       50       33       67 14.2  9.3 19.1  54722  48791  60653                                        Potter County                                 SD est18all.txt 19NOV2019
46 109     2173     1779     2567 21.3 17.4 25.2      904      702     1106 31.0 24.1 37.9      609      454      764 30.5 22.8 38.2  44709  40162  49256                                        Roberts County                                SD est18all.txt 19NOV2019
46 111      299      228      370 12.9  9.8 16.0      101       71      131 18.2 12.9 23.5       68       45       91 18.2 12.1 24.3  54874  51510  58238                                        Sanborn County                                SD est18all.txt 19NOV2019
46 115      781      620      942 12.6 10.0 15.2      222      164      280 16.7 12.3 21.1      149      106      192 15.6 11.1 20.1  50590  47990  53190                                        Spink County                                  SD est18all.txt 19NOV2019
46 117      235      180      290  7.8  6.0  9.6       79       56      102 11.0  7.8 14.2       53       35       71 10.0  6.7 13.3  69991  62623  77359                                        Stanley County                                SD est18all.txt 19NOV2019
46 119      123       94      152  8.8  6.7 10.9       30       21       39 10.3  7.2 13.4       22       15       29 10.3  6.8 13.8  59457  53218  65696                                        Sully County                                  SD est18all.txt 19NOV2019
46 121     4955     4233     5677 48.4 41.3 55.5     2273     1825     2721 53.0 42.6 63.4     1441     1112     1770 48.6 37.5 59.7  31876  28288  35464                                        Todd County                                   SD est18all.txt 19NOV2019
46 123     1061      847     1275 19.9 15.9 23.9      361      271      451 28.9 21.7 36.1      260      191      329 30.1 22.1 38.1  45710  40850  50570                                        Tripp County                                  SD est18all.txt 19NOV2019
46 125      775      613      937  9.4  7.4 11.4      222      162      282 11.0  8.0 14.0      157      110      204 10.5  7.4 13.6  62792  57051  68533                                        Turner County                                 SD est18all.txt 19NOV2019
46 127      915      718     1112  5.9  4.6  7.2      233      175      291  6.2  4.7  7.7      150      107      193  5.4  3.9  6.9  80698  73969  87427                                        Union County                                  SD est18all.txt 19NOV2019
46 129      812      627      997 15.0 11.6 18.4      250      178      322 19.1 13.6 24.6      165      111      219 18.1 12.1 24.1  48394  43626  53162                                        Walworth County                               SD est18all.txt 19NOV2019
46 135     2296     1791     2801 11.0  8.6 13.4      571      408      734 12.0  8.6 15.4      361      240      482 10.7  7.1 14.3  56535  50885  62185                                        Yankton County                                SD est18all.txt 19NOV2019
46 137     1201      932     1470 43.9 34.1 53.7      329      240      418 42.8 31.2 54.4      200      139      261 33.0 22.9 43.1  32341  28823  35859                                        Ziebach County                                SD est18all.txt 19NOV2019
47   0  1003055   982886  1023224 15.2 14.9 15.5   322616   311705   333527 21.8 21.1 22.5   215957   206366   225548 20.0 19.1 20.9  52366  51884  52848  100821   95777  105865 25.6 24.3 26.9 Tennessee                                     TN est18all.txt 19NOV2019
47   1    12433    10386    14480 16.5 13.8 19.2     3450     2589     4311 21.9 16.4 27.4     2251     1552     2950 19.0 13.1 24.9  50672  47464  53880                                        Anderson County                               TN est18all.txt 19NOV2019
47   3     6955     5562     8348 14.4 11.5 17.3     2772     2104     3440 22.8 17.3 28.3     1826     1310     2342 20.5 14.7 26.3  49860  45538  54182                                        Bedford County                                TN est18all.txt 19NOV2019
47   5     3068     2452     3684 19.2 15.3 23.1      950      691     1209 30.0 21.8 38.2      672      469      875 28.4 19.8 37.0  38940  36244  41636                                        Benton County                                 TN est18all.txt 19NOV2019
47   7     3235     2585     3885 26.7 21.3 32.1      753      570      936 35.0 26.5 43.5      544      406      682 35.0 26.1 43.9  40195  35774  44616                                        Bledsoe County                                TN est18all.txt 19NOV2019
47   9    12816    10519    15113  9.9  8.1 11.7     3502     2474     4530 13.5  9.5 17.5     2495     1678     3312 12.8  8.6 17.0  57939  54424  61454                                        Blount County                                 TN est18all.txt 19NOV2019
47  11    15216    12547    17885 14.7 12.1 17.3     4770     3745     5795 20.9 16.4 25.4     3254     2445     4063 19.4 14.6 24.2  50427  47770  53084                                        Bradley County                                TN est18all.txt 19NOV2019
47  13     8392     6600    10184 21.6 17.0 26.2     2219     1582     2856 27.8 19.8 35.8     1513      991     2035 26.0 17.0 35.0  39443  36329  42557                                        Campbell County                               TN est18all.txt 19NOV2019
47  15     2022     1575     2469 14.2 11.1 17.3      669      492      846 22.0 16.2 27.8      437      300      574 19.9 13.7 26.1  51859  47540  56178                                        Cannon County                                 TN est18all.txt 19NOV2019
47  17     4963     4015     5911 18.6 15.0 22.2     1617     1246     1988 27.5 21.2 33.8     1190      910     1470 27.4 20.9 33.9  42025  38513  45537                                        Carroll County                                TN est18all.txt 19NOV2019
47  19    10530     8651    12409 19.1 15.7 22.5     2973     2322     3624 29.4 23.0 35.8     2193     1704     2682 28.7 22.3 35.1  39202  36063  42341                                        Carter County                                 TN est18all.txt 19NOV2019
47  21     4122     3358     4886 10.3  8.4 12.2     1175      851     1499 13.4  9.7 17.1      770      520     1020 11.9  8.0 15.8  63241  58751  67731                                        Cheatham County                               TN est18all.txt 19NOV2019
47  23     2555     1987     3123 15.9 12.4 19.4      817      598     1036 22.0 16.1 27.9      569      400      738 20.4 14.4 26.4  47508  42505  52511                                        Chester County                                TN est18all.txt 19NOV2019
47  25     7129     5990     8268 23.4 19.7 27.1     2075     1689     2461 35.2 28.7 41.7     1265      947     1583 29.1 21.8 36.4  37987  34294  41680                                        Claiborne County                              TN est18all.txt 19NOV2019
47  27     1601     1233     1969 21.0 16.2 25.8      473      343      603 30.7 22.3 39.1      335      232      438 28.6 19.8 37.4  34238  30760  37716                                        Clay County                                   TN est18all.txt 19NOV2019
47  29     7981     6462     9500 22.5 18.2 26.8     2542     1922     3162 35.7 27.0 44.4     1878     1400     2356 35.7 26.6 44.8  36192  32821  39563                                        Cocke County                                  TN est18all.txt 19NOV2019
47  31     8745     7180    10310 15.9 13.0 18.8     3262     2566     3958 25.1 19.8 30.4     2287     1758     2816 23.8 18.3 29.3  49494  44790  54198                                        Coffee County                                 TN est18all.txt 19NOV2019
47  33     2736     2277     3195 19.4 16.1 22.7      844      644     1044 25.4 19.4 31.4      585      433      737 23.5 17.4 29.6  44431  40075  48787                                        Crockett County                               TN est18all.txt 19NOV2019
47  35     8494     6910    10078 14.4 11.7 17.1     2491     1845     3137 24.4 18.1 30.7     1651     1138     2164 21.8 15.0 28.6  46527  42712  50342                                        Cumberland County                             TN est18all.txt 19NOV2019
47  37   102623    94485   110761 15.4 14.2 16.6    35887    32151    39623 25.4 22.8 28.0    25159    22353    27965 26.1 23.2 29.0  60799  59182  62416                                        Davidson County                               TN est18all.txt 19NOV2019
47  39     2083     1650     2516 18.2 14.4 22.0      588      424      752 24.3 17.5 31.1      408      282      534 22.9 15.8 30.0  42905  38788  47022                                        Decatur County                                TN est18all.txt 19NOV2019
47  41     3435     2692     4178 17.4 13.6 21.2     1032      751     1313 24.4 17.7 31.1      711      490      932 22.9 15.8 30.0  47420  42952  51888                                        DeKalb County                                 TN est18all.txt 19NOV2019
47  43     7259     5971     8547 13.8 11.4 16.2     2459     1901     3017 20.2 15.6 24.8     1561     1138     1984 17.4 12.7 22.1  56166  53423  58909                                        Dickson County                                TN est18all.txt 19NOV2019
47  45     6735     5419     8051 18.4 14.8 22.0     2265     1654     2876 26.0 19.0 33.0     1648     1167     2129 25.6 18.1 33.1  44302  40030  48574                                        Dyer County                                   TN est18all.txt 19NOV2019
47  47     5227     4274     6180 13.1 10.7 15.5     1563     1214     1912 20.9 16.2 25.6     1076      795     1357 19.6 14.5 24.7  59529  54267  64791                                        Fayette County                                TN est18all.txt 19NOV2019
47  49     3701     2840     4562 20.6 15.8 25.4     1123      811     1435 30.0 21.7 38.3      784      541     1027 27.9 19.2 36.6  36687  33343  40031                                        Fentress County                               TN est18all.txt 19NOV2019
47  51     6335     5243     7427 16.0 13.2 18.8     1764     1354     2174 21.4 16.4 26.4     1189      876     1502 19.3 14.2 24.4  50201  45337  55065                                        Franklin County                               TN est18all.txt 19NOV2019
47  53     7904     6518     9290 16.5 13.6 19.4     2676     2084     3268 22.8 17.8 27.8     1741     1284     2198 20.1 14.8 25.4  42720  38937  46503                                        Gibson County                                 TN est18all.txt 19NOV2019
47  55     4160     3375     4945 14.5 11.8 17.2     1384     1025     1743 22.7 16.8 28.6      943      662     1224 21.2 14.9 27.5  48024  44050  51998                                        Giles County                                  TN est18all.txt 19NOV2019
47  57     4211     3378     5044 18.4 14.8 22.0     1159      845     1473 25.2 18.4 32.0      798      559     1037 23.1 16.2 30.0  41829  37684  45974                                        Grainger County                               TN est18all.txt 19NOV2019
47  59    10146     8215    12077 15.1 12.2 18.0     3107     2359     3855 23.9 18.1 29.7     2174     1614     2734 22.4 16.6 28.2  44366  40683  48049                                        Greene County                                 TN est18all.txt 19NOV2019
47  61     2787     2196     3378 21.2 16.7 25.7      782      544     1020 27.8 19.3 36.3      554      367      741 26.6 17.6 35.6  36317  32652  39982                                        Grundy County                                 TN est18all.txt 19NOV2019
47  63    10883     8995    12771 17.1 14.1 20.1     3523     2751     4295 24.2 18.9 29.5     2132     1598     2666 19.6 14.7 24.5  44040  40215  47865                                        Hamblen County                                TN est18all.txt 19NOV2019
47  65    46021    40483    51559 13.0 11.4 14.6    13428    10802    16054 18.1 14.6 21.6     7923     6027     9819 14.8 11.3 18.3  57196  54736  59656                                        Hamilton County                               TN est18all.txt 19NOV2019
47  67     1912     1531     2293 29.9 23.9 35.9      552      412      692 41.1 30.7 51.5      393      286      500 39.6 28.8 50.4  30691  27384  33998                                        Hancock County                                TN est18all.txt 19NOV2019
47  69     5025     3966     6084 23.5 18.5 28.5     1393     1020     1766 28.8 21.1 36.5      978      686     1270 27.5 19.3 35.7  37834  34547  41121                                        Hardeman County                               TN est18all.txt 19NOV2019
47  71     5149     4190     6108 20.3 16.5 24.1     1527     1156     1898 29.3 22.2 36.4      986      700     1272 25.7 18.2 33.2  37690  35005  40375                                        Hardin County                                 TN est18all.txt 19NOV2019
47  73    10252     8713    11791 18.4 15.6 21.2     3042     2438     3646 27.6 22.1 33.1     2105     1634     2576 25.3 19.6 31.0  42188  39205  45171                                        Hawkins County                                TN est18all.txt 19NOV2019
47  75     3513     2794     4232 20.5 16.3 24.7     1169      850     1488 30.8 22.4 39.2      777      525     1029 27.3 18.4 36.2  39574  35687  43461                                        Haywood County                                TN est18all.txt 19NOV2019
47  77     4957     4144     5770 18.0 15.0 21.0     1445     1077     1813 23.2 17.3 29.1     1039      759     1319 22.3 16.3 28.3  43491  39309  47673                                        Henderson County                              TN est18all.txt 19NOV2019
47  79     5982     5040     6924 18.8 15.8 21.8     1907     1503     2311 29.4 23.2 35.6     1351     1048     1654 28.0 21.7 34.3  43159  39201  47117                                        Henry County                                  TN est18all.txt 19NOV2019
47  81     3827     2931     4723 16.3 12.5 20.1     1225      879     1571 24.2 17.4 31.0      851      586     1116 22.9 15.8 30.0  44684  39929  49439                                        Hickman County                                TN est18all.txt 19NOV2019
47  83     1349     1034     1664 16.7 12.8 20.6      447      322      572 25.2 18.2 32.2      311      213      409 23.1 15.8 30.4  44688  40264  49112                                        Houston County                                TN est18all.txt 19NOV2019
47  85     2477     1957     2997 13.6 10.7 16.5      772      552      992 20.3 14.5 26.1      519      351      687 18.5 12.5 24.5  48056  43105  53007                                        Humphreys County                              TN est18all.txt 19NOV2019
47  87     2286     1809     2763 19.8 15.7 23.9      610      450      770 29.6 21.8 37.4      408      282      534 27.0 18.7 35.3  37563  33497  41629                                        Jackson County                                TN est18all.txt 19NOV2019
47  89     7241     5750     8732 13.8 11.0 16.6     2153     1589     2717 20.9 15.4 26.4     1555     1132     1978 20.0 14.6 25.4  49611  45433  53789                                        Jefferson County                              TN est18all.txt 19NOV2019
47  91     3308     2479     4137 20.7 15.5 25.9      801      564     1038 27.9 19.6 36.2      551      368      734 25.8 17.2 34.4  35778  32331  39225                                        Johnson County                                TN est18all.txt 19NOV2019
47  93    59817    53789    65845 13.2 11.9 14.5    14622    12060    17184 15.2 12.5 17.9     9637     7629    11645 13.8 10.9 16.7  55874  53648  58100                                        Knox County                                   TN est18all.txt 19NOV2019
47  95     1795     1318     2272 36.5 26.8 46.2      410      288      532 41.2 28.9 53.5      291      196      386 40.4 27.2 53.6  33709  30437  36981                                        Lake County                                   TN est18all.txt 19NOV2019
47  97     5907     4956     6858 24.9 20.9 28.9     1984     1579     2389 34.6 27.5 41.7     1420     1125     1715 33.3 26.4 40.2  38849  34987  42711                                        Lauderdale County                             TN est18all.txt 19NOV2019
47  99     7643     6447     8839 17.7 14.9 20.5     2641     2061     3221 24.7 19.3 30.1     1783     1346     2220 22.6 17.1 28.1  43651  39520  47782                                        Lawrence County                               TN est18all.txt 19NOV2019
47 101     2074     1662     2486 17.5 14.0 21.0      634      472      796 24.8 18.5 31.1      464      339      589 24.5 17.9 31.1  40541  36559  44523                                        Lewis County                                  TN est18all.txt 19NOV2019
47 103     4853     3941     5765 14.4 11.7 17.1     1366      981     1751 18.4 13.2 23.6      970      677     1263 17.3 12.1 22.5  51249  47687  54811                                        Lincoln County                                TN est18all.txt 19NOV2019
47 105     4754     3669     5839  9.1  7.0 11.2     1614     1155     2073 16.0 11.4 20.6     1108      762     1454 15.1 10.4 19.8  58186  53383  62989                                        Loudon County                                 TN est18all.txt 19NOV2019
47 107     8307     6798     9816 15.9 13.0 18.8     2413     1771     3055 21.8 16.0 27.6     1683     1191     2175 20.5 14.5 26.5  46029  42282  49776                                        McMinn County                                 TN est18all.txt 19NOV2019
47 109     4408     3576     5240 17.4 14.1 20.7     1225      876     1574 22.3 16.0 28.6      871      588     1154 20.8 14.0 27.6  39859  36246  43472                                        McNairy County                                TN est18all.txt 19NOV2019
47 111     4309     3419     5199 18.1 14.4 21.8     1517     1116     1918 26.0 19.1 32.9      994      685     1303 23.9 16.5 31.3  42265  37769  46761                                        Macon County                                  TN est18all.txt 19NOV2019
47 113    16631    14267    18995 17.8 15.3 20.3     6200     5082     7318 28.9 23.7 34.1     3884     2917     4851 24.9 18.7 31.1  46651  43478  49824                                        Madison County                                TN est18all.txt 19NOV2019
47 115     4337     3409     5265 15.3 12.0 18.6     1385     1013     1757 23.5 17.2 29.8      962      667     1257 22.3 15.5 29.1  50819  49191  52447                                        Marion County                                 TN est18all.txt 19NOV2019
47 117     4702     3943     5461 14.1 11.8 16.4     1535     1200     1870 19.9 15.6 24.2     1031      771     1291 18.2 13.6 22.8  51868  46957  56779                                        Marshall County                               TN est18all.txt 19NOV2019
47 119    10032     8182    11882 10.8  8.8 12.8     3276     2440     4112 15.2 11.3 19.1     2028     1430     2626 13.1  9.2 17.0  57337  51994  62680                                        Maury County                                  TN est18all.txt 19NOV2019
47 121     2153     1706     2600 17.8 14.1 21.5      655      477      833 26.6 19.4 33.8      445      307      583 24.4 16.8 32.0  50565  47458  53672                                        Meigs County                                  TN est18all.txt 19NOV2019
47 123     7151     5692     8610 15.7 12.5 18.9     2201     1583     2819 23.0 16.5 29.5     1519     1048     1990 21.4 14.8 28.0  45566  40658  50474                                        Monroe County                                 TN est18all.txt 19NOV2019
47 125    24251    20878    27624 12.0 10.3 13.7     8972     7172    10772 16.6 13.3 19.9     5959     4552     7366 16.0 12.2 19.8  56102  52693  59511                                        Montgomery County                             TN est18all.txt 19NOV2019
47 127      575      435      715  9.1  6.9 11.3      168      120      216 14.1 10.1 18.1      121       82      160 13.0  8.8 17.2  58234  52113  64355                                        Moore County                                  TN est18all.txt 19NOV2019
47 129     3919     3128     4710 20.4 16.3 24.5     1088      821     1355 26.9 20.3 33.5      724      516      932 23.9 17.0 30.8  40397  36288  44506                                        Morgan County                                 TN est18all.txt 19NOV2019
47 131     5267     4410     6124 17.7 14.8 20.6     1656     1219     2093 25.6 18.8 32.4     1160      820     1500 24.3 17.2 31.4  42532  39196  45868                                        Obion County                                  TN est18all.txt 19NOV2019
47 133     3251     2481     4021 15.0 11.5 18.5      953      686     1220 20.8 15.0 26.6      671      467      875 19.4 13.5 25.3  42149  38077  46221                                        Overton County                                TN est18all.txt 19NOV2019
47 135     1390     1072     1708 17.6 13.6 21.6      464      334      594 26.4 19.0 33.8      319      218      420 25.3 17.3 33.3  41960  38001  45919                                        Perry County                                  TN est18all.txt 19NOV2019
47 137      797      606      988 16.0 12.2 19.8      214      152      276 24.3 17.2 31.4      150      101      199 22.9 15.4 30.4  40182  35845  44519                                        Pickett County                                TN est18all.txt 19NOV2019
47 139     2623     2064     3182 15.8 12.4 19.2      724      503      945 22.4 15.6 29.2      548      366      730 22.8 15.2 30.4  41968  37665  46271                                        Polk County                                   TN est18all.txt 19NOV2019
47 141    10996     8965    13027 14.5 11.8 17.2     3008     2117     3899 18.7 13.2 24.2     2018     1347     2689 17.3 11.5 23.1  45512  42257  48767                                        Putnam County                                 TN est18all.txt 19NOV2019
47 143     5886     4845     6927 18.4 15.2 21.6     1987     1519     2455 27.2 20.8 33.6     1364      994     1734 25.3 18.4 32.2  44132  39644  48620                                        Rhea County                                   TN est18all.txt 19NOV2019
47 145     7779     6173     9385 14.8 11.7 17.9     2156     1593     2719 22.0 16.3 27.7     1575     1143     2007 21.2 15.4 27.0  54440  50849  58031                                        Roane County                                  TN est18all.txt 19NOV2019
47 147     7414     6072     8756 10.6  8.7 12.5     2563     1973     3153 15.4 11.8 19.0     1687     1221     2153 13.7  9.9 17.5  66006  62012  70000                                        Robertson County                              TN est18all.txt 19NOV2019
47 149    33172    29007    37337 10.4  9.1 11.7     9340     7382    11298 11.8  9.3 14.3     6515     5083     7947 11.3  8.8 13.8  64170  61562  66778                                        Rutherford County                             TN est18all.txt 19NOV2019
47 151     4591     3645     5537 21.2 16.8 25.6     1397      994     1800 26.6 18.9 34.3      919      604     1234 23.8 15.7 31.9  35685  32124  39246                                        Scott County                                  TN est18all.txt 19NOV2019
47 153     2339     1805     2873 16.0 12.4 19.6      782      563     1001 25.6 18.4 32.8      547      373      721 23.8 16.2 31.4  49707  44990  54424                                        Sequatchie County                             TN est18all.txt 19NOV2019
47 155    13466    11374    15558 13.9 11.7 16.1     4504     3516     5492 23.0 17.9 28.1     3001     2222     3780 20.9 15.5 26.3  47202  43526  50878                                        Sevier County                                 TN est18all.txt 19NOV2019
47 157   198554   185860   211248 21.7 20.3 23.1    75895    69074    82716 33.2 30.2 36.2    48647    43182    54112 29.5 26.2 32.8  47924  45793  50055                                        Shelby County                                 TN est18all.txt 19NOV2019
47 159     2739     2162     3316 13.9 11.0 16.8      835      609     1061 18.8 13.7 23.9      570      394      746 17.6 12.2 23.0  50704  46093  55315                                        Smith County                                  TN est18all.txt 19NOV2019
47 161     1867     1437     2297 13.9 10.7 17.1      617      441      793 22.2 15.9 28.5      434      296      572 21.2 14.5 27.9  46565  41845  51285                                        Stewart County                                TN est18all.txt 19NOV2019
47 163    25549    22418    28680 16.5 14.5 18.5     7337     6068     8606 24.6 20.3 28.9     5180     4180     6180 23.2 18.7 27.7  46024  42381  49667                                        Sullivan County                               TN est18all.txt 19NOV2019
47 165    16426    14011    18841  8.9  7.6 10.2     5047     3955     6139 11.7  9.2 14.2     3353     2550     4156 10.5  8.0 13.0  66171  64018  68324                                        Sumner County                                 TN est18all.txt 19NOV2019
47 167     7240     5634     8846 12.0  9.3 14.7     2760     1975     3545 18.5 13.2 23.8     1908     1306     2510 16.9 11.6 22.2  60874  56738  65010                                        Tipton County                                 TN est18all.txt 19NOV2019
47 169     1570     1200     1940 18.6 14.2 23.0      390      280      500 20.5 14.7 26.3      256      175      337 18.8 12.8 24.8  49280  44329  54231                                        Trousdale County                              TN est18all.txt 19NOV2019
47 171     2797     2210     3384 16.1 12.7 19.5      780      571      989 24.1 17.6 30.6      521      363      679 21.3 14.8 27.8  43688  39294  48082                                        Unicoi County                                 TN est18all.txt 19NOV2019
47 173     3858     3135     4581 19.8 16.1 23.5     1149      849     1449 27.5 20.3 34.7      813      575     1051 25.9 18.3 33.5  40322  36578  44066                                        Union County                                  TN est18all.txt 19NOV2019
47 175      918      703     1133 16.3 12.5 20.1      300      213      387 27.7 19.6 35.8      224      152      296 29.2 19.9 38.5  38265  34092  42438                                        Van Buren County                              TN est18all.txt 19NOV2019
47 177     9025     7877    10173 22.5 19.6 25.4     3310     2843     3777 35.3 30.3 40.3     2192     1822     2562 31.5 26.2 36.8  42475  38992  45958                                        Warren County                                 TN est18all.txt 19NOV2019
47 179    18528    16110    20946 14.9 13.0 16.8     4337     3293     5381 18.0 13.7 22.3     2921     2164     3678 16.5 12.2 20.8  49242  45631  52853                                        Washington County                             TN est18all.txt 19NOV2019
47 181     3066     2381     3751 21.3 16.5 26.1      754      559      949 27.6 20.4 34.8      507      351      663 25.1 17.4 32.8  38879  34974  42784                                        Wayne County                                  TN est18all.txt 19NOV2019
47 183     6252     5288     7216 19.7 16.7 22.7     1413     1073     1753 22.3 16.9 27.7      992      730     1254 21.4 15.8 27.0  42351  38036  46666                                        Weakley County                                TN est18all.txt 19NOV2019
47 185     4612     3734     5490 17.3 14.0 20.6     1430     1076     1784 24.6 18.5 30.7      971      695     1247 22.9 16.4 29.4  42603  38417  46789                                        White County                                  TN est18all.txt 19NOV2019
47 187     8794     6912    10676  3.8  3.0  4.6     2222     1566     2878  3.5  2.5  4.5     1563     1048     2078  3.2  2.2  4.2 115930 108136 123724                                        Williamson County                             TN est18all.txt 19NOV2019
47 189    10888     8919    12857  7.8  6.4  9.2     3249     2432     4066  9.9  7.4 12.4     2197     1569     2825  9.0  6.4 11.6  76507  72703  80311                                        Wilson County                                 TN est18all.txt 19NOV2019
48   0  4181623  4132580  4230666 14.9 14.7 15.1  1543228  1511665  1574791 21.1 20.7 21.5  1070901  1043460  1098342 20.2 19.7 20.7  60632  60354  60910  448638  433079  464197 22.7 21.9 23.5 Texas                                         TX est18all.txt 19NOV2019
48   1     8778     6720    10836 19.8 15.2 24.4     2486     1824     3148 22.6 16.6 28.6     1630     1089     2171 20.4 13.6 27.2  45969  41583  50355                                        Anderson County                               TX est18all.txt 19NOV2019
48   3     1922     1462     2382 10.7  8.1 13.3      774      559      989 14.0 10.1 17.9      536      373      699 13.5  9.4 17.6  84946  82298  87594                                        Andrews County                                TX est18all.txt 19NOV2019
48   5    15052    12445    17659 17.9 14.8 21.0     5855     4612     7098 26.7 21.0 32.4     3914     2955     4873 24.4 18.4 30.4  46653  42816  50490                                        Angelina County                               TX est18all.txt 19NOV2019
48   7     4642     3638     5646 19.9 15.6 24.2     1423     1035     1811 34.7 25.2 44.2      989      686     1292 33.5 23.2 43.8  46912  41909  51915                                        Aransas County                                TX est18all.txt 19NOV2019
48   9      922      735     1109 10.6  8.5 12.7      268      207      329 14.3 11.0 17.6      202      154      250 14.4 11.0 17.8  61190  54741  67639                                        Archer County                                 TX est18all.txt 19NOV2019
48  11      197      151      243 10.7  8.2 13.2       66       47       85 15.3 11.0 19.6       47       32       62 14.6 10.0 19.2  57210  51005  63415                                        Armstrong County                              TX est18all.txt 19NOV2019
48  13     7803     6073     9533 15.7 12.2 19.2     3254     2399     4109 23.9 17.6 30.2     2312     1644     2980 23.2 16.5 29.9  50594  45834  55354                                        Atascosa County                               TX est18all.txt 19NOV2019
48  15     3031     2292     3770 10.2  7.7 12.7     1184      846     1522 16.9 12.1 21.7      817      556     1078 15.5 10.5 20.5  59942  55485  64399                                        Austin County                                 TX est18all.txt 19NOV2019
48  17     1087      813     1361 15.8 11.8 19.8      565      408      722 26.1 18.8 33.4      385      265      505 24.1 16.6 31.6  45051  40390  49712                                        Bailey County                                 TX est18all.txt 19NOV2019
48  19     3016     2418     3614 13.4 10.7 16.1      829      603     1055 22.8 16.6 29.0      584      410      758 21.6 15.2 28.0  53008  48715  57301                                        Bandera County                                TX est18all.txt 19NOV2019
48  21    10673     8547    12799 12.6 10.1 15.1     4182     3050     5314 19.2 14.0 24.4     2954     2064     3844 18.5 12.9 24.1  61883  56005  67761                                        Bastrop County                                TX est18all.txt 19NOV2019
48  23      563      420      706 16.1 12.0 20.2      232      168      296 28.6 20.6 36.6      160      110      210 26.5 18.3 34.7  41180  37112  45248                                        Baylor County                                 TX est18all.txt 19NOV2019
48  25     6607     5187     8027 26.7 21.0 32.4     2134     1651     2617 32.0 24.8 39.2     1424     1040     1808 29.6 21.6 37.6  41806  37340  46272                                        Bee County                                    TX est18all.txt 19NOV2019
48  27    44865    38598    51132 13.0 11.2 14.8    18493    14740    22246 19.1 15.2 23.0    12592     9688    15496 18.7 14.4 23.0  54292  52230  56354                                        Bell County                                   TX est18all.txt 19NOV2019
48  29   334215   319095   349335 17.2 16.4 18.0   118619   109735   127503 23.7 21.9 25.5    79225    72050    86400 22.0 20.0 24.0  54210  52804  55616                                        Bexar County                                  TX est18all.txt 19NOV2019
48  31     1176      901     1451 10.1  7.7 12.5      363      265      461 17.2 12.6 21.8      252      174      330 15.8 10.9 20.7  64832  59194  70470                                        Blanco County                                 TX est18all.txt 19NOV2019
48  33       65       49       81 10.0  7.6 12.4       19       14       24 14.5 10.4 18.6       15       10       20 15.3 10.5 20.1  66101  58682  73520                                        Borden County                                 TX est18all.txt 19NOV2019
48  35     2721     2140     3302 14.9 11.7 18.1      954      715     1193 24.0 18.0 30.0      707      524      890 23.9 17.7 30.1  48460  43785  53135                                        Bosque County                                 TX est18all.txt 19NOV2019
48  37    16794    14471    19117 19.1 16.5 21.7     5642     4437     6847 25.5 20.0 31.0     3774     2855     4693 23.5 17.8 29.2  47339  43736  50942                                        Bowie County                                  TX est18all.txt 19NOV2019
48  39    36342    30203    42481 10.1  8.4 11.8    12620     9795    15445 13.1 10.2 16.0     9122     7073    11171 12.9 10.0 15.8  74225  70285  78165                                        Brazoria County                               TX est18all.txt 19NOV2019
48  41    49310    44885    53735 23.2 21.1 25.3     9297     7339    11255 20.2 15.9 24.5     6164     4668     7660 19.1 14.5 23.7  50113  47998  52228                                        Brazos County                                 TX est18all.txt 19NOV2019
48  43     1475     1188     1762 16.0 12.9 19.1      366      267      465 21.2 15.5 26.9      255      178      332 20.6 14.4 26.8  45670  40976  50364                                        Brewster County                               TX est18all.txt 19NOV2019
48  45      245      193      297 16.2 12.7 19.7       68       48       88 24.3 17.2 31.4       50       34       66 23.4 16.0 30.8  44409  39531  49287                                        Briscoe County                                TX est18all.txt 19NOV2019
48  47     2183     1657     2709 31.0 23.5 38.5      972      699     1245 48.6 35.0 62.2      704      484      924 49.7 34.2 65.2  30116  27148  33084                                        Brooks County                                 TX est18all.txt 19NOV2019
48  49     4778     3510     6046 13.2  9.7 16.7     1703     1191     2215 21.2 14.8 27.6     1202      805     1599 20.2 13.5 26.9  47097  42857  51337                                        Brown County                                  TX est18all.txt 19NOV2019
48  51     2686     2075     3297 14.8 11.4 18.2      948      693     1203 23.7 17.3 30.1      645      445      845 22.3 15.4 29.2  53626  48528  58724                                        Burleson County                               TX est18all.txt 19NOV2019
48  53     5099     3950     6248 11.0  8.5 13.5     1872     1360     2384 18.6 13.5 23.7     1281      893     1669 17.3 12.1 22.5  56696  52660  60732                                        Burnet County                                 TX est18all.txt 19NOV2019
48  55     5850     4750     6950 14.1 11.4 16.8     2059     1487     2631 20.7 15.0 26.4     1463     1007     1919 21.0 14.5 27.5  52588  48402  56774                                        Caldwell County                               TX est18all.txt 19NOV2019
48  57     3036     2282     3790 14.2 10.7 17.7     1239      889     1589 24.0 17.2 30.8      846      575     1117 22.7 15.4 30.0  52085  46872  57298                                        Calhoun County                                TX est18all.txt 19NOV2019
48  59     1661     1240     2082 12.0  9.0 15.0      624      440      808 20.2 14.2 26.2      440      293      587 19.5 13.0 26.0  50330  45854  54806                                        Callahan County                               TX est18all.txt 19NOV2019
48  61   117193   107418   126968 27.9 25.6 30.2    50998    45765    56231 40.2 36.1 44.3    35778    31797    39759 38.5 34.2 42.8  38106  36116  40096                                        Cameron County                                TX est18all.txt 19NOV2019
48  63     2431     1895     2967 18.8 14.7 22.9     1039      766     1312 30.5 22.5 38.5      738      527      949 30.1 21.5 38.7  43714  39025  48403                                        Camp County                                   TX est18all.txt 19NOV2019
48  65      536      409      663  8.9  6.8 11.0      175      128      222 12.2  8.9 15.5      118       82      154 10.6  7.3 13.9  64799  58601  70997                                        Carson County                                 TX est18all.txt 19NOV2019
48  67     6059     5058     7060 20.4 17.0 23.8     2140     1737     2543 32.0 26.0 38.0     1670     1361     1979 33.9 27.6 40.2  44154  40385  47923                                        Cass County                                   TX est18all.txt 19NOV2019
48  69     1328     1016     1640 17.5 13.4 21.6      523      378      668 24.2 17.5 30.9      371      259      483 23.0 16.0 30.0  45689  41052  50326                                        Castro County                                 TX est18all.txt 19NOV2019
48  71     3593     2814     4372  8.5  6.6 10.4     1280      931     1629 10.9  7.9 13.9      887      614     1160 10.1  7.0 13.2  89513  80633  98393                                        Chambers County                               TX est18all.txt 19NOV2019
48  73     8623     6873    10373 17.4 13.9 20.9     3253     2400     4106 24.6 18.2 31.0     2291     1635     2947 24.1 17.2 31.0  43483  40468  46498                                        Cherokee County                               TX est18all.txt 19NOV2019
48  75     1180      900     1460 21.2 16.2 26.2      360      260      460 25.4 18.3 32.5      244      168      320 23.0 15.9 30.1  42291  37623  46959                                        Childress County                              TX est18all.txt 19NOV2019
48  77     1125      847     1403 10.9  8.2 13.6      348      249      447 16.9 12.1 21.7      248      170      326 15.6 10.7 20.5  58356  53581  63131                                        Clay County                                   TX est18all.txt 19NOV2019
48  79      609      473      745 21.9 17.0 26.8      235      173      297 31.8 23.4 40.2      164      116      212 30.2 21.3 39.1  42873  38191  47555                                        Cochran County                                TX est18all.txt 19NOV2019
48  81      469      365      573 14.1 11.0 17.2      149      107      191 21.4 15.4 27.4      103       71      135 20.6 14.2 27.0  44804  39903  49705                                        Coke County                                   TX est18all.txt 19NOV2019
48  83     1604     1223     1985 19.3 14.7 23.9      528      379      677 30.6 22.0 39.2      362      243      481 28.2 19.0 37.4  39484  35586  43382                                        Coleman County                                TX est18all.txt 19NOV2019
48  85    64180    57746    70614  6.4  5.8  7.0    17331    14050    20612  6.7  5.4  8.0    12463    10150    14776  6.3  5.1  7.5  96936  93514 100358                                        Collin County                                 TX est18all.txt 19NOV2019
48  87      502      382      622 17.3 13.2 21.4      207      149      265 26.7 19.2 34.2      141       97      185 23.7 16.3 31.1  39536  35861  43211                                        Collingsworth County                          TX est18all.txt 19NOV2019
48  89     2845     2157     3533 13.7 10.4 17.0     1047      746     1348 21.9 15.6 28.2      725      489      961 21.1 14.2 28.0  48258  43674  52842                                        Colorado County                               TX est18all.txt 19NOV2019
48  91    10498     8322    12674  7.1  5.6  8.6     3396     2434     4358 10.2  7.3 13.1     2415     1674     3156  9.8  6.8 12.8  76523  72951  80095                                        Comal County                                  TX est18all.txt 19NOV2019
48  93     2180     1673     2687 16.4 12.6 20.2      732      527      937 25.0 18.0 32.0      511      351      671 23.4 16.1 30.7  52251  50494  54008                                        Comanche County                               TX est18all.txt 19NOV2019
48  95      702      520      884 26.6 19.7 33.5      129       93      165 25.7 18.4 33.0       92       63      121 24.0 16.5 31.5  40987  36379  45595                                        Concho County                                 TX est18all.txt 19NOV2019
48  97     5914     4968     6860 14.8 12.4 17.2     2329     1917     2741 24.9 20.5 29.3     1666     1355     1977 25.3 20.6 30.0  52047  47306  56788                                        Cooke County                                  TX est18all.txt 19NOV2019
48  99     9407     7681    11133 15.0 12.2 17.8     3384     2585     4183 20.1 15.4 24.8     2240     1613     2867 19.0 13.7 24.3  48099  43512  52686                                        Coryell County                                TX est18all.txt 19NOV2019
48 101      293      226      360 21.2 16.3 26.1      127       94      160 40.1 29.6 50.6       87       61      113 35.7 25.0 46.4  38304  34114  42494                                        Cottle County                                 TX est18all.txt 19NOV2019
48 103      475      358      592 10.1  7.6 12.6      190      137      243 13.6  9.8 17.4      133       92      174 13.1  9.0 17.2  61987  56771  67203                                        Crane County                                  TX est18all.txt 19NOV2019
48 105      529      404      654 15.3 11.7 18.9      199      143      255 23.4 16.8 30.0      141       97      185 22.7 15.6 29.8  49117  43929  54305                                        Crockett County                               TX est18all.txt 19NOV2019
48 107     1349     1046     1652 23.7 18.4 29.0      563      418      708 37.1 27.6 46.6      408      296      520 36.0 26.1 45.9  37911  34034  41788                                        Crosby County                                 TX est18all.txt 19NOV2019
48 109      444      337      551 20.3 15.4 25.2      162      116      208 32.7 23.5 41.9      114       78      150 33.3 22.9 43.7  42164  37452  46876                                        Culberson County                              TX est18all.txt 19NOV2019
48 111      867      669     1065 12.1  9.3 14.9      409      305      513 18.1 13.5 22.7      265      183      347 16.9 11.7 22.1  50587  45084  56090                                        Dallam County                                 TX est18all.txt 19NOV2019
48 113   368310   345246   391374 14.2 13.3 15.1   141359   130130   152588 20.7 19.1 22.3    99481    90683   108279 20.4 18.6 22.2  59838  58824  60852                                        Dallas County                                 TX est18all.txt 19NOV2019
48 115     2575     2067     3083 22.9 18.4 27.4      948      697     1199 29.9 22.0 37.8      648      444      852 28.1 19.3 36.9  43726  38860  48592                                        Dawson County                                 TX est18all.txt 19NOV2019
48 117     3232     2537     3927 17.5 13.7 21.3     1450     1045     1855 25.3 18.2 32.4     1023      706     1340 24.7 17.0 32.4  44230  40761  47699                                        Deaf Smith County                             TX est18all.txt 19NOV2019
48 119      908      710     1106 17.2 13.5 20.9      318      231      405 26.0 18.9 33.1      221      153      289 25.8 17.8 33.8  44410  39743  49077                                        Delta County                                  TX est18all.txt 19NOV2019
48 121    62151    54410    69892  7.3  6.4  8.2    17019    13350    20688  8.1  6.3  9.9    11288     8511    14065  7.2  5.4  9.0  88384  85598  91170                                        Denton County                                 TX est18all.txt 19NOV2019
48 123     3370     2576     4164 18.4 14.1 22.7     1121      804     1438 25.2 18.1 32.3      792      545     1039 25.0 17.2 32.8  49208  44241  54175                                        DeWitt County                                 TX est18all.txt 19NOV2019
48 125      390      296      484 20.3 15.4 25.2      114       82      146 27.5 19.8 35.2       78       54      102 25.9 17.9 33.9  39627  35598  43656                                        Dickens County                                TX est18all.txt 19NOV2019
48 127     2508     1892     3124 24.6 18.6 30.6     1058      760     1356 35.8 25.7 45.9      729      497      961 33.2 22.6 43.8  37177  33165  41189                                        Dimmit County                                 TX est18all.txt 19NOV2019
48 129      574      438      710 18.6 14.2 23.0      179      130      228 27.8 20.2 35.4      127       89      165 26.9 18.7 35.1  40945  37803  44087                                        Donley County                                 TX est18all.txt 19NOV2019
48 131     2684     2046     3322 25.5 19.4 31.6      996      717     1275 36.1 26.0 46.2      722      501      943 36.4 25.3 47.5  35156  31289  39023                                        Duval County                                  TX est18all.txt 19NOV2019
48 133     3269     2578     3960 18.7 14.8 22.6     1005      725     1285 26.1 18.8 33.4      700      479      921 25.5 17.5 33.5  44773  40136  49410                                        Eastland County                               TX est18all.txt 19NOV2019
48 135    20485    16336    24634 12.9 10.3 15.5     8634     6524    10744 17.9 13.5 22.3     5861     4240     7482 17.3 12.5 22.1  60431  56099  64763                                        Ector County                                  TX est18all.txt 19NOV2019
48 137      425      321      529 22.1 16.7 27.5      162      116      208 37.3 26.8 47.8      116       79      153 37.3 25.6 49.0  37812  33692  41932                                        Edwards County                                TX est18all.txt 19NOV2019
48 139    15609    12601    18617  8.8  7.1 10.5     6602     5253     7951 14.0 11.1 16.9     4640     3559     5721 13.2 10.1 16.3  76792  73595  79989                                        Ellis County                                  TX est18all.txt 19NOV2019
48 141   169120   156631   181609 20.5 19.0 22.0    65348    58280    72416 28.9 25.8 32.0    48513    42818    54208 29.7 26.2 33.2  43948  42064  45832                                        El Paso County                                TX est18all.txt 19NOV2019
48 143     6988     5707     8269 18.1 14.8 21.4     1713     1269     2157 20.1 14.9 25.3     1152      813     1491 18.8 13.3 24.3  47087  42756  51418                                        Erath County                                  TX est18all.txt 19NOV2019
48 145     3331     2553     4109 21.7 16.6 26.8      988      707     1269 27.7 19.8 35.6      662      442      882 26.1 17.4 34.8  37428  33702  41154                                        Falls County                                  TX est18all.txt 19NOV2019
48 147     4466     3409     5523 13.8 10.5 17.1     1453     1046     1860 19.5 14.0 25.0     1015      701     1329 18.1 12.5 23.7  53111  49277  56945                                        Fannin County                                 TX est18all.txt 19NOV2019
48 149     3322     2749     3895 13.3 11.0 15.6      981      768     1194 19.4 15.2 23.6      762      601      923 20.1 15.8 24.4  55776  50318  61234                                        Fayette County                                TX est18all.txt 19NOV2019
48 151      592      460      724 15.5 12.1 18.9      171      125      217 21.3 15.6 27.0      113       77      149 19.2 13.1 25.3  45261  40361  50161                                        Fisher County                                 TX est18all.txt 19NOV2019
48 153     1218      937     1499 21.0 16.2 25.8      519      377      661 33.3 24.2 42.4      367      255      479 30.9 21.5 40.3  39891  35977  43805                                        Floyd County                                  TX est18all.txt 19NOV2019
48 155      210      159      261 18.0 13.7 22.3       76       55       97 31.0 22.3 39.7       54       37       71 26.9 18.4 35.4  37648  33934  41362                                        Foard County                                  TX est18all.txt 19NOV2019
48 157    61455    52778    70132  7.9  6.8  9.0    22372    18291    26453 10.4  8.5 12.3    15736    12439    19033  9.8  7.7 11.9  92310  89314  95306                                        Fort Bend County                              TX est18all.txt 19NOV2019
48 159     1615     1220     2010 15.2 11.5 18.9      599      430      768 23.9 17.1 30.7      405      276      534 21.0 14.3 27.7  48222  43297  53147                                        Franklin County                               TX est18all.txt 19NOV2019
48 161     2493     1889     3097 13.7 10.4 17.0      859      605     1113 19.3 13.6 25.0      611      411      811 18.4 12.4 24.4  49317  44204  54430                                        Freestone County                              TX est18all.txt 19NOV2019
48 163     4511     3411     5611 27.5 20.8 34.2     1524     1102     1946 33.9 24.5 43.3     1063      737     1389 32.7 22.7 42.7  41038  37275  44801                                        Frio County                                   TX est18all.txt 19NOV2019
48 165     3198     2538     3858 15.4 12.2 18.6     1640     1213     2067 22.0 16.3 27.7     1184      844     1524 22.3 15.9 28.7  56321  50737  61905                                        Gaines County                                 TX est18all.txt 19NOV2019
48 167    40109    33759    46459 12.1 10.2 14.0    13421    10494    16348 16.6 13.0 20.2     9137     6918    11356 15.4 11.7 19.1  71959  68304  75614                                        Galveston County                              TX est18all.txt 19NOV2019
48 169     1096      810     1382 24.6 18.2 31.0      277      200      354 26.4 19.0 33.8      192      132      252 25.5 17.6 33.4  46490  41777  51203                                        Garza County                                  TX est18all.txt 19NOV2019
48 171     2527     1947     3107  9.6  7.4 11.8      831      605     1057 15.7 11.4 20.0      576      398      754 14.6 10.1 19.1  61433  55748  67118                                        Gillespie County                              TX est18all.txt 19NOV2019
48 173      134      102      166  9.7  7.4 12.0       48       34       62 13.3  9.5 17.1       35       24       46 13.0  8.9 17.1  83330  74353  92307                                        Glasscock County                              TX est18all.txt 19NOV2019
48 175     1077      827     1327 14.4 11.0 17.8      359      259      459 22.6 16.3 28.9      256      176      336 22.0 15.2 28.8  55008  49148  60868                                        Goliad County                                 TX est18all.txt 19NOV2019
48 177     3465     2705     4225 16.9 13.2 20.6     1402     1030     1774 25.3 18.6 32.0      983      693     1273 24.5 17.3 31.7  49829  46268  53390                                        Gonzales County                               TX est18all.txt 19NOV2019
48 179     3352     2690     4014 16.7 13.4 20.0     1223      929     1517 21.9 16.6 27.2      832      604     1060 20.4 14.8 26.0  49121  44160  54082                                        Gray County                                   TX est18all.txt 19NOV2019
48 181    16116    13243    18989 12.3 10.1 14.5     5208     3871     6545 16.6 12.3 20.9     3588     2578     4598 15.7 11.3 20.1  51403  49552  53254                                        Grayson County                                TX est18all.txt 19NOV2019
48 183    18108    14949    21267 15.1 12.5 17.7     6577     4926     8228 20.9 15.6 26.2     4589     3284     5894 20.2 14.5 25.9  50610  47279  53941                                        Gregg County                                  TX est18all.txt 19NOV2019
48 185     4444     3482     5406 17.5 13.7 21.3     1591     1201     1981 25.3 19.1 31.5     1110      805     1415 24.1 17.5 30.7  49498  44388  54608                                        Grimes County                                 TX est18all.txt 19NOV2019
48 187    13716    11168    16264  8.5  6.9 10.1     4880     3658     6102 12.0  9.0 15.0     3418     2447     4389 11.3  8.1 14.5  73864  71158  76570                                        Guadalupe County                              TX est18all.txt 19NOV2019
48 189     5715     4391     7039 18.4 14.1 22.7     2364     1738     2990 26.2 19.3 33.1     1707     1206     2208 25.1 17.7 32.5  42782  38703  46861                                        Hale County                                   TX est18all.txt 19NOV2019
48 191      718      550      886 24.1 18.5 29.7      266      193      339 38.8 28.2 49.4      196      139      253 35.9 25.4 46.4  32597  29010  36184                                        Hall County                                   TX est18all.txt 19NOV2019
48 193     1221      931     1511 14.7 11.2 18.2      433      311      555 23.4 16.8 30.0      313      216      410 23.4 16.1 30.7  49210  44126  54294                                        Hamilton County                               TX est18all.txt 19NOV2019
48 195      626      474      778 11.6  8.8 14.4      272      195      349 17.2 12.3 22.1      193      132      254 16.6 11.4 21.8  57240  50967  63513                                        Hansford County                               TX est18all.txt 19NOV2019
48 197      680      515      845 17.4 13.2 21.6      222      159      285 27.1 19.4 34.8      158      108      208 25.4 17.4 33.4  42469  38388  46550                                        Hardeman County                               TX est18all.txt 19NOV2019
48 199     7035     5764     8306 12.4 10.2 14.6     2372     1839     2905 17.1 13.3 20.9     1620     1197     2043 16.0 11.8 20.2  60909  54815  67003                                        Hardin County                                 TX est18all.txt 19NOV2019
48 201   767367   737472   797262 16.5 15.9 17.1   306893   291188   322598 24.8 23.5 26.1   211735   200212   223258 23.9 22.6 25.2  60241  59424  61058                                        Harris County                                 TX est18all.txt 19NOV2019
48 203     9584     7425    11743 14.7 11.4 18.0     3777     2810     4744 22.8 17.0 28.6     2769     2022     3516 22.5 16.4 28.6  50131  45550  54712                                        Harrison County                               TX est18all.txt 19NOV2019
48 205      429      323      535  9.5  7.2 11.8      121       87      155 10.3  7.4 13.2       87       60      114  9.9  6.8 13.0  72451  64317  80585                                        Hartley County                                TX est18all.txt 19NOV2019
48 207     1220      933     1507 23.1 17.7 28.5      361      255      467 33.9 23.9 43.9      263      178      348 31.4 21.3 41.5  40880  37845  43915                                        Haskell County                                TX est18all.txt 19NOV2019
48 209    28293    24880    31706 13.2 11.6 14.8     6087     4674     7500 12.1  9.3 14.9     4102     3054     5150 11.2  8.3 14.1  68180  63010  73350                                        Hays County                                   TX est18all.txt 19NOV2019
48 211      366      280      452  9.6  7.3 11.9      156      114      198 13.4  9.8 17.0      109       76      142 12.0  8.4 15.6  66849  59413  74285                                        Hemphill County                               TX est18all.txt 19NOV2019
48 213    15718    13529    17907 19.4 16.7 22.1     5218     4209     6227 29.9 24.1 35.7     3586     2819     4353 27.9 21.9 33.9  43337  40135  46539                                        Henderson County                              TX est18all.txt 19NOV2019
48 215   256985   239243   274727 30.0 27.9 32.1   112825   102239   123411 40.4 36.6 44.2    82415    74920    89910 40.6 36.9 44.3  38785  36844  40726                                        Hidalgo County                                TX est18all.txt 19NOV2019
48 217     4460     3335     5585 12.6  9.4 15.8     1690     1204     2176 20.2 14.4 26.0     1199      820     1578 19.3 13.2 25.4  48670  44941  52399                                        Hill County                                   TX est18all.txt 19NOV2019
48 219     4300     3644     4956 19.5 16.5 22.5     1635     1339     1931 28.1 23.0 33.2     1209      994     1424 28.1 23.1 33.1  46764  42307  51221                                        Hockley County                                TX est18all.txt 19NOV2019
48 221     6108     4898     7318 10.2  8.2 12.2     2133     1594     2672 16.8 12.5 21.1     1377      934     1820 14.8 10.0 19.6  60917  55548  66286                                        Hood County                                   TX est18all.txt 19NOV2019
48 223     5320     4195     6445 14.6 11.5 17.7     1888     1378     2398 21.1 15.4 26.8     1339      941     1737 20.3 14.3 26.3  52079  48297  55861                                        Hopkins County                                TX est18all.txt 19NOV2019
48 225     5323     4391     6255 26.1 21.5 30.7     1862     1542     2182 40.8 33.8 47.8     1250      983     1517 37.2 29.3 45.1  39533  35341  43725                                        Houston County                                TX est18all.txt 19NOV2019
48 227     6263     5215     7311 20.6 17.1 24.1     1915     1501     2329 25.1 19.7 30.5     1384     1063     1705 25.7 19.7 31.7  50423  45715  55131                                        Howard County                                 TX est18all.txt 19NOV2019
48 229      838      647     1029 17.8 13.7 21.9      252      181      323 25.0 17.9 32.1      186      126      246 25.7 17.3 34.1  42671  37880  47462                                        Hudspeth County                               TX est18all.txt 19NOV2019
48 231    12715    10278    15152 13.6 11.0 16.2     4571     3475     5667 20.1 15.3 24.9     3319     2477     4161 20.0 14.9 25.1  53360  48803  57917                                        Hunt County                                   TX est18all.txt 19NOV2019
48 233     2708     2146     3270 13.0 10.3 15.7     1003      767     1239 18.9 14.5 23.3      708      531      885 18.1 13.6 22.6  54351  48923  59779                                        Hutchinson County                             TX est18all.txt 19NOV2019
48 235      123       94      152  8.1  6.2 10.0       34       24       44 10.2  7.3 13.1       23       16       30  9.3  6.3 12.3  56775  50232  63318                                        Irion County                                  TX est18all.txt 19NOV2019
48 237     1359     1075     1643 17.7 14.0 21.4      415      309      521 21.9 16.3 27.5      281      200      362 19.8 14.1 25.5  48780  43403  54157                                        Jack County                                   TX est18all.txt 19NOV2019
48 239     1885     1424     2346 12.9  9.7 16.1      721      515      927 19.4 13.9 24.9      503      343      663 18.7 12.8 24.6  54088  48788  59388                                        Jackson County                                TX est18all.txt 19NOV2019
48 241     6682     5457     7907 19.2 15.7 22.7     2535     1981     3089 29.9 23.4 36.4     1792     1360     2224 28.4 21.5 35.3  47551  43112  51990                                        Jasper County                                 TX est18all.txt 19NOV2019
48 243      284      216      352 13.1  9.9 16.3       33       22       44 34.4 23.3 45.5       26       17       35 41.9 26.5 57.3  51343  45852  56834                                        Jeff Davis County                             TX est18all.txt 19NOV2019
48 245    44682    39207    50157 18.7 16.4 21.0    16742    14305    19179 27.8 23.8 31.8    10965     8815    13115 25.7 20.7 30.7  48121  44914  51328                                        Jefferson County                              TX est18all.txt 19NOV2019
48 247     1318     1023     1613 25.2 19.6 30.8      621      453      789 38.6 28.2 49.0      427      297      557 35.9 25.0 46.8  36176  32222  40130                                        Jim Hogg County                               TX est18all.txt 19NOV2019
48 249     8552     6647    10457 21.2 16.5 25.9     3740     2740     4740 33.3 24.4 42.2     2633     1825     3441 32.2 22.3 42.1  41919  37495  46343                                        Jim Wells County                              TX est18all.txt 19NOV2019
48 251    17965    14699    21231 10.7  8.8 12.6     6792     5276     8308 15.5 12.0 19.0     4752     3541     5963 14.6 10.9 18.3  62635  58589  66681                                        Johnson County                                TX est18all.txt 19NOV2019
48 253     3232     2461     4003 22.0 16.7 27.3      807      587     1027 24.0 17.4 30.6      573      400      746 23.0 16.1 29.9  43903  39640  48166                                        Jones County                                  TX est18all.txt 19NOV2019
48 255     2751     2106     3396 21.8 16.7 26.9      843      610     1076 25.3 18.3 32.3      579      399      759 24.2 16.7 31.7  48743  43434  54052                                        Karnes County                                 TX est18all.txt 19NOV2019
48 257    14539    12403    16675 11.5  9.8 13.2     5365     4251     6479 15.3 12.1 18.5     3457     2541     4373 13.4  9.8 17.0  67434  62603  72265                                        Kaufman County                                TX est18all.txt 19NOV2019
48 259     3361     2555     4167  7.5  5.7  9.3     1084      776     1392 10.5  7.5 13.5      746      511      981  9.3  6.4 12.2  90937  82273  99601                                        Kendall County                                TX est18all.txt 19NOV2019
48 261       63       48       78 14.3 10.8 17.8       24       17       31 20.3 14.6 26.0       16       11       21 15.7 10.8 20.6  42153  37404  46902                                        Kenedy County                                 TX est18all.txt 19NOV2019
48 263       89       68      110 13.3 10.1 16.5       28       20       36 20.3 14.6 26.0       20       14       26 19.2 13.2 25.2  47625  42320  52930                                        Kent County                                   TX est18all.txt 19NOV2019
48 265     7023     5525     8521 13.9 10.9 16.9     2282     1690     2874 23.3 17.3 29.3     1563     1101     2025 22.1 15.6 28.6  53704  48940  58468                                        Kerr County                                   TX est18all.txt 19NOV2019
48 267      760      577      943 17.6 13.4 21.8      272      196      348 35.9 25.9 45.9      200      138      262 35.2 24.2 46.2  42503  37856  47150                                        Kimble County                                 TX est18all.txt 19NOV2019
48 269       38       29       47 13.7 10.5 16.9       11        8       14 15.7 11.4 20.0        8        6       10 14.0  9.8 18.2  57925  51453  64397                                        King County                                   TX est18all.txt 19NOV2019
48 271      724      562      886 21.1 16.4 25.8      188      139      237 26.6 19.6 33.6      131       92      170 23.6 16.6 30.6  43192  38327  48057                                        Kinney County                                 TX est18all.txt 19NOV2019
48 273     7369     6028     8710 25.0 20.5 29.5     2488     1924     3052 33.3 25.7 40.9     1739     1282     2196 33.0 24.3 41.7  42605  39033  46177                                        Kleberg County                                TX est18all.txt 19NOV2019
48 275      723      551      895 20.4 15.6 25.2      302      217      387 31.5 22.7 40.3      214      148      280 30.4 21.1 39.7  39726  35423  44029                                        Knox County                                   TX est18all.txt 19NOV2019
48 277     7066     5601     8531 14.4 11.4 17.4     2591     1843     3339 22.2 15.8 28.6     1832     1251     2413 21.9 14.9 28.9  45767  41739  49795                                        Lamar County                                  TX est18all.txt 19NOV2019
48 279     2587     2061     3113 20.0 15.9 24.1     1010      745     1275 27.8 20.5 35.1      729      528      930 27.5 19.9 35.1  42700  38359  47041                                        Lamb County                                   TX est18all.txt 19NOV2019
48 281     2713     2105     3321 12.9 10.0 15.8      928      671     1185 20.2 14.6 25.8      624      426      822 18.1 12.4 23.8  55151  49682  60620                                        Lampasas County                               TX est18all.txt 19NOV2019
48 283     1737     1328     2146 29.6 22.6 36.6      509      371      647 35.5 25.9 45.1      375      264      486 36.9 26.0 47.8  40072  35785  44359                                        La Salle County                               TX est18all.txt 19NOV2019
48 285     2644     2146     3142 13.5 11.0 16.0     1043      848     1238 22.2 18.1 26.3      652      492      812 18.5 14.0 23.0  51128  46424  55832                                        Lavaca County                                 TX est18all.txt 19NOV2019
48 287     2049     1612     2486 12.3  9.7 14.9      628      453      803 17.8 12.9 22.7      437      301      573 17.2 11.8 22.6  55834  50776  60892                                        Lee County                                    TX est18all.txt 19NOV2019
48 289     2679     2111     3247 15.6 12.3 18.9      939      689     1189 24.4 17.9 30.9      678      482      874 24.3 17.3 31.3  47065  41984  52146                                        Leon County                                   TX est18all.txt 19NOV2019
48 291    12252     9546    14958 15.1 11.8 18.4     5219     3868     6570 23.2 17.2 29.2     3749     2701     4797 23.0 16.6 29.4  52577  49100  56054                                        Liberty County                                TX est18all.txt 19NOV2019
48 293     4860     4038     5682 22.2 18.5 25.9     1701     1371     2031 33.0 26.6 39.4     1160      889     1431 31.5 24.1 38.9  43226  39583  46869                                        Limestone County                              TX est18all.txt 19NOV2019
48 295      397      301      493 12.0  9.1 14.9      150      108      192 17.5 12.6 22.4      107       74      140 16.4 11.3 21.5  57332  52290  62374                                        Lipscomb County                               TX est18all.txt 19NOV2019
48 297     2067     1638     2496 18.7 14.8 22.6      612      454      770 25.6 19.0 32.2      415      292      538 23.9 16.8 31.0  48814  43738  53890                                        Live Oak County                               TX est18all.txt 19NOV2019
48 299     2628     2019     3237 12.3  9.5 15.1      771      554      988 23.4 16.8 30.0      533      364      702 22.7 15.5 29.9  54019  50117  57921                                        Llano County                                  TX est18all.txt 19NOV2019
48 301        5        4        6  3.3  2.3  4.3        5        3        7  9.6  6.1 13.1        3        2        4  7.3  4.1 10.5  78637  69612  87662                                        Loving County                                 TX est18all.txt 19NOV2019
48 303    52037    46683    57391 17.6 15.8 19.4    14597    11359    17835 20.3 15.8 24.8     9991     7380    12602 19.3 14.2 24.4  50377  47726  53028                                        Lubbock County                                TX est18all.txt 19NOV2019
48 305     1063      837     1289 18.3 14.4 22.2      417      313      521 26.8 20.1 33.5      300      219      381 26.0 18.9 33.1  43436  38633  48239                                        Lynn County                                   TX est18all.txt 19NOV2019
48 307     1449     1120     1778 18.5 14.3 22.7      486      349      623 28.2 20.3 36.1      333      227      439 25.5 17.4 33.6  42719  38678  46760                                        McCulloch County                              TX est18all.txt 19NOV2019
48 309    46457    41840    51074 18.9 17.0 20.8    14395    12059    16731 23.4 19.6 27.2     9816     8071    11561 22.4 18.4 26.4  48858  45979  51737                                        McLennan County                               TX est18all.txt 19NOV2019
48 311       82       62      102 11.1  8.4 13.8       21       15       27 15.9 11.4 20.4       15       10       20 14.9 10.2 19.6  64633  57499  71767                                        McMullen County                               TX est18all.txt 19NOV2019
48 313     2122     1611     2633 17.9 13.6 22.2      707      509      905 23.4 16.8 30.0      499      342      656 22.2 15.2 29.2  45445  41496  49394                                        Madison County                                TX est18all.txt 19NOV2019
48 315     2135     1621     2649 21.9 16.6 27.2      605      432      778 34.0 24.3 43.7      431      294      568 32.4 22.1 42.7  38011  34088  41934                                        Marion County                                 TX est18all.txt 19NOV2019
48 317      773      596      950 13.6 10.5 16.7      349      258      440 19.6 14.5 24.7      238      170      306 18.7 13.4 24.0  56484  50754  62214                                        Martin County                                 TX est18all.txt 19NOV2019
48 319      541      411      671 12.7  9.6 15.8      208      150      266 23.4 16.8 30.0      148      102      194 23.1 15.9 30.3  49560  44069  55051                                        Mason County                                  TX est18all.txt 19NOV2019
48 321     6639     5373     7905 18.4 14.9 21.9     2562     1979     3145 27.8 21.5 34.1     1871     1421     2321 28.2 21.4 35.0  48830  43793  53867                                        Matagorda County                              TX est18all.txt 19NOV2019
48 323    14859    12280    17438 25.9 21.4 30.4     6351     4935     7767 35.0 27.2 42.8     4534     3373     5695 35.4 26.3 44.5  35594  31888  39300                                        Maverick County                               TX est18all.txt 19NOV2019
48 325     5988     4509     7467 12.3  9.3 15.3     2077     1464     2690 17.9 12.6 23.2     1501     1014     1988 17.6 11.9 23.3  59304  54647  63961                                        Medina County                                 TX est18all.txt 19NOV2019
48 327      452      342      562 21.6 16.4 26.8      154      110      198 40.8 29.2 52.4      115       79      151 40.2 27.5 52.9  35881  31920  39842                                        Menard County                                 TX est18all.txt 19NOV2019
48 329    17351    14194    20508 10.1  8.3 11.9     6567     5018     8116 13.5 10.3 16.7     4635     3418     5852 13.8 10.2 17.4  80189  76058  84320                                        Midland County                                TX est18all.txt 19NOV2019
48 331     3839     2913     4765 15.6 11.8 19.4     1524     1096     1952 25.4 18.3 32.5     1091      745     1437 24.6 16.8 32.4  46720  42126  51314                                        Milam County                                  TX est18all.txt 19NOV2019
48 333      693      518      868 14.6 10.9 18.3      229      165      293 24.6 17.7 31.5      158      109      207 22.7 15.7 29.7  47068  43674  50462                                        Mills County                                  TX est18all.txt 19NOV2019
48 335     1432     1098     1766 21.4 16.4 26.4      462      334      590 26.7 19.3 34.1      324      223      425 25.8 17.8 33.8  48529  44404  52654                                        Mitchell County                               TX est18all.txt 19NOV2019
48 337     2668     2068     3268 13.8 10.7 16.9      918      663     1173 20.9 15.1 26.7      640      446      834 19.9 13.9 25.9  50542  46492  54592                                        Montague County                               TX est18all.txt 19NOV2019
48 339    54400    46616    62184  9.3  8.0 10.6    19867    15650    24084 12.9 10.2 15.6    13509    10131    16887 11.8  8.8 14.8  77598  74462  80734                                        Montgomery County                             TX est18all.txt 19NOV2019
48 341     2588     2036     3140 12.2  9.6 14.8     1140      851     1429 16.8 12.5 21.1      766      538      994 16.4 11.5 21.3  53785  48338  59232                                        Moore County                                  TX est18all.txt 19NOV2019
48 343     2462     1968     2956 20.2 16.2 24.2      864      644     1084 31.1 23.2 39.0      624      453      795 29.9 21.7 38.1  41418  37643  45193                                        Morris County                                 TX est18all.txt 19NOV2019
48 345      219      166      272 17.8 13.5 22.1       73       52       94 30.3 21.7 38.9       53       36       70 29.3 20.0 38.6  41009  36810  45208                                        Motley County                                 TX est18all.txt 19NOV2019
48 347    13110    10875    15345 21.6 17.9 25.3     3837     2780     4894 25.5 18.5 32.5     2811     2002     3620 26.0 18.5 33.5  45357  42802  47912                                        Nacogdoches County                            TX est18all.txt 19NOV2019
48 349     9739     8283    11195 20.0 17.0 23.0     3575     2820     4330 27.7 21.8 33.6     2350     1751     2949 25.4 18.9 31.9  46259  42686  49832                                        Navarro County                                TX est18all.txt 19NOV2019
48 351     2898     2325     3471 22.3 17.9 26.7      802      598     1006 29.2 21.8 36.6      557      397      717 26.9 19.2 34.6  43367  38632  48102                                        Newton County                                 TX est18all.txt 19NOV2019
48 353     2615     2068     3162 18.2 14.4 22.0     1012      730     1294 26.5 19.1 33.9      703      480      926 25.3 17.3 33.3  42522  38066  46978                                        Nolan County                                  TX est18all.txt 19NOV2019
48 355    57694    51014    64374 16.2 14.3 18.1    19814    16272    23356 22.6 18.6 26.6    12857     9985    15729 20.3 15.8 24.8  53034  49682  56386                                        Nueces County                                 TX est18all.txt 19NOV2019
48 357     1040      783     1297 10.5  7.9 13.1      489      351      627 15.7 11.2 20.2      340      232      448 15.1 10.3 19.9  49845  45163  54527                                        Ochiltree County                              TX est18all.txt 19NOV2019
48 359      245      187      303 13.0  9.9 16.1       75       53       97 25.4 18.1 32.7       45       31       59 23.0 15.9 30.1  56590  51168  62012                                        Oldham County                                 TX est18all.txt 19NOV2019
48 361    11101     8707    13495 13.4 10.5 16.3     4106     3024     5188 20.1 14.8 25.4     2763     1896     3630 18.8 12.9 24.7  56556  52464  60648                                        Orange County                                 TX est18all.txt 19NOV2019
48 363     4529     3573     5485 15.9 12.5 19.3     1648     1185     2111 25.0 18.0 32.0     1127      765     1489 23.4 15.9 30.9  46067  41492  50642                                        Palo Pinto County                             TX est18all.txt 19NOV2019
48 365     3578     2880     4276 15.7 12.6 18.8     1386     1111     1661 25.9 20.7 31.1      949      719     1179 23.8 18.0 29.6  51192  46331  56053                                        Panola County                                 TX est18all.txt 19NOV2019
48 367    11289     9098    13480  8.3  6.7  9.9     3910     2874     4946 11.5  8.4 14.6     2659     1850     3468 10.5  7.3 13.7  73718  67691  79745                                        Parker County                                 TX est18all.txt 19NOV2019
48 369     1325     1005     1645 13.5 10.2 16.8      538      388      688 19.2 13.8 24.6      385      265      505 19.1 13.1 25.1  50539  45283  55795                                        Parmer County                                 TX est18all.txt 19NOV2019
48 371     2650     2043     3257 19.5 15.0 24.0      920      685     1155 24.3 18.1 30.5      669      485      853 24.2 17.6 30.8  47008  42044  51972                                        Pecos County                                  TX est18all.txt 19NOV2019
48 373     6834     5405     8263 15.0 11.9 18.1     2458     1762     3154 24.7 17.7 31.7     1726     1195     2257 23.8 16.5 31.1  46017  41985  50049                                        Polk County                                   TX est18all.txt 19NOV2019
48 375    22262    19132    25392 19.7 16.9 22.5     8973     7212    10734 27.7 22.3 33.1     6333     4890     7776 27.3 21.1 33.5  41912  38795  45029                                        Potter County                                 TX est18all.txt 19NOV2019
48 377     1557     1235     1879 22.4 17.8 27.0      645      485      805 35.2 26.5 43.9      496      363      629 39.0 28.6 49.4  37738  33437  42039                                        Presidio County                               TX est18all.txt 19NOV2019
48 379     1752     1337     2167 14.5 11.1 17.9      567      407      727 23.7 17.0 30.4      400      275      525 22.0 15.1 28.9  47572  43877  51267                                        Rains County                                  TX est18all.txt 19NOV2019
48 381    11343     9046    13640  8.5  6.8 10.2     3651     2730     4572 11.4  8.5 14.3     2538     1842     3234 10.9  7.9 13.9  69600  65886  73314                                        Randall County                                TX est18all.txt 19NOV2019
48 383      371      282      460 10.0  7.6 12.4      146      105      187 13.5  9.7 17.3      106       73      139 13.3  9.2 17.4  65273  59538  71008                                        Reagan County                                 TX est18all.txt 19NOV2019
48 385      616      474      758 18.1 13.9 22.3      204      147      261 35.6 25.6 45.6      152      103      201 37.7 25.5 49.9  39506  35153  43859                                        Real County                                   TX est18all.txt 19NOV2019
48 387     2185     1688     2682 18.2 14.1 22.3      687      499      875 28.6 20.8 36.4      495      348      642 28.0 19.7 36.3  42233  38485  45981                                        Red River County                              TX est18all.txt 19NOV2019
48 389     2693     2004     3382 21.5 16.0 27.0      769      550      988 21.9 15.7 28.1      541      371      711 21.7 14.9 28.5  45341  41216  49466                                        Reeves County                                 TX est18all.txt 19NOV2019
48 391     1125      854     1396 16.3 12.4 20.2      402      287      517 25.5 18.2 32.8      287      196      378 25.4 17.3 33.5  44821  40015  49627                                        Refugio County                                TX est18all.txt 19NOV2019
48 393       70       54       86  7.8  6.0  9.6       22       16       28 10.2  7.4 13.0       16       11       21 10.2  7.1 13.3  67470  59965  74975                                        Roberts County                                TX est18all.txt 19NOV2019
48 395     2699     2062     3336 15.8 12.1 19.5     1052      746     1358 25.6 18.2 33.0      745      505      985 24.9 16.9 32.9  44917  40865  48969                                        Robertson County                              TX est18all.txt 19NOV2019
48 397     5125     4003     6247  5.1  4.0  6.2     1854     1348     2360  6.9  5.0  8.8     1316      931     1701  6.4  4.5  8.3 102858  95299 110417                                        Rockwall County                               TX est18all.txt 19NOV2019
48 399     1692     1310     2074 16.9 13.1 20.7      551      406      696 23.9 17.6 30.2      380      265      495 21.7 15.1 28.3  42205  38590  45820                                        Runnels County                                TX est18all.txt 19NOV2019
48 401     7900     6155     9645 16.4 12.8 20.0     2487     1794     3180 20.8 15.0 26.6     1727     1176     2278 19.3 13.1 25.5  49788  45234  54342                                        Rusk County                                   TX est18all.txt 19NOV2019
48 403     1845     1445     2245 17.6 13.8 21.4      562      410      714 28.5 20.8 36.2      392      273      511 27.1 18.8 35.4  40641  36153  45129                                        Sabine County                                 TX est18all.txt 19NOV2019
48 405     1777     1372     2182 22.2 17.1 27.3      548      398      698 34.3 24.9 43.7      394      277      511 33.3 23.4 43.2  38826  34688  42964                                        San Augustine County                          TX est18all.txt 19NOV2019
48 407     4981     3840     6122 17.5 13.5 21.5     1733     1270     2196 28.4 20.8 36.0     1182      815     1549 26.2 18.1 34.3  47028  42687  51369                                        San Jacinto County                            TX est18all.txt 19NOV2019
48 409    11425     9480    13370 17.3 14.4 20.2     4599     3628     5570 26.1 20.6 31.6     3266     2495     4037 25.6 19.6 31.6  53559  49185  57933                                        San Patricio County                           TX est18all.txt 19NOV2019
48 411      896      663     1129 16.8 12.4 21.2      326      232      420 28.0 19.9 36.1      228      155      301 26.9 18.3 35.5  43827  39100  48554                                        San Saba County                               TX est18all.txt 19NOV2019
48 413      476      372      580 16.5 12.9 20.1      174      128      220 23.8 17.5 30.1      124       88      160 21.2 15.1 27.3  47317  42009  52625                                        Schleicher County                             TX est18all.txt 19NOV2019
48 415     2408     1857     2959 15.8 12.2 19.4      892      660     1124 21.3 15.7 26.9      594      412      776 19.6 13.6 25.6  53059  47636  58482                                        Scurry County                                 TX est18all.txt 19NOV2019
48 417      432      328      536 13.4 10.2 16.6      150      108      192 20.5 14.8 26.2      105       72      138 18.9 13.0 24.8  57126  50778  63474                                        Shackelford County                            TX est18all.txt 19NOV2019
48 419     5173     4198     6148 20.6 16.7 24.5     1944     1504     2384 30.1 23.3 36.9     1415     1058     1772 30.3 22.7 37.9  41961  37564  46358                                        Shelby County                                 TX est18all.txt 19NOV2019
48 421      368      281      455 12.1  9.2 15.0      136       99      173 15.9 11.6 20.2       95       67      123 14.5 10.2 18.8  57052  50737  63367                                        Sherman County                                TX est18all.txt 19NOV2019
48 423    33744    29061    38427 15.0 12.9 17.1    12359    10040    14678 22.2 18.0 26.4     8563     6780    10346 21.4 16.9 25.9  56848  53262  60434                                        Smith County                                  TX est18all.txt 19NOV2019
48 425      854      659     1049  9.7  7.5 11.9      280      200      360 14.2 10.1 18.3      203      139      267 13.5  9.2 17.8  63929  56970  70888                                        Somervell County                              TX est18all.txt 19NOV2019
48 427    21151    18196    24106 33.2 28.6 37.8     9563     7862    11264 45.3 37.2 53.4     6832     5548     8116 46.0 37.4 54.6  30490  27531  33449                                        Starr County                                  TX est18all.txt 19NOV2019
48 429     1696     1331     2061 19.4 15.2 23.6      614      464      764 30.4 22.9 37.9      456      340      572 30.2 22.5 37.9  43115  38570  47660                                        Stephens County                               TX est18all.txt 19NOV2019
48 431      161      122      200 12.6  9.6 15.6       64       46       82 17.3 12.4 22.2       46       32       60 17.5 12.1 22.9  59064  52761  65367                                        Sterling County                               TX est18all.txt 19NOV2019
48 433      194      146      242 14.6 11.0 18.2       53       38       68 17.8 12.8 22.8       37       25       49 16.7 11.4 22.0  46915  41975  51855                                        Stonewall County                              TX est18all.txt 19NOV2019
48 435      531      405      657 14.2 10.8 17.6      201      146      256 22.6 16.4 28.8      146      101      191 22.6 15.7 29.5  54774  49555  59993                                        Sutton County                                 TX est18all.txt 19NOV2019
48 437     1312      998     1626 19.2 14.6 23.8      543      392      694 29.2 21.1 37.3      374      257      491 26.7 18.3 35.1  43084  38379  47789                                        Swisher County                                TX est18all.txt 19NOV2019
48 439   248032   231048   265016 12.1 11.3 12.9    91110    82642    99578 16.8 15.2 18.4    61341    54512    68170 15.4 13.7 17.1  66059  64733  67385                                        Tarrant County                                TX est18all.txt 19NOV2019
48 441    21301    18498    24104 16.0 13.9 18.1     7406     5984     8828 22.1 17.8 26.4     5318     4299     6337 22.7 18.4 27.0  48040  45330  50750                                        Taylor County                                 TX est18all.txt 19NOV2019
48 443      155      118      192 18.9 14.4 23.4       37       26       48 22.8 16.3 29.3       26       18       34 21.8 14.9 28.7  41413  36877  45949                                        Terrell County                                TX est18all.txt 19NOV2019
48 445     2529     1969     3089 22.4 17.5 27.3     1094      812     1376 32.6 24.2 41.0      774      557      991 32.6 23.5 41.7  41268  36850  45686                                        Terry County                                  TX est18all.txt 19NOV2019
48 447      217      165      269 14.3 10.9 17.7       72       52       92 24.3 17.5 31.1       50       34       66 22.5 15.4 29.6  42701  38246  47156                                        Throckmorton County                           TX est18all.txt 19NOV2019
48 449     6035     4980     7090 18.6 15.4 21.8     2814     2321     3307 29.7 24.5 34.9     1956     1577     2335 28.5 23.0 34.0  45604  41155  50053                                        Titus County                                  TX est18all.txt 19NOV2019
48 451    17558    14728    20388 15.5 13.0 18.0     6605     5419     7791 23.7 19.4 28.0     4702     3776     5628 23.6 18.9 28.3  51393  47717  55069                                        Tom Green County                              TX est18all.txt 19NOV2019
48 453   146724   136547   156901 12.0 11.2 12.8    40506    35542    45470 15.2 13.3 17.1    26892    23136    30648 14.2 12.2 16.2  76255  74141  78369                                        Travis County                                 TX est18all.txt 19NOV2019
48 455     2581     1946     3216 17.7 13.3 22.1      883      629     1137 30.3 21.6 39.0      620      422      818 29.1 19.8 38.4  40486  36300  44672                                        Trinity County                                TX est18all.txt 19NOV2019
48 457     3584     2724     4444 18.2 13.8 22.6     1080      777     1383 26.4 19.0 33.8      764      528     1000 24.9 17.2 32.6  44041  39565  48517                                        Tyler County                                  TX est18all.txt 19NOV2019
48 459     6455     5155     7755 15.9 12.7 19.1     2028     1443     2613 21.1 15.0 27.2     1456      999     1913 20.2 13.9 26.5  48554  44034  53074                                        Upshur County                                 TX est18all.txt 19NOV2019
48 461      512      391      633 14.2 10.8 17.6      217      158      276 20.2 14.7 25.7      150      103      197 19.4 13.4 25.4  53867  48001  59733                                        Upton County                                  TX est18all.txt 19NOV2019
48 463     5999     4782     7216 22.9 18.3 27.5     2512     1900     3124 35.0 26.5 43.5     1703     1206     2200 32.5 23.0 42.0  39725  35358  44092                                        Uvalde County                                 TX est18all.txt 19NOV2019
48 465     8950     6886    11014 18.9 14.5 23.3     3991     2872     5110 28.9 20.8 37.0     2860     1968     3752 29.7 20.4 39.0  44276  39819  48733                                        Val Verde County                              TX est18all.txt 19NOV2019
48 467     8598     7139    10057 15.6 13.0 18.2     2626     2010     3242 20.8 15.9 25.7     1818     1335     2301 19.3 14.2 24.4  51152  46761  55543                                        Van Zandt County                              TX est18all.txt 19NOV2019
48 469    13855    11646    16064 15.4 13.0 17.8     4891     3581     6201 21.4 15.7 27.1     3394     2380     4408 20.5 14.4 26.6  51646  47731  55561                                        Victoria County                               TX est18all.txt 19NOV2019
48 471    14525    12569    16481 26.1 22.6 29.6     3003     2420     3586 28.3 22.8 33.8     2057     1584     2530 27.4 21.1 33.7  43681  39336  48026                                        Walker County                                 TX est18all.txt 19NOV2019
48 473     7776     6354     9198 15.9 13.0 18.8     2538     1858     3218 19.9 14.6 25.2     1756     1245     2267 19.0 13.5 24.5  59807  54090  65524                                        Waller County                                 TX est18all.txt 19NOV2019
48 475     1611     1259     1963 13.9 10.9 16.9      585      431      739 17.7 13.0 22.4      411      293      529 17.0 12.1 21.9  53621  47928  59314                                        Ward County                                   TX est18all.txt 19NOV2019
48 477     4566     3648     5484 13.8 11.0 16.6     1466     1073     1859 19.5 14.3 24.7      993      677     1309 18.1 12.3 23.9  54332  48880  59784                                        Washington County                             TX est18all.txt 19NOV2019
48 479    69860    62297    77423 25.7 22.9 28.5    31121    26765    35477 34.6 29.8 39.4    21267    18132    24402 33.1 28.2 38.0  44919  42391  47447                                        Webb County                                   TX est18all.txt 19NOV2019
48 481     6909     5600     8218 16.8 13.6 20.0     2768     2196     3340 26.0 20.6 31.4     1779     1339     2219 22.8 17.2 28.4  48040  43758  52322                                        Wharton County                                TX est18all.txt 19NOV2019
48 483      721      569      873 14.0 11.0 17.0      271      205      337 20.9 15.8 26.0      189      139      239 19.9 14.6 25.2  48018  42709  53327                                        Wheeler County                                TX est18all.txt 19NOV2019
48 485    21221    18456    23986 17.8 15.5 20.1     6528     5098     7958 22.4 17.5 27.3     4311     3140     5482 20.7 15.1 26.3  47477  44425  50529                                        Wichita County                                TX est18all.txt 19NOV2019
48 487     1905     1512     2298 15.3 12.1 18.5      657      492      822 23.6 17.7 29.5      439      311      567 22.1 15.7 28.5  44735  40346  49124                                        Wilbarger County                              TX est18all.txt 19NOV2019
48 489     6369     5089     7649 35.0 28.0 42.0     2243     1696     2790 44.5 33.7 55.3     1648     1214     2082 44.9 33.1 56.7  33171  29564  36778                                        Willacy County                                TX est18all.txt 19NOV2019
48 491    35829    31324    40334  6.4  5.6  7.2    11337     9017    13657  7.9  6.3  9.5     7340     5587     9093  6.9  5.3  8.5  87817  84948  90686                                        Williamson County                             TX est18all.txt 19NOV2019
48 493     5400     4393     6407 10.9  8.9 12.9     1735     1333     2137 14.6 11.2 18.0     1252      951     1553 14.1 10.7 17.5  71207  66066  76348                                        Wilson County                                 TX est18all.txt 19NOV2019
48 495     1069      818     1320 14.1 10.8 17.4      454      331      577 20.1 14.6 25.6      321      224      418 19.0 13.2 24.8  56781  50577  62985                                        Winkler County                                TX est18all.txt 19NOV2019
48 497     6643     5266     8020  9.9  7.9 11.9     2344     1729     2959 14.1 10.4 17.8     1657     1175     2139 13.3  9.4 17.2  66387  60665  72109                                        Wise County                                   TX est18all.txt 19NOV2019
48 499     6625     5275     7975 15.3 12.2 18.4     2116     1572     2660 24.9 18.5 31.3     1488     1057     1919 23.6 16.8 30.4  48384  43661  53107                                        Wood County                                   TX est18all.txt 19NOV2019
48 501     1028      785     1271 12.1  9.2 15.0      454      327      581 16.3 11.7 20.9      319      219      419 15.8 10.8 20.8  61560  55684  67436                                        Yoakum County                                 TX est18all.txt 19NOV2019
48 503     2468     1872     3064 13.9 10.5 17.3      873      606     1140 20.4 14.2 26.6      623      412      834 19.5 12.9 26.1  49301  44539  54063                                        Young County                                  TX est18all.txt 19NOV2019
48 505     4529     3653     5405 32.1 25.9 38.3     2297     1789     2805 49.1 38.2 60.0     1583     1180     1986 46.5 34.6 58.4  33160  29614  36706                                        Zapata County                                 TX est18all.txt 19NOV2019
48 507     3701     2870     4532 32.0 24.8 39.2     1549     1147     1951 44.5 32.9 56.1     1116      795     1437 43.4 30.9 55.9  30076  26871  33281                                        Zavala County                                 TX est18all.txt 19NOV2019
49   0   283562   272328   294796  9.1  8.7  9.5    89015    82557    95473  9.7  9.0 10.4    59921    54228    65614  9.0  8.1  9.9  71381  70662  72100   26242   23344   29140 10.6  9.4 11.8 Utah                                          UT est18all.txt 19NOV2019
49   1      613      466      760  9.4  7.1 11.7      287      202      372 13.7  9.6 17.8      196      131      261 12.9  8.6 17.2  55940  51739  60141                                        Beaver County                                 UT est18all.txt 19NOV2019
49   3     3986     3067     4905  7.3  5.6  9.0     1581     1113     2049  9.2  6.5 11.9     1097      740     1454  8.6  5.8 11.4  62689  59611  65767                                        Box Elder County                              UT est18all.txt 19NOV2019
49   5    15830    13729    17931 12.9 11.2 14.6     4418     3553     5283 11.6  9.3 13.9     2699     2016     3382  9.8  7.3 12.3  60315  55845  64785                                        Cache County                                  UT est18all.txt 19NOV2019
49   7     2853     2264     3442 14.4 11.4 17.4      874      633     1115 17.0 12.3 21.7      595      410      780 15.3 10.5 20.1  51394  46333  56455                                        Carbon County                                 UT est18all.txt 19NOV2019
49   9       64       48       80  6.5  4.9  8.1       16       11       21  7.4  5.2  9.6       11        7       15  6.5  4.2  8.8  58910  52441  65379                                        Daggett County                                UT est18all.txt 19NOV2019
49  11    19798    16091    23505  5.7  4.6  6.8     7111     5412     8810  6.4  4.9  7.9     4664     3358     5970  5.7  4.1  7.3  84381  81404  87358                                        Davis County                                  UT est18all.txt 19NOV2019
49  13     2335     1874     2796 11.9  9.5 14.3      897      657     1137 13.6 10.0 17.2      598      406      790 12.5  8.5 16.5  60767  56582  64952                                        Duchesne County                               UT est18all.txt 19NOV2019
49  15     1247      988     1506 12.5  9.9 15.1      473      359      587 16.6 12.6 20.6      329      242      416 14.6 10.7 18.5  54213  49302  59124                                        Emery County                                  UT est18all.txt 19NOV2019
49  17      551      435      667 11.2  8.8 13.6      215      164      266 19.1 14.5 23.7      143      102      184 17.3 12.4 22.2  51028  45534  56522                                        Garfield County                               UT est18all.txt 19NOV2019
49  19     1092      831     1353 11.3  8.6 14.0      329      233      425 16.2 11.5 20.9      226      151      301 15.7 10.5 20.9  50750  45527  55973                                        Grand County                                  UT est18all.txt 19NOV2019
49  21     7444     6133     8755 14.4 11.9 16.9     2479     1782     3176 16.4 11.8 21.0     1711     1173     2249 15.6 10.7 20.5  51393  47648  55138                                        Iron County                                   UT est18all.txt 19NOV2019
49  23      968      730     1206  8.5  6.4 10.6      418      293      543 10.7  7.5 13.9      294      196      392 10.2  6.8 13.6  65379  58978  71780                                        Juab County                                   UT est18all.txt 19NOV2019
49  25      779      610      948 10.5  8.2 12.8      260      182      338 14.5 10.2 18.8      181      120      242 13.6  9.0 18.2  52355  46841  57869                                        Kane County                                   UT est18all.txt 19NOV2019
49  27     1453     1107     1799 11.3  8.6 14.0      581      407      755 14.7 10.3 19.1      388      254      522 13.2  8.6 17.8  58644  53776  63512                                        Millard County                                UT est18all.txt 19NOV2019
49  29      478      363      593  4.0  3.0  5.0      159      111      207  3.8  2.7  4.9      110       73      147  3.3  2.2  4.4  98875  88340 109410                                        Morgan County                                 UT est18all.txt 19NOV2019
49  31      262      209      315 18.6 14.8 22.4       91       65      117 30.8 22.1 39.5       66       46       86 26.6 18.4 34.8  40387  35903  44871                                        Piute County                                  UT est18all.txt 19NOV2019
49  33      218      164      272  8.9  6.7 11.1       81       57      105 11.4  8.0 14.8       56       37       75 10.6  7.1 14.1  60695  54151  67239                                        Rich County                                   UT est18all.txt 19NOV2019
49  35   102660    93965   111355  9.0  8.2  9.8    32035    27380    36690 10.4  8.9 11.9    21470    17969    24971  9.7  8.1 11.3  73619  71800  75438                                        Salt Lake County                              UT est18all.txt 19NOV2019
49  37     3419     2688     4150 22.6 17.8 27.4     1260      911     1609 26.8 19.4 34.2      859      600     1118 24.5 17.1 31.9  42982  38468  47496                                        San Juan County                               UT est18all.txt 19NOV2019
49  39     4116     3249     4983 14.8 11.7 17.9     1235      884     1586 16.3 11.7 20.9      856      579     1133 15.4 10.4 20.4  52910  48373  57447                                        Sanpete County                                UT est18all.txt 19NOV2019
49  41     2544     2013     3075 12.0  9.5 14.5      972      702     1242 15.6 11.3 19.9      637      430      844 13.7  9.2 18.2  54339  51131  57547                                        Sevier County                                 UT est18all.txt 19NOV2019
49  43     2570     2120     3020  6.2  5.1  7.3      590      415      765  5.8  4.1  7.5      422      287      557  5.3  3.6  7.0 105374  95021 115727                                        Summit County                                 UT est18all.txt 19NOV2019
49  45     4744     3805     5683  6.8  5.4  8.2     1663     1179     2147  7.4  5.3  9.5     1104      730     1478  6.5  4.3  8.7  73584  68007  79161                                        Tooele County                                 UT est18all.txt 19NOV2019
49  47     4031     3206     4856 11.5  9.1 13.9     1570     1167     1973 13.5 10.0 17.0     1044      724     1364 12.2  8.5 15.9  63631  59833  67429                                        Uintah County                                 UT est18all.txt 19NOV2019
49  49    57136    51766    62506  9.4  8.5 10.3    15423    12740    18106  7.5  6.2  8.8    10621     8520    12722  7.2  5.8  8.6  75296  73783  76809                                        Utah County                                   UT est18all.txt 19NOV2019
49  51     1750     1361     2139  5.3  4.1  6.5      666      475      857  6.4  4.6  8.2      446      301      591  5.7  3.8  7.6  85380  76715  94045                                        Wasatch County                                UT est18all.txt 19NOV2019
49  53    16435    13679    19191  9.7  8.1 11.3     5135     3719     6551 11.7  8.5 14.9     3596     2501     4691 11.1  7.7 14.5  57069  54060  60078                                        Washington County                             UT est18all.txt 19NOV2019
49  55      347      268      426 12.9 10.0 15.8      113       78      148 17.2 11.9 22.5       81       53      109 16.4 10.8 22.0  47175  41938  52412                                        Wayne County                                  UT est18all.txt 19NOV2019
49  57    23839    20430    27248  9.4  8.1 10.7     8084     6539     9629 11.3  9.1 13.5     5421     4246     6596 10.4  8.1 12.7  68106  65255  70957                                        Weber County                                  UT est18all.txt 19NOV2019
50   0    64431    60844    68018 10.7 10.1 11.3    13791    12515    15067 12.2 11.1 13.3     9359     8198    10520 11.3  9.9 12.7  60917  59541  62293    3420    2872    3968 11.9 10.0 13.8 Vermont                                       VT est18all.txt 19NOV2019
50   1     3042     2338     3746  8.9  6.8 11.0      589      406      772  9.6  6.6 12.6      389      249      529  8.7  5.6 11.8  68878  63850  73906                                        Addison County                                VT est18all.txt 19NOV2019
50   3     3905     3046     4764 11.4  8.9 13.9     1086      749     1423 16.5 11.4 21.6      684      423      945 14.0  8.7 19.3  52510  47622  57398                                        Bennington County                             VT est18all.txt 19NOV2019
50   5     3648     2882     4414 12.5  9.9 15.1      860      581     1139 15.1 10.2 20.0      586      373      799 14.0  8.9 19.1  50368  46089  54647                                        Caledonia County                              VT est18all.txt 19NOV2019
50   7    16039    13992    18086 10.4  9.1 11.7     2294     1689     2899  8.0  5.9 10.1     1618     1162     2074  7.8  5.6 10.0  74240  69841  78639                                        Chittenden County                             VT est18all.txt 19NOV2019
50   9      964      738     1190 15.5 11.9 19.1      262      182      342 24.1 16.7 31.5      182      120      244 23.2 15.3 31.1  43671  39822  47520                                        Essex County                                  VT est18all.txt 19NOV2019
50  11     5398     4381     6415 11.1  9.0 13.2     1405     1031     1779 13.1  9.6 16.6      963      680     1246 12.4  8.8 16.0  61129  56304  65954                                        Franklin County                               VT est18all.txt 19NOV2019
50  13      579      432      726  8.2  6.1 10.3      156      103      209 12.4  8.2 16.6      108       67      149 11.3  7.0 15.6  67746  61189  74303                                        Grand Isle County                             VT est18all.txt 19NOV2019
50  15     2696     2125     3267 11.0  8.7 13.3      655      458      852 13.0  9.1 16.9      460      312      608 12.5  8.5 16.5  60230  55666  64794                                        Lamoille County                               VT est18all.txt 19NOV2019
50  17     2901     2250     3552 10.2  7.9 12.5      669      465      873 12.9  9.0 16.8      474      312      636 12.5  8.2 16.8  62300  59184  65416                                        Orange County                                 VT est18all.txt 19NOV2019
50  19     3194     2455     3933 12.2  9.4 15.0      851      554     1148 16.7 10.9 22.5      621      388      854 16.6 10.4 22.8  48688  45554  51822                                        Orleans County                                VT est18all.txt 19NOV2019
50  21     5842     4556     7128 10.4  8.1 12.7     1369      914     1824 13.5  9.0 18.0      929      573     1285 12.5  7.7 17.3  51723  47590  55856                                        Rutland County                                VT est18all.txt 19NOV2019
50  23     6031     5046     7016 10.8  9.0 12.6     1323     1010     1636 12.3  9.4 15.2      862      616     1108 10.9  7.8 14.0  61808  56339  67277                                        Washington County                             VT est18all.txt 19NOV2019
50  25     4965     4079     5851 12.0  9.9 14.1     1167      856     1478 16.1 11.8 20.4      712      458      966 13.3  8.5 18.1  54441  51104  57778                                        Windham County                                VT est18all.txt 19NOV2019
50  27     5227     4148     6306  9.6  7.6 11.6     1105      766     1444 11.3  7.8 14.8      771      515     1027 10.6  7.1 14.1  57438  54398  60478                                        Windsor County                                VT est18all.txt 19NOV2019
51   0   884898   865159   904637 10.7 10.5 10.9   253481   242464   264498 13.8 13.2 14.4   169939   160497   179381 12.8 12.1 13.5  72600  71931  73269   75718   70578   80858 15.2 14.2 16.2 Virginia                                      VA est18all.txt 19NOV2019
51   1     5552     4388     6716 17.3 13.7 20.9     1761     1287     2235 27.0 19.7 34.3     1223      840     1606 25.7 17.6 33.8  42879  39027  46731                                        Accomack County                               VA est18all.txt 19NOV2019
51   3     8912     7401    10423  8.7  7.2 10.2     2049     1603     2495  9.6  7.5 11.7     1208      859     1557  7.8  5.6 10.0  80392  73819  86965                                        Albemarle County                              VA est18all.txt 19NOV2019
51   5     2164     1774     2554 14.8 12.1 17.5      571      425      717 21.1 15.7 26.5      378      262      494 18.3 12.7 23.9  46538  41900  51176                                        Alleghany County                              VA est18all.txt 19NOV2019
51   7     1273      981     1565  9.9  7.6 12.2      346      245      447 13.2  9.4 17.0      232      154      310 11.8  7.8 15.8  57280  51262  63298                                        Amelia County                                 VA est18all.txt 19NOV2019
51   9     3969     3180     4758 13.0 10.4 15.6     1130      819     1441 18.5 13.4 23.6      762      526      998 17.1 11.8 22.4  50580  45450  55710                                        Amherst County                                VA est18all.txt 19NOV2019
51  11     2123     1707     2539 13.5 10.9 16.1      637      479      795 19.4 14.6 24.2      438      314      562 18.4 13.2 23.6  51131  45807  56455                                        Appomattox County                             VA est18all.txt 19NOV2019
51  13    14842    12326    17358  6.3  5.2  7.4     3102     2249     3955  7.3  5.3  9.3     2094     1462     2726  7.4  5.2  9.6 120950 117298 124602                                        Arlington County                              VA est18all.txt 19NOV2019
51  15     6531     5264     7798  9.0  7.2 10.8     1721     1264     2178 12.2  9.0 15.4     1088      726     1450 10.2  6.8 13.6  60556  56655  64457                                        Augusta County                                VA est18all.txt 19NOV2019
51  17      451      348      554 10.7  8.3 13.1       94       67      121 14.8 10.5 19.1       65       44       86 14.5  9.7 19.3  50564  44947  56181                                        Bath County                                   VA est18all.txt 19NOV2019
51  19     8162     6785     9539 10.4  8.6 12.2     2018     1531     2505 13.1  9.9 16.3     1393     1010     1776 11.8  8.6 15.0  61186  56371  66001                                        Bedford County                                VA est18all.txt 19NOV2019
51  21      786      603      969 14.1 10.8 17.4      141      101      181 15.0 10.7 19.3       94       63      125 13.4  9.0 17.8  47681  42831  52531                                        Bland County                                  VA est18all.txt 19NOV2019
51  23     2441     1971     2911  7.4  6.0  8.8      531      395      667  8.6  6.4 10.8      360      251      469  7.6  5.3  9.9  71874  65962  77786                                        Botetourt County                              VA est18all.txt 19NOV2019
51  25     3187     2512     3862 22.5 17.7 27.3      711      513      909 27.0 19.5 34.5      489      333      645 25.0 17.0 33.0  41803  37318  46288                                        Brunswick County                              VA est18all.txt 19NOV2019
51  27     5568     4598     6538 27.6 22.8 32.4     1118      832     1404 32.4 24.1 40.7      747      520      974 28.6 19.9 37.3  32144  28956  35332                                        Buchanan County                               VA est18all.txt 19NOV2019
51  29     2993     2344     3642 20.2 15.8 24.6      730      534      926 24.9 18.2 31.6      507      355      659 22.5 15.7 29.3  45889  41754  50024                                        Buckingham County                             VA est18all.txt 19NOV2019
51  31     6132     4877     7387 11.3  9.0 13.6     1736     1286     2186 16.6 12.3 20.9     1199      847     1551 15.3 10.8 19.8  51525  48953  54097                                        Campbell County                               VA est18all.txt 19NOV2019
51  33     2930     2234     3626  9.7  7.4 12.0     1055      752     1358 15.2 10.8 19.6      707      474      940 14.3  9.6 19.0  67335  62351  72319                                        Caroline County                               VA est18all.txt 19NOV2019
51  35     4605     3636     5574 15.7 12.4 19.0     1215      895     1535 23.0 16.9 29.1      803      563     1043 20.3 14.2 26.4  41517  37967  45067                                        Carroll County                                VA est18all.txt 19NOV2019
51  36      851      678     1024 12.3  9.8 14.8      194      143      245 18.8 13.9 23.7      138       98      178 17.7 12.5 22.9  56872  50866  62878                                        Charles City County                           VA est18all.txt 19NOV2019
51  37     2264     1788     2740 19.3 15.2 23.4      724      532      916 29.7 21.8 37.6      517      362      672 28.9 20.2 37.6  41382  37104  45660                                        Charlotte County                              VA est18all.txt 19NOV2019
51  41    26093    22392    29794  7.6  6.5  8.7     8071     6369     9773  9.9  7.8 12.0     5301     4021     6581  8.7  6.6 10.8  80734  77802  83666                                        Chesterfield County                           VA est18all.txt 19NOV2019
51  43      934      706     1162  6.5  4.9  8.1      225      160      290  8.0  5.7 10.3      150      101      199  7.0  4.7  9.3  84021  75479  92563                                        Clarke County                                 VA est18all.txt 19NOV2019
51  45      599      457      741 11.9  9.1 14.7      183      130      236 21.2 15.1 27.3      130       88      172 19.3 13.0 25.6  50858  45313  56403                                        Craig County                                  VA est18all.txt 19NOV2019
51  47     4375     3404     5346  8.7  6.8 10.6     1419      989     1849 11.3  7.9 14.7      977      640     1314 10.6  6.9 14.3  72111  65919  78303                                        Culpeper County                               VA est18all.txt 19NOV2019
51  49     1535     1191     1879 15.7 12.2 19.2      471      341      601 25.2 18.2 32.2      332      229      435 23.7 16.4 31.0  46300  41762  50838                                        Cumberland County                             VA est18all.txt 19NOV2019
51  51     3520     2869     4171 25.2 20.5 29.9      815      605     1025 28.7 21.3 36.1      540      378      702 25.1 17.5 32.7  35047  31447  38647                                        Dickenson County                              VA est18all.txt 19NOV2019
51  53     3486     2792     4180 12.5 10.0 15.0      996      729     1263 17.8 13.0 22.6      699      489      909 16.4 11.5 21.3  57257  51282  63232                                        Dinwiddie County                              VA est18all.txt 19NOV2019
51  57     1478     1150     1806 13.7 10.7 16.7      460      326      594 23.4 16.6 30.2      316      209      423 22.6 14.9 30.3  50785  45281  56289                                        Essex County                                  VA est18all.txt 19NOV2019
51  59    69377    61756    76998  6.1  5.4  6.8    19145    15525    22765  7.2  5.8  8.6    13005    10308    15702  6.7  5.3  8.1 122035 120011 124059                                        Fairfax County                                VA est18all.txt 19NOV2019
51  61     4260     3345     5175  6.1  4.8  7.4     1105      799     1411  6.8  4.9  8.7      737      514      960  6.1  4.3  7.9  93462  86182 100742                                        Fauquier County                               VA est18all.txt 19NOV2019
51  63     1922     1484     2360 12.3  9.5 15.1      561      401      721 18.3 13.1 23.5      382      258      506 16.7 11.3 22.1  48315  43157  53473                                        Floyd County                                  VA est18all.txt 19NOV2019
51  65     1749     1322     2176  6.9  5.2  8.6      469      332      606  9.0  6.4 11.6      312      209      415  8.0  5.4 10.6  73463  66748  80178                                        Fluvanna County                               VA est18all.txt 19NOV2019
51  67     8390     7237     9543 15.3 13.2 17.4     2430     2010     2850 23.0 19.0 27.0     1742     1419     2065 22.0 17.9 26.1  53522  48961  58083                                        Franklin County                               VA est18all.txt 19NOV2019
51  69     6107     4799     7415  7.0  5.5  8.5     1956     1448     2464  9.8  7.3 12.3     1350      957     1743  9.3  6.6 12.0  77684  71810  83558                                        Frederick County                              VA est18all.txt 19NOV2019
51  71     2064     1642     2486 12.4  9.9 14.9      615      450      780 18.0 13.2 22.8      413      289      537 16.4 11.5 21.3  50591  46256  54926                                        Giles County                                  VA est18all.txt 19NOV2019
51  73     3348     2637     4059  9.1  7.2 11.0      982      726     1238 13.4  9.9 16.9      651      455      847 12.0  8.4 15.6  70938  64888  76988                                        Gloucester County                             VA est18all.txt 19NOV2019
51  75     1498     1168     1828  6.7  5.2  8.2      319      226      412  7.9  5.6 10.2      227      153      301  7.2  4.8  9.6  89331  80059  98603                                        Goochland County                              VA est18all.txt 19NOV2019
51  77     2686     2121     3251 18.4 14.5 22.3      705      529      881 27.5 20.6 34.4      512      373      651 27.0 19.7 34.3  37550  34478  40622                                        Grayson County                                VA est18all.txt 19NOV2019
51  79     1583     1229     1937  8.1  6.3  9.9      571      407      735 12.2  8.7 15.7      395      266      524 11.5  7.7 15.3  67498  60845  74151                                        Greene County                                 VA est18all.txt 19NOV2019
51  81     2183     1665     2701 26.7 20.4 33.0      530      383      677 27.2 19.6 34.8      365      251      479 26.7 18.4 35.0  43533  38740  48326                                        Greensville County                            VA est18all.txt 19NOV2019
51  83     4825     3669     5981 14.5 11.0 18.0     1523     1068     1978 22.4 15.7 29.1     1029      677     1381 20.4 13.4 27.4  43096  39914  46278                                        Halifax County                                VA est18all.txt 19NOV2019
51  85     5509     4363     6655  5.2  4.1  6.3     1440     1061     1819  6.2  4.6  7.8      997      706     1288  5.6  4.0  7.2  91028  86709  95347                                        Hanover County                                VA est18all.txt 19NOV2019
51  87    29502    25815    33189  9.0  7.9 10.1     9253     7472    11034 12.6 10.2 15.0     6171     4871     7471 11.5  9.1 13.9  68581  65748  71414                                        Henrico County                                VA est18all.txt 19NOV2019
51  89    10068     8513    11623 20.0 16.9 23.1     2733     2104     3362 28.0 21.6 34.4     1845     1359     2331 25.0 18.4 31.6  36471  32927  40015                                        Henry County                                  VA est18all.txt 19NOV2019
51  91      280      213      347 12.7  9.6 15.8       60       43       77 21.2 15.1 27.3       43       29       57 23.2 15.6 30.8  45089  40230  49948                                        Highland County                               VA est18all.txt 19NOV2019
51  93     3368     2747     3989  9.2  7.5 10.9      920      701     1139 12.1  9.2 15.0      628      461      795 11.1  8.1 14.1  72993  66017  79969                                        Isle of Wight County                          VA est18all.txt 19NOV2019
51  95     5288     4278     6298  7.0  5.7  8.3     1399     1029     1769  9.3  6.9 11.7      945      654     1236  8.3  5.7 10.9  86541  79943  93139                                        James City County                             VA est18all.txt 19NOV2019
51  97      858      655     1061 12.2  9.3 15.1      235      167      303 19.3 13.7 24.9      162      109      215 17.7 11.9 23.5  51124  45522  56726                                        King and Queen County                         VA est18all.txt 19NOV2019
51  99     1786     1373     2199  6.8  5.2  8.4      594      430      758  9.1  6.6 11.6      399      276      522  8.1  5.6 10.6  86619  77844  95394                                        King George County                            VA est18all.txt 19NOV2019
51 101     1223      959     1487  7.3  5.7  8.9      395      291      499 10.2  7.5 12.9      266      188      344  9.4  6.6 12.2  68724  62576  74872                                        King William County                           VA est18all.txt 19NOV2019
51 103     1306      992     1620 12.3  9.3 15.3      409      289      529 24.1 17.0 31.2      291      195      387 24.1 16.1 32.1  52814  47403  58225                                        Lancaster County                              VA est18all.txt 19NOV2019
51 105     5461     4238     6684 24.8 19.3 30.3     1414     1026     1802 32.5 23.6 41.4      964      669     1259 29.5 20.5 38.5  34796  31166  38426                                        Lee County                                    VA est18all.txt 19NOV2019
51 107    14700    12380    17020  3.6  3.0  4.2     4117     3107     5127  3.6  2.7  4.5     2617     1837     3397  3.1  2.2  4.0 140382 135638 145126                                        Loudoun County                                VA est18all.txt 19NOV2019
51 109     4140     3377     4903 11.3  9.2 13.4     1080      792     1368 14.9 10.9 18.9      695      467      923 13.1  8.8 17.4  63714  58843  68585                                        Louisa County                                 VA est18all.txt 19NOV2019
51 111     2008     1507     2509 18.2 13.7 22.7      546      388      704 24.8 17.6 32.0      376      252      500 23.3 15.6 31.0  41421  37056  45786                                        Lunenburg County                              VA est18all.txt 19NOV2019
51 113     1330     1007     1653 10.1  7.6 12.6      428      304      552 16.1 11.5 20.7      289      193      385 14.4  9.6 19.2  60450  53939  66961                                        Madison County                                VA est18all.txt 19NOV2019
51 115      812      619     1005  9.3  7.1 11.5      221      158      284 16.6 11.9 21.3      157      106      208 15.4 10.4 20.4  61764  54996  68532                                        Mathews County                                VA est18all.txt 19NOV2019
51 117     5565     4621     6509 18.7 15.5 21.9     1668     1328     2008 29.8 23.7 35.9     1270     1003     1537 30.7 24.2 37.2  44832  40738  48926                                        Mecklenburg County                            VA est18all.txt 19NOV2019
51 119     1317     1002     1632 12.7  9.7 15.7      395      280      510 22.9 16.2 29.6      276      187      365 22.5 15.2 29.8  54871  49516  60226                                        Middlesex County                              VA est18all.txt 19NOV2019
51 121    21444    19179    23709 24.1 21.6 26.6     2194     1650     2738 14.6 11.0 18.2     1441     1033     1849 13.4  9.6 17.2  52538  48663  56413                                        Montgomery County                             VA est18all.txt 19NOV2019
51 125     1814     1395     2233 12.3  9.5 15.1      516      371      661 19.9 14.3 25.5      364      249      479 18.5 12.6 24.4  56690  50984  62396                                        Nelson County                                 VA est18all.txt 19NOV2019
51 127     1132      861     1403  5.2  4.0  6.4      319      227      411  7.3  5.2  9.4      223      151      295  6.9  4.6  9.2  90858  80945 100771                                        New Kent County                               VA est18all.txt 19NOV2019
51 131     2167     1679     2655 18.8 14.6 23.0      683      492      874 30.0 21.6 38.4      465      312      618 27.0 18.1 35.9  43157  38674  47640                                        Northampton County                            VA est18all.txt 19NOV2019
51 133     1790     1435     2145 14.8 11.9 17.7      467      344      590 27.0 19.9 34.1      324      228      420 24.4 17.2 31.6  55418  49523  61313                                        Northumberland County                         VA est18all.txt 19NOV2019
51 135     2952     2286     3618 22.4 17.3 27.5      812      585     1039 27.9 20.1 35.7      556      378      734 25.9 17.6 34.2  46368  43180  49556                                        Nottoway County                               VA est18all.txt 19NOV2019
51 137     3387     2693     4081  9.4  7.5 11.3      978      725     1231 12.9  9.6 16.2      644      453      835 11.5  8.1 14.9  63681  57126  70236                                        Orange County                                 VA est18all.txt 19NOV2019
51 139     3293     2625     3961 13.9 11.1 16.7      888      636     1140 19.0 13.6 24.4      625      431      819 18.2 12.6 23.8  49073  44202  53944                                        Page County                                   VA est18all.txt 19NOV2019
51 141     2683     2103     3263 15.5 12.2 18.8      685      487      883 22.7 16.1 29.3      481      325      637 20.9 14.1 27.7  42862  38899  46825                                        Patrick County                                VA est18all.txt 19NOV2019
51 143     9815     8331    11299 16.4 13.9 18.9     2530     1966     3094 22.3 17.3 27.3     1848     1419     2277 21.1 16.2 26.0  44710  41090  48330                                        Pittsylvania County                           VA est18all.txt 19NOV2019
51 145     1931     1566     2296  6.9  5.6  8.2      421      322      520  8.1  6.2 10.0      267      187      347  6.8  4.8  8.8  88475  80664  96286                                        Powhatan County                               VA est18all.txt 19NOV2019
51 147     3782     2807     4757 20.0 14.8 25.2     1025      728     1322 27.9 19.8 36.0      705      474      936 27.4 18.4 36.4  48450  44195  52705                                        Prince Edward County                          VA est18all.txt 19NOV2019
51 149     3019     2317     3721  8.9  6.8 11.0      917      655     1179 11.3  8.1 14.5      589      384      794  9.8  6.4 13.2  68133  62950  73316                                        Prince George County                          VA est18all.txt 19NOV2019
51 153    29545    25011    34079  6.4  5.4  7.4    10821     8604    13038  8.7  6.9 10.5     7257     5533     8981  8.0  6.1  9.9 106200 101973 110427                                        Prince William County                         VA est18all.txt 19NOV2019
51 155     4791     3709     5873 14.6 11.3 17.9     1209      873     1545 20.5 14.8 26.2      804      553     1055 18.8 12.9 24.7  50834  47226  54442                                        Pulaski County                                VA est18all.txt 19NOV2019
51 157      629      478      780  8.7  6.6 10.8      158      113      203 13.6  9.7 17.5      112       75      149 12.3  8.3 16.3  71035  63540  78530                                        Rappahannock County                           VA est18all.txt 19NOV2019
51 159     1169      852     1486 15.9 11.6 20.2      340      243      437 22.5 16.1 28.9      232      157      307 20.8 14.1 27.5  49399  44241  54557                                        Richmond County                               VA est18all.txt 19NOV2019
51 161     6145     4802     7488  6.7  5.2  8.2     1539     1102     1976  8.4  6.0 10.8     1041      701     1381  7.3  4.9  9.7  68734  63725  73743                                        Roanoke County                                VA est18all.txt 19NOV2019
51 163     2670     2092     3248 12.0  9.4 14.6      657      469      845 16.7 11.9 21.5      433      287      579 14.5  9.6 19.4  53413  48218  58608                                        Rockbridge County                             VA est18all.txt 19NOV2019
51 165     6909     5743     8075  8.7  7.2 10.2     1629     1090     2168  9.3  6.2 12.4     1131      707     1555  8.7  5.5 11.9  61375  58060  64690                                        Rockingham County                             VA est18all.txt 19NOV2019
51 167     5683     4786     6580 21.5 18.1 24.9     1080      759     1401 21.7 15.3 28.1      740      493      987 20.0 13.3 26.7  38966  34733  43199                                        Russell County                                VA est18all.txt 19NOV2019
51 169     3834     3090     4578 18.5 14.9 22.1      921      686     1156 24.5 18.2 30.8      624      442      806 21.6 15.3 27.9  40161  36617  43705                                        Scott County                                  VA est18all.txt 19NOV2019
51 171     4479     3671     5287 10.4  8.5 12.3     1345      992     1698 14.9 11.0 18.8      918      647     1189 14.0  9.9 18.1  55283  51001  59565                                        Shenandoah County                             VA est18all.txt 19NOV2019
51 173     6059     5125     6993 20.4 17.3 23.5     1446     1106     1786 25.2 19.3 31.1      988      730     1246 22.7 16.8 28.6  40972  37103  44841                                        Smyth County                                  VA est18all.txt 19NOV2019
51 175     2350     1790     2910 14.7 11.2 18.2      638      459      817 20.2 14.5 25.9      442      303      581 17.8 12.2 23.4  52741  47532  57950                                        Southampton County                            VA est18all.txt 19NOV2019
51 177    10061     8358    11764  7.5  6.2  8.8     3298     2447     4149 10.1  7.5 12.7     2344     1676     3012  9.6  6.9 12.3  86695  81199  92191                                        Spotsylvania County                           VA est18all.txt 19NOV2019
51 179     7822     6275     9369  5.4  4.3  6.5     2517     1825     3209  6.5  4.7  8.3     1617     1093     2141  5.6  3.8  7.4 108421 103209 113633                                        Stafford County                               VA est18all.txt 19NOV2019
51 181      831      652     1010 12.9 10.1 15.7      217      155      279 20.2 14.4 26.0      156      106      206 19.3 13.1 25.5  54663  49687  59639                                        Surry County                                  VA est18all.txt 19NOV2019
51 183     1980     1518     2442 22.9 17.6 28.2      506      369      643 29.6 21.6 37.6      355      246      464 28.7 19.9 37.5  43031  39162  46900                                        Sussex County                                 VA est18all.txt 19NOV2019
51 185     7104     5735     8473 18.2 14.7 21.7     1875     1413     2337 24.1 18.2 30.0     1290      940     1640 22.5 16.4 28.6  42074  38269  45879                                        Tazewell County                               VA est18all.txt 19NOV2019
51 187     4026     3256     4796 10.3  8.3 12.3     1198      889     1507 13.9 10.3 17.5      801      560     1042 12.8  8.9 16.7  65635  59338  71932                                        Warren County                                 VA est18all.txt 19NOV2019
51 191     8022     6691     9353 15.2 12.7 17.7     2024     1554     2494 20.5 15.7 25.3     1262      892     1632 17.2 12.2 22.2  45510  41540  49480                                        Washington County                             VA est18all.txt 19NOV2019
51 193     2914     2344     3484 16.4 13.2 19.6      885      658     1112 26.8 19.9 33.7      588      407      769 25.2 17.4 33.0  51414  46141  56687                                        Westmoreland County                           VA est18all.txt 19NOV2019
51 195     8929     7530    10328 25.4 21.4 29.4     2382     1888     2876 32.5 25.8 39.2     1615     1228     2002 30.2 23.0 37.4  38045  34780  41310                                        Wise County                                   VA est18all.txt 19NOV2019
51 197     4391     3620     5162 15.4 12.7 18.1     1324     1041     1607 23.8 18.7 28.9      830      606     1054 20.0 14.6 25.4  46345  41601  51089                                        Wythe County                                  VA est18all.txt 19NOV2019
51 199     3690     2992     4388  5.5  4.5  6.5     1051      774     1328  6.6  4.9  8.3      711      504      918  5.8  4.1  7.5  86317  78698  93936                                        York County                                   VA est18all.txt 19NOV2019
51 510    16093    13754    18432 10.1  8.6 11.6     4586     3628     5544 16.1 12.7 19.5     2982     2241     3723 17.3 13.0 21.6  99425  94201 104649                                        Alexandria city                               VA est18all.txt 19NOV2019
51 520     3324     2634     4014 20.5 16.3 24.7     1072      780     1364 33.1 24.1 42.1      737      508      966 30.7 21.1 40.3  36903  34516  39290                                        Bristol city                                  VA est18all.txt 19NOV2019
51 530      872      678     1066 15.2 11.8 18.6      217      154      280 20.2 14.4 26.0      151      102      200 16.6 11.2 22.0  43390  38584  48196                                        Buena Vista city                              VA est18all.txt 19NOV2019
51 540    10614     9473    11755 23.1 20.6 25.6     1380      991     1769 18.3 13.1 23.5      946      654     1238 19.9 13.8 26.0  56997  51592  62402                                        Charlottesville city                          VA est18all.txt 19NOV2019
51 550    20239    16419    24059  8.5  6.9 10.1     6860     5160     8560 11.9  8.9 14.9     4525     3246     5804 10.7  7.7 13.7  78846  75437  82255                                        Chesapeake city                               VA est18all.txt 19NOV2019
51 570     1756     1381     2131 10.0  7.9 12.1      732      525      939 17.4 12.5 22.3      503      337      669 17.0 11.4 22.6  56800  51562  62038                                        Colonial Heights city                         VA est18all.txt 19NOV2019
51 580      826      627     1025 15.4 11.7 19.1      250      177      323 26.1 18.5 33.7      169      113      225 20.6 13.8 27.4  40504  36204  44804                                        Covington city                                VA est18all.txt 19NOV2019
51 590    10006     8468    11544 25.6 21.7 29.5     3306     2540     4072 38.1 29.3 46.9     2287     1644     2930 36.1 25.9 46.3  36015  33485  38545                                        Danville city                                 VA est18all.txt 19NOV2019
51 595     1010      768     1252 20.7 15.7 25.7      398      281      515 37.4 26.4 48.4      290      193      387 32.0 21.3 42.7  36908  32854  40962                                        Emporia city                                  VA est18all.txt 19NOV2019
51 600     1823     1478     2168  7.6  6.2  9.0      418      296      540  6.9  4.9  8.9      280      187      373  8.1  5.4 10.8 105532  96141 114923                                        Fairfax city                                  VA est18all.txt 19NOV2019
51 610      535      401      669  3.6  2.7  4.5      114       80      148  2.9  2.0  3.8       68       45       91  2.4  1.6  3.2 137551 124738 150364                                        Falls Church city                             VA est18all.txt 19NOV2019
51 620     1444     1087     1801 18.3 13.8 22.8      642      454      830 34.1 24.1 44.1      467      316      618 32.6 22.0 43.2  37327  33755  40899                                        Franklin city                                 VA est18all.txt 19NOV2019
51 630     3851     2987     4715 14.5 11.2 17.8     1254      899     1609 21.2 15.2 27.2      829      560     1098 21.0 14.2 27.8  58448  52791  64105                                        Fredericksburg city                           VA est18all.txt 19NOV2019
51 640     1326     1033     1619 21.7 16.9 26.5      478      346      610 34.7 25.2 44.2      335      232      438 31.2 21.6 40.8  36571  32628  40514                                        Galax city                                    VA est18all.txt 19NOV2019
51 650    19954    16990    22918 15.4 13.1 17.7     6538     5155     7921 23.7 18.7 28.7     4444     3361     5527 22.6 17.1 28.1  54763  52341  57185                                        Hampton city                                  VA est18all.txt 19NOV2019
51 660    12978    11445    14511 28.0 24.7 31.3     1768     1258     2278 19.8 14.1 25.5     1171      791     1551 19.7 13.3 26.1  42640  38873  46407                                        Harrisonburg city                             VA est18all.txt 19NOV2019
51 670     4381     3508     5254 19.7 15.8 23.6     1775     1312     2238 30.9 22.8 39.0     1097      733     1461 27.1 18.1 36.1  42568  39167  45969                                        Hopewell city                                 VA est18all.txt 19NOV2019
51 678     1046      785     1307 23.8 17.8 29.8       91       64      118 13.7  9.7 17.7       57       38       76 10.2  6.8 13.6  48726  43623  53829                                        Lexington city                                VA est18all.txt 19NOV2019
51 680    14789    12439    17139 20.8 17.5 24.1     3899     2901     4897 25.1 18.7 31.5     2600     1831     3369 24.9 17.5 32.3  43200  39824  46576                                        Lynchburg city                                VA est18all.txt 19NOV2019
51 683     3451     2648     4254  8.4  6.5 10.3     1602     1133     2071 14.7 10.4 19.0     1081      725     1437 14.5  9.7 19.3  79141  73401  84881                                        Manassas city                                 VA est18all.txt 19NOV2019
51 685     1203      916     1490  7.0  5.3  8.7      455      323      587 11.9  8.5 15.3      305      204      406  9.6  6.4 12.8  77032  68834  85230                                        Manassas Park city                            VA est18all.txt 19NOV2019
51 690     3098     2522     3674 24.7 20.1 29.3     1060      776     1344 33.7 24.7 42.7      742      531      953 33.7 24.1 43.3  33892  30531  37253                                        Martinsville city                             VA est18all.txt 19NOV2019
51 700    26007    22141    29873 15.2 12.9 17.5     8774     6695    10853 21.7 16.6 26.8     6329     4756     7902 22.9 17.2 28.6  50283  47579  52987                                        Newport News city                             VA est18all.txt 19NOV2019
51 710    41471    35753    47189 19.7 17.0 22.4    13203    10650    15756 28.2 22.7 33.7     8618     6540    10696 27.7 21.0 34.4  48519  46243  50795                                        Norfolk city                                  VA est18all.txt 19NOV2019
51 720      811      627      995 20.8 16.1 25.5      242      173      311 31.3 22.3 40.3      163      111      215 28.6 19.4 37.8  34442  30702  38182                                        Norton city                                   VA est18all.txt 19NOV2019
51 730     7491     6178     8804 24.1 19.9 28.3     2678     2019     3337 38.9 29.3 48.5     1708     1174     2242 40.5 27.8 53.2  37049  34699  39399                                        Petersburg city                               VA est18all.txt 19NOV2019
51 735      618      473      763  5.1  3.9  6.3      145      103      187  5.4  3.8  7.0       97       65      129  4.7  3.2  6.2  96057  89879 102235                                        Poquoson city                                 VA est18all.txt 19NOV2019
51 740    17540    14603    20477 19.2 16.0 22.4     6232     4812     7652 29.1 22.5 35.7     3867     2749     4985 26.5 18.8 34.2  47343  44163  50523                                        Portsmouth city                               VA est18all.txt 19NOV2019
51 750     4513     3694     5332 30.4 24.9 35.9      403      285      521 18.0 12.7 23.3      261      175      347 16.4 11.0 21.8  39254  34914  43594                                        Radford city                                  VA est18all.txt 19NOV2019
51 760    48424    42603    54245 22.3 19.6 25.0    13549    10994    16104 34.5 28.0 41.0     8981     6902    11060 34.6 26.6 42.6  48747  46825  50669                                        Richmond city                                 VA est18all.txt 19NOV2019
51 770    19812    17174    22450 20.2 17.5 22.9     7125     5782     8468 32.3 26.2 38.4     4551     3483     5619 30.2 23.1 37.3  42715  39042  46388                                        Roanoke city                                  VA est18all.txt 19NOV2019
51 775     2280     1790     2770  9.7  7.6 11.8      596      423      769 11.9  8.4 15.4      424      287      561 11.7  7.9 15.5  57274  52405  62143                                        Salem city                                    VA est18all.txt 19NOV2019
51 790     2937     2331     3543 12.3  9.8 14.8      884      626     1142 19.0 13.4 24.6      593      397      789 19.5 13.1 25.9  47319  42585  52053                                        Staunton city                                 VA est18all.txt 19NOV2019
51 800     9846     7912    11780 10.9  8.8 13.0     3503     2631     4375 16.1 12.1 20.1     2473     1801     3145 15.8 11.5 20.1  69753  65114  74392                                        Suffolk city                                  VA est18all.txt 19NOV2019
51 810    33084    27998    38170  7.5  6.3  8.7    10176     7789    12563 10.4  8.0 12.8     6467     4499     8435  9.2  6.4 12.0  76520  74617  78423                                        Virginia Beach city                           VA est18all.txt 19NOV2019
51 820     3370     2764     3976 15.1 12.4 17.8     1308     1027     1589 25.0 19.6 30.4      864      650     1078 24.0 18.0 30.0  47117  44484  49750                                        Waynesboro city                               VA est18all.txt 19NOV2019
51 830     2437     1942     2932 23.0 18.3 27.7      475      361      589 28.2 21.4 35.0      316      230      402 26.6 19.4 33.8  52845  48078  57612                                        Williamsburg city                             VA est18all.txt 19NOV2019
51 840     4124     3355     4893 15.3 12.4 18.2     1358     1015     1701 22.0 16.4 27.6      940      689     1191 21.7 15.9 27.5  51456  46691  56221                                        Winchester city                               VA est18all.txt 19NOV2019
53   0   761941   745531   778351 10.3 10.1 10.5   205912   195966   215858 12.6 12.0 13.2   137938   129324   146552 11.7 11.0 12.4  74023  73343  74703   60053   55420   64686 13.3 12.3 14.3 Washington                                    WA est18all.txt 19NOV2019
53   1     3046     2465     3627 15.6 12.6 18.6     1415     1090     1740 20.4 15.7 25.1      941      692     1190 18.6 13.7 23.5  52012  46443  57581                                        Adams County                                  WA est18all.txt 19NOV2019
53   3     3133     2439     3827 14.0 10.9 17.1      928      686     1170 20.6 15.2 26.0      615      438      792 18.4 13.1 23.7  49776  45443  54109                                        Asotin County                                 WA est18all.txt 19NOV2019
53   5    19597    16152    23042  9.8  8.1 11.5     7184     5657     8711 13.5 10.6 16.4     4947     3823     6071 12.7  9.8 15.6  69212  64028  74396                                        Benton County                                 WA est18all.txt 19NOV2019
53   7     8283     6505    10061 10.9  8.6 13.2     2614     1935     3293 14.8 11.0 18.6     1870     1360     2380 14.5 10.6 18.4  57243  53129  61357                                        Chelan County                                 WA est18all.txt 19NOV2019
53   9     9968     8352    11584 13.3 11.1 15.5     2612     2025     3199 20.6 16.0 25.2     1827     1386     2268 19.9 15.1 24.7  57183  53277  61089                                        Clallam County                                WA est18all.txt 19NOV2019
53  11    41980    37094    46866  8.8  7.8  9.8    12066     9724    14408 10.6  8.5 12.7     7871     6191     9551  9.3  7.3 11.3  73971  71628  76314                                        Clark County                                  WA est18all.txt 19NOV2019
53  13      533      412      654 13.3 10.3 16.3      142      102      182 19.0 13.6 24.4       98       68      128 17.9 12.3 23.5  53700  48617  58783                                        Columbia County                               WA est18all.txt 19NOV2019
53  15    13165    10805    15525 12.2 10.0 14.4     4312     3346     5278 17.6 13.6 21.6     2812     2106     3518 15.8 11.8 19.8  58624  54936  62312                                        Cowlitz County                                WA est18all.txt 19NOV2019
53  17     4450     3484     5416 10.4  8.1 12.7     1662     1252     2072 15.2 11.4 19.0     1121      808     1434 13.8 10.0 17.6  65912  62520  69304                                        Douglas County                                WA est18all.txt 19NOV2019
53  19     1347     1039     1655 17.8 13.7 21.9      321      228      414 24.7 17.6 31.8      214      145      283 23.2 15.7 30.7  40468  36490  44446                                        Ferry County                                  WA est18all.txt 19NOV2019
53  21    12250    10026    14474 13.4 11.0 15.8     5012     3795     6229 16.7 12.7 20.7     3446     2529     4363 15.8 11.6 20.0  60483  55171  65795                                        Franklin County                               WA est18all.txt 19NOV2019
53  23      306      234      378 13.8 10.5 17.1       86       63      109 18.0 13.1 22.9       58       40       76 18.2 12.7 23.7  50185  44932  55438                                        Garfield County                               WA est18all.txt 19NOV2019
53  25    12235     9919    14551 12.7 10.3 15.1     4624     3444     5804 16.5 12.3 20.7     3327     2446     4208 16.1 11.8 20.4  53688  48718  58658                                        Grant County                                  WA est18all.txt 19NOV2019
53  27    12295     9888    14702 17.3 13.9 20.7     3506     2614     4398 23.8 17.7 29.9     2363     1702     3024 21.8 15.7 27.9  48763  44498  53028                                        Grays Harbor County                           WA est18all.txt 19NOV2019
53  29     6219     4975     7463  7.5  6.0  9.0     1460     1060     1860  9.7  7.0 12.4      996      701     1291  9.7  6.8 12.6  65987  61408  70566                                        Island County                                 WA est18all.txt 19NOV2019
53  31     3949     3258     4640 12.7 10.5 14.9      792      628      956 21.6 17.1 26.1      564      438      690 20.7 16.1 25.3  55893  51626  60160                                        Jefferson County                              WA est18all.txt 19NOV2019
53  33   202628   191544   213712  9.2  8.7  9.7    48440    43851    53029 10.8  9.8 11.8    31686    28148    35224 10.0  8.9 11.1  94822  93048  96596                                        King County                                   WA est18all.txt 19NOV2019
53  35    23613    20518    26708  9.1  7.9 10.3     6198     5053     7343 11.5  9.4 13.6     4063     3157     4969 10.5  8.2 12.8  76530  74061  78999                                        Kitsap County                                 WA est18all.txt 19NOV2019
53  37     7049     5982     8116 15.8 13.4 18.2     1014      743     1285 12.8  9.4 16.2      683      482      884 11.8  8.3 15.3  55624  50715  60533                                        Kittitas County                               WA est18all.txt 19NOV2019
53  39     2799     2150     3448 12.7  9.7 15.7      751      530      972 18.1 12.8 23.4      536      362      710 17.5 11.8 23.2  56503  51962  61044                                        Klickitat County                              WA est18all.txt 19NOV2019
53  41     9832     7940    11724 12.5 10.1 14.9     2801     2096     3506 16.9 12.6 21.2     1787     1237     2337 15.0 10.4 19.6  57019  53034  61004                                        Lewis County                                  WA est18all.txt 19NOV2019
53  43     1330     1063     1597 12.5 10.0 15.0      382      282      482 16.5 12.2 20.8      250      172      328 14.2  9.7 18.7  53326  48229  58423                                        Lincoln County                                WA est18all.txt 19NOV2019
53  45     8578     7068    10088 13.7 11.3 16.1     2798     2234     3362 22.8 18.2 27.4     1876     1448     2304 21.1 16.3 25.9  58239  54695  61783                                        Mason County                                  WA est18all.txt 19NOV2019
53  47     7049     5868     8230 17.0 14.2 19.8     2467     2006     2928 25.9 21.1 30.7     1716     1380     2052 24.9 20.0 29.8  48345  45258  51432                                        Okanogan County                               WA est18all.txt 19NOV2019
53  49     3354     2714     3994 15.4 12.5 18.3      707      516      898 21.0 15.3 26.7      492      343      641 20.1 14.0 26.2  46365  42542  50188                                        Pacific County                                WA est18all.txt 19NOV2019
53  51     2021     1521     2521 15.0 11.3 18.7      599      424      774 23.2 16.4 30.0      436      301      571 22.6 15.6 29.6  49750  45148  54352                                        Pend Oreille County                           WA est18all.txt 19NOV2019
53  53    76391    68330    84452  8.7  7.8  9.6    21969    18160    25778 10.7  8.8 12.6    15043    12130    17956 10.3  8.3 12.3  75022  73290  76754                                        Pierce County                                 WA est18all.txt 19NOV2019
53  55     1732     1464     2000 10.2  8.6 11.8      283      207      359 12.9  9.5 16.3      195      135      255 11.5  8.0 15.0  62249  58849  65649                                        San Juan County                               WA est18all.txt 19NOV2019
53  57    12239    10040    14438  9.7  8.0 11.4     3391     2513     4269 12.4  9.2 15.6     2099     1429     2769 10.7  7.3 14.1  70955  67446  74464                                        Skagit County                                 WA est18all.txt 19NOV2019
53  59     1390     1076     1704 11.7  9.1 14.3      355      260      450 16.3 11.9 20.7      247      175      319 14.9 10.6 19.2  64344  58710  69978                                        Skamania County                               WA est18all.txt 19NOV2019
53  61    60590    54586    66594  7.5  6.8  8.2    15975    13656    18294  8.8  7.5 10.1    10351     8592    12110  8.0  6.6  9.4  87096  84904  89288                                        Snohomish County                              WA est18all.txt 19NOV2019
53  63    65365    59422    71308 13.0 11.8 14.2    16565    13724    19406 14.8 12.3 17.3    10844     8809    12879 13.4 10.9 15.9  59408  57344  61472                                        Spokane County                                WA est18all.txt 19NOV2019
53  65     6045     4830     7260 13.5 10.8 16.2     1855     1323     2387 19.4 13.8 25.0     1330      923     1737 18.5 12.8 24.2  51183  48287  54079                                        Stevens County                                WA est18all.txt 19NOV2019
53  67    24459    21029    27889  8.7  7.5  9.9     5989     4449     7529  9.9  7.3 12.5     4026     2869     5183  9.2  6.6 11.8  72400  69677  75123                                        Thurston County                               WA est18all.txt 19NOV2019
53  69      475      355      595 10.9  8.2 13.6      148      106      190 19.8 14.2 25.4      104       72      136 17.2 11.9 22.5  55692  49873  61511                                        Wahkiakum County                              WA est18all.txt 19NOV2019
53  71     7483     6098     8868 13.3 10.8 15.8     1900     1391     2409 15.1 11.0 19.2     1309      919     1699 14.2 10.0 18.4  57329  52903  61755                                        Walla Walla County                            WA est18all.txt 19NOV2019
53  73    32753    29706    35800 14.9 13.5 16.3     6202     5152     7252 14.4 12.0 16.8     4081     3238     4924 13.1 10.4 15.8  62262  59283  65241                                        Whatcom County                                WA est18all.txt 19NOV2019
53  75    11053    10085    12021 25.4 23.2 27.6      882      642     1122 11.9  8.7 15.1      578      405      751 11.0  7.7 14.3  45389  41455  49323                                        Whitman County                                WA est18all.txt 19NOV2019
53  77    40961    35976    45946 16.5 14.5 18.5    15504    13029    17979 21.2 17.8 24.6    11136     9302    12970 21.0 17.5 24.5  51377  49285  53469                                        Yakima County                                 WA est18all.txt 19NOV2019
54   0   305656   296233   315079 17.4 16.9 17.9    82213    78182    86244 23.2 22.1 24.3    56706    53235    60177 21.8 20.5 23.1  44038  43071  45005   23534   21560   25508 25.7 23.5 27.9 West Virginia                                 WV est18all.txt 19NOV2019
54   1     3110     2424     3796 20.0 15.6 24.4      850      616     1084 26.8 19.4 34.2      589      405      773 25.1 17.3 32.9  39776  35612  43940                                        Barbour County                                WV est18all.txt 19NOV2019
54   3    13275    10960    15590 11.5  9.5 13.5     4235     3198     5272 16.0 12.1 19.9     2784     1974     3594 14.4 10.2 18.6  59619  56464  62774                                        Berkeley County                               WV est18all.txt 19NOV2019
54   5     4890     3948     5832 22.5 18.2 26.8     1259      927     1591 27.6 20.3 34.9      857      600     1114 24.7 17.3 32.1  38110  34153  42067                                        Boone County                                  WV est18all.txt 19NOV2019
54   7     2953     2282     3624 21.6 16.7 26.5      796      584     1008 29.8 21.9 37.7      542      377      707 27.2 18.9 35.5  39292  35357  43227                                        Braxton County                                WV est18all.txt 19NOV2019
54   9     2930     2318     3542 13.7 10.8 16.6      748      546      950 19.5 14.2 24.8      541      387      695 18.8 13.4 24.2  48342  43453  53231                                        Brooke County                                 WV est18all.txt 19NOV2019
54  11    17242    14764    19720 19.3 16.5 22.1     4110     3104     5116 23.1 17.4 28.8     2936     2203     3669 22.8 17.1 28.5  39790  36807  42773                                        Cabell County                                 WV est18all.txt 19NOV2019
54  13     1637     1251     2023 22.8 17.4 28.2      382      272      492 28.8 20.5 37.1      269      185      353 27.4 18.9 35.9  36384  32441  40327                                        Calhoun County                                WV est18all.txt 19NOV2019
54  15     2142     1648     2636 25.1 19.3 30.9      609      433      785 32.7 23.3 42.1      432      297      567 31.1 21.4 40.8  35983  32142  39824                                        Clay County                                   WV est18all.txt 19NOV2019
54  17     1418     1063     1773 19.0 14.2 23.8      304      215      393 25.2 17.8 32.6      212      143      281 23.5 15.9 31.1  44725  40627  48823                                        Doddridge County                              WV est18all.txt 19NOV2019
54  19     9236     7773    10699 22.5 18.9 26.1     2476     1927     3025 28.5 22.2 34.8     1715     1269     2161 26.7 19.8 33.6  37867  34572  41162                                        Fayette County                                WV est18all.txt 19NOV2019
54  21     1521     1112     1930 24.8 18.1 31.5      273      191      355 24.3 17.0 31.6      201      136      266 24.2 16.4 32.0  38173  34142  42204                                        Gilmer County                                 WV est18all.txt 19NOV2019
54  23     1703     1306     2100 14.9 11.4 18.4      463      330      596 21.1 15.0 27.2      326      225      427 20.7 14.3 27.1  42146  37663  46629                                        Grant County                                  WV est18all.txt 19NOV2019
54  25     5389     4221     6557 15.8 12.4 19.2     1502     1045     1959 23.1 16.1 30.1     1014      673     1355 21.3 14.1 28.5  37665  34979  40351                                        Greenbrier County                             WV est18all.txt 19NOV2019
54  27     4568     3818     5318 20.0 16.7 23.3     1258      981     1535 30.3 23.6 37.0      886      666     1106 29.0 21.8 36.2  44442  39889  48995                                        Hampshire County                              WV est18all.txt 19NOV2019
54  29     3788     2987     4589 13.2 10.4 16.0     1044      757     1331 19.5 14.2 24.8      738      521      955 18.0 12.7 23.3  47299  43254  51344                                        Hancock County                                WV est18all.txt 19NOV2019
54  31     1753     1309     2197 12.9  9.6 16.2      557      392      722 20.4 14.4 26.4      397      269      525 19.7 13.3 26.1  43573  40612  46534                                        Hardy County                                  WV est18all.txt 19NOV2019
54  33    11089     9326    12852 16.7 14.0 19.4     3091     2429     3753 21.9 17.2 26.6     2339     1857     2821 22.5 17.9 27.1  47942  43899  51985                                        Harrison County                               WV est18all.txt 19NOV2019
54  35     4732     3763     5701 16.7 13.3 20.1     1393     1035     1751 23.3 17.3 29.3     1012      740     1284 22.7 16.6 28.8  48731  44418  53044                                        Jackson County                                WV est18all.txt 19NOV2019
54  37     5403     4408     6398  9.7  7.9 11.5     1378     1019     1737 11.2  8.3 14.1      945      673     1217 10.1  7.2 13.0  75027  68200  81854                                        Jefferson County                              WV est18all.txt 19NOV2019
54  39    30248    26699    33797 17.1 15.1 19.1     9161     7721    10601 26.0 21.9 30.1     5852     4741     6963 22.7 18.4 27.0  41926  39988  43864                                        Kanawha County                                WV est18all.txt 19NOV2019
54  41     2718     2110     3326 17.3 13.4 21.2      828      597     1059 25.0 18.0 32.0      587      408      766 24.2 16.8 31.6  40691  36565  44817                                        Lewis County                                  WV est18all.txt 19NOV2019
54  43     4756     3750     5762 23.3 18.4 28.2     1282      914     1650 28.9 20.6 37.2      888      612     1164 27.0 18.6 35.4  39766  36195  43337                                        Lincoln County                                WV est18all.txt 19NOV2019
54  45     7821     6273     9369 24.6 19.7 29.5     2034     1529     2539 31.2 23.4 39.0     1461     1074     1848 30.5 22.4 38.6  34894  32166  37622                                        Logan County                                  WV est18all.txt 19NOV2019
54  47     6386     4955     7817 35.4 27.5 43.3     1554     1114     1994 42.5 30.5 54.5     1089      754     1424 40.3 27.9 52.7  27292  24314  30270                                        McDowell County                               WV est18all.txt 19NOV2019
54  49     9084     7628    10540 16.6 13.9 19.3     2590     2120     3060 23.7 19.4 28.0     1628     1257     1999 20.6 15.9 25.3  46244  42436  50052                                        Marion County                                 WV est18all.txt 19NOV2019
54  51     4200     3264     5136 13.9 10.8 17.0     1116      788     1444 19.3 13.6 25.0      778      526     1030 18.1 12.3 23.9  50064  46510  53618                                        Marshall County                               WV est18all.txt 19NOV2019
54  53     4391     3313     5469 16.9 12.7 21.1     1305      930     1680 23.9 17.0 30.8      941      651     1231 23.3 16.1 30.5  43050  38923  47177                                        Mason County                                  WV est18all.txt 19NOV2019
54  55    13157    11048    15266 22.7 19.1 26.3     4159     3324     4994 34.9 27.9 41.9     3147     2541     3753 36.6 29.5 43.7  37860  35335  40385                                        Mercer County                                 WV est18all.txt 19NOV2019
54  57     3793     2985     4601 14.5 11.4 17.6     1052      757     1347 20.2 14.5 25.9      734      501      967 19.3 13.2 25.4  48578  44471  52685                                        Mineral County                                WV est18all.txt 19NOV2019
54  59     6386     5078     7694 27.0 21.5 32.5     1894     1419     2369 36.5 27.4 45.6     1330      972     1688 35.2 25.7 44.7  32917  29554  36280                                        Mingo County                                  WV est18all.txt 19NOV2019
54  61    18156    16174    20138 18.3 16.3 20.3     2355     1712     2998 13.9 10.1 17.7     1572     1091     2053 13.4  9.3 17.5  51070  48191  53949                                        Monongalia County                             WV est18all.txt 19NOV2019
54  63     1960     1498     2422 14.9 11.4 18.4      572      397      747 22.4 15.5 29.3      409      273      545 20.9 14.0 27.8  38171  35156  41186                                        Monroe County                                 WV est18all.txt 19NOV2019
54  65     1894     1402     2386 10.8  8.0 13.6      580      403      757 18.6 12.9 24.3      426      289      563 17.8 12.1 23.5  49487  45137  53837                                        Morgan County                                 WV est18all.txt 19NOV2019
54  67     4659     3650     5668 19.0 14.9 23.1     1284      919     1649 25.8 18.5 33.1      900      616     1184 24.4 16.7 32.1  38572  34738  42406                                        Nicholas County                               WV est18all.txt 19NOV2019
54  69     4953     3762     6144 12.5  9.5 15.5     1350      932     1768 17.5 12.1 22.9      944      616     1272 16.7 10.9 22.5  48689  44287  53091                                        Ohio County                                   WV est18all.txt 19NOV2019
54  71     1003      771     1235 14.6 11.2 18.0      274      195      353 21.7 15.4 28.0      184      124      244 19.9 13.4 26.4  40415  36664  44166                                        Pendleton County                              WV est18all.txt 19NOV2019
54  73      919      693     1145 13.6 10.3 16.9      231      163      299 16.9 11.9 21.9      154      104      204 15.4 10.4 20.4  50768  45385  56151                                        Pleasants County                              WV est18all.txt 19NOV2019
54  75     1408     1073     1743 17.5 13.3 21.7      363      259      467 25.6 18.3 32.9      261      180      342 25.7 17.8 33.6  39467  35808  43126                                        Pocahontas County                             WV est18all.txt 19NOV2019
54  77     5104     4023     6185 16.2 12.8 19.6     1442     1084     1800 23.1 17.4 28.8      985      722     1248 21.6 15.8 27.4  47101  42955  51247                                        Preston County                                WV est18all.txt 19NOV2019
54  79     5630     4410     6850 10.0  7.8 12.2     1600     1195     2005 12.9  9.6 16.2     1146      838     1454 12.2  8.9 15.5  61995  55932  68058                                        Putnam County                                 WV est18all.txt 19NOV2019
54  81    14596    12499    16693 20.7 17.7 23.7     3715     2886     4544 24.7 19.2 30.2     2539     1881     3197 22.9 17.0 28.8  41298  37106  45490                                        Raleigh County                                WV est18all.txt 19NOV2019
54  83     5128     4166     6090 19.4 15.8 23.0     1345     1019     1671 25.9 19.6 32.2      874      601     1147 23.3 16.0 30.6  40064  35827  44301                                        Randolph County                               WV est18all.txt 19NOV2019
54  85     1644     1246     2042 17.2 13.0 21.4      486      347      625 26.0 18.6 33.4      347      240      454 24.9 17.2 32.6  43717  39382  48052                                        Ritchie County                                WV est18all.txt 19NOV2019
54  87     3046     2382     3710 22.1 17.3 26.9      896      654     1138 31.9 23.3 40.5      630      443      817 29.2 20.5 37.9  36658  32790  40526                                        Roane County                                  WV est18all.txt 19NOV2019
54  89     3144     2480     3808 26.9 21.2 32.6      760      565      955 36.5 27.1 45.9      528      379      677 34.6 24.9 44.3  34768  31548  37988                                        Summers County                                WV est18all.txt 19NOV2019
54  91     2626     2026     3226 16.1 12.4 19.8      703      517      889 21.0 15.5 26.5      500      357      643 20.2 14.4 26.0  46370  42074  50666                                        Taylor County                                 WV est18all.txt 19NOV2019
54  93      907      672     1142 13.5 10.0 17.0      213      147      279 21.3 14.7 27.9      154      101      207 21.7 14.3 29.1  48070  45570  50570                                        Tucker County                                 WV est18all.txt 19NOV2019
54  95     1341     1028     1654 15.5 11.9 19.1      376      273      479 22.6 16.4 28.8      264      184      344 21.5 15.0 28.0  46054  41056  51052                                        Tyler County                                  WV est18all.txt 19NOV2019
54  97     4377     3572     5182 19.0 15.5 22.5     1344     1029     1659 27.5 21.1 33.9      877      625     1129 24.3 17.3 31.3  41213  37243  45183                                        Upshur County                                 WV est18all.txt 19NOV2019
54  99     8298     6824     9772 20.9 17.2 24.6     2015     1472     2558 25.3 18.5 32.1     1413      983     1843 23.9 16.6 31.2  38704  34800  42608                                        Wayne County                                  WV est18all.txt 19NOV2019
54 101     1884     1380     2388 23.0 16.9 29.1      596      417      775 36.8 25.7 47.9      429      289      569 34.9 23.5 46.3  34054  30845  37263                                        Webster County                                WV est18all.txt 19NOV2019
54 103     2756     2167     3345 18.3 14.4 22.2      734      530      938 24.7 17.8 31.6      502      347      657 23.2 16.0 30.4  44685  40030  49340                                        Wetzel County                                 WV est18all.txt 19NOV2019
54 105     1086      841     1331 18.7 14.5 22.9      342      248      436 28.2 20.5 35.9      234      162      306 25.3 17.5 33.1  44837  40086  49588                                        Wirt County                                   WV est18all.txt 19NOV2019
54 107    12449    10461    14437 15.0 12.6 17.4     3713     2798     4628 21.7 16.4 27.0     2425     1716     3134 19.5 13.8 25.2  45278  41566  48990                                        Wood County                                   WV est18all.txt 19NOV2019
54 109     4969     3909     6029 24.1 19.0 29.2     1219      877     1561 29.7 21.4 38.0      839      577     1101 26.6 18.3 34.9  35460  31589  39331                                        Wyoming County                                WV est18all.txt 19NOV2019
55   0   626748   613179   640317 11.1 10.9 11.3   176595   169553   183637 14.1 13.5 14.7   118597   112435   124759 12.9 12.2 13.6  60779  60392  61166   51903   48519   55287 16.0 15.0 17.0 Wisconsin                                     WI est18all.txt 19NOV2019
55   1     2924     2435     3413 15.3 12.7 17.9      683      522      844 23.7 18.1 29.3      472      348      596 21.6 15.9 27.3  43000  39766  46234                                        Adams County                                  WI est18all.txt 19NOV2019
55   3     2356     1922     2790 15.8 12.9 18.7      763      602      924 23.1 18.2 28.0      509      369      649 21.0 15.2 26.8  44627  41169  48085                                        Ashland County                                WI est18all.txt 19NOV2019
55   5     5482     4663     6301 12.3 10.5 14.1     1470     1127     1813 15.4 11.8 19.0     1027      770     1284 14.5 10.9 18.1  50344  46381  54307                                        Barron County                                 WI est18all.txt 19NOV2019
55   7     2103     1773     2433 14.2 12.0 16.4      572      449      695 22.9 18.0 27.8      402      308      496 22.0 16.8 27.2  53637  50369  56905                                        Bayfield County                               WI est18all.txt 19NOV2019
55   9    21944    19067    24821  8.6  7.5  9.7     6575     5202     7948 10.7  8.5 12.9     4531     3492     5570 10.1  7.8 12.4  62097  59961  64233                                        Brown County                                  WI est18all.txt 19NOV2019
55  11     1142      885     1399  8.8  6.8 10.8      334      239      429 12.5  9.0 16.0      227      154      300 11.5  7.8 15.2  59087  55466  62708                                        Buffalo County                                WI est18all.txt 19NOV2019
55  13     1628     1291     1965 10.7  8.5 12.9      510      369      651 19.5 14.1 24.9      351      241      461 18.0 12.3 23.7  55295  51890  58700                                        Burnett County                                WI est18all.txt 19NOV2019
55  15     2623     2136     3110  5.3  4.3  6.3      746      558      934  6.3  4.7  7.9      510      366      654  5.6  4.0  7.2  72645  68204  77086                                        Calumet County                                WI est18all.txt 19NOV2019
55  17     6925     5922     7928 11.3  9.7 12.9     2063     1633     2493 14.9 11.8 18.0     1347     1021     1673 13.1  9.9 16.3  59528  55498  63558                                        Chippewa County                               WI est18all.txt 19NOV2019
55  19     4052     3298     4806 11.9  9.7 14.1     1820     1325     2315 18.1 13.2 23.0     1273      860     1686 17.7 12.0 23.4  55245  52615  57875                                        Clark County                                  WI est18all.txt 19NOV2019
55  21     4255     3458     5052  7.6  6.2  9.0     1168      866     1470  9.8  7.3 12.3      774      542     1006  8.8  6.2 11.4  65435  62559  68311                                        Columbia County                               WI est18all.txt 19NOV2019
55  23     2007     1629     2385 12.9 10.5 15.3      616      475      757 19.2 14.8 23.6      442      333      551 18.3 13.8 22.8  49200  46119  52281                                        Crawford County                               WI est18all.txt 19NOV2019
55  25    57062    52662    61462 10.8 10.0 11.6     9124     7349    10899  8.4  6.8 10.0     6129     4793     7465  7.8  6.1  9.5  71789  70144  73434                                        Dane County                                   WI est18all.txt 19NOV2019
55  27     7283     5977     8589  8.9  7.3 10.5     1839     1434     2244 10.8  8.4 13.2     1195      890     1500  9.3  6.9 11.7  63608  59309  67907                                        Dodge County                                  WI est18all.txt 19NOV2019
55  29     2289     1844     2734  8.4  6.8 10.0      560      417      703 12.8  9.5 16.1      374      265      483 11.3  8.0 14.6  61221  56225  66217                                        Door County                                   WI est18all.txt 19NOV2019
55  31     4902     3947     5857 11.7  9.4 14.0     1189      855     1523 14.3 10.3 18.3      804      556     1052 12.9  8.9 16.9  50637  47218  54056                                        Douglas County                                WI est18all.txt 19NOV2019
55  33     5213     4325     6101 12.5 10.4 14.6     1027      741     1313 11.8  8.5 15.1      715      498      932 11.3  7.9 14.7  57506  53281  61731                                        Dunn County                                   WI est18all.txt 19NOV2019
55  35    12906    11303    14509 12.9 11.3 14.5     2621     1937     3305 12.6  9.3 15.9     1739     1219     2259 11.7  8.2 15.2  60111  57192  63030                                        Eau Claire County                             WI est18all.txt 19NOV2019
55  37      506      398      614 11.9  9.4 14.4      115       83      147 18.4 13.3 23.5       81       56      106 17.5 12.2 22.8  53188  48424  57952                                        Florence County                               WI est18all.txt 19NOV2019
55  39     9513     7938    11088  9.5  7.9 11.1     2570     2006     3134 11.9  9.3 14.5     1543     1100     1986  9.6  6.8 12.4  59428  55544  63312                                        Fond du Lac County                            WI est18all.txt 19NOV2019
55  41     1294     1048     1540 14.7 11.9 17.5      357      258      456 20.9 15.1 26.7      242      165      319 20.5 14.0 27.0  45156  41080  49232                                        Forest County                                 WI est18all.txt 19NOV2019
55  43     6595     5649     7541 14.0 12.0 16.0     1534     1139     1929 14.5 10.8 18.2     1049      735     1363 13.7  9.6 17.8  57328  53442  61214                                        Grant County                                  WI est18all.txt 19NOV2019
55  45     2794     2296     3292  7.7  6.3  9.1      803      613      993 10.0  7.6 12.4      527      379      675  8.6  6.2 11.0  63160  58727  67593                                        Green County                                  WI est18all.txt 19NOV2019
55  47     2064     1672     2456 11.0  8.9 13.1      727      547      907 17.5 13.2 21.8      473      334      612 15.4 10.9 19.9  55512  51883  59141                                        Green Lake County                             WI est18all.txt 19NOV2019
55  49     1933     1556     2310  8.2  6.6  9.8      536      388      684 10.0  7.2 12.8      356      239      473  8.9  6.0 11.8  68017  64243  71791                                        Iowa County                                   WI est18all.txt 19NOV2019
55  51      733      574      892 13.2 10.3 16.1      171      122      220 20.1 14.4 25.8      116       78      154 17.1 11.5 22.7  44130  39764  48496                                        Iron County                                   WI est18all.txt 19NOV2019
55  53     2289     1856     2722 12.0  9.7 14.3      730      534      926 16.9 12.4 21.4      511      362      660 16.3 11.6 21.0  52919  48226  57612                                        Jackson County                                WI est18all.txt 19NOV2019
55  55     6701     5459     7943  8.1  6.6  9.6     1820     1408     2232 10.4  8.1 12.7     1254      943     1565  9.7  7.3 12.1  65831  62101  69561                                        Jefferson County                              WI est18all.txt 19NOV2019
55  57     3388     2700     4076 13.4 10.7 16.1      957      697     1217 18.4 13.4 23.4      646      449      843 17.1 11.9 22.3  52891  49137  56645                                        Juneau County                                 WI est18all.txt 19NOV2019
55  59    19819    17199    22439 12.0 10.4 13.6     5836     4594     7078 15.4 12.1 18.7     4081     3131     5031 14.4 11.0 17.8  65013  61221  68805                                        Kenosha County                                WI est18all.txt 19NOV2019
55  61     1472     1158     1786  7.3  5.7  8.9      385      284      486  8.9  6.6 11.2      259      179      339  8.0  5.5 10.5  63612  59649  67575                                        Kewaunee County                               WI est18all.txt 19NOV2019
55  63    12334    10838    13830 10.9  9.6 12.2     1946     1353     2539  8.5  5.9 11.1     1259      825     1693  7.4  4.8 10.0  60619  57358  63880                                        La Crosse County                              WI est18all.txt 19NOV2019
55  65     1860     1538     2182 11.3  9.3 13.3      672      507      837 16.9 12.8 21.0      446      315      577 15.2 10.8 19.6  60711  58119  63303                                        Lafayette County                              WI est18all.txt 19NOV2019
55  67     2392     1904     2880 12.7 10.1 15.3      747      561      933 20.6 15.5 25.7      505      360      650 18.9 13.5 24.3  51334  47871  54797                                        Langlade County                               WI est18all.txt 19NOV2019
55  69     2862     2383     3341 10.6  8.8 12.4      622      451      793 13.0  9.4 16.6      429      295      563 12.1  8.3 15.9  56645  51731  61559                                        Lincoln County                                WI est18all.txt 19NOV2019
55  71     8124     6974     9274 10.4  8.9 11.9     2069     1594     2544 13.0 10.0 16.0     1452     1092     1812 12.3  9.3 15.3  56466  52551  60381                                        Manitowoc County                              WI est18all.txt 19NOV2019
55  73    10027     8494    11560  7.5  6.4  8.6     2680     1981     3379  8.9  6.6 11.2     1815     1239     2391  8.1  5.5 10.7  63442  59842  67042                                        Marathon County                               WI est18all.txt 19NOV2019
55  75     4777     3992     5562 12.0 10.0 14.0     1245      934     1556 16.5 12.4 20.6      861      624     1098 15.3 11.1 19.5  50670  47520  53820                                        Marinette County                              WI est18all.txt 19NOV2019
55  77     1643     1342     1944 10.8  8.8 12.8      466      340      592 16.3 11.9 20.7      330      233      427 15.6 11.0 20.2  46964  43271  50657                                        Marquette County                              WI est18all.txt 19NOV2019
55  78     1215      954     1476 26.5 20.8 32.2      674      493      855 43.3 31.7 54.9      462      320      604 42.4 29.4 55.4  40682  36730  44634                                        Menominee County                              WI est18all.txt 19NOV2019
55  79   177263   168055   186471 19.1 18.1 20.1    60701    55710    65692 27.2 25.0 29.4    40314    36363    44265 25.3 22.8 27.8  49771  48370  51172                                        Milwaukee County                              WI est18all.txt 19NOV2019
55  81     5972     4992     6952 13.2 11.0 15.4     2299     1795     2803 20.1 15.7 24.5     1535     1147     1923 18.5 13.8 23.2  58391  54714  62068                                        Monroe County                                 WI est18all.txt 19NOV2019
55  83     3441     2806     4076  9.2  7.5 10.9      939      694     1184 12.6  9.3 15.9      663      478      848 11.8  8.5 15.1  59983  55325  64641                                        Oconto County                                 WI est18all.txt 19NOV2019
55  85     3266     2637     3895  9.4  7.6 11.2      809      597     1021 13.7 10.1 17.3      546      391      701 12.6  9.0 16.2  53805  49160  58450                                        Oneida County                                 WI est18all.txt 19NOV2019
55  87    13196    11058    15334  7.2  6.0  8.4     3465     2656     4274  8.0  6.1  9.9     2375     1755     2995  7.5  5.5  9.5  65993  62742  69244                                        Outagamie County                              WI est18all.txt 19NOV2019
55  89     3674     2883     4465  4.2  3.3  5.1      739      525      953  3.9  2.8  5.0      509      348      670  3.6  2.5  4.7  83014  79004  87024                                        Ozaukee County                                WI est18all.txt 19NOV2019
55  91      738      586      890 10.3  8.2 12.4      230      170      290 15.5 11.4 19.6      160      113      207 14.7 10.4 19.0  56348  51554  61142                                        Pepin County                                  WI est18all.txt 19NOV2019
55  93     3363     2793     3933  8.5  7.1  9.9      609      459      759  7.1  5.4  8.8      378      262      494  5.8  4.0  7.6  75421  70990  79852                                        Pierce County                                 WI est18all.txt 19NOV2019
55  95     4148     3490     4806  9.6  8.1 11.1     1175      905     1445 13.3 10.3 16.3      817      606     1028 12.3  9.1 15.5  59990  56495  63485                                        Polk County                                   WI est18all.txt 19NOV2019
55  97     7635     6581     8689 11.3  9.7 12.9     1332      984     1680  9.9  7.3 12.5      859      588     1130  8.7  6.0 11.4  59032  54982  63082                                        Portage County                                WI est18all.txt 19NOV2019
55  99     1638     1354     1922 12.4 10.3 14.5      438      316      560 18.4 13.3 23.5      309      215      403 17.3 12.0 22.6  47032  42723  51341                                        Price County                                  WI est18all.txt 19NOV2019
55 101    24084    20875    27293 12.6 10.9 14.3     7818     6256     9380 17.6 14.1 21.1     5318     4130     6506 16.3 12.7 19.9  60349  57628  63070                                        Racine County                                 WI est18all.txt 19NOV2019
55 103     2438     2053     2823 14.3 12.0 16.6      735      556      914 20.1 15.2 25.0      533      398      668 19.4 14.5 24.3  53050  48845  57255                                        Richland County                               WI est18all.txt 19NOV2019
55 105    17477    15027    19927 10.9  9.4 12.4     5525     4293     6757 15.0 11.7 18.3     3743     2835     4651 13.9 10.5 17.3  57675  54812  60538                                        Rock County                                   WI est18all.txt 19NOV2019
55 107     2001     1618     2384 14.3 11.6 17.0      654      486      822 23.4 17.4 29.4      435      305      565 21.2 14.9 27.5  48448  44835  52061                                        Rusk County                                   WI est18all.txt 19NOV2019
55 109     4179     3397     4961  4.7  3.8  5.6     1118      817     1419  5.1  3.7  6.5      737      515      959  4.5  3.1  5.9  82575  78487  86663                                        St. Croix County                              WI est18all.txt 19NOV2019
55 111     5416     4411     6421  8.6  7.0 10.2     1664     1221     2107 11.6  8.5 14.7     1107      769     1445 10.6  7.4 13.8  57256  53902  60610                                        Sauk County                                   WI est18all.txt 19NOV2019
55 113     2338     1874     2802 14.5 11.6 17.4      741      550      932 23.6 17.5 29.7      526      380      672 22.9 16.5 29.3  46490  42753  50227                                        Sawyer County                                 WI est18all.txt 19NOV2019
55 115     3836     3065     4607  9.6  7.7 11.5     1293      947     1639 15.3 11.2 19.4      842      583     1101 13.4  9.3 17.5  56022  53191  58853                                        Shawano County                                WI est18all.txt 19NOV2019
55 117     8432     6839    10025  7.5  6.1  8.9     2604     1937     3271 10.5  7.8 13.2     1778     1288     2268  9.5  6.9 12.1  61906  58649  65163                                        Sheboygan County                              WI est18all.txt 19NOV2019
55 119     2072     1626     2518 10.3  8.1 12.5      720      515      925 15.4 11.0 19.8      506      342      670 14.5  9.8 19.2  56981  52013  61949                                        Taylor County                                 WI est18all.txt 19NOV2019
55 121     2297     1835     2759  8.0  6.4  9.6      757      535      979 10.6  7.5 13.7      515      349      681 10.1  6.9 13.3  56978  53736  60220                                        Trempealeau County                            WI est18all.txt 19NOV2019
55 123     4126     3394     4858 13.6 11.2 16.0     1680     1211     2149 21.3 15.4 27.2     1115      745     1485 19.3 12.9 25.7  51692  48279  55105                                        Vernon County                                 WI est18all.txt 19NOV2019
55 125     2359     1841     2877 10.9  8.5 13.3      732      526      938 20.1 14.4 25.8      503      345      661 18.9 13.0 24.8  47198  44071  50325                                        Vilas County                                  WI est18all.txt 19NOV2019
55 127    10114     8549    11679 10.1  8.5 11.7     2371     1795     2947 11.3  8.6 14.0     1456      996     1916  9.1  6.2 12.0  64234  60666  67802                                        Walworth County                               WI est18all.txt 19NOV2019
55 129     1954     1641     2267 12.5 10.5 14.5      524      393      655 17.7 13.3 22.1      360      261      459 16.2 11.7 20.7  50482  47479  53485                                        Washburn County                               WI est18all.txt 19NOV2019
55 131     6059     4786     7332  4.5  3.6  5.4     1421     1025     1817  4.9  3.5  6.3      947      651     1243  4.3  3.0  5.6  75799  71204  80394                                        Washington County                             WI est18all.txt 19NOV2019
55 133    19937    17306    22568  5.0  4.3  5.7     4062     3182     4942  4.8  3.8  5.8     2762     2112     3412  4.3  3.3  5.3  87333  84997  89669                                        Waukesha County                               WI est18all.txt 19NOV2019
55 135     5135     4280     5990 10.4  8.7 12.1     1392     1064     1720 13.9 10.6 17.2      941      683     1199 12.6  9.2 16.0  58648  55955  61341                                        Waupaca County                                WI est18all.txt 19NOV2019
55 137     2503     2000     3006 10.9  8.7 13.1      700      503      897 16.2 11.6 20.8      488      338      638 15.3 10.6 20.0  52340  49739  54941                                        Waushara County                               WI est18all.txt 19NOV2019
55 139    16915    14733    19097 10.4  9.1 11.7     3981     3141     4821 11.6  9.1 14.1     2647     2029     3265 10.6  8.1 13.1  57785  54786  60784                                        Winnebago County                              WI est18all.txt 19NOV2019
55 141     7313     6146     8480 10.1  8.5 11.7     2026     1505     2547 13.2  9.8 16.6     1355      960     1750 12.0  8.5 15.5  55879  52503  59255                                        Wood County                                   WI est18all.txt 19NOV2019
56   0    60097    56071    64123 10.7 10.0 11.4    17314    15745    18883 13.1 11.9 14.3    11232     9889    12575 11.6 10.2 13.0  62259  60969  63549    5539    4745    6333 15.9 13.6 18.2 Wyoming                                       WY est18all.txt 19NOV2019
56   1     7451     6538     8364 20.4 17.9 22.9      827      608     1046 13.5  9.9 17.1      504      338      670 11.7  7.8 15.6  47561  42893  52229                                        Albany County                                 WY est18all.txt 19NOV2019
56   3     1519     1179     1859 13.0 10.1 15.9      511      370      652 17.2 12.4 22.0      344      236      452 15.3 10.5 20.1  55195  50658  59732                                        Big Horn County                               WY est18all.txt 19NOV2019
56   5     4200     3462     4938  9.2  7.6 10.8     1413     1100     1726 11.5  8.9 14.1      891      658     1124 10.0  7.4 12.6  78112  73160  83064                                        Campbell County                               WY est18all.txt 19NOV2019
56   7     1894     1529     2259 13.4 10.8 16.0      532      404      660 15.9 12.1 19.7      329      230      428 13.6  9.5 17.7  61773  55534  68012                                        Carbon County                                 WY est18all.txt 19NOV2019
56   9     1287      976     1598  9.5  7.2 11.8      400      286      514 12.1  8.6 15.6      253      167      339 10.4  6.9 13.9  68162  60839  75485                                        Converse County                               WY est18all.txt 19NOV2019
56  11      604      457      751  8.2  6.2 10.2      219      154      284 12.3  8.7 15.9      153      100      206 12.2  8.0 16.4  64053  57031  71075                                        Crook County                                  WY est18all.txt 19NOV2019
56  13     6070     5024     7116 15.7 13.0 18.4     2182     1691     2673 22.1 17.1 27.1     1378     1008     1748 18.9 13.8 24.0  51204  47219  55189                                        Fremont County                                WY est18all.txt 19NOV2019
56  15     1567     1158     1976 12.9  9.5 16.3      466      327      605 18.0 12.6 23.4      295      194      396 16.2 10.7 21.7  51676  47023  56329                                        Goshen County                                 WY est18all.txt 19NOV2019
56  17      604      476      732 13.5 10.6 16.4      170      120      220 18.4 13.0 23.8      117       77      157 16.8 11.1 22.5  49356  44178  54534                                        Hot Springs County                            WY est18all.txt 19NOV2019
56  19      859      677     1041 10.3  8.1 12.5      244      181      307 13.4  9.9 16.9      172      124      220 12.1  8.7 15.5  57676  51310  64042                                        Johnson County                                WY est18all.txt 19NOV2019
56  21     8839     7212    10466  9.1  7.4 10.8     2877     2234     3520 12.8  9.9 15.7     1880     1410     2350 11.4  8.5 14.3  63839  59877  67801                                        Laramie County                                WY est18all.txt 19NOV2019
56  23     1518     1173     1863  7.9  6.1  9.7      468      331      605  9.2  6.5 11.9      310      205      415  8.2  5.4 11.0  69598  63003  76193                                        Lincoln County                                WY est18all.txt 19NOV2019
56  25     7677     6133     9221  9.9  7.9 11.9     2419     1775     3063 13.0  9.5 16.5     1591     1109     2073 11.9  8.3 15.5  64714  60598  68830                                        Natrona County                                WY est18all.txt 19NOV2019
56  27      292      221      363 13.6 10.3 16.9       69       48       90 16.4 11.5 21.3       46       31       61 15.9 10.6 21.2  51036  46332  55740                                        Niobrara County                               WY est18all.txt 19NOV2019
56  29     2921     2260     3582 10.2  7.9 12.5      802      566     1038 13.5  9.5 17.5      550      366      734 12.5  8.3 16.7  58873  53595  64151                                        Park County                                   WY est18all.txt 19NOV2019
56  31      899      670     1128 10.6  7.9 13.3      292      206      378 17.0 12.0 22.0      194      128      260 15.5 10.3 20.7  54165  48216  60114                                        Platte County                                 WY est18all.txt 19NOV2019
56  33     2551     1915     3187  8.7  6.5 10.9      689      485      893 11.0  7.7 14.3      447      295      599  9.7  6.4 13.0  58307  53532  63082                                        Sheridan County                               WY est18all.txt 19NOV2019
56  35      658      497      819  6.8  5.2  8.4      157      112      202  7.3  5.2  9.4      106       71      141  6.5  4.4  8.6  74570  66303  82837                                        Sublette County                               WY est18all.txt 19NOV2019
56  37     3540     2804     4276  8.4  6.7 10.1     1099      802     1396 10.0  7.3 12.7      697      479      915  8.5  5.8 11.2  73315  67141  79489                                        Sweetwater County                             WY est18all.txt 19NOV2019
56  39     1443     1137     1749  6.3  5.0  7.6      278      202      354  6.7  4.9  8.5      180      126      234  5.9  4.1  7.7  99087  88142 110032                                        Teton County                                  WY est18all.txt 19NOV2019
56  41     2010     1585     2435 10.0  7.9 12.1      696      494      898 12.1  8.6 15.6      454      306      602 10.6  7.2 14.0  63401  56812  69990                                        Uinta County                                  WY est18all.txt 19NOV2019
56  43      918      700     1136 11.9  9.1 14.7      277      197      357 16.1 11.4 20.8      191      127      255 14.5  9.7 19.3  55190  49263  61117                                        Washakie County                               WY est18all.txt 19NOV2019
56  45      777      608      946 11.8  9.2 14.4      227      159      295 16.1 11.3 20.9      150       99      201 14.2  9.3 19.1  54319  48315  60323                                        Weston County                                 WY est18all.txt 19NOV2019
