county_fips,county,state,home_value,median_household_income,payment_to_income_ratio,home_value_growth,median_household_income_growth,monthly_payment_growth,burden_change_pp,price_contribution_pp,rate_contribution_pp,income_contribution_pp
01001,Autauga County,AL,249070.60209999257,78840.0,0.19612715106398912,0.5137585152584259,0.39342523860021217,1.087956663801501,6.523912689889563,6.810477981438484,5.2992451555232085,-5.585810447072127
01003,Baldwin County,AL,379290.18508614,82519.0,0.2853510750264909,0.9005454122264076,0.5751808654818944,1.6214593796276988,11.38895002946893,14.83736807066861,7.532033583424605,-10.980451624624283
01007,Bibb County,AL,220407.42051623785,60359.0,0.22669713982527098,0.5158863353612917,0.4805847867147448,1.0908916075976003,6.617024536674318,8.168098114537324,6.331628302266864,-7.882701880129871
01009,Blount County,AL,230252.46745512274,69371.0,0.2060573938698624,0.6081254287026729,0.37403688078119113,1.2181187892542904,7.841298631762633,7.910889896178354,5.387826811041772,-5.4574180754574915
01013,Butler County,AL,123801.21145189881,47673.0,0.16121827757660306,0.2630668554513096,0.4076119050431086,0.7421727647333147,3.0959802974568436,3.454963577397493,4.7500013838195585,-5.108984663760207
01015,Calhoun County,AL,160839.44942936007,53533.0,0.18652320128281014,0.3993759306047351,0.2718395856596423,0.9301865324078944,6.361922954102231,5.182216506450224,4.96205847760744,-3.7823520299554327
01017,Chambers County,AL,138128.84437838013,51067.0,0.16792134255909094,0.5560390389748198,0.4360798650168729,1.146275015343584,5.556460484758782,6.243944054174493,4.559849067568889,-5.2473326369845985
01019,Cherokee County,AL,219032.22918840553,61632.0,0.22062952343781161,0.6803859054312127,0.5744941753525445,1.3177890750984433,7.07539789822024,9.800515294430628,6.111470688624002,-8.836588084834393
01021,Chilton County,AL,211887.91459735075,66063.0,0.19911765082240168,0.6974248429286114,0.5447190590876143,1.3412912141339532,6.774534293976567,8.875969490879566,5.433777323682599,-7.535212520585598
01027,Clay County,AL,168978.92828999928,53550.0,0.1959002278093383,0.6635097763754481,0.37632363524210954,1.294511500923977,7.839281345350186,7.939991919619146,5.057092552612127,-5.157803126881085
01029,Cleburne County,AL,216742.21181970244,62370.0,0.215739477080703,0.8979291604747419,0.4802069489272831,1.6178507325257927,9.375426640190868,10.804779930611902,5.504689806635243,-6.934043097056275
01031,Coffee County,AL,182822.23410380035,71584.0,0.15855316442813253,0.5032650041823221,0.52767937171881,1.0734827591745901,4.173598929327839,5.721910868445885,4.524075330742723,-6.072387269860769
01037,Coosa County,AL,191228.37868119727,53054.0,0.22376701817382327,0.5662119244114661,0.4705360607572482,1.1603066747684085,7.144722336135501,8.531505317625557,6.140208269660935,-7.52699125115099
01039,Covington County,AL,153211.51039756686,53576.0,0.1775345864679293,0.5285195505748741,0.4736900013753267,1.1083168479014893,5.343988730707744,6.481927195721065,4.9279977615790065,-6.065936226592326
01041,Crenshaw County,AL,136033.58879369343,51238.0,0.16482225480668042,0.43922404759022915,0.3938899317174025,0.985149817873278,4.909089819596351,5.147442791773433,4.552114644913228,-4.79046761709031
01043,Cullman County,AL,239891.46214877962,64722.0,0.2301042961441174,0.6787066473070473,0.6472893866123695,1.3154728415940555,6.640193779939005,10.4828969829261,6.544771172356525,-10.387474375343619
01045,Dale County,AL,161229.8409966912,58359.0,0.17151395002587472,0.5700290788468263,0.28844880116571736,1.1655717503796987,6.946840789350784,6.104345088917325,4.376079251980331,-3.5335835515468723
01047,Dallas County,AL,91719.89819996637,41409.0,0.13750886143557076,-0.0066515553644878045,0.39508793208004844,0.3701448966577694,-0.25033034170556245,-0.09427093395183739,4.544579944965256,-4.700639352718981
01049,De Kalb County,AL,202654.94367206946,54180.0,0.2322095445996803,0.9384084566635307,0.4523522316043427,1.6736846157848717,10.607273388232027,11.772247075264364,5.818318191249129,-6.983291878281465
01051,Elmore County,AL,254019.38351906498,80024.0,0.1970645322057971,0.5339972683354739,0.4944348995293941,1.1158723709161467,5.787838920594187,7.301702400393814,5.504946714182351,-7.0188101939819765
01053,Escambia County,AL,147009.65720967078,56963.0,0.1602193170054489,0.611442095027366,0.5462269272529858,1.222693531846616,4.876201591091228,6.5993488564501295,4.4691517663710325,-6.192299031729933
01055,Etowah County,AL,171827.49240189744,57284.0,0.18621779545642406,0.7287158652326176,0.3592122434452485,1.384451531898149,8.006780492578573,7.92177348177572,4.703017441189435,-4.6180104303865805
01057,Fayette County,AL,145276.0456485768,54089.0,0.16674273571218023,0.6759162498959275,0.45851422407981657,1.3116239919853006,6.153676249102025,7.059312630443032,4.429415131347479,-5.335051512688487
01059,Franklin County,AL,188321.99445076927,56059.0,0.20855353876369892,0.8097725061346468,0.4547554171532373,1.496254538659676,8.701369353386456,9.78128828143209,5.367284960966026,-6.4472038890116625
01063,Greene County,AL,136277.4551341252,35813.0,0.23623550856544936,0.3874050716836177,0.4100716591857627,0.9136748930652694,6.216780420846154,6.79391848214185,6.673640313200508,-7.250778374496203
01065,Hale County,AL,177411.96612885033,50041.0,0.22009936715246547,0.5279688273478507,0.4107978573442346,1.1075572246061074,7.276494986775606,7.835211620635478,5.963955995885584,-6.522672629745455
01067,Henry County,AL,189988.51866780772,62086.0,0.18997460091615148,0.4910464352722297,0.4608126867603115,1.0566294486096677,5.503667742772253,6.573398660844929,5.303567813513786,-6.373298731586462
01069,Houston County,AL,191382.2802263694,59056.0,0.20118683645284563,0.541052509399129,0.35549026808666917,1.1256038026108977,7.289067959425869,7.117601008956891,5.314719500019025,-5.143252549550047
01071,Jackson County,AL,193754.86702404157,56900.0,0.21139865459724594,0.7319552531985363,0.4153876769234597,1.3889196829419928,8.614913165528682,9.220990321076847,5.452357354715923,-6.058434510264091
01073,Jefferson County,AL,216629.7954974121,69346.0,0.19393609172879134,0.7409438778986845,0.432324692760508,1.4013178684199992,7.825817309347714,8.576044995641672,5.024165531210063,-5.774393217504022
01075,Lamar County,AL,142182.42099598915,54598.0,0.16167059456472482,0.5575986360395015,0.49501642935377865,1.1484261980132264,4.916954833787678,6.161625081744832,4.488014204056223,-5.732684452013379
01077,Lauderdale County,AL,227078.35239883326,67098.0,0.21010095381581692,0.7084160154482055,0.5601283482142858,1.3564515529026244,7.100008682317335,9.50677887659381,5.750788133106954,-8.157558327383427
01079,Lawrence County,AL,216809.78326031115,68936.0,0.19525162641667032,0.6720987953186537,0.6503315697493477,1.3063585023824111,5.553790767455752,8.853065039958121,5.568495998125661,-8.867770270628029
01081,Lee County,AL,327379.57520687504,70233.0,0.28938247451665605,0.7658488515423405,0.51227337323974,1.4356697846318092,10.97089351661974,13.450080643023034,7.681444104499082,-10.160631230902373
01085,Lowndes County,AL,146585.56289217455,46580.0,0.19536806705952492,0.16404609698141281,0.49693093807243627,0.6055915000085355,1.3221796422654586,2.9333654766537367,6.203649436205284,-7.814835270593562
01089,Madison County,AL,313741.1338453013,89197.0,0.21836502452011078,0.8443466985241592,0.5088214895884433,1.5439433969997496,8.885198505585933,10.699238554393258,5.692052383436588,-7.506092432243911
01091,Marengo County,AL,157329.63620102336,49716.0,0.19646094282239632,0.2772477756132472,0.4048433128938371,0.7617327846787021,3.9798795095380424,4.3830973387672785,5.751766558204783,-6.15498438743402
01093,Marion County,AL,166990.0696941807,52965.0,0.19573276635609108,0.5563412017621487,0.5142808131057552,1.1466917943733943,5.766246983471454,7.5040397047659555,5.47493670112486,-7.212729422419361
01095,Marshall County,AL,236423.79607384012,64913.0,0.226110833124322,0.8342674503974754,0.5988817458558093,1.5300408933440557,8.321808993830723,11.384850346142887,6.101467896223908,-9.164509248536072
01097,Mobile County,AL,198472.69986803422,60321.0,0.20426507118736395,0.7850115078349671,0.4183164824829533,1.4621012104497493,8.65962621103924,9.282383920177665,5.212633445685098,-5.835391154823523
01101,Montgomery County,AL,162791.8586068152,61102.0,0.1654013768878519,0.49520948049698355,0.43210050157033697,1.0623716181374459,5.054749084793507,5.691354430047799,4.561117364579225,-5.197722709833515
01103,Morgan County,AL,229231.9634469757,68601.0,0.2074467296352592,0.7572731183131545,0.45236482195029004,1.4238411084180167,8.31447151572859,9.361699235700053,5.3953037424666395,-6.442531462438101
01107,Pickens County,AL,134326.20408827384,48960.0,0.17032609825198067,0.32690980665957436,0.4764776839565741,0.8302325933442831,3.2921331240961638,4.435747169508694,5.039683413438477,-6.1832974588510075
01111,Randolph County,AL,192426.69946289354,54403.0,0.21958584776751058,0.6768879662579761,0.4572362253234403,1.3129642993282573,8.124023991350809,9.29985238711035,5.828975474257395,-7.004803870016937
01113,Russell County,AL,183641.8460846833,53867.0,0.21164632194376745,0.690534716073322,0.49116930572472595,1.331787527689301,7.629929945376135,9.190284288085913,5.6717985236534165,-7.232152866363194
01115,Saint Clair County,AL,273969.5423533634,76980.0,0.22094605027509734,0.6234964042257105,0.4373202882855969,1.239320275785302,7.913058773899409,8.833819477095474,5.897811770191679,-6.818572473387745
01117,Shelby County,AL,353456.0573939148,102861.0,0.213327356392307,0.6743770830397404,0.4512196842506242,1.3095009891009668,7.927897960153624,8.993669793587586,5.6533550177699,-6.719126851203862
01121,Talladega County,AL,177817.30917590644,55578.0,0.1986245765686496,0.8353872474963571,0.4660125029674764,1.5315854513373859,8.360333069585737,9.517719898615864,5.1057248504448625,-6.263111679474992
01123,Tallapoosa County,AL,267359.15917734226,60578.0,0.27399459812750854,0.7683542678477167,0.5512534890271696,1.4391255542394963,9.973744454181785,12.947925428687835,7.373246525656012,-10.347427500162063
01125,Tuscaloosa County,AL,229856.29497017394,67379.0,0.2117842726532033,0.5339095070394106,0.40760006685050554,1.1157513200476687,7.0885125612700355,7.58488467981536,5.722090784175884,-6.218462902721209
01127,Walker County,AL,165827.95673985282,57993.0,0.17751867140240424,0.5078856500935436,0.5545637314032972,1.0798561062601086,4.4834449941862005,6.510988704958252,5.109388739748298,-7.136932450520351
01133,Winston County,AL,188900.87320156008,58945.0,0.19895225146907458,0.45935976678548984,0.615064251856317,1.0129234083438843,3.9323391353430797,6.974086376143326,5.939700903202403,-8.981448144002647
02020,Anchorage Borough,AK,404316.73412324855,103780.0,0.24186326709352002,0.26485476908099015,0.33408749084084266,0.7446388688970664,5.691567428461533,5.0590161724215115,6.910940607229276,-6.278389351189255
02090,Fairbanks North Star Borough,AK,307601.6792859532,92086.0,0.20737526702809572,0.3391015309462928,0.29916338652107055,0.847048876596264,6.151320695667622,5.170797254884142,5.68988255033009,-4.709359109546609
02110,Juneau Borough,AK,445832.9652174842,105304.0,0.26283861733992087,0.3071906208814885,0.2703759108237225,0.8030335355453802,7.764857992785975,6.009338899213286,7.2029488435251166,-5.447429749952425
02122,Kenai Peninsula Borough,AK,323461.44751000364,82655.0,0.24294908083961736,0.424343233406723,0.33260781942765005,0.9646244204442564,7.815633904094618,7.225770093037011,6.576405214066273,-5.986541403008667
02130,Ketchikan Gateway Borough,AK,362967.70453615236,92939.0,0.24245539622635937,0.4470843865161205,0.4229567933368037,0.9959917367623363,6.960720913862681,7.754495594550189,6.757270043944717,-7.551044724632225
02150,Kodiak Island Borough,AK,363151.7084200582,92237.0,0.2444245291817743,0.22239225177296262,0.3661704806339332,0.6860694900421129,4.637481742128985,4.500300285495467,7.191734441801801,-7.054552985168282
04001,Apache County,AZ,320622.54664551123,43939.0,0.4530078788659578,1.1037196192762724,0.41410272914521107,1.9017015287197077,23.224096969619207,24.517902254114553,10.86712841832403,-12.16093370281938
04003,Cochise County,AZ,261099.37590394044,60975.0,0.2658372830099255,0.718834669668234,0.4033048721548411,1.3708222060069866,10.848648989560855,11.419767309250368,6.84514823489041,-7.416266554579922
04005,Coconino County,AZ,618583.8770937963,74564.0,0.5150285013803039,1.1517088663508055,0.4351650466750072,1.9678940338056217,26.597954787887556,28.674961244541727,12.355058924566501,-14.43206538122067
04007,Gila County,AZ,398145.8741074812,59678.0,0.4141806680864656,1.056422150814131,0.443380254438156,1.8364632073751643,20.341812530727502,22.20371979195998,10.124796110887639,-11.986703372120115
04009,Graham County,AZ,283976.63430544344,64504.0,0.27331144963557036,0.72147639031151,0.4603907718082818,1.3744659828481613,10.521406615629116,12.032910792490828,7.187939187100355,-8.699443363962065
04012,La Paz County,AZ,271217.4592665944,51062.0,0.32974763300608323,0.9898969167244052,0.4658246016936989,1.7447036536362477,15.364403356276057,17.268285917774122,8.224315417036465,-10.128197978534534
04013,Maricopa County,AZ,480846.8970608988,90919.0,0.3283326200678529,1.1365400815769608,0.6230608565256976,1.9469714329210852,14.750160908501723,19.507747719756395,8.443067231695641,-13.200654042950314
04015,Mohave County,AZ,348276.36319997517,61016.0,0.3543579105514018,1.1097560284876007,0.5117938553022794,1.9100276657562185,17.026477698658763,19.971982500986023,8.801254269542302,-11.746759071869558
04017,Navajo County,AZ,395003.0812515211,54293.0,0.4516671535321851,1.2050483299448587,0.44173880715916947,2.041466196955956,23.756447377259814,25.741658097837593,10.770956161036187,-12.756166881613959
04019,Pima County,AZ,355686.1863509884,71993.0,0.30671752600005964,0.9954868883658012,0.5282866665251449,1.752414010619523,13.641164048759553,16.497956064164608,7.8179536028305066,-10.674745618235558
04021,Pinal County,AZ,383197.3966717136,81817.0,0.29076415326891575,1.2969776619449527,0.6077857255148562,2.168266118749062,14.321137910303982,18.23492121625107,7.253917399411379,-11.167700705358463
04023,Santa Cruz County,AZ,279216.44449661626,57125.0,0.3034426652588278,1.0703321034349376,0.6371478520047,1.8556494765026526,12.94785594668648,17.611869878467814,7.929934312751147,-12.593948244532477
04025,Yavapai County,AZ,505248.72250029066,74247.0,0.4224625134329538,1.0852062372413087,0.5723634053367217,1.876165659557112,19.15075981479848,24.101600759545455,10.766029615882514,-15.71687056062949
04027,Yuma County,AZ,271429.52580795466,64906.0,0.25961758597559054,1.0602708874774036,0.6055508830950378,1.8417718449697973,11.293823690401105,14.827124983444149,6.722544083011628,-10.255845376054667
05001,Arkansas County,AR,116668.2163228076,54613.0,0.13262286000225768,0.14882357183706785,0.32623424561062686,0.5845947739821291,2.162351709529839,1.7106823486078166,3.9544966333339358,-3.5028272724119125
05003,Ashley County,AR,93133.50196697615,54257.0,0.10656436989462852,0.3072948073517068,0.3608136239371975,0.8031772419771381,2.614285447006105,2.5295405646967564,3.0319835945863534,-2.9472387122770045
05005,Baxter County,AR,227615.73416637175,55893.0,0.2528172622592572,0.6407585960889424,0.5146333532057883,1.2631303539248142,8.361558237371252,10.59034101886718,6.918259313865807,-9.147042095361735
05007,Benton County,AR,364808.32923699595,92077.0,0.24596621005906863,1.2200035784294818,0.5271337114804127,2.062094263069226,12.329745495360752,14.56793829965006,6.0352096872478835,-8.27340249153719
05009,Boone County,AR,219579.19538982364,57376.0,0.23758706156602982,0.8012695511970103,0.4025275611723582,1.4845262469638167,10.346797047913919,10.852628943235018,6.005566588858852,-6.511398484179953
05013,Calhoun County,AR,132054.70733375478,60117.0,0.13636987797193456,0.28110221295192583,0.48341805260820214,0.7670492853261814,2.188889518587506,3.1714711218349554,4.112661839641702,-5.095243442889152
05015,Carroll County,AR,257107.5521475058,50886.0,0.3136739008219873,0.8333362836843308,0.353819139596137,1.52875651692323,14.574245796355296,14.357355095466819,7.729296246835954,-7.51240554594748
05017,Chicot County,AR,114522.27345353183,41816.0,0.17002365133933428,-0.0029445255679860782,0.3953550453817405,0.37525807520540244,-0.24845956637835898,-0.051413496422698934,5.608743559807621,-5.805789629763282
05019,Clark County,AR,156973.42602509676,52380.0,0.18604692990598182,0.566396709242371,0.3836644125105664,1.1605615520920822,6.689896315701905,6.856205282012612,4.936246854969841,-5.10255582128055
05021,Clay County,AR,117374.56238369853,53417.0,0.1364131876044573,0.9389608758891932,0.5122013362020157,1.674446578404278,5.9281639628607605,7.079229820730205,3.4936724223167177,-4.644738280186162
05023,Cleburne County,AR,243965.7466481086,55796.0,0.2714486298656013,0.604877113468995,0.27060323822102794,1.2136383246557951,11.56402015978425,9.95458023448224,6.814435220645238,-5.204995295343229
05025,Cleveland County,AR,152096.12980325558,62279.0,0.151613682910017,0.22724694504629572,0.4114860730231398,0.6927656632220458,2.5192993645856143,2.8930842979539473,4.535364318337946,-4.909149251706279
05027,Columbia County,AR,149373.0294832179,54388.0,0.1705025839628172,0.2553920239282641,0.42911947867672184,0.7315867198255108,2.978276836471114,3.599477012712196,5.081562529509437,-5.70276270575052
05029,Conway County,AR,164813.08798273097,63127.0,0.16208335236534238,0.5638035280075879,0.4444876664683539,1.1569847266043753,5.353951311426179,6.100744657075691,4.406375925211055,-5.153169270860568
05031,Craighead County,AR,210654.75666529723,58784.0,0.222471303951861,0.583391106341679,0.3844559585492229,1.1840022556872207,8.144501995406674,8.356523856869316,5.878173081066288,-6.090194942528932
05033,Crawford County,AR,199121.2376461292,62606.0,0.19745288831633429,0.6440828208532738,0.34506391663981084,1.26771552202045,8.033645429643398,7.761663393435342,5.058592731155332,-4.786610694947275
05035,Crittenden County,AR,159431.513331885,51600.0,0.19181666312478002,0.3949056009630385,0.3807497792405876,0.9240205194866216,5.416178232606833,5.5280212365516235,5.34305289329271,-5.454895897237502
05037,Cross County,AR,150378.58215369197,54428.0,0.1715242284533286,0.5200762686249567,0.3908821424920781,1.096670864322217,5.773908915461087,5.998236253206304,4.621684248641611,-4.846011586386828
05039,Dallas County,AR,136265.17824677026,49043.0,0.1724923047379509,0.12230111378316955,0.47046653873830646,0.5480118299551691,0.8640738878565007,1.982349195431941,5.51994858915292,-6.638223896728361
05041,Desha County,AR,111485.70507655705,46736.0,0.14809128789244178,0.2672320404958817,0.5082453932294189,0.7479178857563304,2.0306107271935074,3.341627004937837,4.532610113963599,-5.843626391707928
05043,Drew County,AR,155844.28669830578,55221.0,0.17520580177350337,0.45163000271250686,0.40372149775032407,1.002261593897844,5.237462365492809,5.600073276959357,4.839601504814836,-5.202212416281384
05045,Faulkner County,AR,244050.54558363065,72916.0,0.20778720984438367,0.5520256876375926,0.42533768594718224,1.1407393215164152,6.9439239181976085,7.657956868941117,5.6251079654171345,-6.33914091616064
05051,Garland County,AR,244177.14011774832,59915.0,0.25300628165712336,0.8762718973967669,0.588288312170294,1.5879784468821074,9.773183547856126,13.029790974376878,6.7424345643025525,-9.9990419908233
05055,Greene County,AR,189485.7314236278,61949.0,0.18989086684842585,0.6696220364630707,0.4080598236203292,1.3029422605545258,7.378821631244409,7.837584556986793,4.9554841340321785,-5.414247059774562
05059,Hot Spring County,AR,172875.86916252595,58401.0,0.18377056807767891,0.5948617035923496,0.46548392763042323,1.1998238743442968,6.134585170368043,7.21472359658477,4.995032645586806,-6.075171071803533
05061,Howard County,AR,148735.67465473505,50330.0,0.1834636722328246,0.7212241491405749,0.5160095183589868,1.3741180616781525,6.631167466895596,8.250187851520634,4.926386660071949,-6.545407044696987
05063,Independence County,AR,161413.7771263912,56616.0,0.17699593103607214,0.41251913896997117,0.48050521691378356,0.9483152162192887,4.249849597527483,5.472518452771234,5.098453215086655,-6.321122070330405
05067,Jackson County,AR,105953.1312687936,47377.0,0.1388379217030261,0.45627164284514277,0.45457615670381624,1.0086638987227001,3.8298289022838854,4.559301526888268,3.906519830484857,-4.635992455089239
05069,Jefferson County,AR,89836.29562889617,51205.0,0.10891841931212759,0.6617945483053798,0.38429305217626375,1.292145653371187,4.313943581426567,4.421798026151998,2.8216180848255634,-2.9294725295509942
05071,Johnson County,AR,177537.26146650247,52979.0,0.20804037350926183,0.7130492638960886,0.476684226663322,1.3628422829129225,7.802325798196424,9.154423469085815,5.515705019196395,-6.867802690085787
05075,Lawrence County,AR,130731.35260019581,51374.0,0.1579785917171249,0.6873609796622104,0.4759250746954724,1.327409931116311,5.7796598995048285,6.80113560279764,4.212672167339515,-5.234147870632326
05077,Lee County,AR,111486.62107616822,38287.0,0.18077288106999528,0.39075313547767165,0.34429970857764824,0.918292942799863,5.409101412508299,5.094762093079673,4.968467373522882,-4.654128054094256
05079,Lincoln County,AR,123259.60270606137,54158.0,0.14129279311711496,0.41338371263713336,0.3466779391287049,0.9495077395521079,4.3690776162614435,4.14927042342553,3.859591643425084,-3.6397844505891706
05085,Lonoke County,AR,218623.41496124057,75131.0,0.18065058375054976,0.4707409906084834,0.33589971550497877,1.028621752487883,6.168751774664756,5.780106094806734,4.82925894788421,-4.440613268026187
05087,Madison County,AR,258169.55906533578,59646.0,0.26871107951169065,1.0548110352652005,0.45453215304704075,1.8342409642547217,13.080858287887184,14.457394410120346,6.597667924211384,-7.9742040464445445
05091,Miller County,AR,172438.23883776515,53529.0,0.1999890941428509,0.5198400146124866,0.3723625176259453,1.0963449945518966,6.906716218561523,6.939840163539899,5.349704071079499,-5.382828016057873
05093,Mississippi County,AR,105938.23163238865,52924.0,0.12426874811927119,0.7335372379171348,0.5169685851868837,1.391101745339617,4.542986667691709,5.645342394705449,3.328577568923779,-4.430933295937519
05097,Montgomery County,AR,184824.3160142618,51291.0,0.22370711965324044,0.9605397365218493,0.35643826197339545,1.7042107220249707,11.149511853141593,11.04837473571067,5.38329456632039,-5.2821574488894685
05103,Ouachita County,AR,108585.54977303797,55644.0,0.1211478071153632,0.46136623963323875,0.4648169110485165,1.0156909755026913,3.3108837473813173,4.024766273677274,3.417040697229078,-4.130923223525035
05105,Perry County,AR,164889.57939405824,59602.0,0.17174900980899496,0.6526004703699531,0.38544862854486284,1.279464082235974,6.736068803276382,6.917138067068311,4.461236673188118,-4.642305936980049
05107,Phillips County,AR,52061.266255995004,38969.0,0.08293872036694709,-0.060441401434121356,0.3807043650793651,0.29595151216884696,-0.5424040252927795,-0.5431189661922045,2.8070034828984305,-2.8062885419990056
05109,Pike County,AR,179188.29143963373,52643.0,0.2113152610207661,0.8325471410552694,0.4515799922792698,1.5276680370934357,8.996190272386851,10.050471431182013,5.405925406515622,-6.460206565310783
05111,Poinsett County,AR,135455.8701796242,52688.0,0.15960554740104574,0.5949434561429374,0.6084992062522896,1.1999366372328697,4.290882443044268,6.614234513440328,4.573927610092238,-6.897279680488297
05113,Polk County,AR,178659.6512641645,47544.0,0.23328812334511814,0.7905533246682239,0.3692365291017481,1.4697451465663298,10.395226019590748,10.436649898977256,5.835061977811608,-5.876485857198118
05115,Pope County,AR,200934.48955585252,61509.0,0.20280454627852715,0.5537357598286261,0.49751667721673076,1.1430980574646261,6.109232307453613,7.7022472209476165,5.641138160371886,-7.234153073865892
05117,Prairie County,AR,137885.12004575075,57689.0,0.14838372029409233,0.603372927115525,0.45981578015081737,1.2115635710615669,5.043813137356887,5.864517285274121,4.01562770781277,-4.836331855730004
05119,Pulaski County,AR,202774.84143878016,66706.0,0.18871700527450103,0.3914218066363093,0.43537107567835087,0.9192152539792855,4.757654158861727,5.522614727159951,5.377707499578156,-6.142668067876379
05121,Randolph County,AR,153546.9582050894,54352.0,0.17538302346766407,0.6365078570922982,0.5649870429023898,1.257267226665967,5.3788133846490895,7.457147619573296,4.894369352586296,-6.9727035875105035
05123,Saint Francis County,AR,88188.53831996524,44215.0,0.12382387187274539,0.21204830173117672,0.39810276679841894,0.6718018778687864,2.027183011904801,2.2205812327416825,3.7061014862190724,-3.8994997070559534
05125,Saline County,AR,245786.53597076936,80628.0,0.18924920618932492,0.5024395845911567,0.41636510557565964,1.0723442418229552,5.990487888361434,6.534559058242252,5.176140601592067,-5.720211771472883
05127,Scott County,AR,141735.67983161437,48770.0,0.1804215046537264,0.49623188719929145,0.3536693682691241,1.0637818436560353,6.2079992454881845,6.025118386140449,4.8222989461582735,-4.639418086810539
05129,Searcy County,AR,178172.4249484924,41124.0,0.26897195844925215,0.966242753722913,0.35156275676208626,1.7120770049549807,13.492986414691757,13.297698127724678,6.453652905523138,-6.25836461855606
05131,Sebastian County,AR,193619.24807804523,62153.0,0.19339636100459134,0.5457115492844269,0.49939689279166255,1.132030107254188,5.738613217111702,7.281320139904272,5.39509850702597,-6.937805429818539
05135,Sharp County,AR,155000.7204721681,48226.0,0.1995328197173707,0.4812029105458211,0.502601651347562,1.043052082840537,5.278259884756931,6.921301391968403,5.676213425182375,-7.319254932393848
05139,Union County,AR,131100.51558753804,58585.0,0.1389248159955046,0.3226812546711797,0.38843464865505384,0.8244000690589328,3.319799030771425,3.460747817911543,3.9758021405869353,-4.116750927727052
05141,Van Buren County,AR,169482.8522999673,52814.0,0.1992225836586444,0.7006293045085037,0.37873962303555575,1.3457111905318997,8.212544441900723,8.348371783530062,5.102697798001461,-5.238525139630802
05143,Washington County,AR,331623.53283855855,74040.0,0.2780614584557702,1.089515415158457,0.5950708776767633,1.882109392759551,12.41714861662524,16.028062285777818,7.137530814380284,-10.748444483532865
05145,White County,AR,192724.85046417662,57435.0,0.2083161577979299,0.554361893591715,0.35115742918979964,1.1439616959841752,7.703213124271613,7.473311464327832,5.473906111174811,-5.244004451231029
05147,Woodruff County,AR,92157.49039773001,46571.0,0.12285050357815108,0.4378495486039926,0.5016605939444749,0.9832539445957553,2.983177510304068,3.992931026594035,3.539432618992829,-4.549186135282796
05149,Yell County,AR,165342.1743928785,54318.0,0.18897386202105299,0.5420905405024967,0.45177068020847244,1.127035579170807,5.999308008468496,6.955012052878173,5.182235778863732,-6.13793982327341
06001,Alameda County,CA,1125973.5599015227,128031.0,0.5459777189587074,0.7512244811125206,0.5716653163438168,1.4154981050772069,19.073246226392516,25.667544889045942,14.858566559959504,-21.452865222612935
06003,Alpine County,CA,514153.72709452285,74440.0,0.4287937916273358,0.4835532124161386,0.46299280688652167,1.0462939000806122,12.222872159332093,14.696722254015413,12.006911268615296,-14.480761363298617
06005,Amador County,CA,438146.26215524675,85625.0,0.31767306364227715,0.6857055505085698,0.5323287818321731,1.3251265653760331,10.831689960346488,13.9542188936882,8.654011626439212,-11.776540559780923
06007,Butte County,CA,399769.5748167778,65143.0,0.38098146550598583,0.641195079054234,0.43584826643743524,1.2637324033975879,13.933118211978027,15.486834627549856,10.119063753298496,-11.672780168870325
06009,Calaveras County,CA,459364.37671258184,79852.0,0.3571357941124776,0.7859531751736024,0.5218311067065617,1.4634000705882513,13.650563042618177,16.904479712062095,9.471075391798399,-12.724992061242316
06011,Colusa County,CA,376089.767984546,69149.0,0.3376505635647588,0.9543722873001728,0.35273289252318163,1.695703838944707,16.821391517839757,16.596043445871018,8.12287909176331,-7.897531019794572
06013,Contra Costa County,CA,828728.445628991,126787.0,0.40578817298774417,0.6757736764940336,0.5268919504793101,1.3114273377094934,13.77309925493233,17.634401449776544,11.058832070487714,-14.920134265331926
06015,Del Norte County,CA,369098.412001272,58773.0,0.3898757131700542,0.825624982006163,0.5084310756358597,1.5181201680186853,15.632822451142767,18.867931412353563,10.201224449101442,-13.43633341031224
06017,El Dorado County,CA,669382.2560656591,107289.0,0.38732975696284805,0.6785152774438998,0.4196361230565664,1.3152088814068912,14.982750870564548,16.187210971152528,10.13148543948461,-11.33594554007259
06019,Fresno County,CA,402678.4250546204,74244.0,0.3367122091134208,0.9606052251632224,0.5929454170957775,1.7043010517861439,13.837476068727039,18.22321455908647,8.839887555095192,-13.225626045454622
06021,Glenn County,CA,343284.6995297891,66061.0,0.32260505506191356,0.8807029052115816,0.5157167767988253,1.5940902224401259,13.410818243676056,16.2111174461057,8.368016894210923,-11.168316096640567
06023,Humboldt County,CA,460050.0857809861,58960.0,0.4844059912818573,0.45367062575441985,0.4472618375512407,1.0050762650859637,13.476228083009822,15.79988631716449,13.601942926895816,-15.92560116105048
06025,Imperial County,CA,344619.10490197915,60477.0,0.35376183285047713,0.8794572831587009,0.5147651847213526,1.5923721116320455,14.70530406671825,17.75695640947376,9.17530778574507,-12.226960128500577
06029,Kern County,CA,358876.2865612631,71295.0,0.3124982243060829,0.931278677268697,0.39384164222873896,1.6638503719151778,14.898564764165117,15.42026630820751,7.670116555744189,-8.191818099786584
06031,Kings County,CA,350285.45888188627,71731.0,0.30316362307830275,0.9747258205437948,0.5445951765719208,1.7237778645832482,13.124612715928027,16.234229698648942,7.802677465991466,-10.912294448712382
06033,Lake County,CA,323038.15035190305,55489.0,0.3614171705142009,0.7509783973582613,0.46050588266259584,1.415158676952192,14.28593139772618,16.284209760683392,9.441910913494667,-11.440189276451875
06035,Lassen County,CA,232912.47369359666,68185.0,0.21206342332394615,0.7555094329613101,0.2472105359429304,1.4214084227907433,10.283454092296662,8.792813033315594,5.090964577329862,-3.6003235183487936
06037,Los Angeles County,CA,888857.4711573212,90757.0,0.6080143932845572,0.8310854720918859,0.5370818866965874,1.5256519285651562,23.798402599659767,29.8538250882053,16.05766100989245,-22.113083498437984
06039,Madera County,CA,411386.3723486792,71161.0,0.35889691353421177,1.008492774551168,0.5272895070074903,1.7703532832681343,16.10378558289265,19.42285594917405,9.123031510642436,-12.442101876923832
06041,Marin County,CA,1475486.68885486,145395.0,0.6300103567506828,0.5799041700574057,0.45587175071093844,1.179192656416523,20.91139856345502,24.24942548756517,17.128680183392827,-20.466707107502977
06045,Mendocino County,CA,520614.9827589211,67303.0,0.4802242690684858,0.362090664424493,0.5566066100793301,0.878758237076813,8.234429877725912,13.912120906139036,14.475062667730798,-20.15275369614392
06047,Merced County,CA,425479.47408347885,65325.0,0.4043533636537555,1.1029525824536446,0.5234730287553349,1.9006435398601615,19.197930419152584,22.824479056719742,10.09666642199326,-13.723215059560424
06049,Modoc County,CA,183202.85057515037,57390.0,0.19817910690992108,0.6899004749459265,0.49445341388469344,1.3309127065239332,7.111753053547773,8.611671993328553,5.318214331268153,-6.818133271048934
06051,Mono County,CA,747377.9591118526,91667.0,0.5061615278938304,1.0970279206252238,0.6977885612683361,1.8924715381698451,20.90608508873457,30.382785591340266,13.44151485230989,-22.91821535491559
06053,Monterey County,CA,856022.7901091865,91761.0,0.5791473242558646,0.8994150578685269,0.5281529468582944,1.619900259800986,24.133839931078892,29.567337761536262,15.034153657436425,-20.46765148789379
06055,Napa County,CA,929717.8756769263,116139.0,0.49697548219645,0.6403041479433462,0.5978839618617833,1.262503524728225,14.598855830397861,21.46843308529259,14.021964085865054,-20.891541340759787
06057,Nevada County,CA,627831.0209025983,98873.0,0.3942093523001871,0.6354323420910064,0.7157408853488816,1.2557837478340859,9.437515774242101,17.687008058406008,11.60958985978865,-19.859082143952556
06059,Orange County,CA,1130946.4216109898,114858.0,0.6112834614109822,0.9272686896062818,0.4725007051101253,1.6583193176703253,27.268029889149055,31.04111482950097,15.46417283230955,-19.23725777266146
06061,Placer County,CA,695427.6401574704,115845.0,0.37268037078014965,0.6746026486127927,0.5202157395378135,1.3098121160981941,12.73987041336809,16.137943678433214,10.134420024640397,-13.532493289705517
06063,Plumas County,CA,376425.98054480675,72068.0,0.32426418637687304,0.7711953220222927,0.5394868946660116,1.4430442757107436,11.992877162410398,15.287625325746985,8.68324494918722,-11.977993112523809
06065,Riverside County,CA,620527.9209594526,92611.0,0.4159686672484719,0.9712611689130743,0.5996372743760257,1.7189990029701203,17.124662638846434,22.695345807718535,10.924349312550124,-16.495032481422225
06067,Sacramento County,CA,546884.5418201252,93331.0,0.3637739480657294,0.8684347410821325,0.5890184728015664,1.577168504221206,13.947991278879257,18.64967595716452,9.71240113317034,-14.414085811455601
06069,San Benito County,CA,790159.7972084326,109002.0,0.4500308930020553,0.6280455040130684,0.424471713647234,1.2455949379058255,16.4558091773414,17.982596082197773,11.940060783153339,-13.466847688009711
06071,San Bernardino County,CA,556203.3291754796,87665.0,0.39388479091271544,1.0971779797199956,0.6378021895901058,1.892678517607937,17.08716323206753,23.140068534767714,10.24807453113092,-16.300979833831104
06073,San Diego County,CA,945520.4929344541,108754.0,0.5397436871203531,0.9736855114989698,0.6219110256066096,1.722342946014229,21.817647295883162,29.72796025091705,14.279448569290235,-22.18976152432412
06075,San Francisco County,CA,1272817.8097138046,137184.0,0.5760028688419065,0.17044110899487852,0.5153931976095529,0.6144122648888091,3.532881164454571,8.999709756958017,18.37273168368282,-23.839560276186262
06077,San Joaquin County,CA,554537.5539203519,91854.0,0.37479583305114644,0.949819262130726,0.7220149603494497,1.6894237624680568,13.481727682747858,21.129758336808894,10.30915484735147,-17.957185501412503
06079,San Luis Obispo County,CA,881407.2091348941,99646.0,0.5491343276033187,0.8062037287477273,0.6134129952559058,1.491332054358823,19.350912752362603,27.279820921775606,14.98463441239436,-22.913542581807366
06081,San Mateo County,CA,1544757.6359356677,158569.0,0.6047890620809334,0.5600191737913303,0.5679254051595424,1.1517648929754483,16.40977308416488,23.76034785617699,17.23927808291673,-24.58985285492884
06083,Santa Barbara County,CA,975982.962061469,94572.0,0.6406805318617312,0.8830885498781362,0.4999762089803168,1.5973807886888287,27.06902864828189,32.047820405959506,16.515252848277665,-21.49404460595528
06085,Santa Clara County,CA,1601216.422650304,166984.0,0.5953015871800577,0.883702260938841,0.6340382225440597,1.598227292332528,22.091342250179043,31.317678468674817,16.097764509907933,-25.32410072840371
06087,Santa Cruz County,CA,1136925.5122892128,105437.0,0.6694233185764977,0.7600473663767187,0.6260853472340031,1.4276676829165047,22.103433309300097,32.323357786589554,18.538411250665483,-28.758335727954943
06089,Shasta County,CA,379171.873171269,70620.0,0.3333268250448234,0.690806774635079,0.5371220860631651,1.3321627833732412,11.363203002171307,14.732909260518168,9.085320557959959,-12.455026816306818
06091,Sierra County,CA,325503.6025445464,69104.0,0.2924249859086647,0.9918187697470677,0.4537498685179342,1.7473545030188058,13.768966349251343,15.256899266472775,7.258452978322097,-8.74638589554353
06093,Siskiyou County,CA,296075.4864276156,60432.0,0.30415667283353587,0.7901612681014625,0.6138008385184395,1.4692043752921107,10.536863464140737,14.944024699742421,8.330128417917742,-12.73728965351943
06095,Solano County,CA,600007.1550649721,94968.0,0.3922301754578356,0.7624466025687524,0.41317222701705303,1.4309769962215637,16.421946560062064,17.497706524183876,10.03903756829887,-11.114797532420683
06097,Sonoma County,CA,816868.1780738268,105956.0,0.4786171850534278,0.5621501567357401,0.5942103125047018,1.154704199340617,12.45006188966234,19.034093716251473,13.766348089275944,-20.350379915865073
06099,Stanislaus County,CA,468266.27471650875,77812.0,0.3736011178701933,0.9741338384509863,0.4978536641706288,1.7229613321290471,16.80896415457872,19.648103494605945,9.45550056678492,-12.294639906812144
06101,Sutter County,CA,443413.61457625934,74183.0,0.3710791011422758,0.9772196768132346,0.4600078724660499,1.727217689207753,17.242300884744587,19.26331163459714,9.25681942206689,-11.27783017191944
06103,Tehama County,CA,318301.18959896284,62822.0,0.3145490429116331,0.7966177158023833,0.5591680730666138,1.478109879615118,11.664223129049168,15.213782302183425,8.436069959234194,-11.985629132368455
06105,Trinity County,CA,280879.23756590526,50481.0,0.3454248303474018,0.29291205822143707,0.3401205235073934,0.7833388353966773,8.584942308911426,7.836471401839727,9.794771056656725,-9.046300149585026
06107,Tulare County,CA,352848.2030740078,68907.0,0.3178970021504341,0.985065397699753,0.6161315289537257,1.7380394451498073,13.02578616532901,17.574965217049996,8.375411052306132,-12.924590104027118
06111,Ventura County,CA,883582.7960110308,112872.0,0.4859850343773689,0.6959066605111648,0.42362363624897514,1.339197155495524,19.02169841394944,20.64962718995751,12.679146266055554,-14.307075042063625
06113,Yolo County,CA,633414.7413900109,87386.0,0.44999550001742705,0.7247201043382787,0.4870163019433005,1.3789401009121658,16.871450262263522,20.06888783009194,11.944392899306163,-15.14183046713458
06115,Yuba County,CA,432329.34785990533,74273.0,0.3613646088035542,1.0836047127022872,0.597268817204301,1.873956645503823,16.052775130045095,20.792467692468943,9.292387481006665,-14.032080043430515
08001,Adams County,CO,511922.4477522159,100686.0,0.3156435729664522,0.968126926729626,0.5984188217364386,1.714675881556147,12.979058351104012,17.185623813095784,8.290922050609748,-12.497487512601516
08003,Alamosa County,CO,302601.9816549202,54737.0,0.3432042375694053,0.9373979714751797,0.36613672099233785,1.672290833843153,16.775031398974523,16.805039463593914,8.325465830944562,-8.35547389556395
08005,Arapahoe County,CO,542212.3685913725,103442.0,0.32541260851122,0.8851708279203456,0.5424830753630969,1.6002529154318292,13.23762164897326,16.56320218657625,8.515539976414772,-11.841120514017762
08007,Archuleta County,CO,566856.1965260798,77215.0,0.4557567268896449,1.1783501836551276,0.5332300788308413,2.0046409227164417,22.31898610742974,26.63158061050988,11.280159052177533,-15.59275355525767
08011,Bent County,CO,146690.12875326982,46898.0,0.19418175965078946,1.1902807153145938,0.28031668031668033,2.0210969378800123,11.188908549760267,10.309431957362612,4.366387003053253,-3.4869104106556006
08013,Boulder County,CO,749864.7218977868,103293.0,0.450685822094283,0.8073827166957293,0.426856558735772,1.4929582554455614,19.27336402718411,20.87357376714453,11.483242886379587,-13.083452626340009
08014,Broomfield County,CO,642727.3706360193,124435.0,0.3206609740715608,0.8299813456881497,0.43775708277487646,1.524128985467481,13.801080472790023,15.143345437626111,8.165107563540122,-9.50737252837621
08015,Chaffee County,CO,675605.9594303904,89591.0,0.46815638664053705,1.283522272700203,0.7585137495829,2.1497068377577855,20.677985692880835,30.846030300969012,12.309356695891706,-22.47740130397988
08017,Cheyenne County,CO,188938.44123492294,70475.0,0.1664359381468417,1.1607360857990616,0.3922362702489135,1.9803454537729377,8.868718272401093,9.143451861210153,3.923852218551967,-4.198585807361027
08019,Clear Creek County,CO,576922.2244811127,94796.0,0.3778236349268844,1.150022135887545,0.40935446463084646,1.9655674935580838,19.826696394099436,20.80855948349529,8.979809658458201,-9.961672747854053
08021,Conejos County,CO,209828.99351060562,53781.0,0.2422135801860161,0.7400370008385497,0.44954449894884374,1.4000669951916271,9.592626260998665,10.775821709195434,6.317230502132703,-7.50042595032947
08025,Crowley County,CO,164941.8241276592,44379.0,0.23073588660287164,0.7635671948811584,0.25346702443157754,1.432522651068429,11.18388127841961,9.650411262564761,5.543732648760891,-4.010262632906042
08027,Custer County,CO,402389.4556293024,71090.0,0.35139853160718393,1.1374480462970276,0.6158654392544607,1.9482238063800295,15.880367452745547,20.831060663199175,9.012414294906801,-13.963107505360428
08029,Delta County,CO,394494.05257542146,60514.0,0.40471235627261004,1.0320420011197688,0.42098342178180626,1.8028351910794926,19.953099181566564,21.261751026539876,9.852968667494055,-11.161620512467367
08031,Denver County,CO,580739.6549450163,92395.0,0.3902068393532054,0.7619014545645455,0.5961545105897799,1.4302250629398228,13.392176675043677,18.66114499401067,10.68719726088001,-15.956165579847003
08033,Dolores County,CO,325329.987132684,61951.0,0.3260150430082089,0.6322197279408919,0.38194026188404817,1.2513525264369205,12.589830934591776,12.86083883401849,8.499255271940594,-8.770263171367308
08035,Douglas County,CO,734711.31614115,152657.0,0.2987871187815833,0.7569392300888946,0.38872514236850253,1.4233805698738697,12.756630879983739,13.145834996440952,7.585114169329397,-7.97431828578661
08039,Elbert County,CO,697194.1609736726,128776.0,0.3361094127011859,0.9325627418742259,0.42656475019386275,1.6656215072864016,15.623322283055982,16.813913543425322,8.35021504073428,-9.540806301103618
08041,El Paso County,CO,471305.7970706984,90778.0,0.3223176115840197,0.9574267519125017,0.5117069109075769,1.6999169215978336,14.184918418869522,16.891703633413766,8.224459992850678,-10.931245207394923
08045,Garfield County,CO,660969.0908570321,91858.0,0.44671036582591395,1.070587647054185,0.4244421356242343,1.8560019528040717,22.391182506238092,23.924070079176104,10.817293610496009,-12.350181183434024
08047,Gilpin County,CO,561845.02890066,96815.0,0.36027635289125737,1.078521853715369,0.43665880188161266,1.8669457589020806,17.97378157097072,19.45705359440657,8.752122473135909,-10.235394496571761
08049,Grand County,CO,759724.236435844,91454.0,0.5157213855990855,1.4999143502904988,0.5271603907489355,2.4481806536566024,28.7314190078779,33.34848241780752,12.170891437421666,-16.78795484735128
08051,Gunnison County,CO,697547.1605737018,79949.0,0.5416545605032943,1.2679174680730045,0.6789306789306788,2.1281828261798115,25.09425051205629,34.51332485207808,13.90384341847502,-23.32291775849681
08055,Huerfano County,CO,277685.7994656475,48817.0,0.3531379967456227,1.2584414653552196,0.47492295606985313,2.115112390690025,18.59365372999599,20.78771555395884,8.455203742550776,-10.649265566513625
08059,Jefferson County,CO,645380.0892876814,109969.0,0.36434024983242547,0.9438849637283648,0.544313218834698,1.6812384688632305,15.449115565308494,19.19059760568409,9.431119745897192,-13.172601786272788
08061,Kiowa County,CO,196681.74692492443,62052.0,0.19677509830789433,1.5287805745464773,0.4736392134511256,2.4879964001488823,11.363983443983646,12.561072846046189,4.540696752303736,-5.737786154366281
08065,Lake County,CO,497790.9342273411,76314.0,0.4049530087707485,1.707958142185264,0.662143619454185,2.735139516163844,22.47482113878738,28.934813429986974,9.761103125165459,-16.221095416365053
08067,La Plata County,CO,661431.2259251162,88759.0,0.4626303901577443,0.831404492523351,0.4614865309886056,1.5260919596725309,19.497264260321884,22.071863780977395,11.881902263456078,-14.45650178411159
08069,Larimer County,CO,565518.464495398,93518.0,0.3754165756340143,0.8149920974762357,0.4401786401786403,1.5034540228667934,15.94481861774428,17.56945859762199,9.598222400370705,-11.222862380248412
08071,Las Animas County,CO,255983.15894444266,51562.0,0.3082077141060976,1.3067886197069893,0.32693396469195535,2.1817985642686324,17.967308950095546,17.3899466508543,6.937346516134116,-6.359984216892865
08073,Lincoln County,CO,248713.9890695721,60865.0,0.25368480301010615,1.1792406219762195,0.4093035102343243,2.005869121671221,13.474453352276724,14.134242783015544,6.001574517737951,-6.661363948476771
08075,Logan County,CO,243502.05489890094,64710.0,0.2336108962290598,0.963286047306896,0.3974430959270936,1.7079987620899533,11.305768969188627,11.746218089464191,5.707414522439249,-6.147863642714812
08077,Mesa County,CO,412603.4599087801,73997.0,0.34616297723907313,0.9981154164345141,0.438259247021322,1.7560395906851252,16.551531721516103,18.008617720214623,8.53332845789299,-9.990414456591513
08081,Moffat County,CO,292700.3359201297,74252.0,0.2447242068763323,0.8274833528468564,0.25482906055126486,1.5206834551886854,12.289730870843261,10.710460899634892,5.805008617780144,-4.225738646571777
08083,Montezuma County,CO,399239.2664176973,66611.0,0.37209099536287926,0.8081768455139144,0.5499941826643397,1.4940536128233295,14.084541376474982,18.079034457216377,9.921378123906495,-13.915871204647887
08085,Montrose County,CO,440564.18144064676,72338.0,0.37809815054394424,1.119239888737642,0.5437046521553563,1.9231089392936003,17.842311752684655,21.65613514913673,9.483594729954921,-13.297418126407
08087,Morgan County,CO,333314.7335973253,69828.0,0.2963376093046941,1.1640089380571417,0.4225354981970786,1.9848597627680764,15.51079361572194,16.498251325367985,7.061971891274162,-8.049429600920208
08089,Otero County,CO,163718.09220996892,51225.0,0.19841594646035102,1.2061680892632385,0.46482699456677157,2.0430107028379036,10.290361906150792,11.415261743824889,4.770865560702021,-5.895765398376117
08091,Ouray County,CO,780439.8236731677,98611.0,0.4913329885110288,1.140769057341915,0.632578391443992,1.952804541729714,21.967951171949622,29.344839188892113,12.667234735481467,-20.044122752423956
08093,Park County,CO,538197.1371626689,98187.0,0.34029005523171424,1.2352840520149546,0.5506719941881584,2.0831709185114473,16.9142145337921,20.44817261572912,8.399698594469285,-11.933656676406306
08097,Pitkin County,CO,2371718.7539913827,119658.0,1.2305048021200151,1.103520929147825,0.5608311701864002,1.901427471547747,56.85512399348362,70.45987750124324,31.13368386409319,-44.738437371852804
08099,Prowers County,CO,178302.3318739426,53748.0,0.20594752604382507,1.2370961917486403,0.299893586146851,2.0856704382132687,11.918846555835245,11.217373666032273,4.633840640892132,-3.932367751089159
08103,Rio Blanco County,CO,305009.6345886548,72651.0,0.26063565458834526,0.6163755640652953,0.18274020772962585,1.2294983619761068,12.236945376622948,9.313875216403517,6.2894018796255144,-3.366331719406082
08105,Rio Grande County,CO,304792.39983495756,59812.0,0.3163571639904617,1.1011038229057113,0.4856802205717976,1.8980935097338474,15.417965674364359,17.587276350095298,7.794902734988678,-9.964213410719616
08107,Routt County,CO,1076308.139540283,112777.0,0.5924858076874029,1.5289870717293086,0.5886545802870868,2.4882812257433238,32.265226181636635,39.50545690601557,14.2309410909724,-21.47117181535133
08109,Saguache County,CO,247354.1933532187,48755.0,0.3149647716732318,1.065896741334266,0.4252097401268673,1.8495316949931708,15.743332144431951,16.837605486081568,7.635288474945106,-8.729561816594723
08111,San Juan County,CO,545848.7526558187,65231.0,0.5194935391424131,1.1134369400052004,0.4999425141989928,1.9151048188520172,25.219253501650975,29.192705089368424,12.839927371929805,-16.813378959647256
08113,San Miguel County,CO,1488936.3573574377,108571.0,0.8513814072562509,1.215023639971431,0.7290303059258199,2.055225336761628,36.956285288142425,54.18228523169587,22.405363630948397,-39.63136357450185
08117,Summit County,CO,1010372.9696853767,118690.0,0.5284810924376651,1.1597682009108317,0.704507920095357,1.9790104312565981,22.60987314263699,32.640420283639656,13.918083862569558,-23.948631003572224
08119,Teller County,CO,492370.66154649085,87171.0,0.3506565889334347,1.1918296754795468,0.3169615204483993,2.0232334488662604,19.79058198222352,18.913302620513566,7.995683352496799,-7.118403990786845
08123,Weld County,CO,510923.2729111611,100638.0,0.3151777515741777,0.9203288862132519,0.4494051905406573,1.6487471114076406,14.271120423671746,15.79997251395851,7.915902333208584,-9.444754423495349
08125,Yuma County,CO,261558.01891084286,60621.0,0.267859348332699,0.8204479406734007,0.23883189602321497,1.510979373869183,13.57066481489387,11.58937346175038,6.321683635732159,-4.340392282588668
10001,Kent County,DE,355618.78904886177,78240.0,0.28217447248154326,0.7904977988053628,0.4052228887531879,1.4696685586599987,12.161931378929136,12.806252421808388,7.156433236137298,-7.800754279016551
10003,New Castle County,DE,349539.39712541626,89750.0,0.24178176323145648,0.6129398298842041,0.356170386376343,1.2247593867656286,9.43962665296953,9.260938347929502,6.269859981006653,-6.091171675966624
10005,Sussex County,DE,493226.1977351485,84917.0,0.360589734006299,0.6652588498203156,0.563589828573533,1.2969240320627797,11.512474147280866,15.739649970294856,9.985791562577397,-14.212967385591389
11001,District of Columbia,DC,611815.1687031146,109289.0,0.347540685091113,0.2602839062396123,0.4947548382684812,0.7383341885713879,4.869819326736663,7.640804569443459,10.609373671983176,-13.380358914689973
12001,Alachua County,FL,316406.78520643007,65127.0,0.3016105854519264,0.9805139737794815,0.38500308359738855,1.7317615773073962,14.869402261327805,15.226415289403121,7.310927116997887,-7.667940145073205
12003,Baker County,FL,306706.90024352074,78227.0,0.24340457460360163,1.0634640090942296,0.5373896979344772,1.8461761799353664,11.19272303465083,13.572321540242179,6.149449599672045,-8.529048105263394
12005,Bay County,FL,362818.0238191567,76080.0,0.2960603269408197,1.0309548641161301,0.5934652843229657,1.801335681792951,12.76542854543672,16.60406336989426,7.67367926432681,-11.512314088784352
12007,Bradford County,FL,248032.0868884332,58527.0,0.26309552954687254,1.247243477575684,0.43171310452799716,2.0996667875969464,14.157365535632,15.168340010121325,6.211342026605316,-7.222316501094644
12009,Brevard County,FL,364824.57820215233,78154.0,0.28979757252292554,1.2810326073493385,0.552152843978392,2.1462727937490653,14.683154387367283,17.706633926823542,7.108157766467966,-10.131637305924226
12011,Broward County,FL,455337.28209930955,81337.0,0.347541703667049,1.2014133414763908,0.5168021781291958,2.0364523864180955,17.393383961133818,20.36149525910315,8.520698639434917,-11.488809937404254
12013,Calhoun County,FL,185768.06733933362,53701.0,0.21475859530686528,0.9717015276957286,0.48912983195607573,1.7196063984334247,9.716678822601287,11.242391670054369,5.420502733384074,-6.946215580837157
12015,Charlotte County,FL,363694.6203854771,72816.0,0.3100786923365152,1.1518814419082628,0.600527530497857,1.9681320706401424,14.287269479533037,18.3860416005888,7.891741892701137,-11.990514013756897
12017,Citrus County,FL,289156.409964604,59737.0,0.3005047079772466,1.4447889311908542,0.49409734380471204,2.372145087221289,16.7359996116825,18.89989035625881,7.059407319819969,-9.223298064396275
12019,Clay County,FL,348701.88216939213,89972.0,0.24060729010817425,1.0752687621711847,0.518668557153467,1.8624587062452855,11.295384123502389,13.392805035426239,6.025847870937948,-8.1232687828618
12021,Collier County,FL,620464.9022112611,97022.0,0.39701677915490463,0.9421253371463392,0.5552135930111406,1.6788113815763817,16.65242943753807,20.977391254858276,10.320696655901026,-14.64565847322123
12023,Columbia County,FL,269055.8093133274,62511.0,0.267206975877534,1.228255308938306,0.4435720388887605,2.0734760360073303,14.170330691972225,15.3714476379746,6.353910152853396,-7.555027098855771
12027,De Soto County,FL,268657.34206324024,57325.0,0.29094876308212914,1.602408464138985,0.6673938336242,2.5895527852438147,15.579928834588314,20.333687206621843,7.111863570169864,-11.865621942203394
12029,Dixie County,FL,215174.3645853986,50887.0,0.2625098149419136,1.1378165451274982,0.4234524042630563,1.9487320840088116,13.578747578870345,14.466327828733261,6.284155665887054,-7.171735915749972
12031,Duval County,FL,311646.569292445,73638.0,0.26273760128872614,1.188978745712613,0.4856854635327348,2.0193011057977355,13.34542269977125,15.138951936373527,6.382377334798665,-8.175906571400942
12033,Escambia County,FL,286709.28907542006,66861.0,0.26621392026442703,1.139105672274011,0.4619219416202034,1.9505102022416194,13.430996314419113,14.900908872756116,6.462330285739579,-7.932242844076578
12035,Flagler County,FL,376955.20589295233,84156.0,0.2780779321946588,0.9908441882982735,0.6715196536039882,1.7460102438057836,10.88095436497091,15.731879855053467,7.4599520915628625,-12.31087758164542
12037,Franklin County,FL,466938.56142455735,58831.0,0.4927372272257708,1.0619125787996042,0.5392726321297749,1.8440362618510524,22.605394372695404,27.475266565065148,12.460400870150236,-17.330273062519986
12039,Gadsden County,FL,205474.04047100118,56398.0,0.22618048066554713,1.172207678583106,0.5393727652373284,1.9961684455886268,10.997337205739651,13.215474553512811,5.615759792815719,-7.833897140588878
12041,Gilchrist County,FL,297386.8806913557,58365.0,0.3163232984238563,1.3986615593927887,0.48352905292054293,2.308520703042035,17.44850433704819,19.550381751499664,7.448399542826606,-9.550276957278085
12043,Glades County,FL,268727.7185409341,58721.0,0.28410631490597765,1.6192296806442639,0.4601765510381699,2.612754617465679,16.927831717205304,18.44893977559158,6.454805090075659,-7.975913148461936
12045,Gulf County,FL,429276.40730623173,63384.0,0.4204547300218137,1.2723758501320228,0.5339787028073573,2.134332359567118,21.467929609905134,25.43867891244939,10.260278146062518,-14.231027448606776
12047,Hamilton County,FL,203838.0301782744,48859.0,0.25900163438408996,1.3471085287845384,0.45860823357315583,2.237412601774454,14.230908916619828,15.604962074157553,6.086988937965413,-7.461042095503138
12049,Hardee County,FL,235824.16005243527,56091.0,0.26100989883961206,1.5067483936721175,0.564602510460251,2.4576069830714524,14.290025104596227,17.14841958299016,6.235007019307166,-9.093401497701102
12051,Hendry County,FL,292467.7568647274,57691.0,0.31472539847729597,2.005860619986695,0.4672177009155647,3.146042217895161,20.334913858768438,22.121087376362848,6.88966045716715,-8.67583397476156
12053,Hernando County,FL,329390.4473282005,68768.0,0.2973626860384434,1.7247335320765664,0.5954341925156021,2.7582781388426625,17.112865562415642,20.811105174066412,6.996657465889253,-10.694897077540022
12055,Highlands County,FL,242384.69999947763,56218.0,0.26766505533106644,1.5360879473754343,0.6205355855985701,2.4980756021083166,14.366523470861548,18.090963724083036,6.493340958861214,-10.217781212082704
12057,Hillsborough County,FL,404907.70039248606,84691.0,0.2968114428091564,1.2741084045519635,0.6378070005801586,2.136722105692441,14.183441822577484,18.67369462781325,7.506651373224634,-11.996904178460401
12059,Holmes County,FL,196030.437115681,52901.0,0.23004960476444225,1.0088992939272523,0.5027839327310948,1.7709140033775213,10.528396810096446,12.336760957581737,5.795784649244674,-7.604148796729964
12061,Indian River County,FL,395850.3827522217,81530.0,0.301422377947204,1.2310938881297857,0.6342935033174975,2.0773913436860894,14.134763313311838,18.65297043254059,7.664139347729308,-12.182346466958059
12063,Jackson County,FL,182138.73241370835,55272.0,0.2045780312846484,0.9866068280449083,0.5039590759435117,1.7401655701086511,9.229394515294691,10.853662520970023,5.177254203573997,-6.801522209249328
12065,Jefferson County,FL,302005.59345644683,64680.0,0.28987238260069603,1.1010033869213105,0.5323383084577114,1.8979549764203751,13.65978976493728,16.40361240366608,7.263449537183471,-10.00727217591227
12067,Lafayette County,FL,251485.98542944458,57560.0,0.27124070697942493,1.0934298154991593,0.42669475771471066,1.8875086015460063,13.722285694802242,14.687682984833772,6.54847711013989,-7.51387440017142
12069,Lake County,FL,382463.3059620816,76542.0,0.31020717136949844,1.1516964914434924,0.5397396954396412,1.967876964854446,14.927115507776886,17.98015295176099,7.728486432997184,-10.781523876981286
12071,Lee County,FL,395187.6145581378,83479.0,0.2938921269098954,1.019658221310252,0.6461065210103918,1.7857540018966085,12.023079635069134,16.71197567425718,7.774141985484198,-12.463038024672244
12073,Leon County,FL,295831.2578531295,64847.0,0.28321485941046615,0.7531033207983835,0.3974140717595087,1.418089625324836,11.954498310536001,12.467843383015287,7.220044582080737,-7.733389654560022
12075,Levy County,FL,302363.52655479906,54617.0,0.3436872532914943,1.4203387214849545,0.5169282044160532,2.338420435784358,18.7520917132082,21.652692426615566,8.165487127296245,-11.066087840703613
12077,Liberty County,FL,197513.67807471126,57015.0,0.21506508627227924,0.9909261977555255,0.4389369810463619,1.7461233610507327,10.237346055787576,11.150928163747983,5.309854625435861,-6.223436733396269
12079,Madison County,FL,211023.6185980431,51714.0,0.2533289363773994,1.1206712461880244,0.5050640279394645,1.925083238560413,12.29817844223545,14.307316739147833,6.265397443138893,-8.27453574005128
12081,Manatee County,FL,463268.6573786707,81174.0,0.3543054530222066,1.0651230920226804,0.6001813594070335,1.84846458539855,15.526735215599107,20.239656817779856,9.14943067766239,-13.86235227984314
12083,Marion County,FL,287924.97470982186,64046.0,0.2790931588540848,1.349003531357643,0.5990312835492972,2.2400264158079017,14.135394479863539,17.744586260836137,6.890022159278077,-10.499213940250673
12085,Martin County,FL,482138.8912623585,94583.0,0.3164615455182118,1.1900280687510092,0.7692624254101275,2.0207484575440104,13.110896504290375,20.233065356455562,8.473121347266044,-15.595290199431236
12086,Miami-Dade County,FL,537604.5368755913,75779.0,0.4404290128776008,1.2131204544419387,0.7345892370728133,2.0526002358167292,19.016256250248638,28.064056778715017,11.61539880211567,-20.663199330582053
12089,Nassau County,FL,495018.9258620842,94297.0,0.32590107434482135,1.1101101387668226,0.6927316136212684,1.9105160969754449,13.635975827723712,19.637647669407553,8.620432647193963,-14.622104488877802
12091,Okaloosa County,FL,369161.5566936527,81348.0,0.28172893499929685,0.8968239852886841,0.4686140347709917,1.6163263428221923,12.358693980203691,14.037489132624032,7.159256792434333,-8.838051944854676
12093,Okeechobee County,FL,287638.01349389175,63153.0,0.2827575171893817,1.7142893889546937,0.7646910889429122,2.743872328398526,14.947848757857038,20.97905081803436,7.041668576714153,-13.072870636891475
12095,Orange County,FL,424421.01109017996,81645.0,0.322722427109254,1.1930660825841644,0.6137607969481944,2.024938849316356,15.055471493134112,19.542593375889318,8.196729717432383,-12.683851600187594
12097,Osceola County,FL,393437.58450256934,76172.0,0.3206582005945995,1.198619431544536,0.6879473485939682,2.0325986919209367,14.217953774332695,19.98825818306547,8.345360541640979,-14.11566495037375
12099,Palm Beach County,FL,499988.0871642874,84857.0,0.365791700809345,1.163336405307219,0.49823440093223637,1.9839321252204272,18.2127432746415,20.96760793932199,8.962294194114003,-11.71715885879449
12101,Pasco County,FL,359670.5011602815,72562.0,0.3077212163017073,1.3599840005100372,0.5746961805555555,2.2551719912132993,15.886044172690644,19.45601256502486,7.52163041128213,-11.091598803616344
12103,Pinellas County,FL,413080.4559346778,73605.0,0.34840886397080323,1.3623618573071656,0.5466159567985545,2.258451815501709,18.303747319443453,21.814455542421797,8.430528015921308,-11.941236238899652
12105,Polk County,FL,319360.4203308084,66708.0,0.2972111074453554,1.3142625534747903,0.5152644012356897,2.1921075069817486,15.612769788638104,18.10891067647232,7.161123998794642,-9.657264886628859
12107,Putnam County,FL,223322.331772918,52250.0,0.2653430542683826,1.4671361943362067,0.615096905814349,2.402969103424493,13.940751594776485,17.57268435504214,6.481875466892964,-10.113808227158614
12109,Saint Johns County,FL,523327.1062009472,117178.0,0.27726114579508,0.9353842976833111,0.6298264159341271,1.6695133342815818,10.798402186170343,15.003898843251932,7.409744906328276,-11.615241563409866
12111,Saint Lucie County,FL,396967.1481791217,73824.0,0.3338250012611893,1.5614460451318468,0.607735528550895,2.5330525212523796,18.19160467189812,22.601638139366088,8.038120786773643,-12.44815425424161
12113,Santa Rosa County,FL,357123.3721445263,88354.0,0.25093077200753644,1.0333353872659825,0.4902258429050921,1.8046191838337093,11.759947220711112,13.551444429845205,6.265647713069157,-8.05714492220325
12115,Sarasota County,FL,462489.1922415697,83367.0,0.34440486662890624,1.0129322324301997,0.4918399484628324,1.7764767141646463,15.93512928457019,18.42846548175201,8.63606251416391,-11.12939871134573
12117,Seminole County,FL,425744.83695534203,85415.0,0.30944046822024457,1.1890040716969712,0.4891817912373382,2.0193360384222414,15.681979106423546,17.854142661011455,7.526335184221383,-9.69849873880929
12119,Sumter County,FL,398453.4481046984,85035.0,0.2908986717276489,0.5770112388132103,0.5576458089097303,1.175202379890675,8.258835493921596,11.603746234444097,8.222779022843772,-11.567689763366275
12121,Suwannee County,FL,260256.29758310024,59072.0,0.27351518156410354,1.1639771052968038,0.5808178120316849,1.9848158552204676,12.86561042038091,16.178311503634394,6.899947105156356,-10.212648188409837
12123,Taylor County,FL,195744.5222016141,53844.0,0.2256909614567045,1.02107461145237,0.3765211166785969,1.7877076564630197,11.424872555065612,11.587424323550138,5.413689866731881,-5.576241635216406
12125,Union County,FL,258857.01179783567,63669.0,0.25240256816129714,1.1847582149356075,0.5499537465309898,2.0134796453258015,12.258177884139773,14.879011965717925,6.2777870116735,-8.898621093251652
12127,Volusia County,FL,349035.78887295246,71203.0,0.30432212854163354,1.3132448525734448,0.6819341427694052,2.190703772266269,14.390304393608258,19.7117583137797,7.76700134717343,-13.088455267344877
12129,Wakulla County,FL,289028.10847870115,77770.0,0.23072244564637084,1.0337575641503758,0.5968215510338173,1.8052015006498903,9.938693430075102,12.973063220312937,5.984201701173455,-9.018571491411292
12131,Walton County,FL,703660.7032599164,83035.0,0.5260947559889789,1.1161114874340936,0.7344125326370756,1.9187938743192676,21.347749782279955,32.25386066178798,14.097053907263605,-25.003164786771634
12133,Washington County,FL,224850.03394898376,61932.0,0.22539263312338567,1.2549122110567983,0.7048007046905969,2.110244421356501,10.184944238816025,14.428819405888117,5.847528952712173,-10.091404119784265
13001,Appling County,GA,162182.60180516136,56345.0,0.17869431864068455,0.6584749994354826,0.4232848337880166,1.2875669348280034,6.751378453994477,7.345533628279625,4.703383049507548,-5.297538223792696
13003,Atkinson County,GA,131454.42477424972,47544.0,0.17164903123902964,0.5452477004413345,0.467497993703315,1.13139031149207,5.346579299954643,6.380093572122127,4.731455438188557,-5.76496971035604
13005,Bacon County,GA,143097.6452215612,49454.0,0.17963581450905156,0.9848770668823463,0.39578335356044136,1.7377796767777451,8.805332460975201,9.128245353914242,4.368678812866972,-4.6915917058060135
13009,Baldwin County,GA,220286.7107102474,54896.0,0.24912049735328448,0.832662793713117,0.4440615546494804,1.5278275590615737,10.680646512689835,11.814694845851362,6.35496264190071,-7.489010975062238
13011,Banks County,GA,325418.72803803586,78587.0,0.25707136159471283,1.4042626452676044,0.7801612830154487,2.316246390104379,11.90754375739502,17.733436322651038,6.688920771004202,-12.514813336260218
13013,Barrow County,GA,350880.93723343336,89040.0,0.2446450809482829,1.466790452533873,0.6553570432616334,2.402492215008764,12.562204364031675,16.43953135683079,6.058274518810991,-9.935601511610109
13015,Bartow County,GA,326450.78837860894,82311.0,0.24621908247957738,1.3168902844276023,0.6171119842829076,2.1957319875698325,12.162671034525248,15.596949586330142,6.144426919323145,-9.578705471128037
13017,Ben Hill County,GA,129815.14381965068,47228.0,0.17064268229837457,0.903137300315145,0.5345723940733038,1.6250344214538268,7.088644772653281,8.752030262133555,4.436763882133449,-6.100149371613723
13019,Berrien County,GA,181707.22656021712,54062.0,0.20866132283861885,0.7652651664211219,0.5221014696773467,1.4348646963524527,7.822134125226329,9.730392262231891,5.55953014412672,-7.4677882811322815
13021,Bibb County,GA,171064.35956848945,50751.0,0.2092554590191019,0.988454315522201,0.3056598919475173,1.7427138456431033,10.96400870231051,10.270002139715507,4.912344508744092,-4.21833794614909
13023,Bleckley County,GA,171109.77981207523,59580.0,0.17829378239918306,0.9153129451682342,0.39479351999250856,1.641828526029185,8.416087032895142,8.722492212046667,4.391083988563836,-4.697489167715361
13027,Brooks County,GA,180144.37735369793,49237.0,0.2271386251710776,0.7883336866109074,0.33723519826181425,1.466683556473665,10.400253677156643,10.014747113580363,5.613372538909089,-5.227865975332811
13029,Bryan County,GA,401547.3927912786,107486.0,0.23192457741870373,0.7990963085984173,0.5432304379038047,1.481528651032861,8.769369496584522,11.169848350130094,6.180984851999089,-8.581463705544659
13031,Bulloch County,GA,271059.51959054347,56738.0,0.2965872697691794,1.0199249449086953,0.552594133099825,1.7861218989615297,13.131106445764672,16.2955861105604,7.592069196332042,-10.756548861127767
13033,Burke County,GA,165905.8570253991,51974.0,0.19816978630594845,0.908548530862165,0.4055764394082808,1.6324982373571775,9.236049128668565,9.698862756048705,4.907024355621828,-5.369837983001968
13035,Butts County,GA,280514.5273854811,71262.0,0.24437637342853663,1.2893359637559647,0.6135036000543403,2.157725775295579,11.95073422479367,15.318458757778949,6.1155068621401885,-9.483231395125468
13037,Calhoun County,GA,102002.04937850525,39818.0,0.15903448983934107,0.4257245662966249,0.28561281157174223,0.9665297198584815,5.5066176747207205,4.649661835614875,4.220788829230441,-3.363832990124596
13039,Camden County,GA,301711.5668947667,73643.0,0.2543445013210133,1.0055909263649085,0.3972413008006679,1.7663507074300684,12.587899587271192,13.067716266433681,6.165962561470579,-6.645779240633068
13043,Candler County,GA,202805.15963615713,49754.0,0.2530537997256763,1.087383431731931,0.516612814729013,1.8791687064098728,11.975677040418747,14.150570377460188,6.319797651050488,-8.494690988091929
13045,Carroll County,GA,293612.9893137832,75188.0,0.2424312477614682,1.405969260611486,0.6541922425362463,2.318600357955846,12.158877016876884,16.003267239088057,6.050168235488137,-9.894558457699311
13047,Catoosa County,GA,293562.2986147375,73900.0,0.24661398788224032,1.0329792131622453,0.44961650875850845,1.8041279059410495,11.912490032405607,13.108274119237233,6.0671873051959775,-7.262971392027607
13049,Charlton County,GA,206627.49071351564,55182.0,0.23246229955891382,1.3615479488901476,0.48991548991548983,2.2573291757372367,12.613310706770337,14.240862404904817,5.514002724869337,-7.141554423003816
13051,Chatham County,GA,354221.13748741284,74037.0,0.297021252736469,1.0211817440547284,0.514513654495244,1.7878554265523365,13.566326456382793,16.096033931656486,7.498317867066521,-10.028025342340213
13053,Chattahoochee County,GA,130960.23111485191,60793.0,0.13373581302717735,0.3971896443367462,0.4803730580041883,0.9271709450891696,3.1005489596238305,4.024781740868532,3.870986766219308,-4.795219547464009
13055,Chattooga County,GA,174455.41091912202,52704.0,0.20549569656575084,0.985227207964007,0.38465176155321434,1.7382626332053097,10.158310075009684,10.397837401672238,4.976217489921737,-5.215744816584291
13057,Cherokee County,GA,482759.2227263008,116493.0,0.25727205443807555,1.1587103371578138,0.5556252921145757,1.977551299135957,12.285995717067125,15.043584723646358,6.438486533096637,-9.196075539675872
13059,Clarke County,GA,325150.28829624207,54739.0,0.3687645365231491,1.3169889388430254,0.6437150921866555,2.195868063530442,17.90996873814369,23.588141742287437,9.286209523730564,-14.964382527874312
13061,Clay County,GA,169531.52964761519,40200.0,0.2618100371582466,0.5688672356249489,0.5496704059211288,1.1639691973483144,7.432157056897798,10.318552330434802,7.39502049526682,-10.281415768803825
13063,Clayton County,GA,259386.37995444253,59825.0,0.2691697961718923,2.0983347598990028,0.4335865423785674,3.2735936038744855,17.887618541373186,18.95029359025991,5.77593039262779,-6.838605441514517
13065,Clinch County,GA,126813.6984605606,50547.0,0.15575164726030416,0.6793697931501177,0.5871326299924642,1.3163875315978801,4.90343911147473,6.944958977121,4.335177412948625,-6.376697278594894
13067,Cobb County,GA,446109.7930643612,102071.0,0.27133214757382446,1.076031866767531,0.45613934975819226,1.863511271308377,13.335559378986913,14.749112890647373,6.641763835703711,-8.05531734736417
13069,Coffee County,GA,178451.62365799778,50764.0,0.2182360704535882,0.7506328912057767,0.4597843278217111,1.4146821135728995,8.630251546395955,9.827622604109525,5.700245079222298,-6.897616136935866
13071,Colquitt County,GA,156922.9058980634,49031.0,0.19869066153335202,0.5831387748736232,0.43571198500775976,1.1836542099686311,6.805525105018234,7.614405478099741,5.355829304721353,-6.164709677802861
13073,Columbia County,GA,325895.70019259345,96487.0,0.20968708963370733,0.7051388896404247,0.2825260527435134,1.3519313493169802,9.534312485034189,8.479380868419302,5.164181110741645,-4.10924949412676
13075,Cook County,GA,161686.43425717764,58852.0,0.17055883541889735,0.7243964604949678,0.7056078829155195,1.3784936926425981,4.825180761755234,8.2441372733082,4.896618504165536,-8.315575015718501
13077,Coweta County,GA,401854.26816768415,96188.0,0.2593639164690923,1.0610993539583853,0.42992210263423924,1.8429145649560206,12.890969833796358,13.860672171517063,6.303622860055187,-7.273325197775891
13081,Crisp County,GA,140959.13621595368,47101.0,0.1857911260245488,0.6973449805424521,0.5147451358739348,1.3411810583860664,6.55841888352344,8.187936652615868,5.014602243887394,-6.644120012979823
13083,Dade County,GA,249518.0336708371,70540.0,0.2195979840006169,0.9749004509411214,0.6167033370003667,1.7240187356985057,8.926672420430226,12.079590643353585,5.797798852732729,-8.95071707565609
13085,Dawson County,GA,459824.24218460143,93710.0,0.3046265771809327,1.2388049923107274,0.5567738184234572,2.0880274201788556,15.105453418276484,18.37044205707604,7.531484905895545,-10.796473544695097
13087,Decatur County,GA,174873.07364111303,50909.0,0.21325059026819257,0.7229497033796726,0.35176973526990785,1.3764981523174185,9.195207645622649,9.002902738973523,5.377060779931234,-5.184755873282109
13089,Dekalb County,GA,363194.7744752622,81452.0,0.27682142736055043,1.1653563977375518,0.5085379857021151,1.986718340203352,13.700387817670709,15.943132254975348,6.805387039368252,-9.04813147667289
13091,Dodge County,GA,151054.02445259364,50872.0,0.18433820460784023,0.6625213433643056,0.4698217329750658,1.2931481359806694,6.6184346556128215,7.745134657966489,4.933784734566239,-6.060484736919905
13093,Dooly County,GA,139455.42462981128,48734.0,0.17765000263595773,0.7082561850320266,0.5077189617300375,1.3562310956902124,6.397427786704908,7.879731460270654,4.770103071547554,-6.252406745113299
13095,Dougherty County,GA,131250.8678302605,50559.0,0.16116308531839565,0.8347105790654985,0.4528865772004942,1.5306521093643086,6.863686153090981,7.67992693024329,4.123080617907536,-4.939321395059846
13097,Douglas County,GA,326259.22178166494,77579.0,0.2610841357263371,1.3090939352479816,0.3274301456119637,2.1849783309866795,15.226990960354254,14.745354944590476,5.8758729986616975,-5.394236982897919
13099,Early County,GA,123369.48858789758,46188.0,0.1658213597626699,0.624677764547301,0.4463128229215594,1.240949749133232,5.879996892969771,6.660978559421823,4.440272837379442,-5.221254503831494
13101,Echols County,GA,165708.72640394542,51554.0,0.19954685025958643,0.6377874031680142,0.4980531179171268,1.259032129540833,6.721947992569224,8.282604173438132,5.430924540507436,-6.991580721376345
13103,Effingham County,GA,335715.88803228835,92674.0,0.22489295526200417,0.9698257855824894,0.4650857639712276,1.717019150728171,10.362495938369884,11.652669568418613,5.628326408088072,-6.9185000381368
13105,Elbert County,GA,174756.2322416375,54923.0,0.1975332850763534,1.2721550293492059,0.5335622940749427,2.134027777151666,10.087504866047608,11.948519000048565,4.819816475077648,-6.680830609078605
13107,Emanuel County,GA,130637.87155708724,48801.0,0.16618898653715203,0.9739413046157934,0.5359750723907843,1.722695766452524,7.243552947737141,8.866829662147477,4.264699196383905,-5.88797591079424
13109,Evans County,GA,174307.2186042466,47653.0,0.22708423809081962,0.9006274025323575,0.3980636643684905,1.6215724704568824,10.598202725998625,11.030007562397344,5.615610136088541,-6.0474149724872595
13111,Fannin County,GA,499719.45357400534,61504.0,0.5044112446715654,1.3111455843197066,0.5454819579857273,2.1878082105929115,25.986752480328768,31.05505024081832,12.289234067000363,-17.357531827489915
13113,Fayette County,GA,498646.7580368063,117563.0,0.2633202172107268,0.9294506542758727,0.458815208219586,1.661328944124036,11.898047358496111,13.316884335643318,6.625010119997546,-8.043847097144752
13115,Floyd County,GA,227119.69252709407,64134.0,0.21985094106582326,1.1152022336969223,0.5592997811816192,1.9175397228938733,10.23500475539164,12.64462696096318,5.548664355393647,-7.958286560965187
13117,Forsyth County,GA,637852.8976315582,152036.0,0.26045695721740986,1.0560453636566032,0.5531945324152585,1.8359434974951103,11.780943189227127,14.560228136994974,6.625993070974546,-9.405278018742392
13119,Franklin County,GA,277880.2701540449,58648.0,0.29414831895048027,1.4459983139663843,0.4605040342663611,2.373813212486846,16.68132297078894,18.267913316462963,6.826673616952956,-8.413263962626981
13121,Fulton County,GA,444062.8396212056,100751.0,0.27362572871138574,0.9503616920464946,0.6816778221027857,1.6901719466373666,10.257706392033963,15.211028631318964,7.4231050514947725,-12.376427290779771
13123,Gilmer County,GA,419214.4685968142,69729.0,0.37323700102199064,1.6754283402089811,0.5881066800282415,2.690270525420675,21.261458310612223,25.77217368244803,8.808491320066755,-13.319206691902561
13127,Glynn County,GA,362502.6570123769,71733.0,0.31372856627255846,0.9620670821672803,0.5467365288828514,1.7063174196825956,13.442386606310459,16.70222733090988,8.100021667224564,-11.359862391823986
13129,Gordon County,GA,265183.15205303783,63631.0,0.2587253867434072,1.3463088041327667,0.4273441004934948,2.236309525954207,14.46169705197714,15.3948525742316,6.012494432706468,-6.945649954960927
13133,Greene County,GA,609810.9382608376,84198.0,0.4496300196826205,0.8920060925416791,0.9433596454784656,1.6096809293264513,11.48025601922315,26.449118589192917,13.449423409084698,-28.418285979054467
13135,Gwinnett County,GA,429422.4636615128,89709.0,0.2971738621352311,1.2377663884845882,0.4516724112821011,2.0865948536512504,15.740848395300963,17.208859728716792,7.077287442101481,-8.54529877551731
13137,Habersham County,GA,309954.4013541048,66701.0,0.28848771744537793,1.32488000277809,0.5022747747747747,2.2067523620243077,15.333920211787639,17.551278988567567,6.908471130943064,-9.12582990772299
13139,Hall County,GA,399861.1496161911,86461.0,0.2871116538549898,1.1926183163790847,0.5841731100443401,2.0243212366507315,13.67193753809156,17.194517359890497,7.218328999153079,-10.740908820952015
13141,Hancock County,GA,206775.63485206105,43810.0,0.2930137324232589,0.9771905460965098,0.5465264049703473,1.7271775086416357,12.685165724642358,15.722196034784941,7.543194953032519,-10.580225263175102
13143,Haralson County,GA,268273.80535641586,65544.0,0.25410147882473066,1.4626529692024994,0.5921490514246848,2.3967853034994118,13.499844689050333,16.665898808897982,6.162466922743115,-9.328521042590765
13145,Harris County,GA,351432.83132009255,102397.0,0.21306737886655586,0.6542203748799884,0.554130556862507,1.2816984481420004,6.794104789290775,9.17450165189996,5.896207575824283,-8.276604438433468
13147,Hart County,GA,307766.43085470126,63976.0,0.2986524142823963,1.146693522101926,0.6169029747011399,1.9609762715997272,13.556702191145655,17.778041638793113,7.650691824093077,-11.872031271740532
13149,Heard County,GA,267311.9090068638,65329.0,0.25402365574530544,1.3774893186644523,0.573661897191309,2.2793174181912845,13.212409646076662,16.141663134994033,6.191810923495387,-9.121064412412755
13151,Henry County,GA,343474.5784596913,89273.0,0.23885609873184366,1.2113909596855317,0.3642587526934302,2.0502147099450325,13.202377566072576,13.231456489133894,5.528959266801802,-5.558038189863122
13153,Houston County,GA,242865.26406263668,79245.0,0.19026346388222076,0.8122362154619212,0.4186358754027928,1.4996527810184817,8.22826364283592,8.81268340825104,4.827754797660045,-5.412174563075166
13155,Irwin County,GA,167948.30404824394,54271.0,0.19211871072869233,0.8883486816740576,0.5381192608547785,1.6046361911358256,7.866659394245991,9.78115195248274,5.0163232967958535,-6.930815855032602
13157,Jackson County,GA,402612.4202602305,92131.0,0.2712959110391991,1.2481867320621762,0.642205268974368,2.1009678369194638,12.762348423893846,16.940992642064312,6.8986287244069,-11.077272942577364
13159,Jasper County,GA,310054.63331057294,75080.0,0.25637509039295153,1.5980627222436223,0.6181731971205655,2.583558618632613,14.060768044291274,17.58177335653546,6.167667446291199,-9.688672758535386
13161,Jeff Davis County,GA,141588.09786305387,50152.0,0.175267081653535,0.8658134402694211,0.38595036754545964,1.573552892850858,8.087948351590695,8.2965280537173,4.343989757178511,-4.552569459305115
13163,Jefferson County,GA,127479.72226954007,44800.0,0.17665460355112345,0.6435820350922004,0.3989944727227306,1.267024778446471,6.763999713892344,7.093149927436661,4.62311261655963,-4.952262830103947
13165,Jenkins County,GA,153886.0873901392,46061.0,0.20740912537037506,1.5241423345392744,0.5392661408902553,2.481598785183395,11.571049388160537,13.559588329157759,4.900630173927979,-6.889169114925199
13167,Johnson County,GA,133596.55124342564,44330.0,0.18709379342357566,0.7841638564720477,0.43956614924985393,1.4609320283814413,7.764993693296558,8.56827728391027,4.813964635592186,-5.617248226205897
13169,Jones County,GA,240805.15453171718,76533.0,0.19533447799917178,0.7860074565320943,0.45012031756257453,1.463474941925417,8.035117110761155,8.994496722556422,5.044020365751223,-6.00339997754649
13171,Lamar County,GA,274691.5970741493,68344.0,0.249520852679881,1.4481337896529967,0.620409227778173,2.3767587157790198,12.978298384246273,16.469429623639783,6.121625826856047,-9.612757066249555
13173,Lanier County,GA,201300.67380607614,54320.0,0.2300632932058543,0.8779407201197045,0.44406635474266265,1.5902802866339165,10.180433107955839,11.226849782272923,5.8148931086398665,-6.861309782956951
13175,Laurens County,GA,182383.82595700576,58022.0,0.19514412995364588,0.7798099488775789,0.5698593073593075,1.4549265986620945,7.035472531269995,9.363965298793387,5.273351514174963,-7.601844281698356
13177,Lee County,GA,258360.4336090088,89592.0,0.17902704278669382,0.6844289673008164,0.305320822891777,1.323365749242773,7.8445493417477365,7.181020479799931,4.471090357716092,-3.8075614957682853
13179,Liberty County,GA,240180.0364760768,62123.0,0.2400194029303626,0.8292865271621477,0.568287387660305,1.5231706087139396,9.083432558781004,11.909781193285458,6.413182482147947,-9.239531116652397
13181,Lincoln County,GA,236874.03870663,64514.0,0.2279425276207415,1.0149324817217251,0.6504387423571849,1.7792356970508907,9.257970862151296,12.952293385874732,6.043845224641599,-9.738167748365033
13183,Long County,GA,270399.21209736867,68102.0,0.24649460609562585,0.8026546249536064,0.6008180151379814,1.4864367062284822,8.779641559523247,12.158975429521185,6.701468850724755,-10.080802720722692
13185,Lowndes County,GA,217579.50986337123,60185.0,0.22443552153692897,0.6913343844620914,0.5964614446006526,1.3328905259048893,7.084809299972111,10.146720778166781,6.2497746157942515,-9.31168609398892
13187,Lumpkin County,GA,385208.4663946926,80922.0,0.2955228597435034,1.1618297153517694,0.6823350865886364,1.9818539183591253,12.87915276770776,18.123502081802144,7.722438324388972,-12.966787638483355
13189,McDuffie County,GA,196430.82390005398,53781.0,0.22674756390763573,0.927840732056183,0.4796951521487922,1.6591083469859056,10.057095607742633,11.550037462676679,5.750834302402484,-7.24377615733653
13191,McIntosh County,GA,269884.1101761462,57307.0,0.2923691240024339,1.0384625886601482,0.4781274181067836,1.8116912327831902,13.866845681783646,15.754163027604006,7.261630703274788,-9.148948049095148
13193,Macon County,GA,109707.80002501619,44111.0,0.15440183863666054,0.9653725540390767,0.43702762574928333,1.710876721547562,7.255388670887995,7.894639961981078,3.827303714764125,-4.466555005857208
13195,Madison County,GA,305554.3736652392,68602.0,0.2765117508855147,1.280598681133772,0.6841045783724071,2.1456742708510874,12.847522022651747,17.728937925348742,7.096603936992183,-11.978019839689178
13197,Marion County,GA,178127.77287759047,53304.0,0.20745967945890811,0.5951728777290388,0.5115270097830711,1.200253082904152,6.493929788117758,8.292942977838582,5.737137850996315,-7.536151040717138
13199,Meriwether County,GA,218355.75417626256,61548.0,0.2202482978753098,1.1193082544855022,0.6254159404214863,1.9232032375039028,9.778158409220756,13.003530726727151,5.684614403938907,-8.9099867214453
13201,Miller County,GA,146422.85895534372,51502.0,0.17650078962008411,0.9978194852495459,0.4566281075883134,1.755631407026073,8.320238602494989,9.246950989714614,4.380922700684335,-5.307635087903961
13205,Mitchell County,GA,152195.87969417503,50527.0,0.1869998451521454,0.7332242773292219,0.48003749377544747,1.390670072692723,7.123030199488209,8.3737339403779,4.94103071924826,-6.191734460137949
13207,Monroe County,GA,320264.0587973116,81431.0,0.2441632516290707,0.7119938028696524,0.5344073864706991,1.3613864649199483,8.550819775712828,10.973994374262624,6.61507441911167,-9.038249017661466
13209,Montgomery County,GA,174731.588572896,54914.0,0.19753779913163005,0.7625590743873683,0.49137720322641965,1.431132130796069,7.635830145292287,9.085974186109658,5.206959103008289,-6.657103143825659
13211,Morgan County,GA,445228.5413103941,77822.0,0.35517506934648285,1.1305066719852461,0.5235018891564378,1.9386494333184512,17.103949910951503,20.283827698048103,8.828263441727326,-12.008141228823929
13213,Murray County,GA,240177.18076445916,61257.0,0.24340970144668606,1.1035514737268892,0.4198924481943349,1.9014696022817827,12.429227328904236,13.203167466440254,5.851876517655845,-6.625816655191861
13215,Muscogee County,GA,177534.63759213174,57609.0,0.1913174686978908,0.6915865149209894,0.37728315960600556,1.3332382943676242,7.838501408657564,7.951288265763894,4.907793655488424,-5.020580512594753
13217,Newton County,GA,308825.7275028803,80129.0,0.23926854859017854,1.4063798962605065,0.5657228833264942,2.3191667557208295,12.640038939261478,15.291248192988865,5.793245879676708,-8.444455133404094
13219,Oconee County,GA,548362.4042280287,125848.0,0.27050993413347907,0.9546797974446928,0.6478506239279307,1.6961279936886533,10.517655056117345,14.890282695348477,7.24759565618091,-11.620223295412046
13221,Oglethorpe County,GA,302925.8186422194,65817.0,0.2857327836602803,1.3793797148028428,0.5155429676706274,2.2819248784794293,15.378573217568775,17.7739509897353,6.822811187667376,-9.2181889598339
13225,Peach County,GA,226000.7862620667,63005.0,0.22268799188803898,0.7963744756018196,0.5100059916117436,1.477774373659213,8.697741001034675,10.5707309897194,5.866668374834009,-7.739658363518734
13227,Pickens County,GA,393313.1499720763,82147.0,0.2972409385538044,1.2043498505654813,0.4593792748139067,2.0405027707159062,15.457135458578255,17.05303941989594,7.134935597117185,-8.730839558434871
13229,Pierce County,GA,196670.00318511363,56740.0,0.21518433788833155,0.9294264118530691,0.4310936238902341,1.6612955060771282,9.947041840444683,10.765027762967485,5.358277193588762,-6.1762631161115635
13233,Polk County,GA,222836.71144269247,61928.0,0.2233888801572456,1.5709234493457949,0.5716968681792802,2.546124889853176,12.437950676099264,14.959395055481334,5.30713015514108,-7.828574534523149
13235,Pulaski County,GA,169876.8138098622,52495.0,0.2008991186942061,0.9361388072982335,0.3388507740569766,1.6705540441190494,10.018071489952455,9.721999752491476,4.82349593704418,-4.527424199583202
13237,Putnam County,GA,404617.29181098443,73274.0,0.3428123060919678,1.040810601799449,0.653182320691289,1.8149298931319042,14.14818057731467,19.74245448715061,9.05559953003496,-14.649873439870898
13239,Quitman County,GA,120876.32211561587,45017.0,0.16669652732149157,0.896178840620774,0.5045285919588249,1.6154364821905913,7.080442929379674,8.418245722897725,4.292991394412343,-5.630794187930394
13241,Rabun County,GA,392022.99537032546,72231.0,0.3369378342899889,1.1106251123420527,0.7688935690845864,1.9112264100783891,13.221065601435592,20.85853425479294,9.140656553082703,-16.778125206440052
13243,Randolph County,GA,94481.60273160152,41224.0,0.14228495706559385,0.7315918364984966,0.351385018849369,1.3884184151949008,6.177906322271015,6.047436642106047,3.5801429603916586,-3.449673280226691
13247,Rockdale County,GA,320223.83865698293,76560.0,0.2596651099621462,1.365776574620321,0.4863133372160746,2.2631618017360604,14.139217726812916,15.906166100801883,6.147756591746044,-7.914704965735014
13249,Schley County,GA,189170.84605603307,63487.0,0.18498276449680406,0.8403538097370671,0.5211203488511393,1.538435927567345,7.413456690905475,9.082736943188308,4.8476544682642295,-6.516934720547062
13251,Screven County,GA,181904.89509564723,51077.0,0.221095992030947,1.0157181765369225,0.42232185124335153,1.7803194212437319,10.799040485087081,11.530325111974676,5.400934708248144,-6.132219335135739
13253,Seminole County,GA,147175.48853300035,43963.0,0.20783085785535113,0.7032592771643005,0.39057409457535974,1.3493387631446616,8.481573056898895,8.769760275632825,5.344442599529531,-5.632629818263459
13257,Stephens County,GA,232040.4610610587,58186.0,0.24757516772229576,1.5878703961108296,0.5112069189413813,2.569500144276174,14.276012603643132,16.27294764713209,5.748068435194321,-7.745003478683278
13259,Stewart County,GA,92614.42991419917,44023.0,0.13060532609602057,0.4995867637041107,0.5192393967629498,1.0684092902955489,3.467617040952928,4.6753541958151885,3.718796387293258,-4.926533542155519
13261,Sumter County,GA,134189.2119670882,49955.0,0.16676330899094505,0.5939015562735945,0.4778711318856872,1.198499524408546,5.466199740128104,6.571828495243766,4.555244959718967,-5.6608737148346275
13263,Talbot County,GA,194227.02300517765,44778.0,0.269281691352646,0.829143204773017,0.33625783348254257,1.5229729213454193,12.666035505565715,12.20401715069294,6.595767552132681,-6.1337491972599025
13265,Taliaferro County,GA,156095.2340619963,44934.0,0.2156633897807633,0.7798574657365007,0.5520171318043658,1.454992139592982,7.932353343473034,10.280089355631176,5.790324660216703,-8.138060672374843
13267,Tattnall County,GA,176098.37673151426,53531.0,0.20422639021807484,0.8331125729356619,0.44043807012351,1.5284479483214755,8.78801282397317,9.674684898036178,5.202152601986672,-6.088824676049679
13269,Taylor County,GA,149898.16913523994,48086.0,0.1935260984192443,0.6780893937596215,0.5007646452982117,1.314621451729284,6.804677814719093,8.343839110717298,5.220355721144288,-6.759517017142493
13271,Telfair County,GA,121537.24113428257,45257.0,0.16671914582631087,0.6828416457216899,0.4529198369129026,1.3211763256092643,6.236276777276452,7.085834741340067,4.4120831035191435,-5.261641067582758
13273,Terrell County,GA,114465.55738337753,46663.0,0.1522874223352028,0.8021975293213865,0.44279883742502,1.4858062253019222,6.389754155396983,7.072204962804252,3.907963783934327,-4.590414591341594
13275,Thomas County,GA,216468.94664453322,58510.0,0.2296822164879626,0.7815053814968569,0.44651289277856065,1.4572651419632656,9.447568882512028,10.52724951601952,5.928712714057109,-7.008393347564602
13277,Tift County,GA,207535.43479809802,57048.0,0.22584667475149886,0.6091607986184242,0.42662798839651894,1.2195468951861814,8.06822774659228,8.863407130141375,6.025810778710906,-6.820990162260001
13279,Toombs County,GA,165619.67292030295,52482.0,0.19591307017122975,0.8854886867283847,0.5015020169942495,1.6006913442893405,8.280319626652002,9.819730184909435,5.050578348292465,-6.5899889065499
13281,Towns County,GA,399259.05420797184,66947.0,0.37024185918511304,1.051335775119251,0.6828465134985673,1.829447470109494,15.003624361424553,21.65707107613515,9.861214200167264,-16.514660914877865
13283,Treutlen County,GA,135091.52498540794,49171.0,0.1705614692163506,0.586028968440444,0.5324752228386211,1.1876407103626456,5.108059454306828,6.805846305414631,4.765140142925945,-6.462926994033747
13285,Troup County,GA,229546.3675216512,61476.0,0.23180707529978792,1.073417964848761,0.4889195669548789,1.8599058653768452,11.112405060626067,12.746472969271341,5.745201962211951,-7.379269870857225
13287,Turner County,GA,138836.3250108042,44793.0,0.19242204418719647,0.7093901534908378,0.2755360651536294,1.357795200516874,8.83242595121115,7.785864308385841,4.721013327908559,-3.674451685083252
13289,Twiggs County,GA,107208.47716232792,51965.0,0.1280796288301851,0.7323935639685313,0.44003214543036084,1.3895242535414654,5.089322554639219,5.6431210576382185,3.3342484816411075,-3.8880469846401065
13291,Union County,GA,379180.74864802236,67723.0,0.34759374787218644,1.2432620610187088,0.582978822869431,2.094175142035444,16.976491899680262,21.20132283700902,8.666945218592215,-12.891776155920972
13293,Upson County,GA,174962.6699805361,56452.0,0.19241012844176744,1.592890530948274,0.4909148531586731,2.5764245142343727,11.21995389968479,12.56446572508146,4.432923004291942,-5.777434829688614
13295,Walker County,GA,239654.34305730244,62042.0,0.23980673668774166,1.059237625962827,0.46848446117067866,1.8403466471967942,11.582452245429774,12.998831264563801,5.913713985948064,-7.330093005082092
13297,Walton County,GA,389785.635948054,88303.0,0.2740389135971598,1.2580659284702689,0.5407419039642658,2.114594405335339,13.847608179706624,16.53970003000487,6.717588588873217,-9.409680439171462
13299,Ware County,GA,147103.754029909,47717.0,0.1913870239494441,0.9914408165573092,0.3529061525375674,1.7468331848077394,9.712258748888743,9.591112039728852,4.573555151140218,-4.452408441980328
13301,Warren County,GA,123336.53440156311,46385.0,0.16507300034464234,0.6053040542697674,0.4338485316846985,1.2142272124348144,5.817806298874026,6.471131083662703,4.420931519766803,-5.07425630455548
13303,Washington County,GA,153243.58662639736,46965.0,0.20256753632409755,0.5769895650921584,0.28674758212553764,1.1751724849042269,8.273644734559012,7.260247619985758,5.155474704917239,-4.142077590343985
13305,Wayne County,GA,197431.61174884436,60717.0,0.20186835807363218,0.7781928237195372,0.46425987556070036,1.4526960663705175,8.135292164210227,9.29439448280797,5.249418010497862,-6.408520329095605
13307,Webster County,GA,155643.40085629447,51171.0,0.188828990932516,0.9567157586874602,0.43055633212188993,1.6989362347662285,8.87412210967476,9.586273301753431,4.67690406882058,-5.389055260899251
13309,Wheeler County,GA,132862.71098888238,42918.0,0.19218766005041968,0.7052926411590925,0.38776434068421395,1.3521434217874142,7.879696334926514,8.114300567964005,4.934462814206594,-5.169067047244084
13311,White County,GA,309133.6012514814,72270.0,0.2655522731324208,1.1880198473944281,0.6576448460938575,2.017978478632846,11.969591264376886,16.30791530178306,6.852329203471412,-11.190653240877584
13313,Whitfield County,GA,237759.05407356247,67190.0,0.21968190602481666,1.0628546541228014,0.4631650007621786,1.8453356847306233,10.671425938783695,11.903082098482743,5.403504528542077,-6.635160688241124
13315,Wilcox County,GA,132805.9956512026,46539.0,0.17715870610754336,0.7352083510572849,0.43285098522167487,1.3934067443085891,7.109983116269111,7.800797180510641,4.596403512528607,-5.287217576770138
13317,Wilkes County,GA,160229.3700021731,50659.0,0.19635744719976897,1.0426604253965226,0.4886133231465428,1.817481390921965,9.261219694100134,10.6444762662803,4.892057048348454,-6.275313620528621
13319,Wilkinson County,GA,136086.63436229786,52374.0,0.16131011260735317,0.7631317821232486,0.3745374379970081,1.431922077753586,7.013663672397557,7.089697098809722,4.0671031139652225,-4.143136540377388
13321,Worth County,GA,164437.26454799154,51414.0,0.1985549484634839,0.462462376496237,0.29964610717896867,1.0172028984708965,7.062970800933896,6.183632287509921,5.242637751683033,-4.363299238259059
15003,Honolulu County,HI,855418.453896934,104305.0,0.5091378126799693,0.5325203438871522,0.36268028846153855,1.1138352201997543,18.092298551673615,17.87890557872675,13.519770819862465,-13.306377846915606
15007,Kauai County,HI,1017024.7118446496,89815.0,0.7029824714353091,0.9581647688914672,0.28083910898148945,1.700934882820642,36.96136634459463,33.612976219300464,16.431617187605084,-13.083227062310915
15009,Maui County,HI,1079264.4615343856,98820.0,0.678023726928484,0.9403285211405878,0.43876303069128175,1.6763329981915702,31.3526680822715,34.22745253020545,16.89682924067976,-19.77161368861371
16001,Ada County,ID,522821.0420051134,91898.0,0.3531903778316453,1.367750758652488,0.5727610343824341,2.265884832301362,18.310352771421794,22.36858990097217,8.6179181369423,-12.676155266492682
16003,Adams County,ID,505373.486107314,64610.0,0.4855954146528053,1.7257043588183714,0.6175550158976542,2.759617219115054,27.667060851165417,34.26940376306365,11.509732570582234,-18.11207548248047
16005,Bannock County,ID,352194.3661000864,69744.0,0.3134999079285674,1.3440763045048878,0.6107903367361078,2.23323019564625,15.731473344300584,19.987402932032325,7.776138517753797,-12.032068105485537
16007,Bear Lake County,ID,398284.2939084636,75337.0,0.32820615650043083,1.2375210689654246,0.5594816700821792,2.0862564796506184,16.23639821881756,19.80330686190962,8.123758959195477,-11.690667602287533
16009,Benewah County,ID,337958.4631104591,61128.0,0.3432298137133837,1.2189465674373978,0.4776638947979115,2.060636307178385,17.75197284762226,19.939801369647753,8.275141026038884,-10.462969548064374
16011,Bingham County,ID,366076.2975948111,74827.0,0.3037212241591078,1.3143541582953482,0.5072717750382725,2.1922338592985757,16.03136767071536,18.449832090055892,7.2971439306664205,-9.715608350006951
16013,Blaine County,ID,925972.2405740198,117269.0,0.4902037287053642,1.1989828091838373,0.796620296604976,2.033099905790791,19.983743817136425,31.747154989050934,13.223405862534364,-24.986817034448872
16015,Boise County,ID,480798.63046549284,80449.0,0.3710260789274047,1.7732414317576923,0.5257358519192838,2.8251860315912825,22.30364685028675,25.554640185195098,8.480129968040389,-11.731123302948731
16019,Bonneville County,ID,397039.16552917263,83922.0,0.293710443444569,1.4344764073580851,0.5538809065323655,2.3579208218313994,15.77956692931178,18.840888711368606,7.055697791847705,-10.117019573904527
16021,Boundary County,ID,456015.41854077304,69780.0,0.4057050622814668,1.46051328659868,0.6692581872114443,2.39383399752423,20.615891556347833,27.351633685834706,10.101838090789725,-16.837580220276596
16025,Camas County,ID,356524.784719853,76548.0,0.28914636899167767,0.8729443744600487,0.65677553405623,1.583388729552929,10.371139189107343,15.237688716769448,7.898469304944661,-12.76501883260677
16027,Canyon County,ID,418239.1278501544,84164.0,0.30850354396972207,1.725081510981124,0.8877200852304588,2.7587581129371492,15.356717434487516,23.923236844597525,7.975130021001993,-16.541649431112006
16029,Caribou County,ID,306991.4435760903,77635.0,0.24548817570315232,0.801495198564433,0.36161144921690025,1.4848374867816152,11.096850893906213,11.032817127084536,6.107839617276443,-6.043805850454767
16031,Cassia County,ID,329381.4626791346,70494.0,0.2900740405344194,1.3409398884077337,0.4707085037135943,2.228904075710674,15.79504629621635,17.52499947094521,6.852923929374416,-8.582877104103279
16035,Clearwater County,ID,303141.709377524,62225.0,0.30244238541512136,1.149537863223415,0.4596528266479005,1.9648995268210019,15.354665428636544,16.985880397326756,7.323361651834738,-8.954576620524948
16037,Custer County,ID,335839.9463140517,62400.0,0.3341255040736546,1.1942920386182667,0.36241566778017953,2.026629834400919,18.372130975135768,18.37616671419141,7.748948388252347,-7.752984127307991
16039,Elmore County,ID,347100.9390556293,68067.0,0.31657822781658534,1.7618407559138185,0.5292862117773933,2.8094608568952415,18.948971399906693,21.783031142811744,7.253308608058207,-10.08736835096326
16041,Franklin County,ID,427647.62465176545,79314.0,0.33473265017242826,1.3269378523780406,0.47147548282963214,2.2095907941401354,18.127044279989217,20.138305063298425,7.925703834442082,-9.936964617751292
16043,Fremont County,ID,432328.82137630624,73147.0,0.3669268856521823,1.4438426497419612,0.4760770860659873,2.3708398627504557,20.625109260789056,22.911735731863978,8.565740486286169,-10.852366957361088
16047,Gooding County,ID,350070.1057850315,63073.0,0.3445667784015033,1.5737126114815148,0.2885188968335035,2.549972035622464,21.95007776735482,20.653885764374678,7.388488470693531,-6.092296467713393
16049,Idaho County,ID,346536.71984217624,66189.0,0.32503139018360133,1.1164971741702865,0.6082075953057804,1.919325859561864,14.597705519253784,19.0467067983911,8.343176205951453,-12.792177485088768
16051,Jefferson County,ID,447464.6392569393,88124.0,0.3152291595214428,1.4853278108323917,0.6454859490243674,2.4280611550996225,16.391763698816963,21.21438266763,7.761614115804223,-12.584233084617262
16053,Jerome County,ID,388247.8897658102,71238.0,0.3383446008002698,1.3478405411626788,0.5146064549049623,2.238422280734154,18.01012119120991,20.83426525853284,8.111695090992985,-10.935839158315915
16055,Kootenai County,ID,585134.3300402244,83330.0,0.43592930196003954,1.5390744891630717,0.7053454485920105,2.5021949974837097,22.365955354809284,30.40126160675029,10.874298092427981,-18.90960434436898
16057,Latah County,ID,463966.0769395442,64961.0,0.4433996961639697,0.8887779537647122,0.4012295081967212,1.605228294508478,20.491589821810294,21.41389989235642,11.003628782706475,-11.925938853252596
16059,Lemhi County,ID,354632.0805824231,59959.0,0.36718548396092704,1.4724215072277138,0.49572180507396424,2.410259238648086,20.613985768041157,23.286848179298907,8.60012285747793,-11.272985268735681
16061,Lewis County,ID,274204.68922897783,60384.0,0.2819128446212835,1.2528897689422553,0.4484743811168681,2.1074548274763356,15.050513129553956,16.393183057045086,6.690911078042438,-8.033581005533572
16063,Lincoln County,ID,294878.6699581875,69819.0,0.26219934328283157,1.3751909437487249,0.5122812337549818,2.2761472248131236,14.11671920576605,16.26898652259886,6.257242891750215,-8.409510208583026
16065,Madison County,ID,392364.47392659617,55940.0,0.4354407614077025,1.2010798918845769,0.4695914882437935,2.035992452888241,22.466288678209896,25.04998198276082,10.496439665939494,-13.080132970490416
16067,Minidoka County,ID,311608.3268360432,72149.0,0.2681270334513816,1.435562668432663,0.5881705518501399,2.359419122931892,14.13695664310765,17.4263947209782,6.516935704123252,-9.806373781993804
16069,Nez Perce County,ID,373921.5133669703,73255.0,0.3168874537617115,1.0440117738788897,0.4380926205854061,1.8193453322576771,15.524939417505923,16.855368175385227,7.747901421198839,-9.078330179078138
16071,Oneida County,ID,335773.64189036755,72937.0,0.285798911105613,1.6847019420576954,0.550630354827051,2.7030617854415375,16.612268299643496,19.500776674063797,6.6522035334268335,-9.540711907847133
16073,Owyhee County,ID,421278.7860291868,61854.0,0.4228279281457913,1.9539964617791292,0.5565453721878302,3.0745049722576336,26.129889351009993,30.479330965559328,9.590997547171844,-13.940439161721175
16075,Payette County,ID,399381.79043573566,70338.0,0.35250080170148607,1.7114890339147215,0.5806647340389672,2.7400097440379536,20.35210866464047,24.465926720769765,8.264679147390963,-12.378497203520263
16077,Power County,ID,278130.55222737975,65002.0,0.2656341110164422,1.179849071319277,0.4771838923734206,2.006708367725077,13.51291261398044,15.202022639963712,6.442142593213372,-8.131252619196644
16079,Shoshone County,ID,283698.03281084663,56309.0,0.3127810076901118,1.3732197329281455,0.5016934688108381,2.2734282952565925,16.92919332243779,19.317518092255973,7.438393797501245,-9.82671856731943
16081,Teton County,ID,839447.3866774086,110146.0,0.473136677783188,1.5437263612121175,0.8986434075121092,2.5086114153905643,21.71043824469905,35.30162221425569,12.544314102617017,-26.13549807217366
16083,Twin Falls County,ID,365494.664633437,73098.0,0.3104112208469651,1.3296784851869359,0.5960610493678902,2.213371002461797,15.623193109143516,19.592926048855404,7.676414874542756,-11.646147814254642
16085,Valley County,ID,656384.0232514088,82595.0,0.493362469039039,1.6892884415606106,0.5952987986247924,2.7093880337196508,28.118176780479743,34.26269496115195,11.653650616300274,-17.798168796972487
16087,Washington County,ID,386159.05495176505,57539.0,0.41664461971693273,1.7014966758501568,0.49095667495854056,2.7262270895407554,24.99346844593142,27.89419099705131,9.481287042117588,-12.382009593237477
17005,Bond County,IL,151399.37183690973,66398.0,0.14155686634866596,0.38088724343382174,0.32251125363502364,0.9046847253532466,4.326734562985027,3.881844876704905,3.868314620758208,-3.4234249344780867
17007,Boone County,IL,254015.1385540444,86711.0,0.18186422243596778,0.9336773597347943,0.3900003206053029,1.6671589214552451,8.708497045397404,8.972294017461536,4.455226977613721,-4.719023949677853
17011,Bureau County,IL,138756.78006621334,75022.0,0.11482261682746507,0.5497795576228324,0.4631301803998049,1.1376411905498105,3.6231112876544196,4.283513299565597,3.1558678051008218,-3.8162698170119995
17015,Carroll County,IL,131468.90985685613,69537.0,0.11737320845286259,0.48397914896932637,0.37882693527918776,1.0468814026813376,3.8307884451704077,3.893746065550162,3.1799266571762854,-3.2428842775560396
17019,Champaign County,IL,217709.3524860593,64240.0,0.2103940330359232,0.44622670763132755,0.2642434022789444,0.9948087235374037,7.705329464530489,6.299438597787649,5.5005282042725225,-4.094637337529683
17021,Christian County,IL,118855.17079776719,68915.0,0.10706960113508347,0.38770186015176566,0.40525274770090336,0.9140842591917437,2.8462899017460823,3.0750381816896155,3.0186482844045956,-3.247396564348129
17023,Clark County,IL,137312.02074592395,72272.0,0.11795065313623798,0.30794150887346716,0.42548323471400384,0.8040692500076392,2.4752080759616617,2.877656104026879,3.4436084317140274,-3.8460564597792457
17025,Clay County,IL,101568.83607157489,62117.0,0.10151071051999859,0.26681498450386854,0.4254537944328429,0.7473426322869532,1.869991839909585,2.2154527144428697,3.008075992949103,-3.353536867482388
17027,Clinton County,IL,199054.06657494637,87958.0,0.14049393401750288,0.5048541833635842,0.3736998282055286,1.0756747450349788,4.751381105488031,4.7844732051303405,3.7760153611309906,-3.8091074607733013
17029,Coles County,IL,130503.6873249833,61313.0,0.13213932412467255,0.3319437045044096,0.43883321990941737,0.8371759468871862,2.8650896938862207,3.4304250942790646,3.845943346871569,-4.411278747264413
17031,Cook County,IL,318807.35756664746,82729.0,0.23923924640821378,0.5422172547658393,0.45544589292939963,1.1272103586272908,7.555079068018886,8.818941415780522,6.569693051906517,-7.833555399668153
17035,Cumberland County,IL,171428.59127054605,81491.0,0.1305976835914336,0.44163340389047856,0.5821959033103583,0.9884730900411105,2.6683217262941983,4.401743295693357,3.8733469674472287,-5.606768536846387
17037,DeKalb County,IL,270529.79455502256,78556.0,0.21379503046082732,0.6966304679204385,0.38122868094384077,1.3401955171815314,8.760906619088122,8.93781012883267,5.486359757665609,-5.663263267410158
17039,Dewitt County,IL,136809.8474676029,76218.0,0.11143501479003706,0.442379475189693,0.390940944594496,0.9895021607450329,3.352631592493442,3.493363248703839,3.0711131172304134,-3.21184477344081
17041,Douglas County,IL,141271.31869483413,79854.0,0.10982954602663927,0.67427086369063,0.5006483378121886,1.309354478679678,3.8460889889547185,4.7191420738522,2.9652551203797266,-3.8383082052772077
17043,DuPage County,IL,406316.31177122035,110974.0,0.2273028505994671,0.48231473424202487,0.35970888061164485,1.044585642963939,7.613984815345587,7.465327764643906,6.114359754022104,-5.965702703320423
17045,Edgar County,IL,119782.92607098557,66725.0,0.11144695326401008,0.009773647955774845,0.3263825388621635,0.3928005001646351,0.5314529559899223,0.10741374755546008,3.546941133143159,-3.1229019247086978
17049,Effingham County,IL,209162.62819792223,81668.0,0.15899886895619633,0.5272905584801986,0.5386702338112555,1.1066216751193245,4.286656586542026,5.941987128531131,4.524364904489359,-6.179695446478465
17051,Fayette County,IL,157914.06265868456,63445.0,0.1545202029528816,0.2791367293675715,0.5164443807065346,0.7643382554583533,2.1710469474276683,3.619412339509594,4.723373693195745,-6.17173908527767
17053,Ford County,IL,147729.2300395531,69761.0,0.1314666515756306,0.3613388434381244,0.3125058794754567,0.8777212357171831,3.957295092093152,3.4549731682387335,3.6005335832603764,-3.0982116594059583
17055,Franklin County,IL,114296.98222776937,59310.0,0.11963787890781796,-0.1787575085852815,0.3657087593257806,0.13275579642475233,-2.460371286974211,-2.634925333361978,4.337082041642635,-4.162527995254867
17057,Fulton County,IL,109610.47925819289,63587.0,0.1070152340824827,0.319987600352712,0.42415283656968805,0.8206846590859875,2.33071364642784,2.686827580843084,3.1095246641408982,-3.4656385985561426
17061,Greene County,IL,113774.10026603912,62654.0,0.11273440365652199,0.22009694288864212,0.42580160662676647,0.68290352570091,1.7222752869151772,2.1076051723761227,3.401286099796339,-3.786615985257284
17063,Grundy County,IL,301726.56568410725,96937.0,0.19323502127568976,0.6523907499209538,0.3476949171393615,1.2791748107276,7.897355490601411,7.663354406893156,4.945690050703577,-4.711688966995322
17065,Hamilton County,IL,131180.68763915214,66346.0,0.12274873455005741,-0.26520096851009045,0.44462831511562073,0.013522645051694537,-5.221163603601816,-4.625367894248654,4.915835071271803,-5.511630780624966
17073,Henry County,IL,155757.8980802716,72293.0,0.13375674614283983,0.41345183355827,0.2256582405099774,0.9496017000681332,4.9667745744428435,3.7350781264973785,3.474484344074779,-2.2427878961293133
17075,Iroquois County,IL,145102.70547142174,70408.0,0.12794265739795949,0.4217610420959368,0.4127939642025844,0.9610627535732068,3.5769873122431393,3.9132430669166136,3.5791979701658603,-3.9154537248393355
17079,Jasper County,IL,147880.99097739972,72816.0,0.1260803479993711,0.657132108993469,0.38412408759124084,1.2857146598324247,4.973186509179342,5.096420772121542,3.269683156016079,-3.3929174189582803
17081,Jefferson County,IL,136897.36755229058,61746.0,0.13764109952369252,-0.3068587344390534,0.3290142057684029,-0.04393672451995245,-5.369244633677442,-6.0742448920934216,5.429535636415085,-4.724535377999104
17083,Jersey County,IL,194986.61419052235,77236.0,0.15672810734608802,0.38525068574689714,0.4339076191890687,0.9107033064960552,3.910983217977462,4.531686795586689,4.472480481575173,-5.0931840591843995
17085,Jo Daviess County,IL,226851.39652580093,70046.0,0.20105736300476032,0.6519512009715747,0.3680592175934063,1.278568532283137,8.034193363469171,8.036303656965224,5.187931209655224,-5.190041503151276
17089,Kane County,IL,354204.6568185563,103587.0,0.21228087834380752,0.7124213679095968,0.4692774673058919,1.3619762137242404,8.023064452766215,9.309505151128867,5.613332067468216,-6.899772765830869
17091,Kankakee County,IL,208108.85299796375,75936.0,0.17013932437295382,0.5973370934744919,0.4266443722171078,1.203238227920398,5.997043453910092,6.596064723413388,4.553335074117058,-5.1523563436203546
17093,Kendall County,IL,367581.5418928876,120075.0,0.19004785168900432,0.7933311294366112,0.35260721165219144,1.4735766268971964,8.61254213271019,8.46177336986125,4.720068344000863,-4.569299581151923
17095,Knox County,IL,102667.6190879701,58896.0,0.108220504793016,0.25287953917277206,0.34478034523700796,0.7281212005666255,2.400603664717227,2.1914779186580957,3.1197855846204874,-2.9106598385613554
17097,Lake County,IL,360189.7037978657,108137.0,0.2067849094281019,0.5481890402278178,0.3161757546251218,1.1354473588650746,7.933373013222497,7.260435561352895,5.366685040762919,-4.693747588893316
17099,La Salle County,IL,173846.18518108278,72846.0,0.14815670830908317,0.6066842026220476,0.39242296811682853,1.2161308779931788,5.506798075298991,5.721595747361834,3.9033319398848283,-4.118129611947672
17103,Lee County,IL,165394.33666599842,70166.0,0.14633755019391576,1.3375860249563303,0.3344363933740324,2.2242780263955075,8.577262648159365,8.365672415316347,3.2892043802479183,-3.0776141474048995
17105,Livingston County,IL,146226.70976804657,76043.0,0.11937938325274193,0.5523944290871818,0.3707863143094061,1.1412479337944825,4.295496635508495,4.306974201594525,3.1631509777768163,-3.174628543862846
17107,Logan County,IL,128661.85939404002,68362.0,0.11684144741314337,0.22154512819185346,0.17478647900878141,0.6849010359535566,3.5374494945461468,1.9789522803224908,3.168674754145032,-1.6101775399213758
17109,McDonough County,IL,102480.4752407605,62276.0,0.10216032963824158,0.11023980676619027,0.4669399100181377,0.5313754337886654,0.42985894925347684,1.0683164774733585,3.282482265602132,-3.920939793822014
17111,McHenry County,IL,337678.2563661086,102725.0,0.20407453308509235,0.7403071702625916,0.2758809136412754,1.4004396451510468,9.560490242827143,8.465363735303892,4.97307689800292,-3.8779503904796693
17113,McLean County,IL,241717.1489967606,81913.0,0.1831962148276059,0.3882304189167127,0.245522002250403,0.9148133106120051,6.40332055502961,4.93240733995126,4.836688141967405,-3.365774926889054
17115,Macon County,IL,113250.90584680245,62679.0,0.11217123211208115,0.3854125685952945,0.2976481305121941,0.9109265946682827,3.5999394819315316,3.0707153826757825,3.029626353432131,-2.500402254176383
17117,Macoupin County,IL,144993.08628735365,69440.0,0.12962818698125997,0.27391886726767223,0.3761395164486723,0.7571411564280488,2.8107333122747713,2.8321134212801997,3.755913562412181,-3.7772936714176084
17119,Madison County,IL,183902.8778624445,78648.0,0.14516526365432827,0.5899956894562932,0.48479299212747073,1.193112086077463,4.688466616795331,5.712252713207759,3.979735665076607,-5.0035217614890355
17123,Marshall County,IL,131374.1734463829,75927.0,0.10741764355607479,0.3947707955186659,0.41628427532176837,0.9238345797062295,2.833916089161498,3.139057708398846,3.0348282806925226,-3.339969899929872
17125,Mason County,IL,91223.55077527884,64300.0,0.08807605714529083,-0.03882443963031801,0.4699494776307067,0.3257682094785155,-0.9578535314289913,-0.3751135930207169,3.0555186268270678,-3.6382585652353425
17131,Mercer County,IL,164008.90575547013,81428.0,0.12504188957793305,0.17130234100549568,0.40553043118030874,0.6156001790095369,1.6258674982216337,1.8800973134502925,3.816526815849301,-4.07075663107796
17133,Monroe County,IL,297942.00486144534,108674.0,0.1702032889830219,0.514125644480824,0.3637778279748012,1.0884630523031382,5.905960774458498,5.843102083664262,4.544645465082976,-4.481786774288742
17135,Montgomery County,IL,120798.45982340774,62882.0,0.11926057959809563,0.24500763023718486,0.3668217189062297,0.7172633229373846,2.4337484096820585,2.375780188286365,3.4796300834191096,-3.421661862023415
17137,Morgan County,IL,129400.84514651923,67794.0,0.11849709910114208,0.2763461235585267,0.49791201749928193,0.7604891184022728,1.7673852352822415,2.73446755185645,3.6001259354822444,-4.567208252056452
17139,Moultrie County,IL,161428.47592716207,76303.0,0.1313410240020769,0.5510442281725532,0.29381941500635866,1.1393855753213487,5.191094426286089,4.584410147732557,3.3752791405162057,-2.768594861962674
17141,Ogle County,IL,205223.56175027505,80221.0,0.1588184722944985,0.6584705812046601,0.400799748550674,1.2875608406760004,6.156515684187324,6.470582279235177,4.144132992035426,-4.458199587083278
17143,Peoria County,IL,145093.86086115395,68190.0,0.13209616565228213,0.366472491168667,0.2679198973615218,0.8848021762242404,4.323413073506137,3.443113114164909,3.5452128792456077,-2.6649129199043795
17145,Perry County,IL,124356.90141282596,67372.0,0.11459147697053043,0.08146269327602251,0.44581312502682513,0.4916825995148246,0.35237059352650063,0.901619849103802,3.6998067719888197,-4.249056027566121
17147,Piatt County,IL,211006.7706645152,93892.0,0.13951781484734438,0.3785332018310652,0.4417861859279506,0.9014377498272312,3.372688997692355,3.995361924298322,4.0024059629095134,-4.625078889515479
17155,Putnam County,IL,180048.7375803497,81998.0,0.13631658127716426,0.9583780467400203,0.35332563129229255,1.7012290611196499,6.802147588685766,6.716143859638211,3.2777013680403133,-3.1916976389927605
17161,Rock Island County,IL,150255.67950525408,67335.0,0.13853257193743734,0.3394163770293528,0.3355084392788432,0.8474831499434134,3.8390159843926392,3.5087327424412695,3.8581383943053584,-3.5278551523539896
17163,Saint Clair County,IL,173576.4969951207,78110.0,0.1379577639144018,0.4831886816493838,0.5493097429387497,1.0457910956795566,3.348018152682761,4.88444699433642,3.991626578937762,-5.528055420591421
17165,Saline County,IL,103022.03539031686,55561.0,0.11511235450938856,-0.08912709820108011,0.35935703276001263,0.2563847707654896,-0.943451385527791,-1.136752703982485,3.9264235872036304,-3.733122268748936
17167,Sangamon County,IL,177917.48551779473,78931.0,0.13993710721107294,0.33330173049698075,0.37054400861245673,0.8390490986430463,3.5649535980805918,3.546462403180197,3.9614960603997154,-3.943004865499321
17173,Shelby County,IL,154326.21987254603,75612.0,0.1267099903083653,0.5259560132377412,0.5234219168698244,1.1047809108203652,3.499841342652739,4.7002644996102925,3.5864678373903454,-4.7868909943479
17175,Stark County,IL,129771.32591781835,69557.0,0.11582432135694681,0.16136037310371454,0.3888345346724438,0.6018870286473199,1.5404744583569496,1.6435036705591994,3.5258478948250658,-3.628877107027316
17177,Stephenson County,IL,136180.94622597445,64425.0,0.1312271766413755,0.9196982625790169,0.38757269007107475,1.6478772799211918,6.245992376169338,6.417384219598216,3.2203241386726154,-3.3917159821014935
17179,Tazewell County,IL,163519.49186432984,78573.0,0.12919867460371376,0.3106779803434807,0.36064211127850787,0.8078437185133653,3.1959540718987767,3.0923621538667847,3.671369834033055,-3.567777916001063
17183,Vermilion County,IL,102189.23059964925,62150.0,0.10207652129347271,0.3397468227358289,0.39022480706856055,0.8479389401555955,2.5283230650709796,2.645092724156764,2.906334492735602,-3.0231041518213866
17187,Warren County,IL,117337.52973003195,65671.0,0.11092391164078604,0.3605039849112628,0.4217887375782112,0.8765696990573257,2.6882072758801363,3.0413145570217024,3.1759883946148815,-3.5290956757564476
17189,Washington County,IL,148592.9431177712,81555.0,0.11311220210213359,0.4651252166909594,0.4303127027832827,1.020875805921568,3.3054922465053966,3.7281118757922496,3.1445080472771423,-3.5671276765639957
17191,Wayne County,IL,131684.0928672897,61720.0,0.13245527656977416,0.053842027873767684,0.2859672882591937,0.45358487665879577,1.5273847702970675,0.6626990140073448,4.052622067516019,-3.1879363112262964
17195,Whiteside County,IL,138138.94291846166,67711.0,0.1266539577394346,0.330795129512367,0.48936497811407076,0.8355916949841664,2.388929089543876,3.3444319891950496,3.761168279253384,-4.716671178904559
17197,Will County,IL,356180.40507984796,109888.0,0.20122485317357774,0.6653157969229475,0.4403418400115344,1.2970025803128653,7.504625078097401,8.379283724356668,5.322243234449796,-6.1969018807090634
17199,Williamson County,IL,156024.09123805873,67879.0,0.14269806724628428,0.3384412402978194,0.4236964637778431,0.8461381248180715,3.2652816029510796,3.7364123921749015,4.119320630363093,-4.590451419586915
17201,Winnebago County,IL,180961.65916342902,67363.0,0.16677348884197082,1.1166253189973072,0.34661362545977936,1.919502612222749,8.984961437792988,8.833597156437028,3.8918856280674334,-3.740521346711473
17203,Woodford County,IL,204221.26489763366,100761.0,0.1258259904342641,0.24006515241694926,0.47671947591341435,0.7104460668186361,1.7193690208644226,2.5751028554445896,3.843679208916273,-4.69941304349644
18001,Adams County,IN,221851.30431843165,70816.0,0.19448784265486518,0.8715256204956658,0.43785912976386276,1.5814318145203337,8.615799306659019,9.430794319187815,4.910596861833632,-5.7255918743624274
18003,Allen County,IN,243694.31560785323,70889.0,0.2134167066671369,1.11316233256807,0.4172981186396625,1.9147260474545278,10.964191208232107,11.612070477275324,5.1177466958387985,-5.765625964882015
18005,Bartholomew County,IN,260754.8903374608,81019.0,0.19980550447949302,0.8044555241277811,0.4577006117308384,1.4889207216071907,8.278425764810729,9.347613600820564,5.153663523630902,-6.222851359640737
18007,Benton County,IN,185507.21134031235,71407.0,0.16128050481651188,1.3943300088190158,0.40692359222918384,2.3025461107976706,9.25731076809796,9.661269469519354,3.695920925240516,-4.0998796266619095
18009,Blackford County,IN,127271.73007957393,61080.0,0.12935844436747115,0.8885718186358684,0.5419959102269571,1.6049439683021678,5.278474658541437,6.596410218874352,3.3822001992635067,-4.7001357595964235
18011,Boone County,IN,394145.5023530801,108013.0,0.22653870389339634,0.8154392005659656,0.43705014435293954,1.5040707208844744,9.653140241568689,10.592193956921989,5.7845092402304825,-6.723562955583781
18013,Brown County,IN,341545.7559148376,78954.0,0.26855708891449476,1.0385588671146357,0.46751919109310225,1.811824031534511,12.839444805711631,14.41245635320547,6.644225050611861,-8.217236598105702
18015,Carroll County,IN,218436.5992165692,73200.0,0.18525766687303474,0.9044637466631775,0.3929590865842054,1.6268640147896414,8.702024423627574,9.000181768103149,4.568970314095605,-4.867127658571177
18017,Cass County,IN,163751.53850271288,62153.0,0.1635630339942369,1.080626559346976,0.36375205704882063,1.8698488204568515,8.58378860781603,8.588756908257707,3.8647963512325303,-3.869764651674206
18019,Clark County,IN,254337.16275043876,74005.0,0.21335883144768703,0.9199947437716964,0.4338164064013639,1.6482862222166146,9.784360110213013,10.628655301536694,5.3278727019442735,-6.172167893267954
18021,Clay County,IN,173038.8875426086,69967.0,0.15353674395096575,1.0064137441021135,0.4294440925899443,1.7674856359937552,7.423292073260448,7.992899191270251,3.7668293753934083,-4.336436493403211
18023,Clinton County,IN,206058.53423766993,68732.0,0.1861201910347983,1.0330992718403391,0.3653013388423185,1.8042935052189044,9.55055155265147,9.567804122463535,4.436142950395228,-4.453395520207293
18025,Crawford County,IN,157393.2388144204,60088.0,0.1626148444937255,1.0643598542427948,0.45382400619389807,1.8474118366328032,7.958738719129485,8.785067754224581,3.9850873728302707,-4.811416407925366
18027,Daviess County,IN,215912.10820795107,68390.0,0.19599557169360207,0.8534290320229154,0.4545183861843085,1.5564708368525704,8.448279457542942,9.458822179603164,4.997943811701675,-6.0084865337618965
18029,Dearborn County,IN,304522.92976780335,89808.0,0.21050714412524743,0.9283397408223766,0.40121386110807733,1.6597966395161659,9.960936952537104,10.401010502656911,5.184169566670205,-5.624243116790012
18031,Decatur County,IN,238401.78627465872,71515.0,0.20695419162410697,0.8121878039666759,0.3852784503631961,1.4995860060982529,9.225952571952366,9.45911680131065,5.184757746664502,-5.417921976022786
18033,De Kalb County,IN,227393.14458103702,81096.0,0.17407636079256505,0.8805807957229965,0.5481654003283571,1.5939217944393356,7.0180013812537485,8.854808031312828,4.568881745356961,-6.405688395416041
18035,Delaware County,IN,154588.59948625503,55462.0,0.17303892204661372,0.9703181072735854,0.36494967144931456,1.7176982196452388,8.613103135877257,8.619761606051188,4.170162098152523,-4.1768205683264545
18037,Dubois County,IN,241178.47614621045,80326.0,0.1863992972704092,0.7083556788715502,0.4009697223384958,1.3563683294848676,7.557631239431199,7.931593966086118,4.8069437192016595,-5.180906445856578
18039,Elkhart County,IN,242674.40172998395,71053.0,0.212032977983101,0.9358443073227054,0.41774248259073765,1.6701478345551095,9.945188539091681,10.589330023389467,5.246975967650296,-5.891117451948081
18041,Fayette County,IN,146807.26662444836,60267.0,0.15122717661757407,1.0195463498578161,0.4167802905637312,1.7855996954188922,7.4311716157933265,7.884055750554149,3.684027758636268,-4.136911893397089
18043,Floyd County,IN,272457.4675208225,76310.0,0.22165581377639812,0.7742899196306741,0.33020726201474715,1.447312714588593,10.117747384233747,9.647121898381197,5.479207708853834,-5.008582223001284
18045,Fountain County,IN,173814.78713843328,68344.0,0.1578876614978747,0.8054390030397276,0.33724661501134845,1.4902772532647885,7.310403324391625,7.045105798354564,3.8878742829798902,-3.622576756942828
18047,Franklin County,IN,278359.08967092395,79204.0,0.21818262234971195,0.8504783391011086,0.4870360287629312,1.5524008885174712,9.106880502439049,10.64305130944126,5.6347473500009935,-7.170918157003205
18049,Fulton County,IN,186364.1812565398,64566.0,0.1791927476383578,0.8242238163165925,0.2498257839721254,1.5161875128368054,9.018518554028006,7.808973047061917,4.244766014479676,-3.0352205075135883
18051,Gibson County,IN,189560.2886823976,72427.0,0.16248329950519877,0.7575683054230655,0.3542060093861601,1.424248265759822,7.171872571025102,7.053494608309786,4.069323989559875,-3.9509460268445578
18053,Grant County,IN,140127.30303511673,52314.0,0.16629021706090866,0.765868906653759,0.3083733493397358,1.4356974470384003,7.696480083445619,7.128571969778024,4.0826104860325305,-3.5147023723649364
18055,Greene County,IN,174985.00472505574,67268.0,0.16149317869062535,0.7785084670924023,0.4028194861528196,1.453131439435055,6.91435498423069,7.2597929408212085,4.102586170582743,-4.4480241271732615
18057,Hamilton County,IN,448323.48201247485,127452.0,0.21837690000028626,0.7814592668008666,0.3877008841078351,1.4572015350630751,9.504887302534518,9.778703517820071,5.511996257670726,-5.785812472956279
18059,Hancock County,IN,319439.7243729564,96513.0,0.20547783060870936,0.9082270513184219,0.37332270870981965,1.6320548143482432,9.826601671597844,9.925867715400905,5.026087551140851,-5.1253535949439115
18061,Harrison County,IN,247407.2520273069,79264.0,0.19377524982903588,0.9191071909137052,0.47553007315847284,1.6470620032374068,8.576070079057299,9.806302227380712,4.915328097550706,-6.145560245874118
18063,Hendricks County,IN,340329.3134254805,93476.0,0.22602740684594647,0.9076806725895903,0.27216309643702874,1.6313011835040072,11.674925671420825,10.470867011784195,5.314653064909239,-4.110594405272608
18065,Henry County,IN,177695.58941824708,67538.0,0.16333915983977734,1.0799902448126697,0.40839137506777323,1.8689711394008661,8.315520093902668,8.72916240482978,3.9254701169551947,-4.339112427882306
18067,Howard County,IN,171354.9138056167,67297.0,0.15807482992642402,0.9609021504324695,0.42006752479426046,1.7047106066050444,7.508002378424147,8.009709944975615,3.8967845004983306,-4.398492067049799
18069,Huntington County,IN,195661.4058491499,72146.0,0.1683661484329261,0.879210848055884,0.4692788627986071,1.5920321988851076,7.29287448351955,8.303514742073343,4.294569413471974,-5.305209672025766
18071,Jackson County,IN,216504.58832371977,72024.0,0.186617227228434,0.7593484749450288,0.5828059071729959,1.4267036883246589,6.489703079137603,8.863830819124068,5.089730425081451,-7.463858165067917
18073,Jasper County,IN,276778.67834081774,76990.0,0.22318251968702152,0.7366297394906078,0.27900988454190556,1.3953672931156098,10.40138854833767,9.24360981011875,5.450025714985122,-4.292246976766203
18075,Jay County,IN,153149.32612210998,58963.0,0.16124913105682523,0.9514390738291838,0.38261501664868924,1.6916580003572634,7.842082597827231,8.009088246350158,3.9260055338261988,-4.0930111823491275
18077,Jefferson County,IN,215971.75605770233,70467.0,0.19027119322856575,1.0141545246319157,0.4729416191133129,1.7781626456536919,8.939216087127846,10.113228033616666,4.737217512485474,-5.911229458974293
18079,Jennings County,IN,204775.01195938504,65766.0,0.1933024669843756,0.8787915800574237,0.4282363671900449,1.5914538943520657,8.676705309322235,9.379381738577859,4.855970469071838,-5.558646898327461
18081,Johnson County,IN,308023.96304070944,95247.0,0.20076826386273985,0.9623026959515577,0.39543776371308015,1.7066424063736738,9.726008838693561,10.081540166479709,4.902192049417652,-5.257723377203801
18083,Knox County,IN,148532.3911924059,61618.0,0.14964955842450112,0.7305192167174728,0.4390676818160586,1.3869389297968406,5.942695555921825,6.581242044511894,3.8960081263576503,-4.534554614947719
18085,Kosciusko County,IN,271185.87860722735,77464.0,0.21733467240747883,0.8168427209354032,0.43062404195984993,1.5060066239222505,9.326308994255802,10.145831382796844,5.534400679690519,-6.35392306823156
18087,Lagrange County,IN,308645.016636366,79761.0,0.24023182679536775,0.8974094945684115,0.407662984010448,1.617133947198981,11.101969742653125,11.691179795013941,5.966179882672182,-6.5553899350329985
18089,Lake County,IN,245584.47971121105,73228.0,0.20820234132688936,0.896160289797354,0.44682196273684616,1.6154108946777943,9.302666444263172,10.282327306989789,5.248772261139155,-6.228433123865771
18091,La Porte County,IN,239745.89221038728,68116.0,0.21850626962709804,0.8496464760162987,0.4370160967068206,1.5512534835292962,9.54306800345146,10.448195017200696,5.539810614198343,-6.44493762794758
18093,Lawrence County,IN,198566.90648011782,65270.0,0.1888665825393654,0.9847724620842062,0.39198123267221163,1.7376353933381212,9.283526331640282,9.582247356852157,4.586647051664202,-4.885368076876078
18095,Madison County,IN,176652.69679034778,60842.0,0.18025140345159735,1.381897178347777,0.3500943082214578,2.285397265079763,10.617926720325144,10.514601189395746,4.051155819337682,-3.947830288408283
18097,Marion County,IN,229119.19384553665,67368.0,0.21113959445326078,1.2141255340528265,0.6269712850484217,2.0539865617399533,9.865774478968167,12.950032282078435,5.369259808878001,-8.453517611988271
18099,Marshall County,IN,244273.40184039285,68762.0,0.22054110457789575,0.8335903740152748,0.38315162730820296,1.5291069886757285,9.99286555786588,10.216285620497262,5.496101933510148,-5.719521996141529
18101,Martin County,IN,188504.15731867272,69890.0,0.16744329324460736,1.1197780904834556,0.4646771590837646,1.9238512914655703,8.356407278869616,9.307309106219439,4.081623381850735,-5.032525209200555
18103,Miami County,IN,141991.3138701959,63980.0,0.13777785111312874,0.9180125310169156,0.36220405382388,1.6455521174775183,6.683555287846095,6.662981730735399,3.3494445830646966,-3.3288710259540006
18105,Monroe County,IN,304334.9197784558,67457.0,0.2800829219576983,0.8628984037367364,0.4877704505855627,1.569532126069173,11.791367302140065,13.7735713337521,7.216948266303262,-9.199152297915296
18107,Montgomery County,IN,207818.54381094043,72249.0,0.17857239435522607,0.8789072601212866,0.4617905918057663,1.5916134541218558,7.784925386931281,8.779708381750622,4.542527706189587,-5.537310701008926
18109,Morgan County,IN,289675.7505541904,79686.0,0.22567943124563317,0.9445404428427016,0.36504727970398787,1.6821425839984827,11.08223406700305,11.088845566743121,5.464937911203459,-5.471549410943529
18111,Newton County,IN,209280.9101657164,78688.0,0.1651136481573074,0.9698879765350392,0.6286116400364268,1.7171049319227905,6.6145806997203405,9.098353994293635,4.38159981959881,-6.865373114172105
18113,Noble County,IN,234712.61224745985,72859.0,0.19999313378287417,0.9286875072348477,0.40448376898758576,1.6602763205161706,9.440744400290825,9.896297859038746,4.931020167706576,-5.386573626454497
18115,Ohio County,IN,262713.5270056695,70568.0,0.23111944756008698,0.9086278242598065,0.3270398856648551,1.6326076082880956,11.461719166008864,10.959161632554078,5.552453816722832,-5.049896283268046
18117,Orange County,IN,173628.73406299917,59152.0,0.1822275475447637,0.8712991365100262,0.4456229532235203,1.5811194207387005,8.016627780120878,8.861958955036913,4.61466274172613,-5.459993916642166
18119,Owen County,IN,219396.468206123,68262.0,0.19953196911249496,1.0471436819508133,0.5609521849488921,1.8236652341860702,8.922857358866862,11.14076297800067,5.09803720343175,-7.315942822565556
18121,Parke County,IN,194977.07620920983,66511.0,0.18199185047969385,0.9853943866847119,0.5241881889222448,1.7384932260775692,8.069898389898416,9.724012540925612,4.640565757846449,-6.294679908873646
18123,Perry County,IN,177281.65037718663,64109.0,0.1716748387997812,0.7533970540821209,0.3584717748770978,1.418494777375824,7.524485054935062,7.441950683525272,4.310656925684767,-4.228122554274977
18125,Pike County,IN,158919.87975211744,79458.0,0.12416593498193798,0.9310934266097701,0.6790212154509341,1.6635948520658221,4.589680973967937,6.823499768126539,3.378084175360786,-5.611902969519387
18127,Porter County,IN,321005.2225126983,88795.0,0.2244323471244072,0.7291048934140267,0.34395338277584386,1.384988126061348,9.796353630467113,9.491417964172626,5.633794331242744,-5.328858664948258
18129,Posey County,IN,220103.42298826575,81600.0,0.16745514773063985,0.714472323722944,0.39970496414971346,1.3648051371056624,6.834008836559099,7.157773349658506,4.3102069627893425,-4.63397147588875
18131,Pulaski County,IN,174538.74599030733,65929.0,0.16435284554611768,1.0185036802407992,0.38929512169423663,1.7841615208665775,8.234086282080586,8.470933706856584,3.9633001035739697,-4.200147528349969
18133,Putnam County,IN,258098.17248806116,79859.0,0.20064249823056837,0.9979403376823681,0.48133926915229086,1.7557981011453152,9.279003561139648,10.613505849196061,5.025508183427069,-6.360010471483482
18135,Randolph County,IN,137827.46011518492,62925.0,0.13597979861490944,0.8278993682540723,0.5230545806607769,1.5212572733591432,5.383639447042232,6.62739964383241,3.5753356014296043,-4.819095798219782
18137,Ripley County,IN,255926.9112580692,70676.0,0.22480494392305317,0.7703276595426283,0.3709386456656256,1.441847491918557,9.85915803199643,9.918592843319608,5.651191952865639,-5.710626764188817
18139,Rush County,IN,196017.74903454373,66985.0,0.18166852947892292,0.8917848671117172,0.3678782928323463,1.6093757887732951,8.643485748957122,8.67271055068949,4.448583624480482,-4.47780842621285
18141,Saint Joseph County,IN,211955.93172956668,64573.0,0.2037776155451739,1.1271685294412626,0.37738102856167743,1.9340450681577117,10.811466041759761,10.977187309562767,4.803104966617939,-4.968826234420944
18143,Scott County,IN,190152.50445846698,62514.0,0.1888367973325335,0.9823509536106678,0.45030623608017817,1.734295359440499,8.86752753421577,9.791716404436139,4.689351396309988,-5.613540266530358
18145,Shelby County,IN,236522.0108860412,76907.0,0.19092709153566106,0.9862425230941043,0.40754772232288294,1.7396630771799444,9.283510531326135,9.754327772178094,4.662790711693017,-5.133607952544975
18147,Spencer County,IN,214995.20362247984,76789.0,0.1738167495377918,0.8107577854642634,0.36027705443659097,1.4976135536685056,7.915080903401468,7.857349928767613,4.313967437626718,-4.256236462992862
18149,Starke County,IN,201540.95395934742,67134.0,0.18637285172500145,1.0720873905677166,0.3955431754874652,1.8580705783024638,9.537042396989577,9.874364289462738,4.463440116732174,-4.800762009205335
18151,Steuben County,IN,292707.6006811406,77285.0,0.23512599878232882,0.8696546784830337,0.4529713673365794,1.5788511876875297,10.265176158003333,11.455752130479882,5.972605094782538,-7.163181067259086
18153,Sullivan County,IN,145562.61306784808,61119.0,0.14785481361565964,0.5987343921851727,0.3600436146776742,1.2051655493028237,5.666483687177706,5.589925950872951,3.8539233558207315,-3.7773656195159764
18155,Switzerland County,IN,223991.26829221376,63858.0,0.21775976597813848,0.8849929204750941,0.3779129984464009,1.6000075242204121,10.23547106908882,10.395566120728738,5.360106546343803,-5.520201597983721
18157,Tippecanoe County,IN,283549.23499584635,68036.0,0.258732849927041,0.9705429412684397,0.3561092286226828,1.7180083375623787,12.964200032038283,12.844033797668276,6.213967899833449,-6.093801665463441
18159,Tipton County,IN,222113.51205513233,72684.0,0.18971340738575057,1.0682171654473187,0.2911959070560648,1.852732301259532,10.384584279793838,9.616309419365146,4.367945559497794,-3.5996706990691023
18161,Union County,IN,180876.45952132376,67286.0,0.16688572974145063,0.8902984640023175,0.4935849056603774,1.6073255639546842,7.128661839231652,8.363422138615098,4.285667304614996,-5.520427603998442
18163,Vanderburgh County,IN,187431.16089831697,63717.0,0.1826200007732178,0.7943078810489519,0.4539625310909796,1.474923879459153,7.533482697220002,8.471211750460776,4.714046077765962,-5.651775131006738
18165,Vermillion County,IN,128092.07548934902,60160.0,0.13218321170241143,0.7122273754127326,0.3556877591490897,1.3617086360872048,5.630629812730477,5.540900858578843,3.346268597812786,-3.256539643661152
18167,Vigo County,IN,155219.33419367482,57173.0,0.16854532070931996,0.7499310194768039,0.44248770026491746,1.4137140081988444,6.7818991395009975,7.534875347154863,4.374401702799436,-5.1273779104533
18169,Wabash County,IN,173668.4371368817,68224.0,0.1580321985934149,0.8200912209446409,0.41476059141903243,1.510487343385282,6.8974698528991185,7.347410665650785,3.9974065806387307,-4.447347393390398
18171,Warren County,IN,223429.51890683404,81984.0,0.16918946280268635,1.1734406945546594,0.41919401744910667,1.997869168582703,8.909501573963514,9.442079501377158,4.020970770391516,-4.5535486978051605
18173,Warrick County,IN,272812.3473777046,82097.0,0.20629970164588435,0.7117534044324088,0.23526579497750566,1.3610548786636527,9.836702830562674,8.222579903444679,4.976217624208294,-3.3620946970902983
18175,Washington County,IN,204893.82729918347,66805.0,0.1904065005986139,0.8492834819450876,0.535817738746609,1.550752798722396,7.576203903476173,9.455243809074336,5.007231311963642,-6.886271217561804
18177,Wayne County,IN,152560.71968804402,53395.0,0.17737973541553306,0.7893898774379926,0.27589667614518865,1.4681403810949174,8.56838916273478,7.630697048438247,4.277067625262961,-3.339375510966428
18179,Wells County,IN,227714.51936887446,76864.0,0.18392027435793967,0.8599299587482891,0.3728901352099594,1.5654376919620927,8.549561523554004,8.628983394600757,4.541001418312515,-4.620423289359267
18181,White County,IN,206283.51839985058,68828.0,0.18606352521697142,0.8382686169761782,0.36644828270796115,1.5355597804959835,8.57913145347265,8.587599822251104,4.602685985155383,-4.611154353933838
18183,Whitley County,IN,260146.84887902497,78506.0,0.20572050634223307,0.9330022469810495,0.3983470485554488,1.6662277252579716,9.782699816743506,10.179292370156679,5.056304193467266,-5.45289674688044
19001,Adair County,IA,181445.08372111642,73642.0,0.15296127518616662,0.8641518000312243,0.4290815237429897,1.5712609600404313,6.7946904566515265,7.358075643598284,3.8550851007928033,-4.418470287739561
19005,Allamakee County,IA,231741.62222415055,71728.0,0.20057517789743254,0.6687720016694991,0.5019683390568723,1.3017697909738026,6.969433656221311,8.58050401464746,5.425176850361849,-7.036247208787998
19007,Appanoose County,IA,121175.7370495678,57459.0,0.13092406210054,0.6920978660312471,0.4008240284753035,1.333943610933935,5.234394078276723,5.495148652633228,3.388965527043885,-3.6497201014003915
19009,Audubon County,IA,143858.80131622695,68732.0,0.12993894032134906,0.7694238214316362,0.3490617884902254,1.4406008103720485,5.8114142722547335,5.678744907168117,3.239318297485676,-3.1066489323990605
19011,Benton County,IA,252006.2664310505,85848.0,0.18223971314045698,0.5794936814729887,0.31816297388180015,1.1786264615006172,7.19768266486035,6.635391524560161,4.69458500225222,-4.13229386195203
19013,Black Hawk County,IA,179655.53958644773,70553.0,0.15808366375974878,0.42047659121719216,0.4016688189132811,0.9592910854077972,4.499125808206328,4.803509378071827,4.404745647543071,-4.70912921740857
19015,Boone County,IA,215691.02205649935,80986.0,0.16534230359396496,0.704136364985132,0.3960696431649715,1.3505485474938723,6.713996226193476,6.997323485576874,4.260021276876581,-4.543348536259979
19017,Bremer County,IA,243924.44723393186,83565.0,0.1812144297778821,0.4557384131370461,0.2798070296347346,1.0079284045793906,6.571255203560041,5.541269033871246,4.7551045727857355,-3.7251184030969413
19019,Buchanan County,IA,204159.64700335334,81191.0,0.1561075401683737,0.5699367676563123,0.45378527431600046,1.165444423753005,5.130372224671771,5.938047756484394,4.252094224923103,-5.059769756735726
19021,Buena Vista County,IA,185139.54709922257,77083.0,0.1491085177997081,0.7168781818992669,0.4826219922678925,1.3681235842428912,5.575546427020063,6.596855133261052,3.958532193712267,-4.979840899953256
19023,Butler County,IA,180911.41557166868,77322.0,0.14525288189311414,0.5453213054580817,0.40721058474530003,1.1314918363282036,4.935695145555755,5.273253631134891,3.91169000615803,-4.249248491737168
19025,Calhoun County,IA,144020.1939400227,62385.0,0.1433194315070774,0.6894753086515,0.2678331910742593,1.3303262663561508,6.534531482911857,5.684296411685868,3.5213321009837135,-2.671097029757725
19027,Carroll County,IA,190664.07744123778,81338.0,0.14552488064545827,0.5064179448245447,0.3886128894579599,1.0778316717376843,4.82707441580124,4.995781058229177,3.932659695713131,-4.1013663381410685
19031,Cedar County,IA,233687.09861216682,84970.0,0.17073831186209493,0.6496641931712024,0.4133399866932801,1.2754140177890352,6.468671794175744,6.934256063153771,4.486450661196734,-4.9520349301747615
19033,Cerro Gordo County,IA,190052.68279799097,73937.0,0.15957837719731968,0.734216056274436,0.47261392606755903,1.3920380527481973,6.1336904704836614,7.130912003238448,4.203835725413784,-5.201057258168571
19035,Cherokee County,IA,152514.13627003357,82715.0,0.11446894766717607,0.6909405304973248,0.5642315474952249,1.3323472754445218,3.7698245021511743,5.111836644503599,3.150968215057949,-4.492980357410374
19037,Chickasaw County,IA,198009.52152772344,82840.0,0.14839109820453955,0.7253149646754711,0.4392188884449,1.379760603385019,5.864792357206894,6.4993367736627405,3.8680647870193186,-4.502609203475165
19039,Clarke County,IA,187140.66049763712,68642.0,0.16925444920940255,0.7791763416502246,0.3888394302363225,1.4540526518474257,7.346707780643399,7.5700497641999265,4.276094521058876,-4.499436504615403
19041,Clay County,IA,181088.3126808396,61530.0,0.18271128495211453,0.5583544849319166,0.1701277955271565,1.1494687551422778,8.324691610866031,6.101115850249351,4.449810406857648,-2.226234646240969
19043,Clayton County,IA,233967.83524777365,77983.0,0.18625935007432792,0.5170090414842339,0.6046545125313798,1.0924401780645927,4.3420424626823,7.042309724281641,5.446114293188534,-8.146381554787876
19045,Clinton County,IA,169486.6846936673,70546.0,0.14915061738316243,0.5042418146170975,0.33243932382661256,1.074830092871478,5.33672814574226,4.990942631396599,3.943662557905976,-3.597877043560315
19047,Crawford County,IA,168210.7172614524,70773.0,0.1475529586595982,0.8229585776289388,0.3653779372612571,1.5144423444215285,6.742960455748344,6.739036989841346,3.6600591468494144,-3.656135680942416
19049,Dallas County,IA,355532.1300173846,99683.0,0.22142141396694015,0.49212554806324116,0.2248927882429559,1.0581178899431265,8.964203706343444,6.969281967777609,5.619197984918618,-3.624276246352784
19051,Davis County,IA,219757.11589491976,70676.0,0.19303357303301846,0.7846104681330996,0.4177448797416301,1.4615480485619559,8.185460988189325,8.7675008435119,4.925372073761288,-5.5074119290838635
19053,Decatur County,IA,151215.1403913653,56186.0,0.16708175446203874,0.1538626300931012,0.42517248376623384,0.5915452453809125,1.7465952027409692,2.3084130374094713,5.178441339473761,-5.740259174142264
19055,Delaware County,IA,233662.7161139416,79407.0,0.18268062838330135,0.49243242036621804,0.3399763752953089,1.0585411648997844,6.376742400750135,6.035561328387533,4.8611328640635705,-4.5199517917009695
19057,Des Moines County,IA,143889.2407248568,65796.0,0.13576589714949175,0.3747488447094969,0.31263840399002496,0.8962179121909524,4.178327552945269,3.6644772713117653,3.702318066221462,-3.1884677845879583
19059,Dickinson County,IA,380978.74809757754,86022.0,0.27494959200425656,0.6542581500438831,0.5126342998821853,1.2817505521628103,9.26780535093793,11.655255075587132,7.493083557036768,-9.88053328168597
19061,Dubuque County,IA,253790.89316731354,80355.0,0.1960762505440578,0.5805998665527374,0.38873526666897096,1.1801522441702952,7.117763173664374,7.3553573105775145,5.193248355927579,-5.430842492840719
19063,Emmet County,IA,138625.39439482917,64393.0,0.13364908835431077,0.4717301072561917,0.3970537186496572,1.0299860603844482,4.1670645978127405,4.389320672951314,3.6601277225697606,-3.882383797708335
19065,Fayette County,IA,141552.36302034595,63625.0,0.13811829010878401,0.6661205325582418,0.33623858027932374,1.298112567880482,5.780934856037867,5.520880251525957,3.5073981360745057,-3.247343531562596
19067,Floyd County,IA,147752.28428569355,71848.0,0.12766780316277584,0.3744146434974158,0.4629716356824336,0.8957569419365947,2.9145481716741015,3.6571579758075075,3.697835633538997,-4.440445437672403
19069,Franklin County,IA,144730.06061161336,71711.0,0.1252953143612087,0.5972626504254455,0.3536762623879188,1.2031355471699587,4.830990460869837,4.717550820128817,3.2588926295413043,-3.1454529888002845
19071,Fremont County,IA,163004.17189776033,70478.0,0.1435843191910817,0.7442006572455717,0.2716840186932752,1.4058100077350355,6.768726852490841,5.963585938918575,3.4900681962847964,-2.684927282712531
19073,Greene County,IA,160528.27855739067,69469.0,0.14345720529688677,1.065870617297262,0.3620838398494177,1.849495661599073,7.488340689524427,7.478158821639981,3.3959751020421907,-3.385793234157745
19075,Grundy County,IA,204168.29412485333,84203.0,0.15052984002550282,0.6215683625113593,0.34890985694375476,1.2366608902195142,5.974666146568142,5.798674235479847,3.8838869838642087,-3.707895072775914
19077,Guthrie County,IA,255087.08980874822,75047.0,0.21101678790414813,0.7574432376507585,0.37149801714212605,1.4240757573405576,9.162732356176754,9.223717242788183,5.3207265767777,-5.381711463389131
19081,Hancock County,IA,174036.63566465888,67667.0,0.15967084422256284,0.7864506484137337,0.19245409368061184,1.4640862451374446,8.240075994269462,6.615061161251948,3.7230195158952735,-2.098004682877759
19085,Harrison County,IA,203685.10800144312,84402.0,0.14981952114423247,0.5231431212057134,0.4744252672769198,1.1009010339419691,4.467525973563595,5.435040612559544,4.166111607669927,-5.133626246665877
19087,Henry County,IA,180953.59499180666,69313.0,0.16207438566184487,0.573774027992977,0.37961027845783324,1.1707372318263674,5.906814195095003,6.012419005589756,4.284986879019813,-4.390591689514566
19089,Howard County,IA,182561.42856369598,71163.0,0.15926364172175075,0.7734718170947701,0.4063278131299157,1.4461842897940858,6.770190211442541,7.143398503657718,4.055831933669027,-4.4290402258842025
19091,Humboldt County,IA,150960.72297049328,75434.0,0.12423921379407314,0.619524333403328,0.43133087928351865,1.2338415209779217,4.463310859305814,4.9361437937089,3.3120836165614134,-3.7849165509644997
19093,Ida County,IA,168031.39709420965,72456.0,0.1439719703942876,0.493677174780337,0.34666567541446724,1.060258078956788,4.986623056874725,4.777718268468042,3.8400638586321922,-3.6311590702255088
19095,Iowa County,IA,214051.05330635715,78465.0,0.16935704018191758,0.5837356531482367,0.24182954815225122,1.184477495821953,7.308112198740256,6.000266549084678,4.22385556930881,-2.916009919653232
19097,Jackson County,IA,221122.75979525398,71135.0,0.1929798546948125,0.7574876359072025,0.42395307870926424,1.4241369967221824,7.962229338820725,8.613743481646702,4.965078891053165,-5.616593033879141
19099,Jasper County,IA,213143.58381274165,74790.0,0.1769255667095453,0.8411640300620828,0.39105365944387604,1.539553480274539,8.001366509686946,8.262376835459408,4.415676566978781,-4.676686892751241
19101,Jefferson County,IA,172513.37435832704,63788.0,0.16789804888966828,0.5223105618652317,0.46655937464076325,1.0997526685947578,5.063068627794445,6.066009811551256,4.655916260911614,-5.658857444668424
19103,Johnson County,IA,294837.7831489802,77124.0,0.2373315392898084,0.4462043060749705,0.3364988042837833,0.9947778246335137,7.831968615877896,7.321776150493745,6.392116771696704,-5.881924306312554
19105,Jones County,IA,219512.33687316065,76093.0,0.1790919607668247,0.383886677148207,0.36394271272114564,0.9088219028148135,5.11223610704668,5.023144791419047,4.972496605555519,-4.883405289927886
19107,Keokuk County,IA,132158.76439442998,56316.0,0.1456887557255499,0.3805773750427375,0.12510488672233988,0.9042573178337887,5.961050911874303,3.669067720368419,3.658842269199982,-1.3668590776940979
19109,Kossuth County,IA,165131.71316621042,73860.0,0.13879794880518892,0.5070725681677435,0.4086548547670361,1.0787346064911043,4.47414955159592,4.807154886268744,3.7798488002376653,-4.1128541349104895
19111,Lee County,IA,123756.15684453868,63479.0,0.1210315520325186,0.3699128064112045,0.3973540547679846,0.8895474701821797,3.152656067541014,3.349059859223132,3.4212837283496307,-3.617687520031749
19113,Linn County,IA,228898.3174046974,75639.0,0.18787054124197788,0.5101470690068648,0.3009356403288501,1.0829753255028884,7.053478604739663,6.253716808620989,4.896190507669016,-4.096428711550342
19115,Louisa County,IA,161079.06430445093,72753.0,0.13745168135474273,0.6467133973513057,0.367614715115514,1.2713439275245921,5.468969196153596,5.466187670509838,3.5506104878543456,-3.547828962210587
19117,Lucas County,IA,177768.68482709234,61457.0,0.17957495560087683,1.0976128428031706,0.3094624251592697,1.8932783327456901,9.83015246289452,9.291906397821139,4.143909348725298,-3.605663283651918
19119,Lyon County,IA,225707.51131717532,85185.0,0.16449198796193862,0.8389170946642239,0.3298312440482696,1.536454238427308,7.825089530850739,7.482976777891272,4.010895216012219,-3.668782463052753
19121,Madison County,IA,326001.3096573809,90539.0,0.22353499162117904,1.0178848003737233,0.3866358317762735,1.7833078877873723,11.217051398009993,11.505535797088829,5.385616000264477,-5.6741003993433115
19123,Mahaska County,IA,181993.5289687979,72199.0,0.15649001377432348,0.739115234598734,0.43436972285685904,1.3987955850271314,6.291616401054561,6.915875829400139,4.058904248504026,-4.683163676849603
19125,Marion County,IA,258582.45893088644,81672.0,0.19655664697416061,0.8526088819815718,0.4225845221299054,1.55533958789385,8.71314867990081,9.363023693061184,4.953265251232313,-5.603140264392688
19127,Marshall County,IA,183340.37672101273,68660.0,0.16577391156950097,0.7849243016612868,0.271952575027788,1.4619809252724072,8.01288314111625,7.09708399116247,3.9946408066698202,-3.0788416567160395
19129,Mills County,IA,264782.98554816697,88809.0,0.18509511610611823,0.7038103390225039,0.42078487209432547,1.3500988535206395,7.319329526647589,7.908300888644633,4.814891153210416,-5.40386251520746
19131,Mitchell County,IA,196493.59276962213,84344.0,0.1446292269405046,0.7936407342150904,0.3747555091928543,1.4740036708106432,6.426159092094574,6.498811774769264,3.62285862143502,-3.6955113041097096
19133,Monona County,IA,158751.69758470939,68168.0,0.1445771603783001,0.7834888622078702,0.5495896887999818,1.4600009956191404,5.3505946440921495,6.903299216518272,3.8752141105192424,-5.427918682945364
19135,Monroe County,IA,164635.95970735067,69366.0,0.14734653006182907,1.3095692053593067,0.4396961457836077,2.1856338803269764,8.075562872359049,8.706058046359892,3.4573873110799926,-4.087882485080836
19137,Montgomery County,IA,137747.46048707733,63117.0,0.13548746510105553,0.598307429759378,0.46070354084702614,1.2045766316959896,4.571647816047046,5.3285348404598984,3.672675809719368,-4.429562834132219
19139,Muscatine County,IA,188932.17461062144,71330.0,0.16443549277672614,0.5307352700499997,0.3357427763525027,1.1113730330172604,6.040673129415939,5.698967809375131,4.3217688878177,-3.9800635677768925
19141,O Brien County,IA,167494.56507157753,69967.0,0.14861728780035527,0.6214574100842367,0.29792049270039134,1.2365078513713486,6.236969278862417,5.605773692926524,3.7570727349024255,-3.1258771489665307
19143,Osceola County,IA,155821.0003684838,73397.0,0.13179821968978536,0.844088532328376,0.34883763668106216,1.5435873033273304,6.190700780466926,6.062552398600314,3.2342680870114204,-3.1061197051448093
19145,Page County,IA,142089.1789275249,64193.0,0.13741533374451576,0.648897457919577,0.3695967569874119,1.2743564448922573,5.466507009103316,5.480311409011616,3.5505417652872477,-3.564346165195547
19147,Palo Alto County,IA,153887.5964082741,67377.0,0.14179268007957496,0.5303979163524217,0.3752653494448073,1.1109077144781305,4.941414624747803,4.9914839493547705,3.7862563247585475,-3.8363256493655147
19149,Plymouth County,IA,267241.0120138364,88903.0,0.18661586243351277,0.6901007723332764,0.4355633063669686,1.3311889806194674,7.169644289147797,7.927362843508292,4.897692900652106,-5.655411455012601
19153,Polk County,IA,275869.7009377442,82960.0,0.2064415568204931,0.692168062398318,0.3726917731153616,1.3340404341530432,8.502950991246722,8.568288065938038,5.28556520750021,-5.350902282191527
19155,Pottawattamie County,IA,230162.03501290316,73799.0,0.19361770881501764,0.8137535677923593,0.39435448825741126,1.5017456947016994,8.570437379295939,8.891154844458018,4.8659848491542785,-5.186702314316358
19157,Poweshiek County,IA,198241.40990073013,72929.0,0.16875474149002345,0.5265580134137005,0.3796371616125309,1.105611261412176,5.818337590860738,5.922838970672546,4.518797580802041,-4.623298960613849
19159,Ringgold County,IA,170280.58713337913,62608.0,0.1688484869344481,0.6805063646055123,0.3649008066274253,1.3179552267885306,6.942403155618476,6.9159891396102005,4.321743668322226,-4.29532965231395
19161,Sac County,IA,155511.6268443095,73294.0,0.13172139019603943,0.779344460756255,0.3959166571439454,1.4542845418115187,5.680257799462621,5.908738590308477,3.336802468973358,-3.5652832598192163
19163,Scott County,IA,236021.98479643106,78991.0,0.18549692348660599,0.4765861416765238,0.3581671251719394,1.0366840834346114,6.17979044049697,6.039517908573072,4.994986573515438,-4.85471404159154
19165,Shelby County,IA,195664.0174990685,78108.0,0.1555168008380773,0.7035416990925816,0.43018273702713583,1.3497283132223084,6.086013665067921,6.66770727509993,4.060285282969468,-4.641978893001477
19167,Sioux County,IA,288152.2080252922,81746.0,0.21883526320676622,0.6646193861755563,0.30013518886679913,1.2960420073772867,9.491966177356776,8.606660183162035,5.4794115200474875,-4.594105525852746
19169,Story County,IA,279692.17779716715,69868.0,0.24852144711311336,0.4790773036386926,0.351255173480834,1.0401201917485134,8.391551237908077,8.097383833763729,6.668737622800529,-6.374570218656183
19171,Tama County,IA,159684.81847953936,73493.0,0.1348899265040813,0.5913594997767866,0.2408908249755175,1.1949932162697174,5.863289256891652,4.8164088005097625,3.3564022672853677,-2.3095218109034787
19173,Taylor County,IA,125307.39418719527,63373.0,0.12275361680618106,0.7982265548462073,0.3638574441527138,1.4803289827076367,5.525513767499001,5.5093225596630075,3.0589396626715066,-3.042748454835512
19175,Union County,IA,143556.09711999146,63997.0,0.13925919855908192,0.6188545713329692,0.421839591201955,1.232917705082671,5.058408012563026,5.50857525922963,3.6995874843057712,-4.149754730972376
19177,Van Buren County,IA,176083.071570384,60881.0,0.17955507840114485,1.2029718316326465,0.394657870020388,2.038602042307342,9.714287051487247,10.03679928132096,4.209312880002417,-4.531825109836132
19179,Wapello County,IA,129800.261272574,67370.0,0.1196109346809854,0.4586120563921281,0.5058786713755643,1.0118920768054145,3.008349060188013,4.020501400106451,3.42985362061179,-4.442005960530228
19181,Warren County,IA,311690.79268249916,101640.0,0.1903799383703189,0.6831580360688525,0.5007087172218285,1.3216127289900284,6.731684971264159,8.244469085805017,5.129115473898213,-6.64189958843907
19183,Washington County,IA,218112.12608122898,77916.0,0.17378609594666095,0.6839442886200398,0.4094025288063239,1.3226972224790066,6.833345204278417,7.267849723199856,4.522061680140474,-4.956566199061913
19185,Wayne County,IA,131205.15263080606,62202.0,0.13095087560945498,0.8601169074347761,0.40154570649602306,1.5656955539340025,5.941719843917935,6.215388657951207,3.268754302671145,-3.5424231167044176
19187,Webster County,IA,135472.5551850585,66298.0,0.12685651016361996,0.5270971496482035,0.47584702373002097,1.106354902542635,3.7972721994894614,4.627324829586456,3.5255731301694238,-4.3556257602664195
19189,Winnebago County,IA,145571.03146298602,71443.0,0.1264961015014467,0.4355126997257939,0.47585109899190225,0.9800306833302694,3.220998159894946,4.0556907856299755,3.6112812390339184,-4.4459738647689475
19191,Winneshiek County,IA,289224.84095881,79996.0,0.224454948196262,0.6233765604760693,0.3536618383646948,1.239154972962457,8.876264396801925,8.67861809602319,5.79955986980919,-5.601913569030455
19193,Woodbury County,IA,199683.5698063272,76974.0,0.16104978204141365,0.8249474552035612,0.5160121321936424,1.5171856420767096,6.405517847276496,7.812992757532372,4.226251555591301,-5.633726465847178
19195,Worth County,IA,174375.33733332917,74047.0,0.14619733557525633,0.6516160750771123,0.45873800752546257,1.2781062865963242,5.258291062179465,6.055288881978356,3.9070138235289833,-4.704011643327874
19197,Wright County,IA,125832.54176566744,69241.0,0.11282140468742112,0.6177893687907177,0.38809590633895996,1.2314484504268104,4.263966691791714,4.398683434561018,2.959023578554472,-3.0937403213237764
20001,Allen County,KS,112229.08329579707,59080.0,0.11793067755687821,0.6447038878532787,0.4200557638688587,1.268572171854791,4.410973393458104,4.780003013959946,3.1106625756148976,-3.4796921961167397
20003,Anderson County,KS,176703.57548163916,66145.0,0.1658479781060601,1.2759296211968731,0.3993906954111748,2.139234145355065,9.191716993178597,9.53560479601053,3.852821760218974,-4.196709563050909
20005,Atchison County,KS,167340.91605463767,65578.0,0.1584184790856921,1.034056060411558,0.42220776404250704,1.8056132223686272,7.811375670729354,8.334599336568994,3.8571980732543683,-4.3804217390940074
20011,Bourbon County,KS,129979.45971665891,57131.0,0.14124229523437118,0.8751099393522503,0.44237420788204695,1.5863757354736157,6.247406333599524,6.8760707616578305,3.569685232156332,-4.198349660214639
20013,Brown County,KS,138063.90821252222,62180.0,0.13784509277921345,0.9073627860632958,0.3262520262776214,1.6308627164141645,6.835559320546282,6.529421945405606,3.311397019437128,-3.005259644296451
20015,Butler County,KS,232793.8728730325,83150.0,0.17380855812643203,0.7174695346321713,0.35262635628649974,1.3689392486086924,7.456665616206462,7.307913005169896,4.38948079109355,-4.2407281800569825
20021,Cherokee County,KS,121820.31617580006,57750.0,0.13095726566613675,0.6783658382400137,0.44947542794036455,1.3150027569963982,4.896196863262273,5.5367151925536024,3.464858836198732,-4.1053771654900615
20031,Coffey County,KS,177149.6281590336,72961.0,0.15073403749450587,0.8538617968472644,0.2764345696291113,1.5570677578209744,7.549076883676998,6.771626557670327,3.5876549602357217,-2.8102046342290508
20035,Cowley County,KS,117655.79068443323,60819.0,0.12009803356642441,0.7726813755469824,0.27100792041963606,1.445094018340341,5.766871561595962,5.094356555642193,2.900434298775822,-2.2279192928220533
20037,Crawford County,KS,137211.06860252682,55652.0,0.15306300488452151,0.598539425134794,0.4591887569154933,1.2048966274451054,5.176672956389737,6.017671839487174,4.14645609654328,-4.987454979640717
20041,Dickinson County,KS,157622.12085297922,68772.0,0.1422877058278601,0.46960635909932025,0.44570107210426735,1.0270567331029308,4.080781850980319,4.749033406437959,3.974037665544635,-4.642289221002274
20043,Doniphan County,KS,140174.2339721161,70442.0,0.1235373776444404,0.9003378700003171,0.4987659574468084,1.6211731125846938,5.289968675833144,6.240153544211789,3.1721823287230113,-4.122367197101656
20045,Douglas County,KS,317376.73772078234,73332.0,0.26868500325966543,0.8064709108938095,0.3982115278280931,1.4917005839074529,11.791308815136661,12.296100119197478,6.772949439977623,-7.277740744038439
20055,Finney County,KS,233681.62178157302,70195.0,0.20667133484332847,0.6387167629792707,0.31833975021128746,1.2603140136666187,8.612921799328735,7.99482511974751,5.24551383847766,-4.627417158896435
20059,Franklin County,KS,230930.70323072278,72458.0,0.19785963360550432,1.1311272136313621,0.4073887032864578,1.9395053585219193,10.312756844172249,10.804637688239152,4.713394559041765,-5.2052754031086685
20061,Geary County,KS,192823.31855583997,62304.0,0.19213455902052543,0.2715447433999496,0.36661548585216064,0.7538664810420241,4.242301223914049,4.153180965646424,5.550269036607105,-5.4611487783394805
20079,Harvey County,KS,178493.6715307303,77273.0,0.14340256329496867,0.6767894059167818,0.3930593113394627,1.3128283531260663,5.702854604548628,5.92114853067741,3.714262070659526,-3.9325559967883086
20087,Jefferson County,KS,264705.64006736764,89065.0,0.1845091837032134,1.0996698988206117,0.5075321597833446,1.8961156702576751,8.846553079786549,10.33730098193676,4.583399908514804,-6.074147810665016
20091,Johnson County,KS,436041.95722348266,109357.0,0.2475389574429142,0.7656100472047411,0.31744310720782587,1.4353403971482646,11.362811129160946,10.649285130747634,6.099645146866111,-5.386119148452799
20095,Kingman County,KS,162540.6027696875,67768.0,0.14890149633231767,0.8301714354353233,0.2808891073014912,1.5243911799656993,7.334810895455389,6.600178109338663,3.5673310818630743,-2.8326982957463485
20103,Leavenworth County,KS,325333.586077432,91056.0,0.22181054908096787,0.9372118825641156,0.48142845521841693,1.672034157776265,9.883440443855303,11.365058285105594,5.619101276540783,-7.1007191177910745
20107,Linn County,KS,160940.50415061487,67904.0,0.14714037697460836,1.1410626702943487,0.47409095842830773,1.953209527805388,7.36954360464968,8.28152720300175,3.586567927912401,-4.498551526264471
20111,Lyon County,KS,178332.09689025892,58892.0,0.1879901427227904,0.7569163748973589,0.48860017188210914,1.4233490452621247,7.251269661720121,8.60121685527994,4.956426033454705,-6.306373227014522
20113,McPherson County,KS,211864.82426472078,78212.0,0.16816953772959528,0.5243523543334727,0.2747245583154052,1.1025689527954357,6.6213385747301245,5.638266660094341,4.318909896360379,-3.3358379817245956
20115,Marion County,KS,135158.81105810663,69222.0,0.12121659616768014,0.8491545264099132,0.3520978201421987,1.5505749278359322,5.695787016254463,5.601318440575825,2.975318226953683,-2.8808496512750463
20121,Miami County,KS,354316.09659514436,92421.0,0.23800280983892932,1.0307091781991287,0.48169939879759527,1.8009968024126297,11.210169494057345,12.795129031509148,5.927141272188175,-7.512100809639979
20125,Montgomery County,KS,95818.14381361358,57413.0,0.10360945223018722,0.3284691960943307,0.32627226316154223,0.8323834896259166,2.861732123128186,2.550832295298858,2.8852638522394525,-2.5743640244101256
20139,Osage County,KS,191145.60006837928,73436.0,0.16159099577494274,1.0526287520509805,0.5184021172773137,1.8312308984261874,7.492900354604604,8.901395093144734,4.062440805632397,-5.470935544172527
20143,Ottawa County,KS,164493.0160169266,67597.0,0.15107127908687443,0.8419677187042414,0.3438233072243648,1.5406620237040891,7.116568597962549,6.925470860973869,3.7015768029090093,-3.5104790659203284
20149,Pottawatomie County,KS,299166.7965360467,97918.0,0.1896761481270647,0.5659923189974465,0.6157819177901356,1.1600037687348594,4.778968717922072,7.636524947567574,5.49259398118621,-8.35015021083171
20155,Reno County,KS,144202.9179998461,61984.0,0.14442963522021146,0.6332628387266579,0.31383271864004403,1.2527913095019003,6.019796249793163,5.5475660809659475,3.6640292756096344,-3.191799106782419
20161,Riley County,KS,249542.42603640698,64086.0,0.24173698007165356,0.4009449458963166,0.3725851360034269,0.9323507058217131,7.002664577826676,7.019674920856996,6.698742430894278,-6.7157527739245975
20167,Russell County,KS,105949.8372530645,63325.0,0.10386924151986436,0.5769014462712025,0.4856304985337243,1.1750509408946859,3.292317301169348,4.0310286146726675,2.8583707433131003,-3.5970820568164195
20169,Saline County,KS,170358.8126938907,69558.0,0.15204753481065808,0.5742654600943993,0.4783218566692171,1.171415073715035,4.853199939590866,5.867085655502763,4.175560548005404,-5.189446263917301
20173,Sedgwick County,KS,218402.80558104962,71044.0,0.1908502232018189,0.8229049430802102,0.39315619178350825,1.514368365241693,8.510431348054365,8.813920423399317,4.78506125978994,-5.088550335134892
20177,Shawnee County,KS,200751.02038301845,71876.0,0.17339466309237955,0.7783284170149656,0.40065476654454746,1.4528830928492473,7.438217364200941,7.7870925146124605,4.401449424799117,-4.750324575210636
20191,Sumner County,KS,144597.33083275388,73082.0,0.12283205482584195,0.6743154591643883,0.4204194281938154,1.3094159900869933,4.728350149958668,5.115978579212081,3.2171479628115507,-3.604776392064963
20205,Wilson County,KS,107463.09439967247,58848.0,0.11336774265768218,0.4909464996392059,0.41935795084537286,1.0564916054406157,3.512312134005831,3.8589639482551825,3.1145716397707415,-3.4612234540200935
20209,Wyandotte County,KS,204939.5389106122,64054.0,0.19862840908755108,1.7222142823720357,0.5343745508551718,2.7548032885575373,11.746027521764853,13.580359358693576,4.578401845643302,-6.412733682572025
21003,Allen County,KY,212660.2796855095,64655.0,0.20419548236495857,1.0542713427915062,0.5289568898242958,1.8334965558926912,9.401144526647737,11.302013637408434,5.151552941670899,-7.052422052431597
21005,Anderson County,KY,240161.39199858924,76395.0,0.19516418472428332,0.9115159801461343,0.37591628694414925,1.6365912980696362,9.33169319525245,9.455370081841227,4.775536274162815,-4.899213160751594
21007,Ballard County,KY,143483.57402478767,61431.0,0.1450028257906128,0.52013809113218,0.3850784632034632,1.0967561373130064,4.921663132948755,5.059416203956034,3.898071453339947,-4.035824524347227
21009,Barren County,KY,209618.5356111373,58256.0,0.22338339439771385,0.9111790296692306,0.4557812929504961,1.6361265357006518,10.0021574577657,11.167763583851078,5.633736813281697,-6.799342939367077
21011,Bath County,KY,165003.24287532395,53078.0,0.19299221667309002,0.9598638843505056,0.5103434538883989,1.7032785059345716,8.516591225654171,10.122019916420584,4.91981365985436,-6.525242350620775
21013,Bell County,KY,115533.51432902383,39209.0,0.18292964130989234,0.08053530502958384,0.6358895193591456,0.49040343480687154,-1.7856720295452626,1.5299699680929646,6.363173593647649,-9.678815591285876
21015,Boone County,KY,330712.64631228655,103122.0,0.19909545224151634,0.7215318380799287,0.49877914074763097,1.3745424630373035,7.342909104466752,8.896643254075178,5.311760816231398,-6.865494965839823
21017,Bourbon County,KY,260397.5998893314,66264.0,0.24396144298071928,0.795113356566965,0.42902738839767096,1.4760348875614442,10.316068710937731,11.213033018346257,6.23743941776454,-7.134403725173066
21019,Boyd County,KY,137795.88866027122,61094.0,0.1400230599745527,0.6226334321523066,0.40750126710593015,1.238129961562012,5.196622783211236,5.528176669188891,3.695787402632135,-4.027341288609791
21021,Boyle County,KY,228573.03772814697,63052.0,0.22505465384803897,0.9098738376093412,0.5584171630539558,1.6343262588192884,9.19166137105396,11.692219224136613,5.89406641276749,-8.394624265850144
21023,Bracken County,KY,186124.28457246252,66635.0,0.1734053546871504,1.0095186807427132,0.4858627302323506,1.7717683357005276,8.044789123909526,9.241776932138109,4.341388057427029,-5.538375865655611
21027,Breckinridge County,KY,172052.70755205853,58822.0,0.1815865131825666,0.739777416192809,0.3890476302925827,1.3997089450234976,7.647696798025576,7.886222000073413,4.6280472086735465,-4.866572410721384
21029,Bullitt County,KY,283294.0295453933,85779.0,0.20503042297944343,0.8019333029283211,0.5665966578394668,1.4854417726811167,7.579787409195903,9.981099566554324,5.507202340655438,-7.908514498013858
21033,Caldwell County,KY,159141.7734424722,51984.0,0.1900537154556584,0.8259406907552613,0.3208995045102274,1.5185556312579385,9.03767992660726,8.541221784497042,4.630197928994407,-4.13373978688419
21035,Calloway County,KY,228941.50299051675,56410.0,0.25195924291558836,1.3911226642421877,0.3899223851176543,2.298122157825784,14.57764591655355,14.976962736212545,5.740336184555561,-6.13965300421456
21037,Campbell County,KY,280904.6832371676,76744.0,0.2272356218724889,0.7346779221932087,0.48458234998258987,1.3926751134241009,8.624280942314588,10.204956042739154,6.012363348601356,-7.593038449025921
21039,Carlisle County,KY,131365.81278743324,61317.0,0.13300357780772262,0.9644276963061225,0.42121731874652335,1.7095734608359092,6.324094137517101,6.7549932376200195,3.278012063831565,-3.708911163934483
21041,Carroll County,KY,181674.51343843088,65791.0,0.17143100967011587,0.9670706090223697,0.4148906428095227,1.7132188819265988,8.203308711939197,8.697004454919275,4.213005836225493,-4.706701579205571
21043,Carter County,KY,155134.24513430832,53796.0,0.17902742152897033,0.7292315681194923,0.44597355123105054,1.3851628509548806,7.049440611144972,7.886476667621936,4.674427523051425,-5.511463579528389
21045,Casey County,KY,151771.0976739939,48938.0,0.19253279846893256,1.0917811067828267,0.4575291875148917,1.8852345054360686,9.527132014068176,10.544658983030804,4.702763932892112,-5.7202909018547405
21047,Christian County,KY,190862.23082196864,56457.0,0.20987662099480564,0.9790295845442827,0.4170933734939759,1.7297141302647754,10.092207313004543,10.723289883441307,5.150769479009629,-5.781852049446391
21049,Clark County,KY,231350.65977789837,63815.0,0.2250659695047786,1.00183878015065,0.16425235349923373,1.7611752989268963,13.016667615300841,10.470303940640749,4.979365792344877,-2.4330021176847842
21051,Clay County,KY,128276.15252718925,39016.0,0.2041103594878314,1.021529632185334,0.6255989333777758,1.7883352754405397,8.511405886456773,11.530764010816577,5.359195023938951,-8.378553148298755
21053,Clinton County,KY,155159.9317480889,42798.0,0.22507018624349098,0.9167104419011394,0.4667900472959079,1.6437561205475295,10.019833949515403,11.336119021802133,5.693391228828574,-7.009676301115304
21055,Crittenden County,KY,135880.02954198563,57359.0,0.14706723461871163,0.39314451224749236,0.42676981244714196,0.9215914154504723,3.787071705159448,4.302795736277436,4.174409501624584,-4.690133532742572
21059,Daviess County,KY,205742.0833355966,68015.0,0.18779338732288295,0.8263677603914772,0.3959239799688039,1.5191446967421989,8.373215853257458,8.702333955630907,4.710020674302849,-5.0391387766763
21061,Edmonson County,KY,184993.44782612871,57647.0,0.19922392878324913,0.9695438941085712,0.4906265353088719,1.7166303323165795,8.99089177638591,10.423403635709182,5.033180886219152,-6.465692745542422
21065,Estill County,KY,135890.27638230848,48992.0,0.17219680048209363,0.721059444703573,0.5055468485910082,1.3738908816336939,6.298775793130189,7.711678139768573,4.6061706510068126,-6.019072997645196
21067,Fayette County,KY,312206.97787238105,71046.0,0.27281286014648487,0.8623830001004205,0.3672420760926043,1.5688212197745783,12.760959787968796,12.790025333825033,6.7178005065492075,-6.746866052405444
21069,Fleming County,KY,167895.7569980804,56093.0,0.18582019775716435,0.8252797557376181,0.19270678290452903,1.5176439906887738,9.778987612102314,7.907515961761251,4.298861464912473,-2.427389814571409
21071,Floyd County,KY,114085.60215718708,44735.0,0.15832345627249736,0.2687846503578941,0.44829707329707325,0.7500594308409636,2.7299678272256047,3.506769674557636,4.730894973010199,-5.507696820342231
21073,Franklin County,KY,228273.69196162792,63103.0,0.22457826433985492,0.7288889790622852,0.25028234035386654,1.3846903111820357,10.683289647602363,9.133818784327763,5.429773934507979,-3.8803030712333784
21075,Fulton County,KY,98829.48953095083,44503.0,0.137866620116094,0.7581709514436397,0.4449964283395025,1.4250795071777151,5.5718066608732295,6.20798154920313,3.574984838158188,-4.211159726488088
21077,Gallatin County,KY,188462.86942485403,67617.0,0.17303412680943822,0.9590602504901631,0.4181715220537343,1.7021700380666491,8.222116258896554,8.75256610958736,4.263975319748534,-4.7944251704393395
21079,Garrard County,KY,233360.8944780225,64539.0,0.22447486221784033,0.9638164594945207,0.4336265493802478,1.708730369972287,10.566897230297906,11.452786448484979,5.558813754932975,-6.444702973120048
21081,Grant County,KY,262254.1863001008,67881.0,0.23984797863213164,0.9711253774190554,0.49824530425762026,1.7188117031122063,10.767585824956658,12.596001678167811,6.074595091198316,-7.903010944409471
21083,Graves County,KY,157197.84193768864,56968.0,0.17130793171861042,1.0394717988485427,0.44168037454131337,1.8130832560925847,8.351412660207401,9.1052987293694,4.197374698975788,-4.951260768137785
21085,Grayson County,KY,175136.84224470708,53988.0,0.2013919655817079,1.1213657412561515,0.4568907358933534,1.926041169162195,10.111788467280755,11.167975138305449,4.893917341364717,-5.950104012389408
21087,Green County,KY,169758.0570671035,52542.0,0.2005790918664248,1.0277618000435291,0.45039474410644287,1.796931426199254,9.656550830279945,10.638055905402412,4.940596690988132,-5.922101766110598
21089,Greenup County,KY,152708.13701503698,61352.0,0.15452377842937454,0.38774400362267647,0.34278835631429194,0.9141423885036764,4.612393749023994,4.328146775253532,4.2484817688535355,-3.9642347950830734
21091,Hancock County,KY,186840.82746457017,76970.0,0.15069962105532544,1.0020764941446698,0.45421224659449444,1.7615031824782608,7.134094571998424,7.904600358041365,3.734299979195353,-4.504805765238294
21093,Hardin County,KY,241327.61839645784,70505.0,0.21249512687000133,0.8017319683823154,0.42041219251767825,1.4851640680124074,9.104211177867178,9.778627932703966,5.407535835173914,-6.081952590010701
21097,Harrison County,KY,210575.9015982859,67409.0,0.1939334168206163,0.7487307738267717,0.433014455782313,1.4120584859488137,7.87167289243107,8.629804515344903,5.016624210643704,-5.7747558335575375
21099,Hart County,KY,175599.94842648142,55611.0,0.19603135606170477,0.9675164980387898,0.5996720745598896,1.7138339053492682,8.048047971223363,10.67469415238182,5.1519662728248345,-7.778612453983291
21101,Henderson County,KY,198961.90467711954,62182.0,0.1986401837169886,0.689744671749809,0.3601207401898596,1.330697804134751,8.272012182423715,8.185790468958304,5.063723075899503,-4.977501362434093
21103,Henry County,KY,233145.43049714676,67994.0,0.21287182421867315,1.025005276315314,0.42240910422158073,1.793129299222434,10.446623737914189,11.151937964667953,5.191669195486849,-5.896983422240614
21105,Hickman County,KY,119100.04140100795,57997.0,0.12748768875609498,1.2057060627273426,0.41836634874052336,2.0423734206196675,6.80524312742831,7.201136243713632,3.013865305198602,-3.4097584214839256
21107,Hopkins County,KY,152332.0078310162,57348.0,0.16490535342774457,0.694303630013718,0.28151955307262577,1.3369860642443872,7.447715701813727,6.605229689426673,4.069742145129301,-3.227256132742247
21109,Jackson County,KY,128100.46771101943,49388.0,0.16102419651175512,0.6094450158163816,0.6158351055128415,1.219938921514332,4.381892251115123,6.792351257285293,4.609142691337687,-7.019601697507857
21111,Jefferson County,KY,253354.8499311525,70659.0,0.22259920060148566,0.7249268685434922,0.37925043919578383,1.37922529481579,9.355717761055224,9.517452839019388,5.670816175890033,-5.832551253854196
21113,Jessamine County,KY,306654.7754534681,71861.0,0.26492219249485033,0.9208419742692449,0.441862798210237,1.649454823777103,12.074858728724866,13.245383915561472,6.634347389497583,-7.804872576334191
21115,Johnson County,KY,146258.33371229362,49122.0,0.18484446278775554,0.6004541398999985,0.36256969293500885,1.2075376308898362,7.075197377323075,7.0080835384675275,4.820776712854392,-4.753662873998844
21117,Kenton County,KY,275584.01726463164,82787.0,0.20665872536308016,0.8314073514319242,0.5729703026733295,1.5260959030209227,7.797475996188366,10.286680831998922,5.528603344014867,-8.017808179825423
21121,Knox County,KY,130062.5556125077,40065.0,0.20153431381233955,0.7177176358596342,0.40195255091328996,1.3692814594738714,8.228231687631036,8.644975498187558,5.188012637747656,-5.604756448304178
21123,Larue County,KY,212440.3848082579,63320.0,0.2082850208318649,1.011188349438438,0.5750460176110641,1.7740713423191128,9.002616873074674,11.491204377853382,5.382876438435916,-7.871463943214625
21125,Laurel County,KY,173829.0885991685,54404.0,0.1983597197422372,0.6706076419324642,0.44166202930810616,1.3043017254143137,7.425805677743435,8.303594281159661,5.242388851038854,-6.12017745445508
21135,Lewis County,KY,125606.43884459668,47414.0,0.16446260776048452,0.6503044844404877,0.4000059054536864,1.2762971840331896,6.3312097314817475,6.6480821362541604,4.298634739770944,-4.615507144543358
21137,Lincoln County,KY,192413.19244446701,54345.0,0.2198047721185368,1.0111466431239475,0.46010209564750126,1.7740138159855627,10.411053636738098,11.607818436089968,5.449673584060759,-6.646438383412628
21139,Livingston County,KY,147203.94831654825,61242.0,0.14922169146299283,0.8511671550983682,0.3746492783551436,1.5533509858659675,6.888510960643772,6.967420628950554,3.6933148447414603,-3.7722245130482426
21141,Logan County,KY,191804.97488590286,60406.0,0.19712497618960953,0.9733863878921039,0.3792898732732046,1.7219303589853467,9.723539505833351,9.892254741454348,4.774053722686332,-4.942768958307329
21143,Lyon County,KY,190099.39876691587,67019.0,0.17609404303277215,0.5405526867865915,0.39075307642823054,1.1249143875264922,6.0840772818157545,6.315099248850278,4.71788804472078,-4.948910011755304
21145,McCracken County,KY,175715.17646020756,64076.0,0.1702455406950223,0.626100555893063,0.35800271278399465,1.2429122330047604,6.716798701228416,6.61190298341975,4.4034428760550455,-4.29854715824638
21147,McCreary County,KY,107683.83974380266,40509.0,0.1650292308220534,0.6449767156805768,0.5789904502046386,1.2689484886017062,5.018326548538431,7.110667136968231,4.619071471961747,-6.711412060391548
21149,McLean County,KY,166700.80516721684,60175.0,0.17198218542998991,0.9069233428800063,0.3673960960756244,1.6302565838549343,8.257350553349944,8.281769956578046,4.1982543968597845,-4.222673800087887
21151,Madison County,KY,267081.0910269229,64536.0,0.25692298702861605,0.7850066353212515,0.3926028224936342,1.4620944896964856,11.160294411521315,11.556633126023652,6.492208877235507,-6.888547591737845
21155,Marion County,KY,215428.08516384673,62645.0,0.213490115648843,0.8601873118176138,0.5209157784845468,1.5657926640733182,8.694034021790909,10.614633655170183,5.571386566758752,-7.491986200138026
21157,Marshall County,KY,189986.8344324053,70547.0,0.16718866163977422,0.5952624375218063,0.41743183781720283,1.2003766144742363,5.948958395852559,6.444091903749768,4.460862222299404,-4.955995730196613
21161,Mason County,KY,163652.072734216,59252.0,0.17146692554726928,0.8213341418614117,0.5983383237571147,1.5122017284636091,6.237450862316465,8.558287368838641,4.638809710049649,-6.959646216571823
21163,Meade County,KY,252791.66949947295,76163.0,0.2060537775094455,0.8463621785424489,0.4901488916280252,1.5467233879246742,8.548677379504376,10.037058927720615,5.332155902316012,-6.82053745053225
21167,Mercer County,KY,232300.6811958579,67889.0,0.21242857536356,0.8914167536754183,0.46482975877098354,1.608868042726216,9.315397285024202,10.535302937208689,5.396402670046568,-6.616308322231054
21169,Metcalfe County,KY,158826.42077990295,51715.0,0.19066372992578473,1.2333906982217404,0.5837263428676425,2.0805593786722802,9.26428400174684,11.591317948010014,4.762444164303244,-7.089478110566415
21171,Monroe County,KY,130508.22456197029,48686.0,0.1664162194124709,1.1907169825234845,0.5405499477897668,2.021698689755771,8.1572386704593,9.79794751678245,4.121509705231702,-5.76221855155485
21173,Montgomery County,KY,210936.25909674366,61732.0,0.2121303248096262,0.8581436331003953,0.45361213148723745,1.562973778132612,9.181882719287376,10.264302585305693,5.402352180115896,-6.4847720461342115
21177,Muhlenberg County,KY,128966.785181541,53408.0,0.14991097333077194,0.7498419536644492,0.32618196265395305,1.4135911579855844,6.7540258565187345,6.3962822880387975,3.719593266645903,-3.361849698165968
21179,Nelson County,KY,246516.41804117602,75726.0,0.2020983167635716,0.9875526657908327,0.46067935883340083,1.74147018257132,9.441856097843145,10.549815137254248,5.033179685844271,-6.141138725255374
21181,Nicholas County,KY,192510.72745572962,56479.0,0.21160688850522547,1.0458359296527884,0.5155231169667533,1.8218614259182786,9.796022666224843,11.607083342601943,5.32066492564049,-7.131725602017591
21185,Oldham County,KY,424961.18150407023,123360.0,0.21386354673210292,0.6281865762966146,0.4613516555114612,1.2457895216597987,7.470097381229987,8.671120959054411,5.754508003002938,-6.955531580827362
21187,Owen County,KY,180591.1269014719,64666.0,0.17337332366443808,0.6358606644775555,0.4802453875383419,1.256374541261331,5.963552970182071,7.133925851145555,4.689410480795499,-5.859783361758984
21191,Pendleton County,KY,217390.7107382533,68030.0,0.19838205115252064,1.1151560732886465,0.37866045192015396,1.9174760529418355,10.463612716490262,10.63815666905371,4.687308188470047,-4.861852141033497
21193,Perry County,KY,97712.98284504762,44945.0,0.13496860249132858,0.5372918354373761,0.41603654694391934,1.1204166316191717,4.483514901444001,4.869962619479709,3.6552709710959608,-4.0417186891316685
21195,Pike County,KY,110530.15145995891,46499.0,0.14757031925651104,0.3895143477178875,0.3550633833600467,0.9165842586656334,4.323515361423897,4.167699579508951,4.075267285370461,-3.9194515034555146
21197,Powell County,KY,163787.92701729486,50993.0,0.19940368881335638,1.2829020846614743,0.4776296725586786,2.148851400291888,10.583153504930138,11.850363565806619,4.761848546836725,-6.029058607713206
21199,Pulaski County,KY,178367.7565543441,56318.0,0.19662149381990174,1.2230890786633881,0.38366665028745506,2.0663501537609097,10.789757447409047,11.024907362318663,4.5765570315116495,-4.811706946421266
21203,Rockcastle County,KY,155291.8712283024,48953.0,0.1969387948713265,0.8537933047105075,0.47036914666746754,1.556973285279999,8.36905535120264,9.56523732772067,5.0513660577401955,-6.247548034258226
21205,Rowan County,KY,175541.61003900832,55174.0,0.19751836028120007,0.7392555554714915,0.5076099133808782,1.3989891323455397,7.33908125488237,8.981097630977931,5.2654501315056725,-6.907466507601235
21207,Russell County,KY,152284.19063174803,51235.0,0.18452276075379404,1.0332279972284715,0.6026964464464464,1.8044710586590615,7.907186938677929,10.395227291482442,4.796240095902231,-7.284280448706744
21209,Scott County,KY,319516.70263652154,93893.0,0.21126240281917588,0.8537035617542394,0.4722540180321442,1.5568495010689247,8.961585253155588,10.267835635323877,5.422652254634633,-6.728902636802922
21211,Shelby County,KY,318866.2858434606,93720.0,0.21122153189377196,0.7272345345594422,0.5570951502766286,1.3824083035898207,7.317129824985083,9.693459243423636,5.749684854564475,-8.126014273003028
21215,Spencer County,KY,344883.73536087654,96943.0,0.22086053669051553,0.8794672603239797,0.4225571191688555,1.5923858733308358,9.96645634965777,10.696966032719068,5.535645619757506,-6.266155302818802
21217,Taylor County,KY,200206.62571922856,56626.0,0.2194948962194748,0.8560420040262942,0.5861624649859944,1.5600749601336537,8.350100109495425,11.154567263168145,5.869345784299684,-8.673812937972402
21219,Todd County,KY,217060.49268934946,58651.0,0.22975619382457454,1.111138719108526,0.43180431120767526,1.9119348379153411,11.67846037459314,12.561970876352158,5.541148188808337,-6.424658690567354
21221,Trigg County,KY,156570.93624704334,64717.0,0.1501947098706929,0.12236730399878071,0.43477586130448276,0.5481031274113826,1.0994846242463219,1.703064286079214,4.737906400619092,-5.341486062451985
21223,Trimble County,KY,216815.9968113434,72488.0,0.18568938120694142,0.8205585898020793,0.4979335427343363,1.5111319943718855,7.4922462835916175,8.920223356086295,4.845084839916654,-6.273061912411331
21225,Union County,KY,127780.41092829726,61745.0,0.1284766932962804,0.6825377300236994,0.36486217644068164,1.3207571287555666,5.291817100993898,5.271625245262415,3.286783977494938,-3.266592121763456
21227,Warren County,KY,284777.91516902484,67824.0,0.26066623063573835,0.8550220302636478,0.4755895918544948,1.558668090416223,11.033943431747522,12.695886490016813,6.69721723131271,-8.359160289582
21229,Washington County,KY,230447.3985788772,66540.0,0.21500614784067287,1.1431443326816226,0.47398267727000865,1.9560808053635204,10.779820655277089,12.111022002378558,5.23883451321711,-6.5700358603185816
21231,Wayne County,KY,160969.95955491532,41853.0,0.23877019072342276,1.0368322333512512,0.4032387849527259,1.8094424518863277,11.951108574025978,12.48442034430673,5.769651740771534,-6.302963511052286
21233,Webster County,KY,127229.40799477453,60750.0,0.13001788255960087,0.946545689487168,0.37303650129958177,1.684908459831171,6.352798122894629,6.416071341891331,3.156921784113891,-3.220195003110592
21235,Whitley County,KY,156801.70536138522,48936.0,0.19892262384258208,0.6328833534496516,0.5338996332633295,1.252267878052992,6.34470248993125,8.330666943017949,5.4933303214480365,-7.479294774534736
21239,Woodford County,KY,345174.0609041189,89773.0,0.23870102190659065,0.744654296814145,0.5515018492274724,1.4064357216455563,8.480325785274118,11.081691192815518,6.4585524874790385,-9.059917895020439
22001,Acadia Parish,LA,158294.68504983778,51455.0,0.1909855964822172,0.039163188826284,0.2241572098113387,0.4333380674767968,2.787237134099632,0.6866826430824271,5.727094450079574,-3.6265399590623697
22003,Allen Parish,LA,120611.55921286797,53939.0,0.13881867860054348,-0.0032166176860095597,0.2806030389363723,0.374882773236648,0.9519202937981613,-0.04376986681409364,4.360504884383444,-3.36481472377119
22005,Ascension Parish,LA,303055.0251296934,93654.0,0.2008894008638034,0.4174872528374918,0.2511890129856249,0.9551678326383901,7.2332349653078385,5.7100263354467025,5.268607007593184,-3.745398377732049
22007,Assumption Parish,LA,170930.78540433093,62636.0,0.16941744879364432,0.14295680739546435,0.29103800807980873,0.5765026312874211,3.067720105559113,2.0794650105985233,4.98914143815647,-4.000886343195881
22009,Avoyelles Parish,LA,134291.3980131692,45439.0,0.18347685817781,-0.19204780116228504,0.3056058385771341,0.11442423648945521,-3.147580476439096,-4.305742074744675,6.5385500720430825,-5.380388473737504
22011,Beauregard Parish,LA,206254.404652931,64555.0,0.19835137309203535,-0.041764224194496324,0.33914865369456093,0.3217133072539895,-0.2616546937858816,-0.8653540676959993,6.52549354413876,-5.921794170228642
22013,Bienville Parish,LA,124167.89292078494,45072.0,0.17102686956118945,0.09188468093725399,0.30397801244032974,0.5060578504996953,2.294804418917795,1.4199767748424903,5.1801723013826875,-4.305344657307383
22015,Bossier Parish,LA,241979.66065730355,68234.0,0.2201607505083392,0.3471302639625147,0.2315939570059382,0.858123064740627,7.423465172552693,5.429553333202008,5.855114018760136,-3.861202179409451
22017,Caddo Parish,LA,147216.90969107146,53110.0,0.17208509677132164,0.20022412368187603,0.2928117621284778,0.6554925583153983,3.7699933832644668,2.8192668358040383,4.953485174879395,-4.002758627418966
22021,Caldwell Parish,LA,127070.11155836548,52399.0,0.1505505259919081,-0.0534615340526311,0.35875427860180475,0.3055789794727357,-0.6131815370443161,-0.857968957725358,5.027757449969322,-4.782970029288279
22027,Claiborne Parish,LA,108618.26436734512,46962.0,0.14358799771386072,-0.5429961424189249,0.39187907528156485,-0.3696456599905581,-17.3467215194654,-17.44473539609007,7.681197653276476,-7.5831837766518095
22029,Concordia Parish,LA,131649.49166451948,43367.0,0.18846107816964408,0.14354319017070782,0.3114491351155195,0.5773114404936233,3.1765886831166434,2.341224410229351,5.597032218908025,-4.761667946020732
22031,De Soto Parish,LA,175256.57867680324,58865.0,0.184832801314335,0.08765549621709479,0.41193542970904984,0.5002244534750739,1.08775107285993,1.5353265376253384,5.868851925287329,-6.316427390052736
22033,East Baton Rouge Parish,LA,234270.77883848696,64198.0,0.22654708985925512,0.353750235637885,0.2740479072813511,0.8672541208730562,7.197153289065622,5.768381502449651,6.121112148485386,-4.692340361869415
22037,East Feliciana Parish,LA,232081.9014497516,59862.0,0.24068660232843056,0.32801648770473,0.3887484050574179,0.8317590601087261,5.821001881833893,6.07113926630919,6.876271085047572,-7.126408469522868
22039,Evangeline Parish,LA,120757.64740810664,46327.0,0.16182377603324882,0.12533163000894842,0.3867452929026851,0.5521918801313315,1.7248635184774042,1.8390798580029923,4.999072034729712,-5.1132883742553
22041,Franklin Parish,LA,124553.8989768732,44022.0,0.17565051295361972,0.33245681922839476,0.30069434185256316,0.8378836960403309,5.134034641016506,4.3180878001195415,4.8333017463313945,-4.01735490543443
22043,Grant Parish,LA,163090.07819827317,57672.0,0.17555952343957887,0.1471588070962,0.32771600248635946,0.5822985314841878,2.8246494942378826,2.243796823823269,5.2417489096995125,-4.660896239284899
22045,Iberia Parish,LA,153516.88598859854,53127.0,0.17939185658242654,0.11381742830219221,0.17957769932724976,0.5363101169969575,4.165493021291694,1.715505293721364,5.094084740488539,-2.6440970129182095
22047,Iberville Parish,LA,171590.09035404114,58450.0,0.18225084569930322,0.16991711373674812,0.3916666666666666,0.6136895080025646,2.5075363257530263,2.7063509236460828,5.534497363420658,-5.7333119613137145
22049,Jackson Parish,LA,124083.74147926603,55711.0,0.13827249234796932,0.07632967843772609,0.35784445148553456,0.48460253196839487,1.1805958386970268,0.989031490847417,4.315924334905786,-4.1243599870561765
22051,Jefferson Parish,LA,260466.59032753206,63692.0,0.253880300261276,0.14902907154849676,0.2866290931862716,0.5848782237447969,4.777627560554812,3.225447512317882,7.443138460800781,-5.890958412563851
22053,Jefferson Davis Parish,LA,161276.91645375898,56114.0,0.17842793460243406,0.11500367152635627,0.28474941044485647,0.5379463254277055,2.9375149081053875,1.8012700194083422,5.304377375565412,-4.168132486868367
22055,Lafayette Parish,LA,236985.20828587082,66072.0,0.22267202136766875,0.13183990749281804,0.26065138997538684,0.5611688742855117,4.2863290954533975,2.513158394359856,6.503028799109549,-4.729858098016006
22057,Lafourche Parish,LA,195176.38645312528,68348.0,0.17728146305033732,-0.0994180410846266,0.27796267903219785,0.24219027240005286,-0.5105324623356777,-1.9100928001207738,5.871872897524344,-4.472312559739248
22059,LaSalle Parish,LA,157300.40274217565,61524.0,0.15872565791870785,0.07139321147127031,0.33001859137878853,0.4777935667375779,1.587209520713112,1.0547784157882572,4.9078718998383355,-4.375440794913479
22061,Lincoln Parish,LA,220566.69183473918,52669.0,0.259984060023982,0.3525271588279304,0.3817356629413926,0.8655671071585533,6.742639423270743,6.90080755696078,7.345449417514314,-7.50361755120435
22063,Livingston Parish,LA,244751.9007707784,76462.0,0.19872032305313922,0.37376209238254376,0.30094939939429,0.8948568654481497,6.22851708062821,5.327603031861311,5.394655769098868,-4.493741720331969
22067,Morehouse Parish,LA,106264.8487503614,45435.0,0.14519810917453452,0.06927157726987287,0.42980772256663635,0.4748671552761037,0.44360228692373604,0.9763962146767162,4.684730005969555,-5.217523933722536
22069,Natchitoches Parish,LA,179874.56053693,48814.0,0.2287637535918307,0.014520830254630912,0.44479962114485283,0.3993483813592029,-0.7430312820791873,0.34187671121026725,7.631883017873202,-8.716791011162659
22071,Orleans Parish,LA,259087.81812020674,57897.0,0.2778131492797393,0.35563398174537353,0.4983695652173914,0.8698524086437907,5.51930292244475,7.769084919256969,8.2086825613132,-10.458464558125417
22073,Ouachita Parish,LA,179924.11761741302,59701.0,0.18709821348615824,0.26285764727792427,0.5525706706888929,0.7418841998166927,2.033443043590302,4.23756656254275,5.834114258540066,-8.038237777492514
22075,Plaquemines Parish,LA,279934.6280829666,76385.0,0.22751519450993368,0.12590337308225563,0.5550059036684174,0.5529804965109331,-0.02967267808141605,2.7709202265783883,7.513783387416939,-10.314376292076744
22077,Pointe Coupee Parish,LA,194124.7712714642,63073.0,0.19107300491979684,0.2717458099354153,0.4695822363055988,0.7541438160385654,3.099633885612202,4.304300321649435,5.7511845008513625,-6.955850936888595
22079,Rapides Parish,LA,170583.72475959072,56786.0,0.186491129749155,0.22739457219226367,0.32807895598484493,0.6929692882256866,4.019494669360335,3.4428261602658194,5.3909021618582385,-4.814233652763723
22081,Red River Parish,LA,139156.9329802742,49844.0,0.1733220534767347,-0.04439187313144266,0.19409707249293273,0.3180889397919895,1.6304305730748951,-0.7582540571688645,5.3540519803443845,-2.965367350100624
22083,Richland Parish,LA,177476.25996745928,47023.0,0.23431052647687212,0.21093601778032078,0.35951775182144097,0.6702676829071603,4.359300051151971,4.119472986508443,6.9062261637034625,-6.666399099059934
22085,Sabine Parish,LA,182655.70463140612,54066.0,0.2097349781933652,0.07947272142479145,0.28130628495592,0.48893779250256086,2.9247420494550562,1.5091539992262042,6.326937996681275,-4.9113499464524235
22087,Saint Bernard Parish,LA,215978.682742144,57796.0,0.2319930478210247,0.4301536970759863,0.3913336543090997,0.9726389063848657,6.836465442657899,7.133303173872816,6.418488628521723,-6.715326359736641
22089,Saint Charles Parish,LA,260995.0583721973,85615.0,0.1892536605467134,0.2258826391518982,0.38983133390691704,0.6908838494750322,3.3695567324598494,3.5628072504623516,5.614902523559904,-5.808153041562406
22093,Saint James Parish,LA,197792.93778566853,69241.0,0.1773410658729886,0.2713129438822628,0.32498373454782037,0.7535467554432962,4.33417715743418,3.766493176903431,5.0362836766892976,-4.468599696158549
22095,Saint John the Baptist Parish,LA,213766.53763902243,60610.0,0.21895622854601257,0.20661151177502557,0.19792078425171944,0.6643028073735853,6.135737342507575,3.536723114199314,6.033728424199659,-3.4347141958913983
22097,Saint Landry Parish,LA,149211.09618621707,47897.0,0.1933991999997932,-0.043821644148474004,0.42963316717905853,0.31887546775723674,-1.6241450376223625,-0.9199679177214987,6.617871276628324,-7.322048396529188
22099,Saint Martin Parish,LA,167717.59596151664,66885.0,0.1556724505790657,0.1670894127280882,0.4721030042918455,0.6097892048136762,1.3314754616356672,2.3519120248685605,4.8887124694385875,-5.90914903267148
22103,Saint Tammany Parish,LA,285517.1633833712,84478.0,0.20982172907807484,0.3271442850758286,0.33038315564024634,0.8305560140000883,5.733074168523092,5.158727078154991,5.855560804803585,-5.281213714435484
22105,Tangipahoa Parish,LA,225268.812868766,57775.0,0.24205997330919996,0.18999733974437394,0.38323597012066646,0.6413865556364171,3.807020572035111,3.938150413433293,7.265133924349889,-7.3962637657480705
22109,Terrebonne Parish,LA,203488.5214163762,61990.0,0.20378872145509944,0.035340523569089566,0.39460067491563544,0.4280653906813974,0.4775503757925875,0.7120508917350364,6.5892049688551,-6.82370548479755
22111,Union Parish,LA,153129.18643216422,54865.0,0.17327043130068487,0.33567828934650423,0.41619989158772364,0.8423271326469914,4.00771662854611,4.495860803018754,4.991719037846421,-5.479863212319065
22115,Vernon Parish,LA,166963.5227386809,58533.0,0.1770853688775718,0.02281863590776334,0.30849708269063103,0.41079370664309023,1.2840456618321394,0.3905132607166684,5.555617712086172,-4.662085310970701
22117,Washington Parish,LA,126817.33079048061,46951.0,0.16768554481015538,0.20912356527701337,0.40349146563835836,0.667767731796095,2.6571631544476837,2.97924749794595,5.035715106675878,-5.357799450174144
22119,Webster Parish,LA,135418.96124127813,48578.0,0.17306199763242155,-0.07440165990010927,0.4053694381762425,0.27669585520729134,-1.744229623704091,-1.430093765844718,5.9668975134396,-6.281033371298974
22121,West Baton Rouge Parish,LA,237358.53874657283,70550.0,0.20886694107473236,0.32189490574268986,0.2810037404219776,0.823315442634861,6.212363681105501,4.970364785594708,5.720607799718652,-4.47860890420786
22123,West Carroll Parish,LA,129331.3614968635,50254.0,0.15976994250433435,0.13629915640726176,0.4162439409311238,0.5673196033434238,1.5400400687854199,1.9786552974421334,4.971546682741191,-5.410161911397903
22125,West Feliciana Parish,LA,358672.7011372596,76572.0,0.2907971846524302,0.48624196188116153,0.35095271700776287,1.0500025446934744,9.91616924325169,9.568985992065025,7.786120504941758,-7.438937253755094
23001,Androscoggin County,ME,326059.72834292054,68642.0,0.2948961470120774,1.276778465961712,0.40286123032904153,2.1404049735059316,16.31620633168761,16.983755486827278,6.858715922771846,-7.526265077911514
23003,Aroostook County,ME,168407.57867476484,54965.0,0.19021171628429231,0.7556262975376529,0.48137667097887027,1.421569616381714,7.385115528938352,8.670265330868986,5.002977067431258,-6.288126869361891
23005,Cumberland County,ME,559680.8152730984,93949.0,0.36983680061595886,1.1425719689570837,0.4867465303603362,1.9552913329075623,18.377948234325544,20.9303574090401,9.054101242479069,-11.606510417193624
23007,Franklin County,ME,294185.50660858717,60281.0,0.3029721365199014,1.00377995570721,0.40649571851886424,1.7638528002575722,14.879279208953166,15.609470326484617,7.372873505803527,-8.103064623334978
23009,Hancock County,ME,424019.63127959915,75157.0,0.35025020051297345,0.869718434582498,0.5464085101129605,1.5789391277198352,14.022977586614815,17.687078415435586,9.2072925443414,-12.87139337316217
23011,Kennebec County,ME,316585.49807445327,74048.0,0.265423608376156,1.1892398904500046,0.4689731788604983,2.0196613078307255,13.630311372669357,15.196861046485772,6.408457006175306,-7.975006679991722
23013,Knox County,ME,453598.3873121461,73005.0,0.38572764109549595,1.0340200820729009,0.5373033755185412,1.8055635967439363,17.43688947191501,21.21484458940067,9.79537950286184,-13.5733346203475
23015,Lincoln County,ME,452179.83341360814,79312.0,0.3539436724913921,1.0550853501753563,0.5814324453660871,1.834619332164046,15.647870738703276,19.987154476254354,9.09618836080509,-13.435472098356168
23017,Oxford County,ME,321074.14891579293,65487.0,0.30437719416198933,1.202025947098384,0.5345878052209776,2.0372973653086044,15.059128709756612,17.957403108881497,7.509069450487578,-10.407343849612461
23019,Penobscot County,ME,270348.34164584643,66158.0,0.2536899173620406,0.9127290080520669,0.481801688803279,1.6382644511346993,11.120300790239328,12.82280138889606,6.458031593273928,-8.160532191930656
23021,Piscataquis County,ME,217613.8547222768,61706.0,0.21893793216874022,1.1248223667259363,0.6922908153470642,1.9308089601348994,9.252005342607939,13.272624227936586,5.775843933464536,-9.79646281879318
23023,Sagadahoc County,ME,429193.6146486323,82454.0,0.32314942536828883,1.1364301915464532,0.48178632401833044,1.9468198594573063,16.065615399020857,18.207326139623795,7.904803896861467,-10.046514637464409
23025,Somerset County,ME,226589.87636786434,60314.0,0.23322990512883268,1.14654507282977,0.5016556703597659,1.9607715126213887,11.493945007642758,13.29651855998687,5.736899001839204,-7.539472554183314
23027,Waldo County,ME,340371.38519201387,67854.0,0.311414946188577,0.866652945318664,0.5707671651465345,1.5747108385497222,12.142841842593901,15.84007487026848,8.263551928946281,-11.960784956620861
23029,Washington County,ME,208517.9064358544,55611.0,0.2327793847780191,1.0558691144981656,0.5631605576793344,1.8357003935910599,10.446133194414307,13.060574011753015,5.943038732132723,-8.55747954947143
23031,York County,ME,516465.23773372005,92098.0,0.3481390669197134,1.0933420511008491,0.5014346266710141,1.8873875463985383,16.710758376388522,19.405930694394257,8.638334460638369,-11.3335067786441
24001,Allegany County,MD,144792.34849531128,63215.0,0.14219598529476957,0.4850229101094423,0.5859655284879199,1.0483210827927656,3.209706923059509,5.116886254286449,4.1680943620747435,-6.075273693301683
24003,Anne Arundel County,MD,494193.7025861361,127042.0,0.24149700530869922,0.444775902361769,0.39875584916047346,0.9928075995140413,7.19897489068998,7.622771353287824,6.671390404756378,-7.095186867354223
24005,Baltimore County,MD,353957.71801367315,87865.0,0.2500905824330093,0.46732015928348214,0.2861366863299033,1.0239033330776652,9.116467539199203,7.800434809745894,6.557450597160276,-5.24141786770697
24009,Calvert County,MD,467827.70416512317,121798.0,0.23845566501214874,0.42949842692107687,0.23106623406814442,0.9717350794714295,8.957424550754913,6.855341075980566,6.178381441486982,-4.076297966712634
24011,Caroline County,MD,322750.0481929187,72564.0,0.276125786538139,0.7511311874706235,0.4146683822669317,1.4153694233361453,11.440045542727558,12.221034059418242,7.089184468351619,-7.870172985042304
24013,Carroll County,MD,477981.51039517537,114927.0,0.2581968216315418,0.5009627679159085,0.35998627316403575,1.0703072397600661,8.85871489946558,8.699394951527696,6.909268989395752,-6.7499490414578664
24015,Cecil County,MD,370425.83232293883,89501.0,0.2569420841210618,0.6119565443552468,0.2976425216029692,1.2234031218449615,10.698323470282919,9.598708652102902,6.510203459546282,-5.410588641366266
24017,Charles County,MD,449420.9031139833,125985.0,0.22146050842641385,0.5779475798166471,0.4326082259696842,1.1764938933110853,7.569113729509666,8.428852006052544,5.970627054936881,-6.83036533147976
24019,Dorchester County,MD,265850.9446202763,65476.0,0.25206812596942635,0.7620740661013361,0.46596811749955225,1.4304631494013411,10.002968169181651,11.47686525874255,6.582383493814114,-8.056280583375013
24021,Frederick County,MD,491991.7626858377,121380.0,0.25163587841938756,0.5703160810814716,0.4493826570821293,1.1659676181633079,8.325077652670126,9.559399727109833,6.841879398153693,-8.0762014725934
24023,Garrett County,MD,333079.2125620293,67553.0,0.30610100357818804,0.6410666512569843,0.4537218360627515,1.263555260430342,10.951392628380171,12.52870757941373,8.186096660587955,-9.763411611621514
24025,Harford County,MD,411516.89886476984,110665.0,0.23085498160783466,0.4974610230701706,0.4189275823161349,1.0654772147515241,7.226378603376646,7.926437881949001,6.329403680500559,-7.029462959072914
24027,Howard County,MD,628014.3956636254,149980.0,0.2599549637376477,0.4139254496473961,0.3606836986500217,0.9502549679833299,7.858561083363388,7.6845573643897715,7.140098481293555,-6.96609476231994
24029,Kent County,MD,375279.59590114,75873.0,0.3070644651029832,0.6046036546103124,0.45144813865401545,1.2132611375149756,10.569277029207203,12.111895317237876,8.280824049080094,-9.823442337110766
24031,Montgomery County,MD,613999.5864109885,138870.0,0.274486827649312,0.40124769301212404,0.4125150029497324,0.9327682908271977,7.38850462527467,8.103129301968822,7.727478555783146,-8.442103232477299
24033,Prince Georges County,MD,428453.2152154111,97634.0,0.27243580768542164,0.6367481631884357,0.2785009035434618,1.2575986855543726,11.815266227427252,10.346584084626794,6.807478433078054,-5.338796290277596
24035,Queen Annes County,MD,503381.62180102064,112621.0,0.2774852106863546,0.5580977395776567,0.34210024548942974,1.1491146212643022,10.419851592516224,9.961037932541949,7.257886586481677,-6.799072926507401
24037,Saint Marys County,MD,413423.2476964919,116969.0,0.21942493688775958,0.4219640908412128,0.40675662673786506,0.9613428226704253,6.2044248274577605,6.697532312675957,6.123417921861035,-6.616525407079233
24039,Somerset County,MD,195917.6304004308,53022.0,0.22939253398557838,0.6790736399640327,0.3703607980977981,1.3159790417283537,9.366136790578434,9.404759659699772,5.885962118262482,-5.924584987383821
24041,Talbot County,MD,487269.9887169087,87121.0,0.34722315330721215,0.5543592793256267,0.40476958302428323,1.143958090075937,11.971473019691109,12.727638827103608,9.319066018642214,-10.075231826054715
24043,Washington County,MD,317565.68167947716,77632.0,0.25395376358087646,0.6320362800633861,0.4045956214944817,1.2510994931991632,9.549682044469627,10.107321742574324,6.679595967996482,-7.237235666101182
24045,Wicomico County,MD,267352.810127117,67786.0,0.24485366605364528,0.7083270571657865,0.29975265085421743,1.356328851007504,10.979221171185264,9.999075410826192,6.067852284609889,-5.087706524250819
24047,Worcester County,MD,438766.23177538626,81711.0,0.3333608044019416,0.7917712923174336,0.5311434246524005,1.4714251131157021,12.683089540810515,15.900332289087077,8.859451089492527,-12.076693837769088
24510,Baltimore City,MD,190587.0623233912,63451.0,0.18647336577217816,0.724368424719712,0.469045193554362,1.3784550223506193,7.129868340934291,8.25651175600473,4.9168570421847555,-6.043500457255194
25001,Barnstable County,MA,748962.112798458,88495.0,0.5254156205237737,0.9666471894262585,0.346238685631703,1.7126348510138913,26.46599813635997,25.925394879765467,12.579911698476893,-12.039308441882389
25003,Berkshire County,MA,374887.2012331872,76177.0,0.3055192739288303,0.8069201706661984,0.5041069383564349,1.4923202566796157,12.113941404269116,14.576051346863766,8.013148088318214,-10.475258030912862
25005,Bristol County,MA,517636.9602521653,81898.0,0.392386310047553,0.8783363759043346,0.3686391818045087,1.5908260223795874,18.510289012824703,18.58751644496307,9.636760241685819,-9.713987673824194
25007,Dukes County,MA,1510647.3281192144,112733.0,0.8319052926209698,1.2115584198434068,0.7489915601340449,2.0504456910090747,35.492734152569476,53.246010337673574,22.049787506114413,-39.803063691218505
25009,Essex County,MA,697928.590870905,102044.0,0.42460527031775824,0.8565249181749537,0.49543502791740557,1.5607410530438344,17.664205142190177,20.8589483971241,10.98612568524239,-14.180868940176314
25011,Franklin County,MA,361895.94221241475,74594.0,0.3011907862400849,0.7338649581439491,0.3012472743131269,1.3915537762445083,13.731251867355684,12.563250417040262,7.425574229231424,-6.257572778915998
25013,Hampden County,MA,333138.2828764441,71287.0,0.2901189314404738,0.7643289480433422,0.3865019935816396,1.4335733520720053,12.482682036623565,12.823678699486624,7.3467788175798985,-7.687775480442958
25015,Hampshire County,MA,437528.375517463,82817.0,0.3279809311472489,0.6691056490729674,0.3609353688396628,1.3022299973491327,13.409897755563879,13.277881383583093,8.404486676300214,-8.272470304319429
25017,Middlesex County,MA,799681.4059151703,132599.0,0.3744023913559631,0.7345948309422663,0.47291307970008334,1.3925605040400009,14.391201154403937,16.737440706654546,9.863281711564435,-12.209521263815041
25019,Nantucket County,MA,2980648.8751624213,117877.0,1.5697974126044167,0.9562951218976186,0.37043969586346415,1.698356042232521,77.25295002065657,77.79223926382693,38.008946792946865,-38.54823603611724
25021,Norfolk County,MA,758513.1623381831,137533.0,0.34238763322479704,0.7053875428283702,0.47588182901048426,1.3522743215120245,12.75641826888213,14.966554659498774,9.091143911301476,-11.30128030191812
25023,Plymouth County,MA,618352.2298755064,111910.0,0.343027470121473,0.8605381066783131,0.49740419610361797,1.5662765222710706,14.287336798904256,16.906592201592268,8.874536952813399,-11.493792355501412
25025,Suffolk County,MA,749204.8778399007,95174.0,0.488702025179996,0.5660902328723896,0.683601627454449,1.160138823253532,10.78100583877497,20.16693257254149,14.497242606137496,-23.883169339904015
25027,Worcester County,MA,482066.70249583694,96005.0,0.3117275222781791,0.947523512499026,0.46302250803858525,1.6862571901953922,14.195063600955551,15.948443200622242,7.828177777513421,-9.581557377180113
26001,Alcona County,MI,179057.97773180378,53966.0,0.20598486494717055,0.34552513670917273,0.43457919081290863,0.8559090813931627,4.676284063669297,5.500923782172391,5.9575039131933485,-6.782143631696442
26003,Alger County,MI,199859.6316886479,63959.0,0.193992653107843,0.2900889322900906,0.4757158348907502,0.7794448427012177,3.3112122745834807,4.609650559923155,5.81381358725966,-7.112251872599336
26005,Allegan County,MI,321937.193990034,85080.0,0.2349121815385684,0.9921629600801096,0.5299131466796136,1.7478292514626603,10.411976251917737,12.622227383854252,5.994861377764615,-8.205112509701129
26007,Alpena County,MI,183128.10137661395,57827.0,0.19660121408323267,0.6331650278502681,0.4220336899053241,1.2526563970511417,7.249282797134097,7.8875283821118565,5.204588665324566,-5.8428342503023245
26009,Antrim County,MI,335650.7016787987,69924.0,0.29800473188727705,1.318785417862348,0.4235921658047965,2.1983459821032967,16.536204592979985,17.54977765557772,6.942393827881947,-7.955966890479679
26011,Arenac County,MI,148764.1980404794,58859.0,0.1569088397131545,0.6146849449028435,0.5856411637931034,1.2271664579698793,4.519688647236234,6.580354767408878,4.436597238883372,-6.497263359056016
26013,Baraga County,MI,156299.14874712398,59617.0,0.16276025422469664,0.27940369551956334,0.4064261954752413,0.7647064870821174,3.3044470438850975,3.65559355367674,4.764392209218648,-5.11553871901029
26015,Barry County,MI,280206.61433017376,81939.0,0.2122998014834127,0.9059542077227674,0.42094858232896915,1.628919836818148,9.755035278523842,10.438191781025271,5.290206712267237,-5.973363214768668
26017,Bay County,MI,169053.30362460387,64751.0,0.16208358987418975,0.8182333740512333,0.39984002075406444,1.507924778905998,7.16139323622316,7.481944270961813,4.078206226095776,-4.398757260834428
26019,Benzie County,MI,386110.7046764384,76215.0,0.31450912705639683,0.8758968507359097,0.5836224988052445,1.5874611377030807,12.201783803620916,16.165506003501342,8.36818574699297,-12.331907946873397
26021,Berrien County,MI,263970.72501650464,68882.0,0.2379095533403144,0.7607682730934509,0.4785352451275007,1.4286620436206778,9.307356815655806,10.874421400014388,6.243727194046173,-7.8107917784047505
26023,Branch County,MI,201017.96880335096,64636.0,0.1930733236884929,0.6344033758809517,0.3709752683154457,1.2543644746584408,7.5657193899413,7.599014623657525,5.009143533609889,-5.042438767326113
26025,Calhoun County,MI,179148.25393098322,65049.0,0.1709754753993293,1.0493686945428884,0.4829700893671347,1.826734237479421,8.12777908166351,9.277451543502083,4.245956934428186,-5.395629396266761
26027,Cass County,MI,258050.81546724503,69579.0,0.23024431615268565,0.6763765491681268,0.39467618112209113,1.3122588917550084,9.13687496138682,9.509552644558035,5.967874457713978,-6.340552140885192
26029,Charlevoix County,MI,394881.9942827686,71544.0,0.34265413608273865,1.045277234588346,0.4822549568027845,1.8210908069119602,16.261711266144133,18.55250104790581,8.513235080882627,-10.804024862644301
26031,Cheboygan County,MI,246001.02218852707,58842.0,0.25954421352829093,0.8056552852587007,0.433911687298957,1.4905755755505528,11.011550925507729,12.039942487336672,6.633168484926827,-7.6615600467557705
26033,Chippewa County,MI,190332.18886876185,61705.0,0.19149337359226537,0.4176718365920489,0.4528053116097286,0.9554224326135328,4.922100029179354,5.909117610410787,5.448502821588814,-6.435520402820247
26035,Clare County,MI,145370.55741663164,48238.0,0.18708933329974808,0.8942374994954669,0.45076691729323315,1.6127587524877098,8.320564519754987,9.243397222731575,4.725256131873304,-5.648088834849894
26037,Clinton County,MI,299796.9115595755,90150.0,0.20645399365274483,0.7966821714191328,0.38583572888964035,1.4781987845052678,9.100267370019859,9.338069963243967,5.19033233028986,-5.42813492351397
26039,Crawford County,MI,170888.0276507158,57605.0,0.18416763925382715,1.2243621125280657,0.4081941965922702,2.068106074215993,9.963868408606636,10.432958055868841,4.325182615989796,-4.794272263252003
26041,Delta County,MI,175344.93361832757,59827.0,0.18195243038119413,0.6270401075036212,0.39067875406787533,1.2442081748782337,6.920113483978555,7.16664790149515,4.765891728647855,-5.012426146164451
26043,Dickinson County,MI,166568.99736431977,69360.0,0.14908946350175173,0.6834662262694442,0.4566532258064515,1.3220378217485877,5.556314540756974,6.34921474670782,3.950521865537227,-4.743422071488072
26045,Eaton County,MI,249574.9818267338,80080.0,0.19348123396105632,0.8081130976344817,0.41085271317829464,1.4939656841290736,8.402763336816497,8.909082775705118,4.8991477715628085,-5.405467210451429
26047,Emmet County,MI,418410.1053723713,79295.0,0.32758063947890154,0.9045707417262692,0.5931008156869049,1.627011595168363,12.892564118467828,17.186994465921593,8.694941060964204,-12.989371408417972
26049,Genesee County,MI,182969.92375669637,63828.0,0.17796325296887688,1.303439882120696,0.4446934202485231,2.177179585159253,9.704168913562793,10.514248674501616,4.187049274764913,-4.997129035703734
26051,Gladwin County,MI,167877.8687054834,56272.0,0.18520937271853133,0.8523792402294015,0.38104353801600155,1.555022838543211,8.509981459076004,8.676648154956101,4.5941923786204395,-4.76085907450054
26053,Gogebic County,MI,121264.58523919813,53013.0,0.14200821513290773,0.5333943138925323,0.3799718867138693,1.1150407040852626,4.935404342485924,5.026982385002993,3.795953694019632,-3.8875317365367
26055,Grand Traverse County,MI,399899.26268330193,82515.0,0.3008704698357478,1.1446175362685507,0.5037176076101615,1.9581128238231744,14.792693791284226,17.152804845074154,7.408502127022485,-9.768613180812412
26057,Gratiot County,MI,168057.12189102787,64157.0,0.16262029271355205,0.6041387506911962,0.4989953271028038,1.212619886465907,5.244906069996837,6.530250699120648,4.46564634458743,-5.7509909737112395
26059,Hillsdale County,MI,196160.049763671,66118.0,0.1841843474244268,0.7792479568089312,0.41320053007309876,1.4541514320335285,7.812348499602728,8.31846978855721,4.696898253069904,-5.203019542024384
26061,Houghton County,MI,180863.011977875,55547.0,0.20213942010121558,0.5147968287772369,0.329670855774985,1.0893888299025432,7.349946000131433,6.849781546045337,5.323049262438943,-4.822884808352846
26063,Huron County,MI,196509.16219746435,61317.0,0.19895908295831066,0.904250960367452,0.3353877648801098,1.6265705144990417,9.78053071020517,9.442529674291864,4.799448261238684,-4.4614472253253785
26065,Ingham County,MI,210552.1508362857,66388.0,0.1968937641241424,0.8895769173353538,0.39852538445333896,1.6063303205546675,9.124294734295242,9.503233784431298,4.880422752494358,-5.259361802630415
26067,Ionia County,MI,242605.98185027853,75362.0,0.19985312994833224,1.014088816132893,0.4773097053692197,1.778072012638571,9.357619861685539,10.64012993134404,4.9838137587940325,-6.266323828452535
26069,Iosco County,MI,167677.53943097292,58092.0,0.1791927475282112,0.8006661899997074,0.4568892009830967,1.4836940190887042,7.408157974268471,8.358705297256407,4.624334123553064,-5.574881446540999
26071,Iron County,MI,124584.6178593777,53519.0,0.14451678757206102,0.4122681907812744,0.46346732294230253,0.9479690784849166,3.594442953812256,4.437024418791513,4.135938120743839,-4.978519585723096
26073,Isabella County,MI,217472.9975472579,56734.0,0.2379708715140224,0.6440356432916594,0.3521939128155016,1.2676504490889604,9.606947572441177,9.3811064624418,6.113940347419421,-5.888099237420041
26075,Jackson County,MI,214835.90499645527,67303.0,0.19816835639239297,0.8672342393153942,0.32792060454195693,1.5755126287044043,9.599380648383773,9.170747954107524,4.801036952167956,-4.372404257891707
26077,Kalamazoo County,MI,262903.7485285935,72071.0,0.2264634374954588,0.8482806893961063,0.3792964862588992,1.549369627388296,10.39389434998212,10.57429445494048,5.6184149068592495,-5.798815011817609
26079,Kalkaska County,MI,235730.13102124038,71627.0,0.20431497587558697,1.2260760554564523,0.6723948726330291,2.070470149147779,9.303061176890072,12.795584688757957,5.26680629149806,-8.759329803365945
26081,Kent County,MI,333550.88657249033,80768.0,0.2563802904873659,1.122003061236461,0.4806232813932172,1.9269202370494756,12.668675727082224,14.352469655644617,6.283680465932084,-7.967474394494477
26083,Keweenaw County,MI,193708.29441352483,58613.0,0.20517107384549974,0.4554687970975655,0.43441339141500657,1.0075565179140953,5.857488428428742,6.676610993141795,5.729330734425739,-6.5484532991387905
26085,Lake County,MI,149737.58042193265,48557.0,0.19144358976287656,0.10990278940463893,0.4727184495465713,0.5309105791643811,0.7277048275452475,2.0009328798225647,6.166366662556543,-7.439594714833861
26087,Lapeer County,MI,279678.14650188084,78002.0,0.22259461787795676,0.9113352272828881,0.3501228926506734,1.6363419821176457,10.859950972569155,10.671425199926404,5.3930780678890935,-5.204552295246344
26089,Leelanau County,MI,642675.7651460605,96419.0,0.4138006468108457,0.9108718424065476,0.5704187501017965,1.6357028263139246,16.72477015894696,21.607106893617825,10.881678928806814,-15.764015663477675
26091,Lenawee County,MI,231819.8388114023,71849.0,0.20030497514957574,0.9118510711069268,0.46591720563932015,1.6370534955717573,8.895702186004433,10.057391160098842,5.0700780133112335,-6.231766987405642
26093,Livingston County,MI,379190.0154972484,101995.0,0.23080216370020143,0.729390355680746,0.32574674396235737,1.3853818697371403,10.252701375168293,9.690643704962765,5.751785716206456,-5.189728046000928
26097,Mackinac County,MI,209696.399017509,60831.0,0.21400695200385078,0.6057395694992016,0.5173230899703176,1.2148279270906315,6.739615406427577,8.668354090802785,5.914685052306831,-7.843423736682038
26099,Macomb County,MI,258556.35067401608,77928.0,0.20597928386692882,0.8867682445994525,0.41844591273958387,1.6024562634337651,9.371208559917676,10.003863208572326,5.147192529983926,-5.779847178638575
26101,Manistee County,MI,235755.59917560717,62668.0,0.23354901827151872,0.9898681223046242,0.4988400181770347,1.7446639369310692,10.600968273351436,12.386984990354332,5.895895891089954,-7.681912608092851
26103,Marquette County,MI,228423.44277766705,67030.0,0.21155988307791013,0.7474934060643192,0.39332335578282196,1.4103517604446183,8.926597930978915,9.25859141236579,5.391563917562701,-5.723557398949579
26105,Mason County,MI,258255.26627912387,64623.0,0.24809838411741517,0.6251370379906416,0.48149931224209075,1.2415832339571753,8.412607210584758,10.10764199016437,6.731924727994874,-8.426959507574486
26107,Mecosta County,MI,218116.78591573366,62074.0,0.2181429703430008,0.8889772213063187,0.4866243563645072,1.6055031481176778,9.367693271188509,10.894394390291412,5.58911326999011,-7.115814389093012
26109,Menominee County,MI,171159.8115205698,58100.0,0.18288897756359515,0.899949013441435,0.36413796341950166,1.6206367551437966,8.768852794165275,8.759812850842431,4.464920378524395,-4.4558804352015535
26111,Midland County,MI,227429.9805226816,78615.0,0.17959910174357527,0.7179973207431267,0.32688023224412643,1.3696672342922231,7.903371670396255,7.4757046724118625,4.489307496548948,-4.0616404985645564
26113,Missaukee County,MI,219684.4321713981,66502.0,0.20508147870139243,0.6631341515021036,0.5524792230833877,1.2939933942051813,6.629087209921283,8.89746573031481,5.659283516647129,-7.927662037040655
26115,Monroe County,MI,249331.15609957426,76490.0,0.2023642327162053,0.6246136051817031,0.36197717277114005,1.2408612528680782,7.936890438337875,7.860448612370055,5.244365305001301,-5.167923479033482
26117,Montcalm County,MI,224832.461386028,66100.0,0.2111637764656069,0.9920840040498897,0.5840682515337423,1.7477203458692099,8.942728509522277,11.57828037499934,5.493926529389488,-8.129478394866549
26119,Montmorency County,MI,176386.56474330893,51992.0,0.2106157490563904,0.8216348802055158,0.3994024708637256,1.5126165427310783,9.331325000018152,9.742728131184485,5.294677124672168,-5.706080255838501
26121,Muskegon County,MI,241027.90046498715,61598.0,0.2429196077086956,1.3575714983234262,0.3187608383823246,2.25184437986301,14.440540219959919,13.885449684254315,5.412989924289269,-4.857899388583668
26123,Newaygo County,MI,239784.74888218977,66127.0,0.22511508673489972,1.1533658153424335,0.4666858891895489,1.9701794958880985,11.395240393581338,12.697174249609372,5.46160511069512,-6.763538966723153
26125,Oakland County,MI,353027.38202176424,99070.0,0.22122188771975834,0.7200907894690869,0.4122594440484675,1.3725547965637275,8.953991324441487,9.546708035626459,5.71432562585366,-6.307042337038632
26127,Oceana County,MI,248238.04020446833,60449.0,0.254941817708502,0.805693754850888,0.3989261993473885,1.4906286374098596,11.174713073478932,11.664250151396654,6.429331361328753,-6.918868439246477
26129,Ogemaw County,MI,164241.93299962612,55057.0,0.18519675344076522,0.9476468137986465,0.4857381871171438,1.686427262084404,8.277302784784865,9.55915531200562,4.689679785405844,-5.9715323126266
26131,Ontonagon County,MI,129535.78392911334,52958.0,0.15185183602092706,0.5808546153736418,0.4119121254132452,1.1805036241908486,5.352526312941362,5.750762972792413,4.0581977554525155,-4.456434415303567
26133,Osceola County,MI,183855.18931184433,54928.0,0.20779924776849767,0.9986557396992499,0.31463309559140296,1.7567848691095507,10.87056364328758,10.289239539984315,4.886428996383264,-4.30510489308
26135,Oscoda County,MI,141956.2205212798,52462.0,0.1679853659442495,0.2683646504818329,0.42854808844352466,0.7494801168148635,3.0815945669244087,3.687529028905843,4.981204980611924,-5.58713944259336
26137,Otsego County,MI,246509.87365826932,69981.0,0.218683511959617,0.8905341745080269,0.38796112653708836,1.6076506840555216,10.228593790168988,10.516505140742021,5.397716697950278,-5.685628048523308
26139,Ottawa County,MI,367101.0326835885,89708.0,0.2540483020713845,0.9489156138394255,0.4603526021911475,1.6881773427435531,11.603653732912742,12.993801538892415,6.371747181395172,-7.761894987374847
26141,Presque Isle County,MI,190668.04835573465,59991.0,0.19731208451396703,0.3918956005245735,0.4400835373757741,0.9198687671363031,4.93093202116463,5.789852559398294,5.6321632464931,-6.491083784726762
26143,Roscommon County,MI,185033.63873045996,50727.0,0.2264505476819001,1.351341421227655,0.3170370755010905,2.243251112933713,13.449227597261798,12.909643605253638,5.046941191707332,-4.5073571996991735
26145,Saginaw County,MI,157310.2126256277,61572.0,0.15861181039429775,1.051889237639871,0.4205426356589148,1.8302108717659973,7.900119147120824,8.40937884826811,3.8475731872457817,-4.356832888393067
26147,Saint Clair County,MI,245979.98144030126,71545.0,0.2134432087809625,0.9366818393285365,0.3978274036301115,1.671303058796688,10.17536101896405,10.580737359285546,5.2414325979473215,-5.646808938268818
26149,Saint Joseph County,MI,209091.65717902445,65096.0,0.19940877543969923,0.8369723806079692,0.394904322111985,1.5337718563749414,8.962929311256826,9.301360820671038,4.988443675782248,-5.326875185196461
26151,Sanilac County,MI,208826.6174363574,58383.0,0.22205538588290571,0.7933285971452235,0.39468717899715733,1.4735731340582627,9.685278101387166,10.055661755565634,5.60560842348581,-5.975992077664279
26153,Schoolcraft County,MI,179421.47626843906,58519.0,0.19034408890507848,0.6106967216751418,0.5927438012030157,1.2216654238345992,5.38836820199011,7.971318738932549,5.401450140858432,-7.9844006778008705
26155,Shiawassee County,MI,202773.09042842337,71235.0,0.17671717342002838,0.9971864247421685,0.40207058082547675,1.7547582143129379,8.677463374757593,9.058782211158064,4.298354507599814,-4.6796733440002845
26157,Tuscola County,MI,171985.91614132407,62492.0,0.17085603550335832,0.85903061895843,0.3644541484716157,1.5641972150377166,7.994055323592207,7.984343453921832,4.2054941656681,-4.195782295997724
26159,Van Buren County,MI,271606.03953233006,67463.0,0.24993992653174624,0.7941039821281675,0.41118269673262775,1.4746426376982624,10.740989242860346,11.399079668507538,6.34844736968342,-7.006537795330609
26161,Washtenaw County,MI,404759.30979648134,90907.0,0.2764148591341743,0.6477045452791559,0.456819602249964,1.272711037205501,9.923149594033584,11.398495462902309,7.3887322883175885,-8.864078157186313
26163,Wayne County,MI,170789.8801659942,59484.0,0.17824765854465766,1.2648133429934956,0.43041962246002163,2.1239012458750905,9.66288977798921,10.335237395575895,4.195308494165302,-4.867656111751986
27001,Aitkin County,MN,259128.92891615824,62351.0,0.25800869467607856,0.6991458763388889,0.4229865120843508,1.3436650691057954,10.135538385780988,10.990124711050589,6.724584405466503,-7.579170730736103
27003,Anoka County,MN,363019.708786112,100616.0,0.22398813875746537,0.7551650600468367,0.3731098859108031,1.4209334225087562,9.694609588463047,9.780270864904445,5.65417387543223,-5.739835151873628
27005,Becker County,MN,339293.83393244405,71821.0,0.29328265844321144,0.7311045240836114,0.32257292280494987,1.3877462556702755,13.08333605481308,12.314664674127545,7.296846722899051,-6.528175342213516
27007,Beltrami County,MN,256253.6108807987,63322.0,0.2512333186507288,0.684357459529159,0.37563815689426683,1.323267117177724,10.247464304955352,10.369778595371283,6.451617849031141,-6.57393213944707
27009,Benton County,MN,293305.7099410424,77562.0,0.2347650177549314,0.82007337010699,0.477005693828195,1.5104627213765185,9.66433619409849,11.183682019810192,6.078952521236553,-7.598298346948251
27011,Big Stone County,MN,178133.04471572314,69982.0,0.15802289213287415,0.5387412960339029,0.47073534665741956,1.122415900908778,4.852038937583336,5.835381818126039,4.369046146488549,-5.352389027031252
27013,Blue Earth County,MN,285241.6617211058,72501.0,0.24424789293773727,0.7156502110055418,0.4598300579896908,1.3664298200231269,9.357348345633875,10.700400522769915,6.430882918039767,-7.773935095175807
27015,Brown County,MN,217155.88965801406,71234.0,0.18925446986440858,0.619073983313903,0.26458370317770274,1.23322034431019,8.208720401273025,7.023174098955381,4.72258181616565,-3.5370355138480063
27017,Carlton County,MN,285170.41751675576,74613.0,0.23727491914595866,0.7894602453045276,0.35795795795795793,1.4682374408665848,10.67326304085511,10.558596966321703,5.91019304939523,-5.795526974861822
27019,Carver County,MN,481684.9358011053,128341.0,0.23300192569515724,0.5606962195474692,0.36740999605783276,1.1526987554006496,8.499739812391125,8.475660430837168,6.15184712221952,-6.127767740665563
27021,Cass County,MN,316067.6698793009,74471.0,0.26348430700376085,0.9340924031885867,0.5630391436667017,1.6677313989913767,10.910733871359458,13.901151927153691,6.879276438877753,-9.86969449467199
27023,Chippewa County,MN,204592.39146843893,70511.0,0.18013349262498263,0.7956688958824538,0.3853937441056272,1.4768011537816417,7.93761858038355,8.140362396718412,4.528831538571342,-4.731575354906204
27025,Chisago County,MN,377686.07268585917,100209.0,0.2339839708347705,0.8893286251953716,0.43082129190701934,1.605987846360125,10.551474259068927,11.436998757254457,5.871364168042532,-6.756888666228062
27027,Clay County,MN,292348.23541774735,81226.0,0.2234432681481143,0.4733638859406133,0.34442292732178026,1.0322395632099846,7.56249409723857,7.20132422450421,5.989244644208178,-5.628074771473818
27029,Clearwater County,MN,209381.32910516683,65723.0,0.19778002981841766,0.7124737769502487,0.5395769401953665,1.3620485025368674,6.886753169970677,8.910154913776054,5.367976947715791,-7.391378691521169
27031,Cook County,MN,414349.350101317,68087.0,0.37780206536742095,0.7415359453840338,0.35227408142999006,1.402134518657797,16.51195794621165,16.188619276245863,9.48833736933548,-9.164998699369697
27033,Cottonwood County,MN,168784.8634811436,73902.0,0.14178789984174434,0.9240451766665392,0.4945397184921534,1.6538730633599164,6.1939450855721585,7.248293737220059,3.618371807124944,-4.672720458772845
27035,Crow Wing County,MN,357534.06518094026,73595.0,0.30159975337884976,0.8236976862881631,0.45000492562309136,1.5154618114202254,12.774653645438727,14.25216974317755,7.725330274456848,-9.202846372195673
27037,Dakota County,MN,389123.2902981487,105495.0,0.22899036738993983,0.6273227918837341,0.35989223471176657,1.2445980869608149,9.025629992086692,8.910881728663014,5.9255113656428,-5.810763102219122
27039,Dodge County,MN,306579.28435993486,97714.0,0.19478157764685353,0.8768828287748331,0.4919534613857759,1.5888211164552928,8.252776175465613,9.676980622453037,5.01249113715866,-6.436695584146084
27041,Douglas County,MN,333744.7974961469,79503.0,0.2606110659189272,0.7417645399013206,0.39923265104982497,1.402449823536922,10.882620486330277,11.381835842627837,6.665301134937893,-7.164516491235452
27043,Faribault County,MN,145243.99813959267,65607.0,0.13743896651348814,0.7231779527377871,0.25758592267438507,1.37681298111176,6.471918969981895,5.5815630970808305,3.337118724121434,-2.446762851220369
27045,Fillmore County,MN,278908.710096358,77883.0,0.2223214007493334,0.7927775520436975,0.49286946520989083,1.4728130667950974,8.810307462590835,10.457949218586856,5.824643447720108,-7.472285203716129
27047,Freeborn County,MN,186319.86618058232,69863.0,0.16556700685290088,0.982329335476146,0.47334345607153394,1.7342655411256374,7.63521656390337,8.662196189912544,4.146632996402775,-5.173612622411949
27049,Goodhue County,MN,309346.8835004668,84127.0,0.22828228334481795,0.7077830684010122,0.3954880982002156,1.3555785166873369,9.304365420089841,9.688008473955277,5.875368216010227,-6.259011269875664
27051,Grant County,MN,217102.8113118304,69963.0,0.19264550870501196,0.895952695984658,0.3834882341309076,1.6151245564803793,9.072960034374725,9.277440125438023,4.741870686477134,-4.946350777540432
27053,Hennepin County,MN,383006.30797370034,95372.0,0.24931413480056352,0.5734087114053794,0.3841688194827435,1.1702333435272871,9.030226970481433,9.261892627284421,6.603930210061275,-6.835595866864262
27055,Houston County,MN,295156.7837422769,77735.0,0.2357208677707334,0.781830439036574,0.3813170801051957,1.4577135001718764,10.323786649081947,10.53120202129077,5.934655318991973,-6.142070691200796
27057,Hubbard County,MN,308016.5110071218,72189.0,0.26488955651235063,0.7134362661351858,0.3661550689805264,1.3633760826543502,11.17695291898615,11.161871157916623,6.731465886634206,-6.716384125564681
27059,Isanti County,MN,331717.1957799072,92468.0,0.22270931690366486,0.8576144435893143,0.464630785313777,1.5622438567118988,9.540413443289806,10.818869729678616,5.695737409884983,-6.974193696273794
27061,Itasca County,MN,243667.90878840527,71607.0,0.21125389340758266,0.5724700438574166,0.37536493546404426,1.1689386210586052,7.729381051172038,7.812156183511372,5.577793328607314,-5.660568460946648
27063,Jackson County,MN,202217.0667123089,79179.0,0.1585512457724896,0.912209250026224,0.4662506249884262,1.6375475387456464,7.041032706238881,7.963585150868728,4.013432049713872,-4.935984494343718
27065,Kanabec County,MN,259816.58719168138,71812.0,0.22461135946450175,1.049237230333333,0.46833786574518976,1.8265529063294221,10.793023757935746,12.118377966586925,5.548297798942106,-6.873652007593284
27067,Kandiyohi County,MN,273211.6791312006,76575.0,0.22150019851186922,0.6530482217219806,0.4558815141547996,1.2800816744144945,8.006752615908674,9.176219169523996,5.910931315726812,-7.080397869342135
27071,Koochiching County,MN,150594.46653244176,64165.0,0.14570440461187364,0.5115611439105832,0.3708419680816972,1.084925786615789,4.990353051912086,4.999769351486956,3.9042428830392444,-3.913659182614113
27073,Lac Qui Parle County,MN,191093.5404422195,72965.0,0.16258979549858518,0.7900790519898606,0.43733748325585053,1.4690909730047834,6.79410320386383,7.470922068124667,4.174600905487522,-4.85141976974836
27075,Lake County,MN,264433.2369359617,73427.0,0.22357442445752004,0.9357057533728559,0.3829883412125892,1.669956724387954,10.776699597234694,11.011507314614132,5.4603159442355,-5.695123661614937
27077,Lake of the Woods County,MN,208408.1803120264,68245.0,0.18958579250960544,0.5397449508591052,0.4794701699618453,1.1238002615972986,5.75175703993093,7.033093163469782,5.257701265961452,-6.5390373895003036
27079,Le Sueur County,MN,342119.84924561565,97422.0,0.21801335371500638,0.8076419163743391,0.5544740873117182,1.4933157746210135,8.209149717061665,10.606700673490504,5.823175059404184,-8.220726015833025
27081,Lincoln County,MN,187584.16668946485,67555.0,0.172385425370765,0.6528456055107217,0.2950502262096466,1.2798022019198876,7.44612353100431,6.693012532476464,4.319648644378029,-3.5665376458501834
27083,Lyon County,MN,204204.4689612667,75285.0,0.16839091327664416,0.3496184106435398,0.36755008991662286,0.8615550140183987,4.468626481958765,4.41703944116629,4.735081518400139,-4.683494477607663
27085,McLeod County,MN,281596.48617426824,81839.0,0.21361354239063338,0.8353274437790623,0.3516160465077871,1.531502962902945,9.956133866914762,9.781415697588097,5.257034867337213,-5.082316698010545
27091,Martin County,MN,202240.3797295026,61311.0,0.2047817911137347,0.7577657760183008,0.2647180164198193,1.424520640805821,9.796017190484186,8.568430737229411,4.948887177115147,-3.721300723860373
27093,Meeker County,MN,272096.25974455016,75367.0,0.2241316603567718,0.8100494284551594,0.2859726653812684,1.4966365030209943,10.8685463717187,9.822599437316946,5.402887526639927,-4.356940592238171
27095,Mille Lacs County,MN,300399.74373199703,76062.0,0.24518487844491077,0.8688683208411654,0.5022218711117254,1.5777665492449247,10.230068787548035,12.16929989523986,6.343683117927175,-8.282914225618997
27097,Morrison County,MN,295278.33066073625,71508.0,0.2563532397119625,0.8209308894738048,0.31824131256336985,1.5116455145751906,12.180581682257971,11.469874374554765,6.245318715555692,-5.534611407852488
27099,Mower County,MN,189863.53255458327,70499.0,0.16719391414219972,0.981031762539841,0.38564802075553284,1.7324757734501341,8.240929556862268,8.44499614128241,4.053329491049551,-4.257396075469695
27101,Murray County,MN,218724.31519045398,73306.0,0.18523344665489125,0.5377541561473438,0.45511929810631635,1.1210543195974458,5.815666206154127,6.790742874761876,5.092263173576993,-6.067339842184742
27103,Nicollet County,MN,291428.8814201275,82044.0,0.22051981945868598,0.6521471980536682,0.3943812777239586,1.2788388748837027,8.558763491099548,8.909383135201947,5.748665110803053,-6.099284754905453
27105,Nobles County,MN,219765.64494924605,70123.0,0.1945634143399033,0.7003766145431769,0.3996606786427146,1.3453626503310274,7.845226175733925,8.219862326688173,5.024255875979266,-5.398892026933513
27109,Olmsted County,MN,335123.26880443026,94129.0,0.22102581642103086,0.7685346633853434,0.34349085822759506,1.439374377325286,9.929535694168692,9.631370108974235,5.499110991921089,-5.200945406726631
27111,Otter Tail County,MN,310248.88658053055,71907.0,0.26785572074661856,0.8223207028263879,0.2989685134671316,1.5135625112571027,12.943220995520019,11.900536776825078,6.474044960523796,-5.431360741828854
27113,Pennington County,MN,209783.4500956037,72712.0,0.1791129545970253,0.11665906852124497,0.41625601371223775,0.5402296468107897,1.4416865538452366,1.9319752494615718,5.622168861797726,-6.112457557414062
27115,Pine County,MN,249667.64431378664,67872.0,0.228367070917743,1.131533706658994,0.4649054649054649,1.9400660422883713,11.458181392689234,12.757396724143252,5.55647335378118,-6.855688685235199
27119,Polk County,MN,230512.58765475848,75047.0,0.19068791703590304,0.594182702592915,0.3828450340888152,1.1988873150138581,7.0767338417177115,7.241104832618813,5.0211301820574885,-5.18550117295859
27121,Pope County,MN,313137.6351855648,76823.0,0.2530497249409463,0.6912873608994343,0.44222501736534814,1.3328256653871677,9.66065541707537,10.788508534865889,6.656234669024371,-7.784087786814892
27123,Ramsey County,MN,335102.54056341626,78562.0,0.2648055323769622,0.6253914480484783,0.371088500671914,1.2419341467152165,10.285973174391774,10.331647913016626,6.885895659152672,-6.9315703977775245
27127,Redwood County,MN,168748.2287890784,66279.0,0.15806115118262712,0.6665256085693565,0.36601401483924145,1.2986712971283954,6.413134573944693,6.397204188673255,4.0609008365776855,-4.044970451306248
27129,Renville County,MN,180306.96807818316,74186.0,0.1508872072329101,0.8726273680084837,0.30528723497844634,1.582951476367338,7.463678312519242,6.940898547674742,3.6192838766376303,-3.096504111793129
27131,Rice County,MN,333506.6337712716,83933.0,0.24667980441466142,0.8134479862174107,0.4020847602024622,1.5013242000714024,10.84066471767281,11.36041088817354,6.218314539632043,-6.738060710132776
27133,Rock County,MN,247341.92127123234,77403.0,0.1983817884870297,0.8155127349149873,0.3956041974685369,1.504172148247234,8.782131567464706,9.125321855358848,4.9862630279714635,-5.3294533158656066
27135,Roseau County,MN,221877.7389952174,76342.0,0.18043137681172625,0.7891772798643295,0.4029329608938548,1.4678471411123417,7.785892753331014,8.173639971769022,4.573340459868103,-4.961087678306113
27137,Saint Louis County,MN,236322.00336834733,69200.0,0.21201174959039087,0.6938106950753775,0.38010809517161603,1.3363061494634265,8.677168550529805,8.838104774697195,5.441810356549793,-5.602746580717184
27139,Scott County,MN,433920.4209935966,121666.0,0.22141279995886287,0.6096750034811491,0.30967297466038013,1.2202561479889664,9.080698647528788,8.293462445580348,5.640575756589341,-4.853339554640903
27141,Sherburne County,MN,380419.9806662062,110997.0,0.21277173896598828,0.8564204182481401,0.39627649537706766,1.5605969142552762,9.67487224791784,10.054395638753626,5.304436270930108,-5.683959661765893
27143,Sibley County,MN,269415.96939714014,79069.0,0.21153340158569944,0.571122270121422,0.3859110986468486,1.1670796104403318,7.625157456847564,7.843883986779174,5.610398235885889,-5.829124765817498
27145,Stearns County,MN,294046.036698676,76793.0,0.23771443838709802,0.7585856394969488,0.3900695098110203,1.4256514945030232,10.148728721035527,10.477365029662229,6.035639229106541,-6.364275537733241
27149,Stevens County,MN,196266.17635933205,73103.0,0.1666756381563833,0.4344760108638619,0.3457099202915892,0.9786007581501686,5.331418369718461,5.066780438103705,4.521832620662248,-4.257194689047489
27151,Swift County,MN,183238.5802274323,65656.0,0.17326241461934772,0.7204785986556872,0.39308296201994475,1.3730897093435956,7.155158724762894,7.422569677446362,4.442167290795577,-4.709578243479044
27153,Todd County,MN,259904.46418773706,70856.0,0.22771884494416247,0.8105286678630821,0.4507780507780508,1.4972975272895561,9.542803922983978,10.66910463740963,5.850840099893279,-6.977140814318933
27155,Traverse County,MN,128822.36174463613,68666.0,0.11646927514354409,0.24716357835952163,0.46835172354802834,0.720237064259708,1.7053988465594943,2.432238070949905,3.53653738641224,-4.26337661080265
27157,Wabasha County,MN,290317.46340238577,81105.0,0.22222217648137693,0.7534827890521338,0.4014307189881292,1.4186130332932345,9.34587156571562,9.801262021461238,5.673427971239008,-6.128818426984621
27159,Wadena County,MN,215846.8610781808,61394.0,0.21826378003682265,0.8933398285402407,0.3464482312432835,1.6115205774195118,10.573130255374585,10.339217619239776,5.298997749144603,-5.065085113009793
27161,Waseca County,MN,245826.27101044668,79832.0,0.1911670984766148,0.7562114502502428,0.46494173777410763,1.4223767289384917,7.555805298752357,8.662415168715937,4.996647232754683,-6.103257102718261
27163,Washington County,MN,434719.80778687407,113057.0,0.2387117720486669,0.6114087466842335,0.2799533562023797,1.222647533826081,10.124511161386998,8.847294803525308,6.0057520632366685,-4.728535705374978
27165,Watonwan County,MN,158063.13569091193,71892.0,0.13649347558305447,1.1629675561070725,0.49637831987344927,1.983423364319913,6.803323621195949,7.817256599399562,3.342200707465985,-4.356133685669599
27167,Wilkin County,MN,205467.29143643958,80591.0,0.15827707509165292,0.8164802729539851,0.4242970503508121,1.5055066923476592,6.830183300600355,7.368661606166773,4.021170322469864,-4.559648628036283
27169,Winona County,MN,260990.23448366098,74003.0,0.2189458896761348,0.6693537932098557,0.36117497746794935,1.3025722674001186,8.951513492153266,8.866567634387907,5.6106678464744935,-5.525721988709137
27171,Wright County,MN,386269.80849634967,102130.0,0.2348006512752101,0.7215459201352532,0.33665763608046384,1.3745618866910485,10.262970839823884,9.840784327736827,5.887169047179817,-5.464982535092759
27173,Yellow Medicine County,MN,161995.49941188365,80444.0,0.125017599766189,0.6004366506204695,0.5599294149585992,1.2075135075852472,3.6674479512249376,5.117739350303108,3.514906708867507,-4.965198107945676
28001,Adams County,MS,133361.10669827613,45515.0,0.18190159558992886,0.10496467437544266,0.3930462461359532,0.5240993407284613,1.5641216012849346,1.7676774562598327,5.685610043941934,-5.889165898916833
28003,Alcorn County,MS,158949.0311232483,54635.0,0.18061291518692885,0.4075625012182338,0.32022811299325804,0.9414784290306648,5.779401355303168,5.1944182810268185,4.88960947600981,-4.304626401733461
28029,Copiah County,MS,128218.38964709568,52118.0,0.1527300315115385,0.5118463600849923,0.5009647783889641,1.085319190851655,4.279846856100904,5.517523414416791,4.3037619787999635,-5.54143853711585
28031,Covington County,MS,167378.53832300924,51171.0,0.2030662419441415,0.4727935953546931,0.4133292824393746,1.0314529502745837,6.178831277734423,6.722659231542431,5.595179501286107,-6.139007455094115
28033,DeSoto County,MS,298414.30990192195,85117.0,0.2176532726666433,0.766993454552553,0.40433921795083316,1.437248557902771,9.224176068522683,9.70838320720091,5.546424856134793,-6.030631994813019
28035,Forrest County,MS,183574.25050963458,49352.0,0.23092389351409678,0.3808923023423292,0.402125120745497,0.904691703204485,6.093092744418987,6.539642220954722,6.516739909208981,-6.963289385744715
28039,George County,MS,200782.4154657291,66266.0,0.18810345964360747,0.5343250312880703,0.37447108603667134,1.1163244607535439,6.593751994098411,6.651577635036145,5.015896779838715,-5.073722420776448
28041,Greene County,MS,127693.75904100091,56231.0,0.14097942331828534,0.34208497899638357,0.31691608702779916,0.8511640047190805,4.068681281242896,3.564343670372086,3.8928449829880933,-3.3885073721172825
28045,Hancock County,MS,237295.33401987507,62485.0,0.23576280469913743,0.7844997051364664,0.36100280978414756,1.4613952709989615,10.540022400404652,10.467253848512367,5.885743860030716,-5.81297530813843
28047,Harrison County,MS,223304.85670417288,63362.0,0.2187918580203313,0.7007197224755037,0.49544489025253724,1.345835905798451,7.9314426842553685,9.598695219963473,5.8584707690208075,-7.525723304728914
28049,Hinds County,MS,123193.41846721295,51926.0,0.14728702915687417,0.4096869047178966,0.3260636396138721,0.944408660239284,4.683902254922851,4.261830102333207,3.9942979460485573,-3.5722257934589132
28059,Jackson County,MS,206672.732678844,69544.0,0.18449533103002155,0.7124343437669909,0.5007660933554889,1.3619941115775918,6.727050992015002,8.18975782446955,4.936311772303714,-6.399018604758264
28065,Jefferson Davis County,MS,89970.13721278572,41586.0,0.13431146878089695,0.06142957695792739,0.4417056682267291,0.4640505311951715,0.2049909686211021,0.8106352020715987,4.371021588350889,-4.976665821801386
28067,Jones County,MS,165966.4954082669,53046.0,0.19423596486655417,0.31984714043544193,0.4567874110894461,0.8204909199807702,3.880508339783642,4.937778246391076,5.717238554078552,-6.7745084606859844
28071,Lafayette County,MS,363741.0512918834,67571.0,0.3341902970098978,0.7344681104053818,0.5556809024979854,1.3923857159302981,11.687857365501102,15.416568784042225,9.077151103021093,-12.805862521562215
28075,Lauderdale County,MS,122789.95277934572,56828.0,0.13414124270303446,0.05588621753538514,0.4824437835863724,0.4564044673550829,-0.23983352953770298,0.7522266345429525,4.449780254590871,-5.441840418671527
28077,Lawrence County,MS,125762.1360358259,52187.0,0.14960614697213992,0.13385815544877167,0.3225291434363913,0.5639526830808781,2.3094333956086484,1.7559322832626414,4.482649772420233,-3.929148660074225
28079,Leake County,MS,144736.3387012628,57130.0,0.15728062385921368,0.296099766580616,0.5956317729862586,0.7877357037503241,1.690083495731265,3.9729879488653568,4.923180022575719,-7.206084475709811
28081,Lee County,MS,190905.5175847181,61826.0,0.19169429845988467,0.49729497519451304,0.43454452642814045,1.0652481816759085,5.85412909700257,6.6209830072790865,5.288025370255151,-6.054879280531667
28083,Leflore County,MS,81602.52151367736,39033.0,0.12978769271267526,0.41420312423679806,0.47183257918552046,0.9506379699638083,3.185780646352221,4.011013746633245,3.724155535902344,-4.549388636183369
28085,Lincoln County,MS,168261.14535336065,57959.0,0.18022906179152676,0.47123917376547975,0.4266128436753882,1.029308906239264,5.352726022507656,5.984595913286803,4.994093468602332,-5.625963359381478
28087,Lowndes County,MS,178336.83139863893,56293.0,0.1966747092957307,0.36881246599864226,0.3441499522445082,0.8880297491760205,5.665556964873527,5.315227847762389,5.443512856845512,-5.093183739734376
28089,Madison County,MS,323304.1128028249,90259.0,0.22237326703986923,0.4860435153652567,0.3375270442488367,1.0497288235410474,7.7266141078708,7.275542989980093,5.922302744454589,-5.471231626563883
28091,Marion County,MS,135014.3163259167,49639.0,0.16885684194204303,0.226098583371396,0.4287893615796443,0.6911817055515237,2.619868841261655,3.2308379110492287,5.08866953268801,-5.6996386024755825
28093,Marshall County,MS,214213.8324535573,54244.0,0.24516454766724768,0.6745321811668707,0.4272483292111773,1.309714918974735,9.366936176126758,10.240648046227857,6.43771666970095,-7.3114285398020495
28099,Neshoba County,MS,151549.56031399564,59316.0,0.15861515831354725,0.2959121474397417,0.5581590837448775,0.787476917007593,2.034895336605383,3.9493207354677464,4.8960073214032676,-6.810432720265632
28101,Newton County,MS,156577.3052877653,49159.0,0.19773686279209304,0.447991505201347,0.3289448784839555,0.9972429432689134,6.616479141206405,6.098267917500913,5.3065589193245035,-4.788347695619013
28105,Oktibbeha County,MS,263181.6698452454,54391.0,0.300393450434285,0.40895532939085544,0.430927889295204,0.9433995841126952,7.92133238653637,9.054375710835604,8.49759103434006,-9.630634358639293
28107,Panola County,MS,187535.2513599532,51437.0,0.2263440845354229,0.610998140079059,0.44823605597319593,1.2220811761218418,7.882487245490507,8.975302218477776,6.086495495077327,-7.179310468064594
28109,Pearl River County,MS,185451.00604562208,56958.0,0.20213258367809622,0.5074187764381153,0.3117918010133578,1.0792121383153024,7.460549728785529,6.7347532342120315,5.295282404335003,-4.569485909761506
28113,Pike County,MS,100436.13168825132,46164.0,0.13506673756053653,0.05915015117284628,0.4437077808356267,0.4609064747227376,0.15900891082540336,0.7872507435614852,4.404055352980482,-5.032297185716563
28121,Rankin County,MS,258661.22888916137,84139.0,0.1908516220188616,0.5650930789276805,0.4400951631123131,1.1587634293563518,6.353591247701129,7.1817080217086495,5.1779213662196275,-6.006038140227147
28123,Scott County,MS,117456.83853023661,52147.0,0.1398333761270344,0.3126264290144296,0.512866633786881,0.8105312517926673,2.2989632710344194,3.569905107495112,4.217085106156122,-5.4880269426168145
28127,Simpson County,MS,155080.0374492362,55167.0,0.17451726352315944,0.20721138880150458,0.4616872449790683,0.6651302294638808,2.1322243934461085,3.14832325165407,5.368535273099475,-6.384634131307436
28129,Smith County,MS,159779.24762978926,57932.0,0.17122363576793997,0.3611929889566807,0.4255973620099909,0.8775200557843168,4.1213858928264155,4.708271355453649,4.9087566246151075,-5.495642087242342
28131,Stone County,MS,190339.53788877206,62350.0,0.18951972502554285,0.5629306379526202,0.47416952358434794,1.1557807323155473,5.992203516649511,7.209103183964198,5.212240177294977,-6.429139844609666
28137,Tate County,MS,232088.9757287148,68786.0,0.2094673417569461,0.7582006073507537,0.5858078199926227,1.4251204121491856,7.24947828163148,9.951670026996943,5.720580703897916,-8.42277244926338
28141,Tishomingo County,MS,187975.16779816922,56250.0,0.20746260137640515,0.544364439625213,0.4904610492845787,1.1301720126099788,6.230299703256553,7.7717425374945845,5.7701435534571415,-7.311586387695172
28149,Warren County,MS,147645.45302076885,60686.0,0.15104050492058013,0.215584414903097,0.4997158037810454,0.6766793077803912,1.594142473909338,2.8569709922394844,4.700482524709479,-5.963311043039625
28163,Yazoo County,MS,101331.4636614495,45496.0,0.1382715927009538,0.03890241612730638,0.3295926120755157,0.4329783786036512,0.9975945774132439,0.5162559835656435,4.342341572575169,-3.861002978727568
29001,Adair County,MO,178878.13644324956,58548.0,0.1896736765294146,0.4522809223618147,0.45562130177514804,1.0031594200739957,5.184488408511373,6.193706509547575,5.345471609866172,-6.354689710902376
29003,Andrew County,MO,255538.08200097844,78305.0,0.2025946635835044,0.7468474455518626,0.3345547507456328,1.409460774502712,9.038131127571205,8.65399987190948,5.046780486319818,-4.662649230658095
29007,Audrain County,MO,163897.8346210652,59562.0,0.17083065590930757,0.7618859497852761,0.4021186440677966,1.430203676895173,7.226902097063135,7.584371412609509,4.354431413310409,-4.711900728856783
29009,Barry County,MO,224948.78241324305,61057.0,0.22872311123419178,1.0785143520545062,0.629620732911629,1.8669354117148442,9.871253525810317,13.287480042744967,5.953267826523357,-9.369494343458006
29013,Bates County,MO,215735.62656862335,66501.0,0.20139818817359548,0.9204648613189117,0.44923398783969315,1.6489346645246745,9.121310007030605,10.096264546207777,5.057796356893572,-6.032750896070745
29015,Benton County,MO,179617.7643986372,49634.0,0.22466316619129265,0.7744121945109428,0.4531561072725143,1.4474813707173602,9.127271185072791,10.27113264890858,5.822703773628448,-6.966565237464236
29019,Boone County,MO,310620.28028531076,80041.0,0.24092350135712157,0.7508882366818914,0.5735967757790228,1.415034316571628,8.394169685707139,11.331566832118316,6.561708127647155,-9.499105274058332
29021,Buchanan County,MO,173434.85763237695,63736.0,0.16893259322951887,0.5070255868219427,0.3197498654077111,1.078669804203916,6.167709419511716,5.644154452949735,4.440364693856106,-3.9168097272941247
29023,Butler County,MO,151386.95721637158,48191.0,0.1950223505250281,0.32900075893829506,0.3571488918302401,0.8331166846309968,5.06374517805987,4.868105230740817,5.499035274711048,-5.3033953273919945
29025,Caldwell County,MO,218249.5470563563,65282.0,0.2075495350238914,1.2602563096869854,0.46800089948279733,2.1176156408967644,10.982007148595873,12.192634769411661,4.955623313882389,-6.166250934698179
29027,Callaway County,MO,245823.7409115796,71868.0,0.21234895549304475,0.7129024371179784,0.422734291483549,1.362639761872288,8.447667228840801,9.148197610329536,5.516311531493567,-6.216841912982302
29029,Camden County,MO,332630.14938207855,68312.0,0.30229187552020975,0.6652138373011174,0.3830299840058309,1.2968619454165506,12.027017038460267,12.304095056995155,7.820807226955308,-8.097885245490195
29031,Cape Girardeau County,MO,224847.0112020647,66862.0,0.2087707352170176,0.5930287871810542,0.3476166481910712,1.1972956969655542,8.073019937922618,7.806313457022645,5.422887514954677,-5.156181034054703
29033,Carroll County,MO,163514.1379649367,64304.0,0.1578625759173652,1.0967804230328926,0.4735780741555524,1.8921301599103848,7.742953254121447,8.71883062088087,3.8753761747512825,-4.851253541510708
29037,Cass County,MO,316461.9378905715,83378.0,0.2356307006336464,0.9179882278142095,0.32354435202235066,1.6455185955957052,11.77454272109105,11.216989494118357,5.643030401860288,-5.085477174887594
29039,Cedar County,MO,206640.81977175214,53079.0,0.24168808948071757,0.8769664319387975,0.4096510330907739,1.588936431931014,11.009124499268449,11.628465632601522,6.0311559648829505,-6.6504970982160225
29043,Christian County,MO,306964.247415835,81892.0,0.23270632227325025,0.9292927996675158,0.5152838427947599,1.6611112121819138,10.019922199023451,12.026066735201896,5.977621460031831,-7.983765996210276
29047,Clay County,MO,309690.8155527537,88044.0,0.2183687185054173,0.954627459940361,0.3523177587319142,1.6960558035474689,10.883689961730472,10.732818015297806,5.2522204900607,-5.101348543628033
29049,Clinton County,MO,264912.25116510974,78703.0,0.20896455234796002,1.0273736106766105,0.3193026569440953,1.7963959890292531,11.037783923530824,10.513893189974288,4.898080178935145,-4.37418944537861
29051,Cole County,MO,255893.38078612697,75881.0,0.20935718554482066,0.8173355953829593,0.34557480538364693,1.5066864552670909,9.697545802432629,9.449671762598246,5.159277510142849,-4.911403470308468
29053,Cooper County,MO,233054.04759620572,73980.0,0.19557087905866966,0.8168440066371918,0.5864642305712815,1.5060083973158207,7.176195467506151,9.689363853725041,5.273654153349028,-7.786822539567919
29055,Crawford County,MO,199837.29452204445,59081.0,0.20998611019433858,0.5958298625773137,0.5349302434335299,1.2011592749276123,6.3556892231973805,8.474663111347647,5.856758787079151,-7.975732675229419
29057,Dade County,MO,181372.40178509953,56747.0,0.1984221549535476,0.8564665561107518,0.47333575656869864,1.5606605531096402,8.425534145948298,9.664626174545932,5.092234087373853,-6.331326115971488
29059,Dallas County,MO,226692.4338323328,53767.0,0.2617478269985679,1.0878068801545977,0.42316040232927477,1.8797527770836102,13.239327068233317,14.11905055316691,6.316939000559738,-7.196662485493331
29061,Daviess County,MO,240272.09890743127,63306.0,0.2356244390364521,1.173446215237007,0.4676248985742437,1.997876783367611,12.027336945245521,13.401269569739469,5.70029835613243,-7.074230980626376
29063,DeKalb County,MO,221829.76737385246,64148.0,0.21468345109214923,0.6810898679959867,0.4438317315267055,1.3187600644031252,8.100563609135675,9.078194031927314,5.664216738582504,-6.641847161374142
29067,Douglas County,MO,215346.32979677283,47781.0,0.27979767696234553,1.2550915146140467,0.4488310743200219,2.1104917382524437,14.947115530009722,16.285133461175164,6.639407062056723,-7.977424993222163
29069,Dunklin County,MO,87811.93744373384,47022.0,0.11593493610844889,0.07618773877440099,0.4731203007518796,0.48440675182056414,0.08814928805290362,0.8664565705465406,3.794032175156167,-4.572339457649805
29077,Greene County,MO,249553.31903222456,66286.0,0.23372404969174893,1.0593458862897842,0.5104477611940299,1.8404959727786605,10.94401320318476,12.875758281889508,5.852216479050175,-7.783961557754925
29079,Grundy County,MO,111475.63977898267,52924.0,0.13076429526593805,0.602975918947803,0.3653226014498361,1.2110159699475025,5.001614590115346,4.976238535449156,3.4118701939123945,-3.3864941392462042
29081,Harrison County,MO,122762.5669797793,55569.0,0.13714982076573387,0.7375580544218634,0.4621497171424813,1.396647736018017,5.347729408396862,6.119850036200894,3.5960914783646434,-4.368212106168675
29089,Howard County,MO,204545.3982982228,60980.0,0.2082400015455298,0.8421505154498579,0.3662230586548372,1.5409141588229232,9.627152324887723,9.634421014363333,5.146736789753347,-5.1540054792289585
29095,Jackson County,MO,242845.6936359217,70661.0,0.21335974915219033,1.1918117212047914,0.4610247291373748,2.023208684184681,11.024947716050844,12.19033736280284,5.134483937484656,-6.29987358423665
29097,Jasper County,MO,206759.23838612402,62016.0,0.20697745260985076,0.7250568119631464,0.41835147744945567,1.3794045283105976,8.359919884299673,8.98934590620143,5.352788827433515,-5.982214849335272
29099,Jefferson County,MO,274265.51496728434,86073.0,0.19781814691895366,0.6279046147544867,0.46514715645054205,1.2454006066017578,6.873975680875405,8.030172339791278,5.330815884923601,-6.487012543839475
29101,Johnson County,MO,268332.4425199223,68188.0,0.24430204153708293,0.7530722582822857,0.5458976626085379,1.4180467801901413,8.811566909933674,11.390839063783504,6.584020483498249,-9.163292637348077
29105,Laclede County,MO,221421.74193354402,58327.0,0.23567444252123004,0.8027841788967767,0.4316536167497116,1.486615402510774,9.998632297113447,10.901364805223588,6.0216688955710715,-6.924401403681213
29107,Lafayette County,MO,214211.72800353542,74488.0,0.17853312045362327,1.0420541976887603,0.4801390958768008,1.8166452092130303,8.47144702991999,9.64394441476702,4.434728117320536,-5.607225502167568
29109,Lawrence County,MO,200337.51240165866,62434.0,0.19920625986795992,1.0399284881746902,0.5001321511809511,1.8137131765932497,9.299937366847365,10.832804342085826,4.986241878704497,-6.51910885394296
29113,Lincoln County,MO,290573.9575101153,93517.0,0.1928981163865309,0.8925782173652324,0.7132676242122233,1.6104700722616183,6.629789174183948,10.496177469396166,5.350906806935107,-9.217295102147325
29115,Linn County,MO,131697.712964871,57520.0,0.14214160683794433,0.8871350393289452,0.4518653137462769,1.6029621905628102,6.285867704496462,6.9961352441140985,3.596549911184611,-4.306817450802247
29117,Livingston County,MO,174905.5921996679,62122.0,0.17479142814607315,0.5990582133067264,0.522299549108018,1.2056122020957312,5.415149334616371,7.044398812390811,4.848237758486626,-6.477487236261066
29119,McDonald County,MO,212523.45936721517,54502.0,0.24207854589382047,0.842621590415956,0.43656922955270305,1.5415639217175339,10.524838899935448,11.521378127719531,6.145266610085924,-7.141805837870008
29121,Macon County,MO,184942.83157795484,60822.0,0.18877247529503238,0.745164232452497,0.4805744888023369,1.4071390858238417,7.266297719586522,8.533754829267018,4.975340212936837,-6.242797322617333
29127,Marion County,MO,174936.54300371392,59490.0,0.18255697714138938,0.5989305098133353,0.44054047509504324,1.2054360581749348,6.331492811059748,7.1280891165279225,4.9098208845673375,-5.706417190035512
29131,Miller County,MO,248356.5354790551,64343.0,0.23962722125707803,0.8531430804635545,0.605484442448287,1.5560764182858877,8.91161594738215,12.242462571040736,6.455676047141858,-9.786522670800444
29135,Moniteau County,MO,216713.13231723974,69870.0,0.1925556875310101,0.7691685298255233,0.38287976249381495,1.4402486816772644,8.34351026336166,8.529320721908695,4.864178459797645,-5.049988918344679
29137,Monroe County,MO,188303.44614307745,63949.0,0.18280428659843706,0.547781416166002,0.4518025790047222,1.1348851150410995,5.84904615279859,6.773663799998806,5.005310403299121,-5.929928050499337
29143,New Madrid County,MO,100046.64013998715,53120.0,0.11692471144479713,0.9807192839298322,0.45990216017149455,1.7320447656047704,5.4444535071149085,6.080473759145836,2.9147749746929295,-3.5507952267238574
29145,Newton County,MO,228500.99562716935,66231.0,0.21418480101771092,1.1487691979714771,0.4359024390243902,1.9638392918371266,11.041787983871142,11.914332962654301,5.1419093287356565,-6.014454307518817
29147,Nodaway County,MO,210332.80799207572,63242.0,0.20647300987403208,0.6114133199890974,0.43344137446451647,1.2226538418747355,7.331374346571912,8.143472833820736,5.520185299227684,-6.332283786476507
29151,Osage County,MO,256657.3654339722,79468.0,0.20050412584248833,0.9897644038917073,0.420035023766127,1.744520876099882,9.676183567250005,10.312850847502977,4.916565687946481,-5.5532329681994534
29155,Pemiscot County,MO,90132.48597876827,43377.0,0.12899821536343148,0.09116068470347716,0.4644002565747274,0.5050592283643656,0.3484869366287613,1.1338894516545748,4.177179150781495,-4.962581665807309
29157,Perry County,MO,209560.40744862298,69940.0,0.18601393113113154,0.7424985552228893,0.4809638758311099,1.403462265195584,7.139598334981938,8.393047247690737,4.906308704584709,-6.159757617293506
29159,Pettis County,MO,177645.23770042392,60038.0,0.18369156649977703,1.1065846317862702,0.42482853549137345,1.9056532963905934,9.361578698295936,9.996351428811016,4.422065785301744,-5.0568385158168265
29165,Platte County,MO,381168.42908656894,92305.0,0.25636194653132377,0.7738401534113473,0.272330043557369,1.4466923432642824,12.304849275990343,10.8896740156401,6.1930549397260295,-4.777879679375785
29167,Polk County,MO,261524.49597835809,60993.0,0.2661915367822183,1.0612971728533167,0.47589894981367653,1.8431874204185887,12.801147634556791,14.484135630170673,6.579864653760064,-8.262852649373944
29169,Pulaski County,MO,208025.59451722828,59368.0,0.21753353537633546,0.5666479641478483,0.2697407819317308,1.1609081128868968,8.971171840138153,7.652808441344378,5.512679613965192,-4.1943162151714155
29173,Ralls County,MO,239760.02196872738,80041.0,0.18596282227647531,0.7954634616807086,0.5689699108105459,1.4765177943777585,6.814817408635075,9.020174047384529,5.006359731905946,-7.211716370655401
29175,Randolph County,MO,163812.05741289954,61452.0,0.16548998167109577,0.8342456928756425,0.5372223334000401,1.5300108827695542,6.49390719847744,8.142921448020225,4.367905636906986,-6.016919886449772
29177,Ray County,MO,239128.63315625236,76920.0,0.19299860535199184,1.2217575832812364,0.41498500763414947,2.0645135961937937,10.388490932970841,10.952186581232459,4.545771936907013,-5.109467585168629
29183,Saint Charles County,MO,362710.9839866324,103890.0,0.2167448694335294,0.7754875513306945,0.4037481927873636,1.4489646313663567,9.250656281760406,9.72588230856485,5.511783454433927,-5.987009481238373
29185,Saint Clair County,MO,194178.48439165993,58334.0,0.20665276215913767,1.01986226992565,0.66061261671601,1.786035450134201,8.347766612647712,11.814137978471607,5.493595579579898,-8.959966945403794
29187,Saint Francois County,MO,184827.7116696569,58563.0,0.1959321189377464,0.904331659366282,0.42067342681092623,1.6266818242031142,8.995980349826144,9.623332836181948,4.8833832634879535,-5.510735749843754
29189,Saint Louis County,MO,277855.8879620118,84109.0,0.20508740952724708,0.735613925818084,0.36609332618687973,1.3939661614916758,8.805628939413907,8.796500625336995,5.185464156675465,-5.176335842598551
29195,Saline County,MO,170368.07396558876,60641.0,0.17441495654017392,0.24761637843850282,0.4452786119452785,0.7208616202458504,2.793123970600711,3.6150573605781475,5.24710282457829,-6.0690362145557275
29205,Shelby County,MO,163816.39972591514,55114.0,0.1845258905314175,0.5261658835588483,0.3218054489639295,1.1050703890502631,6.86593005836144,6.322973562524064,4.828632522663149,-4.285676026825773
29209,Stone County,MO,317094.6503943935,64377.0,0.3057877233836453,0.9384010812406323,0.5260275920921633,1.6736744427201233,13.125618889669353,15.947700543749827,7.871728868805523,-10.693810522885999
29213,Taney County,MO,254660.3031750661,57978.0,0.27268414481348524,1.0037874774398126,0.4745167853509664,1.7638631751301515,12.720756976283221,14.428459028436205,6.805669710829135,-8.513371762982118
29215,Texas County,MO,187562.874155722,49849.0,0.2335889494175179,0.9329486253565553,0.42690711321024755,1.6661537639047848,10.857375411872628,11.689392722458374,5.803542912971201,-6.635560223556944
29219,Warren County,MO,317199.7233489946,85698.0,0.22978621846297523,0.6864333084897098,0.6501646352030501,1.3261303761629173,6.677510986375262,10.550054997144569,6.529998986642544,-10.40254299741185
29221,Washington County,MO,178254.97643571874,54645.0,0.20251308876284915,1.1960330489480446,0.43855631021955466,2.0290312439277134,10.633498484732486,11.4880827536437,4.830418512719514,-5.685002781630729
29225,Webster County,MO,256199.15387995774,65325.0,0.24347823090587378,0.9482922323004075,0.5045603206043576,1.6873175004203795,10.716099816555996,12.662899310609326,6.207336692123708,-8.15413618617704
29510,Saint Louis City,MO,182027.08214927535,53962.0,0.20941598781828663,0.7492784546222466,0.4219985242964055,1.4128139127589834,8.599609867268557,9.282308495749533,5.39379680732509,-6.076495435806065
30001,Beaverhead County,MT,380927.4003679151,65999.0,0.3583164299729366,1.0926133656632806,0.6064795657571258,1.8863824563528997,15.888754917454651,20.769351731057995,9.229355846141855,-14.109952659745195
30007,Broadwater County,MT,518133.64314738585,91182.0,0.352772354362874,1.576608304590943,0.7753504672897196,2.553966121642929,17.654823102331356,25.45187457582449,8.960076343384637,-16.757127816877777
30013,Cascade County,MT,311467.5216826534,63905.0,0.3025797034368869,0.850378930570975,0.4015176437046297,1.5522637723917225,13.642493621378154,14.273464559562393,7.56774000680179,-8.19871094498603
30015,Chouteau County,MT,253719.92007590132,62944.0,0.25024308909365583,1.04992274721946,0.5626613704071499,1.8274984531495453,11.194232075815904,13.999226085981903,6.394447318552203,-9.199441328718201
30023,Deer Lodge County,MT,281509.32920083177,63310.0,0.27604656237968456,1.7836474665312156,0.6669738539719319,2.839539278446788,15.619822418221313,20.073049880430073,6.609470652516619,-11.062698114725377
30029,Flathead County,MT,644726.9909805035,76444.0,0.5235935801726219,1.417080579058668,0.5904958075858768,2.333926416347302,27.3806005359908,33.87783314817435,12.767816664428995,-19.265049276612547
30031,Gallatin County,MT,715182.1118137973,100953.0,0.4398041052158044,1.2940090185152848,0.760050908330137,2.1641714109281334,19.51657736137428,29.0967253249259,11.551454833773438,-21.131602797325048
30039,Granite County,MT,443097.8680579996,66105.0,0.41612826499915845,1.4145708128714984,0.520703933747412,2.3304646468627617,22.612237794559086,26.210053261768504,9.907335343645164,-13.505150810854582
30041,Hill County,MT,213886.79830016763,63163.0,0.21022438719847644,0.807639211762708,0.42973878401014076,1.4933120440974057,8.967551308784202,9.749335876999044,5.361967554878919,-6.143752123093762
30043,Jefferson County,MT,498601.71406672156,95295.0,0.3248220609778585,1.275515140378269,0.5245248608178152,2.1386624438726307,16.704806770579918,19.603658886269685,7.896449610906013,-10.795301726595778
30047,Lake County,MT,592520.437829091,61452.0,0.5985896151034141,1.283909719399238,0.5603686869969275,2.15024125055148,30.20978808257929,36.72268436151941,14.718273003255671,-21.231169282195793
30049,Lewis and Clark County,MT,445549.8916206626,85284.0,0.32433263144896807,1.0334829718383944,0.5026693683375913,1.8048227501148135,15.057309159542843,17.60047588531763,8.134944817504838,-10.678111543279627
30053,Lincoln County,MT,417964.4789149719,55573.0,0.4669145388952244,1.3095692666713648,0.4906520747834018,2.1856339648958945,24.843145709098863,28.13878784346355,11.15931688159652,-14.454959015961208
30061,Mineral County,MT,397696.059835368,61150.0,0.4037538640554605,1.411982383038875,0.5448160873080032,2.326894375076786,21.62740723379227,25.644065624858825,9.697665937614351,-13.71432432868091
30063,Missoula County,MT,567248.3977511582,76277.0,0.46168050773170916,1.1569871877678208,0.6951197831014713,1.9751745255519966,19.863585088652723,28.388003659512957,12.126106384795706,-20.65052495565594
30067,Park County,MT,578712.2793185761,73761.0,0.48707716136871815,1.2372863483538126,0.6160772972262389,2.08593272493003,23.199890378835093,30.00928024753634,12.295861591163185,-19.105251459864427
30073,Pondera County,MT,233490.92218166008,63135.0,0.22959460586519173,0.9752532105061347,0.5335940536338903,1.724505303851262,10.035832880470958,12.247098728344914,5.8853135638283876,-8.096579411702344
30077,Powell County,MT,308260.58328156086,65069.0,0.2941072485549491,1.198155337680622,0.5219038708922934,2.0319585581968185,14.647892467064787,17.24305829820745,7.227438429804406,-9.822604260947069
30081,Ravalli County,MT,595738.2604453618,72460.0,0.5104098278654114,1.3837448599371904,0.49500701493769084,2.2879458083568522,27.832988566792395,31.54363945368879,12.092107337431305,-15.802758224327704
30089,Sanders County,MT,433737.2328637031,59864.0,0.449803506861064,1.417611706565114,0.637238814134121,2.334659010882847,22.896060875268827,29.611351850104178,11.143751982457612,-17.859042957292964
30093,Silver Bow County,MT,273846.77957532543,65459.0,0.25971685572165876,1.4453118517210073,0.5345070092362512,2.3728663617142587,14.155701990796555,16.590298590697998,6.1882570175828615,-8.622853617484305
30095,Stillwater County,MT,433287.31844207924,85796.0,0.3135240080450257,1.1312683762712004,0.42869513088656497,1.9397000669060902,16.11512443224341,17.26657741203849,7.527919928544501,-8.679372908339582
30097,Sweet Grass County,MT,402440.02083653957,73627.0,0.3393328639416621,1.3489345954670284,0.5224457724199252,2.2399313311885702,17.988013752797965,20.96471904925156,8.156719004048766,-11.133424300502359
30099,Teton County,MT,318001.6408336169,64349.0,0.306795809593685,1.1198232093411047,0.3519265515357788,1.9239135247865007,16.494298208234355,16.307362146932242,7.170314552402926,-6.983378491100817
30111,Yellowstone County,MT,393740.3859278939,77321.0,0.3161362994244286,0.6477204176899212,0.34879461326448724,1.2727329303314479,12.85194738703354,12.488508262402268,8.103958772571676,-7.740519647940403
31001,Adams County,NE,202074.7654401149,74092.0,0.1693178051536331,0.7146219867735115,0.5251857798637272,1.365011570272252,6.0125481553993945,7.5998529776916035,4.568968019656076,-6.156272841948286
31019,Buffalo County,NE,277935.48592956556,75364.0,0.22895067254016171,0.5632083883400447,0.3502947342017093,1.1561638388457176,8.557061859749782,8.294513909444484,5.9999088595605246,-5.7373609092552265
31021,Burt County,NE,172959.67169742155,71088.0,0.1510464147161125,1.0604573945120768,0.4276992287917738,1.8420290977627398,7.516793410107724,8.062648138430482,3.6684279236980553,-4.214282652020815
31023,Butler County,NE,210074.80862891523,80401.0,0.16220879237091398,1.0037200544781748,0.44757120737459943,1.7637701773232846,7.724920370983643,8.493217548015783,4.008438276516362,-4.776735453548501
31025,Cass County,NE,292009.3888354761,92296.0,0.19641551974970908,0.8337980178025943,0.38751334205264665,1.529393395804119,8.86706530591377,9.115840379479152,4.90286835135965,-5.151643424925032
31037,Colfax County,NE,209007.37985550344,74226.0,0.17481046516612778,1.0292081450239983,0.4627542172473593,1.798926398058824,8.345231251228585,9.322548714995385,4.324436945163516,-5.301754408930314
31039,Cuming County,NE,238585.85395023462,74666.0,0.1983735060474005,1.0220422223022356,0.31004474076673394,1.7890423009928944,10.519522466660586,9.917493286682358,4.637387713511319,-4.035358533533088
31043,Dakota County,NE,222683.0632302046,75195.0,0.18384849878680112,0.799478690078488,0.53168476157497,1.4820560772711806,7.039500085464652,8.818276042024298,4.8787680990870435,-6.657544055646689
31047,Dawson County,NE,195409.30594285438,73090.0,0.1659774718381375,0.7191439850455383,0.5229938946885875,1.3712488507437448,5.937428837806126,7.471129122521736,4.470496257446186,-6.004196542161796
31053,Dodge County,NE,227685.25319009076,70530.0,0.20041161323379944,0.9863002824832661,0.44029896465110574,1.7397427458326926,9.505404289849821,10.372271724571418,4.954744937189249,-5.821612371910844
31055,Douglas County,NE,291760.32421911176,80742.0,0.2243306397888636,0.9159522933165367,0.38245013269411876,1.6427103914081616,10.697917980606118,10.92465584516011,5.498277873182256,-5.725015737736248
31063,Frontier County,NE,167628.32636229286,66591.0,0.1562765219122031,0.712648110329934,0.31343195266272184,1.3622889639698954,6.938682278515788,6.440910062734951,3.890206317674854,-3.392434101894018
31067,Gage County,NE,186359.49997810382,74705.0,0.154868727976125,0.829037282951782,0.47213573483624316,1.5228268213101357,6.449875619031288,7.40773166792905,3.9953417256405652,-4.953197774538326
31079,Hall County,NE,245760.21031750273,71025.0,0.2148138072771189,0.7380993949770966,0.41786277523805726,1.3973944176110797,8.776900450791544,9.424427449512207,5.5379832718822195,-6.185510270602884
31081,Hamilton County,NE,267981.2733330904,85288.0,0.1950645637764915,0.9395252956152396,0.3100471560450364,1.675225093548074,9.954221777395832,9.346122554067323,4.6281383158324125,-4.020039092503904
31095,Jefferson County,NE,138924.51267305555,63621.0,0.1355627142513373,0.8923349247336554,0.3590745962573698,1.6101344939865925,6.49763741362383,6.450785264556941,3.3079656360447744,-3.261113486977885
31099,Kearney County,NE,221838.7235616458,82540.0,0.16685328366610588,0.6144975111118536,0.6297758910060223,1.2269079268838614,4.474070964750782,7.110526443957888,4.793569715692606,-7.430025194899715
31101,Keith County,NE,223294.85343121027,63394.0,0.21867162018764438,0.8815666562916713,0.35203037024398576,1.5952816111625414,10.475308805897953,10.30933703235704,5.332672867592824,-5.166701094051913
31109,Lancaster County,NE,285358.8211964792,76062.0,0.23290854718791631,0.7726830116889958,0.39763331005843217,1.4450962751029528,9.977647093319227,10.404516353604166,5.912552176703021,-6.339421436987959
31111,Lincoln County,NE,204264.4880365176,69128.0,0.18344283036341325,0.5590343492079626,0.2835710041592394,1.1504065052069956,7.394637124964487,6.435029718761953,4.684584096722082,-3.724976690519548
31119,Madison County,NE,236278.15406285637,69056.0,0.21241442949356817,0.7628293054237509,0.3453341126047147,1.431504865738594,9.488705702813771,9.2240609170226,5.295259747463088,-5.030614961671915
31121,Merrick County,NE,203690.7532502912,73291.0,0.17253711490988,0.7863194502915374,0.4309338331478554,1.4639052810069333,7.233472600255585,7.887018185814082,4.422873649919771,-5.076419235478271
31131,Otoe County,NE,223727.2804862795,81191.0,0.17106963074196158,0.7979984141772052,0.5314722248420258,1.480014303830309,6.542976100787882,8.196230178711641,4.540762274554803,-6.194016352478561
31133,Pawnee County,NE,169977.0490941186,62600.0,0.16856904133905634,0.6434812579869953,0.43426659945928603,1.2668857746184163,6.1914816233171726,6.862907421173919,4.472035878474978,-5.143461676331726
31137,Phelps County,NE,202777.14933948047,78735.0,0.15988696045808154,0.5601916797176325,0.41696361084116185,1.152002833766359,5.4611074542729625,5.92884253183178,4.30485737398659,-4.7725924515454095
31139,Pierce County,NE,242183.6220906529,85583.0,0.17567870806221345,0.7984808496187701,0.5082299450162131,1.4806797364504503,6.886770609856517,8.345864603649165,4.623087833286652,-6.0821818270792996
31141,Platte County,NE,260079.0205843734,74367.0,0.2171135475667341,0.8426452008546061,0.270058407623732,1.5415964880563635,10.861997362926859,9.658297360072584,5.165945823663272,-3.9622458208089983
31145,Red Willow County,NE,168843.92974586712,66951.0,0.1565634014962225,0.7561788656214126,0.3578121197371624,1.4223317843239989,6.880346479615063,6.799336951728339,3.927795340749441,-3.846785812862717
31151,Saline County,NE,194791.66180148683,80352.0,0.15049966611448107,1.1368018839511147,0.43871083258728727,1.9473325420452974,7.703476290087346,8.340124237633672,3.6237393773450965,-4.260387324891424
31153,Sarpy County,NE,348312.20384706446,102043.0,0.2119079928031383,0.7875871120324178,0.3816480719237434,1.4656537915868166,9.31637186959202,9.507581987065437,5.329203811862721,-5.5204139293361365
31155,Saunders County,NE,330732.6289249234,90988.0,0.2256601065596976,0.8799034073212384,0.4909954936501433,1.5929874593963436,9.590313424659241,11.227473901392928,5.801543883739401,-7.43870436047309
31157,Scotts Bluff County,NE,179926.27271092145,64569.0,0.17299453661464467,0.5575244108511146,0.48680574744404526,1.1483238177622468,5.326897699999154,6.5718808799366535,4.787596234778151,-6.032579414715651
31159,Seward County,NE,284898.6478481685,82422.0,0.21458981445056546,0.7402346701888183,0.3197021855736131,1.4003396443843235,9.660874131585686,9.06438588270503,5.322041424650569,-4.725553175769916
31167,Stanton County,NE,243592.67682326632,78313.0,0.1931044275613999,0.826090470194504,0.3879623557768994,1.5187622249616992,8.669435298870146,8.918403302633319,4.828740789612844,-5.077708793376017
31177,Washington County,NE,380971.1193873819,97167.0,0.24340815505249228,0.8779714885168606,0.4198436472565208,1.5903227260846142,10.998789851013349,11.765732478430312,6.096345529241992,-6.863288156658956
31179,Wayne County,NE,223539.39079641108,70905.0,0.19572173929676556,0.7401974600354879,0.3009375630699227,1.4002883196936122,8.964208191917084,8.203361406637791,4.81795484170008,-4.057108056420786
31181,Webster County,NE,139084.20855231935,61235.0,0.14100677056295324,0.7748122384690654,0.514068835921274,1.4480331591563722,5.379636813652455,6.601523161592631,3.7379496629554416,-4.959836010895618
32001,Churchill County,NV,371412.86571743083,75479.0,0.30548695580316587,1.273606374358387,0.3942993312890235,2.1360296456484233,16.96654533550269,17.51465274717801,7.085769435220515,-7.633876846895832
32003,Clark County,NV,435994.6637494073,80047.0,0.33814111361514426,1.1307422333772394,0.5505772508910585,1.9389743477438293,15.974080918066939,19.511306732040886,8.485890610913154,-12.023116424887101
32005,Douglas County,NV,677581.9179818901,101862.0,0.4129633151830114,0.939732978345535,0.6011002829298964,1.6755115543912709,16.583461947845407,22.16626643271792,10.916582980571182,-16.49938746544369
32007,Elko County,NV,354535.54738099244,91128.0,0.24152929408653004,0.454602224609703,0.19093546616482393,1.0063612375688744,9.816238833732132,7.099024086379619,6.106238404712634,-3.389023657360119
32011,Eureka County,NV,145556.82671702,82162.0,0.10998246304027677,0.1070689950244117,0.25516735666600465,0.5270018712691662,1.9578908197777731,1.0282528880120165,3.239317194540959,-2.3096792627752025
32015,Lander County,NV,246608.0115233844,92510.0,0.16549328063553254,0.6941383329253603,0.205923376741882,1.3367580667443466,8.008768445837058,6.418537141253411,3.959371833567232,-2.3691405289835865
32017,Lincoln County,NV,228098.8331339235,72249.0,0.1959986536110719,0.6272462367430354,0.39509152699467065,1.2444924929611378,7.417331366777444,7.735066087242135,5.142377330653419,-5.46011205111811
32019,Lyon County,NV,406957.8843617943,77802.0,0.3247286226615131,1.3034690962262778,0.49809373435514304,2.177219880745246,17.16155448027401,19.586159911039687,7.788542620866897,-10.213148051632572
32021,Mineral County,NV,141604.5314593924,58610.0,0.14999172326578727,0.663535433253956,0.3900483825064036,1.2945468899572434,5.912596095450113,6.112953766775998,3.892736632418708,-4.093094303744591
32023,Nye County,NV,345743.16863238043,65910.0,0.32565980691315677,1.352615335266666,0.5041420388415985,2.2450082474304334,17.47083859646903,20.003364156252914,7.773484681635344,-10.306010241419223
32027,Pershing County,NV,233335.01355392835,68559.0,0.21128920210817512,1.3152961362744082,0.2599051749485446,2.1935331479094784,12.793188379723194,11.626527611967544,4.629217914680193,-3.462557146924541
32029,Storey County,NV,490085.0206544315,92548.0,0.32875037395670004,1.0890116382389077,0.5025489495730104,1.881414523422308,15.731945867357563,18.298222177467526,8.166504397322601,-10.732780707432566
32031,Washoe County,NV,561127.2032274689,91178.0,0.38206136836961635,1.057656409455742,0.6149990258072515,1.8381656444083028,16.46573070770087,21.86967687556258,9.93028074850611,-15.334226916367815
32033,White Pine County,NV,191307.57271335614,71474.0,0.1661674435835098,0.5833473377856067,0.300118235561619,1.1839418848636085,6.724662290742778,6.030498363384663,4.245185156216018,-3.5510212288579037
32510,Carson City,NV,484551.9408208199,72143.0,0.4169730670987963,1.2351813894842936,0.5344677230671062,2.0830293140792633,20.943961617457717,24.902690981228737,10.23401893988586,-14.192748303656877
33001,Belknap County,NH,488616.61701790156,88870.0,0.3413303587183158,1.2443465103704066,0.4022437161746375,2.0956709441912094,18.671820539804678,19.430749646078233,7.974648044602333,-8.733577150875886
33005,Cheshire County,NH,363802.68651960633,81728.0,0.27634836241774596,1.0407835767148623,0.3544805184043487,1.8148926169052917,14.337402764567988,14.195632020714005,6.550826859881456,-6.409056116027471
33007,Coos County,NH,250686.8381956873,59499.0,0.26156746959154586,1.3705453008491104,0.47691505734001893,2.269739398893653,14.34195418145511,15.988262769459903,6.16797309145824,-7.814281679463031
33009,Grafton County,NH,408726.6827246167,85260.0,0.29761137544796323,1.1131767325562683,0.47439777266674743,1.9147459096392914,14.706736142957952,16.558759330855576,7.288328566485937,-9.140351754383559
33011,Hillsborough County,NH,500110.12893979583,105060.0,0.2955222052749638,1.0623209818346817,0.4298935677926885,1.8445995801280497,14.697219373219353,15.801647030915765,7.180841103150398,-8.28526876084681
33013,Merrimack County,NH,463092.01726723934,95305.0,0.30165704600024296,1.0872784717200048,0.3985003228267887,1.8790239330169398,15.512562214638193,16.109796535239532,7.21397495592389,-7.81120927652523
33015,Rockingham County,NH,598624.0438784399,119559.0,0.3108377433096541,1.0387302710674606,0.3726163277958279,1.8120604523518966,15.91123558254707,16.069133150314496,7.4221892877817455,-7.580086855549171
33017,Strafford County,NH,476966.2744517858,82816.0,0.3575487683336426,1.1475029505255319,0.3591767737276592,1.96209273202185,19.34850386129642,19.280386112611108,8.342533645185044,-8.27441589649973
33019,Sullivan County,NH,367074.37567115127,88661.0,0.2570296993738606,1.095201620807023,0.6478514608579289,1.8899524871870939,11.04713156374742,15.142211670938691,6.712790878578717,-10.807870985769988
34001,Atlantic County,NJ,354444.12320214655,74693.0,0.2945979645450172,0.8497459031440588,0.40147478234764344,1.5513906253071137,13.27757746594175,13.891115859283754,7.3689401488125545,-7.982478542154559
34003,Bergen County,NJ,709933.7442745058,121894.0,0.36157413455300463,0.5142530482541725,0.37714660159074476,1.0886387828142308,12.316977535028018,12.481952365526023,9.705566181170829,-9.870541011668832
34005,Burlington County,NJ,402237.1216614267,106525.0,0.234418817160891,0.7538344966615753,0.4232937844048956,1.4190981504631406,9.64968211688034,10.431905585588293,6.034624306523783,-6.816847775231736
34007,Camden County,NJ,330710.965028253,91411.0,0.22460116232724595,0.9177534904406657,0.43752850335749893,1.6451948177550562,10.254188315224107,11.190780670676647,5.618839810372927,-6.555432165825469
34009,Cape May County,NJ,724577.6069826513,91758.0,0.4902333291344787,0.9209009044426217,0.6493744607420189,1.6495361073153694,18.505600747184474,26.502576366930153,13.2283239370085,-21.22529955675418
34011,Cumberland County,NJ,264978.25504619855,66986.0,0.24557720688213647,0.7266488045941597,0.3328160130523887,1.3816003948171383,10.814473311975206,10.318387705601918,6.140939636247696,-5.644854029874406
34013,Essex County,NJ,618958.4576661933,84900.0,0.45260117411881895,0.7347282966929869,0.6262498563383518,1.392744595954793,14.498681543061531,21.435637302553996,12.607816058695747,-19.54477181818821
34015,Gloucester County,NJ,359748.9757168042,104403.0,0.21391855321864497,0.744220596439422,0.3597681687939567,1.4058375102542624,9.301278209263588,9.213253851721399,5.385035929685154,-5.297011572142967
34017,Hudson County,NJ,623957.7663810699,93468.0,0.4144327901091366,0.6967748391283202,0.5564251577772967,1.3403946512062244,13.882387927811418,18.54516720521272,11.359771127067525,-16.022550404468827
34019,Hunterdon County,NJ,605653.6843357151,136956.0,0.2745397064596213,0.48873387403697466,0.332295689562925,1.0534396877641106,9.64151334762818,8.996453529024931,7.290563067536974,-6.645503248933724
34021,Mercer County,NJ,434663.72465469997,102760.0,0.2625978502358587,0.7595600745394615,0.42382087236047217,1.4269955517750046,10.854223199240717,11.738787626554585,6.752800535880617,-7.637364963194482
34023,Middlesex County,NJ,540901.0021828598,113828.0,0.295005793996894,0.6868911701683293,0.45468951679893665,1.3267619137122275,11.056842917964246,12.590985374445633,7.804778360475943,-9.33892081695733
34027,Morris County,NJ,663352.5900670418,137213.0,0.3001311236942701,0.5003052434484816,0.3484777011223146,1.0694003034293784,10.455749444341397,10.056403014094833,7.9959766022205985,-7.596630171974033
34029,Ocean County,NJ,507093.59514949145,94954.0,0.33154060500226573,0.9161182899280478,0.49585683228835187,1.642939353774139,14.38944986073345,16.8812272520746,8.477910838646226,-10.969688229987378
34031,Passaic County,NJ,551974.7942819599,85224.0,0.4020862270018174,0.7850293752544932,0.5294223211241318,1.4621258553302159,15.231847071029877,19.074421075252964,10.694964392348707,-14.537538396571794
34033,Salem County,NJ,284528.16063846304,81009.0,0.2180488748506532,0.7035395654206626,0.2660030005626055,1.3497253702069885,10.056683489382639,8.745020622594659,5.3361768690713705,-4.024514002283389
34035,Somerset County,NJ,635369.7443701694,134499.0,0.29327114839433266,0.5524547346136734,0.35776658355121693,1.1413311143841423,10.731496322768807,10.525909070855697,7.730523349545956,-7.524936097632844
34037,Sussex County,NJ,419694.392289768,114993.0,0.22658107192520424,0.7908408538445468,0.36197605145029677,1.470141741170878,10.1649782141086,10.108989784528626,5.650994500922976,-5.595006071343002
34039,Union County,NJ,601660.3254563342,101023.0,0.3697370551351678,0.7385333830259675,0.4313058755189074,1.3979930257969402,14.904966625664956,16.31300697904467,9.580020243213527,-10.988060596593236
34041,Warren County,NJ,406039.1944997046,94865.0,0.26571973541220334,0.676529229355584,0.3235991740149571,1.312469486517395,11.362846486283965,10.6650350025278,6.6973058727398485,-5.999494388983685
35001,Bernalillo County,NM,339079.6547317274,72986.0,0.28841911128592795,0.9087950685293291,0.5246709839147692,1.6328382915731199,12.139622515136326,14.78565230763267,7.4638069287224695,-10.109836721218816
35005,Chaves County,NM,172909.24145012375,55258.0,0.19426068164555244,0.42224443108472687,0.4073093085445052,0.9617295014396463,5.490157766951553,5.933512249719467,5.421880931028184,-5.865235413796097
35007,Colfax County,NM,250569.959439187,55466.0,0.28045553799326056,0.46145335441645785,0.48826102122407367,1.0158111346233865,7.339693105696238,9.403255635638649,7.981574383280035,-10.045136913222448
35013,Dona Ana County,NM,288148.0929924227,60154.0,0.29738092161594226,0.7280004754827885,0.5259379518530731,1.3834647808540992,10.69921908505565,13.49644292964041,8.00197961582891,-10.799203460413667
35017,Grant County,NM,217940.54104601708,49111.0,0.2754996885357551,0.5607048269989199,0.2341928025733815,1.152710627826425,11.755011170602925,9.483250709057694,6.8900972280863755,-4.618336766541144
35025,Lea County,NM,195935.65608274905,73147.0,0.16629485826502965,-0.15066425277954754,0.33758183081593085,0.1715053724477471,-2.3574506575066545,-2.950927643402255,5.842008796375775,-5.248531810480174
35027,Lincoln County,NM,362616.08822974033,61803.0,0.3642498457856047,0.4002436010039443,0.5336873712683325,0.9313833271236638,7.500359382598509,11.248961240238565,10.749041381454273,-14.497643239094327
35028,Los Alamos County,NM,567427.7993905167,149062.0,0.23632274893994473,1.2521676629313352,0.39146425704310817,2.1064588125622836,13.04676006449399,13.43274329858182,5.49288919248071,-5.878872426568542
35029,Luna County,NM,161023.50804175276,41456.0,0.24113694423374907,0.19637277395666475,0.5268682553128798,0.6501803164734345,1.8019299659910866,4.265304485955548,7.642915531001514,-10.106290050965978
35031,McKinley County,NM,216208.65336386953,45517.0,0.29489085620629657,0.3279431612728301,0.5673898071625345,0.8316579195301104,4.254629049079661,7.968370293692382,9.03016865036425,-12.743909894976971
35037,Quay County,NM,104919.20327869331,47346.0,0.1375731099944511,0.37158472933981046,0.6299789995524494,0.891853586108172,1.9043176261380037,4.173353660237549,4.247317032052359,-6.516353066151905
35039,Rio Arriba County,NM,317777.5296507626,62153.0,0.3174117163119735,0.5988312553040649,0.6654519145743456,1.205299154493169,7.770094983249415,13.484136043562161,9.273438487237609,-14.987479547550357
35041,Roosevelt County,NM,144697.81902718372,53508.0,0.1678823855084382,0.0035669207583053364,0.40614406222899646,0.3842394402057805,-0.26566214573191527,0.06136045937942281,5.543972717459794,-5.870995322571132
35043,Sandoval County,NM,368942.9178130016,90023.0,0.25442955672642054,1.0122061102606734,0.4327343911638788,1.7754751596846456,12.308989231669031,13.30031237016304,6.243301089966211,-7.234624228460218
35045,San Juan County,NM,254384.47294746354,64999.0,0.2429661595871379,0.4198147119564153,0.3218432879832429,0.9583781424256501,7.897168870342469,7.140385086488724,6.55713388731449,-5.800350103460744
35047,San Miguel County,NM,235043.84637589406,49553.0,0.2944698248315888,0.45590752077367114,0.5340061294616598,1.0081616580430257,6.952851374542712,9.96387624784268,8.540956050908264,-11.55198092420823
35049,Santa Fe County,NM,559733.5410151161,85540.0,0.4062318315604712,0.8861226264553557,0.5483193657574168,1.6015657497272193,16.446334584830645,20.734096882041317,10.650806496261282,-14.938568793471953
35051,Sierra County,NM,180267.39075753535,41829.0,0.267547905478371,0.3908221521004347,0.4212082087523783,0.9183881387746227,6.93391739839995,7.777419703409468,7.583212842897525,-8.426715147907043
35053,Socorro County,NM,197729.4972027771,47105.0,0.2605951440106127,0.16186070780492634,0.3988952573278295,0.6025771500656283,3.312072193727908,3.7225298029489453,7.963894993926279,-8.374352603147315
35055,Taos County,NM,467483.21262367413,52728.0,0.5504103427421627,0.5336141030199648,0.42154642510514395,1.1153438635183086,18.052539469184953,19.814456939505444,14.953529892186111,-16.715447362506602
35057,Torrance County,NM,212568.67845991917,56736.0,0.23259609727917216,0.1956487340525841,0.578191933240612,0.6491816341028016,1.001219454917357,4.181308108945681,7.520637501479062,-10.700726155507386
35061,Valencia County,NM,301780.2803639263,69309.0,0.2703106081852287,1.1459304681579225,0.6348390140346738,1.9599237764024,12.101138241064769,16.191651271331555,6.968450315958651,-11.058963346225438
36001,Albany County,NY,343344.8126144186,81237.0,0.2623846824724406,0.6061285698130181,0.4174518425460636,1.2153644828155152,9.450366130803467,10.228334567643616,6.9813403857868614,-7.759308822627013
36003,Allegany County,NY,125495.617777013,61154.0,0.12739886436840073,0.7324250795818532,0.3794861383681849,1.3895677236420036,5.385210287624277,5.480106617284336,3.2403338692920887,-3.335230198952148
36005,Bronx County,NY,455329.03364034207,46486.0,0.6080860361153593,0.1229441174906567,0.3243120050139594,0.5488987375182739,8.817106801408169,6.623762506581806,18.320985901839432,-16.12764160701307
36007,Broome County,NY,183588.65567757862,64727.0,0.17608494579460995,0.7210523943836467,0.40506219202465976,1.3738811569898202,7.1863089872199515,7.583063608765212,4.534843428495939,-4.9315980500412
36009,Cattaraugus County,NY,155550.32052727567,61376.0,0.157338206025877,0.8061147213546302,0.49942589109031843,1.4912092847243859,6.263842258355441,7.488893783837047,4.1202601548071565,-5.345311680288762
36011,Cayuga County,NY,220232.5185425301,67774.0,0.2017345072484356,0.7198935902267465,0.30522869523350993,1.3722827958000718,9.074029182621937,8.335318843091995,4.997142018978031,-4.258431679448089
36013,Chautauqua County,NY,163205.84123284303,60051.0,0.16872417733365455,0.8942702121414681,0.3656334568940032,1.6128038736787849,8.053715959575813,8.059306698221398,4.126038008169433,-4.131628746815019
36015,Chemung County,NY,154488.7398319407,66441.0,0.14435191014928841,0.544168424365367,0.29552500731207965,1.1299016449364854,5.65490250272168,5.001378776408668,3.7190449686047673,-3.065521242291755
36017,Chenango County,NY,150913.27266089595,63204.0,0.1482329452128329,0.6387977194598007,0.28772258669165884,1.2604256785202237,6.378738548651061,5.662414564543572,3.716029556840882,-2.9997055727333946
36019,Clinton County,NY,213585.95718933071,69302.0,0.19133252021128422,0.666093830258434,0.48249085502813016,1.2980757368772142,6.79037284917583,8.104596748489062,5.140977785804164,-6.455201685117397
36023,Cortland County,NY,186535.89860025494,71551.0,0.16184846341801987,0.6347879226805284,0.43406020764019715,1.2548948875642156,5.8916640593137695,6.534310866602028,4.302688027249343,-4.945334834537602
36025,Delaware County,NY,237257.5586526749,63958.0,0.2302963460706385,0.7664130319150053,0.4906192462768313,1.436447969630815,8.940100577238464,10.61995547022828,6.063541803379811,-7.74339669636963
36027,Dutchess County,NY,453473.7363143742,94933.0,0.2965492286482179,0.8300864331276838,0.33056287492291303,1.5242739346238001,14.023600573917172,13.416874562785798,7.246050304776777,-6.639324293645403
36029,Erie County,NY,279413.81475053076,73040.0,0.2374919945895982,0.9210834551365417,0.39987733823980376,1.6497879030502958,11.202547673862655,11.68035476402999,5.853864776394811,-6.331671866562145
36031,Essex County,NY,297758.2996311289,67881.0,0.2723187274720709,0.7902348990094752,0.29836272522091734,1.4693059358405711,12.913335704166585,11.832153083502517,6.624481578321891,-5.543298957657823
36033,Franklin County,NY,167968.90849017815,63460.0,0.1643201024838727,0.631748547579825,0.3891686003239787,1.2507026181689733,6.289918399828502,6.498015555717624,4.296464895561435,-4.5045620514505575
36035,Fulton County,NY,208646.2928631671,66757.0,0.1940330569482598,0.8092763310818596,0.43430805921406,1.4955701547256233,8.251418146890952,9.024723621300938,4.955830142532628,-5.729135616942614
36037,Genesee County,NY,210229.90723574514,72993.0,0.17880314361794625,0.8052564155758268,0.35747893846125245,1.4900254068123098,8.132562353803966,8.043265200842715,4.438022867737441,-4.348725714776191
36039,Greene County,NY,357174.9086864604,79124.0,0.2802428705993142,1.0126448119157145,0.643486208042539,1.7760802694394915,11.433437803788838,15.866272898642215,7.41588896896753,-11.848724063820907
36041,Hamilton County,NY,260636.7724878092,69045.0,0.23435019537734886,0.6747623872684663,0.4385274079629977,1.3100324467435498,8.841320666230454,9.834407854885686,6.179988354670825,-7.173075543326056
36043,Herkimer County,NY,185378.34813872472,64913.0,0.17729202151786103,0.8004787069101524,0.31126777634130565,1.4834354200042128,8.368084365264956,7.800273637358925,4.325689187972983,-3.757878460066954
36045,Jefferson County,NY,217683.26468569273,69193.0,0.1953101197188378,0.4671586295129768,0.3789234540345563,1.0236805319126652,6.22270067256723,6.325992494958623,5.3176195028543205,-5.4209113252457115
36047,Kings County,NY,886241.6636379157,80696.0,0.6818078859271698,0.45674436011412833,0.5814682710774899,1.0093159268777354,14.517871570019702,23.51347032335679,20.12244584805292,-29.11804460139
36049,Lewis County,NY,185811.82650456938,70954.0,0.16257671109568544,0.603866013305661,0.39546867010187636,1.2122436944670802,6.002439853190829,6.26790359724499,4.291424841996673,-4.556888586050834
36051,Livingston County,NY,230044.76257272423,77486.0,0.1843108800233843,0.7638459841733822,0.4363889146352766,1.432907190580266,7.549369787303732,8.306481225036158,4.757789383558062,-5.514900821290488
36053,Madison County,NY,232779.64933574173,73747.0,0.19595778255884935,0.7467430038971059,0.26944262746583125,1.4093167160899398,9.27097700818556,8.147099352715523,4.756123090828004,-3.63224543535797
36055,Monroe County,NY,268201.7352845921,76594.0,0.2173845616287812,0.9169440784406995,0.41306914618847324,1.6440783799863792,10.120819589755056,10.72237612345619,5.389355719315441,-5.9909122530165755
36057,Montgomery County,NY,204872.04601191884,61581.0,0.2065369847607865,0.8874094587026573,0.38652226775341103,1.6033407025607564,9.653673461919206,9.908207495888822,5.0982314118539795,-5.3527654458235965
36059,Nassau County,NY,777140.8583396651,141824.0,0.3401824287326269,0.6111937362649158,0.39634530560806547,1.2223509657584035,12.643935001551235,13.218624667855128,8.965862465619388,-9.540552131923281
36061,New York County,NY,1201711.7677184825,105713.0,0.7057222029201572,-0.11790477076560191,0.40695538756388405,0.21669116534948119,-11.0359711537373,-9.703444432449455,25.005691785849788,-26.33821850713763
36063,Niagara County,NY,232154.55677119494,70329.0,0.20492957295601905,1.0000524100961679,0.4495743759919204,1.7587113238465406,9.72486223352731,10.718846254866722,5.071248304323027,-6.06523232566244
36065,Oneida County,NY,209302.00049263498,72137.0,0.18012631609738636,0.8534199239577913,0.522198776113104,1.5564582739205846,7.287322274307597,8.922130207980654,4.709453789663229,-6.344261723336286
36067,Onondaga County,NY,253429.68853681363,78198.0,0.20119802302608453,0.8805031585554304,0.36915642399411697,1.5938147079788831,9.49947676918864,9.545333702141003,4.940166654689158,-4.9860235876415215
36069,Ontario County,NY,299521.4294078297,83661.0,0.2222627651576913,0.7736986892591848,0.44032022036670404,1.446497218998279,9.141056046059532,10.105297275583931,5.73357282247664,-6.69781405200104
36071,Orange County,NY,435695.7415529703,94789.0,0.28535615100495226,0.9542062287463573,0.3320170877715636,1.6954747911404993,14.434230420934085,13.906581931357819,6.810216575691559,-6.282568086115292
36073,Orleans County,NY,186261.79032121922,68338.0,0.16920896669639002,0.9104715658491429,0.4199808835141088,1.6351507170461832,7.802879378492224,8.338062507512435,4.2112122141755375,-4.74639534319575
36075,Oswego County,NY,189891.95091543035,68379.0,0.17240334029762552,0.7584168955803967,0.3844425097689863,1.4254187427255833,7.399455466006591,7.5807040511306845,4.368030570280584,-4.549279155404678
36077,Otsego County,NY,210802.21838650756,67404.0,0.19415624843110593,0.6127014392557377,0.40594885486629684,1.224430569919165,7.144000867147639,7.584884664527335,5.134376661464007,-5.575260458843703
36079,Putnam County,NY,525656.9783768146,120898.0,0.2699262881872599,0.7160225143228323,0.335933787860371,1.366943345254831,11.757636002188052,11.259148424279251,6.7744335665324495,-6.275945988623649
36081,Queens County,NY,687261.4835719137,84684.0,0.5038282402368132,0.3724702616807807,0.40575355654786605,0.8930750181488203,12.96970865254633,14.058538262617654,14.277808236755964,-15.366637846827286
36083,Rensselaer County,NY,297665.86676420557,83097.0,0.2223850340319746,0.6370709949339242,0.3822546035231298,1.258043973681564,8.625272632311939,8.815010652828484,5.791353780441245,-5.98109180095779
36085,Richmond County,NY,669958.4403156857,96437.0,0.43128667056791453,0.5922247427336089,0.35715894058374853,1.1961866627668267,16.47680859506889,16.175357310479903,11.247683183177218,-10.946231898588234
36087,Rockland County,NY,710591.2565725484,103771.0,0.42511430819083706,0.7951416645479537,0.23171788389179704,1.4760739333121027,21.36420702045806,18.02253132061311,10.05618780812845,-6.714512108283497
36089,Saint Lawrence County,NY,138216.78870081753,62800.0,0.13663533298858913,0.5805003216258902,0.46691270935040063,1.1800149399098978,4.46946298136056,5.2852107304454385,3.7299117845380043,-4.545659533622884
36091,Saratoga County,NY,433124.8882824649,101168.0,0.2657858403259826,0.6035810662595722,0.3483852910208054,1.2118506614451583,10.375784996292472,10.051628440087185,6.887382631758069,-6.56322607555278
36093,Schenectady County,NY,289305.69311235513,79899.0,0.2247902658980078,0.6960738191945899,0.3443767667249966,1.3394277207299727,9.561217324681891,9.25422124759178,5.686525547450241,-5.379529470360128
36095,Schoharie County,NY,225216.54875688502,69107.0,0.20232060899755666,0.8018534321610253,0.36607495848817906,1.4853316053729646,9.111407344305295,9.111430319929303,5.042166393404534,-5.042189369028541
36097,Schuyler County,NY,235942.40039392933,64202.0,0.228149384254059,0.6798074519630517,0.2927271262886597,1.3169912029402546,10.085718845417619,9.067118823889455,5.67520875408909,-4.656608732560927
36099,Seneca County,NY,209122.59187429448,68055.0,0.19076679328215942,0.7846353223202096,0.36620962399373647,1.4615823304273108,8.48887872130847,8.488200927096468,4.77194877248248,-4.7712709782704765
36101,Steuben County,NY,166271.3212553912,68152.0,0.1514609259223517,0.5882881155075663,0.43926338908599427,1.190756796003623,5.195551028024677,5.844830407561027,4.082788747812749,-4.7320681273491
36103,Suffolk County,NY,675080.3914315931,125969.0,0.33270067088811206,0.6834250382952562,0.4374443709062692,1.3219810103719336,12.673916455854394,14.062144987251823,8.751784110295647,-10.140012641693076
36105,Sullivan County,NY,302221.9666999677,66973.0,0.28014839519972023,1.1874740258035716,0.36231972498525256,2.0172256162598923,15.365746172533443,15.366738488808315,6.503683705006724,-6.504676021281596
36107,Tioga County,NY,191193.53570986088,72102.0,0.16462195611698588,0.5579382055403863,0.25305434385916126,1.148894572853103,6.862829509102797,5.694076417034704,4.152584623164385,-2.983831531096292
36109,Tompkins County,NY,334497.6796815805,72326.0,0.28711807085821484,0.6379301156792501,0.2952595855942979,1.2592289756928703,12.250773809528983,10.993068351016777,7.221270471417647,-5.963565012905442
36111,Ulster County,NY,420844.3169044831,85977.0,0.30387924902575136,1.0948434229732458,0.47402619668083945,1.8894584179240934,14.885851195161603,16.772162675828394,7.46359110560755,-9.349902586274343
36113,Warren County,NY,355990.3844735403,72604.0,0.30439645075227756,0.7131128778626641,0.33237906481685386,1.3629300268985602,13.275723428372316,12.648455616556975,7.6338641570492545,-7.0065963452339135
36115,Washington County,NY,242720.77645197566,71254.0,0.21147526026192717,0.6487879448474327,0.3920059388919277,1.2742053913745055,8.203452490451003,8.509203431817259,5.512318761748612,-5.818069703114871
36117,Wayne County,NY,228703.92557989617,70826.0,0.20046694352768496,0.8787091246199892,0.38135080841768576,1.5913401619579477,9.360518196961905,9.547022504249005,4.947092471737711,-5.133596779024812
36119,Westchester County,NY,800116.1949303317,117896.0,0.4213236668310727,0.45294259753046595,0.37587526841564745,1.0040720815478914,13.206819616789634,13.344289693447845,11.505592789318708,-11.643062865976919
36121,Wyoming County,NY,201155.8024656732,69751.0,0.17903749428394267,0.7974567764789289,0.32114175316311844,1.4792672123820476,8.363272794858622,7.892550409453481,4.388170426925646,-3.9174480415205055
36123,Yates County,NY,299076.42432424246,70635.0,0.2628597527315185,0.7851365231173368,0.5225685463010863,1.4622736464686183,10.031811477365476,12.438305878809002,6.974050335553461,-9.380544736996987
37003,Alexander County,NC,243271.3570090474,66198.0,0.22814343386572308,0.925145363282815,0.6109705052078263,1.655390572231855,8.973353411014722,12.191297429380175,6.069123943924687,-9.287067962290138
37005,Alleghany County,NC,264515.4117436402,53354.0,0.30778387367410054,0.9372728550183049,0.47741810428377596,1.672118258272314,13.760971848281262,15.746277051145775,7.785464859555669,-9.770770062420183
37007,Anson County,NC,154511.2384401575,57324.0,0.16733448483168353,1.1868272978533931,0.6235873906024301,2.0163335717761592,7.726415503533553,10.145220006836528,4.2687254489909074,-6.6875299522938825
37009,Ashe County,NC,359057.7191665035,57567.0,0.38721532304006184,0.7553404615621073,0.6336625234122255,1.4211753572420438,12.59458698179387,18.682428010109035,10.763462444583809,-16.851303472898973
37013,Beaufort County,NC,225222.30594986383,58625.0,0.23850111285105016,0.9501081261003723,0.4050329538645896,1.6898221981790877,11.391967274101065,11.943990397489335,5.857973273333367,-6.409996396721636
37015,Bertie County,NC,77547.5137341373,47587.0,0.10116759281870262,0.3785208463486245,0.4886288985516314,0.901420707669162,2.1963131828352953,2.9501947603944814,2.955482389110768,-3.709363966669954
37017,Bladen County,NC,147026.07006277872,49547.0,0.18422087892972772,0.40114858901920836,0.46233988548491833,0.9326315947555777,4.482879834434353,5.544733210921765,5.288554487556313,-6.350407864043726
37019,Brunswick County,NC,408876.41302506207,81361.0,0.31198782395902147,0.9467825372019696,0.6661751756056604,1.685235148506703,11.840091680832629,17.214002098679888,8.424757073017565,-13.798667490864824
37021,Buncombe County,NC,477481.2965284723,78993.0,0.37525770785476004,1.0244311157328512,0.7517408080897681,1.792337348325273,13.984408894024563,22.20719545810723,10.279017341908402,-18.501803905991064
37025,Cabarrus County,NC,393967.31612256664,87867.0,0.27835322662374545,1.2260346991410849,0.5180629222024498,2.0704131055748514,14.073079664984414,16.465965104561988,6.8015988886480345,-9.19448432822561
37027,Caldwell County,NC,235948.96951368335,59968.0,0.24426451754887202,1.3271948161089235,0.5129680088808155,2.2099452292292487,12.913345631114264,14.932769965543564,5.8697918129646585,-7.889216147393959
37029,Camden County,NC,368508.2105160298,89509.0,0.25558909970013755,0.7463733589511783,0.44369354838709674,1.4088068576017392,10.240440865249917,11.400536381391966,6.641852339118048,-7.801947855260097
37031,Carteret County,NC,458665.8459236002,76739.0,0.3710582836097975,0.9230971932118388,0.5095107893856836,1.6525654912792551,15.989799955973455,19.067513849927483,9.522941767205904,-12.600655661159934
37033,Caswell County,NC,210606.2411001055,60453.0,0.21627944377916877,0.868393810751557,0.49251925735729807,1.5771120482174146,9.102247831885219,10.691668305306187,5.5764366557418565,-7.165857129162825
37035,Catawba County,NC,287611.4581048621,70879.0,0.2519129345215902,1.1849735562864767,0.6979039405916876,2.0137766698538275,10.999002149068899,15.676740176790334,6.592586424923681,-11.270324452645118
37037,Chatham County,NC,562048.0870551701,100222.0,0.34815470904799056,0.9289435194584874,0.7027183146449201,1.6606294431727733,12.534675623552827,19.272066775739557,9.553004600531093,-16.290395752717824
37039,Cherokee County,NC,268013.5932615314,55351.0,0.30060293370400715,1.2395227150428765,0.44579981193187757,2.089017389150952,15.99071685905315,17.37856440047405,7.141750074944812,-8.529597616365713
37043,Clay County,NC,342920.3918347081,64569.0,0.3297092380525749,1.1494221910678646,0.6564648537711646,1.9647399779593022,14.549349945222406,19.933331898596492,8.557917771117449,-13.941899724491538
37045,Cleveland County,NC,227142.83775948104,61392.0,0.22969372465378787,1.0906052405306434,0.525759872753933,1.8836126101652986,10.815955364041766,12.90725154100453,5.752107684945886,-7.8434038619086515
37047,Columbus County,NC,185095.5296312999,50741.0,0.2264637908050647,0.8862992628697623,0.4716920935089042,1.6018093877809862,9.836640905254592,11.22700755565947,5.77347037199053,-7.163837022395408
37049,Craven County,NC,265558.73022559076,65661.0,0.25108163936130323,0.8849495580070799,0.37351741449639153,1.5999477135219826,11.843858568393289,11.964839699676205,6.169943818855305,-6.290924950138221
37051,Cumberland County,NC,230083.00969144015,60831.0,0.2348126331336107,0.8640918932031141,0.4353704577630959,1.5711783293832307,10.37275532471456,11.322998898075316,5.932087897280658,-6.882331470641413
37053,Currituck County,NC,534604.0940040663,94709.0,0.3504313034369931,0.7459554849383945,0.4257820732845572,1.408230475820348,14.29600188673519,15.516451527108531,9.04559603868279,-10.266045679056132
37055,Dare County,NC,604822.724601525,87321.0,0.4300027811312505,0.9070704227765849,0.6295791732761034,1.6304594540268114,16.361449846466424,22.89805695023464,11.555136252600715,-18.091743356368934
37057,Davidson County,NC,260329.1693806299,65644.0,0.24620091390445137,0.9586397330443397,0.41474137931034494,1.7015900101464734,11.727290513314026,12.433887915346869,6.059631470101092,-6.766228872133936
37059,Davie County,NC,315536.0555703129,77417.0,0.2530314587074461,0.7418135403952788,0.47390766301761067,1.4025174108745708,9.780053122889413,11.379817140924366,6.6574220744429,-8.257186092477854
37061,Duplin County,NC,179111.76436641897,56729.0,0.19601118253636923,0.9078710992424766,0.4774331327968331,1.6315638427028505,8.596505301496585,9.863142598687222,4.9864401117068535,-6.253077408897491
37063,Durham County,NC,413766.9306960649,84375.0,0.30444150260636155,1.172900089954973,0.5661252900232019,1.997123502107491,14.535778909598406,17.972530791758853,7.62973127537941,-11.06648315753986
37065,Edgecombe County,NC,147207.3015166759,49283.0,0.18543601242028393,1.0962520136540004,0.5150481109164131,1.8914013145412252,8.827050346781922,10.403585108237193,4.621556002436444,-6.198090763891715
37067,Forsyth County,NC,282985.21842141286,67638.0,0.2597376210093671,0.9792715827236758,0.42858953237865927,1.7300479230766395,12.382116203352933,13.332835583210407,6.401686120409712,-7.352405500267189
37069,Franklin County,NC,362827.1094597054,72026.0,0.3127319818317517,1.082826120792625,0.5002603678476951,1.872882718487212,14.941887646847372,17.343977640835426,7.770321605588751,-10.172411599576805
37071,Gaston County,NC,297279.4774685086,70318.0,0.26245828329163745,1.4426925317648918,0.5615464901956431,2.369253482578073,14.081685345679173,16.924127917737152,6.314882892658309,-9.157325464716289
37073,Gates County,NC,205325.76901183347,68522.0,0.18602670443249542,0.6969214040942464,0.4771811067756053,1.3405968111242044,6.862283041310545,8.078196288968956,4.951688454941814,-6.1676017026002246
37075,Graham County,NC,228220.36768901735,55006.0,0.2575764783182872,0.9712094662718211,0.6260974960830106,1.7189276885079705,10.352881158056299,14.190169685576121,6.827584050874605,-10.664872578394426
37077,Granville County,NC,315108.9949801417,70353.0,0.27806097674998104,1.1204372665720257,0.39827880907898394,1.9247605059095352,14.512470021188125,15.061909348772526,6.612883797296222,-7.162323124880621
37079,Greene County,NC,183516.71639442377,57307.0,0.19880615267427873,0.7967636306310169,0.6345407872219053,1.4783111427860414,6.768590724316331,9.887958972598714,5.4768553104907465,-8.59622355877313
37081,Guilford County,NC,276945.70146547555,70304.0,0.24455495034100433,0.9951610510042734,0.456081850754924,1.7519645767874672,11.515938046070609,12.792507420125917,6.071793102916847,-7.348362476972155
37083,Halifax County,NC,102734.20784660976,47318.0,0.13478779274488087,0.5438973322226548,0.4809088632949423,1.129527722253194,4.105412830182977,5.027949079645526,3.7357799194213253,-4.658316168883875
37085,Harnett County,NC,291174.29135022196,72961.0,0.2477559620414163,0.9691093971601805,0.5105484358501895,1.7160310221956792,10.996394940391955,13.05884205683763,6.3053978905868915,-8.367845007032567
37087,Haywood County,NC,354444.08288711356,65113.0,0.33794178217783216,1.1257643743901298,0.49434282698001053,1.9321082896910857,16.57104631949001,19.048471768292657,8.31881665536915,-10.796242104171796
37089,Henderson County,NC,438352.77102625044,72820.0,0.3737101956179681,1.1361820114847925,0.5401861252115059,1.9464775398545786,17.83639727618863,21.52792739793666,9.335663891903769,-13.027194013651794
37091,Hertford County,NC,121768.62412866195,48051.0,0.15732394694978882,0.47539503269422934,0.39468261109337366,1.0350411635687102,4.950451948687176,5.189152980908569,4.299844722524617,-4.538545754746011
37093,Hoke County,NC,275844.07583120844,68243.0,0.2509385682049547,0.770007807257522,0.5937551087134216,1.44140631341922,8.71253500398208,12.062259493651787,6.854430428354215,-10.20415491802392
37095,Hyde County,NC,214044.95528585475,53386.0,0.24890835769505118,0.6251994055882422,0.4399848950747154,1.2416692588017604,8.901667254506767,9.978946397816724,6.648149945838961,-7.725429089148918
37097,Iredell County,NC,383091.893838715,85180.0,0.27920757171820526,0.9608342690330278,0.5252112877811201,1.7046169764659673,12.17543930522161,14.734437559231656,7.154774769050224,-9.713773023060268
37099,Jackson County,NC,439221.3805202677,62044.0,0.4394865093058799,0.8861656471482846,0.4937044081180635,1.6016250890086026,18.715847824865694,21.971520738602774,11.295929203516696,-14.551602117253774
37101,Johnston County,NC,349671.25956881884,88688.0,0.2447692975594587,1.0715685924273752,0.683491201761546,1.857354989902217,10.055656922891126,14.453974125759947,6.497414772991954,-10.895731975860773
37103,Jones County,NC,138812.023361835,56456.0,0.15264368612064075,0.9489748808785827,0.42249546462406773,1.6882590909273651,7.18720998018509,7.692621038264525,3.774725159252932,-4.280136217332369
37105,Lee County,NC,289301.55147656664,71876.0,0.24987840636961114,1.3253902876472168,0.6227028491443536,2.2074562079034163,12.346096660644648,15.905202316977178,6.240005340761841,-9.79911099709437
37107,Lenoir County,NC,140352.70291571945,52084.0,0.16729321033633224,1.0105713660509292,0.4044492382364837,1.7732203250911875,8.257047132666772,8.641115071492823,4.063047258729504,-4.447115197555555
37109,Lincoln County,NC,391387.6951993452,83859.0,0.2897472704376317,1.058995261962627,0.6995115821899762,1.840012349801151,11.6357587096584,17.109969086293006,7.750394785029596,-13.224605161664202
37113,Macon County,NC,347820.08386040566,58888.0,0.36668210478124047,1.0160334293065252,0.4225872689938399,1.7807542555415665,17.909368592325464,19.12769908716521,8.95770080603448,-10.176031300874229
37115,Madison County,NC,394065.33263251156,61754.0,0.3961548720891058,0.9209821899601229,0.6294361328794955,1.6496482260160907,15.253420710415178,21.262940731956856,10.615669407842685,-16.625189429384356
37117,Martin County,NC,134084.68676919083,52295.0,0.15917720670433058,0.6922984565993267,0.43105382699833084,1.3342202894193704,6.158952320347348,6.76251426341557,4.16822299560557,-4.7717849386737905
37119,Mecklenburg County,NC,427486.4741674657,90698.0,0.2926082268599679,1.212307675394591,0.590383839800803,2.0514791538138852,14.010533500529746,17.695130242391738,7.349687555158544,-11.034284297020536
37121,Mitchell County,NC,241477.96956869224,58182.0,0.25766221407012674,0.8726866999745424,0.45618821173820545,1.5830333141060913,11.240482358651565,12.59290008197045,6.548925454705242,-7.901343178024126
37123,Montgomery County,NC,187673.3008569154,57356.0,0.2031353474692485,0.9727597627802567,0.46705545324329845,1.7210660427388662,9.361547012320914,10.549511404723715,5.0847358390996735,-6.272700231502473
37125,Moore County,NC,407344.0771737623,85211.0,0.2967752016848707,0.9722887714311723,0.6343044553980706,1.7204163951788352,11.848593860558362,16.407910939008417,7.887503324309227,-12.446820402759279
37127,Nash County,NC,237351.3355777507,66531.0,0.2214774392335004,1.0003555763511125,0.5312082853855005,1.7591294869788183,9.85661762497407,11.95533730180098,5.6461689486170865,-7.7448886254439975
37129,New Hanover County,NC,451043.2802089725,77098.0,0.3631925819035022,1.0619636721679537,0.46976513649534857,1.8441067359311947,17.550349556521333,19.72136978650331,8.956442142689204,-11.127462372671177
37131,Northampton County,NC,101391.83504791772,51986.0,0.12108168208449085,0.7206829727737025,0.5610942614335905,1.3733716065533006,4.1439742092916205,5.53591511306398,3.3058101858981495,-4.697751089670509
37133,Onslow County,NC,276851.50432975194,71800.0,0.2393780408611247,0.7991855857122425,0.5559986130374479,1.481651792698362,8.92877257462336,11.584971410612832,6.409083519809162,-9.065282355798631
37135,Orange County,NC,513108.70738676173,83872.0,0.379799378911628,0.8981955094871072,0.3622218612960857,1.6182181129168254,18.21951326085123,18.158474472194875,9.268455389583293,-9.207416600926937
37137,Pamlico County,NC,255877.9999681221,63059.0,0.2519113486229445,0.8619809530512414,0.5378743537215882,1.5682666684329791,10.106719866751154,12.619702154905616,6.612249735419254,-9.125232023573714
37139,Pasquotank County,NC,254705.29456277782,64384.0,0.24559633571486464,0.8476492824342092,0.5267363828223186,1.5484987154427152,9.846623949325773,12.141389030469023,6.4394947181305735,-8.734259799273824
37141,Pender County,NC,436910.37840592023,79480.0,0.3412686287984661,0.9257382024958738,0.6092326381858675,1.6562082869287456,13.45150324958124,18.230793459762744,9.071908813091245,-13.85119902327275
37143,Perquimans County,NC,255292.80122952294,71446.0,0.22183114163851123,0.3809860149715867,0.6875546212532773,0.9048209628629895,2.5302346802433764,6.996530005791099,6.970450431339863,-11.436745756887587
37145,Person County,NC,240707.0357965624,60520.0,0.24691741988068677,0.8913296416781442,0.3780540565157,1.6087478874482288,11.648490329748999,11.832809750482681,6.070588949873645,-6.254908370607327
37147,Pitt County,NC,238938.5431900864,59430.0,0.2495987155072314,0.8978572815098114,0.4180724903958577,1.6177515884666174,11.438761539429928,12.200416108025651,6.222722845105798,-6.984377413701521
37149,Polk County,NC,315548.7850939192,74525.0,0.26286114332185323,1.0570056205845342,0.6317437379576107,1.8372679986169373,11.168683593288062,15.134358785271798,6.872681708115168,-10.838356900098905
37151,Randolph County,NC,240031.76189614602,63374.0,0.23513617993261177,0.8900913496425649,0.4664476119955572,1.6070398870760703,10.28731903000811,11.659618310830217,5.9784112031730725,-7.3507104839951785
37153,Richmond County,NC,132328.1427678011,50515.0,0.16262740221260666,0.7919140543502032,0.5299694096980343,1.471622027573758,6.195871266860174,7.754185037964478,4.320025903131607,-5.878339674235912
37157,Rockingham County,NC,203589.29839406905,56141.0,0.2251317080937136,0.7183638938678647,0.39835110092657167,1.3701728557575046,9.230883355036724,9.648424382013088,5.786569432525442,-6.204110459501807
37159,Rowan County,NC,275551.4589855744,65555.0,0.26095087531690825,1.1392307914067623,0.46125897195845034,1.950682781503347,13.172085093490212,14.6033061036258,6.3329075236673,-7.764128533802887
37161,Rutherford County,NC,219182.19817444833,57208.0,0.23785395540666046,1.0650986672367453,0.5462457430131358,1.8484308958146163,10.87370206947147,13.317051122932693,6.026517995296569,-8.469867048757791
37163,Sampson County,NC,143744.90644335767,55628.0,0.16042087594559784,0.7598693098459719,0.3681259222823414,1.4274220860685545,7.000563250028721,7.0153530212396085,4.037509516053319,-4.052299287264206
37165,Scotland County,NC,144626.91201061793,55335.0,0.16225984771394633,0.9201368877532912,0.5610629954580078,1.6484822841846225,6.662098109684339,8.487774087119162,4.244951327595125,-6.070627305029948
37169,Stokes County,NC,238716.529364652,67343.0,0.2200654666703663,0.8264505066020233,0.5701695073328825,1.5192588302053456,8.290604452610614,10.906872261629857,5.887543415759552,-8.503811224778797
37171,Surry County,NC,228851.62984832388,55191.0,0.2574231566327712,0.9358494948462506,0.4369662570297854,1.6701549898075796,11.888873025250993,12.95392498631902,6.416311755316006,-7.48136371638403
37173,Swain County,NC,327451.5610843857,53257.0,0.3817088518038267,1.0731147278835467,0.4751405700357312,1.859487604712513,18.479447724608434,20.87515522692428,9.4135569152427,-11.809264417558545
37175,Transylvania County,NC,469863.4781684755,71679.0,0.40695052794964937,1.2727538788404065,0.5653170859538783,2.134853781942497,20.374914796604475,24.91647989009362,10.040073389419597,-14.581638482908739
37177,Tyrrell County,NC,174162.35627180614,49846.0,0.2169131311203808,0.5944369020987297,0.4765247785775646,1.1992379373533857,7.12819524933351,8.54852547496492,5.921272954828287,-7.341603180459697
37179,Union County,NC,455943.9352835661,107681.0,0.2628658859186937,1.1127339565795857,0.5020365462407588,1.914135180093088,12.737657502227206,14.77905353756857,6.502726491086739,-8.544122526428103
37181,Vance County,NC,187748.10941050106,54441.0,0.21409737538000995,0.9915871927086828,0.6649642179949844,1.747035084290121,8.433402753894182,12.088293919015978,5.729864488471993,-9.384755653593787
37183,Wake County,NC,497865.1968695042,107083.0,0.2886377318899742,0.9472739581496112,0.5161335995129479,1.6859129750107447,12.5708639444658,15.069646817557858,7.391111828640867,-9.889894701732924
37185,Warren County,NC,218275.5229131532,55287.0,0.24510031950246,0.9254711741556709,0.6189932355266625,1.6558399695275678,9.568779320084936,13.138410523058305,6.538172286742736,-10.107803489716106
37187,Washington County,NC,110368.45222890361,51253.0,0.13368649156308174,0.5247809441494096,0.45828828316166836,1.1031601150932544,4.099100781728568,4.829418849235767,3.6929282461217117,-4.42324631362891
37191,Wayne County,NC,191005.3329527442,59786.0,0.19833888167036057,0.6921468347886548,0.4524914360681227,1.3340111544967397,7.490951137343729,8.496191813001689,5.2364206910590205,-6.241661366716979
37193,Wilkes County,NC,211788.80333908144,56053.0,0.23456650661825296,0.8415498777204526,0.37901936182252083,1.5400856874802353,10.721971833626975,10.904247932023608,5.826816331754505,-6.009092430151137
37195,Wilson County,NC,217526.01435602354,62252.0,0.21693007108103876,0.9920471608533576,0.5081887779823626,1.7476695273291725,9.78577097372928,11.559502875243831,5.492796713241665,-7.266528614756217
37197,Yadkin County,NC,228416.7987466495,66012.0,0.21481619238351585,0.8032206476857655,0.6019219569015726,1.4872174324298957,7.64612698140972,10.60481409935217,5.841797368289306,-8.800484486231754
37199,Yancey County,NC,326240.1023710494,62198.0,0.32562878556776914,1.0001957429659978,0.707891701905651,1.758909025671295,12.404957596063523,18.75076251785417,8.828933559548876,-15.17473848133952
38015,Burleigh County,ND,340929.59793882293,91254.0,0.23193947023077477,0.2622003142070668,0.38144329896907214,0.7409775274830279,4.7898480695449495,4.906087378771161,6.763976759141933,-6.880216068368144
38017,Cass County,ND,318621.6778999755,77791.0,0.2542774402285652,0.42484512065417146,0.3904658063132307,0.9653166833198905,7.437560102094098,7.748096125936742,7.044078479094493,-7.354614502937137
38035,Grand Forks County,ND,263052.5463414776,70919.0,0.23027233869612068,0.20416236100690832,0.363250163392411,0.6609246459195619,4.126990314105091,3.9464628123922765,6.815917873980323,-6.6353903722675085
38049,McHenry County,ND,157781.60029716857,77267.0,0.1267722419742976,-0.37720564233343057,0.37117353729303826,-0.14096758752442573,-7.55795446800962,-7.786120646754073,5.4503237518461,-5.222157573101648
38055,McLean County,ND,200736.2716419777,81639.0,0.15264762161676648,0.14490292546756733,0.3066421254801537,0.579186949926249,2.634477142658667,1.9082166134226206,4.521551497007919,-3.7952909677718716
38057,Mercer County,ND,223773.36122058533,93154.0,0.14913127883352645,0.039178378291761184,0.23060054426801235,0.433359018602979,2.109564329624786,0.5378761726381714,4.484854374478948,-2.913166217492334
38071,Ramsey County,ND,210321.02913776532,74421.0,0.17544825844958944,0.2947141488189584,0.44207181196349343,0.7858244941288601,3.3771968982152956,4.1654740453205745,5.180405330891795,-5.968682477997073
38077,Richland County,ND,212164.64242454243,80180.0,0.16427399640256746,0.608911005158266,0.4080994696357698,1.2192023501914195,6.004099250841994,6.398291885390169,4.35197857661417,-4.746171211162341
38089,Stark County,ND,285136.94134655845,88681.0,0.19961113759417914,0.017600859025043603,0.1540393524543231,0.4035967251545045,3.5490558054853185,0.3194987301970385,5.859845801307143,-2.6302887260188634
38097,Traill County,ND,209505.6294285959,85101.0,0.152835027135979,0.21424455886641436,0.5525413215601853,0.6748312181993072,1.1159440705548223,2.9342858863234857,4.856827867521064,-6.675169683289729
38099,Walsh County,ND,162484.58110457152,73571.0,0.13710944118121837,0.2117608137930993,0.42168930800595184,0.6714053401449551,2.0484812868672875,2.479162110852928,4.143498060510512,-4.574178884496153
38101,Ward County,ND,265094.51402703807,73522.0,0.2238439148353846,-0.03933487069535635,0.20192905018800067,0.3250641619485328,2.0801291183996815,-0.8660851056337839,6.920326488226156,-3.97411226419269
38105,Williams County,ND,315976.4653957081,98038.0,0.20008851384280582,-0.05647765666661486,0.09100823503227251,0.3014187826862391,3.234987410434753,-1.0775182499214147,5.9275963546077834,-1.615090694251615
39001,Adams County,OH,174322.09891641667,55832.0,0.19383452122663045,0.7851652875719075,0.5250894588762327,1.4623133218421978,7.377872553776621,9.18105306396465,5.147427237634325,-6.950607747822354
39003,Allen County,OH,173105.27094892983,67677.0,0.1587928918577945,0.8285878328734975,0.37284216078057497,1.5222068860453355,7.236160900753733,7.301447008995945,3.9456552954818287,-4.01094140372404
39005,Ashland County,OH,220696.0951300912,73005.0,0.18767391277106896,0.9404918667152657,0.5103024535562084,1.6765583039307042,8.177509094813972,9.740561397010058,4.801783228650907,-6.3648355308469915
39007,Ashtabula County,OH,163015.48204082137,60480.0,0.16733197417412107,0.8484653583700217,0.3665326042749333,1.5496243449081621,7.7646370526943755,7.774148407888548,4.130863747221233,-4.140375102415406
39009,Athens County,OH,174382.28874481266,54806.0,0.1975313954869587,0.5477639643915102,0.42723958333333334,1.1348610434679398,6.547379508590826,7.249097799399035,5.357599871804099,-6.059318162612309
39011,Auglaize County,OH,216759.61856741327,82460.0,0.1631912663314723,0.7399830820481319,0.4014276002719239,1.3999926239516811,6.7898996481206275,7.123540738114599,4.1789239816642265,-4.512565071658198
39013,Belmont County,OH,128004.33863563191,58332.0,0.1362321741884067,0.3304240883477503,0.27711001642036126,0.8350799106642781,4.142242056206053,3.301075946126922,3.7143584127298124,-2.873192302650682
39015,Brown County,OH,245147.64182493705,68663.0,0.22164952770029495,0.8984259712528393,0.45466293801110114,1.618535993328174,9.851761200587687,10.99459534105163,5.601643266061433,-6.744477406525378
39017,Butler County,OH,296690.16306883417,80560.0,0.22863649541928172,0.9461349043838392,0.36648912711605663,1.6843418559209433,11.224696613364591,11.25043079450563,5.537961471794871,-5.56369565293591
39019,Carroll County,OH,181085.767846099,70614.0,0.15920451151426362,0.6767775336332211,0.353640302112487,1.3128119774536424,6.602545279064619,6.470118885780834,4.060486357093701,-3.928059963809916
39021,Champaign County,OH,232945.0462417133,73034.0,0.1980114285185063,0.8632807424458926,0.2412937437326852,1.570059493312737,10.237537493798136,8.816554919881924,4.637996952940711,-3.2170143790244987
39023,Clark County,OH,184209.2722323603,65529.0,0.17451783276422095,1.017094590027431,0.3751862500262324,1.7822179352343621,8.825768722982087,8.93798259521387,4.18699516632346,-4.299209038555243
39025,Clermont County,OH,312508.8484461027,87991.0,0.22048849343060775,0.9081156696491257,0.4143279647667728,1.6319011834379702,10.200264596392868,10.82599364163109,5.478245978417892,-6.103975023656115
39027,Clinton County,OH,238063.65768078758,67463.0,0.2190732327346947,1.036830899517955,0.43370523855063214,1.8094406121040296,10.727644299485753,11.593263396518042,5.354324708084029,-6.219943805116315
39029,Columbiana County,OH,156847.52989714136,59141.0,0.16464588650970374,0.6901833130038009,0.39809933571310374,1.331302830577251,6.590654576943855,6.891731520157099,4.259285265385825,-4.560362208599067
39031,Coshocton County,OH,170898.9839979327,61297.0,0.17308607346458782,0.8170943090871337,0.4719640755949379,1.506353644370125,7.1433825507501245,8.212927769394748,4.476275485180936,-5.545820703825559
39033,Crawford County,OH,149440.10236807607,59571.0,0.15573783415824852,0.873894503820545,0.43644956716741823,1.584699261523336,6.918635492102373,7.558564308657042,3.9282544858282584,-4.568183302382926
39035,Cuyahoga County,OH,204366.9473793447,66081.0,0.19199765139933808,0.9359821328805045,0.45213817958071467,1.6703379400368945,8.758872404726095,9.719827669001088,4.812594547328313,-5.773549811603307
39037,Darke County,OH,192263.59803769155,70987.0,0.16814350941470418,0.38831596395937673,0.38833584322622294,0.914931304558916,4.623853017574918,4.802102883363437,4.707769949125016,-4.886019814913536
39039,Defiance County,OH,171459.07056712822,71913.0,0.14801813347423282,0.6721257060498071,0.3333024325126075,1.3063956208791025,6.245044698081688,5.941363595032334,3.7490513517822563,-3.4453702487329028
39041,Delaware County,OH,506364.23221900593,136215.0,0.2307809470156724,0.7698187327247266,0.3945167333817914,1.4411455192260072,9.894616296679237,10.275103839919835,5.855184650436291,-6.235672193676889
39043,Erie County,OH,223256.89973820504,72400.0,0.19143801753882517,0.7431147724543414,0.5042905524735606,1.404312225649507,7.166222548663972,8.719633827039177,5.092621146386529,-6.646032424761733
39045,Fairfield County,OH,353365.06780196587,90728.0,0.24179323295893498,1.0279589939784217,0.47645240032546776,1.7972034196422428,11.416712015004466,12.955541301460045,6.012920298554026,-7.551749585009606
39047,Fayette County,OH,227774.50858815087,68224.0,0.20726682965050874,0.9133897374204494,0.5138013668234667,1.6391758080478245,8.838092251793583,10.609584797969752,5.337761950350096,-7.109254496526266
39049,Franklin County,OH,294037.8806424665,76578.0,0.23837523214565035,1.1461865432454608,0.41971486308607875,1.9602769857684041,12.40532069784923,13.161921745629103,5.690847692376849,-6.4474487401567195
39051,Fulton County,OH,217031.36282630626,75421.0,0.17864549793579246,0.7269488953395649,0.283062842366711,1.3820143158390836,8.24187881157165,7.355146891747921,4.379015841501234,-3.4922839216775055
39053,Gallia County,OH,160596.47654980194,54723.0,0.18219144464212725,0.5433955582009022,0.41264391553513335,1.1288356155519734,6.129360083678264,6.613366863582154,4.919441563469144,-5.403448343373036
39055,Geauga County,OH,354877.1514884117,110508.0,0.19936374552486316,0.6406421254951831,0.4480508419052611,1.2629697037617102,7.179295256516069,8.13863338119538,5.320673103020999,-6.280011227700308
39057,Greene County,OH,286439.5010392836,87684.0,0.2028030209596564,0.7757727552603686,0.4315755102040817,1.4493580187128208,8.42708031363831,9.202832936051758,5.211923387286711,-5.987676009700158
39059,Guernsey County,OH,160244.1953836671,62931.0,0.158080950547431,0.582575228597398,0.5116742733605573,1.1828768995912196,4.860757342035411,6.234924022229918,4.386394571714217,-5.760561251908722
39061,Hamilton County,OH,262172.2671263648,73166.0,0.22245353000421486,0.9601520721890058,0.43266105345604067,1.7036760090447163,10.457679197247888,11.32334742457431,5.510522920459611,-6.3761911477860345
39063,Hancock County,OH,228155.49163461084,80864.0,0.17516106260793776,0.714805600255439,0.463204559848005,1.3652648319314205,6.6802598026840245,7.678514114998281,4.618645419996229,-5.616899732310485
39065,Hardin County,OH,171432.10786139572,68612.0,0.15511505492647065,0.6803022573530639,0.5557923856601892,1.3176736976717107,5.099046586188524,6.841854960161105,4.267675460309986,-6.010483834282567
39067,Harrison County,OH,146689.00823000752,60099.0,0.15152775587600087,0.6774187216146026,0.3590601750299631,1.3136963805502928,6.252068470024215,6.175154236093135,3.872357182410472,-3.795442948479392
39069,Henry County,OH,192453.34073608497,69439.0,0.1720615620186719,0.7097413964656227,0.2185273575966027,1.35827967680713,8.315704294381101,6.79777811060116,4.123588832499905,-2.6056626487199637
39071,Highland County,OH,185567.75367677014,62366.0,0.18472109103642942,1.0456627818212003,0.5030124837325878,1.8216225997348796,8.632447844105815,10.083285248806494,4.62383902642919,-6.074676431129869
39073,Hocking County,OH,275299.90869276534,63690.0,0.26834696222343685,0.9425299414390891,0.4608468278361393,1.6793694601739482,12.203873024929097,13.680214810057649,6.739737290198728,-8.216079075327281
39075,Holmes County,OH,332361.96705819416,77621.0,0.2658238550458134,0.8621492159850834,0.44977586850952567,1.5684987567815796,11.578095185107118,12.875321725611101,6.754567729759852,-8.051794270263837
39077,Huron County,OH,182340.30083648933,72260.0,0.15665583456265045,0.7137935992800108,0.47958556861460333,1.3638689592350026,5.860229773157961,6.905272577545707,4.15715852918002,-5.202201333567766
39079,Jackson County,OH,155167.0009990134,59581.0,0.16167893624158314,0.7334971803963175,0.3911693284766975,1.3910464932193598,6.76101768937928,6.993184897032428,4.129884413594206,-4.362051621247354
39083,Knox County,OH,264567.0653117799,72305.0,0.22715866848089297,1.1946054165183573,0.4201398436579329,2.027062082654645,12.058765436442947,12.786172913366427,5.382821173547963,-6.110228650471444
39085,Lake County,OH,233634.05192936724,84484.0,0.1716815153619446,0.6691855641304085,0.3899509723273338,1.302340225747546,6.803528335012945,7.0323475730826255,4.449430986175646,-4.678250224245326
39087,Lawrence County,OH,135345.16920360524,61638.0,0.13631890399030722,0.36015091520342857,0.552672678724369,0.8760827031185228,2.349944381002289,3.92781305325816,4.105583544095067,-5.683452216350938
39089,Licking County,OH,328986.53783914953,86157.0,0.2370551656394495,0.7261598976929324,0.4573487372925793,1.3809260359863829,9.195530067442508,10.46354006987624,6.220569960204188,-7.4885799626379175
39091,Logan County,OH,235762.59093411372,75055.0,0.19501011172551544,0.8170937689722655,0.5104648822700744,1.506352899379146,7.748638810226997,9.391078053819507,5.115554725251872,-6.757993968844382
39093,Lorain County,OH,241258.9114876118,79139.0,0.18925818490651394,0.8389234134906898,0.4994410655753234,1.5364629541079746,7.737738886118972,9.207629252845154,4.92191950943275,-6.391809876158933
39095,Lucas County,OH,162359.3179747572,63774.0,0.15805033681723102,0.9026642439047496,0.4784402818991098,1.6243819255144265,6.901299730251342,7.932090819432159,4.026338459371167,-5.057129548551985
39097,Madison County,OH,310608.05007452454,84632.0,0.2278452441497709,0.9076962474611256,0.32785239111334263,1.6313226662282871,11.286700292869652,10.80169670013247,5.476508179690305,-4.991504586953123
39099,Mahoning County,OH,156517.38761775257,58133.0,0.1671482060456373,1.0036955774616763,0.3696722663336711,1.763736415696715,8.43117022141306,8.485409769061514,4.011269121694315,-4.065508669342768
39105,Meigs County,OH,108314.720490141,54483.0,0.12342079371626583,0.13998143950282071,0.4159151745107721,0.5723986482834706,1.2282708686876933,1.5645127858776773,3.8337983845586185,-4.170040301748602
39107,Mercer County,OH,246407.98644501498,75311.0,0.20312259224180856,0.5864525126957916,0.34186800655690974,1.18822491322027,7.8563317602588265,7.524403818841176,5.2730281062071755,-4.941100164789525
39109,Miami County,OH,251718.40162078213,83948.0,0.18615147267744145,0.8054445441773941,0.6242236625713458,1.4902848962641175,6.4739008104096305,9.279443617184825,5.099933936724801,-7.905476743499994
39113,Montgomery County,OH,188849.29425804422,66349.0,0.17670256322094657,1.0474130687028786,0.42087116669522007,1.8240368045907585,8.779735605309384,9.350266595813354,4.290255614359193,-4.860786604863164
39115,Morgan County,OH,160002.58899078702,64911.0,0.15302788469220518,0.724906138211066,0.6240336260601966,1.3791967010636852,4.857143922307064,7.1855612166088285,4.269232005911358,-6.597649300213122
39117,Morrow County,OH,269232.6106240745,84191.0,0.19852895619649996,0.7310614519850784,0.6094012846000918,1.3876868454841405,6.471209585852872,9.317736687767388,5.50197259157904,-8.348499693493556
39119,Muskingum County,OH,202860.48172321907,63161.0,0.19939318926291721,0.9908698212645775,0.4578755424245222,1.7460455998564797,9.353534991472008,10.414803143455439,4.9576686872303535,-6.018936839213785
39123,Ottawa County,OH,267852.2442764814,76709.0,0.2167758177554802,0.6947601256546954,0.30473015495041933,1.3376157175913157,9.57833277746872,8.770476848139527,5.3995804475965485,-4.5917245182673545
39125,Paulding County,OH,148484.41059839624,68923.0,0.13374530687962627,0.7374707151633018,0.38410715720138167,1.396527267274101,5.650110481187939,5.786623339996619,3.403983708138367,-3.540496566947046
39127,Perry County,OH,215764.0384148107,68322.0,0.19605609848062314,1.1447491571613995,0.5271581206133489,1.9582943710894982,9.484620340848869,11.278034346224906,4.868202082409569,-6.661616087785607
39129,Pickaway County,OH,313064.4794391792,81135.0,0.23954517044668772,0.9957465154144018,0.38758722123409495,1.7527721192747432,11.879786445183486,12.199870540558413,5.79621355945492,-6.1162976548298476
39131,Pike County,OH,165200.99184136261,59100.0,0.1735349817171995,0.6094577038759068,0.48302426538857235,1.2199564224024657,5.7606314747307135,6.96381094101962,4.730330052281745,-5.93350951857065
39133,Portage County,OH,258431.1254322135,79710.0,0.20127687201560007,0.7436311432947573,0.4868772034546438,1.405024466027594,7.683988735699162,9.110391422269384,5.319234571132472,-6.7456372577026915
39135,Preble County,OH,215692.24124877388,71966.0,0.18606685779517168,0.8998026977983753,0.4099369146976999,1.6204349391217123,8.595274029101834,9.076068057622006,4.622808375381005,-5.103602403901178
39137,Putnam County,OH,222905.14116977341,88101.0,0.15707284579271905,0.6954315663327977,0.4674695182890265,1.3385418488229885,5.85073172486219,6.786727446528577,4.167224946102064,-5.103220667768449
39139,Richland County,OH,177088.54499147556,66025.0,0.1665113817177046,1.1170508780131176,0.45837474874649353,1.920089594078803,8.33509215152511,9.222250994419705,4.051375455784763,-4.9385342986793574
39141,Ross County,OH,194403.70011940517,67519.0,0.17874767024315433,0.7919254368597515,0.4801929189959444,1.4716377276913284,7.170081915463533,8.362316963709539,4.661935500166709,-5.854170548412713
39143,Sandusky County,OH,173924.05496166393,66851.0,0.16151527789437223,0.6989275823097627,0.3371804616553986,1.3433639718910224,6.9350733056332645,6.645821668103817,4.071553169400509,-3.7823015318710618
39145,Scioto County,OH,131187.12604230293,55235.0,0.14744794510497441,0.5517302765743866,0.48174477559889484,1.1403318552714596,4.537021272249839,5.553043536138351,4.079207756436495,-5.095230020325007
39147,Seneca County,OH,166919.71405423377,65260.0,0.1587897362822109,0.7196999753141462,0.3423288150235515,1.3720157389723804,6.8930282552808695,6.66056176851895,3.9919380267516433,-3.7594715399897236
39149,Shelby County,OH,211894.60682240708,75593.0,0.17402040968512797,0.7513253377822451,0.2780097719319008,1.415637218650156,8.195369437865406,7.286502680511253,4.234086148214136,-3.3252193908599814
39151,Stark County,OH,199148.3187959018,69455.0,0.17800614445364482,0.8052796894147529,0.41814358052923883,1.4900575088725705,7.662765413677103,8.204232945228295,4.522547343969649,-5.064014875520841
39153,Summit County,OH,212666.80746740615,70449.0,0.1874074034618498,0.8403670142126409,0.3696970875296497,1.5384541407582129,8.628626418985244,8.672742907587438,4.639764194394562,-4.683880682996756
39155,Trumbull County,OH,151310.7418417163,60389.0,0.15555135095862224,0.8889504194228701,0.40993672807078996,1.605466179756751,7.13754117268696,7.539120153848863,3.8728898189192766,-4.27446880008118
39157,Tuscarawas County,OH,192162.41542183407,66524.0,0.1793295914125407,0.7237613730694838,0.3979154408674457,1.3776177041617612,7.389312683657488,7.717652513929838,4.602855693345449,-4.9311955236178004
39159,Union County,OH,397705.92697346373,119133.0,0.2072487165877627,0.8305276015513952,0.5651505596720794,1.5248824468408158,7.877721282943045,10.280060633569144,5.529876719964344,-7.932216070590442
39161,Van Wert County,OH,170723.3599024694,72213.0,0.14677072059509766,0.9717316520144186,0.4086493445692885,1.7196479494941244,7.075041090512352,7.445710286101736,3.595412968531305,-3.96608216412069
39165,Warren County,OH,393673.74053417746,113333.0,0.21564625806248533,0.8807757635431299,0.39258813265669734,1.5941907173587908,9.988513925955091,10.329102488787893,5.34242800053092,-5.68301656336372
39167,Washington County,OH,172648.37590877668,65321.0,0.16408600350311822,0.48661668967704097,0.4614179922589883,1.050519414055814,4.714088405993248,5.644490223502644,4.587791199623376,-5.51819301713277
39171,Williams County,OH,170968.35991325977,63288.0,0.1677089496066444,0.847489270573625,0.29077522383798016,1.548278007960493,8.275960095162706,7.548827308725135,4.019716726611216,-3.292583940173646
39173,Wood County,OH,235830.75730128947,77522.0,0.18885885042439204,0.5935066803098601,0.35079282104896325,1.1979548642850553,7.2792236186701595,7.074466221558563,4.911267728828343,-4.706510331716748
39175,Wyandot County,OH,176252.91223836425,63875.0,0.17130390110982968,0.7069590919494202,0.24977988221252612,1.3544419898862818,8.03727291925595,6.842840885842526,4.161292448104852,-2.96686041469143
40001,Adair County,OK,158358.31869211065,48550.0,0.20249463101731968,0.8830800346356227,0.5377549727606741,1.597369043448639,8.260903886797344,10.275528600817818,5.292152430586938,-7.306777144607412
40009,Beckham County,OK,140079.0403013793,57449.0,0.15137443984654259,0.02081410301698461,0.11781530918006,0.40802881530479396,3.120028968726972,0.2810565880435087,4.362321753237856,-1.5233493725543925
40011,Blaine County,OK,106596.61427728085,59556.0,0.11111680730619478,0.4482261040089397,0.36784565916398715,0.9975665299828413,3.5028907227469848,3.4827444935827185,3.0289464305770704,-3.008800201412804
40013,Bryan County,OK,226781.42251352113,60458.0,0.23287108340927257,1.0131722438799264,0.47909480122324166,1.776807766641507,10.882994056758776,12.400973813360428,5.811947370393748,-7.329927126995402
40015,Caddo County,OK,102269.07550795314,56389.0,0.11259310656722303,0.09851553498957277,0.2948700284743271,0.5152039169070384,1.637276455258592,0.9924775792742744,3.3867418119311807,-2.741942935946863
40017,Canadian County,OK,266420.56129694154,91636.0,0.18049429532340752,0.6097079473160465,0.44785198527436765,1.2203015880633985,6.279450840273465,7.146743286220386,4.854465029660253,-5.721757475607174
40019,Carter County,OK,176530.9203269512,60179.0,0.18211163078738543,0.8141538116978808,0.3288360898271028,1.5022977589320612,8.540191408651356,8.146400924611203,4.461452509470958,-4.067662025430807
40021,Cherokee County,OK,196062.10879502594,54705.0,0.22249922978667055,0.7481960927452018,0.3474137931034482,1.4113209898977472,9.816964760932363,9.56405797927986,5.569081563899124,-5.316174782246622
40023,Choctaw County,OK,137555.39156505116,39680.0,0.21521266172504877,0.9028111600595441,0.2979196650529896,1.6245845698340662,10.87848677679283,10.049149414642157,5.1171632809633225,-4.287825918812651
40027,Cleveland County,OK,246671.8727339932,78643.0,0.19472487046862644,0.564805542776414,0.3235774273356111,1.1583668251311279,7.531354515905285,6.99067575519698,5.046504506585585,-4.50582574587728
40029,Coal County,OK,112902.25134455434,50771.0,0.13805392211817424,0.717945235548781,0.3033578066437337,1.3695953921671262,6.21195842454334,5.690754062812514,3.418662107035908,-2.8974577453050823
40031,Comanche County,OK,147012.7031843595,62306.0,0.1464828756959577,0.3594896239319789,0.3307276649366737,0.8751705711615305,4.253029766069837,3.8639318888423966,4.044452993250114,-3.655355116022675
40033,Cotton County,OK,100016.7960137885,53567.0,0.11591442315724626,0.7749647086783196,0.248618913312044,1.4482434642917252,5.679736915883423,4.87881313634861,2.772734269130231,-1.971810489595417
40035,Craig County,OK,183565.8515951416,55309.0,0.20604304138389906,0.9999618847139824,0.3450959410491501,1.7585864604201276,10.557576851665834,10.337097874102401,4.901549187678947,-4.681070210115516
40037,Creek County,OK,203685.6277284197,61799.0,0.20461657128789748,0.6264421875464306,0.3039139149699335,1.2433834522118032,8.56879974532816,7.775390408086496,5.178903530972889,-4.3854941937312235
40039,Custer County,OK,160427.170983971,60435.0,0.16479774451591248,0.43019554657799475,0.2657869934024506,0.9726966302197539,5.90547537515066,4.813411505747921,4.331914869498951,-3.239851000096213
40041,Delaware County,OK,267935.9730798088,53179.0,0.312789902214724,0.7324492856494493,0.3691812564366632,1.3896011115434637,13.356916564650401,13.399378520629813,7.923800957054944,-7.966262913034356
40045,Ellis County,OK,103292.76225344879,65593.0,0.09776294186288759,0.2401511590585217,0.14027188651693212,0.7105646974579309,3.2593624201237668,1.74126932955659,2.5924352181846673,-1.0743421276174905
40047,Garfield County,OK,133174.03965864322,65358.0,0.12649771611529034,0.37245643071148526,0.33193397187691054,0.893055940822935,3.7495272064137093,3.426148110279948,3.4796199265856798,-3.156240830451919
40049,Garvin County,OK,142119.6381104595,56297.0,0.15672226707213963,0.8510162682514009,0.2201608183965842,1.5531428646931187,8.18238458767809,6.862399582629119,3.6481994709143573,-2.328214465865385
40051,Grady County,OK,224177.14881370866,74426.0,0.18699436847977563,0.73392956838749,0.39877462035784084,1.3916428944144092,7.762897058102464,8.115496406845516,4.790105653094153,-5.142705001837205
40053,Grant County,OK,115110.56303317963,61169.0,0.11682765576704703,0.4726278382926059,0.20579944410494977,1.0312243183238015,4.747503867341235,3.5490103866488187,2.9571160571505,-1.758622576458084
40057,Harmon County,OK,82484.2201442282,44893.0,0.11406544763608613,0.23446679320625363,0.35448346608737635,0.7027241406973286,2.3328634089964275,2.182181740355675,3.3245394855793258,-3.1738578169385736
40061,Haskell County,OK,160766.1488524134,50066.0,0.19934877817350827,1.0116500781363666,0.3572435480373022,1.7747082137236272,10.183768073742204,10.109088678806543,4.7546383913429695,-4.679958996407309
40063,Hughes County,OK,109162.62324385658,52070.0,0.1301512221627812,0.9391838873470548,0.3820469264253106,1.6747541824605734,6.290201558518911,6.4200838086568135,3.1754363018567187,-3.3053185519946204
40065,Jackson County,OK,120569.63030871621,61097.0,0.12251236063621404,0.5163396703359024,0.3661203407642599,1.0915169013757233,4.2490713309295,4.221801018693141,3.272268564815583,-3.244998252579226
40067,Jefferson County,OK,95587.5622141058,51511.0,0.11520286230952448,0.9983849385345485,0.42189527148259587,1.7564113477779086,5.577544582060798,5.955610861894455,2.8224611237748642,-3.20052740360852
40069,Johnston County,OK,141916.72227442972,49529.0,0.17788358657872144,1.073674684269751,0.2706259620318112,1.8602599634845558,9.886157242204309,8.961527359683657,4.058913984709843,-3.1342841021891923
40071,Kay County,OK,110920.14625802076,57006.0,0.12079577094312126,0.5219431301252164,0.3143199686440874,1.0992458628246666,4.516656681327522,4.104705018926943,3.1550338228221353,-2.7430821604215563
40073,Kingfisher County,OK,219400.95348896133,83475.0,0.1631713654199181,0.5371755383033892,0.40383774511452697,1.120256220712517,5.513436524011054,5.858347824231727,4.398216529711083,-4.743127829931756
40077,Latimer County,OK,152966.2258308314,47142.0,0.2014417161467069,0.5921703894602794,0.2304439746300211,1.1961116922361223,8.857735376108158,7.166956086382831,4.9895885332242065,-3.298809243498881
40079,Le Flore County,OK,160895.1158094228,52370.0,0.19073138025521932,0.7879820412727072,0.3687566974203498,1.4661985251956975,8.487418690058341,8.515612858412288,4.772358051249381,-4.800552219603329
40081,Lincoln County,OK,176179.67520569137,63528.0,0.17216802074791174,0.921166367914465,0.35235013623978206,1.6499022662630773,8.430385712239296,8.30777456842469,4.167099481475882,-4.044488337661276
40083,Logan County,OK,312824.16419521667,81339.0,0.23876096687870152,0.5649219812258399,0.4050127824224419,1.1585274309569256,8.334843628167377,8.859318736469639,6.390570011929871,-6.915045120232134
40085,Love County,OK,204368.00233991654,63781.0,0.19892228556472302,0.8434417407549122,0.41036640647458156,1.5426951710867574,8.858530445513946,9.375037005026515,4.9990645753601735,-5.515571134872742
40087,McClain County,OK,282014.09927625296,82649.0,0.21183371514945243,0.6711921926438869,0.45765432098765424,1.3051080076191321,7.787889429166711,8.927815473694961,5.631809082521255,-6.771735127049506
40089,McCurtain County,OK,206887.64136963335,50467.0,0.2545006666671248,0.8861067834834979,0.5908646723197679,1.6015438972069318,9.887149580545266,13.19732374674536,6.774911277851101,-10.085085444051195
40091,McIntosh County,OK,189433.90373849493,51124.0,0.23003543878519678,0.7914293665543726,0.42904262753319355,1.4709534882374196,9.699754493886672,10.54567931544404,5.886082793320743,-6.732007614878112
40093,Major County,OK,153412.0853331704,65653.0,0.14506640957475594,0.4737563067304589,0.19325699745547076,1.032780836864212,5.991138194873457,4.39010848584451,3.6510529938918492,-2.0500232848629016
40095,Marshall County,OK,204934.16751955156,58563.0,0.21724656612431972,0.9086984246636052,0.41757842757552277,1.6327049888029483,10.027028244936014,10.684128719791506,5.403715205503046,-6.0608156803585365
40097,Mayes County,OK,208949.76760024586,65597.0,0.19775149679056414,0.7701403859147038,0.41455157095723805,1.441589181748581,8.31828000846322,8.87699074783605,5.05551222103839,-5.614222960411219
40099,Murray County,OK,181403.61833454028,65183.0,0.17277204172652055,0.9168824154582722,0.4307067603160668,1.6439933270312541,7.928234734469333,8.581106190709637,4.311921227583686,-4.9647926838239895
40101,Muskogee County,OK,153428.38268866538,55536.0,0.17151139353395614,0.8554032616671599,0.3766980664352999,1.5591939303314994,7.924820040453354,8.036261340441175,4.244708182900723,-4.356149482888545
40103,Noble County,OK,147787.0645982907,65288.0,0.1405286658182318,0.7309592154693776,0.256094041595321,1.387545828662705,6.659617091550964,5.738899981677613,3.4041611391614497,-2.4834440292881
40105,Nowata County,OK,163902.71179273972,55783.0,0.18240894733464713,0.7626941140413632,0.2870722872107243,1.431318393626365,8.584672756567029,7.7325155703773465,4.443412145031948,-3.5912549588422653
40107,Okfuskee County,OK,130882.78544211407,49016.0,0.1657702248563456,0.7394634212124851,0.31448952774276595,1.3992758456189631,7.494981127900832,6.983027123710483,4.103457141004622,-3.5915031368142727
40109,Oklahoma County,OK,224953.3309954214,68006.0,0.20535584191411804,0.714798298932203,0.36695477386934683,1.3652547610737829,8.66742719343057,8.665678669458554,5.218576477157538,-5.216827953185524
40111,Okmulgee County,OK,133783.53801815337,52198.0,0.1591148372144091,0.800889084306543,0.3106842435655994,1.4840014615563035,7.515783747747307,7.000843312631762,3.8809575566322914,-3.366017121516747
40113,Osage County,OK,205434.69666525276,68398.0,0.186462823883646,0.7065695515336823,0.48391295858373296,1.3539046891882762,6.891575329665701,8.184041185936785,4.964533531937188,-6.25699938820827
40115,Ottawa County,OK,139646.6979475514,52587.0,0.16485956136925445,0.7688885937832972,0.45404523585688206,1.4398625604307695,6.661088798820253,7.509246550261873,4.279370755744151,-5.1275285071857715
40117,Pawnee County,OK,167355.77002139774,57903.0,0.17943265767410346,0.8788410929157964,0.2814934490084986,1.5915221884039519,9.070419670377197,8.203742761667549,4.258351845780281,-3.3916749370706327
40119,Payne County,OK,226717.48965147565,54326.0,0.2590831446427404,0.5783633118421094,0.3013150645555369,1.1770673206075597,10.421939931678962,9.35630928356494,6.6307098569810705,-5.56507920886705
40121,Pittsburg County,OK,140903.4634251266,54668.0,0.16001118715152468,0.6077967834456075,0.26379545507085567,1.2176654824371198,6.882457100761632,5.868741310872748,4.0027720158216304,-2.9890562259327464
40123,Pontotoc County,OK,180175.10859468544,60954.0,0.1835077653247663,0.6176333290451659,0.36064110004910943,1.2312332217603759,7.160184475853909,7.074939449175615,4.7614972062552985,-4.676252179577004
40125,Pottawatomie County,OK,180516.4431912716,61709.0,0.1816059711699471,0.8995902746105082,0.41576616881180173,1.6201419396728691,8.347709267540129,8.877842739049068,4.52212607762577,-5.0522595491347095
40131,Rogers County,OK,275645.23797953606,81443.0,0.21011574435491664,0.7520945374039782,0.28737176548693544,1.4166981907007195,9.8187379527383,8.837489785374764,5.130770117381899,-4.1495219500183635
40133,Seminole County,OK,113607.9673912697,50893.0,0.1385838436844187,0.7066650687692686,0.30154467802158447,1.3540364379755103,6.196095828747363,5.655758968429529,3.438097351400758,-2.8977604910829244
40135,Sequoyah County,OK,178290.90779846298,52486.0,0.21088592018084376,0.9586046653061746,0.4294351544201753,1.7015416405308135,9.930231793086506,10.712103388812478,5.219178894523946,-6.001050490249916
40137,Stephens County,OK,138994.0650683753,59105.0,0.14599362756221926,0.5048665194124,0.23266387203069927,1.0756917603878704,5.929430462949975,4.689775060977502,3.704016094223028,-2.464360692250555
40141,Tillman County,OK,65869.64798158304,47148.0,0.08673291293612366,0.5588660889390573,0.23272413522629232,1.1501744205341944,3.700775851433612,2.977375182068428,2.168852084884336,-1.4454514155191514
40143,Tulsa County,OK,241417.41601634407,70089.0,0.2138358898911964,0.7732389933943467,0.3645018105361524,1.4458631515201206,9.454080229285555,9.430228456908278,5.358624257768213,-5.334772485390935
40145,Wagoner County,OK,269490.40706332045,82745.0,0.20219174244205668,0.6681080482366026,0.4279181334989992,1.3008539870455689,7.671083096209933,8.399647649956199,5.31888428497405,-6.047448838720317
40147,Washington County,OK,170168.273671292,67652.0,0.15615641055998342,0.6027436784495104,0.2996004303058244,1.2106956360956191,6.435682718667564,5.78350906980835,3.9688987085562073,-3.316725059696993
40153,Woodward County,OK,129343.70932343851,62279.0,0.128933432804215,0.12019607785180275,0.03299054569580351,0.5451083128114929,4.273428675955292,1.2118541954465425,3.409808598855692,-0.3482341183469429
41001,Baker County,OR,295820.7102089843,61369.0,0.2992549850108106,1.1359350889501987,0.5021172439113939,1.946136954783479,14.667685296527551,16.989716396526216,7.37489109469853,-9.69692219469719
41003,Benton County,OR,558244.3670243563,79863.0,0.43395090077118137,0.8754754245668668,0.4580724079382177,1.5868798563632343,18.93582370423288,21.260498742750993,11.031169002454062,-13.355844040972173
41005,Clackamas County,OR,617749.3374200851,103479.0,0.370614093123784,0.8398947509676999,0.4884139061893187,1.5378027388474043,15.325000820451395,17.965972148417784,9.59728613420049,-12.238257462166878
41007,Clatsop County,OR,530387.5004369405,76494.0,0.4304550169520921,1.0975182152372986,0.6158428390367554,1.8931478110972573,19.004294605769516,25.09028598333876,11.114269072927206,-17.200260450496444
41009,Columbia County,OR,450919.8353022535,88138.0,0.3176128121873018,1.0115840116466126,0.6930080676142911,1.7746170869249034,12.381271777257352,18.295628053692642,8.550188998058388,-14.464545274493675
41011,Coos County,OR,361417.7597647134,60914.0,0.3683445389925723,1.0411772944884992,0.5645451276519238,1.8154356795145756,16.36544947585003,20.536480468819008,9.433140125603476,-13.604171118572454
41013,Crook County,OR,472941.15940459096,76704.0,0.3827815213333366,1.3840793069470965,0.7027927007947432,2.2884071176449474,18.457078975205064,25.544001909215076,9.738424252667201,-16.82534718667721
41015,Curry County,OR,472430.7292228253,56805.0,0.5163134506751789,0.8750103814704508,0.4899281330325762,1.5862384133441996,21.886603374142734,25.601927692688044,13.28187365036258,-16.997197968907894
41017,Deschutes County,OR,691234.6861751918,99705.0,0.43039820352333263,1.1599508102871474,0.751946020980127,1.9792623079332987,17.73038660117196,27.032213903109636,11.514863037793697,-20.816690339731373
41019,Douglas County,OR,338892.53300763277,61341.0,0.3429833303665003,1.0236908982846278,0.4711483115886417,1.7913163519522706,16.221580574722196,18.302133553759134,8.519202049482884,-10.599755028519821
41021,Gilliam County,OR,216225.75155949104,76759.0,0.17487993046743816,0.5139882168997711,0.5141634118436107,1.0882734957584472,4.807815248319136,6.367169433560148,4.949474557192323,-6.508828742433335
41023,Grant County,OR,275787.14403123554,61302.0,0.27929376368164743,0.9482532909810213,0.4221552024127131,1.6872637878985408,13.148576626435842,14.067887719801119,6.906707117694343,-7.826018211059621
41025,Harney County,OR,209982.51691229222,59576.0,0.2188132723185977,1.2368212271601693,0.47217554611050705,2.085291174189965,11.440447247284782,12.768092295996883,5.2507935545333275,-6.5784386032454325
41027,Hood River County,OR,691867.8347158564,85628.0,0.5016134869777513,0.9807676841934023,0.593790715854521,1.7321115250329298,20.899478852146597,27.444089697993622,13.123070619051633,-19.66768146489866
41029,Jackson County,OR,435877.77563748363,73899.0,0.36617444265632815,0.7447117849944302,0.6475086389477205,1.4065150162146085,11.549013211871696,17.613122829353575,10.253319708811532,-16.317429326293414
41031,Jefferson County,OR,418812.91879950697,69959.0,0.3716535978195531,1.6067532824492377,0.6529001772002363,2.595545677936048,20.080156235169195,25.86539012059749,9.036227376742659,-14.821461262170956
41033,Josephine County,OR,395401.520384669,60157.0,0.40805060835114765,0.848890366146154,0.48283171880006903,1.5502105664285692,17.07876964551648,19.852636352930727,10.525326451871738,-13.29919315928598
41035,Klamath County,OR,298597.4535244054,64076.0,0.2893027565944553,1.1118015118421312,0.5117969044922612,1.9128490408683887,13.9151819919005,16.319656317401858,7.183025577370484,-9.58749990287184
41039,Lane County,OR,457774.6591541618,73137.0,0.3885764449925736,1.0121338234317165,0.5477419900960765,1.7753754530506578,17.187924836060244,21.23002773774589,9.94360101714717,-13.985703918832815
41041,Lincoln County,OR,483728.9727445243,65436.0,0.4589308167783978,1.1767644736699814,0.5914198161389173,2.0024537219859626,21.56792420047915,27.38997739543089,11.596440671136595,-17.41849386608833
41043,Linn County,OR,406083.9307181702,77936.0,0.32347413248397405,1.2923041095226018,0.631928303704169,2.1618197966801773,15.651756118569335,20.43417339367388,8.142530058755083,-12.924947333859631
41045,Malheur County,OR,301977.9143014191,60814.0,0.30827157142242084,1.367221398906692,0.6172215721731731,2.2651546760725823,15.558556268738483,19.84379432721979,7.638337881408527,-11.923575939889838
41047,Marion County,OR,445452.013205908,80192.0,0.34485120344176096,1.1812505843864693,0.5534161129728996,2.0086415020516903,16.67982796755969,20.327625866344377,8.592440833789126,-12.240238732573813
41049,Morrow County,OR,302800.74975631945,77596.0,0.24225875256651844,1.1882793417643818,0.4430021943690259,2.0183364042818197,12.644001511145081,13.725927488199403,5.7948416512278325,-6.8767676282821535
41051,Multnomah County,OR,512354.9357250301,90423.0,0.3517660138345037,0.6026528598835552,0.53874821319175,1.2105703682751097,10.690643685945227,14.318705444158905,9.807498653934838,-13.435560412148517
41053,Polk County,OR,476706.7691451269,94166.0,0.3142816763175719,1.1190312982537787,0.7015286762314337,1.9228212263681899,13.132170605181951,19.068940622163343,8.325115510288326,-14.261885527269717
41057,Tillamook County,OR,523310.3148113683,66296.0,0.4900425984694757,1.0445602474850335,0.4741617006137151,1.820101852607075,23.38809177609957,26.44099198630696,12.14066538556135,-15.193565595768739
41059,Umatilla County,OR,300165.5274057375,67908.0,0.2744111405828058,0.9649311309701474,0.3854251672923128,1.7102678580934265,13.413862131371483,13.743562956119629,6.671680934576548,-7.001381759324695
41061,Union County,OR,304689.12281818566,67339.0,0.2809002673852335,0.8808626230273431,0.4519599810254862,1.5943105243405848,12.368857546320136,13.77429924881546,7.116635720993609,-8.522077423488934
41063,Wallowa County,OR,428317.8144958781,67150.0,0.39598796387653323,1.1286781846989808,0.5245771370189578,1.9361273651183044,19.03721573440648,22.606662371384676,9.8494589896934,-13.418905626671595
41065,Wasco County,OR,390951.478016896,63941.0,0.37958172933835665,1.2310332488970337,0.41744624251828855,2.077307702808871,20.47416587506333,21.634660210213887,8.936089102667971,-10.096583437818529
41067,Washington County,OR,585511.1725356784,107040.0,0.33958691761550985,0.8285990598045632,0.5200874788758396,1.522222371570468,13.492541461886345,16.53983386037335,8.917818094786409,-11.965110493273412
41071,Yamhill County,OR,512971.34579115076,92193.0,0.3454275910404586,0.9639052983650334,0.745881149869333,1.7088529071602339,12.279626312737141,19.786351432610566,9.551734578054756,-17.058459697928186
42001,Adams County,PA,312287.0447919577,85854.0,0.22581630596802837,0.6144973072306321,0.41771524819181605,1.2269076456665133,8.205496908267962,8.87902290078537,5.996156265094228,-6.669682257611639
42003,Allegheny County,PA,238042.16724791986,80878.0,0.1827196931515064,0.7199548673829648,0.4864000588105566,1.3723673165775758,6.8237184162108555,8.115850782164499,4.854224837436164,-6.146357203389807
42005,Armstrong County,PA,165228.73369861193,63472.0,0.1616088932798929,0.5472848820388125,0.4138507116922461,1.1342002358287155,5.45473135163384,5.8961937841934855,4.361116508901429,-4.802578941461072
42007,Beaver County,PA,191763.6199247515,73077.0,0.16290986131998234,0.532765269366205,0.45772077157846436,1.1141730506931706,5.058363113591863,5.9422166560163445,4.4892211963005915,-5.373074738725074
42009,Bedford County,PA,191601.52264254467,59645.0,0.19942829576764315,0.2826128965174166,0.29696877446290326,0.7691330006517554,5.322545388990019,4.322868553986513,5.574877971563113,-4.575201136559608
42011,Berks County,PA,291720.2876736068,78176.0,0.2316621340431933,0.8255382270025775,0.39184930653230543,1.518000505149061,10.360863287889355,10.711875471190954,5.802222058441632,-6.153234241743233
42013,Blair County,PA,159287.70478432064,65984.0,0.1498668158010784,0.2891483588959929,0.47023172905525845,0.7781474914617659,2.59519275360499,3.544649037111301,4.4833192687975565,-5.432775552303867
42015,Bradford County,PA,190986.4322083348,62009.0,0.19120958238143365,0.307314980077005,0.25608199809589394,0.8032050666108488,5.801623752012788,4.346787000050397,5.208076750254656,-3.7532399982922655
42017,Bucks County,PA,493044.4887671231,112331.0,0.27248860676095565,0.6708495873383558,0.39520816772655,1.3046354454346574,10.752614793979005,11.201663039758518,7.073634061734126,-7.522682307513641
42019,Butler County,PA,314414.6732799059,95450.0,0.20449784597270168,0.4293401124301035,0.405909385494609,0.9715167132042395,5.866827271020602,6.31612181360757,5.691975507739486,-6.141270050326455
42021,Cambria County,PA,106183.16134023112,61223.0,0.10767203203578324,0.1557404774027773,0.39823231169780304,0.5941353968246985,1.3231801577022153,1.4873525143845148,3.2981506737930646,-3.4623230304753645
42025,Carbon County,PA,259598.35885393238,66998.0,0.240548121045762,0.9654203423594578,0.28543197559524947,1.7109426369105378,12.64888111025752,11.568237157107117,5.625421243712039,-4.544777290561633
42027,Centre County,PA,337082.2540489864,76524.0,0.27346395538676915,0.5667646850572148,0.3892237310289739,1.161069108315203,9.76701249430379,10.104334216037415,7.270773583502027,-7.608095305235655
42029,Chester County,PA,542424.014471636,130877.0,0.2572986111627028,0.6576970440236327,0.44527635138865884,1.286493885745247,9.46620083373268,10.660828419042737,6.830821817960489,-8.025449403270544
42031,Clarion County,PA,128861.34552230063,60755.0,0.13167474967529175,0.18497131150755042,0.519330799239772,0.6344540567974339,0.9274550151878641,2.2086577862093084,4.180923926330012,-5.462126697351454
42033,Clearfield County,PA,133161.9440464376,61276.0,0.13491231178106414,0.2731115179122727,0.3820822807650668,0.7560275637052791,2.8729516349183775,2.947759964890289,3.919621166472454,-3.994429496444365
42035,Clinton County,PA,186934.8655524725,65983.0,0.175881482406892,0.4394319886560125,0.43763208924330566,0.9854366350436548,4.852770110312843,5.590535384015599,4.941502299239413,-5.679267572942169
42037,Columbia County,PA,231902.06377287398,65026.0,0.22140092892854854,0.4344463142590862,0.45267296651252154,0.9785597970436191,5.88467596303375,7.022928583687005,6.266439491310214,-7.404692111963468
42039,Crawford County,PA,154775.76437953024,58757.0,0.163532926508466,0.5011651809697526,0.27763160755832916,1.070586432035686,6.26268099845997,5.327784363868922,4.231873051492823,-3.2969764169017752
42041,Cumberland County,PA,327867.4090327582,90939.0,0.22382569376062494,0.6282922751168207,0.4225667177674186,1.2459353141054104,8.205536737351174,8.939197305113119,5.933741978273203,-6.667402546035147
42043,Dauphin County,PA,260315.18707809364,72875.0,0.22175979074720062,0.7213182585109899,0.3446068120594856,1.374247868569479,9.617066030007932,9.32268581262992,5.577949161358754,-5.283568943980744
42045,Delaware County,PA,351454.40807360184,90113.0,0.2421271060777318,0.8134744235248936,0.34128661586091935,1.501360665565585,11.229303169175498,10.881307193332841,5.9616323975451575,-5.613636421702499
42047,Elk County,PA,125680.30401959707,66741.0,0.11690588606194553,0.301852989628832,0.3954961736294067,0.795671236585169,2.605311003572415,2.775659251007584,3.379731833490959,-3.5500800809261284
42049,Erie County,PA,201355.4037929673,63912.0,0.19558824327180466,0.6365539349160276,0.3564242964472175,1.2573307827075282,7.805976791247199,7.668741113448116,5.042708500631222,-4.905472822832139
42051,Fayette County,PA,147496.17886966895,60039.0,0.15251381478018203,0.4238933669146048,0.49006030824212643,0.9640039108117293,3.680387112298461,4.824586479966595,4.3936365104687285,-5.537835878136862
42055,Franklin County,PA,277826.60361102823,75061.0,0.22978482717925253,0.6540370990262494,0.317437472575691,1.2814456521799822,9.70938986594289,9.01449794132961,5.80840796646554,-5.113516041852259
42057,Fulton County,PA,222994.9207745383,69381.0,0.19953371146847226,0.5106296577849423,0.4050994369962331,1.0836409696230742,6.497852190679046,6.932988414220989,5.4208390148347485,-5.855975238376691
42059,Greene County,PA,146232.7017182653,63608.0,0.14272321767163262,0.21859093051849343,0.2542493197144773,0.6808262534462384,3.6221728713403345,2.4739324671751666,4.012217738405987,-2.8639773342408184
42061,Huntingdon County,PA,173977.4196378394,66355.0,0.16277252353388305,0.556368376714172,0.4786629526462396,1.146729277315088,5.065512577830003,6.1559719397403505,4.492235871465012,-5.582695233375359
42063,Indiana County,PA,153663.04851347752,61768.0,0.154442836847626,0.43077478600527797,0.35909170920612565,0.9734955864666994,4.808233594491738,4.6923696595760775,4.217388597520487,-4.101524662604826
42065,Jefferson County,PA,119894.93038949578,61167.0,0.12168736977858845,0.20166367078141145,0.34435921668608094,0.6574781537251242,2.298830895026538,2.0485141416501333,3.5773869487697847,-3.32707019539338
42067,Juniata County,PA,221331.7933209293,71150.0,0.1931215610467092,0.46432550590679655,0.4227723564229724,1.019772749229185,5.708248507077562,6.338845024954605,5.354243749357995,-5.984840267235038
42069,Lackawanna County,PA,211961.32114635184,67341.0,0.1954064619090469,0.723138182739193,0.40293749999999995,1.376758125576516,8.006319235021193,8.422153155803697,5.025932772049827,-5.441766692832331
42071,Lancaster County,PA,358271.22498241,85829.0,0.259143154419046,0.7706863903114862,0.44905539329067556,1.4423422962693153,10.53920663267365,11.796408778828544,6.711468159208768,-7.968670305363661
42073,Lawrence County,PA,155699.37527391934,59609.0,0.1621574471660323,0.6683442143001841,0.356476424540324,1.3011797355062709,6.65704963727371,6.5484278775485665,4.148741884043389,-4.040120124318247
42075,Lebanon County,PA,288658.0904223043,74200.0,0.24151365687020024,0.6901504568705898,0.4045316019610441,1.3312575114714664,9.600696715008256,10.134872680309762,6.263400161445843,-6.797576126747348
42077,Lehigh County,PA,342474.77074615756,80820.0,0.26307016812258655,0.8399068605192657,0.43419931856899496,1.5378194417882183,11.440117708065806,12.486898879914264,6.675923664863606,-7.722704836712065
42079,Luzerne County,PA,210323.81532679123,66221.0,0.1971762403578432,0.7359590268841594,0.3353969630361573,1.3944421661273783,8.720968686091325,8.35468676615759,4.925347914826345,-4.559065994892609
42081,Lycoming County,PA,219078.75330084295,61034.0,0.22283853381664398,0.4409817713162165,0.22212210408281763,0.9875742805136556,8.581930364812601,6.500326208672753,5.732214743903396,-3.6506105877635484
42083,McKean County,PA,114507.88569695222,59147.0,0.12018894942411905,0.2244554936421801,0.2847151328221724,0.6889153598201803,2.8764260066326472,2.1563841350639894,3.415336371392993,-2.6952944998243353
42085,Mercer County,PA,167982.3416250587,61006.0,0.17094363918537117,0.5230368433300139,0.3170837021524644,1.1007544427938138,6.376924670461151,5.823373378872325,4.468500618977098,-3.914949327388271
42087,Mifflin County,PA,173482.12949384618,64972.0,0.16576405940817532,0.8768731538232879,0.5361263476451674,1.5888077716058024,6.740428857375353,8.374996017385154,4.335089037602966,-5.969656197612767
42089,Monroe County,PA,306537.52694500034,76974.0,0.2472301649549235,1.1296917867204215,0.34682950727883544,1.9375254461687348,13.387731496174654,13.168305510677296,5.757794754773048,-5.53836876927569
42091,Montgomery County,PA,474780.19426651165,111915.0,0.26336991258161074,0.6580013595857548,0.34419515241778575,1.2869136341393452,10.85671449999968,10.484018741615357,6.722278201968737,-6.349582443584416
42093,Montour County,PA,258511.80833917976,78039.0,0.20565087174831675,0.4564881073033056,0.3677614974761638,1.008962472374535,6.563763199511722,6.527087384453515,5.591881443448089,-5.555205628389884
42095,Northampton County,PA,352294.76637841616,89712.0,0.24379091507952336,0.767762247040386,0.4439633665438041,1.4383089683855994,9.941825557029862,11.05172791736639,6.305807235638277,-7.415709595974807
42097,Northumberland County,PA,142593.79616201797,61984.0,0.14281798350548924,0.3475787782692743,0.401686981298478,0.8587417092774994,3.5118184670739767,3.781368764808473,4.074233640301583,-4.343783938036079
42099,Perry County,PA,282591.13493802503,77074.0,0.22762109057574986,0.4989934828653382,0.40599802984421185,1.0675909664556942,7.283476673670483,7.791459040945265,6.206519028146804,-6.714501395421587
42101,Philadelphia County,PA,226414.01955033708,60500.0,0.23233241407259106,0.8147874074847032,0.46809026935209896,1.5031716899665812,9.607130273044126,10.990514107510744,6.002744914744522,-7.386128749211142
42103,Pike County,PA,281455.24275500554,81717.0,0.21382515387466364,1.0614602512660931,0.352124561519624,1.8434123576560988,11.214512788540699,11.079162470855191,5.046302396440619,-4.910952078755112
42105,Potter County,PA,160166.78834226573,56229.0,0.17683733940470714,0.23073541496446026,0.3466733726110074,0.697577377863901,3.655381574032263,3.3287499810292847,5.1448484243534125,-4.818216831350434
42107,Schuylkill County,PA,151091.37920148714,68552.0,0.1368300294937362,0.9062318511157341,0.49896136269214786,1.629302795768774,5.882344622869687,6.935850520243342,3.509681940013038,-4.563187837386693
42109,Snyder County,PA,217893.46148342942,65157.0,0.2076084294255702,0.21913040306745768,0.3082946810433107,0.6815703584617967,4.608500425905804,3.6882742286945893,5.970844693369762,-5.050618496158547
42111,Somerset County,PA,168237.98570921106,62644.0,0.16672719507122974,0.5122395696103812,0.43652540818198493,1.0858615524242112,5.190277075774784,5.877643002970617,4.583290943845985,-5.27065687104182
42113,Sullivan County,PA,197780.89072350482,67001.0,0.1832588296145137,0.5774332623763045,0.5281680503603685,1.1757844852277963,5.454650067536596,7.2327105733201655,5.1234045885013755,-6.901465094284946
42115,Susquehanna County,PA,223574.09704014915,69771.0,0.19893371943696456,0.247922841849743,0.39149598133264196,0.721284331210156,3.811457635356985,4.0405467220513405,5.856396103076456,-6.085485189770813
42117,Tioga County,PA,206238.69929934,63734.0,0.20089117078488242,0.47934477734594894,0.32266633462001404,1.0404891234531597,7.067141834146135,6.4719646223479455,5.328314748166453,-4.733137536368265
42119,Union County,PA,263807.4387309849,74727.0,0.21916507826510304,0.5368548226995029,0.2914693581279597,1.119813851420738,8.564156969787923,7.514356042786855,5.648253140119322,-4.598452213118254
42121,Venango County,PA,129693.90233002085,59729.0,0.13480195134503764,0.5180935849992321,0.3297933921097158,1.0939361101016365,4.919344434363465,4.587455572238806,3.546748547620704,-3.2148596854960445
42125,Washington County,PA,232842.1793923255,76961.0,0.18782474951032388,0.45630952973695726,0.3356183402172781,1.0087161568520098,6.2937925985268315,5.882465221262256,5.0417662433921935,-4.630438866127617
42127,Wayne County,PA,286549.4326162559,67672.0,0.2628768885466425,0.8377563068263536,0.35541891161095207,1.5348531411076816,12.2313200503609,12.074849615395713,6.475762463217779,-6.319292028252593
42129,Westmoreland County,PA,213685.2836644043,75550.0,0.17559090201802088,0.45706479374727826,0.41421137359140436,1.0097579072417742,5.203241278990224,5.682327232547241,4.862395726214041,-5.341481679771057
42131,Wyoming County,PA,226872.68251053957,74590.0,0.18882672628861694,0.3037540978463906,0.44004479023881693,0.7982934722531752,3.761728931664568,4.584937538095274,5.55297863085851,-6.376187237289216
42133,York County,PA,287530.0189870431,81537.0,0.21892246498258147,0.7416065962015808,0.393151878620124,1.4022319687093172,9.196043661256551,9.536827106866987,5.58617762713217,-5.926961072742607
44001,Bristol County,RI,625331.1944652362,113867.0,0.34093695658433404,0.8683872141969724,0.5116961393446975,1.5771029494609325,14.094763092069448,16.97806567596803,8.852597506289928,-11.735900090188512
44003,Kent County,RI,414587.7925568812,91417.0,0.2815473279422222,1.0524502616889224,0.3992683524153555,1.8309847031862416,14.238717449693471,14.805714284529847,6.774852634519477,-7.341849469355852
44005,Newport County,RI,716060.9659467047,97763.0,0.45471297294866764,0.9859699216576219,0.4791061486322925,1.7392870726982994,20.918603973507842,23.88735827660586,11.404805371471383,-14.373559674569398
44007,Providence County,RI,433812.83113667386,73462.0,0.36660763912326944,1.089157438386827,0.45862123739178773,1.8816156284118843,18.103754332601284,20.063837325657012,8.962219072979277,-10.922302066035012
44009,Washington County,RI,621896.5276440528,105806.0,0.3648965023961858,0.9490506053113756,0.4705285541549109,1.688363539115414,16.52989709323391,18.73854212896914,9.186164027968205,-11.394809063703432
45001,Abbeville County,SC,213276.8347801861,57365.0,0.23081209008498882,0.9729706044267623,0.5964878103083602,1.7213568607368428,9.540585446445846,12.589756242377971,6.053025171951487,-9.102195967883612
45003,Aiken County,SC,236964.62419117466,71314.0,0.20628639405055094,0.7361465959637159,0.48533699908356254,1.394700883819557,7.833521001703703,9.277506685879207,5.457778983316524,-6.90176466749203
45005,Allendale County,SC,77728.51436235348,41336.0,0.1167384125519604,0.5648787158889488,0.5259330355494851,1.1584677542333512,3.4209961579612465,4.539478000966422,3.2719938283515875,-4.390475671356764
45007,Anderson County,SC,283415.61206975096,69775.0,0.25216557036738935,1.0563273058872937,0.5593921108503743,1.836332385916509,11.352702327343566,14.131329428778754,6.428874560728005,-9.20750166216319
45011,Barnwell County,SC,184698.2739113609,50145.0,0.2286636154630146,0.4962481364410041,0.5067608173076923,1.0638042565522623,6.171882162914316,8.110400540925543,6.486601475896416,-8.425119853907644
45013,Beaufort County,SC,545517.9095933664,91129.0,0.37163300194394094,0.9334596226232248,0.517021524529307,1.6668585924077282,16.02324932032787,19.262951074889887,9.544639865841187,-12.784341620403204
45015,Berkeley County,SC,376251.2773508676,86187.0,0.27101796739516465,0.961678361318077,0.5424690385854392,1.7057812494287075,11.652032509844798,14.402284151297613,6.987103194038113,-9.737354835490926
45017,Calhoun County,SC,212632.82945745648,61091.0,0.21608018795396103,0.7691813306432449,0.4800251956295274,1.4402663380949785,8.50272297355213,9.944091545340834,5.663394270458148,-7.104762842246853
45019,Charleston County,SC,605607.030791344,92635.0,0.4058613236694088,1.1281081868662683,0.6470201265912809,1.9353411559831182,17.813250675626527,24.240503483597912,10.537820953489492,-16.96507376146088
45021,Cherokee County,SC,207772.7778669557,57070.0,0.22601779750347242,0.5050919176055562,0.5383578629575718,1.0760026565147403,5.8534266176232865,8.209339181607229,6.471446562356943,-8.827359126340884
45023,Chester County,SC,220407.29937704687,55584.0,0.2461716526737313,1.0977741730705413,0.5878420842141348,1.8935008587321245,11.108210919691608,14.203114346859541,6.294114538346261,-9.389017965514196
45025,Chesterfield County,SC,178968.27464219532,53144.0,0.20906612832495244,0.5781609448916043,0.45520262869660466,1.1767881919231749,6.930352733385442,8.029643154283843,5.685243103575395,-6.784533524473796
45027,Clarendon County,SC,203498.75159655625,53106.0,0.23789210159755603,0.5894287334626431,0.5324637848444624,1.1923300726102606,7.160280284942743,9.527119829290674,6.640215224282486,-9.007054768630416
45029,Colleton County,SC,256123.3349623532,55301.0,0.2875265996174413,1.0916116517315655,0.6387909319899245,1.8850007727766456,12.420047901281434,16.856790539432,7.490551643989857,-11.927294282140426
45031,Darlington County,SC,158054.49798122168,53035.0,0.18501466399658298,0.44477935307361527,0.4443476129524224,0.9928123591482376,5.092000772955946,5.945991582208986,5.203233083269894,-6.057223892522934
45033,Dillon County,SC,115481.11425871223,47478.0,0.15100120547786186,0.04413834694504426,0.526918376535666,0.4402004001691142,-0.9092150624602252,0.6878887596302141,5.12804566712757,-6.725149489218008
45035,Dorchester County,SC,354618.25176104164,84239.0,0.26134232267126367,0.8986840044153299,0.5152261894055221,1.6188919035051756,11.013610786661179,13.27136322347651,6.753406463569266,-9.011158900384597
45037,Edgefield County,SC,272487.6379327315,75118.0,0.2251980640093049,0.7593136576030763,0.6178763730346759,1.4266556640853811,7.505619081069121,10.835227560591884,6.21936854779922,-9.548977027321982
45039,Fairfield County,SC,195437.63555989784,54536.0,0.2224778524351932,0.18143816500039645,0.48915952159903875,0.6295807188644418,1.9170947497313988,3.6293247742368813,6.991640632615788,-8.70387065712127
45041,Florence County,SC,191833.67735132633,61320.0,0.19421580564961724,0.637962687377305,0.4884578974197151,1.2592739024716924,6.626228509301563,8.03304309492205,5.266630188648973,-6.673444774269461
45043,Georgetown County,SC,390095.8393105925,67196.0,0.36040413212814915,0.9469747598218075,0.5135938731839171,1.685500284917815,15.727420161837532,18.795306995334016,9.220846186680017,-12.288733020176497
45045,Greenville County,SC,330079.2621782991,82531.0,0.24829215469868426,0.9475457511861445,0.5866159140281062,1.6862878644505623,10.164209191628922,13.312803353543456,6.520240315742822,-9.668834477657356
45049,Hampton County,SC,165427.22418949963,49822.0,0.20613307880279366,0.6844263443006544,0.6190692837644611,1.3233621312874573,6.248619235187994,9.341304951650393,5.796439946064075,-8.889125662526475
45051,Horry County,SC,333718.6873091967,68932.0,0.30055330783146716,0.922073323708104,0.4640528428519848,1.6511532480901083,13.457801950129536,15.167940007660363,7.587235306727158,-9.297373364257984
45053,Jasper County,SC,432586.80255911854,67873.0,0.39567452081354076,1.1556723240347933,0.8230238242324943,1.9733609083431136,15.307898656108634,25.424440248856005,10.84186812464632,-20.958409717393685
45055,Kershaw County,SC,248579.6421189124,73494.0,0.20997884291863853,0.8067368503432788,0.5237285675782142,1.4920673993803892,8.159115901342059,10.091764025228667,5.547322358714883,-7.479970482601491
45057,Lancaster County,SC,396069.235422992,83171.0,0.29563854186647714,1.0286189221564586,0.7591531123754733,1.7981136714578887,10.977280439928258,17.576078073874992,8.11182142384123,-14.71061905778796
45059,Laurens County,SC,231525.7588432515,60433.0,0.23784116704682864,0.5028234423469737,0.5210540887468225,1.072873704317225,6.331568637937216,8.556738845868505,6.770468804106883,-8.995639012038172
45061,Lee County,SC,173102.3867162466,48020.0,0.22379107632043999,0.4182541813070735,0.5232355273592386,0.9562256720444657,4.953382010061228,7.102353764477322,6.540416227923099,-8.689387982339195
45063,Lexington County,SC,267779.0975321362,78712.0,0.2112017881405448,0.844393662755708,0.42046090267626735,1.5440081756809159,9.327611262707576,9.999705681890939,5.326989944984431,-5.9990843641677944
45067,Marion County,SC,156048.39148049193,44214.0,0.2191095739119042,0.3872607342730796,0.448309748427673,0.9134758056579113,5.326554759491925,6.3952025963331165,6.283885508749926,-7.352533345591117
45069,Marlboro County,SC,105254.85833864246,45380.0,0.14399238473418946,0.2145772875291967,0.3969524395875019,0.6752901573376777,2.3923325499632315,2.606432484635249,4.303440318154683,-4.5175402528267
45071,Newberry County,SC,217506.04281260658,64521.0,0.2092821084999604,0.6369455714385457,0.5690904669260701,1.2578709746065249,6.384307985807711,8.915892767828923,5.848480387436725,-8.38006516945794
45073,Oconee County,SC,280078.8188516811,69144.0,0.25147083918930785,0.8930447635928389,0.5427385706954639,1.61111358857884,10.289294326037027,12.861017111733583,6.570816581574162,-9.142539367270718
45075,Orangeburg County,SC,162843.95286476982,52964.0,0.19087661463952976,0.6928698452371729,0.4067089851531167,1.3350084169192233,7.588437438743642,8.035530837504618,4.95117044776482,-5.398263846525797
45077,Pickens County,SC,294458.69269766327,65163.0,0.28053378682057994,1.0889031170808705,0.4779206640811049,1.881264838071043,13.663633073229109,15.466682515386617,6.906895351725223,-8.709944793882732
45079,Richland County,SC,238503.41343296514,66644.0,0.22217511217112412,0.8540960043601116,0.30508175854303343,1.5573908048144234,10.879522296884515,10.10226552330749,5.34843329912472,-4.571176525547692
45081,Saluda County,SC,217630.3706394333,61432.0,0.2199311331963779,0.6734021955797758,0.4835422251201429,1.3081563078007652,7.857280247473403,9.380878415346206,5.901252998876836,-7.424851166749639
45083,Spartanburg County,SC,268880.5241819321,70103.0,0.2381138227128217,1.0534501809028063,0.531703373536095,1.8323639112731644,10.934514857346617,13.188059962964124,6.014041961686391,-8.267587067303898
45085,Sumter County,SC,201647.80404647053,57234.0,0.21872642898005465,0.606607022324487,0.39397924886745583,1.2160244217024414,8.113764602664267,8.451474541014736,5.766175426965362,-6.10388536531583
45087,Union County,SC,136224.87939279064,50730.0,0.16670684584862297,0.5706206413567263,0.43034369977725784,1.1663877040950048,5.663971141161017,6.28809715001092,4.499253120192699,-5.1233791290426005
45089,Williamsburg County,SC,133858.86547827098,46174.0,0.17997471977748314,0.48504296451431794,0.5953425698787271,1.0483487442248083,3.980262614717023,6.499032422227364,5.293597919237661,-7.812367726748002
45091,York County,SC,397630.33173150715,94037.0,0.2625080371649118,1.091585871891601,0.6410771002757321,1.884965214140243,11.31835578546646,15.402645522814725,6.84418724172611,-10.928476979074373
46011,Brookings County,SD,297185.69461148675,75653.0,0.24387293813304728,0.6290624922184516,0.35702882562915916,1.246997689585855,9.659080768349712,9.495163356312966,6.300764332465284,-6.136846920428537
46013,Brown County,SD,224500.8827703248,72244.0,0.1929203912091458,0.4949935452185321,0.38757322577547293,1.062073774393515,6.310390604160013,6.5201908483998015,5.228268235455155,-5.438068479694943
46019,Butte County,SD,353171.85049762257,64896.0,0.3378547403402883,0.5890939612218766,0.4893968603690444,1.1918683147248923,10.827900071070095,13.3053416920041,9.280653129404653,-11.75809475033866
46033,Custer County,SD,495521.31441372033,80312.0,0.38303967798297534,1.244145944044313,0.47879725275736984,2.095394299143219,20.004585918093216,22.467357787280868,9.203564406290525,-11.666336275478177
46035,Davison County,SD,240989.14400118843,72516.0,0.20631248190881035,0.6964877941832721,0.5237334790191424,1.3399987245113243,7.19682908068959,9.116825437956471,5.588138582681065,-7.508134939947945
46057,Hamlin County,SD,291411.13969175826,80325.0,0.22522535493822668,0.7308459054719467,0.4023708928384371,1.3873895379718024,9.292625708639326,9.764946597099986,5.7814725882682545,-6.253793476728913
46065,Hughes County,SD,268846.06804845313,83936.0,0.19884619503962128,0.5528623314060612,0.3854940411343304,1.141893320594864,7.022157322460204,7.220410996229067,5.298760396545117,-5.497014070313979
46081,Lawrence County,SD,455044.68877338804,78721.0,0.35886021433535975,0.8545362742260478,0.526991639671794,1.5579980776331626,14.46393547137808,17.8201895338523,9.396726884240111,-12.752980946714334
46087,McCook County,SD,266042.3983350207,83250.0,0.19839397406061637,1.075224010623959,0.4765350643822497,1.8623969795627904,9.605468941415678,10.866035379122977,4.893444885470367,-6.154011323177668
46099,Minnehaha County,SD,320854.4827488922,80546.0,0.2473010716798366,0.8860547029989139,0.4485388004675839,1.601472061578102,10.960011266659532,12.148388683161771,6.250930251570065,-7.439307668072304
46103,Pennington County,SD,354216.281533632,79338.0,0.27717185994339605,0.8801290291603077,0.5193902368960299,1.5932986640023863,11.477937357610953,13.94270456577924,7.199992482781265,-9.66475969094955
46127,Union County,SD,341033.0279187463,101682.0,0.20821606085400463,0.6276005337420969,0.3659775117881756,1.244981181726684,8.152526316057646,8.124628904943599,5.4005125514310865,-5.3726151403170395
46135,Yankton County,SD,268028.4025662014,73710.0,0.22574402885070147,0.47550158598045145,0.5045620624196281,1.0351881345959741,5.8857294473216495,7.773449325586753,6.4374457274697505,-8.325165605734854
47001,Anderson County,TN,295811.75410355924,72300.0,0.25400308668189187,1.2654582511824524,0.6251573458011148,2.1247907803266557,12.189984803431697,15.85925853288367,6.404615992414945,-10.073889721866916
47003,Bedford County,TN,323936.999201418,69879.0,0.2877900258479397,1.5091518845739014,0.5621004157911209,2.460922164980708,15.789490032722172,18.902216658719045,6.866718532692364,-9.979445158689234
47005,Benton County,TN,176915.57603723466,56138.0,0.19564601186555153,1.0207680983681455,0.5507306427999226,1.7872848769837977,8.679661930908638,10.746382794112469,5.0040799375722775,-7.070800800776109
47007,Bledsoe County,TN,223889.6883191393,57188.0,0.24304743833715614,1.1977319917874407,0.43941605839416065,2.0313746289440013,12.763894268185721,13.80106086263024,5.79756803624687,-6.834734630691386
47009,Blount County,TN,381706.650232031,78132.0,0.3032931836468663,1.2418634317565673,0.5774045061778244,2.09224598539742,14.857844334586185,18.451705867533825,7.549298157448457,-11.143159690396095
47011,Bradley County,TN,311570.83183864347,70651.0,0.2737791339486814,1.087617863990313,0.6140683541990313,1.8794920633992236,12.031518043983718,15.87869973417687,7.076572706095331,-10.923754396288484
47013,Campbell County,TN,229846.26984739897,54150.0,0.26351228315648023,1.3866418796882614,0.6363471533905476,2.291941724240027,13.252649709245262,17.18310766224106,6.554171400747929,-10.484629353743728
47015,Cannon County,TN,289394.3187790181,65364.0,0.2748610774285839,1.3543739070172962,0.49015137698340316,2.2474338797677507,14.87354569621747,16.80209138065391,6.526720117635879,-8.45526580207232
47017,Carroll County,TN,180321.46571206066,55245.0,0.20263586550710613,0.7714908278440318,0.4382224304904718,1.443451872657993,8.336384290035582,9.190549415783469,5.225654576919142,-6.079819702667029
47019,Carter County,TN,236122.83347527494,51256.0,0.28599282650869384,1.0470933713408015,0.46224288933900093,1.8235958397797796,13.788700659187597,15.378262346146766,7.051370690243601,-8.64093237720277
47021,Cheatham County,TN,394973.84119223844,89490.0,0.27400323501386387,1.2133140659766357,0.5853809768455365,2.0528672879852126,13.171093226794095,16.545546253249302,6.8693307881778285,-10.243783814633037
47023,Chester County,TN,168772.99704331325,64789.0,0.16171993221713363,0.6759820671373831,0.4910475927460185,1.3117147749909814,5.741116617035905,6.933712826254675,4.348810977187269,-5.5414071864060395
47027,Clay County,TN,189625.0658588805,48100.0,0.24474427015437436,1.1934176739906093,0.4687022900763358,2.0254238062052017,12.593233070921665,14.033833123514533,5.904745420520202,-7.3453454731130705
47029,Cocke County,TN,223927.1424111641,50830.0,0.27349443454722927,0.9693262304324923,0.6211130601180035,1.7163301045600683,11.027222566702086,15.02487302894756,7.239513763416763,-11.23716422566224
47031,Coffee County,TN,296814.60517184803,68092.0,0.27061448653884285,1.3529118749775129,0.5318095923692971,2.2454172704411057,14.288673020692746,16.799594938250234,6.522776110217753,-9.03369802777524
47033,Crockett County,TN,173457.9367012759,60637.0,0.17758992932006956,0.8300195493354077,0.5760513593595675,1.5241816805037565,6.670613213729043,8.841817938098632,4.757591285513227,-6.928796009882817
47035,Cumberland County,TN,308142.4827870163,63432.0,0.30158173644307656,1.2603536178696988,0.6070125658694772,2.117749859972324,14.613448702677378,18.67174474574312,7.562881606471302,-11.62117764953704
47037,Davidson County,TN,450635.44798522536,80803.0,0.3462260418924724,1.168355565529958,0.5539337294947979,1.9908551508735428,16.634025759795254,20.3098643863662,8.646043980681277,-12.321882607252226
47039,Decatur County,TN,179123.67437020328,53616.0,0.20740558349060134,0.8821388032502646,0.3828892729101647,1.596070784629,9.692363582991192,9.904057873837226,5.1178703775901635,-5.3295646684361975
47041,Dekalb County,TN,295467.7909203959,60271.0,0.30434320706988965,1.2761108094863451,0.37592457309834715,2.1394840618989477,17.096036804068536,17.336127860981367,7.0085288657279445,-7.248619922640772
47043,Dickson County,TN,352156.2258639382,75713.0,0.2887531834339714,1.2872948359894503,0.589907813779635,2.154910407930967,14.323686657079508,17.9310639754251,7.169680588170369,-10.77705790651596
47045,Dyer County,TN,177083.49497103854,63008.0,0.17447943856829098,0.6254773665700943,0.4520983614113525,1.2420526558089353,6.147526527710885,7.030150446584908,4.681491112764067,-5.564115031638089
47047,Fayette County,TN,373921.82899723883,90590.0,0.25624914471905835,0.8510501441196299,0.5974254981484748,1.5531895903393158,9.592461605819938,13.035550244771574,6.8868044682231515,-10.329893107174787
47049,Fentress County,TN,235342.20469273708,50626.0,0.2885945116611799,1.4381354581381256,0.5908119658119657,2.3629678219852313,15.207830730830871,18.788786230789032,7.018372579122247,-10.599328079080408
47051,Franklin County,TN,301222.28164649114,66904.0,0.279509694072176,1.1672734463312922,0.41487966840079515,1.9893625627433305,14.721641249019084,15.534452784820125,6.638661012575559,-7.451472548376598
47053,Gibson County,TN,178284.95920277375,61163.0,0.1809621684540482,0.8067417780757598,0.49949741351835053,1.492074196297974,7.207604301499962,8.61727798359859,4.738395189493557,-6.148068871592185
47055,Giles County,TN,241168.07105985485,65859.0,0.22733512488308924,1.1827423326810709,0.5603809794583836,2.0106990995885705,10.951218971203724,13.44330023188261,5.676932554070158,-8.169013814749043
47057,Grainger County,TN,266533.9579345788,52222.0,0.3168552539955279,1.0069993452684054,0.37054825079390064,1.7682933671114762,15.998408590413662,16.1174731279518,7.602058942983466,-7.721123480521604
47061,Grundy County,TN,195986.0650464905,49568.0,0.24546278766880075,1.1353868160373373,0.4754576573894924,1.9453807112542427,12.250077182947011,13.79052614241008,5.991683009851833,-7.5321319693149045
47063,Hamblen County,TN,254752.30428941638,60725.0,0.26044286390689714,1.0435233082902409,0.5347773340747106,1.818671582137974,11.863073975633554,14.374942948856681,6.596742067858536,-9.108611041081664
47065,Hamilton County,TN,355078.6331916637,78271.0,0.2816342843086118,1.0373706663694051,0.599227673007376,1.8101851230567516,12.136109182795288,15.876989677872949,7.306126344006364,-11.047006839084027
47067,Hancock County,TN,156942.1848428656,41664.0,0.233851735083648,0.7843397160609278,0.4886911780469503,1.4611745949445982,9.24017884991653,10.917179893675671,6.128499319525829,-7.805500363284968
47069,Hardeman County,TN,158388.1659217434,45433.0,0.21642786730438174,0.966569989372029,0.20419306104057888,1.712528367472396,12.034742105024689,10.061699180686308,4.897750693381527,-2.9247077690431458
47071,Hardin County,TN,198364.4604330886,55243.0,0.22291971286542805,0.9302538934043472,0.5025975792193662,1.6624368675305892,9.711067491346242,11.470823319132569,5.698773739382926,-7.4585295671692515
47073,Hawkins County,TN,235823.69629844456,58842.0,0.24880659130028956,1.1386224531651932,0.5201508732045055,1.9498436886939414,12.058842215667903,14.238761305215332,6.168743313347508,-8.348662402894938
47075,Haywood County,TN,177807.81325387993,53818.0,0.20510920502260227,0.8635193874794747,0.528225806451613,1.5703886610651407,8.31614291845218,10.247506516951212,5.363267730414101,-7.294631328913135
47077,Henderson County,TN,190086.29251154905,58495.0,0.2017408840867075,0.9543287853656954,0.4153842431281456,1.6956438358774646,9.581410521084743,10.167664489853756,4.970547563011923,-5.556801531780935
47079,Henry County,TN,201573.65357996823,54189.0,0.23093220151006877,0.8668954128825024,0.4138227927363807,1.5750452787927123,10.413939799680339,11.060881390184852,5.783515063867523,-6.430456654372039
47081,Hickman County,TN,172216.990403372,68886.0,0.1552054234002185,0.7694770364181875,0.7359508089310014,1.4406742108415838,4.481421301037117,7.849481050481384,4.455453593605454,-7.823513343049722
47083,Houston County,TN,215290.50376455675,60114.0,0.22233667767586918,1.1650435890382704,0.5028875721893047,1.986286877059411,11.04428632242728,12.775969305950424,5.45512802852558,-7.186811012048728
47085,Humphreys County,TN,233586.1811642199,67537.0,0.21471740316030208,1.1101603620464928,0.54699131868887,1.9105853709252907,10.059398249774025,12.266140568489499,5.400087052195669,-7.606829370911145
47087,Jackson County,TN,221057.52248941062,54877.0,0.25007875680256525,1.3280978413406288,0.5837060979481112,2.211190789555493,12.67440569760475,15.704754475251523,6.15947692124066,-9.189825698887436
47089,Jefferson County,TN,324700.28773194767,66911.0,0.30126384714589377,1.212485452374899,0.5681408047997376,2.0517243650724595,14.645821098575851,18.069824661955384,7.508410988076483,-10.932414551456015
47091,Johnson County,TN,236692.3249292956,50816.0,0.28916489239231036,1.004714388466521,0.5213460271840009,1.765141681599618,13.007002099040827,15.584666657621085,7.339775114630194,-9.917439673210456
47093,Knox County,TN,373650.3672253368,75465.0,0.30738431430702745,1.2896335259291751,0.44746432407549497,2.158136208608547,16.650127464362324,18.096150842886612,7.253675442442258,-8.699698820966544
47095,Lake County,TN,110883.99992021483,42267.0,0.16286558547457253,0.5399579280475859,0.41323391734652937,1.1240940251900011,5.450542503366286,5.88894719390759,4.402756927359789,-4.8411616179010935
47097,Lauderdale County,TN,132693.8386331396,53232.0,0.1547532715851965,0.8793564571641992,0.5334005473138412,1.5922330403700289,6.321105772873145,7.822414013472275,4.041108649292729,-5.54241688989186
47099,Lawrence County,TN,229714.27384524513,61295.0,0.2326616466183566,1.1517360105809273,0.529469008883122,1.967931474371997,11.276373754220808,13.43346532235732,5.775351199539316,-7.932442767675826
47101,Lewis County,TN,238082.5491904063,62426.0,0.23676849889990315,1.4792778884255875,0.6342740457615581,2.4197163790488574,12.361741567654573,15.843261261205837,5.812334972937568,-9.293854666488835
47103,Lincoln County,TN,245204.83222800703,66757.0,0.22803109761881818,1.0620500733019393,0.5278299079965212,1.844225910701573,10.55398673742529,12.661046903767659,5.7427820826078095,-7.849842248950177
47105,Loudon County,TN,441964.7741089133,84882.0,0.32324656393976453,1.0993047890605907,0.6080095478053309,1.8956120672399086,14.373924422968187,18.80180649905051,8.320960653288529,-12.74884272937085
47107,McMinn County,TN,246994.0250465891,61178.0,0.2506415324388646,1.0337808154248709,0.5603846251944806,1.8052335715865917,11.122455211533664,13.903675947457149,6.417790203096027,-9.199010939019514
47109,McNairy County,TN,165426.52022150412,56334.0,0.18230408898280917,0.9125424654089598,0.5087982430297024,1.6380071492263486,7.803595262273136,9.309494503065466,4.687121213990394,-6.193020454782724
47111,Macon County,TN,250312.2562065665,59183.0,0.26257114846338253,1.4893930640948612,0.5630001320480655,2.4336684382652374,14.304920069849548,17.160895135218258,6.282645175483021,-9.138620240851733
47113,Madison County,TN,230895.0313262772,63628.0,0.22528287496337512,0.9343414484777754,0.36265901400608214,1.6680749120193195,11.022473364690471,10.996957503648913,5.460762780827045,-5.435246919785487
47115,Marion County,TN,251478.61897712073,64375.0,0.24251895570765825,0.9359445809692168,0.5666828912144073,1.6702861439527625,10.023072208040313,12.825592152353828,6.337860688240029,-9.140380632553546
47117,Marshall County,TN,310740.1533732678,72893.0,0.26465092488253605,1.5279330301399159,0.5579422074036078,2.4868273656075672,14.640278613906233,17.440839359944455,6.290768584353447,-9.091329330391671
47119,Maury County,TN,400343.1377420025,82751.0,0.3003454124612144,1.4358099932389083,0.6267791145710466,2.359760262864133,15.491966600256339,19.800853616932358,7.396565102629281,-11.705452119305306
47121,Meigs County,TN,287912.67918125493,61354.0,0.291326354071521,1.0303953126670184,0.4942159226516647,1.800563881558542,13.589177184036263,15.735037178453636,7.288671256813489,-9.434531251230862
47123,Monroe County,TN,275312.02556470316,62682.0,0.2726742965606138,1.0730932170944842,0.6553199355639474,1.859457934461338,11.482507850674258,15.950493591997471,7.167042602738472,-11.635028344061684
47125,Montgomery County,TN,321809.68678442336,78956.0,0.2530322277326182,0.8962384764662736,0.5917585629901416,1.6155187390761894,9.904127779657411,13.204660027673926,6.724212309653278,-10.024744557669795
47127,Moore County,TN,324048.7006626174,76465.0,0.26309309887023435,1.3248379147855074,0.4451626315888946,2.2066943092347158,14.452479193145304,15.6564392994984,6.17226267088682,-7.376222777239915
47129,Morgan County,TN,208526.69151743615,60822.0,0.2128446903671299,1.052720929061831,0.32029435387587646,1.8313580399762523,11.359279817389185,10.842254055575829,4.969319795326342,-4.452294033512985
47131,Obion County,TN,153604.59924598434,58186.0,0.1638881609153233,0.710811271473609,0.4566164321834476,1.3597553762861705,6.272420526611923,7.142561330056865,4.314683228084494,-5.184824031529437
47133,Overton County,TN,236345.81810831893,56460.0,0.25987763948437403,1.1592892935133206,0.5546866394977421,1.978349864936476,12.422255786783449,15.194110875528335,6.500931998018606,-9.272787086763492
47135,Perry County,TN,177742.39070025177,55337.0,0.19940556352519778,0.8941648304415379,0.6065321527072145,1.612658518643359,7.6790439142897755,10.450190121035703,5.329075739907253,-8.100221946653182
47137,Pickett County,TN,221790.6560809154,52519.0,0.262173421710432,0.9093161847089895,0.5129054560119837,1.6335570772902392,11.156206661682456,13.384231358118814,6.7549688038000655,-8.982993500236425
47139,Polk County,TN,239177.40791135214,63014.0,0.2356378063808854,1.1683202299358295,0.6189399583793644,1.9908064117989235,10.80857659178522,14.15950430441665,6.01940674225756,-9.370334454888992
47141,Putnam County,TN,307355.2273016135,61722.0,0.3091451790698895,1.0766023948771752,0.5191611902828028,1.8642982118648863,14.518133052207027,17.221297409596854,7.74193321702397,-10.445097574413795
47143,Rhea County,TN,251535.8783371026,56791.0,0.27496808504657083,1.0462872941598316,0.4246544414620075,1.8224840017920303,13.617739451539936,14.564091728180745,6.6868257552069865,-7.633178031847796
47145,Roane County,TN,283728.32227502344,77481.0,0.22733658801427659,1.0476618491151335,0.7633764992375793,1.8243799522687767,8.54010115351946,13.657695417229265,6.224847419727871,-11.342441683437674
47147,Robertson County,TN,374505.58914343646,81231.0,0.286218939782888,1.1752997307196256,0.5208095407485069,2.000433373447457,14.114506538300336,16.62651619713991,7.05619107432881,-9.568200733168384
47149,Rutherford County,TN,417878.6672175773,90118.0,0.28787272637281003,1.2018759395855092,0.5014161474126153,2.037090457018432,14.555995502383096,16.76988584977353,7.018542578930012,-9.232432926320449
47151,Scott County,TN,187525.85084934797,52097.0,0.22346540259327996,0.8908137161654197,0.566638599867685,1.6080362613193189,8.923048775336664,11.516374731865698,5.892027726752632,-8.485353683281666
47153,Sequatchie County,TN,272902.19575195323,65760.0,0.25763632183000756,1.0228370634450843,0.521975605804615,1.7901386408939737,11.709986559539457,14.012586046183104,6.519640342352757,-8.822239828996404
47155,Sevier County,TN,437315.0895629572,63315.0,0.4287950039186318,1.4813327389996953,0.5079667516135946,2.4225506745498104,23.986906222972742,27.388435791120664,10.07519321963199,-13.476722787779906
47157,Shelby County,TN,225018.34947146056,65005.0,0.2148983282301464,1.0504760181403996,0.3831439635729179,1.8282615905288684,10.980362041782648,11.21802132450867,5.141464750056022,-5.379124032782042
47159,Smith County,TN,301658.02171602316,71325.0,0.26256386888675454,1.2691117240740293,0.600794505790466,2.1298300867900672,12.827197856753504,16.268538950999986,6.561677221269836,-10.003018315516318
47161,Stewart County,TN,250309.9446127691,64200.0,0.24204991857335437,0.9884754658877648,0.45032304703384085,1.742743018755113,11.405740413102919,12.590399794866823,6.004097471410619,-7.188756853174522
47165,Sumner County,TN,441076.6930728085,95878.0,0.28559921442102554,1.127354711599362,0.6028821719941153,1.934301872842056,12.958871892023513,16.779590321613043,7.304163921886997,-11.124882351476526
47167,Tipton County,TN,268818.8511521377,76717.0,0.21753541669261986,0.9963411767488872,0.4186622778630471,1.7535923472592785,10.546026146196054,11.220004833141926,5.325111195776459,-5.999089882722332
47169,Trousdale County,TN,348750.5957411292,70518.0,0.3070271890137351,1.5351539969938335,0.48362121562769556,2.4967873861192618,17.676131891722928,19.706988162843608,7.104432598947624,-9.135288870068301
47171,Unicoi County,TN,238988.20553127362,56931.0,0.26060906663922306,0.9623717299839636,0.5537512622472094,1.7067376263618943,11.101138775816652,13.91310734546583,6.745084058364977,-9.557052628014157
47173,Union County,TN,280897.64784063195,57039.0,0.30573000573907433,1.3340135895094258,0.5466945062096642,2.2193504964611246,15.884605483659275,18.972165143464633,7.427512116664393,-10.51507177646975
47175,Van Buren County,TN,220154.35674324326,54580.0,0.2504122773227748,0.9587697921420242,0.3871098912270001,1.7017694031982464,12.184862331591498,12.509156198599348,6.099039605012857,-6.423333472020707
47177,Warren County,TN,252736.64928288935,59779.0,0.26247107046831913,1.3893885213504662,0.5188911756485504,2.2957302206903325,14.150698478722434,16.397408173462683,6.26622326776118,-8.512932962501429
47179,Washington County,TN,305140.5566142201,64816.0,0.2922668595859549,0.961574763996301,0.4320496674841474,1.7056383556208945,13.757484089203183,14.884652187610882,7.236338682560544,-8.363506780968242
47181,Wayne County,TN,170386.28958395467,50630.0,0.20892412071078542,1.0219950396448523,0.45092420117495347,1.7889772210327122,10.023443308535882,11.052183244652305,5.152410816277102,-6.181150752393523
47183,Weakley County,TN,173595.1265487298,52803.0,0.20409896197354646,0.8135343728622058,0.3886390532544379,1.501443354856558,9.079646052977045,9.349706855776265,5.118392082704167,-5.388452885503387
47185,White County,TN,258631.12084413928,56340.0,0.2849874950993585,1.1689272821593617,0.45773499961189157,1.9916437307785517,14.612194711181681,16.11801537571124,6.874601472884654,-8.380422137414216
47187,Williamson County,TN,890016.4581852254,147807.0,0.37382203744536147,1.1853456156582083,0.41622351892839693,2.014289858606661,19.81867846470217,20.934415454483357,8.85805398564205,-9.973790975423235
47189,Wilson County,TN,497109.2044390813,96530.0,0.31970642428582635,1.0604482614610276,0.47662607844337024,1.8420165003671802,15.359660631491035,17.394144341598796,7.9059314039083315,-9.940415114016094
48001,Anderson County,TX,224773.262132002,57927.0,0.24089371879673796,0.874745019877909,0.34519994426640666,1.5858723949206004,11.557809311620268,11.278778701838922,5.866917810941986,-5.5878872011606395
48003,Andrews County,TX,235316.76036727906,89424.0,0.16336560796534802,0.4734646752447349,0.23883409065720929,1.0323785838642432,6.378628450897929,5.039521207607984,4.192399267803889,-2.8532920245139444
48005,Angelina County,TX,197298.6092924095,62937.0,0.19461658661141312,0.64551565063602,0.38542308708285633,1.269691852104029,7.582234942420836,7.786330987107127,5.063942379145196,-5.268038423831489
48007,Aransas County,TX,327267.70083598536,67768.0,0.2998060147762868,0.7453316526400475,0.6306063522617902,1.4073700117560346,9.673561440027365,14.339291837913157,8.343882367764405,-13.009612765650196
48009,Archer County,TX,241268.12629631985,79806.0,0.18768357722501644,0.6161763897160359,0.3209852021054722,1.2292236369089293,7.64667284138108,7.109503998720958,4.795303407176104,-4.2581345645159825
48011,Armstrong County,TX,223431.29935042458,77908.0,0.17804255597548985,0.6086055681050513,0.411427950288054,1.2187810549027702,6.478476549217254,6.941554996044507,4.723198696743766,-5.186277143571019
48013,Atascosa County,TX,248091.20102322206,66244.0,0.23250199186495332,0.4925782354779773,0.3506228719391604,1.0587422905292767,7.997075498853626,7.7164835934608025,6.213170991640868,-5.932579086248044
48015,Austin County,TX,425421.38653621473,74343.0,0.35525573788269776,0.6154349963894437,0.2826604554865424,1.2282010186239432,15.075332416051223,13.235358798285667,8.938782658228183,-7.098809040462627
48019,Bandera County,TX,352089.8235104147,76716.0,0.2849242325306809,0.9450703124672339,0.42961499757742905,1.6828734435129542,13.309748237815047,14.368894241104309,7.069919881712256,-8.129065885001518
48021,Bastrop County,TX,384811.44295122864,84174.0,0.2838127339128194,1.0056044922705185,0.48021664966763966,1.7663694191484391,13.19514780669657,15.063976870856377,7.095903614879831,-8.96473267903964
48025,Bee County,TX,171676.3904503852,56414.0,0.18892330922110717,0.19060840611130025,0.3261401034320639,0.6422294114023714,3.6363152222542134,3.01144185131612,5.536405105044987,-4.911531734106894
48027,Bell County,TX,262807.84881910327,69108.0,0.23608689023758023,0.8298026668599516,0.41342496011780594,1.5238825302725103,10.387348513018837,11.041614035070596,5.9566827368709125,-6.610948258922672
48029,Bexar County,TX,271313.7879405334,72578.0,0.23207519992957798,0.7669112172982104,0.3895845299636225,1.4371351264528496,9.975257895134582,10.290354471645763,5.880583895603632,-6.195680472114813
48035,Bosque County,TX,243989.35744625152,64319.0,0.23550138442153934,0.9400585446262872,0.3645698525511827,1.6759606143163204,11.54106447834289,11.540924577101588,5.706518077788287,-5.706378176546986
48037,Bowie County,TX,202511.8819116773,62559.0,0.20096599441522814,0.5200120564871993,0.471457132776667,1.0965822952673934,5.9920805492592155,7.253454864380897,5.586956782718287,-6.848331097839969
48039,Brazoria County,TX,329225.76574518526,100255.0,0.20386827112589112,0.6445366689521874,0.4074828021900885,1.268341523560939,7.737008620025188,8.220928274053513,5.351627984103675,-5.835547638132
48041,Brazos County,TX,312489.95776123664,61938.0,0.31321370183586505,0.6139648526766748,0.38356378582437967,1.226173220708437,11.855179006145597,12.142693282764702,8.208184609058316,-8.49569888567742
48043,Brewster County,TX,226961.82630636453,63982.0,0.22022005704941358,0.3910850149714944,0.5312193370826852,0.918750710662914,4.447799327135648,6.682844159285042,6.51194165675673,-8.746986488906124
48049,Brown County,TX,189312.3174877316,60291.0,0.1949342940319917,0.5925060540939231,0.43614968676305943,1.1965746810164029,6.748366477140041,7.547100943162947,5.242604587268898,-6.041339053291804
48051,Burleson County,TX,280756.335233038,70451.0,0.24740260472538148,0.5812598720551607,0.4058427952826611,1.181062602640976,8.79348439347508,9.350950340714245,6.595475165967401,-7.152941113206565
48053,Burnet County,TX,458259.55174826545,78699.0,0.3614965665847335,1.0244202945710175,0.48248125682854237,1.7923224224855612,16.957321272909198,19.38147055033311,9.015209028435562,-11.439358305859475
48055,Caldwell County,TX,313848.07944667013,70980.0,0.2745018939183089,1.1353273243798898,0.5399301412361963,1.9452986532500396,13.098037367968244,15.805843620584763,6.857676981522947,-9.565483234139467
48057,Calhoun County,TX,210100.6666612596,69077.0,0.18882340604837514,0.47987273306256184,0.357832248933619,1.0412173430770841,6.3216737578926985,6.175634696966434,5.079041741079493,-4.933002680153229
48059,Callahan County,TX,206104.84108745717,67065.0,0.19078935013298806,0.5116154489190341,0.5087739032620922,1.0850006905738043,5.272800856970727,6.910987657134182,5.392448679147232,-7.030635479310687
48061,Cameron County,TX,203388.92575126517,52973.0,0.23836067052109958,0.679226559802881,0.556015744330866,1.3161899670465815,7.823004158437821,10.5046534797833,6.56025651271539,-9.241905834060868
48065,Carson County,TX,163923.30786088158,81564.0,0.12476824264358212,0.42493490013686164,0.33529787338539374,0.965440517912572,4.000212148670723,3.718564152020906,3.380446557656069,-3.0987985610062516
48067,Cass County,TX,173138.43092753255,52449.0,0.20493594085444358,0.4199328789448491,0.3354636655293579,0.9585411324590372,6.51969799327704,6.057639906977023,5.561393361779608,-5.099335275479592
48069,Castro County,TX,161679.45618986827,66616.0,0.15067394279937735,0.26092625986505547,0.5359217928617541,0.7392201994636423,1.7612360123797992,3.3715149614977578,4.672033089842478,-6.282312038960435
48071,Chambers County,TX,341168.1218135375,106175.0,0.1994839870485587,0.5291636738389724,0.37386454801894353,1.1092052996908786,6.9546907076470985,7.00773837476124,5.325626263356182,-5.378673930470323
48073,Cherokee County,TX,239588.45210090803,59341.0,0.2506529878388391,0.9279111431241627,0.43491718051021633,1.659205466346168,11.539970141627418,12.547649491825227,6.252234504255541,-7.25991385445335
48075,Childress County,TX,109886.90988688113,57509.0,0.11862384851702837,0.39549757310066824,0.5241439626841937,0.92483703820945,2.469391109449237,3.619176279086624,3.4933450290803103,-4.643130198717696
48077,Clay County,TX,210976.0712667947,74944.0,0.1747665031018581,0.6337879294129407,0.4627786235702853,1.2535155773335749,6.132388596405501,7.128550142356912,4.6984347713873005,-5.69459631733871
48083,Coleman County,TX,158794.18966756368,52648.0,0.18724688191124844,0.20377852625268034,0.4656199543455264,0.6603952151518335,2.1965288701519285,3.33656888575519,5.777063234817209,-6.917103250420471
48085,Collin County,TX,534061.9524184797,124920.0,0.2654125951046771,0.8983855353355785,0.4387892609101276,1.6184802192783163,11.957502538183002,13.083672722097855,6.6680457099295145,-7.7942158938443695
48089,Colorado County,TX,296388.49792725843,66938.0,0.27488464341656105,0.58673059224127,0.400874788104556,1.1886084737645684,9.893770214523942,10.430682587169372,7.303495523936673,-7.840407896582102
48091,Comal County,TX,457609.0322640203,109427.0,0.2596163021888342,0.7470730293816594,0.6006992188642812,1.4097719266818225,8.716528824980005,12.2981084040724,7.146142498437244,-10.727722077529638
48093,Comanche County,TX,222707.55223559702,58941.0,0.23457369537813194,0.9123650691376939,0.4321710606244684,1.6377624630871854,10.721209144086489,11.627298008972975,5.862659601598413,-6.768748466484899
48097,Cooke County,TX,318316.1353464631,77501.0,0.25498416572042065,1.0729742408799545,0.4211501081893865,1.8592938282466038,12.82498052568891,13.652904435598192,6.1644965176504956,-6.992420427559778
48099,Coryell County,TX,228631.17436888404,64049.0,0.22160775720914944,0.9399755315911018,0.39270260279632097,1.6758461128167417,10.626715567502277,10.982910021918544,5.427974313799775,-5.784168768216043
48103,Crane County,TX,200870.4141761367,77653.0,0.16059040789725765,0.7045838483277049,0.17865003111576572,1.351165770001721,8.008571032127275,6.209443332184919,3.7893602869209166,-1.990232586978561
48107,Crosby County,TX,88636.2851517478,49096.0,0.11207978793035675,0.04981348832593624,0.42051964585382784,0.44802823343631526,0.21292103229176712,0.5500098451552575,3.6366944199287223,-3.973783232792213
48113,Dallas County,TX,332909.49016240507,78910.0,0.26191236195334316,1.2539199004036927,0.5226535967891324,2.108875707905954,13.363389814804163,15.67706378249072,6.383336503367533,-8.697010471054089
48115,Dawson County,TX,105645.44661119791,58227.0,0.11263885665191026,0.11306783729639869,0.3671840146516707,0.535276191493057,1.2332445925010662,1.158432926403594,3.4704769440005143,-3.395665277903042
48117,Deaf Smith County,TX,176979.411734105,61990.0,0.17724050374011097,1.0404926046196077,0.3560693894515783,1.8144912734154657,9.184303814368354,9.10921503287285,4.204245452285844,-4.129156670790339
48119,Delta County,TX,205492.06910949585,63985.0,0.19937869801716082,1.0441114299733618,0.49337160995192075,1.8194827898537493,9.377546882935299,10.835402846930798,4.9746683144512085,-6.43252427844671
48121,Denton County,TX,475965.57100182044,117499.0,0.2514798736608853,0.8878300513709432,0.5481172099396558,1.6039208342367415,10.196675665324628,12.847672307905498,6.590691585961212,-9.241688228542083
48123,De Witt County,TX,229960.06030500555,63383.0,0.2252379093721905,0.364261737590559,0.3381822020479257,0.8817528406671453,6.506312178346063,6.017452658968935,6.228164133653802,-5.739304614276675
48127,Dimmit County,TX,141251.26771487005,49127.0,0.17849825502196753,0.11988854697198148,0.226948051948052,0.5446841294669402,3.6716461516451386,1.8252253287361426,5.163301174273714,-3.316880351364718
48133,Eastland County,TX,164155.42378741165,54528.0,0.18689493538541857,0.44971805158527833,0.3000190730497807,0.9996244023929115,6.538862631722721,5.710744042940168,4.954060712362657,-4.125942123580105
48135,Ector County,TX,234774.3312806295,75887.0,0.19206361223229243,0.420110838730819,0.2138229978086661,0.9587865958650292,7.304542512508069,5.3966306890835405,4.9539009982494875,-3.0459891748249595
48139,Ellis County,TX,384842.6454641659,99726.0,0.23957232980047297,1.0483069660019342,0.49265839457574345,1.8252697745813506,11.300047022018427,13.041730372303515,5.971599184177374,-7.713282534462461
48141,El Paso County,TX,226113.16569846796,59883.0,0.23441433474400136,0.7358955823673625,0.3893645159045034,1.3943546558671271,9.839147868355425,10.151022943915919,5.980406133729988,-6.292281209290484
48143,Erath County,TX,339370.79476857773,65488.0,0.32171743911086237,1.0065559992431163,0.4341589470687428,1.767681851286104,15.500971455267903,16.78039104407791,7.90661046640922,-9.186030055219229
48145,Falls County,TX,161979.00012481524,56486.0,0.17802449272201468,0.7510441976546172,0.48992403460645706,1.415249436585166,6.82043778976968,8.113292968091102,4.702186566579902,-5.995041744901323
48147,Fannin County,TX,292353.1382547914,70819.0,0.25628302113614393,1.2410455937265779,0.6193492328447625,2.0911179254410834,12.202359665665464,15.830205709010727,6.473199728576725,-10.101045771921989
48149,Fayette County,TX,463663.4305714008,76540.0,0.3760765473814756,0.8199459219953238,0.4394523536381245,1.5102869297087191,16.042619089446653,17.65410310178616,9.602437122838802,-11.213921135178307
48157,Fort Bend County,TX,395011.86660344526,115538.0,0.21224973752467008,0.5704705862550608,0.21469348276333355,1.1661807301646836,9.322994877886014,7.325698985128244,5.251679472898706,-3.2543835801409347
48159,Franklin County,TX,319005.4735230582,67120.0,0.29505844669714604,0.8056683220398826,0.5405448828295347,1.4905935574372737,11.255143794111483,14.260761474426701,7.84472066086028,-10.850338341175497
48161,Freestone County,TX,251179.4288762503,69048.0,0.22583686157225813,0.6746695707181924,0.4367938073537674,1.3099044230642756,8.536308225078296,9.469930437507617,5.951680727585053,-6.885302940014373
48163,Frio County,TX,176992.84197594388,51825.0,0.2120206964932261,0.1340808686319379,0.3353861217758767,0.5642598757210655,3.1021682185710664,2.5053046724894052,6.386691826722165,-5.789828280640503
48165,Gaines County,TX,231281.81118264867,71008.0,0.2022069432063565,0.29656510039548234,0.33230763457605494,0.7883775477629908,5.156657393136791,4.616732439969063,5.707880974127263,-5.167956020959534
48167,Galveston County,TX,334910.17865244934,86354.0,0.24077298246620535,0.7579973464641931,0.3049733274900639,1.424840050441352,11.119646873226156,10.246761794537116,5.913345182989296,-5.040460104300258
48171,Gillespie County,TX,538901.293611657,86869.0,0.38512904151900473,0.9507996218229722,0.6033407161314137,1.6907759917250451,15.564391338828512,20.814194851030802,10.167106553650973,-15.416910065853262
48175,Goliad County,TX,265809.68583920336,68784.0,0.23990828115468515,0.3775225826886164,0.3073823462327987,0.9000437831200112,7.48321632866796,6.496081583393922,6.522257587542266,-5.53512284226823
48177,Gonzales County,TX,293067.6769145126,60783.0,0.2993282146526879,0.5940822608301948,0.3967002918265585,1.198748773730237,10.918743560949515,11.428473531347265,7.924871878796713,-8.434601849194463
48179,Gray County,TX,109475.79486205573,69749.0,0.09744105702949112,0.12289517582038267,0.41149448548011747,0.548831231317281,0.8640216837558321,1.0989948320205802,3.044146252265325,-3.2791194005300737
48181,Grayson County,TX,309220.89718211413,72865.0,0.26345820678506493,1.2380238125081817,0.5128519225977908,2.086949923631083,13.434265113325102,15.621936779355789,6.413992466891489,-8.601664132922174
48183,Gregg County,TX,216066.66237124475,62490.0,0.21465405816884559,0.5969385920097428,0.28683511459813427,1.2026885670725997,8.925077434930564,7.860294855604877,5.435428416075768,-4.370645836750083
48185,Grimes County,TX,344430.6077376164,67168.0,0.3183473110360037,0.909745602664841,0.518744629855741,1.6341493818576058,13.480105037405549,16.29214528512294,8.219055140763114,-11.031095388480505
48187,Guadalupe County,TX,316764.3350989328,90997.0,0.21610811142302103,0.5358348366772261,0.4162516341903755,1.11840696479336,7.162998656257705,7.7845479861805895,5.855554812781119,-6.477104142704003
48189,Hale County,TX,132278.40072797248,54376.0,0.1510231566264457,0.3717898397403139,0.2946974927974475,0.8921364988866833,4.768531479861606,4.022839762153802,4.091794303679238,-3.3461025859714333
48193,Hamilton County,TX,269186.1859720887,71790.0,0.23278268897259954,0.7992860561085107,0.5545354149975097,1.481790373476794,8.697305981391029,11.260390726046232,6.229067636229887,-8.792152380885089
48199,Hardin County,TX,228669.0107644602,81183.0,0.17486547897784885,0.42632898663427365,0.4445116634935322,0.9673634086265452,4.647271594367846,5.456726021103775,4.94602472069642,-5.75547914743235
48201,Harris County,TX,293772.4364466284,74682.0,0.244206359848271,0.7249487396282375,0.31784012705135,1.3792554620298323,10.89434822694875,10.18411043620901,6.072804158019698,-5.36256636727996
48203,Harrison County,TX,213290.14121298536,63802.0,0.20753834723664488,0.32006695147232866,0.36934732685167293,0.8207941096339539,5.145695423123422,5.099025631291887,5.89912403790432,-5.852454246072786
48209,Hays County,TX,414216.4256781928,91880.0,0.2798776347790443,0.7233796735130957,0.5032476562883461,1.3770912185140847,10.288594205295757,12.546440832757956,7.476177067447806,-9.734023694910007
48213,Henderson County,TX,278640.63930257765,61360.0,0.281916809492921,0.8368646910014501,0.365254538981844,1.5336233179989143,13.000464439669845,12.993500331993749,6.972608950977614,-6.965644843301519
48215,Hidalgo County,TX,193242.37830812193,55829.0,0.2148841534515329,0.9960213268245235,0.5752659349341158,1.7531511720161603,9.19342441512498,11.76715808108724,5.569299796888632,-8.143033462850891
48217,Hill County,TX,239186.2247750998,62176.0,0.23882250538772642,1.2563579817677724,0.3827643722895586,2.1122386011149503,13.271391473122168,13.547724530412177,5.52961271812247,-5.80594577541248
48219,Hockley County,TX,168999.81655199654,64664.0,0.16225030887079894,0.385356364341775,0.32595144356955386,0.9108490710444768,4.966369251954116,4.493334945089596,4.433722078787662,-3.9606877719231415
48221,Hood County,TX,384140.7236690851,88438.0,0.26965799585656397,0.9666404997975659,0.4410389271805901,1.712625623878476,12.640650341537206,13.818660261877389,6.6926955217797195,-7.870705442119901
48225,Houston County,TX,221615.53351609534,55607.0,0.24741874353472776,0.4583907018346711,0.4814311594202898,1.0115867581441842,6.520744461212313,8.236140967667337,7.02948264590285,-8.744879152357875
48227,Howard County,TX,163454.3620581455,65932.0,0.1539083314128404,0.03798703436235007,0.39840502248239584,0.43171577466993405,0.3580879933010872,0.5774379091886953,4.977668828089894,-5.197018743977502
48231,Hunt County,TX,292444.5431318513,82770.0,0.2193473700774922,1.301103111113235,0.7749613998970664,2.173956431302395,9.668244902918174,14.621750569138413,5.7830708719571,-10.736576538177342
48233,Hutchinson County,TX,118263.99192115576,60073.0,0.12221797345338291,0.267372747735503,0.13163793915418665,0.7481119659980937,4.310033207998237,2.362444535544076,3.19662658846452,-1.2490379160103589
48237,Jack County,TX,216161.7956443096,67398.0,0.19911033126623415,0.6016674592007294,0.30335905319951273,1.2092111858814314,8.164204462171401,7.377636536191436,5.069713496249185,-4.28314557026922
48239,Jackson County,TX,231700.24849602545,68156.0,0.2110494720804751,0.5122890211333644,0.2699796895671456,1.085929761874997,8.255591111073915,6.954417930199265,5.427454573699112,-4.1262813928244615
48241,Jasper County,TX,199545.14285874073,62743.0,0.19744118351011827,0.3889294306803688,0.34812316022431844,0.915777471180081,5.850279620977505,5.554462042917005,5.438182569457068,-5.142364991396567
48245,Jefferson County,TX,169471.35222603113,59997.0,0.17535922782908112,0.40640798157441926,0.2599118017639648,0.939885977553435,6.146739952238911,4.908360707253986,4.631667620928238,-3.3932883759433126
48249,Jim Wells County,TX,157987.7996878546,55920.0,0.17539542164111357,-0.13816875675797946,0.2996188528400112,0.1887406539822556,-1.6359773996383886,-2.769313975869519,6.009938020634676,-4.876601444403544
48251,Johnson County,TX,354710.6742205187,86537.0,0.2544686508657783,1.134965356375571,0.4746016869728209,1.9447993837172297,12.704404465212585,14.289277258484091,6.210006211335976,-7.794879004607482
48253,Jones County,TX,159080.9285866949,59076.0,0.16717406404061022,0.4446741014316844,0.4109049222612309,0.9926671835043486,4.8806726142010035,5.301483666530886,4.640546341211771,-5.061357393541653
48255,Karnes County,TX,216809.39483937787,68534.0,0.1963965623620994,0.12016664260132481,0.4541789556324132,0.545067712196027,1.1553046643560134,2.2078882549365106,6.250095970708548,-7.302679561289046
48257,Kaufman County,TX,324019.80641476554,90670.0,0.22185529952857505,0.8874184466283241,0.5002150964624905,1.6033530997820438,9.400838179358129,11.127388164697642,5.7144584448287254,-7.44100843016824
48259,Kendall County,TX,607476.7805356643,121401.0,0.31064851604868965,0.7111742706563347,0.5346235526116196,1.360256068143482,10.866681764460484,13.95394334736442,8.418636837284424,-11.50589842018836
48265,Kerr County,TX,395162.9822893992,69674.0,0.35210109445855947,0.9155817009506058,0.4702568106522611,1.6421992261250593,15.61737673110836,17.746713861890537,8.92016161268747,-11.049498743469645
48273,Kleberg County,TX,146451.1230115923,57810.0,0.157272069549567,0.3552769610948763,0.4428692657115758,0.8693599630926625,3.588130480220238,4.301445604186695,4.548509636612975,-5.261824760579431
48277,Lamar County,TX,196652.07915685934,59226.0,0.20613322834712836,0.6831653402966351,0.5019399994928107,1.3216228038539648,7.277834383910564,8.930933931834383,5.5560681163269034,-7.2091676642507245
48281,Lampasas County,TX,310646.59805257944,77271.0,0.24958123768718776,1.1285291085943872,0.5155634010002943,1.9359217415377517,12.074395157582932,14.198821801405938,6.18801865525262,-8.312445299075627
48285,Lavaca County,TX,289641.92848840245,68916.0,0.2609175145871941,0.6991678021802201,0.38519054510371453,1.3436953118466657,10.670784730183009,10.948539706390333,6.701960860158942,-6.979715836366266
48287,Lee County,TX,356898.88438710436,79291.0,0.279436517436431,0.8924517319993459,0.44831680274718244,1.610295608527863,12.439177760614559,13.778180320676967,7.053674620716626,-8.392677180779033
48289,Leon County,TX,306222.4075563003,64146.0,0.2963665957048884,0.7487407908613755,0.3436531210724758,1.4120723026401438,13.127457053440272,12.725040833479513,7.406112129130722,-7.003695909169961
48291,Liberty County,TX,236582.17130361137,66378.0,0.22126856299977932,0.7348544575523783,0.23950552733791453,1.3929186120904071,10.665388054522117,9.000420558580743,5.3191628724892395,-3.6541953765478654
48293,Limestone County,TX,175850.78803492602,59502.0,0.18347403833517437,0.5532206658280199,0.4635838150289018,1.1423875782566086,5.8132743552335695,6.873380174369044,5.038885832396254,-6.098991651531729
48297,Live Oak County,TX,232634.1165413698,66331.0,0.21773022724219476,-0.00152967420237482,0.24719840553549943,0.3772096073073459,2.0554146845635337,-0.032137021267969,6.733101950054201,-4.645550244222698
48299,Llano County,TX,489740.0702951034,75529.0,0.40254438149351474,0.8783207418752117,0.628973817021093,1.5908044580580913,14.944374489302659,21.06950578127352,10.87803155077638,-17.003162842747244
48303,Lubbock County,TX,215623.8817515447,64512.0,0.20750005628800916,0.5740999357918968,0.3685483357729269,1.1711867628140906,7.670805738245068,7.666153859548097,5.461610787955398,-5.456958909258427
48307,McCulloch County,TX,159208.55144489094,52639.0,0.18776758714239075,0.3490191818725936,0.3192731829573934,0.8607284860796112,5.463868402795055,4.823284231308227,5.177858290152719,-4.5372741186658905
48309,McLennan County,TX,267004.0705007375,68096.0,0.24342105769489297,1.1737571465401886,0.47190039771744763,1.9983056569824709,12.392305027876333,13.869341130214792,5.897786628535616,-7.374822730874076
48313,Madison County,TX,280273.6843195331,62187.0,0.2797979840813017,0.8484864598189121,0.5220647624642045,1.5496534505484498,11.276718541057976,13.815085280912216,7.322508872244724,-9.860875612098965
48315,Marion County,TX,157084.2338655773,50632.0,0.19260580858129236,0.17878000736602417,0.4403732362312245,0.6259142701606502,2.197919135149426,3.044773245273027,5.943437690793066,-6.790291800916666
48321,Matagorda County,TX,199978.20360409105,65319.0,0.1900662474438233,0.4262983655288657,0.4491824373793625,0.96732117233823,5.005826521547263,5.941606098304579,5.385800079872092,-6.321579656629408
48323,Maverick County,TX,215111.16882954072,50787.0,0.26294944904552653,0.2940620406267991,0.464150834606625,0.784925028572357,4.725542878334557,6.286113756403686,7.833583087525604,-9.39415396559473
48325,Medina County,TX,330199.34402402194,96423.0,0.2125971466845008,0.6081123091997285,0.8251216142037818,1.2181006932678287,3.7665661964441406,9.642651477307037,6.545049128517054,-12.42113440937995
48329,Midland County,TX,314160.10082566045,97719.0,0.1995877482427724,0.345753768228634,0.22410402234776838,0.8562244373101091,6.796779942378434,4.892000258312492,5.293351701920176,-3.388572017854233
48331,Milam County,TX,274459.20353928476,72798.0,0.2340562354393028,0.7667361493941312,0.5678073783731399,1.4368936518759887,8.347309751964534,11.116069165572977,6.33863899757632,-9.10739841118476
48333,Mills County,TX,350072.96976752486,61642.0,0.3525686741882037,0.5552286892973053,0.5050051272034768,1.145157284217964,10.521261025370295,13.451790632925205,9.830597474430244,-12.761127081985153
48337,Montague County,TX,270035.56360696815,64975.0,0.2580100013555918,0.7967970422290533,0.30858155599863046,1.4783572280553008,12.177978998205392,11.309995806893898,6.293263101018522,-5.425279909707026
48339,Montgomery County,TX,352909.7026285161,96049.0,0.22810385020990914,0.5338532822140629,0.3261307781520959,1.1156737680487385,8.51255040458197,7.904690758064444,5.966879683880462,-5.359020037362938
48341,Moore County,TX,167936.32298436752,66411.0,0.1569880102410261,0.43755404297115574,0.3458506434289188,0.9828463479090623,5.043289828476648,4.79607885779186,4.255289257030514,-4.008078286345726
48343,Morris County,TX,174325.44961948146,54697.0,0.1978605226179898,0.7000556458020246,0.4689279192179612,1.3449199318820764,7.391477852968453,8.587350523106553,5.246497019730906,-6.4423696898690075
48347,Nacogdoches County,TX,212961.87211120885,55767.0,0.2370753708816826,0.5353729829443701,0.4098240469208212,1.117769920925729,7.925154143775215,8.51333042367376,6.408406420949935,-6.996582700848481
48349,Navarro County,TX,228139.2669803037,66263.0,0.21374246437126654,1.1351883683646733,0.614320169561722,1.9451069885062755,9.658245195984373,12.651788546270778,5.481032250392781,-8.474575600679184
48351,Newton County,TX,159212.02219535617,55560.0,0.17789981081382605,0.5515146771756378,0.3771223199900855,1.1400344748129578,6.342044000128533,6.42804907566705,4.726685260029225,-4.8126903355677415
48353,Nolan County,TX,128064.960867014,57566.0,0.13811032034354181,0.05160099456326317,0.4372815340057925,0.4504937756758427,0.12580177592673436,0.70551503104975,4.508170276117013,-5.087883531240028
48355,Nueces County,TX,234859.16276369742,66726.0,0.21851149181882415,0.46780590304303993,0.32952100103610427,1.0245733289253818,7.501675483389228,6.943667676368522,5.831285903099204,-5.2732780960784975
48361,Orange County,TX,180972.39424640316,72841.0,0.1542404549415628,0.31526113945956125,0.4238994448354054,0.8141653593307243,3.318043302411522,3.8286375517303197,4.488695346892527,-4.999289596211325
48363,Palo Pinto County,TX,288477.16656460887,63004.0,0.28425308431226604,0.9108579230055862,0.46753004751700367,1.6356836270125164,12.598297250811752,14.273246946730776,7.200648341293427,-8.87559803721245
48365,Panola County,TX,195845.38476898696,68559.0,0.1773416447628168,0.37678306294641195,0.3696186347563777,0.8990237491065383,4.9438862346443155,4.918447429523624,4.94651182944138,-4.9210730243206875
48367,Parker County,TX,448140.31071584,101485.0,0.2741410170843509,0.9478010559005945,0.5024798282626397,1.686640011225931,12.083006118866605,14.24249611999205,6.984420357949935,-9.143910359075383
48369,Parmer County,TX,154450.02993237888,68598.0,0.13977786663551942,0.41812021108564656,0.4649240822602345,0.9560408843033832,3.5095002057126123,4.336935350732404,3.995212886968455,-4.822648031988248
48373,Polk County,TX,184972.98105669426,65522.0,0.17526008387727673,0.5200442697857885,0.5328217844944556,1.0966267276988373,4.7129276914673,6.4761550748680365,4.986426906765013,-6.749654290165749
48375,Potter County,TX,146764.40627514853,53656.0,0.16981041114694137,0.7678478619528202,0.32966570019577235,1.4384270587052477,7.721339109987875,7.354242026496337,4.202571119323493,-3.835474035831955
48379,Rains County,TX,290348.7840349782,66146.0,0.2725073935516293,0.9211766485581878,0.41646323183005696,1.649916446555609,12.684366748605887,13.491683802476711,6.759110372118807,-7.566427425989627
48381,Randall County,TX,255295.49590618932,83677.0,0.18940826075199602,0.586535358145263,0.34788981958762877,1.1883391835656028,7.274377458334127,7.03421759562092,4.92871902926653,-4.688559166553322
48387,Red River County,TX,173793.09073693337,52978.0,0.20365675173290526,0.43602937441638856,0.45756183453930177,0.9807433428148371,5.37926566451058,6.488812594917417,5.77233333572499,-6.881880266131828
48391,Refugio County,TX,154226.10720038542,68639.0,0.1394918435169577,0.30352852476099224,0.5064966419384576,0.7979823348940227,2.26141691606699,3.473233230812016,4.210149452046661,-5.421965766791685
48395,Robertson County,TX,269154.9511282943,61886.0,0.2700050114224875,0.4207314353381184,0.15383611447748669,0.9596425968775302,11.102626000854155,7.398672698517277,6.784199473153124,-3.080246170816246
48397,Rockwall County,TX,439163.47464564187,120317.0,0.22660061423246072,0.8553394593898827,0.30566467715680945,1.5591059266052358,11.098819868159783,10.314064001512516,5.4548713439220675,-4.670115477274801
48399,Runnels County,TX,141413.81538734934,57607.0,0.15239771156223172,0.35585043163777597,0.4619581768348391,0.8701509622047876,3.326343574598628,4.204268993695156,4.439691845659864,-5.317617264756392
48401,Rusk County,TX,205883.7535791174,67655.0,0.18892265661320914,0.4987225753978013,0.3710053296046365,1.067217298498476,6.362669992403511,6.3746427743840375,5.080995434748268,-5.092968216728795
48405,San Augustine County,TX,182051.48420295303,50976.0,0.22171257944073006,0.3136543275821553,0.5374592833876222,0.8119490523484105,3.358694585121502,5.727583490756148,6.746992902582558,-9.115881808217202
48407,San Jacinto County,TX,228101.6825879237,62182.0,0.22773284267131372,0.5640714993289015,0.4675603596799698,1.157354344677803,7.2815458178517725,8.65174430353305,6.245547861887084,-7.6157463475683596
48409,San Patricio County,TX,214375.55912606945,69930.0,0.1903152574044551,0.3992886301358938,0.32063000453240664,0.9300661171673967,6.009379140747803,5.394939493667521,5.166465849054578,-4.5520262019742965
48415,Scurry County,TX,141219.12432815757,68306.0,0.12835019275539372,0.12236910376332788,0.1903110568964015,0.5481056098617476,2.9663996788974396,1.3156984818715118,3.648732443550019,-1.9980312465240908
48419,Shelby County,TX,231626.04281530992,58737.0,0.24481469980971124,0.28062299175599326,0.41470170283484675,0.7663882861777727,4.874242317044914,5.53540052331549,7.186931295201027,-7.848089501471602
48423,Smith County,TX,272537.5671263265,75620.0,0.2237440868695942,0.828048998031254,0.5318855846365773,1.521463660631103,8.78109990068813,10.942490390452562,5.901712788566529,-8.06310327833096
48425,Somervell County,TX,412454.22259163414,82779.0,0.309326724863094,0.8751252263063254,0.42624052377670574,1.5863968210677242,13.875185155160219,14.963926986561477,7.77046975881027,-8.85921159021153
48427,Starr County,TX,144421.19033537686,37375.0,0.23988969024686535,0.09224291709176757,0.32104481832320086,0.5065519726192356,2.9538478984754146,2.0129489026198963,7.317868300506698,-6.37696930465118
48429,Stephens County,TX,172698.9290486362,57983.0,0.18490592496326352,0.22694792353226312,0.2768773397929971,0.6923532170118003,4.539475010584059,3.3365900055808697,5.231870374138183,-4.028985369134993
48437,Swisher County,TX,107183.7271781019,60199.0,0.11053541416313749,0.6245131117069262,0.4833185491819436,1.2407226402570082,3.7362935238711383,4.503653402142085,3.0018091439441807,-3.7691690222151264
48439,Tarrant County,TX,339320.848143873,85208.0,0.2472248015857174,1.1067745658698391,0.40294722976866715,1.9059152761789626,12.786710614359126,13.338833346792748,5.903002710465939,-6.455125442899566
48441,Taylor County,TX,208946.65070551354,64490.0,0.20114299013211986,0.640401833864682,0.3608930530936103,1.2626382648260392,8.016293680029648,7.929925596568194,5.190159094564581,-5.103791011103127
48445,Terry County,TX,131775.26173773027,52129.0,0.15693375214806224,-0.05419261624344396,0.20232027123647844,0.3045705835385708,1.2300235319083503,-0.8498392132645645,4.892654315981949,-2.8127915708090354
48449,Titus County,TX,239648.46087275408,61204.0,0.24308418376289287,0.9428615752774903,0.47344600125186576,1.6798268891996821,10.942949883659361,12.455263415725929,6.13334722850621,-7.645660760572779
48451,Tom Green County,TX,236258.86819976565,69148.0,0.21211450148561228,0.6907500999888068,0.44794371387888443,1.3320846109275308,8.041693888024351,9.059357336969974,5.592318163805634,-6.609981612751258
48453,Travis County,TX,533820.475124458,97487.0,0.3399463530468284,0.7444994320860419,0.4941910367236835,1.4062221137036217,12.884996639295679,15.440611849540392,9.006608617193633,-11.56222382743835
48455,Trinity County,TX,183583.38675791258,53638.0,0.21248225482428884,0.6872474645869042,0.44137801305995206,1.327253357557491,8.088195042487149,9.024586858603975,5.592698576955116,-6.529090393071941
48457,Tyler County,TX,174138.03364816602,60052.0,0.18002301255642242,0.5094417609693553,0.47114159725624694,1.0820024803614037,5.281886907760935,6.409278180257364,5.01911441957869,-6.14650569207512
48459,Upshur County,TX,236910.95789718442,69431.0,0.211832988490372,0.6684225939952706,0.5261572954675342,1.3012878461494228,7.135057932708119,9.14309375128239,5.781805502716338,-7.789841321290611
48463,Uvalde County,TX,201191.42236717045,53955.0,0.23149394122877873,0.28990822073079636,0.43116710875331554,0.7791955837205737,4.528253333539359,5.403455787006032,6.817598184695821,-7.6928006381624945
48465,Val Verde County,TX,214927.60085029586,61751.0,0.2160777558583937,0.6629747950445246,0.45416225126574816,1.2937735907331165,7.9092956148032245,9.027354566530299,5.748488645771362,-6.866547597498437
48467,Van Zandt County,TX,286986.96870919183,67538.0,0.2638006407890633,0.8909264312954486,0.4293151612630153,1.6081917314980054,11.923525056978402,12.899027557407681,6.613719001639965,-7.589221502069244
48471,Walker County,TX,275820.1222004642,58095.0,0.2947467705282245,0.6675284877639578,0.40227859711796077,1.3000545879744907,11.504795379477045,12.114760607905486,7.678553809081391,-8.288519037509833
48473,Waller County,TX,374137.87478471524,83520.0,0.27810132251258,0.6699680406522832,0.6458440074094509,1.3034195108855964,7.939179828266829,12.565238779238001,7.92294762892569,-12.549006579896862
48475,Ward County,TX,194467.68338019788,72414.0,0.16671964151781732,0.11059308589125072,0.2578426263678999,0.5318627185807354,2.982286270712933,1.6067108608032636,4.908436463401632,-3.5328610534919624
48477,Washington County,TX,373372.386357016,73738.0,0.3143494510739344,0.7206335159135813,0.4213458239364676,1.3733033897408964,12.608895244908874,13.620366152725003,8.14717805764922,-9.158648965465346
48479,Webb County,TX,210467.8173482624,58736.0,0.222455524164023,0.4418294862640437,0.49695440528073,0.9887435502858675,5.501021587955318,7.262811418588467,6.389851479444818,-8.151641310077968
48481,Wharton County,TX,248179.92529685728,61887.0,0.24895971820936538,0.5590436192582924,0.3692420018584892,1.1504192915683369,9.0438957035156,9.04569720013384,6.58084043434999,-6.582641930968231
48485,Wichita County,TX,167723.43662373882,65480.0,0.15901824150536484,0.8240984210348079,0.4413383226942549,1.5160145526773268,6.792215255578443,7.491026125827278,4.059589747088856,-4.758400617337691
48487,Wilbarger County,TX,115304.72133245038,56755.0,0.1261260594612048,0.3132291452646343,0.31764678568941096,0.8113625900796604,3.437767194845434,2.9848805091923705,3.518159998158099,-3.0652733125050364
48489,Willacy County,TX,198542.04815285638,46616.0,0.26441090186411514,0.2797839417000143,0.5391422062270941,0.7652309680599982,3.3865445655124864,6.258238997223744,8.151075830817893,-11.022770262529153
48493,Wilson County,TX,400847.24604720226,97327.0,0.255686284402592,0.6537860298143117,0.4145338274834678,1.281099347515891,9.713251562224936,10.429044006571617,6.71492431535721,-7.4307167597038895
48495,Winkler County,TX,125042.63686484395,73437.0,0.10570731972847967,0.9137350858015221,0.32723066635340037,1.6396521538099296,5.255713620935061,5.027517250064339,2.5372446054274835,-2.3090482345567622
48497,Wise County,TX,386260.739454728,96255.0,0.2491260453531402,0.9897615973451153,0.6491339284184556,1.7445170049753926,9.943041107585795,13.972952503593808,6.633366038738608,-10.663277434746622
48499,Wood County,TX,275966.4305909019,63102.0,0.27150322764940016,0.9193553421489236,0.3791882499508228,1.6474042830792581,13.006126361274772,13.230181380233091,6.641839736166176,-6.865894755124498
48503,Young County,TX,184039.52424584053,66213.0,0.17255585552317504,0.7194148520961683,0.34911061757574524,1.371622462953134,7.439649818545442,7.256318287168614,4.349898821589233,-4.166567290212404
48505,Zapata County,TX,142070.35965000474,43517.0,0.20267790038354222,0.07671564053086666,0.2171225597135984,0.4851348970162046,3.657592176341218,1.373538598728712,5.951526976815107,-3.6674733992026014
48507,Zavala County,TX,84888.75901061618,41554.0,0.12682334804269468,0.2079633200233293,0.4995489155930857,0.6661673828734265,1.2682466409702997,2.3285449364333877,3.9586366685521774,-5.018934964015266
49003,Box Elder County,UT,436054.3202566171,96063.0,0.28180345485911273,1.377644550867719,0.6454779033915725,2.279531532998885,14.04108951583513,18.38656817674342,7.039579890693823,-11.385058551602112
49005,Cache County,UT,456195.0067089892,81598.0,0.34708262874356627,1.3090276110503498,0.5706723643433236,2.184886848726451,17.591388115394782,21.556257045486056,8.53352167061483,-12.498390600706102
49011,Davis County,UT,538033.4673332318,106675.0,0.3131183388085485,1.198329705939984,0.47610283943100673,2.032199067740065,16.068940565882034,18.039651874464038,7.568877977580038,-9.539589286162041
49013,Duchesne County,UT,344652.3731909276,78877.0,0.2712643699554569,0.818149073256204,0.2490617428621198,1.507808501174134,13.615598885126873,11.76959894030523,6.431757894165072,-4.58575794934343
49019,Grand County,UT,603391.5203979253,73626.0,0.5087798008355479,1.2539103953508195,0.6413125863836997,2.1088625974010187,24.017137423371445,31.824923580989395,12.922256657685702,-20.730042815303655
49021,Iron County,UT,394145.824600653,73868.0,0.33125500933062496,1.3146433033955631,0.6372179617890863,2.1926326827784863,16.138371341420108,21.1226147020051,8.326105659623503,-13.310349020208498
49023,Juab County,UT,430756.5128344665,96740.0,0.27643156613372893,1.3097074794512125,0.7525044836144272,2.185824604480609,12.43680914588893,18.33602049323079,7.225666550214682,-13.124877897556544
49025,Kane County,UT,412907.03206221457,73412.0,0.34917817287070424,1.2280730380710527,0.5445402903429413,2.073224626242786,17.368831381458694,20.879102273056745,8.6099739481741,-12.120244839772152
49027,Millard County,UT,315301.96861903,78297.0,0.2500019666265772,1.090421633766581,0.49977014136306175,1.8833593577722136,11.996424385091828,13.908913031877274,6.20259896229033,-8.115087609075777
49029,Morgan County,UT,720707.5805866788,126482.0,0.3537465643916694,1.224086652559409,0.5546350696919786,2.067726126905131,17.447801432029987,21.201650724167383,8.759039552859113,-12.512888844996507
49033,Rich County,UT,555650.5948099154,72337.0,0.4768734623147935,1.5846087426579976,0.23347258930855141,2.56500128201168,31.18776326353036,28.003974274302934,9.999295800851165,-6.815506811623737
49035,Salt Lake County,UT,557939.9629823948,99008.0,0.3498477188047116,1.1125160845333202,0.5104425696806969,1.9138346649275113,16.84973855999056,19.730831400332654,8.681020164378406,-11.5621130047205
49037,San Juan County,UT,352890.78929081466,63019.0,0.34764075185813564,1.0270155581555946,0.6033329092990714,1.79590212019898,14.82833229836395,19.531085540838053,9.04822827352906,-13.750981516003165
49039,Sanpete County,UT,361427.37325489655,71940.0,0.31189791586907706,1.5844190019957298,0.5329540369494343,2.5647395690130854,17.777166064309213,20.653394904744022,7.299594511421979,-10.175823351856788
49041,Sevier County,UT,318307.67910980503,74469.0,0.2653587781768179,1.2829942744024971,0.5287922645808956,2.1489785594009283,13.653019463367224,16.082049262674847,6.453539719853469,-8.882569519161091
49043,Summit County,UT,1250709.6722265244,132012.0,0.5881728349426082,1.226124773815012,0.4159060438676463,2.070537347330567,31.695077260292827,33.443110636225676,13.849062596028595,-15.597095971961442
49045,Tooele County,UT,480472.5356617982,111901.0,0.2665609117414394,1.2862153163536365,0.6471047131207865,2.153421405428531,12.733000105272538,16.8971416758073,6.750718535376182,-10.914860105910943
49047,Uintah County,UT,330455.3372765327,79128.0,0.2592653309515925,0.48661400223536,0.17120824144106805,1.050515707215053,11.117883190064681,7.91291527570477,6.440161208557441,-3.2351932941975288
49049,Utah County,UT,529437.4127922874,100611.0,0.3266863786899521,1.099041347376403,0.5378066488345434,1.8952486969833724,15.316743858766321,18.50938146527639,8.204610037458249,-11.397247643968322
49051,Wasatch County,UT,929546.4385163956,129019.0,0.4472797995565602,1.3966096396945091,0.717688252210033,2.3056904501553137,21.486624821721307,30.119425876379253,11.415551766540256,-20.048352821198204
49053,Washington County,UT,532741.5749003814,86715.0,0.3814031070422797,1.2056298114968689,0.5940843413360786,2.042268245809296,18.155593001884444,23.03879301098059,9.602360279134146,-14.485560288230294
49057,Weber County,UT,451000.55502291815,88111.0,0.31776701249578004,1.4601206070274024,0.4988432620011567,2.393292366927723,17.740688608652448,20.108339240564256,7.46265523259528,-9.830305864507082
50001,Addison County,VT,446384.9386244178,88588.0,0.3128214325963384,0.6003292208376112,0.5167100397205862,1.2073653275890663,9.787767066959915,12.597179370032908,8.655903694254123,-11.465315997327114
50003,Bennington County,VT,394521.9485347906,71854.0,0.34086474446988235,0.6544786814699324,0.422682453569873,1.2820547354628258,12.836226437510568,13.957108956882179,8.978517283863997,-10.099399803235608
50005,Caledonia County,VT,310064.0912844196,68356.0,0.2816026237850474,0.7425069589954156,0.4730944119992242,1.4034738566830436,10.900775642311874,12.66758372315218,7.4057294205070505,-9.172537501347357
50007,Chittenden County,VT,518781.157974785,91413.0,0.35232064888025405,0.6780421931339975,0.362096197401359,1.3145563469851558,14.498302379678435,14.383515854258004,9.013122267262446,-8.898335741842017
50009,Essex County,VT,237075.37067561585,56992.0,0.2582464768364271,0.7197890414860932,0.36462024710276797,1.372138589681633,10.968501733028525,10.931515311569818,6.54919619428126,-6.512209772822556
50011,Franklin County,VT,375576.85625400004,83266.0,0.28002253638987923,0.7462024740711377,0.40462213225371113,1.4085711527515756,11.671996934978775,12.29784125708717,7.169488545067567,-7.795332867175958
50013,Grand Isle County,VT,465008.66770310194,98799.0,0.2921933745360565,0.6673083863950049,0.44565567293904196,1.299750997860622,10.851652870091764,12.214570629469709,7.740214297772586,-9.10313205715053
50015,Lamoille County,VT,518529.3015297504,87863.0,0.36637779113309127,0.7607630215299281,0.6248058288334937,1.4286548000366182,12.126565309716645,17.691879770707793,10.139901007328142,-15.705215468319292
50017,Orange County,VT,351448.5005190137,80532.0,0.27092873839488607,0.5901851036063022,0.4762428508578971,1.1933733487113263,8.858102573466493,10.628091394547665,7.403226976841363,-9.173215797922538
50019,Orleans County,VT,293220.0206187127,66367.0,0.2742857834401175,0.6609785580162757,0.5475935080682772,1.2910201420399163,8.900461108456186,11.854832286059237,7.5594855715480564,-10.513856749151106
50021,Rutland County,VT,313701.27342524537,69554.0,0.2799987132209817,0.6890420314802683,0.359432413415683,1.3297286386976914,11.661516710976565,11.528335641832255,7.136955642586252,-7.003774573441939
50023,Washington County,VT,399283.84507789364,86050.0,0.2880664822784773,0.6906785767910237,0.5275238315019615,1.331985957584926,9.937391519586155,12.684900537671126,7.824259275821654,-10.571768293906628
50025,Windham County,VT,394052.63418555097,69080.0,0.35413085745464934,0.7139007391350323,0.4012738853503184,1.36401673932806,14.421934782254572,15.139502801232544,9.121858834662667,-9.839426853640635
50027,Windsor County,VT,421646.5695646089,76970.0,0.3400861530904624,0.7240940436319929,0.4257928275044458,1.378076563161291,13.61850654125411,14.802483424325438,8.822196793768121,-10.006173676839445
51001,Accomack County,VA,243975.620194062,60675.0,0.24963099655622123,0.5652298608404827,0.5682346859653657,1.1589520953182233,6.830229160695101,9.866690427132598,7.1063428520759535,-10.14280411851345
51003,Albemarle County,VA,534474.7294733612,103657.0,0.32010348726406274,0.634318984992192,0.45395761154671566,1.2542480726585357,11.36413381176539,13.018643891477574,8.575759279506492,-10.230269359218674
51007,Amelia County,VA,292770.12658503006,80689.0,0.22525492340695216,0.9432824241074975,0.5201966916613285,1.6804073742045298,9.750128691156727,11.753098549590016,5.780979310365575,-7.783949168798866
51009,Amherst County,VA,261066.60732300594,66607.0,0.24332868933371782,0.7261946863737634,0.3692184352259178,1.380974020692816,10.339850766876177,10.372370398501992,6.172972945365078,-6.205492576990894
51011,Appomattox County,VA,267126.8155222951,68426.0,0.24235846803753355,0.792533114427781,0.38343341218333626,1.472475909220826,10.675075547771605,10.919696739753233,6.092736050875856,-6.337357242857483
51013,Arlington County,VA,800898.2306804229,133394.0,0.3727373415556567,0.37789969132766443,0.27828353489085234,0.9005639364257998,12.204122056873429,9.978593104597158,10.010313102876092,-7.784784150599822
51015,Augusta County,VA,336369.9579184268,80543.0,0.25926940074357196,0.5511817736754103,0.4163398807744385,1.1395752945178867,8.764020261322262,9.512057714172135,6.995932637074346,-7.743970089924222
51019,Bedford County,VA,332292.7302368683,77289.0,0.26691010532057785,0.7150597649220836,0.4272339482577143,1.3656154062166013,10.587667509963406,11.539479933557516,6.9421473190059375,-7.893959742600048
51021,Bland County,VA,167620.8304550755,61952.0,0.1679710826745316,0.4911614347529616,0.3851141368748183,1.0567880696378622,5.485338978572231,5.641942361001257,4.552689387957798,-4.709292770386823
51023,Botetourt County,VA,298171.7218088947,92407.0,0.2003196012050128,0.5443730766858246,0.4763624163218354,1.1301839258762483,6.148448613390217,7.463586423520019,5.54175430224052,-6.856892112370323
51025,Brunswick County,VA,156947.81011492215,53438.0,0.18233369354357193,-0.03605589328402359,0.3444198450236491,0.3295869194870944,-0.20341220716732777,-0.6841491324273623,5.9930814224604525,-5.512344497200418
51027,Buchanan County,VA,93119.41758375532,47088.0,0.12276989123373666,0.2859075595177165,0.45185459254463045,0.773677393629312,2.2275838000537895,2.857960126918557,3.6506155356194054,-4.280991862484173
51029,Buckingham County,VA,247363.28167576808,58848.0,0.2609548609840114,0.8154447165283016,0.3443596655548955,1.5040783291589777,12.085653196919353,11.757789777087034,6.430296530064976,-6.102433110232658
51031,Campbell County,VA,262945.40842071624,65111.0,0.25071082782205517,0.7474860971652397,0.3871703097703354,1.4103416791374719,10.642480410065971,10.944966396922435,6.374166039333408,-6.67665202618987
51033,Caroline County,VA,345589.1981124887,77152.0,0.2780832533211089,0.874443241886613,0.4105601872166156,1.5854561466474681,12.636798776726877,13.36384420810196,6.945257968163367,-7.672303399538451
51035,Carroll County,VA,194259.84802370644,56924.0,0.21186025929653288,0.5644383740554948,0.33031082028511327,1.1578603821484093,8.124940158664625,7.623696594243468,5.506014937802096,-5.004771373380938
51036,Charles City County,VA,274661.9327795535,76595.0,0.22261781517171314,0.6757066634884095,0.4831058185690773,1.3113349053629575,7.977145559300203,9.513267370392422,5.969039503514177,-7.5051613146063945
51037,Charlotte County,VA,181018.49801881795,58879.0,0.1908641649403921,0.650057616726597,0.556862952484201,1.2759566745773547,6.030396989286952,8.195147567206462,5.292547255480638,-7.4572978334001485
51041,Chesterfield County,VA,400943.5548247714,101573.0,0.2450568358794939,0.8246192553615499,0.3523772750875418,1.516732949629216,11.33744911169673,11.145817823849171,6.0459478150615436,-5.854316527213985
51043,Clarke County,VA,542479.256568019,104104.0,0.323502457568272,0.5532388673049966,0.4501386006212651,1.1424126839090372,10.453278630044064,12.056178801865844,8.838942095328331,-10.44184226715011
51045,Craig County,VA,214383.39423226088,72014.0,0.18481451335936425,0.5131904069810649,0.5055611306238501,1.0871730609668875,5.150043754424169,6.6999569365792615,5.214914818419252,-6.764828000574345
51047,Culpeper County,VA,465270.4834810709,93050.0,0.31042092546372574,0.7742518607141027,0.46011172483052976,1.4472602191821782,12.521412589674055,14.228616918570712,8.066663987183206,-9.773868316079863
51049,Cumberland County,VA,260804.31553727845,62104.0,0.26070962507384987,0.9394600321834317,0.5162849748522877,1.6751350744228484,11.293761495053353,13.554421269156652,6.686296677791403,-8.9469564518947
51051,Dickenson County,VA,101980.70013126511,50078.0,0.12642497552135568,0.46123573526263706,0.5351931330472104,1.0155109682772943,3.012842476036552,4.313947593126565,3.6626212224478234,-4.963726339537837
51053,Dinwiddie County,VA,279799.01371780946,70913.0,0.244952674346897,1.211139323387715,0.3457509393858884,2.0498676230883213,13.686755973014497,13.466504352831995,5.630722148813867,-5.410470528631365
51057,Essex County,VA,291293.59861478664,64311.0,0.2811949668750823,0.7082759100322009,0.3559997469795686,1.3562583027679218,11.937047442167753,11.750429722849816,7.1258931308684295,-6.939275411550492
51059,Fairfax County,VA,753526.5341145676,153889.0,0.30398547810682075,0.4846552161708748,0.36373223210804295,1.0478139153670947,10.154775098905604,10.032757064633921,8.18473900033933,-8.062720966067646
51061,Fauquier County,VA,609314.7057102305,118871.0,0.31822010044538734,0.6109807924581439,0.326537216828479,1.2220572482097438,12.82471343016017,12.01853019213076,8.159254386860463,-7.353071148831051
51063,Floyd County,VA,253023.71129244272,64946.0,0.24186369211110484,0.6963773219254834,0.34053005284015847,1.3398463479700928,10.329666686729198,9.944068184057002,6.108709248504014,-5.723110745831821
51065,Fluvanna County,VA,367064.9399924127,94002.0,0.24241956974905463,0.7996462880828661,0.426455636656095,1.4822872484695941,10.311225875292351,11.166150015021476,6.185969883136707,-7.040894022865832
51067,Franklin County,VA,343948.2043214045,71650.0,0.29801540660451686,0.7741938735738865,0.458761732190484,1.4471802363879553,12.036871581580563,13.652245835346017,7.740467509194205,-9.355841762959658
51069,Frederick County,VA,417217.4137836904,95730.0,0.2705678761313355,0.699951656279616,0.36774728179337335,1.3447764971042773,11.274111627756572,11.281622546518673,6.901490691054736,-6.909001609816837
51071,Giles County,VA,192914.18522519575,66417.0,0.18032119336875496,0.7220224158006519,0.421383782395617,1.375219126461999,7.241299364894563,7.821952200155074,4.672068616397598,-5.252721451658111
51073,Gloucester County,VA,351172.9977568611,84463.0,0.2581169215982816,0.5958322677736865,0.32507608797966814,1.2011625924619111,10.273332481897004,9.591345506561716,6.639762471301604,-5.957775495966314
51075,Goochland County,VA,549383.6036095369,121009.0,0.2818511989278129,0.577197779863214,0.402889040889435,1.1754596796016274,10.00937699830558,10.593343131848627,7.513201698954458,-8.097167832497506
51077,Grayson County,VA,192202.06328814893,52291.0,0.228188084684385,0.7810422940668231,0.3876180872518842,1.4566263964330401,9.92967261680198,10.214639215749076,5.759972981536066,-6.0449395804831605
51079,Greene County,VA,364530.44675189775,89231.0,0.2536179060583441,0.6982699756353528,0.4771876965864319,1.3424569221706384,9.368273418067389,11.02591623636748,6.7487074571908545,-8.406350275490947
51081,Greensville County,VA,157407.2308988013,56795.0,0.17205862179508163,0.7855865357932215,0.4109857895259863,1.4628943577352689,7.3486683637926875,7.799379744458709,4.377955894092513,-4.828667274758536
51083,Halifax County,VA,137116.78758578587,54620.0,0.15584784411264807,0.6003853041766396,0.3509101701622477,1.207442684433155,6.047212310555874,5.880464072342459,4.045874429391289,-3.879126191177875
51085,Hanover County,VA,436610.7079835885,117424.0,0.2308337873178328,0.6606854226543541,0.4337484737484738,1.2906158147141569,8.634967604497737,9.54723324557071,6.096874201440181,-7.009139842513155
51087,Henrico County,VA,389098.60514431057,84671.0,0.2852901975601145,0.8035452790627131,0.29221354007691835,1.487665202823881,13.7096680313534,12.47960927476343,6.903682843802853,-5.673624087212884
51089,Henry County,VA,155004.96566258345,54340.0,0.17708747352363374,0.548000922402839,0.4808557024117728,1.135187884277626,5.426877596349473,6.6379016041867,4.902538076197771,-6.113562084034998
51093,Isle of Wight County,VA,373153.43408378685,93107.0,0.24880950893362785,0.46409292674664626,0.37977178423236513,1.0194519482543916,7.881272323537039,8.025420019421693,6.782628107156116,-6.926775803040772
51095,James City County,VA,467160.51300699334,113101.0,0.25642569819361355,0.5128492895964765,0.4562110521707783,1.0867025511008088,7.747832710176262,9.116776190433399,7.1015917774738,-8.470535257730937
51097,King and Queen County,VA,265416.0148432629,61311.0,0.2687513096176417,0.7929460902914176,0.29040473133668687,1.4730455348895033,12.852018302052034,11.660871882623002,6.513220287949456,-5.322073868520422
51099,King George County,VA,458139.8809840632,110440.0,0.25753340238017974,0.6423892753088354,0.3613055911645795,1.265379581598435,10.277714721679192,10.173961132111845,6.643058760109334,-6.5393051705419865
51101,King William County,VA,337917.842692887,90466.0,0.23189297944171675,0.8157548389769065,0.3992977680159626,1.5045060871049332,10.23315740124911,10.684252689157308,5.836510049836104,-6.287605337744304
51103,Lancaster County,VA,364258.50193973497,69909.0,0.3234733245609543,0.5227581016041658,0.4843305448214361,1.1003699688912083,9.487486657870148,11.773966579185107,9.029941684370726,-11.316421605685687
51105,Lee County,VA,96029.40022875661,43916.0,0.13575108356533058,0.27183070606985926,0.3666096156838339,0.7542609149337041,2.9997866036174465,2.936818432439257,3.9210765478112823,-3.858108376633093
51107,Loudoun County,VA,771223.7448783802,177457.0,0.26980445842191175,0.611484653972016,0.40950754567116765,1.2227522342295862,9.871412539016122,10.54203612877845,7.146929907041381,-7.8175534968037095
51109,Louisa County,VA,398559.6384553982,87062.0,0.28420161495834956,0.8489125919980218,0.5270016662281856,1.5502412229798272,11.403091280058986,14.062632354119788,7.450485409294619,-10.110026483355421
51111,Lunenburg County,VA,145428.44361371585,56412.0,0.16004412037988253,0.6012236733482188,0.448653090572918,1.2085990633937889,5.506879305176311,6.28390494161201,4.315177734125161,-5.09220337056086
51113,Madison County,VA,406629.2505087673,83686.0,0.30165301524257615,0.7940102057525891,0.5597055260460349,1.4745132901132139,11.151870612323858,14.566350584830651,8.096381958299638,-11.510861930806431
51115,Mathews County,VA,343031.36782724294,78692.0,0.2706232570344258,0.37178510958380206,0.4022345373224754,0.892129974489489,7.006764894584549,7.530653287699284,7.660087370410856,-8.183975763525591
51117,Mecklenburg County,VA,202286.88184386483,59944.0,0.20949992182282773,0.8312485143324044,0.7813967310549776,1.5258768159095646,6.174826840062034,11.236361218854485,6.023515746611581,-11.085050125404035
51119,Middlesex County,VA,367779.9540851656,74752.0,0.3054408378172791,0.5679139053012088,0.4263743393058179,1.1626542502268333,10.398793650726123,11.468285519385006,8.236841889424838,-9.306333758083722
51121,Montgomery County,VA,331121.59214748116,70511.0,0.2915362025389493,0.7395579396456915,0.37832554684598385,1.3994062167385812,12.406485359158639,12.60486425495118,7.399872444169101,-7.598251339961641
51125,Nelson County,VA,351169.4286060003,71448.0,0.30513251554820814,0.7869271056066782,0.43987424679067333,1.4647434318425874,12.68776735552347,14.00330789310553,7.847338103232533,-9.162878640814597
51127,New Kent County,VA,417715.2730509932,126545.0,0.20492607853475533,0.641008746764868,0.5953329467234816,1.2634753916342567,6.049096519637054,8.850030190964077,5.775559297749039,-8.57649296907606
51131,Northampton County,VA,288964.1313293517,63587.0,0.282122333237955,0.7709413402702829,0.6949753431960548,1.4426939537232886,8.635880016235605,14.078118276871724,7.983309346636402,-13.42554760727252
51133,Northumberland County,VA,364101.4162708091,73119.0,0.3091391367543461,0.5716023300006245,0.40410945751320204,1.1677417664009435,10.890071706244992,11.552890466309563,8.25670869528145,-8.919527455346024
51135,Nottoway County,VA,164080.6615157269,57326.0,0.17769189698089524,0.5565218884525216,0.4496763099332388,1.1469410190518494,5.770921872638822,6.646208228105286,4.849838421107351,-5.725124776573817
51137,Orange County,VA,370047.1078320933,87969.0,0.26114951522330354,0.796070953665885,0.478917991997579,1.477355719929205,10.524993505472516,12.246888289743898,6.801734841298442,-8.523629625569827
51139,Page County,VA,294343.97859325004,63580.0,0.2874064412148562,0.9540352696916097,0.4679195622561356,1.6952389839797135,13.087503903294087,14.783914711776037,7.221624785157073,-8.918035593639022
51141,Patrick County,VA,192436.90197175078,54805.0,0.21798672133305683,0.43699719560117534,0.46694325481798704,0.9820782774637755,5.665396564159542,6.981509357866352,6.199078129090872,-7.5151909227976805
51143,Pittsylvania County,VA,190339.07029046697,61655.0,0.19165559688850764,0.7303603445718851,0.4544703939608399,1.3867197943457574,7.486040703353769,8.478389575182725,5.018951956261791,-6.011300828090749
51145,Powhatan County,VA,462873.37412358326,109889.0,0.261498886014609,0.6775650468144885,0.41316341096436515,1.313898209754293,10.179408302631021,10.891472838425546,6.824640460149088,-7.536704995943612
51147,Prince Edward County,VA,236727.0740767309,58299.0,0.25208597830718793,0.42244297363743444,0.4188814252336448,0.9620033550575087,6.978246121078804,7.737653453449941,7.067541916100684,-7.826949248471818
51149,Prince George County,VA,338721.48735373694,80906.0,0.2599105345151922,0.834757242191126,0.2777321541377131,1.5307164727242006,12.86844367960373,11.540184733547962,6.213192676510685,-4.884933730454918
51153,Prince William County,VA,566711.4560204712,128291.0,0.274238021108692,0.619462682659133,0.2931778319859686,1.2337564849032296,11.547473066845221,10.303311753015757,6.922898381060411,-5.678737067230946
51155,Pulaski County,VA,214688.1858803006,63762.0,0.20902973986200735,0.4504399963844865,0.32236923970301556,1.0006201949445037,7.086533520632535,6.45340548041749,5.590547374880696,-4.957419334665652
51157,Rappahannock County,VA,556146.1747251678,81343.0,0.4244540029763904,0.5509687007622535,0.2967367565240957,1.1392813988902697,16.716895978441464,14.832063639950034,10.921082811935182,-9.036250473443749
51159,Richmond County,VA,232262.47236096687,63040.0,0.2287308295195661,0.5986763330158966,0.43638352169157857,1.205085467157513,7.973651645637913,8.914075460515031,6.142248785479593,-7.0826726003567115
51161,Roanoke County,VA,318848.0116240266,85809.0,0.23068148421506526,0.7667109235782661,0.3540522628290097,1.4368588574158392,10.250221575082625,10.081794611016308,5.765426761119371,-5.596999797053055
51163,Rockbridge County,VA,319332.3470112908,75191.0,0.26365676374873387,0.5584990488951824,0.5809381636214546,1.149668155038234,6.975472406396896,10.390446273100034,7.554464103012867,-10.969437969716006
51165,Rockingham County,VA,346579.2022566519,81772.0,0.26312356374835955,0.6767833197533739,0.544237342549053,1.3128199583620952,8.743966264065875,11.520010621271156,7.214946057024994,-9.990990414230279
51167,Russell County,VA,142194.14015028157,52467.0,0.16825087510545098,0.4660407937247555,0.36682644714218715,1.0221386791934068,5.452487390919371,5.414243481728464,4.560340603883163,-4.522096694692256
51169,Scott County,VA,160713.0444253814,49890.0,0.19998595165575073,0.9551636082072192,0.3280272579657679,1.6967953233158384,10.150358159493736,9.73522446711774,4.764559601038094,-4.3494259086620985
51171,Shenandoah County,VA,335041.3294883056,72392.0,0.28732252406601755,0.772621717236861,0.3336526593098874,1.4450117304688526,13.059998424131347,12.507552500540122,7.114665473255361,-6.562219549664134
51173,Smyth County,VA,153108.51174320813,56075.0,0.16950867050566693,0.6570207127168937,0.4402948655382324,1.2855610087740472,6.268917767380428,7.005337970304044,4.492357232497536,-5.2287774354211525
51175,Southampton County,VA,266402.9606315045,70013.0,0.23622302388687857,0.7021329445308839,0.45499698663729493,1.3477851905609937,8.982811973994876,10.214765948898672,6.227856015345244,-7.459809990249041
51177,Spotsylvania County,VA,446053.94998964184,107892.0,0.25666107603764743,0.6202896176042461,0.41625864716924177,1.2348970924121385,9.401445147304422,10.144694639640358,6.801366026542318,-7.544615518878254
51179,Stafford County,VA,523174.01259510213,134781.0,0.24097908658236009,0.651987589582538,0.40887044509020964,1.2786187238044278,9.198166572211544,9.790799521234407,6.317634422055433,-6.910267371078295
51181,Surry County,VA,279140.86531023716,80189.0,0.21610782261022055,0.6234933186711376,0.5621943854590794,1.2393160198196593,6.5346418615682245,9.063543944519921,6.044730708137223,-8.573632791088919
51183,Sussex County,VA,181384.37255914314,53197.0,0.21167744779181688,0.6410539294626596,0.3332581453634085,1.263537713011142,8.699621105521109,8.257109883926347,5.4016209729884315,-4.959109751393671
51185,Tazewell County,VA,141819.5360848133,52238.0,0.1685432577799107,0.4441875437900882,0.29059195572685037,0.9919960650532513,5.93459674343925,5.086183323311058,4.457587729726842,-3.6091743095986515
51187,Warren County,VA,374138.03686613106,85203.0,0.2726081536859066,0.8031484698865721,0.46782779471807334,1.4871178761827895,11.172240360594468,12.792300792370183,7.060145474899451,-8.680205906675168
51191,Washington County,VA,249904.56295185993,63570.0,0.24405282508021725,0.8174060092084376,0.3860544217687074,1.5067835784308254,10.911078211401607,11.197671407358529,6.1093186677871385,-6.395911863744064
51193,Westmoreland County,VA,306028.99620347406,70072.0,0.271131470351914,0.4870303535264773,0.4726886782539248,1.0510899886767318,7.645827273019074,9.373009171764126,7.612679300048063,-9.339861198793114
51195,Wise County,VA,128454.6467462398,53925.0,0.14788411619919423,0.46052254280593896,0.49476105998447717,1.014527248002544,3.815543493963153,4.963862117554039,4.220296056708344,-5.368614680299229
51197,Wythe County,VA,202240.8960927563,62294.0,0.20155084681598,0.7391531396919899,0.45265023435860363,1.3988478682620444,7.949938672296112,8.971485802496648,5.263916432500378,-6.285463562700916
51199,York County,VA,446687.9339964944,109281.0,0.25375898338635966,0.4749261751441003,0.3165275217752719,1.034394459199223,8.954270565556147,8.10359311862197,6.722312656046843,-5.871635209112665
51510,Alexandria City,VA,659957.7373125817,123840.0,0.33083926427382365,0.38859509851103846,0.38869887975599093,0.915316320293833,9.09644661486388,9.454884082830352,9.263524990027602,-9.621962457994076
51520,Bristol City,VA,182435.32630181106,51498.0,0.2199279568982561,0.9836808599962454,0.32915214866434384,1.7361297252736292,11.309175181538388,10.872134744778329,5.214846635502952,-4.7778061987428915
51540,Charlottesville City,VA,483067.5856824901,76296.0,0.39306827432197883,0.6797836078913304,0.39033457249070636,1.31695831434677,15.720023657819915,16.254992057174434,10.162835640271112,-10.69780403962563
51550,Chesapeake City,VA,401570.77703436953,90226.0,0.27630723800443474,0.5783448182610997,0.3407334759866858,1.1770418120503376,10.614313660802086,10.141086624296705,7.184737278194608,-6.711510241689227
51570,Colonial Heights City,VA,281145.02867945825,68642.0,0.25427422800885235,0.9758794074321324,0.515844798268666,1.7253690294926445,11.284741142366746,13.476954735618591,6.4755541110421975,-8.66776770429404
51590,Danville City,VA,134802.3358113688,47220.0,0.177228393033787,0.9962696375862443,0.458803175878155,1.7534936718960306,8.333264696677636,9.2857015769414,4.403754801624722,-5.356191681888487
51595,Emporia City,VA,154247.97167651253,48306.0,0.19823496098998525,1.2488723503610712,0.42478763567720623,2.101913523620198,10.718061043289767,11.404416481850355,4.667048764234676,-5.353404202795261
51600,Fairfax City,VA,745060.5336194285,126239.0,0.36640372340033667,0.4899739553452589,0.2665569724393253,1.0551501561150323,14.059482607008677,11.703776855951762,9.468034249252906,-7.112328498195991
51610,Falls Church City,VA,1062200.9748949804,161600.0,0.4080629868254179,0.4322840253310849,0.32359204534285624,0.9755773097242906,13.467002938334899,12.249800339338645,10.978793150978321,-9.761590551982069
51620,Franklin City,VA,219863.63708017723,51516.0,0.26495562150622093,0.7543122950246564,0.43084101766470395,1.4197571870704282,10.828313670582299,11.830197272757898,6.83961965950133,-7.84150326167693
51630,Fredericksburg City,VA,459530.2734366513,81253.0,0.3511046551014223,0.5603475274067165,0.6023072372313154,1.1522177975255583,8.971032477787478,13.976048778873844,10.1334528186314,-15.138469119717763
51650,Hampton City,VA,279184.6535767882,68468.0,0.25314290802202744,0.7334023120763267,0.3641489510071527,1.3909156394940716,10.871094784369964,10.830336042159272,6.398831724049276,-6.358072981838584
51660,Harrisonburg City,VA,307682.0800888586,63973.0,0.29858456283311663,0.53806598733995,0.6006455325643656,1.1214844344473516,7.330454718406812,11.571074405469062,8.665829519319988,-12.906449206382238
51670,Hopewell City,VA,214294.05815378707,52359.0,0.25408594991515504,1.3578224515861996,0.40776490199768767,2.252190524596156,14.410060936512236,15.056648336143558,5.853193468990809,-6.49978086862213
51678,Lexington City,VA,325468.93686280044,62033.0,0.3257231494588434,0.5246354991447795,0.39739142187781584,1.102959499959748,10.92840145304125,11.48588871283583,8.787900487090916,-9.345387746885496
51680,Lynchburg City,VA,244191.9574407955,57883.0,0.2619040348014745,0.8577916203812199,0.4492851598687999,1.562488240118896,11.377706001000112,12.648527767912485,6.659638466236903,-7.930460233149277
51683,Manassas City,VA,480603.94562603015,88786.0,0.3360506240414596,0.6735049493698413,0.22358810396626327,1.3082980381088265,15.791611146159687,12.899529188570801,8.137869718300092,-5.245787760711204
51685,Manassas Park City,VA,444387.1862013054,99695.0,0.2767260313956957,0.7087867423178922,0.32170650545546153,1.3569629037093813,12.154726496328983,11.407833976189067,6.917415575092776,-6.170523054952862
51690,Martinsville City,VA,103476.28072511376,48663.0,0.13200907750803348,0.7194325159561088,0.49543652622845036,1.3716468270598918,4.877105317539511,5.881346718978942,3.5192724836272067,-4.523513885066636
51700,Newport News City,VA,283798.94780490984,67970.0,0.259212162886078,0.6922644034953755,0.41230494317119293,1.334173319308483,10.237435827842345,10.93091823587722,6.739197449161263,-7.432679857196137
51710,Norfolk City,VA,309860.859659621,64281.0,0.2992581328405393,0.6118273920426973,0.4254889785780813,1.2232249795396233,10.737958971514653,11.771070505127668,7.9755658728538545,-9.00867740646687
51720,Norton City,VA,128085.27693650796,47508.0,0.16737644085177789,0.6676297436864389,0.518458145555662,1.3001942522445593,5.688398147036228,7.198064313405269,4.556296742675032,-6.065962909044073
51730,Petersburg City,VA,201030.8420726553,47130.0,0.2648055705745344,3.0852734517116716,0.4893348080265445,4.634897403365914,19.481598152178524,21.244685703375648,5.4170947079439395,-7.180182259141065
51735,Poquoson City,VA,445940.389562445,115073.0,0.2405831673777647,0.4901356127833778,0.3359609914668833,1.0553731333744643,8.420780097771907,7.910741510948595,6.395740232096793,-5.88570164527348
51740,Portsmouth City,VA,261696.36355153474,61783.0,0.2629605262195985,0.735773982557723,0.3341755204284358,1.3941869308764532,11.642414161376664,11.134903507476679,6.56570444666006,-6.0581937927600755
51750,Radford City,VA,248702.5205269704,53268.0,0.28985157226542896,0.6553402493816529,0.5107632093933463,1.2832431128985005,9.806424611971194,12.290466977504792,7.891598582838855,-10.375640948372459
51760,Richmond City,VA,363692.82668791636,63865.0,0.3535360323467776,1.0292440251950463,0.5902243470033117,1.798975888279017,15.267627912951342,19.78755042248622,9.1557986978424,-13.675721207377276
51770,Roanoke City,VA,217261.03117163785,59858.0,0.2253312881174791,0.9772034125123015,0.5120620405688736,1.7271952555400496,10.039894723620304,11.933924204096574,5.729199921166929,-7.623229401643199
51775,Salem City,VA,273476.1131138917,66996.0,0.2534150418921815,0.7044509270993553,0.4074789915966386,1.3509824291572627,10.170129737658243,10.776187179184983,6.557527961882966,-7.163585403409707
51790,Staunton City,VA,271374.6007589076,66646.0,0.2527883025019397,0.7653405437918226,0.5355867376327734,1.4349686658309846,9.337008484770712,11.849146945228469,6.768452999563527,-9.280591460021284
51800,Suffolk City,VA,373613.29093800107,93557.0,0.24791790597638938,0.6439753627361473,0.5294338820683004,1.2675673029422598,8.070168051762593,10.47551471444121,6.816008100120905,-9.221354762799521
51810,Virginia Beach City,VA,408085.81896381127,93989.0,0.2695481398673111,0.5629138819421757,0.4021512113617376,1.155757620423318,9.42282211275423,9.967597359342815,7.210411113787639,-7.755186360376223
51820,Waynesboro City,VA,284664.7677233181,64070.0,0.2758295937090131,0.7505099308694547,0.4728735632183909,1.4145125119812199,10.757115043678581,12.483222252259605,7.2402197184749415,-8.966326927055965
51830,Williamsburg City,VA,402169.1333041484,71436.0,0.34950506302334433,0.4451343320908827,0.4891496946071585,0.9933019886348053,8.839793483483993,11.435524918417642,9.999291399981608,-12.595022834915255
51840,Winchester City,VA,339888.5117430274,64655.0,0.32635948146175825,0.7618528479129778,0.3560477359005012,1.4301580188366696,14.424826379792322,14.223546368423715,8.171739046857025,-7.970459035488423
53001,Adams County,WA,306185.6668416924,66089.0,0.28761897942442993,1.1670204996543077,0.3732208531593493,1.9890136684550592,15.548027946519442,15.720064910922599,6.725934355001707,-6.8979713194048635
53003,Asotin County,WA,345188.59040364187,70914.0,0.30219433189561024,0.7175020227319304,0.5226418740471948,1.3689840600787533,10.796181188925969,13.582748706306585,8.141470663353315,-10.928038180733934
53005,Benton County,WA,448465.44205064577,91289.0,0.30498072871988835,1.136270348886527,0.4560113560241157,1.946599385356853,15.427975233626318,17.01177952892243,7.390798695181875,-8.974602990477987
53007,Chelan County,WA,542131.353260988,79974.0,0.4208405419296993,0.9684013715681814,0.49194089993284074,1.7150544286782483,18.95857979279441,22.01632364535954,10.639463511278365,-13.697207363843495
53009,Clallam County,WA,491423.7982885672,74311.0,0.4105489479103677,1.222419352475331,0.590969427078873,2.0654263873588183,19.747228518627406,24.926031654316862,10.298018256454277,-15.476821392143734
53011,Clark County,WA,554342.7006874406,99396.0,0.3462352577315434,1.0405765395927116,0.546249338850689,1.8146070465620094,15.602538846821703,19.16644968157849,8.810385074591482,-12.37429590934827
53015,Cowlitz County,WA,425675.49675792264,78357.0,0.33725835410882604,1.272926960440437,0.5515623143637876,2.135092516771416,17.034865379207304,20.54456873581382,8.280479099131632,-11.790182455738144
53017,Douglas County,WA,480161.07407224976,76714.0,0.38857440098425566,0.9693550329824145,0.4924902723735409,1.7163698324793089,17.507493319159284,20.342772352368396,9.823954906761326,-12.659233939970438
53019,Ferry County,WA,277437.3238449464,59801.0,0.2880171211158717,0.5711417570108197,0.4676172478955507,1.1671064890871996,9.296491820501302,11.029526733730233,7.884062055595794,-9.617096968824724
53021,Franklin County,WA,422040.34449611,81405.0,0.3218583296212766,1.255243292003986,0.3976067026061876,2.1107010877685943,17.725062027334744,18.359499938913658,7.494724988235809,-8.129162899814723
53023,Garfield County,WA,214070.86687045378,68604.0,0.19371800788145696,0.9782035472719479,0.45696264361713435,1.7285747609334483,9.027942708088627,10.049419406827,4.826113913791755,-5.847590612530128
53025,Grant County,WA,359630.78908415325,71710.0,0.31134293005079816,1.144546558804704,0.41795028968026426,1.9580149232220387,16.209797716375913,17.167401198347182,7.4299267992505555,-8.387530281221819
53027,Grays Harbor County,WA,335869.81430893723,62481.0,0.3337220227378274,1.4399935480932222,0.4089750817454054,2.365530721724246,19.400972974578064,20.275940843277038,7.607722033320397,-8.48268990201937
53029,Island County,WA,633134.04765461,88776.0,0.4427534569017057,1.0746559047346982,0.4657486750210511,1.8616133800221295,21.59704479371451,24.1424129752237,10.878710453772435,-13.424078635281624
53031,Jefferson County,WA,594899.9625963019,80245.0,0.4602436710023161,1.139906354558042,0.5021246326351061,1.9516145989427303,22.60181879481849,26.172350623576506,11.335014898761175,-14.905546727519193
53033,King County,WA,876774.5286620519,121984.0,0.44621782921268,1.024967842973532,0.4909553143639387,1.7930776666835362,20.802508156218476,24.008229070885214,11.161402023272297,-14.367122937939033
53035,Kitsap County,WA,573746.9457639259,107964.0,0.3299159292334336,1.047841707535762,0.6404412435044216,1.8246280344986072,13.831275508322058,18.974606723497207,8.665895841139873,-13.80922705631502
53037,Kittitas County,WA,504350.29203429463,78875.0,0.39696733270551027,1.1132192462471675,0.6648022288826037,1.9148045496028798,17.02378594131228,23.713063782753075,10.39573734683016,-17.085015188270955
53039,Klickitat County,WA,474553.2889702334,73060.0,0.4032433226984266,1.195332081632324,0.4599444477749135,2.028064386028509,20.882445472712547,23.06067435087661,9.69489678530514,-11.873125663469201
53041,Lewis County,WA,426156.0141828889,78178.0,0.33841213733126013,1.5145463312379177,0.6417396417396417,2.4683628305466625,17.822571847986175,22.921543279298646,8.290878297161742,-13.38984972847421
53043,Lincoln County,WA,319145.05028520996,62764.0,0.315674400458072,1.2420798166553686,0.2609796279181902,2.092544449311475,18.695871195065493,16.946897139732883,6.991004146566431,-5.24203009123382
53045,Mason County,WA,453934.51631668623,84112.0,0.33504034875862215,1.398702202063557,0.5525980618366406,2.3085767622710405,17.781776228229994,21.258429409854507,8.083582149953832,-11.560235331578347
53047,Okanogan County,WA,308533.9050073738,59401.0,0.32245640251478597,0.8431530152453168,0.41958225791033366,1.5422969263563768,14.240135732553815,15.24978085292059,8.132448630750812,-9.142093751117587
53049,Pacific County,WA,339182.62463384576,67828.0,0.31044627259147284,1.394545939238451,0.6507982866043613,2.3028439478394667,15.52817589268318,20.398455155864553,7.75085891302123,-12.6211381762026
53051,Pend Oreille County,WA,364392.2951952825,67189.0,0.3366920586149965,1.1598874480267347,0.6179983624717045,1.9791749111308845,15.383364454171883,20.157304337014878,8.609831461159278,-13.383771344002271
53053,Pierce County,WA,570689.4607895678,100125.0,0.35384999028774844,1.2386298955699364,0.6640905464698843,2.087785905826957,16.315075087639343,22.195446501519513,9.078249215060113,-14.958620628940285
53055,San Juan County,WA,916185.4456158777,84476.0,0.6733051117672941,0.9792786945712812,0.41124977029352316,1.7300577325868427,32.52532471575691,34.326316205824085,16.487173266144367,-18.288164756211543
53057,Skagit County,WA,570449.8071389995,89774.0,0.39448339420092615,1.221446151629527,0.5780000351549455,2.0640840324384446,19.132486351868735,23.82717735201501,9.851966103345152,-14.546657103491423
53059,Skamania County,WA,562235.4797979961,89706.0,0.38909766195959333,1.1390758641569771,0.6694768577968846,1.950469087324036,16.89328261864555,23.534895351573077,10.161611767997954,-16.80322450092548
53061,Snohomish County,WA,751990.3312549725,109146.0,0.4277266371331139,1.2802301106742129,0.4351307640724231,2.1451658944229064,23.255611952974743,24.97941074034487,10.061887428936306,-11.785686216306436
53063,Spokane County,WA,429513.2157849639,85192.0,0.31299657270484504,1.3545152521798007,0.7501848960473334,2.2476288399089968,14.431908489255207,21.04603594016028,8.122037914232038,-14.736165365137111
53065,Stevens County,WA,360221.8766179394,69312.0,0.3226439445724655,1.1000258982554665,0.6177383592017738,1.8966067072261361,14.244913793995433,18.839755820373952,8.33251719346312,-12.927359219841637
53067,Thurston County,WA,527835.2269771219,97316.0,0.33672548424561577,1.1345705553614764,0.5620796481484454,1.94425482697324,15.807517818710862,19.544501903591552,8.479422047002029,-12.216406131882717
53069,Wahkiakum County,WA,385939.2707841432,77412.0,0.3095084774153158,1.4493840322448102,0.5358914328796476,2.3784831997866287,16.880290312214484,19.804003686386874,7.374281881671342,-10.297995255843736
53071,Walla Walla County,WA,405925.68202590273,72788.0,0.34621717426914767,1.0601745837767576,0.4522745411013567,1.8416390113959569,16.92761955358451,18.65698657712253,8.485756724476172,-10.21512374801419
53073,Whatcom County,WA,608259.6902961687,85471.0,0.4418065153259173,1.1415925838023488,0.5519583098796144,1.9539404478491833,20.968765412197605,25.62048018480895,11.073108490307028,-15.724823262918372
53075,Whitman County,WA,337582.75475151394,59641.0,0.35139631348030187,0.8560069164730497,0.3611383709519136,1.5600265631866672,16.45627030142802,16.368159599403793,8.643526778942778,-8.555416076918549
53077,Yakima County,WA,346053.6981400309,72458.0,0.2964961218405328,1.1096211781207708,0.5452432236463287,1.9098416640134035,13.904472894254823,16.922874284141837,7.452846743017413,-10.471248132904424
54001,Barbour County,WV,125349.23289726158,52771.0,0.1474647508237912,0.43900733452771457,0.41363514599517814,0.9848509013166087,4.243854738369693,4.640056306681555,4.104891360727715,-4.501092929039576
54003,Berkeley County,WV,300855.55365686835,82567.0,0.22621082958297453,0.8582097683705641,0.5228987218031245,1.5630649998015045,9.180292995631048,11.241646357583656,5.910021428709472,-7.971374790662081
54005,Boone County,WV,98502.72623844225,52928.0,0.11553794315709001,0.2723963625608907,0.3939058755365936,0.7550411359715818,2.377427191702826,2.5311871346366233,3.3737186764695557,-3.527478619403353
54009,Brooke County,WV,124439.79067908168,60780.0,0.12710435788828509,0.5543218958850173,0.34255168757731047,1.1439065263667003,4.750939043858943,4.543709648019012,3.328481741771955,-3.1212523459320245
54011,Cabell County,WV,151403.3253554762,57512.0,0.16343264452620704,0.468382855089686,0.473004815080422,1.0253691301435723,4.457180639771989,5.5032155154692814,4.614569991861415,-5.660604867558707
54017,Doddridge County,WV,121216.79679373221,59779.0,0.12588559080555,0.5451136316930782,0.4539462483278609,1.1312053878510087,4.000420015515191,4.653772788052593,3.4521867382515907,-4.105539510788993
54023,Grant County,WV,176302.85274918415,56277.0,0.19448686075675456,0.5806721086531239,0.46669272869429235,1.1802518891092926,6.365222374834606,7.523740561186594,5.3084745856861195,-6.466992772038108
54025,Greenbrier County,WV,190577.76518830392,55405.0,0.21354289959329076,0.6055068725432666,0.4500510350964433,1.2145069636378132,7.371579239644449,8.426260159967926,5.75435189140052,-6.809032811723997
54027,Hampshire County,WV,240966.96351300282,63929.0,0.23400301805424978,0.7340899934990406,0.5866031320576774,1.3918641719017546,7.87810260543329,10.916692410956369,6.427872105506916,-9.466461911029993
54029,Hancock County,WV,127034.97106343445,61526.0,0.1281818326968465,0.6565573812412846,0.4645909209931205,1.2849219266269958,4.601974820007179,5.345556947227535,3.4289965720448463,-4.172578699265202
54031,Hardy County,WV,214936.88430780848,60209.0,0.2216212498552074,0.8536334176860789,0.45629353715170273,1.5567527499867237,9.538863160094046,10.70430706304075,5.654918514172538,-6.820362417119242
54033,Harrison County,WV,145252.31320068706,63576.0,0.1418377137145357,0.41550789782207587,0.35328551054726587,0.952437669634973,4.352629214945258,4.191626921126189,3.882292446645411,-3.7212901528263416
54035,Jackson County,WV,189168.20309719234,63024.0,0.18633911987316903,0.6864588023799527,0.4107218802462227,1.3261655403832884,7.333225557769457,7.813900075088916,4.848277317033574,-5.328951834353035
54037,Jefferson County,WV,370297.4175214227,92550.0,0.24839115390170546,0.7654548657550251,0.36462157738753476,1.4351263523460274,10.919512084169709,10.892190694478504,6.23540943850081,-6.208088048809605
54039,Kanawha County,WV,147045.5749960528,62137.0,0.14691412174561025,0.4720751247073165,0.385471247965395,1.030461949688418,4.666831727246293,4.805087613702566,4.004602878186431,-4.142858764642704
54041,Lewis County,WV,133571.8510411674,57454.0,0.144329975946846,0.479411866983356,0.4508219489406833,1.04058166149941,4.171359898700354,4.89496608813955,4.027434669867935,-4.751040859307131
54045,Logan County,WV,105301.82875904317,48120.0,0.13585391544326042,0.3739167097151095,0.3511161027656886,0.8950701321525909,3.899501314466325,3.7190176445400493,3.7645489825603136,-3.5840653126340376
54049,Marion County,WV,158546.58644965792,61504.0,0.16003515660143583,0.4931655655109457,0.40889723736656425,1.0595524063065467,5.055841334068253,5.441404969589705,4.3759164077819985,-4.76148004330345
54051,Marshall County,WV,129182.80919410389,58419.0,0.13728164377998284,0.352020394355417,0.21430501569352933,0.8648681170312003,4.789098549039368,3.395650642419236,3.6181457578288923,-2.22469785120876
54053,Mason County,WV,143121.8550581818,56080.0,0.15843816962441043,0.6508252214235932,0.570120670829017,1.277015446717101,4.918680484589648,6.841551124027462,4.41384386067639,-6.336714500114205
54055,Mercer County,WV,144110.8871279354,54317.0,0.16471110516683454,0.7630147865305215,0.5368966102654067,1.4317607034491586,6.061207155512973,7.7111394660539005,4.414577355001966,-6.064509665542894
54057,Mineral County,WV,190751.93868508423,63375.0,0.1868584977596693,0.4995687966734341,0.4684075163928729,1.0683845080194785,5.420210744716014,6.559712514601989,5.218952882834786,-6.358454652720761
54061,Monongalia County,WV,257191.6203831262,67259.0,0.2373931993539731,0.3019702493635539,0.43968063701357085,0.7958329752258038,4.708018183871995,5.737370591763575,6.984643588890176,-8.013995996781757
54063,Monroe County,WV,168918.77626868134,56789.0,0.18466116456312548,0.6423250964321177,0.6237490707382627,1.2652910584212131,5.229698414306272,8.068633228523256,5.256027716180601,-8.094962530397584
54065,Morgan County,WV,284395.4455233104,67722.0,0.26070822119468307,0.8880251481069437,0.48422021565705275,1.6041899349723692,11.212135850517472,13.000744883759808,6.675043133148127,-8.463652166390462
54067,Nicholas County,WV,144036.0117453017,53678.0,0.16658528124903538,0.5461771190233797,0.3794716282894737,1.1326722766815522,5.883329718365609,5.987190324957269,4.436557273820236,-4.540417880411898
54069,Ohio County,WV,147312.4063121694,56892.0,0.1607496319062222,0.38436369539648063,0.22837093814099108,0.9094798633945222,5.733917970096244,4.265656270105166,4.218343012567751,-2.7500813125766728
54071,Pendleton County,WV,182242.35033938635,63245.0,0.17888955168674492,0.7571439347782185,0.5710311250217353,1.4236629230470315,6.293239816981294,8.445686379039563,4.860761024507695,-7.013207586565965
54073,Pleasants County,WV,153464.85574269688,63468.0,0.15011219908377813,0.648615399277003,0.31381965719963567,1.2739673959016766,6.338256597770155,5.850591817605395,3.7939390346857143,-3.3062742545209556
54075,Pocahontas County,WV,166571.08666285835,52248.0,0.1979209710451713,0.6925245487142251,0.41893433273586433,1.334532142686042,7.762412190378742,8.370057586857644,5.158506986985716,-5.766152383464617
54077,Preston County,WV,129305.02479573931,63370.0,0.12667577197365096,0.47783989840142804,0.4466715368459502,1.0384134145545776,3.677338396257454,4.279748210097778,3.5307633305388966,-4.133173144379221
54079,Putnam County,WV,231607.9086164576,80834.0,0.1778775666839478,0.466777123600536,0.3716254051210697,1.0231543133618652,5.728301398302338,5.7412846108273765,4.82947144677189,-4.842454659296929
54081,Raleigh County,WV,158489.13228926546,55834.0,0.17622300809404848,0.5715475067890712,0.44782698890156625,1.1676661476752752,5.8520184041733385,6.699665579116597,4.7870065146212255,-5.634653689564484
54085,Ritchie County,WV,125960.88362673165,58610.0,0.13342150709825765,0.5894013565787046,0.4837599048125365,1.1922923111399357,4.31208288236899,5.2447212779485675,3.6569223302544898,-4.589560725834067
54087,Roane County,WV,123810.33962772322,49728.0,0.15456735918028594,0.3940588749236096,0.37461300309597534,0.9228526137350639,4.406991373608619,4.4367228506800025,4.296049054488174,-4.325780531559557
54089,Summers County,WV,142881.15904916052,45580.0,0.1946088151567349,0.6581916678251127,0.2776095974885078,1.2871761300080973,8.590092566016551,7.538157077481538,4.8359580476205615,-3.7840225590855474
54091,Taylor County,WV,180292.6666963865,61452.0,0.18213940156927952,0.7589111608720533,0.407770548886649,1.4261004924888372,7.64510815203316,8.086632062849048,4.655820497282649,-5.097344408098538
54093,Tucker County,WV,211232.44517704193,56204.0,0.23332177199182583,0.7024965984316114,0.4790526315789474,1.3482867854836238,8.63656237894666,10.18694704399472,6.206787892357582,-7.757172557405642
54099,Wayne County,WV,134717.06940937354,61452.0,0.1360969741753904,0.4462948740531054,0.7292399470973914,0.9949027468133511,1.8124143269670725,4.872730123899846,4.249205650939521,-7.309521447872294
54107,Wood County,WV,168681.4920745841,59516.0,0.17595254934986013,0.5244446995586556,0.44691610142707794,1.1026963263668121,5.4875352633893355,6.325498132434393,4.839730576978285,-5.677693446023342
55001,Adams County,WI,225706.28370346848,61027.0,0.22960613797985346,1.12653851694126,0.42440014937914294,1.9331760796206376,11.810549555024162,12.598809913806402,5.508461573681636,-6.296721932463875
55003,Ashland County,WI,205796.13565551708,61524.0,0.20766079717284397,0.6536207512718666,0.5318576799541868,1.280871375596591,6.819357846945487,8.862092019519283,5.700609550017925,-7.743343722591721
55005,Barron County,WI,261878.2482464644,69400.0,0.23426198641721596,0.9098640806502467,0.3592917580695707,1.6343128008551853,11.33840150303122,11.263062271537686,5.697513368176287,-5.622174136682753
55007,Bayfield County,WI,290550.3253266414,71352.0,0.2528000060244831,0.7198475679821525,0.4247603833865814,1.3722193164198964,10.096774034377534,10.961312860259227,6.5617050221657705,-7.426243848047465
55009,Brown County,WI,324884.5205752422,80803.0,0.24961081542477218,0.9835132972037239,0.44283341963823375,1.7358986026436165,11.797332489423388,12.912973794724563,6.180052947554198,-7.295694252855371
55011,Buffalo County,WI,232045.52427320357,71901.0,0.2003549747660039,0.7714422958255331,0.3341683366733468,1.4433849314976892,9.095458517452762,8.716054491736516,4.963452637500922,-4.584048611784676
55013,Burnett County,WI,291255.95011399814,65340.0,0.27673082707552404,0.9736711804665641,0.4565963707699854,1.722323178941536,12.86642339845789,14.320093672423194,6.8990471686049935,-8.352717442570299
55015,Calumet County,WI,346767.4474752611,94597.0,0.227574094223968,0.8606170182116852,0.3267833599820471,1.5663853664891505,10.992164602893823,10.483496378309955,5.518253315402185,-5.009585090818317
55017,Chippewa County,WI,302272.5725864117,72337.0,0.2594180040451379,0.9292419814926784,0.3594880565317897,1.6610411176815538,12.688503572484713,12.611226563365733,6.286557919484786,-6.209280910365805
55019,Clark County,WI,196016.4519202863,65586.0,0.18554243162274484,0.6879283897726407,0.3068324466495307,1.3281925709556508,8.139603372605912,7.4695729013445185,4.632837627322388,-3.962807156060996
55021,Columbia County,WI,325072.0226976512,85096.0,0.23715501460410288,0.8480143532013504,0.39875404770123435,1.5490022646768415,10.70172186487943,11.15809994482838,5.928024126437997,-6.384402206386948
55023,Crawford County,WI,210886.05242821478,63412.0,0.20646111632298858,0.7027768121483429,0.41245127519768343,1.348673289731983,8.229899113340121,8.784572439572637,5.3548326796182275,-5.9095060058507425
55025,Dane County,WI,448424.98070756416,91479.0,0.30431983127480455,0.8003299917955733,0.3984193469487587,1.4832302943442328,13.29435635624893,13.869136080928802,7.681834551683755,-8.25661427636363
55027,Dodge County,WI,288603.5964530336,78999.0,0.22679945663919573,0.8404456503918663,0.397866015500584,1.5385626051749441,10.191175360455592,10.615369124217096,5.6760306899857085,-6.100224453747213
55029,Door County,WI,410703.25602289865,84480.0,0.3018117236118093,0.9599450908555194,0.5346885388849529,1.7033905156518276,13.047613948275291,15.97699625215393,7.761797291892209,-10.691179595770844
55031,Douglas County,WI,241437.9990389291,71130.0,0.21072432884169084,0.8103468308380548,0.4601252181053064,1.4970467159320617,8.750520576844858,9.907653700941795,5.43340602503736,-6.5905391491342975
55033,Dunn County,WI,301209.751023924,75324.0,0.24825472164201837,0.9228686347393142,0.4190120944953091,1.6522502361173736,11.543299625260428,12.315089327023497,6.161480863247704,-6.933270565010773
55035,Eau Claire County,WI,312415.27750894893,77827.0,0.24920906633718057,0.8907179909849057,0.4984885534397443,1.607904225709588,10.601479960061663,12.515648722091859,6.4107425094786885,-8.324911271508885
55037,Florence County,WI,186073.4865630217,71049.0,0.16258796317191546,0.6406637527861299,0.5380901868248436,1.262999534706208,5.208199672547163,6.8708942736420635,4.48805962689783,-6.150754227992731
55039,Fond du Lac County,WI,267975.36463988817,77061.0,0.21588481456400663,0.8213209966678461,0.3275164085513962,1.5121835970415711,10.18045244019768,9.698608287826596,5.278252785287897,-4.796408632916814
55041,Forest County,WI,198405.22295164797,62251.0,0.19786484223800108,0.5707825058230931,0.4116513220554221,1.1666109669125393,6.894637445622279,7.409830331400421,5.301410694272152,-5.816603580050296
55043,Grant County,WI,212195.84590640393,73612.0,0.17895759100437963,0.6555190806505617,0.4431461731493098,1.2834897783579193,6.5857911267819285,7.393876277715812,4.749681169735613,-5.557766320669497
55045,Green County,WI,304729.43362045527,82472.0,0.2293874970727533,0.8922736398818727,0.3941678640858761,1.6100499625944455,10.685931507426277,11.07006068520269,5.673413226013045,-6.0575424037894585
55047,Green Lake County,WI,266700.4392830866,73849.0,0.22420277157408594,0.734973011890339,0.49210999535287825,1.3930821364025556,8.441016213427458,10.1002782231802,5.9483707697894985,-7.607632779542244
55049,Iowa County,WI,319100.0858006575,79607.0,0.24884993291881402,0.8503855916676331,0.37036080699579976,1.5522729601723464,11.523797204435917,11.5934442650624,6.149963420003861,-6.219610480630343
55051,Iron County,WI,206974.85200645248,60564.0,0.21216067808664735,0.6542142013648713,0.4308259308259308,1.281689932892112,7.911674633593401,8.712947750591868,5.606253771683653,-6.407526888682117
55053,Jackson County,WI,207495.8430229612,66149.0,0.19473677888315707,0.6267261071816297,0.30592462440526713,1.2437750681058324,8.139584804040323,7.408181814439393,4.932498784923654,-4.201095795322726
55055,Jefferson County,WI,337171.1504281449,84325.0,0.2482309461998091,0.8306880468764124,0.36842361494271536,1.5251037522089894,11.37077257411515,11.409374061559737,6.15480192223327,-6.193403409677856
55057,Juneau County,WI,233385.09367263576,70607.0,0.205204660356795,1.054039748277598,0.5332348917504506,1.8331771130596763,9.415373319853531,11.375050496467885,5.185163891328194,-7.144841067942549
55059,Kenosha County,WI,302010.3770945642,83504.0,0.2245310725451767,0.9555439499797813,0.4801999503669301,1.6973199361457842,10.13158476905003,11.614020585791682,5.665727530826699,-7.148163347568352
55061,Kewaunee County,WI,283598.23603111255,82143.0,0.21433585616604356,0.9919702533484387,0.35612164036188343,1.7475634473066504,10.85455810998958,10.758056715298212,5.127805505942957,-5.031304111251591
55063,La Crosse County,WI,317031.00791656715,76443.0,0.25746955575849406,0.7602916328786411,0.48640818231313676,1.4280046044699048,9.984841547259737,11.800035196022563,6.777627099135961,-8.592820747898786
55065,Lafayette County,WI,212518.29403154785,76636.0,0.17215726599466982,0.8386456331177854,0.35812008222868075,1.5360798062182468,7.9963700289180775,7.92100856583987,4.2446361279271105,-4.169274664848903
55067,Langlade County,WI,198375.70155128188,58661.0,0.20994274838074062,0.7184891567875249,0.3142377058362271,1.3703456333473225,9.35400296771314,8.696911255972239,5.22087625509066,-4.563784543349758
55069,Lincoln County,WI,223371.65584305182,72835.0,0.19039248569242434,0.7216099792576756,0.416857954324398,1.3746502446888345,7.6792974185308145,8.241335473187252,4.9249417833494595,-5.4869798380058965
55071,Manitowoc County,WI,237828.78734443316,71188.0,0.2074051301975737,0.9210231621351916,0.37029123597235847,1.649704739736809,10.014584657125129,10.080140144450763,5.054915451475128,-5.120470938800763
55073,Marathon County,WI,243245.90708026235,79414.0,0.19015613199832337,0.7681097831557817,0.40937405718139397,1.4387883317323538,8.026503740626937,8.50584382534047,4.853885239309631,-5.333225324023163
55075,Marinette County,WI,190712.23317407214,64731.0,0.18290606231557102,0.836070655157028,0.33342259758986503,1.5325280888616728,8.660265790303114,8.31749704805284,4.468772132273564,-4.126003390023289
55077,Marquette County,WI,246034.154865133,70208.0,0.21755579901291658,0.9551383895903929,0.44734889090459307,1.6967605387854636,10.079380257958883,11.10820901402629,5.423868774076325,-6.452697530143731
55079,Milwaukee County,WI,273797.02969761175,66339.0,0.2562251030923976,0.9856481970016038,0.4451366953490905,1.738843311601221,12.102923512142228,13.281599238147512,6.346770366500157,-7.525446092505442
55081,Monroe County,WI,241281.5233435107,73607.0,0.2035011245147837,0.736225288596065,0.38946672958942896,1.3948094261031834,8.542991648240614,8.814998789487888,5.191564264536725,-5.4635714057839975
55083,Oconto County,WI,277781.9699966524,75147.0,0.2294849826782227,1.0817665955626858,0.41139680333564965,1.8714212946590263,11.668566215774085,12.288448014939224,5.5196796850568965,-6.139561484222034
55085,Oneida County,WI,302508.41657438944,70870.0,0.26499452089452996,0.6720393381194578,0.40903035966359824,1.3062764919071466,10.309488466481836,10.965259165120052,6.914000889891928,-7.569771588530143
55087,Outagamie County,WI,310135.8165892689,82847.0,0.2324004702947561,0.9403504348319482,0.3660076835562005,1.6763632241737487,11.378397414157854,11.397396952796806,5.634180916951143,-5.653180455590093
55089,Ozaukee County,WI,461817.97199412296,105783.0,0.2710296568331757,0.6235450628824482,0.32005989892057163,1.2393873916202014,11.12648109907474,10.338365073186297,6.909519880425948,-6.1214038545375065
55091,Pepin County,WI,244668.56393198777,75176.0,0.20205091610813247,1.0582188556433367,0.5006986864694374,1.8389414374119961,9.524436476206573,11.083790933715946,5.04234148243838,-6.601695939947755
55093,Pierce County,WI,355430.3637971021,97746.0,0.22574461373112698,0.8076401131183286,0.5336314426923983,1.493313287354804,8.688960526012767,10.896985444944308,5.9842548573169,-8.192279776248439
55095,Polk County,WI,321548.9115809413,74144.0,0.2692358554922807,1.0358014439252257,0.3493975903614457,1.8080206639133105,13.985425253289376,13.769320847615628,6.375279156045788,-6.1591747503720375
55097,Portage County,WI,275219.0052850075,74650.0,0.2288813854386873,0.7227683520026313,0.3094194001052446,1.3762480108236685,10.275746022075566,9.495333272954884,5.675419416040421,-4.895006666919739
55099,Price County,WI,187201.0569391744,65405.0,0.17768845503262176,0.6560456496608307,0.45564408439419557,1.2842160852707192,6.445435686597426,7.380924167288228,4.737860495147512,-5.673348975838316
55101,Racine County,WI,288160.20033555926,79354.0,0.22543795650282628,0.9044375017672197,0.3832691268499311,1.6268278146924313,10.672390775311408,10.909690621352418,5.539429326883081,-5.776729172924091
55103,Richland County,WI,225340.6288110121,67891.0,0.20605784854986922,0.8424125543529926,0.44455083195029577,1.541275594196175,8.892728733391655,9.836411154458037,5.246812349960198,-6.190494771026582
55105,Rock County,WI,264780.37722940056,73982.0,0.22218850852980945,1.059916266558127,0.36732770251538627,1.8412827094147768,11.526338563137049,11.575345414760358,5.275565164282728,-5.324572015906036
55107,Rusk County,WI,198833.30478979123,61716.0,0.20001069797422938,0.8018682586927777,0.4593866017167585,1.485352055897577,8.256539193359629,9.346639270081997,5.165073526945135,-6.2551736036675045
55109,Saint Croix County,WI,407221.14988702885,99439.0,0.25423506075421043,0.8229647778467477,0.33253376929674094,1.5144508965029604,11.95031380647052,11.457543461569093,6.226045327646343,-5.733274982744917
55111,Sauk County,WI,325365.8978587841,77228.0,0.2615526404855052,0.7998702608267156,0.4844401729937531,1.4825961784464146,10.516021135824968,12.324527167093702,6.820634204303721,-8.629140235572454
55113,Sawyer County,WI,323596.8800237658,65658.0,0.3059697847007179,0.7939658713124236,0.47360624831672493,1.4744521387546272,12.375612234310813,14.298261960598047,7.956967679700294,-9.87961740598753
55115,Shawano County,WI,237532.4676666731,67138.0,0.21964253407458892,0.9762921697886262,0.3177749862605008,1.7259383606667518,11.34627900646886,10.766349765480433,5.191975461125682,-4.612046220137254
55117,Sheboygan County,WI,291121.9195465514,75423.0,0.23962546476401428,0.9728616880889347,0.2961505413301255,1.72120663030638,12.548834911418554,11.62060623827996,5.620024012011793,-4.691795338873198
55119,Taylor County,WI,217832.71630411342,71308.0,0.1896473227009235,0.5222518525379829,0.4567220281505995,1.0996716896738663,5.807273705647381,6.825150606742403,5.239338100261896,-6.257215001356917
55121,Trempealeau County,WI,249587.7761605259,79544.0,0.19479497518880837,0.728205289567901,0.4814042275817114,1.3837472849190084,7.373763761697766,8.69282628292854,5.155555390718451,-6.474617911949224
55123,Vernon County,WI,249884.27658412477,70437.0,0.22024189961508553,0.6944403626113753,0.43115183777962907,1.3371746621849168,8.537838064490266,9.374244080184877,5.764569955590225,-6.600975971284837
55125,Vilas County,WI,390166.5231492719,68564.0,0.3532772915496498,0.6275599900081448,0.5947712418300655,1.2449252589631596,10.231282727380698,15.056995511461164,9.988774950582135,-14.814487734662602
55127,Walworth County,WI,386414.1518520294,83061.0,0.2888136617645075,0.9010687376677005,0.4185367353212419,1.6221812126225057,13.257244284971922,14.146403690908489,7.197128128909403,-8.08628753484597
55129,Washburn County,WI,291572.19752767606,68153.0,0.26559689727081115,1.0522566743095543,0.5130652931643096,1.8307176843356747,12.36309748277532,14.598463806092788,6.664782970528853,-8.900149293846322
55131,Washington County,WI,390107.0638358803,90279.0,0.26826186485571646,0.7527618433810854,0.2755234677442142,1.4176186188586128,12.672824931554583,11.233093746118936,6.518481164100684,-5.078749978665035
55133,Waukesha County,WI,465036.1080901124,103789.0,0.2781616235810404,0.706209999863523,0.3189772395125112,1.353408752552332,12.226484193979825,11.42975152507631,6.949848473355232,-6.153115804451718
55135,Waupaca County,WI,257829.01310431142,76754.0,0.2085415673564178,0.8342221026872934,0.3993691771955734,1.5299783443623594,9.319408140938853,9.727222561073317,5.228788955355299,-5.636603375489762
55137,Waushara County,WI,249692.9022158225,72502.0,0.21380510723232404,0.8016504385342407,0.45259656996313513,1.4850516123017572,8.882880337253855,9.96337868924611,5.5075173958270955,-6.58801574781935
55139,Winnebago County,WI,275126.37977627176,72564.0,0.23538180222890073,0.8525558048664053,0.3762731152204837,1.555266377593005,10.86045515044838,11.007247566309541,5.827827902083698,-5.974620317944857
55141,Wood County,WI,206895.09621130765,68299.0,0.1880605565540373,0.7687739458529035,0.33853993140617344,1.4397044243028176,8.48814329018012,8.179801715612975,4.669601044951121,-4.361259470383975
56001,Albany County,WY,354873.73612659617,65303.0,0.33736699324443753,0.5957279061327323,0.4689686199527612,1.2010186444137392,11.220691668547842,13.274835746085454,9.179980665731074,-11.234124743268685
56003,Big Horn County,WY,260036.3231402241,66663.0,0.24216480615292632,0.7700926638627292,0.3317684193703052,1.4415233577909117,11.007209440872924,10.514173332599526,5.995298867874633,-5.502262759601237
56005,Campbell County,WY,330975.71496097435,90961.0,0.22589299710529426,0.3111314383059258,0.09536138339635358,0.808469181931009,8.90731561696565,4.832097104336764,5.724434405736707,-1.6492158931078218
56007,Carbon County,WY,199208.01544755007,75927.0,0.16288175244422165,0.2751613290609418,0.26105731701240686,0.7588549082283698,4.609939321341713,3.4061306970598717,4.49660995474024,-3.2928013304583974
56009,Converse County,WY,291497.1759452133,86030.0,0.2103518294890005,0.4447354815020381,0.2236334931087942,0.9927518462333287,8.118695410023957,6.176231071976542,5.408498378663599,-3.4660340406161825
56011,Crook County,WY,390202.8611423341,84552.0,0.28650250890785045,0.725754406546776,0.30378868483138266,1.3803667341346038,12.95776435359354,11.886545153693586,7.083476149418204,-6.01225694951825
56013,Fremont County,WY,313752.7495503178,67636.0,0.28798607563948087,0.5257389821668756,0.29056632575179364,1.10448155562857,11.13795710532654,9.736315522706272,7.441551360299161,-6.0399097776788935
56015,Goshen County,WY,240592.656280641,60570.0,0.24659635801171562,0.6672082375054256,0.2580484360071449,1.299612860542641,11.169097117695436,9.551550402792431,6.066092537082159,-4.4485458221791525
56017,Hot Springs County,WY,225870.76292503797,60622.0,0.23130851656774154,0.5993549679253865,0.3172682036461616,1.2060215215329468,9.318866998731611,8.59931128347695,5.926176585025329,-5.20662086977067
56019,Johnson County,WY,393313.5557831752,76127.0,0.3207466020297866,0.6747739130935313,0.33920309613862254,1.310048344539009,13.480034530763458,12.936011620925116,8.137910613120493,-7.593887703282151
56021,Laramie County,WY,370484.4099166517,82615.0,0.2784023488831609,0.5456651299924156,0.39677413900958625,1.1319660802187608,9.600488732522555,10.069344180242387,7.466182928934042,-7.935038376653874
56025,Natrona County,WY,295212.28512868163,74774.0,0.245101335528463,0.3641873511141891,0.31869565984163106,0.881650237948503,7.332973798908163,6.495078612924582,6.723597246700575,-5.885702060716995
56029,Park County,WY,438143.2834559925,73582.0,0.36966338442004393,0.8561208157972906,0.32515713076521324,1.5601836667475415,17.832474094320915,16.969770665045164,8.965992294607798,-8.103288865332047
56031,Platte County,WY,261782.02256739675,69034.0,0.23541744687391214,0.5988771910123172,0.3310838169793495,1.2053625145120792,9.332726818154919,8.797449108528882,6.065735460963824,-5.530457751337787
56033,Sheridan County,WY,415114.62006948696,75757.0,0.34017870685676244,0.6395597828516295,0.32623157452470153,1.261476807429604,14.068263396658548,13.21274760641145,8.659592631702209,-7.804076841455111
56035,Sublette County,WY,434278.6516966312,88948.0,0.3031057382058539,0.46418167795812226,0.14651783297456844,1.0195743645325197,13.103179023297312,8.862808913366777,7.495858055801065,-3.255487945870531
56037,Sweetwater County,WY,275569.48740896897,76906.0,0.22245018414816403,0.2742635339455213,0.07011563026145518,0.7576165619035926,8.701255561690392,4.266597600213478,5.642837143740882,-1.2081791822639696
56039,Teton County,WY,2221390.3508529365,151604.0,0.9096536904826884,1.607833544962114,0.8201945011405931,2.5970357051033135,44.93450416111364,67.15522850974514,23.346512683128303,-45.567237031759795
56041,Uinta County,WY,309394.94702212134,79267.0,0.24231631705696596,0.7065510663470771,0.2588457629272012,1.3538791922096203,11.27264595889871,9.713341398946625,5.908730561443699,-4.349426001491614
56043,Washakie County,WY,238988.20523434106,68635.0,0.2161686421563867,0.5869405669489987,0.22370203965197555,1.1888980959769704,9.531970505796842,7.626103686187694,5.346364663144432,-3.4404978435352853
56045,Weston County,WY,241468.8906546853,70640.0,0.212213183845773,0.3740175293828585,0.15829862591414412,0.8952091946879939,8.251444666236074,5.355690379418542,5.419757534111281,-2.524003247293749
