county_fips,county,state,year,home_value,months_available,housing_eligible,median_household_income,income_lower,income_upper,census_county,census_state,avg_mortgage_rate,rate_observations,income_eligible,eligible,monthly_payment,price_to_income_ratio,payment_to_income_ratio,burden_income_lower_bound,burden_income_upper_bound,home_value_yoy_growth,income_yoy_growth,balanced_panel
01001,Autauga County,AL,2025,257593.22829477207,12,True,,,,,,6.595094339622642,53,False,False,1315.4458405186942,,,,,0.03421771225878345,,False
01003,Baldwin County,AL,2025,378484.4332028872,12,True,,,,,,6.595094339622642,53,False,False,1932.7983761594796,,,,,-0.0021243678717123293,,False
01005,Barbour County,AL,2025,151917.34205607852,12,True,,,,,,6.595094339622642,53,False,False,775.7930479509424,,,,,-0.023995181497710183,,False
01007,Bibb County,AL,2025,221308.79175355335,12,True,,,,,,6.595094339622642,53,False,False,1130.1528829371719,,,,,0.00408956846917552,,False
01009,Blount County,AL,2025,234981.3261411517,12,True,,,,,,6.595094339622642,53,False,False,1199.9741224494683,,,,,0.020537711227570865,,False
01011,Bullock County,AL,2025,122464.07519429747,12,True,,,,,,6.595094339622642,53,False,False,625.3846787577867,,,,,-0.01840784858246769,,False
01013,Butler County,AL,2025,119287.72341354885,12,True,,,,,,6.595094339622642,53,False,False,609.1640709193363,,,,,-0.036457543390870706,,False
01015,Calhoun County,AL,2025,164745.69095017543,12,True,,,,,,6.595094339622642,53,False,False,841.3033034229993,,,,,0.024286588487303584,,False
01017,Chambers County,AL,2025,141252.9270117272,12,True,,,,,,6.595094339622642,53,False,False,721.3333072794848,,,,,0.022617163326069667,,False
01019,Cherokee County,AL,2025,228104.72972957444,12,True,,,,,,6.595094339622642,53,False,False,1164.8575543377335,,,,,0.041420847401251626,,False
01021,Chilton County,AL,2025,214607.7275139892,12,True,,,,,,6.595094339622642,53,False,False,1095.9327012214626,,,,,0.012836092713484293,,False
01023,Choctaw County,AL,2025,140512.55834822895,12,True,,,,,,6.595094339622642,53,False,False,717.5524824290167,,,,,-0.06328447920236746,,False
01025,Clarke County,AL,2025,143992.1232555177,12,True,,,,,,6.595094339622642,53,False,False,735.3215022685832,,,,,-0.06511496084720081,,False
01027,Clay County,AL,2025,172482.18519765313,12,True,,,,,,6.595094339622642,53,False,False,880.8110934585183,,,,,0.020731915766690312,,False
01029,Cleburne County,AL,2025,224140.33614867178,12,True,,,,,,6.595094339622642,53,False,False,1144.612670259454,,,,,0.034133287959262404,,False
01031,Coffee County,AL,2025,186094.09087361416,12,True,,,,,,6.595094339622642,53,False,False,950.322721623237,,,,,0.017896383259139892,,False
01033,Colbert County,AL,2025,195516.6164065256,12,True,,,,,,6.595094339622642,53,False,False,998.4405316351748,,,,,0.022937010376963496,,False
01035,Conecuh County,AL,2025,134646.12842897896,12,True,,,,,,6.595094339622642,53,False,False,687.5945099813052,,,,,-0.021299156117627782,,False
01037,Coosa County,AL,2025,184324.8812416772,12,True,,,,,,6.595094339622642,53,False,False,941.2879365602001,,,,,-0.03610079992901627,,False
01039,Covington County,AL,2025,159117.55270696385,12,True,,,,,,6.595094339622642,53,False,False,812.5622099908973,,,,,0.03854829375463664,,False
01041,Crenshaw County,AL,2025,139860.66086800542,12,True,,,,,,6.595094339622642,53,False,False,714.2234514817304,,,,,0.028133287581761035,,False
01043,Cullman County,AL,2025,247668.2367345144,12,True,,,,,,6.595094339622642,53,False,False,1264.762097970214,,,,,0.0324178881402275,,False
01045,Dale County,AL,2025,161049.6904446739,12,True,,,,,,6.595094339622642,53,False,False,822.4290165339303,,,,,-0.0011173524138189395,,False
01047,Dallas County,AL,2025,87654.45866964274,12,True,,,,,,6.595094339622642,53,False,False,447.6231530743213,,,,,-0.04432450984038616,,False
01049,De Kalb County,AL,2025,212538.5401625389,12,True,,,,,,6.595094339622642,53,False,False,1085.3660263413124,,,,,0.04877056691231174,,False
01051,Elmore County,AL,2025,263140.17024475796,12,True,,,,,,6.595094339622642,53,False,False,1343.7722905733428,,,,,0.035905869069272844,,False
01053,Escambia County,AL,2025,141173.39840653513,12,True,,,,,,6.595094339622642,53,False,False,720.9271802489151,,,,,-0.039699832745081265,,False
01055,Etowah County,AL,2025,178110.22160772534,12,True,,,,,,6.595094339622642,53,False,False,909.5516668615013,,,,,0.036564167456583974,,False
01057,Fayette County,AL,2025,149622.02584281136,12,True,,,,,,6.595094339622642,53,False,False,764.0716056389488,,,,,0.029915325508979684,,False
01059,Franklin County,AL,2025,187803.80970013878,12,True,,,,,,6.595094339622642,53,False,False,959.0537062601262,,,,,-0.0027515891181045804,,False
01061,Geneva County,AL,2025,164603.7029664821,12,True,,,,,,6.595094339622642,53,False,False,840.5782164174539,,,,,-0.0066268374602885816,,False
01063,Greene County,AL,2025,128273.60012412259,12,True,,,,,,6.595094339622642,53,False,False,655.0520557106582,,,,,-0.05873205514532942,,False
01065,Hale County,AL,2025,173102.7443455387,12,True,,,,,,6.595094339622642,53,False,False,883.9800896129814,,,,,-0.02428935250163422,,False
01067,Henry County,AL,2025,194920.08355508276,12,True,,,,,,6.595094339622642,53,False,False,995.3942300559064,,,,,0.025957173211597073,,False
01069,Houston County,AL,2025,200120.30309889067,12,True,,,,,,6.595094339622642,53,False,False,1021.9500801998327,,,,,0.045657429006414896,,False
01071,Jackson County,AL,2025,196018.83721906433,12,True,,,,,,6.595094339622642,53,False,False,1001.005211938494,,,,,0.011684713936717994,,False
01073,Jefferson County,AL,2025,214994.34910843198,12,True,,,,,,6.595094339622642,53,False,False,1097.9070534652353,,,,,-0.007549498836136093,,False
01075,Lamar County,AL,2025,137986.29311257153,12,True,,,,,,6.595094339622642,53,False,False,704.6516576740672,,,,,-0.029512283262752903,,False
01077,Lauderdale County,AL,2025,227856.7005867353,12,True,,,,,,6.595094339622642,53,False,False,1163.5909492082624,,,,,0.003427663534104619,,False
01079,Lawrence County,AL,2025,222533.54192258776,12,True,,,,,,6.595094339622642,53,False,False,1136.4072884826746,,,,,0.026399909525320675,,False
01081,Lee County,AL,2025,337850.429172174,12,True,,,,,,6.595094339622642,53,False,False,1725.2935751223388,,,,,0.03198383392941451,,False
01083,Limestone County,AL,2025,320486.4769234933,12,True,,,,,,6.595094339622642,53,False,False,1636.6214508134099,,,,,0.008382933533189751,,False
01085,Lowndes County,AL,2025,147106.2157322515,12,True,,,,,,6.595094339622642,53,False,False,751.224171848167,,,,,0.0035518698417791317,,False
01087,Macon County,AL,2025,128812.45972519655,12,True,,,,,,6.595094339622642,53,False,False,657.8038385333228,,,,,0.03829063024706425,,False
01089,Madison County,AL,2025,312591.8918209981,12,True,,,,,,6.595094339622642,53,False,False,1596.306341583076,,,,,-0.0036630262988398554,,False
01091,Marengo County,AL,2025,145141.0274346945,12,True,,,,,,6.595094339622642,53,False,False,741.1885867166386,,,,,-0.0774717914605435,,False
01093,Marion County,AL,2025,166312.91283508486,12,True,,,,,,6.595094339622642,53,False,False,849.3066019697873,,,,,-0.004055072618006417,,False
01095,Marshall County,AL,2025,239002.92391334593,12,True,,,,,,6.595094339622642,53,False,False,1220.511129950374,,,,,0.010908918147563673,,False
01097,Mobile County,AL,2025,198634.87962243275,12,True,,,,,,6.595094339622642,53,False,False,1014.3644998394694,,,,,0.000817138853385746,,False
01099,Monroe County,AL,2025,139856.9385398177,12,True,,,,,,6.595094339622642,53,False,False,714.2044427478286,,,,,0.014321400897078451,,False
01101,Montgomery County,AL,2025,162845.90876634762,12,True,,,,,,6.595094339622642,53,False,False,831.6017262963366,,,,,0.0003320200407748164,,False
01103,Morgan County,AL,2025,233009.65483719666,12,True,,,,,,6.595094339622642,53,False,False,1189.9054306875496,,,,,0.016479775915258843,,False
01105,Perry County,AL,2025,142597.9820846513,12,True,,,,,,6.595094339622642,53,False,False,728.2020713097326,,,,,-0.032498831371744474,,False
01107,Pickens County,AL,2025,136964.54003608527,12,True,,,,,,6.595094339622642,53,False,False,699.4338930480383,,,,,0.019641260361065616,,False
01109,Pike County,AL,2025,176136.70295545994,12,True,,,,,,6.595094339622642,53,False,False,899.4735412853979,,,,,-0.008840569644996799,,False
01111,Randolph County,AL,2025,201644.79958980143,12,True,,,,,,6.595094339622642,53,False,False,1029.7351938890754,,,,,0.047904475588043116,,False
01113,Russell County,AL,2025,191229.9818149315,12,True,,,,,,6.595094339622642,53,False,False,976.5500662659404,,,,,0.04132029759028377,,False
01115,Saint Clair County,AL,2025,273507.0519050974,12,True,,,,,,6.595094339622642,53,False,False,1396.7126238636176,,,,,-0.0016881089930409487,,False
01117,Shelby County,AL,2025,356366.692518861,12,True,,,,,,6.595094339622642,53,False,False,1819.8501819189871,,,,,0.008234786373182423,,False
01119,Sumter County,AL,2025,109537.15713441394,12,True,,,,,,6.595094339622642,53,False,False,559.3710622307992,,,,,-0.09188094803024249,,False
01121,Talladega County,AL,2025,183536.62876327639,12,True,,,,,,6.595094339622642,53,False,False,937.2625844542653,,,,,0.03216402055500733,,False
01123,Tallapoosa County,AL,2025,271167.495900662,12,True,,,,,,6.595094339622642,53,False,False,1384.7652631543783,,,,,0.014244272517305534,,False
01125,Tuscaloosa County,AL,2025,231477.86857064065,12,True,,,,,,6.595094339622642,53,False,False,1182.0830904566217,,,,,0.007054727827563445,,False
01127,Walker County,AL,2025,162065.2239628609,12,True,,,,,,6.595094339622642,53,False,False,827.6150198743509,,,,,-0.02269058155793835,,False
01129,Washington County,AL,2025,172711.0202147785,12,True,,,,,,6.595094339622642,53,False,False,881.9796803559118,,,,,0.037402353023202384,,False
01131,Wilcox County,AL,2025,141140.58255287365,12,True,,,,,,6.595094339622642,53,False,False,720.7596002294875,,,,,0.01701523502057367,,False
01133,Winston County,AL,2025,197234.13955705435,12,True,,,,,,6.595094339622642,53,False,False,1007.21137044687,,,,,0.04411449356617081,,False
02020,Anchorage Borough,AK,2025,418164.9813057597,12,True,,,,,,6.595094339622642,53,False,False,2135.4341841617543,,,,,0.034250986946015916,,False
02090,Fairbanks North Star Borough,AK,2025,305471.5601895265,12,True,,,,,,6.595094339622642,53,False,False,1559.9450960265167,,,,,-0.006924926747381321,,False
02100,Haines Borough,AK,2025,323950.6283361697,12,True,,,,,,6.595094339622642,53,False,False,1654.311758889046,,,,,0.05786056957282715,,False
02110,Juneau Borough,AK,2025,459493.1884333125,12,True,,,,,,6.595094339622642,53,False,False,2346.4840573355273,,,,,0.030639778306130072,,False
02122,Kenai Peninsula Borough,AK,2025,330981.51546226896,12,True,,,,,,6.595094339622642,53,False,False,1690.216240099243,,,,,0.023248730289666897,,False
02130,Ketchikan Gateway Borough,AK,2025,380895.516067144,12,True,,,,,,6.595094339622642,53,False,False,1945.1110015570036,,,,,0.049392304899142925,,False
02150,Kodiak Island Borough,AK,2025,392189.4314903202,12,True,,,,,,6.595094339622642,53,False,False,2002.785398376109,,,,,0.07996030969149137,,False
02170,Matanuska Susitna Borough,AK,2025,385245.49192340486,12,True,,,,,,6.595094339622642,53,False,False,1967.324930410471,,,,,0.03906163438600019,,False
02185,North Slope Borough,AK,2025,294406.8889058432,12,True,,,,,,6.595094339622642,53,False,False,1503.4413753612662,,,,,0.16301783570882677,,False
02195,Petersburg Borough,AK,2025,333488.25228552637,12,True,,,,,,6.595094339622642,53,False,False,1703.0173395274298,,,,,0.061383604345402354,,False
02220,Sitka Borough,AK,2025,505326.62987287575,12,True,,,,,,6.595094339622642,53,False,False,2580.5407144047003,,,,,0.11640886258500704,,False
02240,Southeast Fairbanks Borough,AK,2025,309107.83031165315,12,True,,,,,,6.595094339622642,53,False,False,1578.51435904177,,,,,0.019549149444348046,,False
02275,Wrangell Borough,AK,2025,285438.6578191946,12,True,,,,,,6.595094339622642,53,False,False,1457.6435011009912,,,,,0.0866857992122061,,False
04001,Apache County,AZ,2025,318056.4939910523,12,True,,,,,,6.595094339622642,53,False,False,1624.2123088411176,,,,,-0.008003344372708776,,False
04003,Cochise County,AZ,2025,263521.3311569021,12,True,,,,,,6.595094339622642,53,False,False,1345.7187568673812,,,,,0.009275990203257534,,False
04005,Coconino County,AZ,2025,632356.0733156583,12,True,,,,,,6.595094339622642,53,False,False,3229.2392617477026,,,,,0.02226407239478334,,False
04007,Gila County,AZ,2025,393336.79545982165,12,True,,,,,,6.595094339622642,53,False,False,2008.644617468292,,,,,-0.012078685126249322,,False
04009,Graham County,AZ,2025,297289.57830069715,12,True,,,,,,6.595094339622642,53,False,False,1518.162343761991,,,,,0.04688042038322915,,False
04011,Greenlee County,AZ,2025,187229.04257500533,12,True,,,,,,6.595094339622642,53,False,False,956.118555250805,,,,,-0.11155257241303773,,False
04012,La Paz County,AZ,2025,273340.3732957788,12,True,,,,,,6.595094339622642,53,False,False,1395.8614497672215,,,,,0.007827350182119774,,False
04013,Maricopa County,AZ,2025,468540.0827449437,12,True,,,,,,6.595094339622642,53,False,False,2392.683639407728,,,,,-0.025594039165436122,,False
04015,Mohave County,AZ,2025,346221.4466579252,12,True,,,,,,6.595094339622642,53,False,False,1768.0416714346363,,,,,-0.0059002469279548775,,False
04017,Navajo County,AZ,2025,395970.1135373244,12,True,,,,,,6.595094339622642,53,False,False,2022.092126685614,,,,,0.0024481639047964077,,False
04019,Pima County,AZ,2025,348334.06994267553,12,True,,,,,,6.595094339622642,53,False,False,1778.8301596682154,,,,,-0.020670233173064156,,False
04021,Pinal County,AZ,2025,373383.09708083706,12,True,,,,,,6.595094339622642,53,False,False,1906.7474918747441,,,,,-0.025611602991354565,,False
04023,Santa Cruz County,AZ,2025,279873.149841724,12,True,,,,,,6.595094339622642,53,False,False,1429.2222403100843,,,,,0.0023519579811701607,,False
04025,Yavapai County,AZ,2025,504796.48291611875,12,True,,,,,,6.595094339622642,53,False,False,2577.833424256795,,,,,-0.0008950830829099754,,False
04027,Yuma County,AZ,2025,277526.4474943474,12,True,,,,,,6.595094339622642,53,False,False,1417.238385523888,,,,,0.02246226407478802,,False
05001,Arkansas County,AR,2025,117752.67466586806,12,True,,,,,,6.595094339622642,53,False,False,601.3250702456872,,,,,0.009295233759809118,,False
05003,Ashley County,AR,2025,83972.54562443966,12,True,,,,,,6.595094339622642,53,False,False,428.8208063180567,,,,,-0.09836370531610461,,False
05005,Baxter County,AR,2025,232633.3864748848,12,True,,,,,,6.595094339622642,53,False,False,1187.9839490733063,,,,,0.022044400080204918,,False
05007,Benton County,AR,2025,378708.775930498,12,True,,,,,,6.595094339622642,53,False,False,1933.9440223778984,,,,,0.03810342467392447,,False
05009,Boone County,AR,2025,224658.61818217245,12,True,,,,,,6.595094339622642,53,False,False,1147.2593700570274,,,,,0.023132532129609196,,False
05011,Bradley County,AR,2025,109271.34578214126,12,True,,,,,,6.595094339622642,53,False,False,558.0136490719813,,,,,-0.1211051834766178,,False
05013,Calhoun County,AR,2025,129456.1711123192,12,True,,,,,,6.595094339622642,53,False,False,661.0910657337057,,,,,-0.019677725042152705,,False
05015,Carroll County,AR,2025,262947.35550424416,12,True,,,,,,6.595094339622642,53,False,False,1342.787647653657,,,,,0.022713464882540668,,False
05017,Chicot County,AR,2025,102826.54566891433,12,True,,,,,,6.595094339622642,53,False,False,525.1021259001943,,,,,-0.10212622778016289,,False
05019,Clark County,AR,2025,158940.59414174195,12,True,,,,,,6.595094339622642,53,False,False,811.6585394631187,,,,,0.012531854381076402,,False
05021,Clay County,AR,2025,118081.188187301,12,True,,,,,,6.595094339622642,53,False,False,603.0026832333572,,,,,0.006020263583965457,,False
05023,Cleburne County,AR,2025,250912.6285474683,12,True,,,,,,6.595094339622642,53,False,False,1281.33016438879,,,,,0.028474824826043132,,False
05025,Cleveland County,AR,2025,148320.79900135577,12,True,,,,,,6.595094339622642,53,False,False,757.4266583028127,,,,,-0.024822004391455543,,False
05027,Columbia County,AR,2025,139776.7224223442,12,True,,,,,,6.595094339622642,53,False,False,713.7948048129666,,,,,-0.06424390731093688,,False
05029,Conway County,AR,2025,159543.41939813085,12,True,,,,,,6.595094339622642,53,False,False,814.7369743324117,,,,,-0.03197360506437619,,False
05031,Craighead County,AR,2025,211328.64722009134,12,True,,,,,,6.595094339622642,53,False,False,1079.1874918776878,,,,,0.003199028426710715,,False
05033,Crawford County,AR,2025,208324.58241176177,12,True,,,,,,6.595094339622642,53,False,False,1063.8466982437662,,,,,0.046219804951134424,,False
05035,Crittenden County,AR,2025,158762.71479235432,12,True,,,,,,6.595094339622642,53,False,False,810.7501667864955,,,,,-0.00419489551064145,,False
05037,Cross County,AR,2025,144549.82741358387,12,True,,,,,,6.595094339622642,53,False,False,738.1695181881965,,,,,-0.03876053794782364,,False
05039,Dallas County,AR,2025,120682.35655500954,12,True,,,,,,6.595094339622642,53,False,False,616.2860142139194,,,,,-0.11435659419562727,,False
05041,Desha County,AR,2025,100746.08023648041,12,True,,,,,,6.595094339622642,53,False,False,514.4778574846194,,,,,-0.09633185557468338,,False
05043,Drew County,AR,2025,157138.88809958342,12,True,,,,,,6.595094339622642,53,False,False,802.45780567565,,,,,0.008307018683231027,,False
05045,Faulkner County,AR,2025,251611.77870218272,12,True,,,,,,6.595094339622642,53,False,False,1284.9004995602745,,,,,0.030982242225559897,,False
05047,Franklin County,AR,2025,172260.56361967733,12,True,,,,,,6.595094339622642,53,False,False,879.6793432768565,,,,,-0.007736087704020678,,False
05049,Fulton County,AR,2025,178433.49463471494,12,True,,,,,,6.595094339622642,53,False,False,911.2025183280574,,,,,0.03291291677042385,,False
05051,Garland County,AR,2025,245958.8442369489,12,True,,,,,,6.595094339622642,53,False,False,1256.0327797904552,,,,,0.007296768724301517,,False
05053,Grant County,AR,2025,196711.9487281236,12,True,,,,,,6.595094339622642,53,False,False,1004.5447096871084,,,,,0.02806771945673736,,False
05055,Greene County,AR,2025,191032.2219264738,12,True,,,,,,6.595094339622642,53,False,False,975.540170064805,,,,,0.00816151427987255,,False
05057,Hempstead County,AR,2025,118940.75346282126,12,True,,,,,,6.595094339622642,53,False,False,607.3922068781461,,,,,-0.022243609835002842,,False
05059,Hot Spring County,AR,2025,168901.54207839153,12,True,,,,,,6.595094339622642,53,False,False,862.5258996714184,,,,,-0.022989484324142606,,False
05061,Howard County,AR,2025,156911.76306552684,12,True,,,,,,6.595094339622642,53,False,False,801.2979511122937,,,,,0.05497059417501027,,False
05063,Independence County,AR,2025,165865.69321076354,12,True,,,,,,6.595094339622642,53,False,False,847.0227950603191,,,,,0.027580768901073194,,False
05065,Izard County,AR,2025,168763.96557289994,12,True,,,,,,6.595094339622642,53,False,False,861.8233406674414,,,,,0.0036850163428368,,False
05067,Jackson County,AR,2025,103999.31830576138,12,True,,,,,,6.595094339622642,53,False,False,531.0910988915543,,,,,-0.018440351310388126,,False
05069,Jefferson County,AR,2025,86600.14278762677,12,True,,,,,,6.595094339622642,53,False,False,442.2391006643579,,,,,-0.03602277697020806,,False
05071,Johnson County,AR,2025,176101.59843718927,12,True,,,,,,6.595094339622642,53,False,False,899.2942737912628,,,,,-0.00808654486080429,,False
05073,Lafayette County,AR,2025,96797.8925652321,12,True,,,,,,6.595094339622642,53,False,False,494.31573177925134,,,,,-0.06876617484771186,,False
05075,Lawrence County,AR,2025,134939.54809041217,12,True,,,,,,6.595094339622642,53,False,False,689.0929099032046,,,,,0.03218964239654065,,False
05077,Lee County,AR,2025,105774.54277737392,12,True,,,,,,6.595094339622642,53,False,False,540.1565998079737,,,,,-0.051235549554343174,,False
05079,Lincoln County,AR,2025,122872.51629453927,12,True,,,,,,6.595094339622642,53,False,False,627.4704562060786,,,,,-0.0031404158623259404,,False
05081,Little River County,AR,2025,146153.56233676535,12,True,,,,,,6.595094339622642,53,False,False,746.3592770881453,,,,,-0.043262449447625695,,False
05083,Logan County,AR,2025,164412.37874558155,12,True,,,,,,6.595094339622642,53,False,False,839.601185102461,,,,,0.02770877756186918,,False
05085,Lonoke County,AR,2025,223070.38413934375,12,True,,,,,,6.595094339622642,53,False,False,1139.1487691719046,,,,,0.020340772642727156,,False
05087,Madison County,AR,2025,266200.1996936914,12,True,,,,,,6.595094339622642,53,False,False,1359.398877642852,,,,,0.03110607097687801,,False
05089,Marion County,AR,2025,221099.81736414798,12,True,,,,,,6.595094339622642,53,False,False,1129.085717883424,,,,,-0.007495377308333939,,False
05091,Miller County,AR,2025,167546.70318443718,12,True,,,,,,6.595094339622642,53,False,False,855.6071728111542,,,,,-0.028366884783195156,,False
05093,Mississippi County,AR,2025,108287.52467948724,12,True,,,,,,6.595094339622642,53,False,False,552.9895908470507,,,,,0.022176064399968,,False
05095,Monroe County,AR,2025,91822.12759620174,12,True,,,,,,6.595094339622642,53,False,False,468.90609902128307,,,,,-0.06319098544450852,,False
05097,Montgomery County,AR,2025,200215.99698763792,12,True,,,,,,6.595094339622642,53,False,False,1022.4387581388798,,,,,0.08327735930692381,,False
05101,Newton County,AR,2025,241741.13682234858,12,True,,,,,,6.595094339622642,53,False,False,1234.4943033647007,,,,,0.02883752050099475,,False
05103,Ouachita County,AR,2025,98498.07617562398,12,True,,,,,,6.595094339622642,53,False,False,502.9980231314478,,,,,-0.09289885825967181,,False
05105,Perry County,AR,2025,172708.71607452558,12,True,,,,,,6.595094339622642,53,False,False,881.9679138520648,,,,,0.0474204416628472,,False
05107,Phillips County,AR,2025,49964.53457681719,12,True,,,,,,6.595094339622642,53,False,False,255.1528222136132,,,,,-0.04027431197827169,,False
05109,Pike County,AR,2025,182671.64061070813,12,True,,,,,,6.595094339622642,53,False,False,932.8453679190085,,,,,0.019439602571621695,,False
05111,Poinsett County,AR,2025,127458.5910017368,12,True,,,,,,6.595094339622642,53,False,False,650.8900660220149,,,,,-0.05903973867860024,,False
05113,Polk County,AR,2025,187078.10719185424,12,True,,,,,,6.595094339622642,53,False,False,955.347776751434,,,,,0.04712007366029325,,False
05115,Pope County,AR,2025,207380.56102588575,12,True,,,,,,6.595094339622642,53,False,False,1059.0258843829677,,,,,0.03208046306177548,,False
05117,Prairie County,AR,2025,142860.12447254828,12,True,,,,,,6.595094339622642,53,False,False,729.5407482464885,,,,,0.036080792656573824,,False
05119,Pulaski County,AR,2025,205004.52772604904,12,True,,,,,,6.595094339622642,53,False,False,1046.8922458479226,,,,,0.010995872424055309,,False
05121,Randolph County,AR,2025,145396.4753694325,12,True,,,,,,6.595094339622642,53,False,False,742.4930772323431,,,,,-0.05308136957536125,,False
05123,Saint Francis County,AR,2025,85483.08343958185,12,True,,,,,,6.595094339622642,53,False,False,436.53463753570503,,,,,-0.03067807826191049,,False
05125,Saline County,AR,2025,249385.66954806788,12,True,,,,,,6.595094339622642,53,False,False,1273.5324754600058,,,,,0.014643330901276785,,False
05127,Scott County,AR,2025,147337.16740607732,12,True,,,,,,6.595094339622642,53,False,False,752.4035678311519,,,,,0.039520659731675734,,False
05129,Searcy County,AR,2025,171447.7874689234,12,True,,,,,,6.595094339622642,53,False,False,875.5287566567821,,,,,-0.0377423020510218,,False
05131,Sebastian County,AR,2025,197785.4866667949,12,True,,,,,,6.595094339622642,53,False,False,1010.0269229634921,,,,,0.021517688091993392,,False
05133,Sevier County,AR,2025,172489.5167687446,12,True,,,,,,6.595094339622642,53,False,False,880.8485334361162,,,,,0.0350802208583727,,False
05135,Sharp County,AR,2025,148203.03383907917,12,True,,,,,,6.595094339622642,53,False,False,756.8252694623519,,,,,-0.04385583894308098,,False
05137,Stone County,AR,2025,186391.97865673483,12,True,,,,,,6.595094339622642,53,False,False,951.8439388067844,,,,,-0.007296953866036238,,False
05139,Union County,AR,2025,126852.1990945582,12,True,,,,,,6.595094339622642,53,False,False,647.7934174132654,,,,,-0.03240503268763406,,False
05141,Van Buren County,AR,2025,168695.79782977424,12,True,,,,,,6.595094339622642,53,False,False,861.4752299086847,,,,,-0.004643859007046003,,False
05143,Washington County,AR,2025,341726.0836308391,12,True,,,,,,6.595094339622642,53,False,False,1745.0852970192534,,,,,0.030463914022647698,,False
05145,White County,AR,2025,200550.49623616235,12,True,,,,,,6.595094339622642,53,False,False,1024.1469383113204,,,,,0.04060527613920928,,False
05147,Woodruff County,AR,2025,83367.63070715727,12,True,,,,,,6.595094339622642,53,False,False,425.7317002220834,,,,,-0.09537867896182706,,False
05149,Yell County,AR,2025,161743.1575578949,12,True,,,,,,6.595094339622642,53,False,False,825.970330238727,,,,,-0.021767083009515686,,False
06001,Alameda County,CA,2025,1096909.4753673475,12,True,,,,,,6.595094339622642,53,False,False,5601.56420395623,,,,,-0.02581240410007246,,False
06003,Alpine County,CA,2025,523794.2038763182,12,True,,,,,,6.595094339622642,53,False,False,2674.8486803714927,,,,,0.01875018360028924,,False
06005,Amador County,CA,2025,429335.082169665,12,True,,,,,,6.595094339622642,53,False,False,2192.4762998138945,,,,,-0.020110133867716762,,False
06007,Butte County,CA,2025,401238.2519572678,12,True,,,,,,6.595094339622642,53,False,False,2048.99481670455,,,,,0.003673809196618194,,False
06009,Calaveras County,CA,2025,454395.8457047492,12,True,,,,,,6.595094339622642,53,False,False,2320.453566028071,,,,,-0.01081609994094379,,False
06011,Colusa County,CA,2025,377442.0639765903,12,True,,,,,,6.595094339622642,53,False,False,1927.4753314812713,,,,,0.0035956734459732242,,False
06013,Contra Costa County,CA,2025,802835.5144899775,12,True,,,,,,6.595094339622642,53,False,False,4099.822985051507,,,,,-0.031244168431266095,,False
06015,Del Norte County,CA,2025,369449.8655295146,12,True,,,,,,6.595094339622642,53,False,False,1886.661742267758,,,,,0.000952194636484549,,False
06017,El Dorado County,CA,2025,666144.4479212674,12,True,,,,,,6.595094339622642,53,False,False,3401.78563312193,,,,,-0.004837009220146071,,False
06019,Fresno County,CA,2025,407036.4077919075,12,True,,,,,,6.595094339622642,53,False,False,2078.6041353417154,,,,,0.010822488780460437,,False
06021,Glenn County,CA,2025,350698.04933640617,12,True,,,,,,6.595094339622642,53,False,False,1790.9022427782434,,,,,0.021595340010118314,,False
06023,Humboldt County,CA,2025,437011.6789939855,12,True,,,,,,6.595094339622642,53,False,False,2231.6782129571075,,,,,-0.05007804041138331,,False
06025,Imperial County,CA,2025,365684.2917856632,12,True,,,,,,6.595094339622642,53,False,False,1867.4321672074716,,,,,0.061125998483675836,,False
06027,Inyo County,CA,2025,507434.80695455155,12,True,,,,,,6.595094339622642,53,False,False,2591.3064973079445,,,,,0.023009400434851557,,False
06029,Kern County,CA,2025,366198.4343483084,12,True,,,,,,6.595094339622642,53,False,False,1870.0577280575856,,,,,0.02040298582334832,,False
06031,Kings County,CA,2025,358729.3766552634,12,True,,,,,,6.595094339622642,53,False,False,1831.9156505660649,,,,,0.024105818723763717,,False
06033,Lake County,CA,2025,315239.8057898867,12,True,,,,,,6.595094339622642,53,False,False,1609.8283873273836,,,,,-0.024140630304876454,,False
06035,Lassen County,CA,2025,232872.4275638111,12,True,,,,,,6.595094339622642,53,False,False,1189.2046550997136,,,,,-0.00017193638945356415,,False
06037,Los Angeles County,CA,2025,891277.0375507064,12,True,,,,,,6.595094339622642,53,False,False,4551.4654230516335,,,,,0.002722108405338375,,False
06039,Madera County,CA,2025,420237.35218134476,12,True,,,,,,6.595094339622642,53,False,False,2146.01711627665,,,,,0.021515004938383653,,False
06041,Marin County,CA,2025,1453577.2906034905,12,True,,,,,,6.595094339622642,53,False,False,7422.9521228279955,,,,,-0.014848929791683507,,False
06043,Mariposa County,CA,2025,405348.7588464603,12,True,,,,,,6.595094339622642,53,False,False,2069.9858544954354,,,,,-0.020365186744220165,,False
06045,Mendocino County,CA,2025,497667.6226681026,12,True,,,,,,6.595094339622642,53,False,False,2541.4286257961735,,,,,-0.04407741008376742,,False
06047,Merced County,CA,2025,424794.3162000291,12,True,,,,,,6.595094339622642,53,False,False,2169.2880671609337,,,,,-0.0016103194752828953,,False
06049,Modoc County,CA,2025,189515.2556562109,12,True,,,,,,6.595094339622642,53,False,False,967.7935107926093,,,,,0.03445582348333143,,False
06051,Mono County,CA,2025,752488.6947518074,12,True,,,,,,6.595094339622642,53,False,False,3842.7179553644182,,,,,0.006838220979955345,,False
06053,Monterey County,CA,2025,854231.7277740097,12,True,,,,,,6.595094339622642,53,False,False,4362.286930359591,,,,,-0.0020923068356023533,,False
06055,Napa County,CA,2025,908073.8236689278,12,True,,,,,,6.595094339622642,53,False,False,4637.241212188498,,,,,-0.023280236482749794,,False
06057,Nevada County,CA,2025,624564.8742522801,12,True,,,,,,6.595094339622642,53,False,False,3189.4521117965173,,,,,-0.0052022702631395745,,False
06059,Orange County,CA,2025,1170088.2614759356,12,True,,,,,,6.595094339622642,53,False,False,5975.26474895112,,,,,0.034609809197848396,,False
06061,Placer County,CA,2025,694684.7884960618,12,True,,,,,,6.595094339622642,53,False,False,3547.5319811320505,,,,,-0.0010681940413532764,,False
06063,Plumas County,CA,2025,372551.59289313405,12,True,,,,,,6.595094339622642,53,False,False,1902.501267188138,,,,,-0.01029256175693627,,False
06065,Riverside County,CA,2025,616651.389861246,12,True,,,,,,6.595094339622642,53,False,False,3149.040489972813,,,,,-0.006247150155971659,,False
06067,Sacramento County,CA,2025,540373.2448567137,12,True,,,,,,6.595094339622642,53,False,False,2759.5125150608646,,,,,-0.011906163852685947,,False
06069,San Benito County,CA,2025,783663.44876059,12,True,,,,,,6.595094339622642,53,False,False,4001.9174062254447,,,,,-0.00822156286714859,,False
06071,San Bernardino County,CA,2025,555749.3746555805,12,True,,,,,,6.595094339622642,53,False,False,2838.0334688960684,,,,,-0.0008161664917972766,,False
06073,San Diego County,CA,2025,940142.7974783316,12,True,,,,,,6.595094339622642,53,False,False,4801.007156217933,,,,,-0.005687550398228436,,False
06075,San Francisco County,CA,2025,1283486.402792331,12,True,,,,,,6.595094339622642,53,False,False,6554.3526166900365,,,,,0.008381869735877734,,False
06077,San Joaquin County,CA,2025,546774.5557818956,12,True,,,,,,6.595094339622642,53,False,False,2792.2019529243535,,,,,-0.013999048546983084,,False
06079,San Luis Obispo County,CA,2025,894926.9050680292,12,True,,,,,,6.595094339622642,53,False,False,4570.104123594695,,,,,0.015338762598055888,,False
06081,San Mateo County,CA,2025,1567518.9725932584,12,True,,,,,,6.595094339622642,53,False,False,8004.815678121564,,,,,0.014734568147192872,,False
06083,Santa Barbara County,CA,2025,978594.3379977165,12,True,,,,,,6.595094339622642,53,False,False,4997.3668174271925,,,,,0.0026756368069498215,,False
06085,Santa Clara County,CA,2025,1632683.3289980171,12,True,,,,,,6.595094339622642,53,False,False,8337.589106018611,,,,,0.019651875850504874,,False
06087,Santa Cruz County,CA,2025,1123022.2429454748,12,True,,,,,,6.595094339622642,53,False,False,5734.913716761634,,,,,-0.012228830467304386,,False
06089,Shasta County,CA,2025,379426.43859047396,12,True,,,,,,6.595094339622642,53,False,False,1937.6088949648467,,,,,0.0006713721064695033,,False
06091,Sierra County,CA,2025,333816.05432852224,12,True,,,,,,6.595094339622642,53,False,False,1704.691319223352,,,,,0.025537203640743744,,False
06093,Siskiyou County,CA,2025,291304.01391629124,12,True,,,,,,6.595094339622642,53,False,False,1487.5959898840329,,,,,-0.016115729704258563,,False
06095,Solano County,CA,2025,590769.0535691067,12,True,,,,,,6.595094339622642,53,False,False,3016.8677156969316,,,,,-0.015396652219697327,,False
06097,Sonoma County,CA,2025,802595.5981291829,12,True,,,,,,6.595094339622642,53,False,False,4098.597809292934,,,,,-0.017472317232749335,,False
06099,Stanislaus County,CA,2025,470707.3380262843,12,True,,,,,,6.595094339622642,53,False,False,2403.7511156921564,,,,,0.005212981249297588,,False
06101,Sutter County,CA,2025,441446.84161293035,12,True,,,,,,6.595094339622642,53,False,False,2254.327163233233,,,,,-0.0044355267828402045,,False
06103,Tehama County,CA,2025,317285.3220272346,12,True,,,,,,6.595094339622642,53,False,False,1620.2741814344151,,,,,-0.0031915292965387643,,False
06105,Trinity County,CA,2025,263029.1819996555,12,True,,,,,,6.595094339622642,53,False,False,1343.2055092711598,,,,,-0.06355064091222284,,False
06107,Tulare County,CA,2025,361170.3681139305,12,True,,,,,,6.595094339622642,53,False,False,1844.3810095442554,,,,,0.023585680662166153,,False
06109,Tuolumne County,CA,2025,403416.5769404485,12,True,,,,,,6.595094339622642,53,False,False,2060.1188223990785,,,,,-0.008769953608140924,,False
06111,Ventura County,CA,2025,884448.5680928667,12,True,,,,,,6.595094339622642,53,False,False,4516.5946238272645,,,,,0.000979842620006277,,False
06113,Yolo County,CA,2025,629521.797849845,12,True,,,,,,6.595094339622642,53,False,False,3214.7655277249983,,,,,-0.006145962961996987,,False
06115,Yuba County,CA,2025,430697.44667361974,12,True,,,,,,6.595094339622642,53,False,False,2199.4334575461107,,,,,-0.0037746713110358154,,False
08001,Adams County,CO,2025,501566.18372552725,12,True,,,,,,6.595094339622642,53,False,False,2561.337324332025,,,,,-0.02023014242130161,,False
08003,Alamosa County,CO,2025,314913.3483633169,12,True,,,,,,6.595094339622642,53,False,False,1608.1612741554634,,,,,0.0406850168034798,,False
08005,Arapahoe County,CO,2025,529547.9383529465,12,True,,,,,,6.595094339622642,53,False,False,2704.23115340789,,,,,-0.0233569556359019,,False
08007,Archuleta County,CO,2025,582180.196893436,12,True,,,,,,6.595094339622642,53,False,False,2973.007184643322,,,,,0.027033311907442847,,False
08011,Bent County,CO,2025,125353.74689566367,12,True,,,,,,6.595094339622642,53,False,False,640.1413035541376,,,,,-0.14545206305935932,,False
08013,Boulder County,CO,2025,736769.0663452046,12,True,,,,,,6.595094339622642,53,False,False,3762.4428645211833,,,,,-0.017464024070153905,,False
08014,Broomfield County,CO,2025,636590.5635627977,12,True,,,,,,6.595094339622642,53,False,False,3250.863442706149,,,,,-0.009548071785318246,,False
08015,Chaffee County,CO,2025,689587.1677220872,12,True,,,,,,6.595094339622642,53,False,False,3521.5000699360276,,,,,0.02069432351290179,,False
08017,Cheyenne County,CO,2025,196420.51443703056,12,True,,,,,,6.595094339622642,53,False,False,1003.0564484135467,,,,,0.039600587118237884,,False
08019,Clear Creek County,CO,2025,576570.1120781992,12,True,,,,,,6.595094339622642,53,False,False,2944.358284266502,,,,,-0.0006103290668516559,,False
08021,Conejos County,CO,2025,209731.0432638944,12,True,,,,,,6.595094339622642,53,False,False,1071.0290418559712,,,,,-0.0004668098772836471,,False
08023,Costilla County,CO,2025,194930.67494923726,12,True,,,,,,6.595094339622642,53,False,False,995.4483169023582,,,,,-0.028676630569755,,False
08025,Crowley County,CO,2025,167179.59302373076,12,True,,,,,,6.595094339622642,53,False,False,853.7324591895649,,,,,0.013567019207569864,,False
08027,Custer County,CO,2025,414084.7445805427,12,True,,,,,,6.595094339622642,53,False,False,2114.597726371116,,,,,0.029064600942263485,,False
08029,Delta County,CO,2025,406922.2452641861,12,True,,,,,,6.595094339622642,53,False,False,2078.021143998238,,,,,0.03150413195744828,,False
08031,Denver County,CO,2025,561205.3841289008,12,True,,,,,,6.595094339622642,53,False,False,2865.8955560131135,,,,,-0.03363688125958075,,False
08033,Dolores County,CO,2025,319560.7809483784,12,True,,,,,,6.595094339622642,53,False,False,1631.8942189365828,,,,,-0.01773339812647723,,False
08035,Douglas County,CO,2025,725125.9558729012,12,True,,,,,,6.595094339622642,53,False,False,3702.985240798386,,,,,-0.013046430696879607,,False
08037,Eagle County,CO,2025,1272127.0377218844,12,True,,,,,,6.595094339622642,53,False,False,6496.343989554261,,,,,0.01883818313172081,,False
08039,Elbert County,CO,2025,704339.9364773408,12,True,,,,,,6.595094339622642,53,False,False,3596.8377192356625,,,,,0.010249333548187911,,False
08041,El Paso County,CO,2025,464752.59203063487,12,True,,,,,,6.595094339622642,53,False,False,2373.3421414222325,,,,,-0.01390435908234866,,False
08043,Fremont County,CO,2025,346353.35435363697,12,True,,,,,,6.595094339622642,53,False,False,1768.7152816487135,,,,,0.020186210633689416,,False
08045,Garfield County,CO,2025,689521.8528425492,12,True,,,,,,6.595094339622642,53,False,False,3521.1665278348587,,,,,0.04319833163226239,,False
08047,Gilpin County,CO,2025,569544.8986582566,12,True,,,,,,6.595094339622642,53,False,False,2908.482776850428,,,,,0.013704614905399648,,False
08049,Grand County,CO,2025,760618.5213329885,12,True,,,,,,6.595094339622642,53,False,False,3884.23436723265,,,,,0.0011771177675468092,,False
08051,Gunnison County,CO,2025,701709.7016965208,12,True,,,,,,6.595094339622642,53,False,False,3583.405955423696,,,,,0.005967397414958109,,False
08053,Hinsdale County,CO,2025,488903.57598533714,12,True,,,,,,6.595094339622642,53,False,False,2496.6734556728234,,,,,0.03301872370189707,,False
08055,Huerfano County,CO,2025,274023.26745906397,12,True,,,,,,6.595094339622642,53,False,False,1399.3487708142638,,,,,-0.013189482550534981,,False
08059,Jefferson County,CO,2025,638878.234511545,12,True,,,,,,6.595094339622642,53,False,False,3262.5458431090096,,,,,-0.010074458267394948,,False
08061,Kiowa County,CO,2025,179835.47879687572,12,True,,,,,,6.595094339622642,53,False,False,918.3620009231397,,,,,-0.0856524227155615,,False
08063,Kit Carson County,CO,2025,227097.93607356524,12,True,,,,,,6.595094339622642,53,False,False,1159.716182664941,,,,,0.06735819046779201,,False
08065,Lake County,CO,2025,509677.38900458004,12,True,,,,,,6.595094339622642,53,False,False,2602.7586431941554,,,,,0.02387840749990522,,False
08067,La Plata County,CO,2025,674625.9473478333,12,True,,,,,,6.595094339622642,53,False,False,3445.0979252031125,,,,,0.01994874282547232,,False
08069,Larimer County,CO,2025,562888.8701497434,12,True,,,,,,6.595094339622642,53,False,False,2874.492578141174,,,,,-0.004649882383594539,,False
08071,Las Animas County,CO,2025,253577.84285046018,12,True,,,,,,6.595094339622642,53,False,False,1294.9405573799813,,,,,-0.009396384136756919,,False
08073,Lincoln County,CO,2025,251523.3019511269,12,True,,,,,,6.595094339622642,53,False,False,1284.4486772242237,,,,,0.011295355327878065,,False
08075,Logan County,CO,2025,251258.09231550305,12,True,,,,,,6.595094339622642,53,False,False,1283.0943368389724,,,,,0.031852040919417846,,False
08077,Mesa County,CO,2025,427559.94406996405,12,True,,,,,,6.595094339622642,53,False,False,2183.4112399710725,,,,,0.03624905172751225,,False
08079,Mineral County,CO,2025,442169.86479518894,12,True,,,,,,6.595094339622642,53,False,False,2258.0194102848995,,,,,0.052324443884256944,,False
08081,Moffat County,CO,2025,302919.75505027105,12,True,,,,,,6.595094339622642,53,False,False,1546.9138471910207,,,,,0.034914271956729026,,False
08083,Montezuma County,CO,2025,406997.91567960504,12,True,,,,,,6.595094339622642,53,False,False,2078.4075684934473,,,,,0.019433582602043975,,False
08085,Montrose County,CO,2025,454725.9176796777,12,True,,,,,,6.595094339622642,53,False,False,2322.139137536941,,,,,0.03214454745894679,,False
08087,Morgan County,CO,2025,335828.7317772909,12,True,,,,,,6.595094339622642,53,False,False,1714.9694161897007,,,,,0.007542415400702662,,False
08089,Otero County,CO,2025,168918.14908681196,12,True,,,,,,6.595094339622642,53,False,False,862.6107063268369,,,,,0.0317622616208717,,False
08091,Ouray County,CO,2025,780061.0782528365,12,True,,,,,,6.595094339622642,53,False,False,3983.521257647311,,,,,-0.00048529740390323983,,False
08093,Park County,CO,2025,534321.8385743874,12,True,,,,,,6.595094339622642,53,False,False,2728.6099277682138,,,,,-0.0072005187703371165,,False
08095,Phillips County,CO,2025,255431.40031698396,12,True,,,,,,6.595094339622642,53,False,False,1304.40607972947,,,,,0.057813744930878874,,False
08097,Pitkin County,CO,2025,2469070.0373519934,12,True,,,,,,6.595094339622642,53,False,False,12608.747256613866,,,,,0.041046723266313645,,False
08099,Prowers County,CO,2025,178197.6067999973,12,True,,,,,,6.595094339622642,53,False,False,909.9979149576101,,,,,-0.0005873455094201896,,False
08101,Pueblo County,CO,2025,294190.690979642,12,True,,,,,,6.595094339622642,53,False,False,1502.337322026352,,,,,-0.00368725963378691,,False
08103,Rio Blanco County,CO,2025,320539.4877038512,12,True,,,,,,6.595094339622642,53,False,False,1636.8921598339305,,,,,0.05091594282305345,,False
08105,Rio Grande County,CO,2025,321367.2825336929,12,True,,,,,,6.595094339622642,53,False,False,1641.1194420219238,,,,,0.054380892396629577,,False
08107,Routt County,CO,2025,1101231.0853094412,12,True,,,,,,6.595094339622642,53,False,False,5623.6332772013,,,,,0.02315595771653589,,False
08109,Saguache County,CO,2025,261378.3251004871,12,True,,,,,,6.595094339622642,53,False,False,1334.775113582273,,,,,0.056696559525239554,,False
08111,San Juan County,CO,2025,540209.5799120773,12,True,,,,,,6.595094339622642,53,False,False,2758.676730781573,,,,,-0.010331017001145693,,False
08113,San Miguel County,CO,2025,1511641.4001146366,12,True,,,,,,6.595094339622642,53,False,False,7719.466871470591,,,,,0.015249169412113517,,False
08115,Sedgwick County,CO,2025,178192.47270166528,12,True,,,,,,6.595094339622642,53,False,False,909.971696767247,,,,,0.0356228882335734,,False
08117,Summit County,CO,2025,987522.4446257441,12,True,,,,,,6.595094339622642,53,False,False,5042.959788971099,,,,,-0.022615930696115227,,False
08119,Teller County,CO,2025,491914.0631561103,12,True,,,,,,6.595094339622642,53,False,False,2512.0470462479484,,,,,-0.0009273468669851459,,False
08121,Washington County,CO,2025,257311.60281290524,12,True,,,,,,6.595094339622642,53,False,False,1314.0076696818358,,,,,0.06721846551136546,,False
08123,Weld County,CO,2025,508727.5740581493,12,True,,,,,,6.595094339622642,53,False,False,2597.9082434813376,,,,,-0.004297511915049568,,False
08125,Yuma County,CO,2025,270446.81725547015,12,True,,,,,,6.595094339622642,53,False,False,1381.0849889001056,,,,,0.03398404064093019,,False
09001,Fairfield County,CT,2025,659988.7190529167,12,True,,,,,,6.595094339622642,53,False,False,3370.3503039060297,,,,,0.03146966416955821,,False
09003,Hartford County,CT,2025,371480.9381531722,12,True,,,,,,6.595094339622642,53,False,False,1897.0337774810607,,,,,0.048408298785202586,,False
09005,Litchfield County,CT,2025,417961.2140027669,12,True,,,,,,6.595094339622642,53,False,False,2134.393610025043,,,,,0.04366752729812484,,False
09007,Middlesex County,CT,2025,443397.396041537,12,True,,,,,,6.595094339622642,53,False,False,2264.2880178985574,,,,,0.05167428835775101,,False
09009,New Haven County,CT,2025,392155.88389177463,12,True,,,,,,6.595094339622642,53,False,False,2002.6140815707013,,,,,0.0431329382847665,,False
09011,New London County,CT,2025,407409.9838418366,12,True,,,,,,6.595094339622642,53,False,False,2080.5118681817817,,,,,0.0536248034179323,,False
09013,Tolland County,CT,2025,392929.73745440133,12,True,,,,,,6.595094339622642,53,False,False,2006.565903040802,,,,,0.04831820355329208,,False
09015,Windham County,CT,2025,363522.63502448524,12,True,,,,,,6.595094339622642,53,False,False,1856.3932807664557,,,,,0.05611364744498837,,False
10001,Kent County,DE,2025,366556.12094903196,12,True,,,,,,6.595094339622642,53,False,False,1871.8843185865594,,,,,0.03075577623281145,,False
10003,New Castle County,DE,2025,361885.1008382012,12,True,,,,,,6.595094339622642,53,False,False,1848.0309198910775,,,,,0.03531992048482935,,False
10005,Sussex County,DE,2025,492580.1213153869,12,True,,,,,,6.595094339622642,53,False,False,2515.4483912326905,,,,,-0.0013098988308575255,,False
11001,District of Columbia,DC,2025,592105.2986744087,12,True,,,,,,6.595094339622642,53,False,False,3023.6914900535744,,,,,-0.03221539941627405,,False
12001,Alachua County,FL,2025,311375.9745052321,12,True,,,,,,6.595094339622642,53,False,False,1590.0970425808182,,,,,-0.015899819271940507,,False
12003,Baker County,FL,2025,309526.6215530014,12,True,,,,,,6.595094339622642,53,False,False,1580.652991334723,,,,,0.009193537241065863,,False
12005,Bay County,FL,2025,348717.90594020084,12,True,,,,,,6.595094339622642,53,False,False,1780.7902867636694,,,,,-0.0388627823131078,,False
12007,Bradford County,FL,2025,247383.81290241715,12,True,,,,,,6.595094339622642,53,False,False,1263.3096368579654,,,,,-0.0026136698446909135,,False
12009,Brevard County,FL,2025,351391.56476481544,12,True,,,,,,6.595094339622642,53,False,False,1794.4438032131804,,,,,-0.036820472742090216,,False
12011,Broward County,FL,2025,440829.10234882776,12,True,,,,,,6.595094339622642,53,False,False,2251.172567319093,,,,,-0.031862490335938576,,False
12013,Calhoun County,FL,2025,179058.237080505,12,True,,,,,,6.595094339622642,53,False,False,914.3928772406357,,,,,-0.03611939530259578,,False
12015,Charlotte County,FL,2025,323908.2603997911,12,True,,,,,,6.595094339622642,53,False,False,1654.0953994526992,,,,,-0.1093949642244274,,False
12017,Citrus County,FL,2025,279520.36800651613,12,True,,,,,,6.595094339622642,53,False,False,1427.4206968424753,,,,,-0.033324670060979944,,False
12019,Clay County,FL,2025,341516.332668781,12,True,,,,,,6.595094339622642,53,False,False,1744.0141662585168,,,,,-0.02060656930185578,,False
12021,Collier County,FL,2025,578539.3949918884,12,True,,,,,,6.595094339622642,53,False,False,2954.414779286832,,,,,-0.06757111815665207,,False
12023,Columbia County,FL,2025,270422.4291630855,12,True,,,,,,6.595094339622642,53,False,False,1380.9604467492968,,,,,0.005079317384916848,,False
12027,De Soto County,FL,2025,256864.6368388734,12,True,,,,,,6.595094339622642,53,False,False,1311.7251580828865,,,,,-0.04389496722405195,,False
12029,Dixie County,FL,2025,216343.7380308337,12,True,,,,,,6.595094339622642,53,False,False,1104.7979490721032,,,,,0.00543453885730405,,False
12031,Duval County,FL,2025,301460.35352010623,12,True,,,,,,6.595094339622642,53,False,False,1539.4611525483456,,,,,-0.03268515291365259,,False
12033,Escambia County,FL,2025,280271.96855816373,12,True,,,,,,6.595094339622642,53,False,False,1431.258879336407,,,,,-0.022452430955465008,,False
12035,Flagler County,FL,2025,358961.9175151223,12,True,,,,,,6.595094339622642,53,False,False,1833.103162011443,,,,,-0.047733226910095516,,False
12037,Franklin County,FL,2025,445386.3403225327,12,True,,,,,,6.595094339622642,53,False,False,2274.4449172036325,,,,,-0.04615643873205111,,False
12039,Gadsden County,FL,2025,204058.89466371128,12,True,,,,,,6.595094339622642,53,False,False,1042.0632016733384,,,,,-0.006887224313329332,,False
12041,Gilchrist County,FL,2025,300297.5053582996,12,True,,,,,,6.595094339622642,53,False,False,1533.522860661833,,,,,0.009787333792860675,,False
12043,Glades County,FL,2025,268905.8826500191,12,True,,,,,,6.595094339622642,53,False,False,1373.2159310422167,,,,,0.000662991186961781,,False
12045,Gulf County,FL,2025,414371.68505544245,12,True,,,,,,6.595094339622642,53,False,False,2116.063039169446,,,,,-0.034720571634296093,,False
12047,Hamilton County,FL,2025,203227.11854349158,12,True,,,,,,6.595094339622642,53,False,False,1037.815588314754,,,,,-0.0029970444389033624,,False
12049,Hardee County,FL,2025,240657.76361651008,12,True,,,,,,6.595094339622642,53,False,False,1228.9618645394114,,,,,0.02049664276552532,,False
12051,Hendry County,FL,2025,286225.8111939492,12,True,,,,,,6.595094339622642,53,False,False,1461.6632404377963,,,,,-0.021342337827910618,,False
12053,Hernando County,FL,2025,319093.83731132426,12,True,,,,,,6.595094339622642,53,False,False,1629.5096878323077,,,,,-0.03125958903907389,,False
12055,Highlands County,FL,2025,238170.172110546,12,True,,,,,,6.595094339622642,53,False,False,1216.2585340943833,,,,,-0.01738776370348749,,False
12057,Hillsborough County,FL,2025,389846.889892298,12,True,,,,,,6.595094339622642,53,False,False,1990.8227911998283,,,,,-0.03719566332176272,,False
12059,Holmes County,FL,2025,191151.3172091185,12,True,,,,,,6.595094339622642,53,False,False,976.1483514025578,,,,,-0.024889603769455704,,False
12061,Indian River County,FL,2025,377296.1199171866,12,True,,,,,,6.595094339622642,53,False,False,1926.7300420683398,,,,,-0.04687190828522947,,False
12063,Jackson County,FL,2025,180563.07947371955,12,True,,,,,,6.595094339622642,53,False,False,922.0776237686966,,,,,-0.00865083949530221,,False
12065,Jefferson County,FL,2025,301040.74129008787,12,True,,,,,,6.595094339622642,53,False,False,1537.3183277300752,,,,,-0.0031948155506533737,,False
12067,Lafayette County,FL,2025,254380.27498709364,12,True,,,,,,6.595094339622642,53,False,False,1299.0383204439436,,,,,0.01150875088608494,,False
12069,Lake County,FL,2025,374236.06247333065,12,True,,,,,,6.595094339622642,53,False,False,1911.1033120377574,,,,,-0.021511196918761688,,False
12071,Lee County,FL,2025,360255.69758870563,12,True,,,,,,6.595094339622642,53,False,False,1839.7100810970398,,,,,-0.0883932483777099,,False
12073,Leon County,FL,2025,293400.0359976018,12,True,,,,,,6.595094339622642,53,False,False,1498.2997011063644,,,,,-0.008218272379907465,,False
12075,Levy County,FL,2025,298220.247617739,12,True,,,,,,6.595094339622642,53,False,False,1522.9149728978784,,,,,-0.013702971996224278,,False
12077,Liberty County,FL,2025,197150.43009635343,12,True,,,,,,6.595094339622642,53,False,False,1006.7838931307152,,,,,-0.001839102901118772,,False
12079,Madison County,FL,2025,214441.79360943238,12,True,,,,,,6.595094339622642,53,False,False,1095.0853300929773,,,,,0.016198068415745448,,False
12081,Manatee County,FL,2025,431521.30437780515,12,True,,,,,,6.595094339622642,53,False,False,2203.6406340985545,,,,,-0.06852903276578803,,False
12083,Marion County,FL,2025,280670.8441681104,12,True,,,,,,6.595094339622642,53,False,False,1433.2958088995877,,,,,-0.02519451655425986,,False
12085,Martin County,FL,2025,459871.245139675,12,True,,,,,,6.595094339622642,53,False,False,2348.414671448161,,,,,-0.04618512741086156,,False
12086,Miami-Dade County,FL,2025,531234.1663738493,12,True,,,,,,6.595094339622642,53,False,False,2712.8421780491294,,,,,-0.011849547510824232,,False
12087,Monroe County,FL,2025,964795.9720075488,12,True,,,,,,6.595094339622642,53,False,False,4926.902996355972,,,,,-0.04383323139471618,,False
12089,Nassau County,FL,2025,489306.69615630206,12,True,,,,,,6.595094339622642,53,False,False,2498.732060845154,,,,,-0.011539416792669455,,False
12091,Okaloosa County,FL,2025,357194.0410205268,12,True,,,,,,6.595094339622642,53,False,False,1824.0751848524114,,,,,-0.03241809840740573,,False
12093,Okeechobee County,FL,2025,292177.01930660306,12,True,,,,,,6.595094339622642,53,False,False,1492.0541478761443,,,,,0.01578027103433488,,False
12095,Orange County,FL,2025,413207.36469717766,12,True,,,,,,6.595094339622642,53,False,False,2110.117229248705,,,,,-0.02642104443462545,,False
12097,Osceola County,FL,2025,378525.4248720677,12,True,,,,,,6.595094339622642,53,False,False,1933.0077074415028,,,,,-0.03790222443886593,,False
12099,Palm Beach County,FL,2025,478336.0682975303,12,True,,,,,,6.595094339622642,53,False,False,2442.708589730511,,,,,-0.04330506950587132,,False
12101,Pasco County,FL,2025,342222.2741830502,12,True,,,,,,6.595094339622642,53,False,False,1747.6191827208759,,,,,-0.04851169868238858,,False
12103,Pinellas County,FL,2025,384816.0686183523,12,True,,,,,,6.595094339622642,53,False,False,1965.1320035847443,,,,,-0.06842344369057995,,False
12105,Polk County,FL,2025,307891.9216021947,12,True,,,,,,6.595094339622642,53,False,False,1572.3051039891598,,,,,-0.03591083302287135,,False
12107,Putnam County,FL,2025,218529.6662763255,12,True,,,,,,6.595094339622642,53,False,False,1115.9607821839816,,,,,-0.02146075342552778,,False
12109,Saint Johns County,FL,2025,505907.47885112837,12,True,,,,,,6.595094339622642,53,False,False,2583.506923483526,,,,,-0.033286308206496806,,False
12111,Saint Lucie County,FL,2025,382554.67562644446,12,True,,,,,,6.595094339622642,53,False,False,1953.5837962631638,,,,,-0.03630646167771545,,False
12113,Santa Rosa County,FL,2025,351348.564766127,12,True,,,,,,6.595094339622642,53,False,False,1794.2242160377277,,,,,-0.01617034288100938,,False
12115,Sarasota County,FL,2025,420929.05707718735,12,True,,,,,,6.595094339622642,53,False,False,2149.5494309035757,,,,,-0.08986185160987381,,False
12117,Seminole County,FL,2025,413921.09751876147,12,True,,,,,,6.595094339622642,53,False,False,2113.7620334138196,,,,,-0.027771891542212157,,False
12119,Sumter County,FL,2025,392763.5776725479,12,True,,,,,,6.595094339622642,53,False,False,2005.7173784295476,,,,,-0.014279887548257375,,False
12121,Suwannee County,FL,2025,264710.4519506471,12,True,,,,,,6.595094339622642,53,False,False,1351.7912146426152,,,,,0.01711449217141281,,False
12123,Taylor County,FL,2025,190258.98332497987,12,True,,,,,,6.595094339622642,53,False,False,971.5914890035942,,,,,-0.028023971322090002,,False
12125,Union County,FL,2025,261353.00713549633,12,True,,,,,,6.595094339622642,53,False,False,1334.645822870875,,,,,0.009642370976645553,,False
12127,Volusia County,FL,2025,334349.8111707442,12,True,,,,,,6.595094339622642,53,False,False,1707.4170438963072,,,,,-0.04207585058721275,,False
12129,Wakulla County,FL,2025,287003.42371276446,12,True,,,,,,6.595094339622642,53,False,False,1465.6342576892291,,,,,-0.0070051483109847545,,False
12131,Walton County,FL,2025,665701.8941770127,12,True,,,,,,6.595094339622642,53,False,False,3399.525653362604,,,,,-0.0539447618817539,,False
12133,Washington County,FL,2025,226486.8343659571,12,True,,,,,,6.595094339622642,53,False,False,1156.5954826188704,,,,,0.00727952043513902,,False
13001,Appling County,GA,2025,159916.89215885135,12,True,,,,,,6.595094339622642,53,False,False,816.6441797076812,,,,,-0.013970115296534358,,False
13003,Atkinson County,GA,2025,125052.63219002208,12,True,,,,,,6.595094339622642,53,False,False,638.6036075142326,,,,,-0.048699711669817236,,False
13005,Bacon County,GA,2025,148145.15056041477,12,True,,,,,,6.595094339622642,53,False,False,756.5296781587344,,,,,0.035273154432684084,,False
13007,Baker County,GA,2025,135822.35212541922,12,True,,,,,,6.595094339622642,53,False,False,693.6011064250257,,,,,-0.09105035849299326,,False
13009,Baldwin County,GA,2025,225837.74554478598,12,True,,,,,,6.595094339622642,53,False,False,1153.2807945908153,,,,,0.025199136237683106,,False
13011,Banks County,GA,2025,341183.6559363182,12,True,,,,,,6.595094339622642,53,False,False,1742.315293089946,,,,,0.048445054140952015,,False
13013,Barrow County,GA,2025,355278.9228362396,12,True,,,,,,6.595094339622642,53,False,False,1814.295291699555,,,,,0.012534125214902714,,False
13015,Bartow County,GA,2025,326722.0244002896,12,True,,,,,,6.595094339622642,53,False,False,1668.4643880133042,,,,,0.0008308634297615747,,False
13017,Ben Hill County,GA,2025,129166.0324408356,12,True,,,,,,6.595094339622642,53,False,False,659.6094207731481,,,,,-0.005000274696123852,,False
13019,Berrien County,GA,2025,186561.36819324593,12,True,,,,,,6.595094339622642,53,False,False,952.708956737209,,,,,0.02671408135449238,,False
13021,Bibb County,GA,2025,170142.81077747044,12,True,,,,,,6.595094339622642,53,False,False,868.8646600417062,,,,,-0.005387146646698482,,False
13023,Bleckley County,GA,2025,176110.00601387213,12,True,,,,,,6.595094339622642,53,False,False,899.3372085836467,,,,,0.0292223285383717,,False
13025,Brantley County,GA,2025,162489.2589150828,12,True,,,,,,6.595094339622642,53,False,False,829.7804301136937,,,,,-0.027832621313432004,,False
13027,Brooks County,GA,2025,181451.7667280561,12,True,,,,,,6.595094339622642,53,False,False,926.6158640010883,,,,,0.007257453124896784,,False
13029,Bryan County,GA,2025,408253.3882101258,12,True,,,,,,6.595094339622642,53,False,False,2084.8188632665738,,,,,0.016700383414848696,,False
13031,Bulloch County,GA,2025,279895.9554852304,12,True,,,,,,6.595094339622642,53,False,False,1429.3387014029843,,,,,0.03259961468254313,,False
13033,Burke County,GA,2025,164683.08991086567,12,True,,,,,,6.595094339622642,53,False,False,840.9836200317964,,,,,-0.00737024681621834,,False
13035,Butts County,GA,2025,278852.68465940614,12,True,,,,,,6.595094339622642,53,False,False,1424.0110525457144,,,,,-0.005924266174604509,,False
13037,Calhoun County,GA,2025,91674.64507175244,12,True,,,,,,6.595094339622642,53,False,False,468.15295316174206,,,,,-0.10124702758108595,,False
13039,Camden County,GA,2025,306620.0778345343,12,True,,,,,,6.595094339622642,53,False,False,1565.810206568782,,,,,0.016268885513029074,,False
13043,Candler County,GA,2025,213675.86116059602,12,True,,,,,,6.595094339622642,53,False,False,1091.1739592055908,,,,,0.053601700982073064,,False
13045,Carroll County,GA,2025,291576.3903558418,12,True,,,,,,6.595094339622642,53,False,False,1488.986928833919,,,,,-0.006936338077893733,,False
13047,Catoosa County,GA,2025,296344.59857764817,12,True,,,,,,6.595094339622642,53,False,False,1513.3366359812069,,,,,0.009477715551485133,,False
13049,Charlton County,GA,2025,208767.30476290427,12,True,,,,,,6.595094339622642,53,False,False,1066.107539024288,,,,,0.010355902024457242,,False
13051,Chatham County,GA,2025,350904.4879739706,12,True,,,,,,6.595094339622642,53,False,False,1791.9564585621913,,,,,-0.009363217387217904,,False
13053,Chattahoochee County,GA,2025,135396.61902183344,12,True,,,,,,6.595094339622642,53,False,False,691.4270242723608,,,,,0.033875840544988156,,False
13055,Chattooga County,GA,2025,173195.65137192907,12,True,,,,,,6.595094339622642,53,False,False,884.4545359415174,,,,,-0.0072210975890967255,,False
13057,Cherokee County,GA,2025,481907.19608784025,12,True,,,,,,6.595094339622642,53,False,False,2460.9451917903616,,,,,-0.0017649101215485574,,False
13059,Clarke County,GA,2025,331637.08284601074,12,True,,,,,,6.595094339622642,53,False,False,1693.5640120644905,,,,,0.019950142390335435,,False
13061,Clay County,GA,2025,161489.46048489524,12,True,,,,,,6.595094339622642,53,False,False,824.6747808112889,,,,,-0.04743701174310189,,False
13063,Clayton County,GA,2025,242595.5622069951,12,True,,,,,,6.595094339622642,53,False,False,1238.8575792384775,,,,,-0.06473284275911673,,False
13065,Clinch County,GA,2025,119376.34866563523,12,True,,,,,,6.595094339622642,53,False,False,609.6166516024298,,,,,-0.05864784234834375,,False
13067,Cobb County,GA,2025,437743.5432214921,12,True,,,,,,6.595094339622642,53,False,False,2235.4156083858265,,,,,-0.01875379104637165,,False
13069,Coffee County,GA,2025,176230.32440876125,12,True,,,,,,6.595094339622642,53,False,False,899.9516359625902,,,,,-0.012447627002226902,,False
13071,Colquitt County,GA,2025,158743.14091456702,12,True,,,,,,6.595094339622642,53,False,False,810.65020928261,,,,,0.011599549511822183,,False
13073,Columbia County,GA,2025,329580.413240189,12,True,,,,,,6.595094339622642,53,False,False,1683.061261288746,,,,,0.011306418112966954,,False
13075,Cook County,GA,2025,160588.51659732274,12,True,,,,,,6.595094339622642,53,False,False,820.0739498915732,,,,,-0.0067904129675377956,,False
13077,Coweta County,GA,2025,398710.22695560596,12,True,,,,,,6.595094339622642,53,False,False,2036.0850053901083,,,,,-0.007823834312906341,,False
13079,Crawford County,GA,2025,198751.42906892754,12,True,,,,,,6.595094339622642,53,False,False,1014.959680410097,,,,,-0.016472537915375618,,False
13081,Crisp County,GA,2025,136695.05731950534,12,True,,,,,,6.595094339622642,53,False,False,698.057731411479,,,,,-0.030250461310401655,,False
13083,Dade County,GA,2025,252620.58654703514,12,True,,,,,,6.595094339622642,53,False,False,1290.052157048239,,,,,0.012434182934813132,,False
13085,Dawson County,GA,2025,458391.6523700434,12,True,,,,,,6.595094339622642,53,False,False,2340.858866633889,,,,,-0.003115516067077939,,False
13087,Decatur County,GA,2025,166065.71180908673,12,True,,,,,,6.595094339622642,53,False,False,848.0442257669118,,,,,-0.050364310803511114,,False
13089,Dekalb County,GA,2025,349077.02862712013,12,True,,,,,,6.595094339622642,53,False,False,1782.6242109233654,,,,,-0.038871004872080395,,False
13091,Dodge County,GA,2025,142515.54949743507,12,True,,,,,,6.595094339622642,53,False,False,727.7811145761468,,,,,-0.056525968017742345,,False
13093,Dooly County,GA,2025,133369.0937161239,12,True,,,,,,6.595094339622642,53,False,False,681.0731040719043,,,,,-0.04364355800316655,,False
13095,Dougherty County,GA,2025,126193.0473774023,12,True,,,,,,6.595094339622642,53,False,False,644.4273414090809,,,,,-0.03853552008051642,,False
13097,Douglas County,GA,2025,314474.2996742442,12,True,,,,,,6.595094339622642,53,False,False,1605.9191935866177,,,,,-0.03612134560692137,,False
13099,Early County,GA,2025,122328.7507048137,12,True,,,,,,6.595094339622642,53,False,False,624.6936200758867,,,,,-0.008435942265760277,,False
13101,Echols County,GA,2025,163989.9689728933,12,True,,,,,,6.595094339622642,53,False,False,837.4440741327528,,,,,-0.010372160044621603,,False
13103,Effingham County,GA,2025,343259.5006346649,12,True,,,,,,6.595094339622642,53,False,False,1752.9159649013886,,,,,0.022470228164033212,,False
13105,Elbert County,GA,2025,177856.2918998143,12,True,,,,,,6.595094339622642,53,False,False,908.2549294423271,,,,,0.017739336780220327,,False
13107,Emanuel County,GA,2025,130932.86425113013,12,True,,,,,,6.595094339622642,53,False,False,668.6320630651592,,,,,0.0022580947662942386,,False
13109,Evans County,GA,2025,165507.22684434382,12,True,,,,,,6.595094339622642,53,False,False,845.1922225185089,,,,,-0.050485526820794435,,False
13111,Fannin County,GA,2025,496479.2789196216,12,True,,,,,,6.595094339622642,53,False,False,2535.360136141403,,,,,-0.00648398742776557,,False
13113,Fayette County,GA,2025,501417.081575297,12,True,,,,,,6.595094339622642,53,False,False,2560.57590756408,,,,,0.005555683444925075,,False
13115,Floyd County,GA,2025,231778.12343308804,12,True,,,,,,6.595094339622642,53,False,False,1183.6163955536404,,,,,0.02051090706473313,,False
13117,Forsyth County,GA,2025,632436.6413998184,12,True,,,,,,6.595094339622642,53,False,False,3229.65069706333,,,,,-0.008491387672379114,,False
13119,Franklin County,GA,2025,283661.30280726444,12,True,,,,,,6.595094339622642,53,False,False,1448.5671201998084,,,,,0.02080404143127823,,False
13121,Fulton County,GA,2025,431032.5774294496,12,True,,,,,,6.595094339622642,53,False,False,2201.1448626234283,,,,,-0.029343284393873348,,False
13123,Gilmer County,GA,2025,419388.1508085349,12,True,,,,,,6.595094339622642,53,False,False,2141.6805177526116,,,,,0.0004143039535395854,,False
13125,Glascock County,GA,2025,188912.55234375256,12,True,,,,,,6.595094339622642,53,False,False,964.7156986517836,,,,,-0.027954868826265966,,False
13127,Glynn County,GA,2025,362002.14482101594,12,True,,,,,,6.595094339622642,53,False,False,1848.6286258997745,,,,,-0.0013807131663143846,,False
13129,Gordon County,GA,2025,271724.5116671446,12,True,,,,,,6.595094339622642,53,False,False,1387.609763679386,,,,,0.02466732733005017,,False
13131,Grady County,GA,2025,187856.55027978015,12,True,,,,,,6.595094339622642,53,False,False,959.3230354524154,,,,,-0.031176860413004492,,False
13133,Greene County,GA,2025,626577.6076127338,12,True,,,,,,6.595094339622642,53,False,False,3199.730494285875,,,,,0.027494864883392145,,False
13135,Gwinnett County,GA,2025,422080.91294846736,12,True,,,,,,6.595094339622642,53,False,False,2155.4315886946897,,,,,-0.01709633597284832,,False
13137,Habersham County,GA,2025,318436.1797627279,12,True,,,,,,6.595094339622642,53,False,False,1626.1512420668125,,,,,0.02736460063663726,,False
13139,Hall County,GA,2025,399069.84982378647,12,True,,,,,,6.595094339622642,53,False,False,2037.9214838147745,,,,,-0.0019789364212156046,,False
13141,Hancock County,GA,2025,207333.48682581706,12,True,,,,,,6.595094339622642,53,False,False,1058.7854915702915,,,,,0.002697861255051226,,False
13143,Haralson County,GA,2025,272172.51603658154,12,True,,,,,,6.595094339622642,53,False,False,1389.8975780299852,,,,,0.014532580529008632,,False
13145,Harris County,GA,2025,363789.4560784789,12,True,,,,,,6.595094339622642,53,False,False,1857.7558501474998,,,,,0.03516070115581105,,False
13147,Hart County,GA,2025,313472.1742017655,12,True,,,,,,6.595094339622642,53,False,False,1600.8016608270166,,,,,0.018539199779582072,,False
13149,Heard County,GA,2025,266528.56301224296,12,True,,,,,,6.595094339622642,53,False,False,1361.0757235926737,,,,,-0.002930456774376977,,False
13151,Henry County,GA,2025,331589.0163717035,12,True,,,,,,6.595094339622642,53,False,False,1693.3185520261407,,,,,-0.03460390617928277,,False
13153,Houston County,GA,2025,250771.59055683788,12,True,,,,,,6.595094339622642,53,False,False,1280.609928692541,,,,,0.03255437340830314,,False
13155,Irwin County,GA,2025,160770.3938422771,12,True,,,,,,6.595094339622642,53,False,False,821.0027385361506,,,,,-0.04273880731719071,,False
13157,Jackson County,GA,2025,409365.1560042557,12,True,,,,,,6.595094339622642,53,False,False,2090.496304129799,,,,,0.016772298628195736,,False
13159,Jasper County,GA,2025,314686.15620789304,12,True,,,,,,6.595094339622642,53,False,False,1607.0010768248533,,,,,0.014937763863960285,,False
13161,Jeff Davis County,GA,2025,139212.95404258327,12,True,,,,,,6.595094339622642,53,False,False,710.9158208618675,,,,,-0.01677502456998814,,False
13163,Jefferson County,GA,2025,122678.27128372002,12,True,,,,,,6.595094339622642,53,False,False,626.4785093555531,,,,,-0.037664429293844615,,False
13165,Jenkins County,GA,2025,159039.40695070862,12,True,,,,,,6.595094339622642,53,False,False,812.1631447254761,,,,,0.033487884759227704,,False
13167,Johnson County,GA,2025,137381.10961871487,12,True,,,,,,6.595094339622642,53,False,False,701.561180043835,,,,,0.028328264016287408,,False
13169,Jones County,GA,2025,246291.34073779095,12,True,,,,,,6.595094339622642,53,False,False,1257.7307325740553,,,,,0.02278267762474817,,False
13171,Lamar County,GA,2025,278508.1154729471,12,True,,,,,,6.595094339622642,53,False,False,1422.2514484361695,,,,,0.013893830169721344,,False
13173,Lanier County,GA,2025,209520.0510781071,12,True,,,,,,6.595094339622642,53,False,False,1069.9515725645106,,,,,0.04083134505525354,,False
13175,Laurens County,GA,2025,179749.28065435906,12,True,,,,,,6.595094339622642,53,False,False,917.9218147086782,,,,,-0.014445059965283114,,False
13177,Lee County,GA,2025,263537.7298375866,12,True,,,,,,6.595094339622642,53,False,False,1345.8024996599975,,,,,0.020039044509473358,,False
13179,Liberty County,GA,2025,247782.02023808265,12,True,,,,,,6.595094339622642,53,False,False,1265.3431537591389,,,,,0.03165118913937315,,False
13181,Lincoln County,GA,2025,245884.25538316925,12,True,,,,,,6.595094339622642,53,False,False,1255.6518784829827,,,,,0.03803800841044658,,False
13183,Long County,GA,2025,277633.0156625461,12,True,,,,,,6.595094339622642,53,False,False,1417.7825949136948,,,,,0.0267523100717193,,False
13185,Lowndes County,GA,2025,223923.61491106366,12,True,,,,,,6.595094339622642,53,False,False,1143.5059445413485,,,,,0.02915764012740074,,False
13187,Lumpkin County,GA,2025,393598.71571816265,12,True,,,,,,6.595094339622642,53,False,False,2009.9821600607859,,,,,0.02178106156907056,,False
13189,McDuffie County,GA,2025,195308.99048977686,12,True,,,,,,6.595094339622642,53,False,False,997.3802527979592,,,,,-0.005711086417108935,,False
13191,McIntosh County,GA,2025,270250.1765878417,12,True,,,,,,6.595094339622642,53,False,False,1380.0808082000885,,,,,0.0013563837139451973,,False
13193,Macon County,GA,2025,103657.46838884475,12,True,,,,,,6.595094339622642,53,False,False,529.3453812177378,,,,,-0.05514951202003693,,False
13195,Madison County,GA,2025,318869.7436610988,12,True,,,,,,6.595094339622642,53,False,False,1628.3653135720558,,,,,0.04357774309081819,,False
13197,Marion County,GA,2025,175037.61128711837,12,True,,,,,,6.595094339622642,53,False,False,893.8608333231599,,,,,-0.017348005538673994,,False
13199,Meriwether County,GA,2025,215238.02703075786,12,True,,,,,,6.595094339622642,53,False,False,1099.1514383097897,,,,,-0.014278200074306246,,False
13201,Miller County,GA,2025,155795.99468657406,12,True,,,,,,6.595094339622642,53,False,False,795.6000805479473,,,,,0.06401415597334426,,False
13205,Mitchell County,GA,2025,152943.81023832352,12,True,,,,,,6.595094339622642,53,False,False,781.034891106904,,,,,0.004914262762246935,,False
13207,Monroe County,GA,2025,330393.2815987143,12,True,,,,,,6.595094339622642,53,False,False,1687.2123187842785,,,,,0.03162772257193325,,False
13209,Montgomery County,GA,2025,170260.2506611446,12,True,,,,,,6.595094339622642,53,False,False,869.4643877888712,,,,,-0.02558975139109443,,False
13211,Morgan County,GA,2025,448633.9729146022,12,True,,,,,,6.595094339622642,53,False,False,2291.029533239742,,,,,0.007648727087857354,,False
13213,Murray County,GA,2025,243182.91859951286,12,True,,,,,,6.595094339622642,53,False,False,1241.8570195908283,,,,,0.0125146686520623,,False
13215,Muscogee County,GA,2025,183200.8761136709,12,True,,,,,,6.595094339622642,53,False,False,935.5480035652785,,,,,0.03191624236480983,,False
13217,Newton County,GA,2025,300172.5723306936,12,True,,,,,,6.595094339622642,53,False,False,1532.884867836495,,,,,-0.028019541124876035,,False
13219,Oconee County,GA,2025,558368.4705413241,12,True,,,,,,6.595094339622642,53,False,False,2851.4083499503113,,,,,0.018247177844698648,,False
13221,Oglethorpe County,GA,2025,309276.96640934446,12,True,,,,,,6.595094339622642,53,False,False,1579.3780827415835,,,,,0.020966016682210542,,False
13223,Paulding County,GA,2025,349671.3147845592,12,True,,,,,,6.595094339622642,53,False,False,1785.6590393583213,,,,,-0.016671128326619322,,False
13225,Peach County,GA,2025,229815.6186397052,12,True,,,,,,6.595094339622642,53,False,False,1173.594514215598,,,,,0.01687973055640124,,False
13227,Pickens County,GA,2025,396002.1297463572,12,True,,,,,,6.595094339622642,53,False,False,2022.2556231768851,,,,,0.0068367400745992235,,False
13229,Pierce County,GA,2025,201414.60637217158,12,True,,,,,,6.595094339622642,53,False,False,1028.5596710981567,,,,,0.02412469166735165,,False
13231,Pike County,GA,2025,372160.46089559933,12,True,,,,,,6.595094339622642,53,False,False,1900.5038817651714,,,,,0.007980240016441265,,False
13233,Polk County,GA,2025,222073.58871901582,12,True,,,,,,6.595094339622642,53,False,False,1134.05845527585,,,,,-0.003424582595641601,,False
13235,Pulaski County,GA,2025,174623.0219263512,12,True,,,,,,6.595094339622642,53,False,False,891.7436586840796,,,,,0.02793911664602633,,False
13237,Putnam County,GA,2025,411829.68788914214,12,True,,,,,,6.595094339622642,53,False,False,2103.081876500085,,,,,0.01782522948012555,,False
13239,Quitman County,GA,2025,110573.21680756022,12,True,,,,,,6.595094339622642,53,False,False,564.6618860486127,,,,,-0.08523675379700024,,False
13241,Rabun County,GA,2025,401293.45549128344,12,True,,,,,,6.595094339622642,53,False,False,2049.2767234133694,,,,,0.023647745745630555,,False
13243,Randolph County,GA,2025,91654.25059985464,12,True,,,,,,6.595094339622642,53,False,False,468.0488051474284,,,,,-0.029924895958620468,,False
13245,Richmond County,GA,2025,192956.5921095142,12,True,,,,,,6.595094339622642,53,False,False,985.3673102022076,,,,,-0.005062563686134447,,False
13247,Rockdale County,GA,2025,310593.93065793434,12,True,,,,,,6.595094339622642,53,False,False,1586.103395958812,,,,,-0.030072426960579768,,False
13249,Schley County,GA,2025,186843.41377887756,12,True,,,,,,6.595094339622642,53,False,False,954.149272908996,,,,,-0.012303334925436227,,False
13251,Screven County,GA,2025,177879.7980512297,12,True,,,,,,6.595094339622642,53,False,False,908.3749678040134,,,,,-0.022127480639270836,,False
13253,Seminole County,GA,2025,138322.52333943735,12,True,,,,,,6.595094339622642,53,False,False,706.3686773966555,,,,,-0.060152443058328564,,False
13255,Spalding County,GA,2025,241104.55728873532,12,True,,,,,,6.595094339622642,53,False,False,1231.2434962484026,,,,,-0.015355187277130478,,False
13257,Stephens County,GA,2025,235284.30570221363,12,True,,,,,,6.595094339622642,53,False,False,1201.5213417067425,,,,,0.013979650903647167,,False
13259,Stewart County,GA,2025,85673.72731330189,12,True,,,,,,6.595094339622642,53,False,False,437.5081945362734,,,,,-0.07494191355847413,,False
13261,Sumter County,GA,2025,130056.94748042182,12,True,,,,,,6.595094339622642,53,False,False,664.1590375889215,,,,,-0.030794312196124052,,False
13263,Talbot County,GA,2025,187729.70508814816,12,True,,,,,,6.595094339622642,53,False,False,958.6752778198615,,,,,-0.03345218299956276,,False
13265,Taliaferro County,GA,2025,148960.28679754902,12,True,,,,,,6.595094339622642,53,False,False,760.6923169815503,,,,,-0.04570893728641001,,False
13267,Tattnall County,GA,2025,181714.0502604368,12,True,,,,,,6.595094339622642,53,False,False,927.9552617173665,,,,,0.03188941109596022,,False
13269,Taylor County,GA,2025,147021.6820120342,12,True,,,,,,6.595094339622642,53,False,False,750.7924853035339,,,,,-0.019189608117298196,,False
13271,Telfair County,GA,2025,115090.83713344925,12,True,,,,,,6.595094339622642,53,False,False,587.7319213367028,,,,,-0.05304056551449021,,False
13273,Terrell County,GA,2025,118178.77865594682,12,True,,,,,,6.595094339622642,53,False,False,603.5010463964892,,,,,0.032439638240983504,,False
13275,Thomas County,GA,2025,219543.2888884586,12,True,,,,,,6.595094339622642,53,False,False,1121.1370271412457,,,,,0.014202232198107456,,False
13277,Tift County,GA,2025,204026.98527634298,12,True,,,,,,6.595094339622642,53,False,False,1041.9002506859815,,,,,-0.016905303545721062,,False
13279,Toombs County,GA,2025,170258.17655279516,12,True,,,,,,6.595094339622642,53,False,False,869.4537959840357,,,,,0.02800696046975215,,False
13281,Towns County,GA,2025,401574.0061633862,12,True,,,,,,6.595094339622642,53,False,False,2050.709405542148,,,,,0.0057981201202979005,,False
13283,Treutlen County,GA,2025,125390.14529300336,12,True,,,,,,6.595094339622642,53,False,False,640.3271784728962,,,,,-0.07181338498808487,,False
13285,Troup County,GA,2025,234304.5771477291,12,True,,,,,,6.595094339622642,53,False,False,1196.5181828101927,,,,,0.02072875156967635,,False
13287,Turner County,GA,2025,137748.78726163815,12,True,,,,,,6.595094339622642,53,False,False,703.4387916147481,,,,,-0.00783323636001898,,False
13289,Twiggs County,GA,2025,101870.28384385927,12,True,,,,,,6.595094339622642,53,False,False,520.2188040499165,,,,,-0.04979264196044786,,False
13291,Union County,GA,2025,387265.280632325,12,True,,,,,,6.595094339622642,53,False,False,1977.6393422972437,,,,,0.02132105074724433,,False
13293,Upson County,GA,2025,178353.08398973753,12,True,,,,,,6.595094339622642,53,False,False,910.7918870037436,,,,,0.01937792792930404,,False
13295,Walker County,GA,2025,241370.7481292965,12,True,,,,,,6.595094339622642,53,False,False,1232.6028473319634,,,,,0.007162002783248855,,False
13297,Walton County,GA,2025,391352.00127824134,12,True,,,,,,6.595094339622642,53,False,False,1998.508911387316,,,,,0.004018530150238897,,False
13299,Ware County,GA,2025,142534.43935248512,12,True,,,,,,6.595094339622642,53,False,False,727.8775789957207,,,,,-0.03106184956024205,,False
13301,Warren County,GA,2025,116143.69115801044,12,True,,,,,,6.595094339622642,53,False,False,593.1085085104056,,,,,-0.05831883698088991,,False
13303,Washington County,GA,2025,142457.95929163595,12,True,,,,,,6.595094339622642,53,False,False,727.4870199014748,,,,,-0.07038224288665595,,False
13305,Wayne County,GA,2025,202250.69169501378,12,True,,,,,,6.595094339622642,53,False,False,1032.8292901697923,,,,,0.024408856836461768,,False
13307,Webster County,GA,2025,153774.98915294328,12,True,,,,,,6.595094339622642,53,False,False,785.279454728399,,,,,-0.012004438948724161,,False
13309,Wheeler County,GA,2025,138773.89826915055,12,True,,,,,,6.595094339622642,53,False,False,708.673704115472,,,,,0.04449094284071031,,False
13311,White County,GA,2025,318321.22171328455,12,True,,,,,,6.595094339622642,53,False,False,1625.5641882495386,,,,,0.029720549382559636,,False
13313,Whitfield County,GA,2025,247110.27821011175,12,True,,,,,,6.595094339622642,53,False,False,1261.9127830834598,,,,,0.03933067522070477,,False
13315,Wilcox County,GA,2025,124142.95044799992,12,True,,,,,,6.595094339622642,53,False,False,633.9581551797112,,,,,-0.0652308290806013,,False
13317,Wilkes County,GA,2025,156168.8148850278,12,True,,,,,,6.595094339622642,53,False,False,797.5039534974184,,,,,-0.025342139940325747,,False
13319,Wilkinson County,GA,2025,135677.0583425762,12,True,,,,,,6.595094339622642,53,False,False,692.859137765526,,,,,-0.003009671167495176,,False
13321,Worth County,GA,2025,161484.33857286768,12,True,,,,,,6.595094339622642,53,False,False,824.6486248524668,,,,,-0.01795776634475721,,False
15001,Hawaii County,HI,2025,574963.0526468676,12,True,,,,,,6.595094339622642,53,False,False,2936.151548171746,,,,,-0.013759872509768512,,False
15003,Honolulu County,HI,2025,847910.0409847618,12,True,,,,,,6.595094339622642,53,False,False,4330.004107371473,,,,,-0.008777473618866938,,False
15007,Kauai County,HI,2025,1004975.8494477283,12,True,,,,,,6.595094339622642,53,False,False,5132.08871882672,,,,,-0.011847167779303502,,False
15009,Maui County,HI,2025,1046121.2727358436,12,True,,,,,,6.595094339622642,53,False,False,5342.205173669221,,,,,-0.03070905230347576,,False
16001,Ada County,ID,2025,529825.4460137846,12,True,,,,,,6.595094339622642,53,False,False,2705.6482958559973,,,,,0.013397326132490894,,False
16003,Adams County,ID,2025,514423.07768571103,12,True,,,,,,6.595094339622642,53,False,False,2626.993350283764,,,,,0.017906739920414694,,False
16005,Bannock County,ID,2025,359309.0008898293,12,True,,,,,,6.595094339622642,53,False,False,1834.8756052724482,,,,,0.020200876205160645,,False
16007,Bear Lake County,ID,2025,402884.1822307799,12,True,,,,,,6.595094339622642,53,False,False,2057.400053699358,,,,,0.011549258639291127,,False
16009,Benewah County,ID,2025,341860.2253382407,12,True,,,,,,6.595094339622642,53,False,False,1745.7703156131415,,,,,0.011545094009101087,,False
16011,Bingham County,ID,2025,381566.0855101691,12,True,,,,,,6.595094339622642,53,False,False,1948.5353842181696,,,,,0.042313004193739845,,False
16015,Boise County,ID,2025,479358.33790726354,12,True,,,,,,6.595094339622642,53,False,False,2447.9289921258464,,,,,-0.0029956253345290174,,False
16017,Bonner County,ID,2025,644236.7769525935,12,True,,,,,,6.595094339622642,53,False,False,3289.9101974128184,,,,,0.01484780306280098,,False
16019,Bonneville County,ID,2025,403871.35698754387,12,True,,,,,,6.595094339622642,53,False,False,2062.441237958147,,,,,0.017207852654196776,,False
16021,Boundary County,ID,2025,461930.06436995073,12,True,,,,,,6.595094339622642,53,False,False,2358.9283996652202,,,,,0.012970275979054202,,False
16025,Camas County,ID,2025,370642.65465001884,12,True,,,,,,6.595094339622642,53,False,False,1892.7529330089512,,,,,0.03959856519164373,,False
16027,Canyon County,ID,2025,418949.5361080148,12,True,,,,,,6.595094339622642,53,False,False,2139.440653423844,,,,,0.0016985695755249441,,False
16029,Caribou County,ID,2025,324443.4719616707,12,True,,,,,,6.595094339622642,53,False,False,1656.8285529114785,,,,,0.056848582430456984,,False
16031,Cassia County,ID,2025,338274.28273834405,12,True,,,,,,6.595094339622642,53,False,False,1727.4580590814016,,,,,0.026998544444112538,,False
16033,Clark County,ID,2025,256140.29968942117,12,True,,,,,,6.595094339622642,53,False,False,1308.0262010229992,,,,,0.04962684656093996,,False
16035,Clearwater County,ID,2025,303874.6232233176,12,True,,,,,,6.595094339622642,53,False,False,1551.7900521083347,,,,,0.0024177268357383763,,False
16037,Custer County,ID,2025,357958.7926034461,12,True,,,,,,6.595094339622642,53,False,False,1827.9805254370256,,,,,0.06586127270491704,,False
16039,Elmore County,ID,2025,356028.1180919814,12,True,,,,,,6.595094339622642,53,False,False,1818.1211911202263,,,,,0.02571925924672125,,False
16041,Franklin County,ID,2025,437573.59533244924,12,True,,,,,,6.595094339622642,53,False,False,2234.547739128446,,,,,0.023210629753331435,,False
16043,Fremont County,ID,2025,444791.9875186123,12,True,,,,,,6.595094339622642,53,False,False,2271.4097484265126,,,,,0.028827978904182094,,False
16045,Gem County,ID,2025,474928.073987595,12,True,,,,,,6.595094339622642,53,False,False,2425.305057932751,,,,,0.014647012943336923,,False
16047,Gooding County,ID,2025,352789.27739773487,12,True,,,,,,6.595094339622642,53,False,False,1801.5814724810634,,,,,0.007767505901726812,,False
16049,Idaho County,ID,2025,356286.0869641648,12,True,,,,,,6.595094339622642,53,False,False,1819.4385552533727,,,,,0.02813372021997762,,False
16051,Jefferson County,ID,2025,467459.55917291227,12,True,,,,,,6.595094339622642,53,False,False,2387.1657527465745,,,,,0.04468491621857895,,False
16053,Jerome County,ID,2025,400699.6522447778,12,True,,,,,,6.595094339622642,53,False,False,2046.2443610493694,,,,,0.032071681024405496,,False
16055,Kootenai County,ID,2025,592541.96366449,12,True,,,,,,6.595094339622642,53,False,False,3025.921397837662,,,,,0.012659714605629757,,False
16057,Latah County,ID,2025,476116.89903635555,12,True,,,,,,6.595094339622642,53,False,False,2431.3760054333857,,,,,0.026189031269186147,,False
16059,Lemhi County,ID,2025,364294.74436811236,12,True,,,,,,6.595094339622642,53,False,False,1860.3361950706224,,,,,0.02724700983007522,,False
16061,Lewis County,ID,2025,282189.602268833,12,True,,,,,,6.595094339622642,53,False,False,1441.0516184741446,,,,,0.029120264362755943,,False
16063,Lincoln County,ID,2025,313242.9105916543,12,True,,,,,,6.595094339622642,53,False,False,1599.6308852429709,,,,,0.062277277078300664,,False
16065,Madison County,ID,2025,406572.1888012853,12,True,,,,,,6.595094339622642,53,False,False,2076.2335181312155,,,,,0.03621050278203097,,False
16067,Minidoka County,ID,2025,322596.33828599704,12,True,,,,,,6.595094339622642,53,False,False,1647.395834797606,,,,,0.03526225233299152,,False
16069,Nez Perce County,ID,2025,387116.3721979016,12,True,,,,,,6.595094339622642,53,False,False,1976.878914773674,,,,,0.0352877766034867,,False
16071,Oneida County,ID,2025,345692.0213853214,12,True,,,,,,6.595094339622642,53,False,False,1765.3380666957914,,,,,0.029538886492443295,,False
16073,Owyhee County,ID,2025,428385.4286283019,12,True,,,,,,6.595094339622642,53,False,False,2187.62672434489,,,,,0.016869215433560347,,False
16075,Payette County,ID,2025,408132.2539896622,12,True,,,,,,6.595094339622642,53,False,False,2084.2002697285834,,,,,0.021910021346690733,,False
16077,Power County,ID,2025,271448.83150422754,12,True,,,,,,6.595094339622642,53,False,False,1386.2019536759035,,,,,-0.024023684811475543,,False
16079,Shoshone County,ID,2025,284052.2694582875,12,True,,,,,,6.595094339622642,53,False,False,1450.563661251273,,,,,0.0012486397735336219,,False
16081,Teton County,ID,2025,847143.5245708167,12,True,,,,,,6.595094339622642,53,False,False,4326.089754361929,,,,,0.009168100366444554,,False
16083,Twin Falls County,ID,2025,375155.17102280277,12,True,,,,,,6.595094339622642,53,False,False,1915.7969040486648,,,,,0.02643131986360059,,False
16085,Valley County,ID,2025,669580.2598090334,12,True,,,,,,6.595094339622642,53,False,False,3419.3312203506234,,,,,0.020104445096418955,,False
16087,Washington County,ID,2025,391227.11388060846,12,True,,,,,,6.595094339622642,53,False,False,1997.8711515795876,,,,,0.013124278361092534,,False
17001,Adams County,IL,2025,179400.35078627864,12,True,,,,,,6.595094339622642,53,False,False,916.1399419993776,,,,,-0.010510717588691043,,False
17003,Alexander County,IL,2025,73487.58513501992,12,True,,,,,,6.595094339622642,53,False,False,375.27748239175014,,,,,-0.07992059353426029,,False
17005,Bond County,IL,2025,153391.37501994608,12,True,,,,,,6.595094339622642,53,False,False,783.3204606237949,,,,,0.013157275085541098,,False
17007,Boone County,IL,2025,272326.8503935431,12,True,,,,,,6.595094339622642,53,False,False,1390.685713996362,,,,,0.07208905714728764,,False
17009,Brown County,IL,2025,159780.92529260746,12,True,,,,,,6.595094339622642,53,False,False,815.9498406140922,,,,,0.030167846934471942,,False
17011,Bureau County,IL,2025,145837.32680344972,12,True,,,,,,6.595094339622642,53,False,False,744.7443638403164,,,,,0.05102847395174215,,False
17013,Calhoun County,IL,2025,197483.62610982568,12,True,,,,,,6.595094339622642,53,False,False,1008.4854181005329,,,,,-0.008717295869928421,,False
17015,Carroll County,IL,2025,148897.11349940218,12,True,,,,,,6.595094339622642,53,False,False,760.3697112483592,,,,,0.13256520999163945,,False
17017,Cass County,IL,2025,107189.0328706253,12,True,,,,,,6.595094339622642,53,False,False,547.3799461744131,,,,,0.028899532161298147,,False
17019,Champaign County,IL,2025,229378.53270303702,12,True,,,,,,6.595094339622642,53,False,False,1171.3624567925615,,,,,0.05359981132517011,,False
17021,Christian County,IL,2025,128914.66261972727,12,True,,,,,,6.595094339622642,53,False,False,658.3257558732677,,,,,0.08463655181713858,,False
17023,Clark County,IL,2025,139727.7774929797,12,True,,,,,,6.595094339622642,53,False,False,713.5448587869269,,,,,0.017593192015765036,,False
17025,Clay County,IL,2025,106308.89400389191,12,True,,,,,,6.595094339622642,53,False,False,542.8853598105262,,,,,0.0466684281877241,,False
17027,Clinton County,IL,2025,212411.46820679927,12,True,,,,,,6.595094339622642,53,False,False,1084.7171106973306,,,,,0.06710438958464415,,False
17029,Coles County,IL,2025,139547.60941489864,12,True,,,,,,6.595094339622642,53,False,False,712.6247983083388,,,,,0.06930012687989384,,False
17031,Cook County,IL,2025,327954.57999156154,12,True,,,,,,6.595094339622642,53,False,False,1674.7586533419385,,,,,0.028692005400163367,,False
17033,Crawford County,IL,2025,146306.45637164972,12,True,,,,,,6.595094339622642,53,False,False,747.1400577925148,,,,,0.02822909648812888,,False
17035,Cumberland County,IL,2025,167552.80721740346,12,True,,,,,,6.595094339622642,53,False,False,855.6383441460105,,,,,-0.022608737693153413,,False
17037,DeKalb County,IL,2025,287314.3641487936,12,True,,,,,,6.595094339622642,53,False,False,1467.2221305767712,,,,,0.062043331017860526,,False
17039,Dewitt County,IL,2025,147560.95551854497,12,True,,,,,,6.595094339622642,53,False,False,753.5463818082579,,,,,0.07858431428693735,,False
17041,Douglas County,IL,2025,151564.56375554678,12,True,,,,,,6.595094339622642,53,False,False,773.9915225337887,,,,,0.07286153449836141,,False
17043,DuPage County,IL,2025,427367.988371193,12,True,,,,,,6.595094339622642,53,False,False,2182.4309839015173,,,,,0.0518110545653554,,False
17045,Edgar County,IL,2025,116789.46516779512,12,True,,,,,,6.595094339622642,53,False,False,596.4062688619093,,,,,-0.024990714464734887,,False
17047,Edwards County,IL,2025,128076.40799681169,12,True,,,,,,6.595094339622642,53,False,False,654.045058883252,,,,,0.019790118569251947,,False
17049,Effingham County,IL,2025,216416.26940118254,12,True,,,,,,6.595094339622642,53,False,False,1105.168343472857,,,,,0.03467943229512538,,False
17051,Fayette County,IL,2025,156321.9951354939,12,True,,,,,,6.595094339622642,53,False,False,798.2861958127895,,,,,-0.010081860325712455,,False
17053,Ford County,IL,2025,154939.19064596316,12,True,,,,,,6.595094339622642,53,False,False,791.2246576425305,,,,,0.048805240536890615,,False
17055,Franklin County,IL,2025,111445.91213000567,12,True,,,,,,6.595094339622642,53,False,False,569.1184606237692,,,,,-0.024944403974569762,,False
17057,Fulton County,IL,2025,108347.75238743781,12,True,,,,,,6.595094339622642,53,False,False,553.2971543976612,,,,,-0.011520129090765718,,False
17059,Gallatin County,IL,2025,100583.27554546583,12,True,,,,,,6.595094339622642,53,False,False,513.6464662441363,,,,,-0.013414898292998356,,False
17061,Greene County,IL,2025,114998.04519862226,12,True,,,,,,6.595094339622642,53,False,False,587.2580627437969,,,,,0.010757676217356904,,False
17063,Grundy County,IL,2025,314924.2859480372,12,True,,,,,,6.595094339622642,53,False,False,1608.2171288858883,,,,,0.04374066378280839,,False
17065,Hamilton County,IL,2025,126946.93750489895,12,True,,,,,,6.595094339622642,53,False,False,648.2772160311293,,,,,-0.03227418769063983,,False
17067,Hancock County,IL,2025,112551.01207125509,12,True,,,,,,6.595094339622642,53,False,False,574.7618509050172,,,,,0.02802724273531343,,False
17069,Hardin County,IL,2025,108430.45645423133,12,True,,,,,,6.595094339622642,53,False,False,553.7194974902095,,,,,-0.08119247713795774,,False
17071,Henderson County,IL,2025,124648.83680476667,12,True,,,,,,6.595094339622642,53,False,False,636.5415542394974,,,,,-0.009926100374478608,,False
17073,Henry County,IL,2025,162802.32719737562,12,True,,,,,,6.595094339622642,53,False,False,831.3791692283304,,,,,0.045226785953888404,,False
17075,Iroquois County,IL,2025,154933.91306261814,12,True,,,,,,6.595094339622642,53,False,False,791.1977067203143,,,,,0.06775344098000069,,False
17077,Jackson County,IL,2025,124151.1257157045,12,True,,,,,,6.595094339622642,53,False,False,633.9999036447944,,,,,0.09448008146816589,,False
17079,Jasper County,IL,2025,156772.10897393004,12,True,,,,,,6.595094339622642,53,False,False,800.5847825436998,,,,,0.060123467781529216,,False
17081,Jefferson County,IL,2025,139000.3218500505,12,True,,,,,,6.595094339622642,53,False,False,709.8299765829661,,,,,0.01536153934411244,,False
17083,Jersey County,IL,2025,202452.94008627682,12,True,,,,,,6.595094339622642,53,False,False,1033.8621077123953,,,,,0.038291479272823725,,False
17085,Jo Daviess County,IL,2025,240630.67512686554,12,True,,,,,,6.595094339622642,53,False,False,1228.8235323275564,,,,,0.06074143166889168,,False
17087,Johnson County,IL,2025,197905.73476252073,12,True,,,,,,6.595094339622642,53,False,False,1010.6409913471991,,,,,0.029087677662928968,,False
17089,Kane County,IL,2025,371167.08793001965,12,True,,,,,,6.595094339622642,53,False,False,1895.4310452457264,,,,,0.04788878628479587,,False
17091,Kankakee County,IL,2025,216761.48734100035,12,True,,,,,,6.595094339622642,53,False,False,1106.9312605573314,,,,,0.041577444776562444,,False
17093,Kendall County,IL,2025,388175.64628765726,12,True,,,,,,6.595094339622642,53,False,False,1982.2882871572674,,,,,0.056025948116760205,,False
17095,Knox County,IL,2025,105074.53210959908,12,True,,,,,,6.595094339622642,53,False,False,536.5818702728114,,,,,0.02344374051926379,,False
17097,Lake County,IL,2025,379943.9112765111,12,True,,,,,,6.595094339622642,53,False,False,1940.2514616850035,,,,,0.05484389828569669,,False
17099,La Salle County,IL,2025,185738.98477278926,12,True,,,,,,6.595094339622642,53,False,False,948.5093088780139,,,,,0.06840989682528043,,False
17101,Lawrence County,IL,2025,116409.79735081251,12,True,,,,,,6.595094339622642,53,False,False,594.4674273250616,,,,,-0.02703161112035135,,False
17103,Lee County,IL,2025,176116.08440401487,12,True,,,,,,6.595094339622642,53,False,False,899.3682489688432,,,,,0.06482536194493904,,False
17105,Livingston County,IL,2025,157012.2342355491,12,True,,,,,,6.595094339622642,53,False,False,801.8110250916553,,,,,0.07375892191386368,,False
17107,Logan County,IL,2025,134996.76149927123,12,True,,,,,,6.595094339622642,53,False,False,689.3850803969858,,,,,0.04923683005256385,,False
17109,McDonough County,IL,2025,100330.22912514293,12,True,,,,,,6.595094339622642,53,False,False,512.3542394908344,,,,,-0.02098200765136904,,False
17111,McHenry County,IL,2025,356642.6536920715,12,True,,,,,,6.595094339622642,53,False,False,1821.2594269517372,,,,,0.056161144427972376,,False
17113,McLean County,IL,2025,256982.5521037459,12,True,,,,,,6.595094339622642,53,False,False,1312.3273134490698,,,,,0.0631539928811169,,False
17115,Macon County,IL,2025,119411.11994220996,12,True,,,,,,6.595094339622642,53,False,False,609.7942173383095,,,,,0.05439439136796498,,False
17117,Macoupin County,IL,2025,144366.02338670334,12,True,,,,,,6.595094339622642,53,False,False,737.2308900874847,,,,,-0.004324777937394719,,False
17119,Madison County,IL,2025,190484.09724960232,12,True,,,,,,6.595094339622642,53,False,False,972.741073477331,,,,,0.03578638607319906,,False
17121,Marion County,IL,2025,119521.61531350123,12,True,,,,,,6.595094339622642,53,False,False,610.3584816923217,,,,,-0.00852125191984654,,False
17123,Marshall County,IL,2025,138065.47134939497,12,True,,,,,,6.595094339622642,53,False,False,705.0559954859674,,,,,0.05093313036708058,,False
17125,Mason County,IL,2025,92902.82938203884,12,True,,,,,,6.595094339622642,53,False,False,474.4248957630738,,,,,0.018408388979472612,,False
17127,Massac County,IL,2025,118420.180676921,12,True,,,,,,6.595094339622642,53,False,False,604.7338089441907,,,,,-0.0015166156523984675,,False
17129,Menard County,IL,2025,197617.9963092236,12,True,,,,,,6.595094339622642,53,False,False,1009.1716035296212,,,,,0.05316569012302641,,False
17131,Mercer County,IL,2025,163485.80794881188,12,True,,,,,,6.595094339622642,53,False,False,834.8694857925632,,,,,-0.003189447574500348,,False
17133,Monroe County,IL,2025,317034.73048140696,12,True,,,,,,6.595094339622642,53,False,False,1618.994490936298,,,,,0.06408202035439903,,False
17135,Montgomery County,IL,2025,128261.59013649895,12,True,,,,,,6.595094339622642,53,False,False,654.9907245632178,,,,,0.061781667779551075,,False
17137,Morgan County,IL,2025,133707.5032449007,12,True,,,,,,6.595094339622642,53,False,False,682.8012527890434,,,,,0.03328152991199618,,False
17139,Moultrie County,IL,2025,175172.87869343744,12,True,,,,,,6.595094339622642,53,False,False,894.5516004996811,,,,,0.08514236839154044,,False
17141,Ogle County,IL,2025,214506.63515688645,12,True,,,,,,6.595094339622642,53,False,False,1095.4164550392964,,,,,0.04523395524100415,,False
17143,Peoria County,IL,2025,156459.41813244202,12,True,,,,,,6.595094339622642,53,False,False,798.9879708979643,,,,,0.07833244772612558,,False
17145,Perry County,IL,2025,119278.43531121929,12,True,,,,,,6.595094339622642,53,False,False,609.1166395654275,,,,,-0.04083783082329906,,False
17147,Piatt County,IL,2025,224712.61737870154,12,True,,,,,,6.595094339622642,53,False,False,1147.5351266013115,,,,,0.06495453520767636,,False
17149,Pike County,IL,2025,115529.90899948821,12,True,,,,,,6.595094339622642,53,False,False,589.9741202628671,,,,,0.1186896924847991,,False
17151,Pope County,IL,2025,159172.69472013417,12,True,,,,,,6.595094339622642,53,False,False,812.8438025325293,,,,,-0.10667520328604663,,False
17153,Pulaski County,IL,2025,100529.16024952517,12,True,,,,,,6.595094339622642,53,False,False,513.3701168174653,,,,,-0.1254344097680793,,False
17155,Putnam County,IL,2025,188903.89083036917,12,True,,,,,,6.595094339622642,53,False,False,964.6714670862714,,,,,0.04918197910756095,,False
17157,Randolph County,IL,2025,146671.83474050742,12,True,,,,,,6.595094339622642,53,False,False,749.005927709636,,,,,0.03675161011383654,,False
17159,Richland County,IL,2025,130920.75653444353,12,True,,,,,,6.595094339622642,53,False,False,668.570232846799,,,,,0.014828366114236768,,False
17161,Rock Island County,IL,2025,154017.76541613552,12,True,,,,,,6.595094339622642,53,False,False,786.5192350895014,,,,,0.02503789489534669,,False
17163,Saint Clair County,IL,2025,178620.29772713486,12,True,,,,,,6.595094339622642,53,False,False,912.1564616927432,,,,,0.02905808573931501,,False
17165,Saline County,IL,2025,96647.75199717122,12,True,,,,,,6.595094339622642,53,False,False,493.5490121451358,,,,,-0.06187300968181775,,False
17167,Sangamon County,IL,2025,186815.13218739384,12,True,,,,,,6.595094339622642,53,False,False,954.0048479094462,,,,,0.05000996188600704,,False
17169,Schuyler County,IL,2025,154132.58251608248,12,True,,,,,,6.595094339622642,53,False,False,787.1055691229909,,,,,-0.0537084525377608,,False
17171,Scott County,IL,2025,103435.64115140103,12,True,,,,,,6.595094339622642,53,False,False,528.212580799261,,,,,-0.08733328393574746,,False
17173,Shelby County,IL,2025,161869.44260309203,12,True,,,,,,6.595094339622642,53,False,False,826.6152273834382,,,,,0.04887842608194348,,False
17175,Stark County,IL,2025,132029.531619839,12,True,,,,,,6.595094339622642,53,False,False,674.2323909082103,,,,,0.017401422741497807,,False
17177,Stephenson County,IL,2025,147844.389927596,12,True,,,,,,6.595094339622642,53,False,False,754.9937902549559,,,,,0.08564666368426899,,False
17179,Tazewell County,IL,2025,178240.85523878518,12,True,,,,,,6.595094339622642,53,False,False,910.2187708368157,,,,,0.09002818689449854,,False
17181,Union County,IL,2025,153526.89142580982,12,True,,,,,,6.595094339622642,53,False,False,784.0124993609759,,,,,0.016136396284725407,,False
17183,Vermilion County,IL,2025,104152.46832327968,12,True,,,,,,6.595094339622642,53,False,False,531.8731868169763,,,,,0.01921178691834835,,False
17185,Wabash County,IL,2025,124703.39751023485,12,True,,,,,,6.595094339622642,53,False,False,636.820178229495,,,,,0.07073363100355934,,False
17187,Warren County,IL,2025,121866.07101266301,12,True,,,,,,6.595094339622642,53,False,False,622.3308635680346,,,,,0.03859414198552025,,False
17189,Washington County,IL,2025,158542.06607502568,12,True,,,,,,6.595094339622642,53,False,False,809.6233846915345,,,,,0.06695555487698379,,False
17191,Wayne County,IL,2025,131509.37773888747,12,True,,,,,,6.595094339622642,53,False,False,671.576132187215,,,,,-0.0013267747424763332,,False
17193,White County,IL,2025,112148.64811444929,12,True,,,,,,6.595094339622642,53,False,False,572.7071074753912,,,,,-0.04060123404185334,,False
17195,Whiteside County,IL,2025,144478.58356390835,12,True,,,,,,6.595094339622642,53,False,False,737.8056987417826,,,,,0.04589321817229153,,False
17197,Will County,IL,2025,369850.25206507166,12,True,,,,,,6.595094339622642,53,False,False,1888.7063876425016,,,,,0.038378997806348236,,False
17199,Williamson County,IL,2025,159231.85567324288,12,True,,,,,,6.595094339622642,53,False,False,813.145918508959,,,,,0.020559417521553103,,False
17201,Winnebago County,IL,2025,195463.66836564345,12,True,,,,,,6.595094339622642,53,False,False,998.1701430049958,,,,,0.08013857338209673,,False
17203,Woodford County,IL,2025,220604.68604113252,12,True,,,,,,6.595094339622642,53,False,False,1126.5572413249258,,,,,0.08022387458872648,,False
18001,Adams County,IN,2025,237672.20719836376,12,True,,,,,,6.595094339622642,53,False,False,1213.7155873065708,,,,,0.07131309382442819,,False
18003,Allen County,IN,2025,251704.73875284812,12,True,,,,,,6.595094339622642,53,False,False,1285.3752166667439,,,,,0.03287078373171837,,False
18005,Bartholomew County,IN,2025,269815.84693237685,12,True,,,,,,6.595094339622642,53,False,False,1377.8628262194393,,,,,0.03474894213178392,,False
18007,Benton County,IN,2025,197580.5963116912,12,True,,,,,,6.595094339622642,53,False,False,1008.9806137605377,,,,,0.06508310315349553,,False
18009,Blackford County,IN,2025,136817.16187868407,12,True,,,,,,6.595094339622642,53,False,False,698.681280157474,,,,,0.07500040891360604,,False
18011,Boone County,IN,2025,407283.8747785529,12,True,,,,,,6.595094339622642,53,False,False,2079.8678697201512,,,,,0.03333381288644843,,False
18013,Brown County,IN,2025,355270.88174598664,12,True,,,,,,6.595094339622642,53,False,False,1814.2542284355998,,,,,0.04018532098103811,,False
18015,Carroll County,IN,2025,229867.21178083986,12,True,,,,,,6.595094339622642,53,False,False,1173.8579838081575,,,,,0.052329200350431204,,False
18017,Cass County,IN,2025,173242.5146178047,12,True,,,,,,6.595094339622642,53,False,False,884.6938514789186,,,,,0.05795961492560009,,False
18019,Clark County,IN,2025,262482.1453195392,12,True,,,,,,6.595094339622642,53,False,False,1340.411968733492,,,,,0.032024350987560846,,False
18021,Clay County,IN,2025,179523.29231997114,12,True,,,,,,6.595094339622642,53,False,False,916.7677649052566,,,,,0.03747368507420523,,False
18023,Clinton County,IN,2025,217813.28647498184,12,True,,,,,,6.595094339622642,53,False,False,1112.302460743828,,,,,0.0570456947138811,,False
18025,Crawford County,IN,2025,165162.72633857836,12,True,,,,,,6.595094339622642,53,False,False,843.4329691391957,,,,,0.04936354053504699,,False
18027,Daviess County,IN,2025,223659.15791083928,12,True,,,,,,6.595094339622642,53,False,False,1142.1554476232263,,,,,0.035880570882235174,,False
18029,Dearborn County,IN,2025,316634.8010999263,12,True,,,,,,6.595094339622642,53,False,False,1616.9521801005178,,,,,0.03977326548565041,,False
18031,Decatur County,IN,2025,249768.75011722013,12,True,,,,,,6.595094339622642,53,False,False,1275.488744825512,,,,,0.04767986020652426,,False
18033,De Kalb County,IN,2025,241253.22633327963,12,True,,,,,,6.595094339622642,53,False,False,1232.002701284786,,,,,0.060952065101959274,,False
18035,Delaware County,IN,2025,164643.5390173944,12,True,,,,,,6.595094339622642,53,False,False,840.7816463283337,,,,,0.06504321511777045,,False
18037,Dubois County,IN,2025,251202.8624083182,12,True,,,,,,6.595094339622642,53,False,False,1282.8122954508524,,,,,0.041564182767415137,,False
18039,Elkhart County,IN,2025,254740.090607574,12,True,,,,,,6.595094339622642,53,False,False,1300.8757831926648,,,,,0.04971966054753141,,False
18041,Fayette County,IN,2025,158221.67537043802,12,True,,,,,,6.595094339622642,53,False,False,807.9872523192643,,,,,0.07775097928353358,,False
18043,Floyd County,IN,2025,281384.0460925044,12,True,,,,,,6.595094339622642,53,False,False,1436.9379019433552,,,,,0.03276320026354096,,False
18045,Fountain County,IN,2025,182738.60823293685,12,True,,,,,,6.595094339622642,53,False,False,933.1873500459974,,,,,0.051340977608517635,,False
18047,Franklin County,IN,2025,288975.04252137564,12,True,,,,,,6.595094339622642,53,False,False,1475.7026813742964,,,,,0.03813761879664823,,False
18049,Fulton County,IN,2025,198662.93781299845,12,True,,,,,,6.595094339622642,53,False,False,1014.5077840023197,,,,,0.06599313491216852,,False
18051,Gibson County,IN,2025,200273.49421110516,12,True,,,,,,6.595094339622642,53,False,False,1022.7323779826625,,,,,0.05651608574334466,,False
18053,Grant County,IN,2025,149394.60245966728,12,True,,,,,,6.595094339622642,53,False,False,762.9102275026756,,,,,0.06613485897340166,,False
18055,Greene County,IN,2025,188955.6550361271,12,True,,,,,,6.595094339622642,53,False,False,964.9358102508911,,,,,0.07983912869004217,,False
18057,Hamilton County,IN,2025,459631.0819760613,12,True,,,,,,6.595094339622642,53,False,False,2347.1882353468986,,,,,0.025221966765666348,,False
18059,Hancock County,IN,2025,326990.80631382216,12,True,,,,,,6.595094339622642,53,False,False,1669.8369708739008,,,,,0.02363851883383683,,False
18061,Harrison County,IN,2025,258531.72270962014,12,True,,,,,,6.595094339622642,53,False,False,1320.2384299145197,,,,,0.04496420614657404,,False
18063,Hendricks County,IN,2025,344070.7414426677,12,True,,,,,,6.595094339622642,53,False,False,1757.058711019408,,,,,0.010993552037962928,,False
18065,Henry County,IN,2025,188361.38994098568,12,True,,,,,,6.595094339622642,53,False,False,961.9010893743209,,,,,0.06002287708804199,,False
18067,Howard County,IN,2025,185532.95955931584,12,True,,,,,,6.595094339622642,53,False,False,947.4572043180468,,,,,0.08274081809980993,,False
18069,Huntington County,IN,2025,204471.47100619518,12,True,,,,,,6.595094339622642,53,False,False,1044.1700964749202,,,,,0.04502709728988474,,False
18071,Jackson County,IN,2025,224896.39981782532,12,True,,,,,,6.595094339622642,53,False,False,1148.4736444602868,,,,,0.03876043255747552,,False
18073,Jasper County,IN,2025,292047.1615887471,12,True,,,,,,6.595094339622642,53,False,False,1491.391006240226,,,,,0.05516495468313565,,False
18075,Jay County,IN,2025,160020.09169143953,12,True,,,,,,6.595094339622642,53,False,False,817.1711865579206,,,,,0.04486317859375566,,False
18077,Jefferson County,IN,2025,227767.0290213891,12,True,,,,,,6.595094339622642,53,False,False,1163.1330253395788,,,,,0.054614886589778866,,False
18079,Jennings County,IN,2025,212963.44729343508,12,True,,,,,,6.595094339622642,53,False,False,1087.535890516874,,,,,0.0399874733528236,,False
18081,Johnson County,IN,2025,313644.1013659727,12,True,,,,,,6.595094339622642,53,False,False,1601.6796376066304,,,,,0.018245782794894083,,False
18083,Knox County,IN,2025,155534.8754217944,12,True,,,,,,6.595094339622642,53,False,False,794.2666283721757,,,,,0.04714449268050647,,False
18085,Kosciusko County,IN,2025,279397.13316400093,12,True,,,,,,6.595094339622642,53,False,False,1426.791376102692,,,,,0.03027906393557589,,False
18087,Lagrange County,IN,2025,323867.7576566432,12,True,,,,,,6.595094339622642,53,False,False,1653.8885649588105,,,,,0.04932119489948561,,False
18089,Lake County,IN,2025,250224.30558014152,12,True,,,,,,6.595094339622642,53,False,False,1277.8151201840276,,,,,0.018892993052274987,,False
18091,La Porte County,IN,2025,252153.22248968945,12,True,,,,,,6.595094339622642,53,False,False,1287.665478992635,,,,,0.05175200361061538,,False
18093,Lawrence County,IN,2025,204104.82184663825,12,True,,,,,,6.595094339622642,53,False,False,1042.2977370380604,,,,,0.027889417550426288,,False
18095,Madison County,IN,2025,183906.46098800548,12,True,,,,,,6.595094339622642,53,False,False,939.151198782096,,,,,0.04106228961942482,,False
18097,Marion County,IN,2025,233951.04807876516,12,True,,,,,,6.595094339622642,53,False,False,1194.7128234599115,,,,,0.021088823472755314,,False
18099,Marshall County,IN,2025,251347.7991006223,12,True,,,,,,6.595094339622642,53,False,False,1283.5524405637193,,,,,0.028960980634526123,,False
18101,Martin County,IN,2025,199517.63878123582,12,True,,,,,,6.595094339622642,53,False,False,1018.8724671929374,,,,,0.058425668798086194,,False
18103,Miami County,IN,2025,151959.08308055362,12,True,,,,,,6.595094339622642,53,False,False,776.0062059496532,,,,,0.07019985193932321,,False
18105,Monroe County,IN,2025,313399.2797559755,12,True,,,,,,6.595094339622642,53,False,False,1600.4294123166576,,,,,0.029784160109258107,,False
18107,Montgomery County,IN,2025,220309.80258097532,12,True,,,,,,6.595094339622642,53,False,False,1125.0513662533278,,,,,0.06010656479913834,,False
18109,Morgan County,IN,2025,300438.99161097506,12,True,,,,,,6.595094339622642,53,False,False,1534.2453854882992,,,,,0.037156168703086356,,False
18111,Newton County,IN,2025,219779.7529991133,12,True,,,,,,6.595094339622642,53,False,False,1122.3445733677197,,,,,0.0501662708991637,,False
18113,Noble County,IN,2025,247334.7971163138,12,True,,,,,,6.595094339622642,53,False,False,1263.05932898933,,,,,0.05377719053097252,,False
18115,Ohio County,IN,2025,275927.6401083128,12,True,,,,,,6.595094339622642,53,False,False,1409.0737899727071,,,,,0.05029856381303932,,False
18117,Orange County,IN,2025,179844.875212866,12,True,,,,,,6.595094339622642,53,False,False,918.4099854001075,,,,,0.03580133889366133,,False
18119,Owen County,IN,2025,226523.35740575867,12,True,,,,,,6.595094339622642,53,False,False,1156.7819940466284,,,,,0.032484065299264175,,False
18121,Parke County,IN,2025,208365.66448495208,12,True,,,,,,6.595094339622642,53,False,False,1064.0564911900165,,,,,0.06866749946222561,,False
18123,Perry County,IN,2025,186548.3998898385,12,True,,,,,,6.595094339622642,53,False,False,952.642731779011,,,,,0.052271340507806796,,False
18125,Pike County,IN,2025,166329.40147356447,12,True,,,,,,6.595094339622642,53,False,False,849.3908041479555,,,,,0.046624259551444336,,False
18127,Porter County,IN,2025,328511.05547329126,12,True,,,,,,6.595094339622642,53,False,False,1677.600394806331,,,,,0.023382276779923883,,False
18129,Posey County,IN,2025,233507.87759104665,12,True,,,,,,6.595094339622642,53,False,False,1192.4496941899026,,,,,0.0609007094064844,,False
18131,Pulaski County,IN,2025,182575.89317650764,12,True,,,,,,6.595094339622642,53,False,False,932.356416540538,,,,,0.046047925580069426,,False
18133,Putnam County,IN,2025,266374.0429713343,12,True,,,,,,6.595094339622642,53,False,False,1360.2866393980478,,,,,0.03206481628092872,,False
18135,Randolph County,IN,2025,147406.74314999816,12,True,,,,,,6.595094339622642,53,False,False,752.7588687975148,,,,,0.06950199203270269,,False
18137,Ripley County,IN,2025,271531.02042472764,12,True,,,,,,6.595094339622642,53,False,False,1386.621666081871,,,,,0.06097095881770609,,False
18139,Rush County,IN,2025,212653.03418630137,12,True,,,,,,6.595094339622642,53,False,False,1085.9507105285466,,,,,0.08486621866485189,,False
18141,Saint Joseph County,IN,2025,221373.2068072653,12,True,,,,,,6.595094339622642,53,False,False,1130.4818299170015,,,,,0.0444303445572547,,False
18143,Scott County,IN,2025,197713.13423141962,12,True,,,,,,6.595094339622642,53,False,False,1009.6574423261485,,,,,0.03976087401259565,,False
18145,Shelby County,IN,2025,245222.21457017472,12,True,,,,,,6.595094339622642,53,False,False,1252.2710487947477,,,,,0.036783907136344274,,False
18147,Spencer County,IN,2025,222761.59344520618,12,True,,,,,,6.595094339622642,53,False,False,1137.5718743253938,,,,,0.03612354923212013,,False
18149,Starke County,IN,2025,211869.10246335636,12,True,,,,,,6.595094339622642,53,False,False,1081.94742313227,,,,,0.05124590462190737,,False
18151,Steuben County,IN,2025,304771.9538640787,12,True,,,,,,6.595094339622642,53,False,False,1556.3724313376847,,,,,0.04121639873670491,,False
18153,Sullivan County,IN,2025,159217.18686305522,12,True,,,,,,6.595094339622642,53,False,False,813.0710096090843,,,,,0.09380550065312865,,False
18155,Switzerland County,IN,2025,245524.98682267324,12,True,,,,,,6.595094339622642,53,False,False,1253.817209393806,,,,,0.0961364194892056,,False
18157,Tippecanoe County,IN,2025,295622.3308319174,12,True,,,,,,6.595094339622642,53,False,False,1509.6482467011322,,,,,0.042578481427565595,,False
18159,Tipton County,IN,2025,239216.11562931628,12,True,,,,,,6.595094339622642,53,False,False,1221.5998315356705,,,,,0.07699938385530913,,False
18161,Union County,IN,2025,186624.31129048576,12,True,,,,,,6.595094339622642,53,False,False,953.0303869083418,,,,,0.03177777685594507,,False
18163,Vanderburgh County,IN,2025,195918.3489335376,12,True,,,,,,6.595094339622642,53,False,False,1000.4920505557509,,,,,0.045281627636212685,,False
18165,Vermillion County,IN,2025,134325.66262883155,12,True,,,,,,6.595094339622642,53,False,False,685.9579941201429,,,,,0.04866489293477683,,False
18167,Vigo County,IN,2025,163285.21910970443,12,True,,,,,,6.595094339622642,53,False,False,833.8451430495294,,,,,0.05196443444323373,,False
18169,Wabash County,IN,2025,184174.3192138611,12,True,,,,,,6.595094339622642,53,False,False,940.519064666549,,,,,0.06049390580223224,,False
18171,Warren County,IN,2025,229858.05625077465,12,True,,,,,,6.595094339622642,53,False,False,1173.8112294582015,,,,,0.028772103952035,,False
18173,Warrick County,IN,2025,283364.6441136087,12,True,,,,,,6.595094339622642,53,False,False,1447.0521795811965,,,,,0.038679688941258394,,False
18175,Washington County,IN,2025,213693.0263124413,12,True,,,,,,6.595094339622642,53,False,False,1091.261616120123,,,,,0.04294516398685522,,False
18177,Wayne County,IN,2025,164905.23290697773,12,True,,,,,,6.595094339622642,53,False,False,842.1180329283249,,,,,0.08091541023256688,,False
18179,Wells County,IN,2025,242262.4005987785,12,True,,,,,,6.595094339622642,53,False,False,1237.1562299652446,,,,,0.06388648940886354,,False
18181,White County,IN,2025,219174.11195791047,12,True,,,,,,6.595094339622642,53,False,False,1119.2517591902215,,,,,0.06248969213853206,,False
18183,Whitley County,IN,2025,271844.35396692733,12,True,,,,,,6.595094339622642,53,False,False,1388.2217597936121,,,,,0.044965007795816136,,False
19001,Adair County,IA,2025,187718.06598107392,12,True,,,,,,6.595094339622642,53,False,False,958.6158406402062,,,,,0.034572346251051655,,False
19003,Adams County,IA,2025,163853.6749854122,12,True,,,,,,6.595094339622642,53,False,False,836.7480645361239,,,,,0.07643985293234667,,False
19005,Allamakee County,IA,2025,247394.36566367492,12,True,,,,,,6.595094339622642,53,False,False,1263.3635264186285,,,,,0.0675439452321791,,False
19007,Appanoose County,IA,2025,120438.41834260646,12,True,,,,,,6.595094339622642,53,False,False,615.0403001515839,,,,,-0.006084705774554,,False
19009,Audubon County,IA,2025,151994.00541870188,12,True,,,,,,6.595094339622642,53,False,False,776.184543108446,,,,,0.056549922757887616,,False
19011,Benton County,IA,2025,264415.9108381443,12,True,,,,,,6.595094339622642,53,False,False,1350.2870878304766,,,,,0.04924339613788575,,False
19013,Black Hawk County,IA,2025,187879.96299855807,12,True,,,,,,6.595094339622642,53,False,False,959.4425966836461,,,,,0.04577884673660648,,False
19015,Boone County,IA,2025,228003.14190959875,12,True,,,,,,6.595094339622642,53,False,False,1164.33877798589,,,,,0.05708220831683164,,False
19017,Bremer County,IA,2025,256546.78403837504,12,True,,,,,,6.595094339622642,53,False,False,1310.1019859712567,,,,,0.05174691158503664,,False
19019,Buchanan County,IA,2025,216241.69247403924,12,True,,,,,,6.595094339622642,53,False,False,1104.2768352054177,,,,,0.059179400278290384,,False
19021,Buena Vista County,IA,2025,188501.98807001024,12,True,,,,,,6.595094339622642,53,False,False,962.6190788386963,,,,,0.018161657103901385,,False
19023,Butler County,IA,2025,187825.44960611136,12,True,,,,,,6.595094339622642,53,False,False,959.1642143060452,,,,,0.03821778748784177,,False
19025,Calhoun County,IA,2025,145653.86307997353,12,True,,,,,,6.595094339622642,53,False,False,743.8074735597354,,,,,0.011343333842691372,,False
19027,Carroll County,IA,2025,201286.36645780908,12,True,,,,,,6.595094339622642,53,False,False,1027.904791064806,,,,,0.055712062592624845,,False
19029,Cass County,IA,2025,160262.11895738196,12,True,,,,,,6.595094339622642,53,False,False,818.4071420307553,,,,,0.05409522465839789,,False
19031,Cedar County,IA,2025,245610.30808808104,12,True,,,,,,6.595094339622642,53,False,False,1254.2529176786531,,,,,0.051022112674274256,,False
19033,Cerro Gordo County,IA,2025,198497.4167356091,12,True,,,,,,6.595094339622642,53,False,False,1013.6625210495187,,,,,0.04443364762492785,,False
19035,Cherokee County,IA,2025,157270.37431657568,12,True,,,,,,6.595094339622642,53,False,False,803.1292635333468,,,,,0.031185555403998366,,False
19037,Chickasaw County,IA,2025,210150.26441697916,12,True,,,,,,6.595094339622642,53,False,False,1073.1698695700127,,,,,0.06131393478245384,,False
19039,Clarke County,IA,2025,194670.757192399,12,True,,,,,,6.595094339622642,53,False,False,994.1210004415443,,,,,0.04023763021215254,,False
19041,Clay County,IA,2025,187735.22497136515,12,True,,,,,,6.595094339622642,53,False,False,958.7034660896621,,,,,0.0367053632127019,,False
19043,Clayton County,IA,2025,251800.5287270518,12,True,,,,,,6.595094339622642,53,False,False,1285.8643852833407,,,,,0.076218568507048,,False
19045,Clinton County,IA,2025,172950.4486686562,12,True,,,,,,6.595094339622642,53,False,False,883.2023645306481,,,,,0.020436791133470633,,False
19047,Crawford County,IA,2025,175708.44241991977,12,True,,,,,,6.595094339622642,53,False,False,897.2865523499202,,,,,0.04457340935544285,,False
19049,Dallas County,IA,2025,358793.6238445489,12,True,,,,,,6.595094339622642,53,False,False,1832.2437403162112,,,,,0.00917355578244039,,False
19051,Davis County,IA,2025,230682.61154444635,12,True,,,,,,6.595094339622642,53,False,False,1178.0219683759844,,,,,0.04971623150874804,,False
19053,Decatur County,IA,2025,152655.2586690956,12,True,,,,,,6.595094339622642,53,False,False,779.5613509675583,,,,,0.009523638135725543,,False
19055,Delaware County,IA,2025,239851.35288922858,12,True,,,,,,6.595094339622642,53,False,False,1224.8437840915115,,,,,0.02648534125687907,,False
19057,Des Moines County,IA,2025,146170.08590807623,12,True,,,,,,6.595094339622642,53,False,False,746.4436576570574,,,,,0.015851394946067243,,False
19059,Dickinson County,IA,2025,385653.7511042541,12,True,,,,,,6.595094339622642,53,False,False,1969.4097788548847,,,,,0.012271033568201029,,False
19061,Dubuque County,IA,2025,268366.1613702836,12,True,,,,,,6.595094339622642,53,False,False,1370.459747903524,,,,,0.05743022541538245,,False
19063,Emmet County,IA,2025,141969.91616148234,12,True,,,,,,6.595094339622642,53,False,False,724.9947404661643,,,,,0.02412632823339278,,False
19065,Fayette County,IA,2025,150772.83421103793,12,True,,,,,,6.595094339622642,53,False,False,769.9484141685792,,,,,0.06513823573094779,,False
19067,Floyd County,IA,2025,154484.27870102398,12,True,,,,,,6.595094339622642,53,False,False,788.9015685235584,,,,,0.04556270955725772,,False
19069,Franklin County,IA,2025,151349.02081013276,12,True,,,,,,6.595094339622642,53,False,False,772.8908139752797,,,,,0.04573314051378419,,False
19071,Fremont County,IA,2025,170981.57191887274,12,True,,,,,,6.595094339622642,53,False,False,873.1479436588664,,,,,0.048939851834687964,,False
19073,Greene County,IA,2025,169927.51933478494,12,True,,,,,,6.595094339622642,53,False,False,867.7652358268126,,,,,0.05855193154665228,,False
19075,Grundy County,IA,2025,216237.13699486805,12,True,,,,,,6.595094339622642,53,False,False,1104.2535718371723,,,,,0.059112228574699,,False
19077,Guthrie County,IA,2025,263525.4057928774,12,True,,,,,,6.595094339622642,53,False,False,1345.739564723942,,,,,0.03308013741681659,,False
19079,Hamilton County,IA,2025,170071.59590190827,12,True,,,,,,6.595094339622642,53,False,False,868.5009885567782,,,,,0.06513212235932508,,False
19081,Hancock County,IA,2025,183359.9023718154,12,True,,,,,,6.595094339622642,53,False,False,936.3600995632759,,,,,0.05357071326706753,,False
19083,Hardin County,IA,2025,142768.15149944223,12,True,,,,,,6.595094339622642,53,False,False,729.071071827922,,,,,0.004600310775999983,,False
19085,Harrison County,IA,2025,215677.8170404764,12,True,,,,,,6.595094339622642,53,False,False,1101.3973045649534,,,,,0.05887867383485057,,False
19087,Henry County,IA,2025,184768.95499111546,12,True,,,,,,6.595094339622642,53,False,False,943.5556784975528,,,,,0.021084742745683283,,False
19089,Howard County,IA,2025,190629.9097735871,12,True,,,,,,6.595094339622642,53,False,False,973.4856911811468,,,,,0.044195979804551255,,False
19091,Humboldt County,IA,2025,158603.1459576511,12,True,,,,,,6.595094339622642,53,False,False,809.9353000243672,,,,,0.050625241034726765,,False
19093,Ida County,IA,2025,179167.98812222527,12,True,,,,,,6.595094339622642,53,False,False,914.9533405427155,,,,,0.06627684599784467,,False
19095,Iowa County,IA,2025,227011.77926571734,12,True,,,,,,6.595094339622642,53,False,False,1159.27620753335,,,,,0.06054969484691286,,False
19097,Jackson County,IA,2025,229239.5559574971,12,True,,,,,,6.595094339622642,53,False,False,1170.6527472126181,,,,,0.036707194545503974,,False
19099,Jasper County,IA,2025,222096.00217113728,12,True,,,,,,6.595094339622642,53,False,False,1134.172913573376,,,,,0.04200181961030003,,False
19101,Jefferson County,IA,2025,178477.37812274948,12,True,,,,,,6.595094339622642,53,False,False,911.4266171996954,,,,,0.034571254470013635,,False
19103,Johnson County,IA,2025,304627.4636326842,12,True,,,,,,6.595094339622642,53,False,False,1555.6345661572152,,,,,0.033203615829513033,,False
19105,Jones County,IA,2025,228025.86570533118,12,True,,,,,,6.595094339622642,53,False,False,1164.4548211085096,,,,,0.03878382852390594,,False
19107,Keokuk County,IA,2025,131608.04261351284,12,True,,,,,,6.595094339622642,53,False,False,672.0799819964294,,,,,-0.004167122653125799,,False
19109,Kossuth County,IA,2025,170379.9279477204,12,True,,,,,,6.595094339622642,53,False,False,870.0755412336757,,,,,0.03178199196799625,,False
19111,Lee County,IA,2025,123286.75878676322,12,True,,,,,,6.595094339622642,53,False,False,629.5858594989732,,,,,-0.0037929269116292463,,False
19113,Linn County,IA,2025,236123.69712721545,12,True,,,,,,6.595094339622642,53,False,False,1205.8078439797068,,,,,0.031565892683009134,,False
19115,Louisa County,IA,2025,169504.50220291447,12,True,,,,,,6.595094339622642,53,False,False,865.6050232689328,,,,,0.052306225733586675,,False
19117,Lucas County,IA,2025,180200.24662142782,12,True,,,,,,6.595094339622642,53,False,False,920.2247529866878,,,,,0.013678234705401415,,False
19119,Lyon County,IA,2025,243889.771498009,12,True,,,,,,6.595094339622642,53,False,False,1245.4666901995652,,,,,0.08055673501837113,,False
19121,Madison County,IA,2025,338082.3007207056,12,True,,,,,,6.595094339622642,53,False,False,1726.4776686098483,,,,,0.03705810591994707,,False
19123,Mahaska County,IA,2025,190076.35199249655,12,True,,,,,,6.595094339622642,53,False,False,970.658849476329,,,,,0.044412694613358505,,False
19125,Marion County,IA,2025,271461.893537477,12,True,,,,,,6.595094339622642,53,False,False,1386.2686572822847,,,,,0.049807843346531655,,False
19127,Marshall County,IA,2025,188895.198988536,12,True,,,,,,6.595094339622642,53,False,False,964.6270806431123,,,,,0.030297866552199793,,False
19129,Mills County,IA,2025,275185.7583257018,12,True,,,,,,6.595094339622642,53,False,False,1405.2852381091645,,,,,0.03928792009047899,,False
19131,Mitchell County,IA,2025,210140.02868698968,12,True,,,,,,6.595094339622642,53,False,False,1073.1175989861604,,,,,0.06944977556274434,,False
19133,Monona County,IA,2025,160443.14720804268,12,True,,,,,,6.595094339622642,53,False,False,819.3315951342953,,,,,0.01065468684157378,,False
19135,Monroe County,IA,2025,167969.2737541913,12,True,,,,,,6.595094339622642,53,False,False,857.7651049198065,,,,,0.02024657342639946,,False
19137,Montgomery County,IA,2025,143333.2845833059,12,True,,,,,,6.595094339622642,53,False,False,731.9570248843326,,,,,0.0405511947478161,,False
19139,Muscatine County,IA,2025,196419.4569587889,12,True,,,,,,6.595094339622642,53,False,False,1003.0510482119822,,,,,0.03962947212987067,,False
19141,O Brien County,IA,2025,181728.37145899076,12,True,,,,,,6.595094339622642,53,False,False,928.0283954763312,,,,,0.0849807059789105,,False
19143,Osceola County,IA,2025,164383.1544176001,12,True,,,,,,6.595094339622642,53,False,False,839.4519458505614,,,,,0.05494865280590311,,False
19145,Page County,IA,2025,145906.23881392746,12,True,,,,,,6.595094339622642,53,False,False,745.096275333273,,,,,0.026863832384797837,,False
19147,Palo Alto County,IA,2025,165828.0539458902,12,True,,,,,,6.595094339622642,53,False,False,846.8305834298133,,,,,0.07759207250165412,,False
19149,Plymouth County,IA,2025,281707.4851769427,12,True,,,,,,6.595094339622642,53,False,False,1438.58960141194,,,,,0.0541326836554461,,False
19151,Pocahontas County,IA,2025,107912.5969622248,12,True,,,,,,6.595094339622642,53,False,False,551.074955476265,,,,,0.01065366827700509,,False
19153,Polk County,IA,2025,282104.3237885889,12,True,,,,,,6.595094339622642,53,False,False,1440.6161286793802,,,,,0.022599882588235864,,False
19155,Pottawattamie County,IA,2025,238472.71631698447,12,True,,,,,,6.595094339622642,53,False,False,1217.8035301354944,,,,,0.036107958915185145,,False
19157,Poweshiek County,IA,2025,209502.54667924263,12,True,,,,,,6.595094339622642,53,False,False,1069.8621832244667,,,,,0.05680516893090881,,False
19159,Ringgold County,IA,2025,174051.51733664618,12,True,,,,,,6.595094339622642,53,False,False,888.8251683947908,,,,,0.0221453911261964,,False
19161,Sac County,IA,2025,161341.38675346304,12,True,,,,,,6.595094339622642,53,False,False,823.9186158476679,,,,,0.037487614446924944,,False
19163,Scott County,IA,2025,242377.75585799,12,True,,,,,,6.595094339622642,53,False,False,1237.7453122051631,,,,,0.02692872474164143,,False
19165,Shelby County,IA,2025,209017.337556451,12,True,,,,,,6.595094339622642,53,False,False,1067.3843761540588,,,,,0.06824617130968447,,False
19167,Sioux County,IA,2025,303111.5615269659,12,True,,,,,,6.595094339622642,53,False,False,1547.8933412313845,,,,,0.05191476270194206,,False
19169,Story County,IA,2025,288585.82158659975,12,True,,,,,,6.595094339622642,53,False,False,1473.7150551347283,,,,,0.03179797111051941,,False
19171,Tama County,IA,2025,168976.3908379353,12,True,,,,,,6.595094339622642,53,False,False,862.9081282341085,,,,,0.058186948808702565,,False
19173,Taylor County,IA,2025,129939.95605191485,12,True,,,,,,6.595094339622642,53,False,False,663.5615999581863,,,,,0.03696958104323067,,False
19175,Union County,IA,2025,157275.56766974265,12,True,,,,,,6.595094339622642,53,False,False,803.1557843191108,,,,,0.09556870676334817,,False
19177,Van Buren County,IA,2025,182059.704755952,12,True,,,,,,6.595094339622642,53,False,False,929.7204081515023,,,,,0.03394212250085049,,False
19179,Wapello County,IA,2025,129804.07909594853,12,True,,,,,,6.595094339622642,53,False,False,662.8677200074927,,,,,2.9413063865169065e-05,,False
19181,Warren County,IA,2025,320045.8240186362,12,True,,,,,,6.595094339622642,53,False,False,1634.3711780300607,,,,,0.026805512168746715,,False
19183,Washington County,IA,2025,227469.56035207747,12,True,,,,,,6.595094339622642,53,False,False,1161.613948435574,,,,,0.042901944238366685,,False
19185,Wayne County,IA,2025,137091.44614932392,12,True,,,,,,6.595094339622642,53,False,False,700.0819617876605,,,,,0.04486328014175722,,False
19187,Webster County,IA,2025,138516.96957329402,12,True,,,,,,6.595094339622642,53,False,False,707.361651828571,,,,,0.02247255456337105,,False
19189,Winnebago County,IA,2025,149736.88308063222,12,True,,,,,,6.595094339622642,53,False,False,764.6581446436622,,,,,0.02861731194578665,,False
19191,Winneshiek County,IA,2025,309233.4567636037,12,True,,,,,,6.595094339622642,53,False,False,1579.1558929624073,,,,,0.06918014282059293,,False
19193,Woodbury County,IA,2025,205435.39848990037,12,True,,,,,,6.595094339622642,53,False,False,1049.0925643806006,,,,,0.028804716828489507,,False
19195,Worth County,IA,2025,184091.6601930794,12,True,,,,,,6.595094339622642,53,False,False,940.0969516095075,,,,,0.055720740147885195,,False
19197,Wright County,IA,2025,134111.26677396582,12,True,,,,,,6.595094339622642,53,False,False,684.8631433844519,,,,,0.06579160598786515,,False
20001,Allen County,KS,2025,113869.86867166166,12,True,,,,,,6.595094339622642,53,False,False,581.4968277548752,,,,,0.014619965945369628,,False
20003,Anderson County,KS,2025,183321.02967084898,12,True,,,,,,6.595094339622642,53,False,False,936.1615891710015,,,,,0.037449464003049604,,False
20005,Atchison County,KS,2025,176224.1316097741,12,True,,,,,,6.595094339622642,53,False,False,899.92001132819,,,,,0.05308454001910712,,False
20007,Barber County,KS,2025,84831.76393703395,12,True,,,,,,6.595094339622642,53,False,False,433.20855813467773,,,,,-0.001952123833800612,,False
20009,Barton County,KS,2025,112570.81224142016,12,True,,,,,,6.595094339622642,53,False,False,574.8629640113579,,,,,0.009394169343633463,,False
20011,Bourbon County,KS,2025,131995.7186367859,12,True,,,,,,6.595094339622642,53,False,False,674.0597188694026,,,,,0.015512134952108791,,False
20013,Brown County,KS,2025,150198.01968835085,12,True,,,,,,6.595094339622642,53,False,False,767.0130211151826,,,,,0.0878876429975497,,False
20015,Butler County,KS,2025,243207.82415608896,12,True,,,,,,6.595094339622642,53,False,False,1241.984204264978,,,,,0.0447346450941013,,False
20017,Chase County,KS,2025,164581.74172221837,12,True,,,,,,6.595094339622642,53,False,False,840.4660674001425,,,,,0.02909774891110639,,False
20019,Chautauqua County,KS,2025,88013.97854096297,12,True,,,,,,6.595094339622642,53,False,False,449.45910552711956,,,,,-0.008340968590477615,,False
20021,Cherokee County,KS,2025,127443.35991998231,12,True,,,,,,6.595094339622642,53,False,False,650.8122857819318,,,,,0.04615850558184054,,False
20023,Cheyenne County,KS,2025,166765.54868453523,12,True,,,,,,6.595094339622642,53,False,False,851.6180678005109,,,,,0.07661637568401347,,False
20025,Clark County,KS,2025,90015.96817198338,12,True,,,,,,6.595094339622642,53,False,False,459.68262324270853,,,,,-0.008536101106011884,,False
20027,Clay County,KS,2025,162073.7161961576,12,True,,,,,,6.595094339622642,53,False,False,827.6583869808576,,,,,0.026396164106444076,,False
20029,Cloud County,KS,2025,118508.18319957168,12,True,,,,,,6.595094339622642,53,False,False,605.1832095481674,,,,,0.09230201734252619,,False
20031,Coffey County,KS,2025,187819.06458860333,12,True,,,,,,6.595094339622642,53,False,False,959.1316080734273,,,,,0.06022838738329939,,False
20033,Comanche County,KS,2025,91072.64411797626,12,True,,,,,,6.595094339622642,53,False,False,465.0787277410064,,,,,0.05828710084696409,,False
20035,Cowley County,KS,2025,121860.47253603814,12,True,,,,,,6.595094339622642,53,False,False,622.3022739469557,,,,,0.035737143298644414,,False
20037,Crawford County,KS,2025,142107.47554108218,12,True,,,,,,6.595094339622642,53,False,False,725.6972120137156,,,,,0.035685218316747314,,False
20039,Decatur County,KS,2025,104771.30156894242,12,True,,,,,,6.595094339622642,53,False,False,535.0333693433982,,,,,0.018075116438577066,,False
20041,Dickinson County,KS,2025,166344.48914903388,12,True,,,,,,6.595094339622642,53,False,False,849.4678520582237,,,,,0.05533720932603359,,False
20043,Doniphan County,KS,2025,151754.8883097277,12,True,,,,,,6.595094339622642,53,False,False,774.9634488720828,,,,,0.08261614142236207,,False
20045,Douglas County,KS,2025,332250.4254444422,12,True,,,,,,6.595094339622642,53,False,False,1696.6961556198962,,,,,0.04686445462409794,,False
20047,Edwards County,KS,2025,86663.73540984398,12,True,,,,,,6.595094339622642,53,False,False,442.56384775082864,,,,,0.07577972828024326,,False
20049,Elk County,KS,2025,93084.11405833597,12,True,,,,,,6.595094339622642,53,False,False,475.3506583499379,,,,,0.05773019355211417,,False
20051,Ellis County,KS,2025,237950.56018776252,12,True,,,,,,6.595094339622642,53,False,False,1215.1370465759953,,,,,0.07113838581625176,,False
20053,Ellsworth County,KS,2025,131649.76382866688,12,True,,,,,,6.595094339622642,53,False,False,672.2930388353032,,,,,0.08330261587508114,,False
20055,Finney County,KS,2025,238659.23358705,12,True,,,,,,6.595094339622642,53,False,False,1218.756013897264,,,,,0.021300827029220315,,False
20057,Ford County,KS,2025,217087.3994334111,12,True,,,,,,6.595094339622642,53,False,False,1108.5955888829421,,,,,0.051969261441932035,,False
20059,Franklin County,KS,2025,244654.0889562522,12,True,,,,,,6.595094339622642,53,False,False,1249.3698138489622,,,,,0.05942642331027925,,False
20061,Geary County,KS,2025,212272.4063685434,12,True,,,,,,6.595094339622642,53,False,False,1084.006966576231,,,,,0.10086481219371368,,False
20063,Gove County,KS,2025,147408.6411589368,12,True,,,,,,6.595094339622642,53,False,False,752.7685613192481,,,,,0.021592375198418612,,False
20065,Graham County,KS,2025,107238.9578536458,12,True,,,,,,6.595094339622642,53,False,False,547.6348970195384,,,,,0.06488412393450682,,False
20067,Grant County,KS,2025,146858.8097731012,12,True,,,,,,6.595094339622642,53,False,False,749.9607491175376,,,,,0.04666423865593239,,False
20069,Gray County,KS,2025,236841.40345397196,12,True,,,,,,6.595094339622642,53,False,False,1209.472939558871,,,,,0.08564253528815624,,False
20071,Greeley County,KS,2025,160306.8620791577,12,True,,,,,,6.595094339622642,53,False,False,818.6356307756704,,,,,-0.03244688036172838,,False
20073,Greenwood County,KS,2025,100155.02899607022,12,True,,,,,,6.595094339622642,53,False,False,511.45954873140454,,,,,0.018427147146555356,,False
20075,Hamilton County,KS,2025,148712.55692687133,12,True,,,,,,6.595094339622642,53,False,False,759.4272401388381,,,,,-0.003930356042449179,,False
20077,Harper County,KS,2025,89594.3517230398,12,True,,,,,,6.595094339622642,53,False,False,457.5295635224334,,,,,0.028158015248227475,,False
20079,Harvey County,KS,2025,186871.95044977395,12,True,,,,,,6.595094339622642,53,False,False,954.2950005171377,,,,,0.04693880095127745,,False
20081,Haskell County,KS,2025,182453.97260350097,12,True,,,,,,6.595094339622642,53,False,False,931.7338073528007,,,,,0.03079624891132937,,False
20083,Hodgeman County,KS,2025,157871.59265581664,12,True,,,,,,6.595094339622642,53,False,False,806.1994923931406,,,,,0.08489040263219572,,False
20085,Jackson County,KS,2025,243293.72722870475,12,True,,,,,,6.595094339622642,53,False,False,1242.422883652275,,,,,0.0567736347191834,,False
20087,Jefferson County,KS,2025,274335.53456541727,12,True,,,,,,6.595094339622642,53,False,False,1400.943418580832,,,,,0.036379634735394406,,False
20089,Jewell County,KS,2025,107435.64485666167,12,True,,,,,,6.595094339622642,53,False,False,548.6393143394891,,,,,0.024748371582796747,,False
20091,Johnson County,KS,2025,447104.0438685452,12,True,,,,,,6.595094339622642,53,False,False,2283.216677237094,,,,,0.02536931701596079,,False
20093,Kearny County,KS,2025,186530.65850686096,12,True,,,,,,6.595094339622642,53,False,False,952.5521322372554,,,,,0.05898348399661946,,False
20095,Kingman County,KS,2025,173538.96434026468,12,True,,,,,,6.595094339622642,53,False,False,886.2077249487859,,,,,0.06766531797695707,,False
20097,Kiowa County,KS,2025,159876.18702421058,12,True,,,,,,6.595094339622642,53,False,False,816.4363116654761,,,,,0.005817883668861157,,False
20099,Labette County,KS,2025,98369.79661701573,12,True,,,,,,6.595094339622642,53,False,False,502.3429406476734,,,,,0.0013628833292425035,,False
20101,Lane County,KS,2025,107280.7235990709,12,True,,,,,,6.595094339622642,53,False,False,547.8481812601968,,,,,0.052769373200594494,,False
20103,Leavenworth County,KS,2025,338165.26501320774,12,True,,,,,,6.595094339622642,53,False,False,1726.9013405914684,,,,,0.039441605431791205,,False
20105,Lincoln County,KS,2025,120475.23649506709,12,True,,,,,,6.595094339622642,53,False,False,615.2283186248587,,,,,0.051644932096840845,,False
20107,Linn County,KS,2025,167382.2386577286,12,True,,,,,,6.595094339622642,53,False,False,854.7673053231622,,,,,0.04002556436063642,,False
20109,Logan County,KS,2025,144526.14853074212,12,True,,,,,,6.595094339622642,53,False,False,738.0485977426224,,,,,0.10055716414150417,,False
20111,Lyon County,KS,2025,183370.93525810994,12,True,,,,,,6.595094339622642,53,False,False,936.4164409682155,,,,,0.028255364321498444,,False
20113,McPherson County,KS,2025,221030.82062987683,12,True,,,,,,6.595094339622642,53,False,False,1128.73337373328,,,,,0.04326341759169661,,False
20115,Marion County,KS,2025,137395.45384194038,12,True,,,,,,6.595094339622642,53,False,False,701.6344313823985,,,,,0.01654825731540499,,False
20117,Marshall County,KS,2025,154554.3228185555,12,True,,,,,,6.595094339622642,53,False,False,789.2592613234413,,,,,0.03074380575711899,,False
20119,Meade County,KS,2025,121420.56342233148,12,True,,,,,,6.595094339622642,53,False,False,620.0557994659981,,,,,-0.009625370850355863,,False
20121,Miami County,KS,2025,369189.40632508945,12,True,,,,,,6.595094339622642,53,False,False,1885.331660808109,,,,,0.041977516327574405,,False
20123,Mitchell County,KS,2025,145948.34196432462,12,True,,,,,,6.595094339622642,53,False,False,745.3112825927003,,,,,0.0691833747496422,,False
20125,Montgomery County,KS,2025,97784.22876642704,12,True,,,,,,6.595094339622642,53,False,False,499.3526338042151,,,,,0.020518921308243065,,False
20127,Morris County,KS,2025,182094.68167505416,12,True,,,,,,6.595094339622642,53,False,False,929.8990240376871,,,,,0.06141585947322126,,False
20129,Morton County,KS,2025,108905.00367835652,12,True,,,,,,6.595094339622642,53,False,False,556.1428576702792,,,,,-0.053069283202462736,,False
20131,Nemaha County,KS,2025,227952.59553749612,12,True,,,,,,6.595094339622642,53,False,False,1164.0806539064026,,,,,0.051015896829992524,,False
20133,Neosho County,KS,2025,107465.26400352163,12,True,,,,,,6.595094339622642,53,False,False,548.7905698045282,,,,,-0.03681479503866825,,False
20135,Ness County,KS,2025,93188.38053297176,12,True,,,,,,6.595094339622642,53,False,False,475.88311373035754,,,,,0.05293106626255861,,False
20137,Norton County,KS,2025,122971.96893838445,12,True,,,,,,6.595094339622642,53,False,False,627.9783288995525,,,,,0.03390847177414846,,False
20139,Osage County,KS,2025,201701.94596502735,12,True,,,,,,6.595094339622642,53,False,False,1030.027022063633,,,,,0.05522672712775867,,False
20141,Osborne County,KS,2025,88737.4526485396,12,True,,,,,,6.595094339622642,53,False,False,453.15365530948264,,,,,0.12971370133264304,,False
20143,Ottawa County,KS,2025,172401.64496287293,12,True,,,,,,6.595094339622642,53,False,False,880.3998003607246,,,,,0.04807881293350791,,False
20145,Pawnee County,KS,2025,106676.91236654745,12,True,,,,,,6.595094339622642,53,False,False,544.7647113276234,,,,,0.0717144442012978,,False
20147,Phillips County,KS,2025,120415.89310233029,12,True,,,,,,6.595094339622642,53,False,False,614.9252709878743,,,,,0.05195661406263263,,False
20149,Pottawatomie County,KS,2025,314063.51908636704,12,True,,,,,,6.595094339622642,53,False,False,1603.8214691267556,,,,,0.0497940370482437,,False
20151,Pratt County,KS,2025,126944.54026545213,12,True,,,,,,6.595094339622642,53,False,False,648.2649740996162,,,,,0.021535571062778702,,False
20153,Rawlins County,KS,2025,130341.9687051784,12,True,,,,,,6.595094339622642,53,False,False,665.6145493935118,,,,,0.017835478733208232,,False
20155,Reno County,KS,2025,149570.98904597264,12,True,,,,,,6.595094339622642,53,False,False,763.8109771179302,,,,,0.037225814294078674,,False
20157,Republic County,KS,2025,116447.95012387226,12,True,,,,,,6.595094339622642,53,False,False,594.6622612768622,,,,,-0.005612459102825151,,False
20159,Rice County,KS,2025,111436.8692287492,12,True,,,,,,6.595094339622642,53,False,False,569.0722814329466,,,,,-0.025443338369042667,,False
20161,Riley County,KS,2025,264722.7893514311,12,True,,,,,,6.595094339622642,53,False,False,1351.8542177838528,,,,,0.06083279527309471,,False
20163,Rooks County,KS,2025,114265.25425153955,12,True,,,,,,6.595094339622642,53,False,False,583.5159348559991,,,,,0.04854449700552421,,False
20165,Rush County,KS,2025,87677.00035507756,12,True,,,,,,6.595094339622642,53,False,False,447.7382662181714,,,,,0.030686592273994062,,False
20167,Russell County,KS,2025,110006.09863721205,12,True,,,,,,6.595094339622642,53,False,False,561.765795793424,,,,,0.0382847344489925,,False
20169,Saline County,KS,2025,174561.87867807903,12,True,,,,,,6.595094339622642,53,False,False,891.4314197632514,,,,,0.024671843608939703,,False
20171,Scott County,KS,2025,188097.75046597992,12,True,,,,,,6.595094339622642,53,False,False,960.5547672947824,,,,,0.03751197668643469,,False
20173,Sedgwick County,KS,2025,222078.9075022942,12,True,,,,,,6.595094339622642,53,False,False,1134.0856165928865,,,,,0.01683175228204825,,False
20175,Seward County,KS,2025,147205.40638719933,12,True,,,,,,6.595094339622642,53,False,False,751.7307066485309,,,,,0.03522685210276211,,False
20177,Shawnee County,KS,2025,208609.21334139523,12,True,,,,,,6.595094339622642,53,False,False,1065.3002169365823,,,,,0.0391439751757372,,False
20179,Sheridan County,KS,2025,209297.71039279076,12,True,,,,,,6.595094339622642,53,False,False,1068.8161501327425,,,,,0.06722200438019543,,False
20181,Sherman County,KS,2025,148538.08204077822,12,True,,,,,,6.595094339622642,53,False,False,758.5362529622518,,,,,0.043662084954037894,,False
20183,Smith County,KS,2025,115534.13584119843,12,True,,,,,,6.595094339622642,53,False,False,589.9957053852053,,,,,0.06544375734922858,,False
20185,Stafford County,KS,2025,101634.90800665457,12,True,,,,,,6.595094339622642,53,False,False,519.0168152862398,,,,,0.008966263840981092,,False
20187,Stanton County,KS,2025,146946.40663084216,12,True,,,,,,6.595094339622642,53,False,False,750.408078121179,,,,,0.06211147999527111,,False
20189,Stevens County,KS,2025,158816.64674440134,12,True,,,,,,6.595094339622642,53,False,False,811.0255799348183,,,,,0.02077321876255933,,False
20191,Sumner County,KS,2025,145074.07886335737,12,True,,,,,,6.595094339622642,53,False,False,740.8467018764311,,,,,0.0032970735203605717,,False
20193,Thomas County,KS,2025,174335.8177830814,12,True,,,,,,6.595094339622642,53,False,False,890.276999416113,,,,,0.07328615949586448,,False
20195,Trego County,KS,2025,138290.11892604455,12,True,,,,,,6.595094339622642,53,False,False,706.2031984704656,,,,,0.08751259172159997,,False
20197,Wabaunsee County,KS,2025,254799.04845338492,12,True,,,,,,6.595094339622642,53,False,False,1301.1768619653924,,,,,0.0635083670925447,,False
20199,Wallace County,KS,2025,143104.06848381946,12,True,,,,,,6.595094339622642,53,False,False,730.78649192178,,,,,0.03429806177326311,,False
20201,Washington County,KS,2025,165238.08187659827,12,True,,,,,,6.595094339622642,53,False,False,843.8177856567127,,,,,0.12750885002092538,,False
20203,Wichita County,KS,2025,156436.69419010455,12,True,,,,,,6.595094339622642,53,False,False,798.8719270266798,,,,,0.052715988544105974,,False
20205,Wilson County,KS,2025,108969.2137251413,12,True,,,,,,6.595094339622642,53,False,False,556.4707577456101,,,,,0.014015223867156923,,False
20207,Woodson County,KS,2025,106340.10042740016,12,True,,,,,,6.595094339622642,53,False,False,543.0447209873442,,,,,0.09951100267422297,,False
20209,Wyandotte County,KS,2025,209928.92353873,12,True,,,,,,6.595094339622642,53,False,False,1072.0395528316533,,,,,0.02434564191292532,,False
21001,Adair County,KY,2025,182069.2016607721,12,True,,,,,,6.595094339622642,53,False,False,929.7689057926324,,,,,0.05299054113422419,,False
21003,Allen County,KY,2025,221108.926719645,12,True,,,,,,6.595094339622642,53,False,False,1129.1322364346984,,,,,0.03972837356665626,,False
21005,Anderson County,KY,2025,262012.35651070238,12,True,,,,,,6.595094339622642,53,False,False,1338.0129082512053,,,,,0.0909845014232824,,False
21007,Ballard County,KY,2025,151080.93457146373,12,True,,,,,,6.595094339622642,53,False,False,771.5217837026596,,,,,0.052949340008519474,,False
21009,Barren County,KY,2025,220827.49828828513,12,True,,,,,,6.595094339622642,53,False,False,1127.6950718714575,,,,,0.053473146563439045,,False
21011,Bath County,KY,2025,178669.7254181263,12,True,,,,,,6.595094339622642,53,False,False,912.4088730272784,,,,,0.08282553909033608,,False
21013,Bell County,KY,2025,110294.98639401539,12,True,,,,,,6.595094339622642,53,False,False,563.2410527346852,,,,,-0.0453420634300955,,False
21015,Boone County,KY,2025,342568.0264732538,12,True,,,,,,6.595094339622642,53,False,False,1749.3848285610593,,,,,0.03584797948661578,,False
21017,Bourbon County,KY,2025,265954.1738892638,12,True,,,,,,6.595094339622642,53,False,False,1358.1425029188856,,,,,0.02133880651086617,,False
21019,Boyd County,KY,2025,143385.06730732258,12,True,,,,,,6.595094339622642,53,False,False,732.2214626157489,,,,,0.040561287433119375,,False
21021,Boyle County,KY,2025,242551.0833254638,12,True,,,,,,6.595094339622642,53,False,False,1238.6304398835787,,,,,0.061153518963779074,,False
21023,Bracken County,KY,2025,193801.9215432128,12,True,,,,,,6.595094339622642,53,False,False,989.6841359774348,,,,,0.04125005497475098,,False
21025,Breathitt County,KY,2025,87503.10933761735,12,True,,,,,,6.595094339622642,53,False,False,446.85026067106963,,,,,0.03927149347410741,,False
21027,Breckinridge County,KY,2025,177580.90033303227,12,True,,,,,,6.595094339622642,53,False,False,906.8485932065671,,,,,0.03213080956195391,,False
21029,Bullitt County,KY,2025,296166.180647044,12,True,,,,,,6.595094339622642,53,False,False,1512.4255129433814,,,,,0.04543742458076805,,False
21031,Butler County,KY,2025,190917.7333955641,12,True,,,,,,6.595094339622642,53,False,False,974.9555139278046,,,,,0.03949438485825718,,False
21033,Caldwell County,KY,2025,164399.5958340038,12,True,,,,,,6.595094339622642,53,False,False,839.5359068807625,,,,,0.03303860625527233,,False
21035,Calloway County,KY,2025,221938.14861905982,12,True,,,,,,6.595094339622642,53,False,False,1133.3668062084193,,,,,-0.03059014761402623,,False
21037,Campbell County,KY,2025,289005.75374835765,12,True,,,,,,6.595094339622642,53,False,False,1475.859513741584,,,,,0.028839214846234196,,False
21039,Carlisle County,KY,2025,139165.17695723582,12,True,,,,,,6.595094339622642,53,False,False,710.6718386399416,,,,,0.05937133873957712,,False
21041,Carroll County,KY,2025,194747.02501584694,12,True,,,,,,6.595094339622642,53,False,False,994.5104757075836,,,,,0.07195567132671199,,False
21043,Carter County,KY,2025,169393.5775138036,12,True,,,,,,6.595094339622642,53,False,False,865.0385665267752,,,,,0.09191608446703814,,False
21045,Casey County,KY,2025,160934.25305444817,12,True,,,,,,6.595094339622642,53,False,False,821.8395148773145,,,,,0.060374837639619816,,False
21047,Christian County,KY,2025,202937.66462855999,12,True,,,,,,6.595094339622642,53,False,False,1036.3374401858641,,,,,0.06326780188299796,,False
21049,Clark County,KY,2025,245077.85336158957,12,True,,,,,,6.595094339622642,53,False,False,1251.5338424923043,,,,,0.059335009447864184,,False
21051,Clay County,KY,2025,125342.55504815043,12,True,,,,,,6.595094339622642,53,False,False,640.0841503853355,,,,,-0.02286939092920648,,False
21053,Clinton County,KY,2025,166222.43990120504,12,True,,,,,,6.595094339622642,53,False,False,848.8445857695184,,,,,0.07129745436519519,,False
21055,Crittenden County,KY,2025,137363.2512444559,12,True,,,,,,6.595094339622642,53,False,False,701.4699830651996,,,,,0.010915671033262297,,False
21057,Cumberland County,KY,2025,161267.3507476508,12,True,,,,,,6.595094339622642,53,False,False,823.5405377571101,,,,,0.029564180100161597,,False
21059,Daviess County,KY,2025,213933.17684498953,12,True,,,,,,6.595094339622642,53,False,False,1092.487987718593,,,,,0.039812435922659484,,False
21061,Edmonson County,KY,2025,195135.41738518316,12,True,,,,,,6.595094339622642,53,False,False,996.4938707297069,,,,,0.05482339876483988,,False
21063,Elliott County,KY,2025,164551.17301891788,12,True,,,,,,6.595094339622642,53,False,False,840.3099628554971,,,,,0.06919131356208541,,False
21065,Estill County,KY,2025,138866.68145752265,12,True,,,,,,6.595094339622642,53,False,False,709.1475180430433,,,,,0.021903002587473352,,False
21067,Fayette County,KY,2025,324901.0594968923,12,True,,,,,,6.595094339622642,53,False,False,1659.1653054102346,,,,,0.04065918613036312,,False
21069,Fleming County,KY,2025,182156.02298457874,12,True,,,,,,6.595094339622642,53,False,False,930.2122743936854,,,,,0.08493523744415632,,False
21071,Floyd County,KY,2025,108612.6187657391,12,True,,,,,,6.595094339622642,53,False,False,554.6497418780704,,,,,-0.04797260379892032,,False
21073,Franklin County,KY,2025,248945.10710167626,12,True,,,,,,6.595094339622642,53,False,False,1271.2826646189715,,,,,0.0905553984885965,,False
21075,Fulton County,KY,2025,99596.2095808169,12,True,,,,,,6.595094339622642,53,False,False,508.605837551719,,,,,0.007758008803899985,,False
21077,Gallatin County,KY,2025,196772.29050085475,12,True,,,,,,6.595094339622642,53,False,False,1004.8528557298991,,,,,0.04409049433110712,,False
21079,Garrard County,KY,2025,254052.37908111932,12,True,,,,,,6.595094339622642,53,False,False,1297.3638614199529,,,,,0.08866731784423076,,False
21081,Grant County,KY,2025,275548.11196684453,12,True,,,,,,6.595094339622642,53,False,False,1407.1356617138272,,,,,0.050690995077315115,,False
21083,Graves County,KY,2025,171042.9211864336,12,True,,,,,,6.595094339622642,53,False,False,873.4612346539988,,,,,0.08807423230551081,,False
21085,Grayson County,KY,2025,193724.250645875,12,True,,,,,,6.595094339622642,53,False,False,989.2874956639113,,,,,0.10613077273139915,,False
21087,Green County,KY,2025,183378.6323458209,12,True,,,,,,6.595094339622642,53,False,False,936.4557475217323,,,,,0.08023522131461092,,False
21089,Greenup County,KY,2025,162872.8492106651,12,True,,,,,,6.595094339622642,53,False,False,831.7393024882796,,,,,0.06656300308756435,,False
21091,Hancock County,KY,2025,198220.25399948537,12,True,,,,,,6.595094339622642,53,False,False,1012.2471400210876,,,,,0.06090438952414212,,False
21093,Hardin County,KY,2025,252375.99041426784,12,True,,,,,,6.595094339622642,53,False,False,1288.8030831980232,,,,,0.045781631175175086,,False
21095,Harlan County,KY,2025,81809.93435430997,12,True,,,,,,6.595094339622642,53,False,False,417.77704550655136,,,,,0.10321399452469704,,False
21097,Harrison County,KY,2025,238798.22387628176,12,True,,,,,,6.595094339622642,53,False,False,1219.4657926404893,,,,,0.1340244636911747,,False
21099,Hart County,KY,2025,190085.26754056173,12,True,,,,,,6.595094339622642,53,False,False,970.7043783153281,,,,,0.08249045198407279,,False
21101,Henderson County,KY,2025,206634.55306601603,12,True,,,,,,6.595094339622642,53,False,False,1055.216261458092,,,,,0.038563404393156864,,False
21103,Henry County,KY,2025,247571.34690371147,12,True,,,,,,6.595094339622642,53,False,False,1264.2673127393991,,,,,0.06187518398196201,,False
21105,Hickman County,KY,2025,134129.8228046835,12,True,,,,,,6.595094339622642,53,False,False,684.957903070433,,,,,0.12619459428288948,,False
21107,Hopkins County,KY,2025,158978.49205463906,12,True,,,,,,6.595094339622642,53,False,False,811.8520719259667,,,,,0.04363156711618932,,False
21109,Jackson County,KY,2025,132766.2500016225,12,True,,,,,,6.595094339622642,53,False,False,677.9945749429622,,,,,0.036422835716170665,,False
21111,Jefferson County,KY,2025,264659.17338893644,12,True,,,,,,6.595094339622642,53,False,False,1351.5293515060855,,,,,0.044618539810292956,,False
21113,Jessamine County,KY,2025,319660.69419195206,12,True,,,,,,6.595094339622642,53,False,False,1632.4044437648586,,,,,0.042412249146459136,,False
21115,Johnson County,KY,2025,149933.19007122127,12,True,,,,,,6.595094339622642,53,False,False,765.6606213622644,,,,,0.025125791232905037,,False
21117,Kenton County,KY,2025,285282.9478802386,12,True,,,,,,6.595094339622642,53,False,False,1456.8483404794054,,,,,0.035194096928681695,,False
21119,Knott County,KY,2025,75848.01842345462,12,True,,,,,,6.595094339622642,53,False,False,387.331456681556,,,,,0.00227376683344116,,False
21121,Knox County,KY,2025,137388.8630491097,12,True,,,,,,6.595094339622642,53,False,False,701.6007743213326,,,,,0.05632910565304505,,False
21123,Larue County,KY,2025,232456.77306867295,12,True,,,,,,6.595094339622642,53,False,False,1187.082041161677,,,,,0.09422120129598355,,False
21125,Laurel County,KY,2025,186506.43074618574,12,True,,,,,,6.595094339622642,53,False,False,952.428408848965,,,,,0.07292992357711703,,False
21127,Lawrence County,KY,2025,143110.89872449564,12,True,,,,,,6.595094339622642,53,False,False,730.8213717660472,,,,,0.053150886835739763,,False
21129,Lee County,KY,2025,144954.93636821726,12,True,,,,,,6.595094339622642,53,False,False,740.2382794396358,,,,,0.1114649942133874,,False
21131,Leslie County,KY,2025,90800.19135179873,12,True,,,,,,6.595094339622642,53,False,False,463.68739901556364,,,,,0.0008234033101088833,,False
21133,Letcher County,KY,2025,79386.06724201304,12,True,,,,,,6.595094339622642,53,False,False,405.3991350624446,,,,,-0.06669248906595515,,False
21135,Lewis County,KY,2025,127279.48761155245,12,True,,,,,,6.595094339622642,53,False,False,649.9754425623827,,,,,0.013319769132422499,,False
21137,Lincoln County,KY,2025,205358.38539846832,12,True,,,,,,6.595094339622642,53,False,False,1048.699283270455,,,,,0.06727809455028644,,False
21139,Livingston County,KY,2025,157241.8503752862,12,True,,,,,,6.595094339622642,53,False,False,802.9836009312169,,,,,0.06819044036205035,,False
21141,Logan County,KY,2025,200302.52616379407,12,True,,,,,,6.595094339622642,53,False,False,1022.8806348357622,,,,,0.044303080683627094,,False
21143,Lyon County,KY,2025,198328.65388373577,12,True,,,,,,6.595094339622642,53,False,False,1012.800703396157,,,,,0.043289222218477086,,False
21145,McCracken County,KY,2025,191910.10990687925,12,True,,,,,,6.595094339622642,53,False,False,980.0232618755268,,,,,0.0921658206930076,,False
21147,McCreary County,KY,2025,112973.25589021837,12,True,,,,,,6.595094339622642,53,False,False,576.9181144023804,,,,,0.049119869415876094,,False
21149,McLean County,KY,2025,178622.8208465927,12,True,,,,,,6.595094339622642,53,False,False,912.1693464530217,,,,,0.0715174450862246,,False
21151,Madison County,KY,2025,284065.3932982497,12,True,,,,,,6.595094339622642,53,False,False,1450.6306804846754,,,,,0.063592305265874,,False
21153,Magoffin County,KY,2025,153126.57631800405,12,True,,,,,,6.595094339622642,53,False,False,781.9682187448051,,,,,0.21153604706986773,,False
21155,Marion County,KY,2025,232985.94773901685,12,True,,,,,,6.595094339622642,53,False,False,1189.7843661553104,,,,,0.08150219857274532,,False
21157,Marshall County,KY,2025,212726.6502488195,12,True,,,,,,6.595094339622642,53,False,False,1086.3266441036483,,,,,0.11969153486003625,,False
21159,Martin County,KY,2025,114013.26890303985,12,True,,,,,,6.595094339622642,53,False,False,582.2291266555279,,,,,0.10552428484264009,,False
21161,Mason County,KY,2025,178820.63812049947,12,True,,,,,,6.595094339622642,53,False,False,913.1795357032051,,,,,0.09268789043031811,,False
21163,Meade County,KY,2025,276909.1442579083,12,True,,,,,,6.595094339622642,53,False,False,1414.0860162629099,,,,,0.09540454717589353,,False
21165,Menifee County,KY,2025,149044.5708660496,12,True,,,,,,6.595094339622642,53,False,False,761.1227286350904,,,,,0.09191481313299077,,False
21167,Mercer County,KY,2025,244728.153436387,12,True,,,,,,6.595094339622642,53,False,False,1249.7480373487351,,,,,0.053497355998070484,,False
21169,Metcalfe County,KY,2025,177122.97290695875,12,True,,,,,,6.595094339622642,53,False,False,904.5101049944525,,,,,0.11519841621571647,,False
21171,Monroe County,KY,2025,140905.78951471866,12,True,,,,,,6.595094339622642,53,False,False,719.560587633278,,,,,0.07966980615701513,,False
21173,Montgomery County,KY,2025,220463.1460080484,12,True,,,,,,6.595094339622642,53,False,False,1125.8344418591948,,,,,0.04516476660816937,,False
21175,Morgan County,KY,2025,147087.0212492396,12,True,,,,,,6.595094339622642,53,False,False,751.1261517914827,,,,,0.0038768205269505973,,False
21177,Muhlenberg County,KY,2025,143043.41172896995,12,True,,,,,,6.595094339622642,53,False,False,730.4767373665287,,,,,0.10914923968690005,,False
21179,Nelson County,KY,2025,258196.9761276583,12,True,,,,,,6.595094339622642,53,False,False,1318.5289866896935,,,,,0.04738247529027162,,False
21181,Nicholas County,KY,2025,209858.68343526544,12,True,,,,,,6.595094339622642,53,False,False,1071.6808591945894,,,,,0.09011423004219443,,False
21183,Ohio County,KY,2025,154786.774274508,12,True,,,,,,6.595094339622642,53,False,False,790.4463162117993,,,,,0.1191460535916451,,False
21185,Oldham County,KY,2025,444731.28158106864,12,True,,,,,,6.595094339622642,53,False,False,2271.0997427110474,,,,,0.046522131755719176,,False
21187,Owen County,KY,2025,188608.170060429,12,True,,,,,,6.595094339622642,53,False,False,963.1613161426775,,,,,0.044393339232724705,,False
21189,Owsley County,KY,2025,136443.34158369474,12,True,,,,,,6.595094339622642,53,False,False,696.7723000363721,,,,,0.11731548480336795,,False
21191,Pendleton County,KY,2025,229431.45285106587,12,True,,,,,,6.595094339622642,53,False,False,1171.632702982902,,,,,0.055387564960446056,,False
21193,Perry County,KY,2025,105811.5239674971,12,True,,,,,,6.595094339622642,53,False,False,540.3454508621999,,,,,0.0828809118977778,,False
21195,Pike County,KY,2025,110780.53525346576,12,True,,,,,,6.595094339622642,53,False,False,565.7205947310365,,,,,0.002265298565139018,,False
21197,Powell County,KY,2025,166195.2824426458,12,True,,,,,,6.595094339622642,53,False,False,848.7059013555792,,,,,0.014698002894296014,,False
21199,Pulaski County,KY,2025,182684.44559466772,12,True,,,,,,6.595094339622642,53,False,False,932.9107588572683,,,,,0.024201061468239304,,False
21201,Robertson County,KY,2025,189209.94833593548,12,True,,,,,,6.595094339622642,53,False,False,966.2344044170464,,,,,0.05904127035992479,,False
21203,Rockcastle County,KY,2025,166246.16652364688,12,True,,,,,,6.595094339622642,53,False,False,848.9657500058895,,,,,0.0705400431374803,,False
21205,Rowan County,KY,2025,190814.65619689898,12,True,,,,,,6.595094339622642,53,False,False,974.429131797599,,,,,0.0870052755839299,,False
21207,Russell County,KY,2025,161843.25172213183,12,True,,,,,,6.595094339622642,53,False,False,826.4814789706919,,,,,0.06277119805232712,,False
21209,Scott County,KY,2025,332073.4433621817,12,True,,,,,,6.595094339622642,53,False,False,1695.7923649981587,,,,,0.039299168469275836,,False
21211,Shelby County,KY,2025,332214.5895765413,12,True,,,,,,6.595094339622642,53,False,False,1696.513153358215,,,,,0.04186175938221859,,False
21213,Simpson County,KY,2025,258696.84331427634,12,True,,,,,,6.595094339622642,53,False,False,1321.0816477817625,,,,,0.031097216568352293,,False
21215,Spencer County,KY,2025,361084.750298901,12,True,,,,,,6.595094339622642,53,False,False,1843.943786875785,,,,,0.04697529421348956,,False
21217,Taylor County,KY,2025,218456.8810383403,12,True,,,,,,6.595094339622642,53,False,False,1115.589091362788,,,,,0.09115709958923168,,False
21219,Todd County,KY,2025,233849.3709817012,12,True,,,,,,6.595094339622642,53,False,False,1194.1935911986668,,,,,0.07734654097730953,,False
21221,Trigg County,KY,2025,151927.44248821744,12,True,,,,,,6.595094339622642,53,False,False,775.8446276121492,,,,,-0.029657443904526626,,False
21223,Trimble County,KY,2025,240129.02768731993,12,True,,,,,,6.595094339622642,53,False,False,1226.2617800558626,,,,,0.10752449643400497,,False
21225,Union County,KY,2025,139534.11598364613,12,True,,,,,,6.595094339622642,53,False,False,712.5558916909833,,,,,0.09198362229359502,,False
21227,Warren County,KY,2025,291302.20384580217,12,True,,,,,,6.595094339622642,53,False,False,1487.586746435703,,,,,0.022910093547475308,,False
21229,Washington County,KY,2025,246738.14776094884,12,True,,,,,,6.595094339622642,53,False,False,1260.0124324619694,,,,,0.07069183372228727,,False
21231,Wayne County,KY,2025,170688.1560805452,12,True,,,,,,6.595094339622642,53,False,False,871.6495632603388,,,,,0.06037273384736408,,False
21233,Webster County,KY,2025,130540.90020684547,12,True,,,,,,6.595094339622642,53,False,False,666.6304286468152,,,,,0.02602772632728856,,False
21235,Whitley County,KY,2025,160277.3382354437,12,True,,,,,,6.595094339622642,53,False,False,818.4848619931724,,,,,0.022165784906790886,,False
21237,Wolfe County,KY,2025,138726.41868008111,12,True,,,,,,6.595094339622642,53,False,False,708.4312411114388,,,,,0.034215799216402276,,False
21239,Woodford County,KY,2025,359881.27411232184,12,True,,,,,,6.595094339622642,53,False,False,1837.798020722386,,,,,0.04260810667429693,,False
22001,Acadia Parish,LA,2025,151662.3694803871,12,True,,,,,,6.595094339622642,53,False,False,774.4909849411347,,,,,-0.041898536058633584,,False
22003,Allen Parish,LA,2025,120835.78841245118,12,True,,,,,,6.595094339622642,53,False,False,617.0695414052619,,,,,0.0018591020715308382,,False
22005,Ascension Parish,LA,2025,307365.3037004796,12,True,,,,,,6.595094339622642,53,False,False,1569.6158355913076,,,,,0.014222758949275383,,False
22007,Assumption Parish,LA,2025,176387.0147126059,12,True,,,,,,6.595094339622642,53,False,False,900.7518029926263,,,,,0.031920694071395195,,False
22009,Avoyelles Parish,LA,2025,132805.69279242124,12,True,,,,,,6.595094339622642,53,False,False,678.1959966008145,,,,,-0.011063294021276593,,False
22011,Beauregard Parish,LA,2025,214573.90311764952,12,True,,,,,,6.595094339622642,53,False,False,1095.759970898668,,,,,0.04033610083972716,,False
22013,Bienville Parish,LA,2025,116678.00770788132,12,True,,,,,,6.595094339622642,53,False,False,595.8370914304645,,,,,-0.06032062747236866,,False
22015,Bossier Parish,LA,2025,243909.1874362554,12,True,,,,,,6.595094339622642,53,False,False,1245.5658411569684,,,,,0.007973921335828527,,False
22017,Caddo Parish,LA,2025,147122.63626055335,12,True,,,,,,6.595094339622642,53,False,False,751.3080262095443,,,,,-0.0006403709377946765,,False
22019,Calcasieu Parish,LA,2025,194138.43885021555,12,True,,,,,,6.595094339622642,53,False,False,991.4026217260305,,,,,-0.00011490215030529605,,False
22021,Caldwell Parish,LA,2025,134588.513159232,12,True,,,,,,6.595094339622642,53,False,False,687.3002873131057,,,,,0.05916734870743556,,False
22023,Cameron Parish,LA,2025,217906.99464453713,12,True,,,,,,6.595094339622642,53,False,False,1112.7809982530637,,,,,-0.024809020427836725,,False
22025,Catahoula Parish,LA,2025,105432.62503394448,12,True,,,,,,6.595094339622642,53,False,False,538.4105357659521,,,,,-0.0038944002592711247,,False
22027,Claiborne Parish,LA,2025,91693.57668209179,12,True,,,,,,6.595094339622642,53,False,False,468.2496308121604,,,,,-0.15581806415184762,,False
22029,Concordia Parish,LA,2025,117369.65383384596,12,True,,,,,,6.595094339622642,53,False,False,599.3691059385087,,,,,-0.10846861351400139,,False
22031,De Soto Parish,LA,2025,181979.75665647956,12,True,,,,,,6.595094339622642,53,False,False,929.3121388984454,,,,,0.03836191503016129,,False
22033,East Baton Rouge Parish,LA,2025,233889.50311582081,12,True,,,,,,6.595094339622642,53,False,False,1194.3985331113417,,,,,-0.0016275001285115387,,False
22035,East Carroll Parish,LA,2025,71217.25547875615,12,True,,,,,,6.595094339622642,53,False,False,363.6836383970591,,,,,-0.14816625526520255,,False
22037,East Feliciana Parish,LA,2025,229652.56083542306,12,True,,,,,,6.595094339622642,53,False,False,1172.7618304069945,,,,,-0.010467600442572778,,False
22039,Evangeline Parish,LA,2025,110775.42923479887,12,True,,,,,,6.595094339622642,53,False,False,565.6945199344999,,,,,-0.0826632382094391,,False
22041,Franklin Parish,LA,2025,122011.05059367302,12,True,,,,,,6.595094339622642,53,False,False,623.0712276997403,,,,,-0.02041564659226225,,False
22043,Grant Parish,LA,2025,160427.7401632359,12,True,,,,,,6.595094339622642,53,False,False,819.2529163074491,,,,,-0.016324340906873513,,False
22045,Iberia Parish,LA,2025,144499.33303673277,12,True,,,,,,6.595094339622642,53,False,False,737.9116596317506,,,,,-0.05873981154448049,,False
22047,Iberville Parish,LA,2025,173785.10663627656,12,True,,,,,,6.595094339622642,53,False,False,887.4646945578396,,,,,0.012792208907323577,,False
22049,Jackson Parish,LA,2025,120595.8577887315,12,True,,,,,,6.595094339622642,53,False,False,615.8442928105127,,,,,-0.02810911122564219,,False
22051,Jefferson Parish,LA,2025,260025.5192779943,12,True,,,,,,6.595094339622642,53,False,False,1327.866768964645,,,,,-0.0016933881960951025,,False
22053,Jefferson Davis Parish,LA,2025,158131.84930463694,12,True,,,,,,6.595094339622642,53,False,False,807.5285394664054,,,,,-0.019501037211508088,,False
22055,Lafayette Parish,LA,2025,233779.24849305485,12,True,,,,,,6.595094339622642,53,False,False,1193.835498182685,,,,,-0.013528100829603984,,False
22057,Lafourche Parish,LA,2025,190934.3275825231,12,True,,,,,,6.595094339622642,53,False,False,975.0402551081396,,,,,-0.021734488211876846,,False
22059,LaSalle Parish,LA,2025,145430.74032610867,12,True,,,,,,6.595094339622642,53,False,False,742.6680573552042,,,,,-0.07545856341844226,,False
22061,Lincoln Parish,LA,2025,221576.76896135803,12,True,,,,,,6.595094339622642,53,False,False,1131.521356424204,,,,,0.004579463554613472,,False
22063,Livingston Parish,LA,2025,247703.30933427348,12,True,,,,,,6.595094339622642,53,False,False,1264.9412024667674,,,,,0.012058776884675604,,False
22065,Madison Parish,LA,2025,92194.65386197045,12,True,,,,,,6.595094339622642,53,False,False,470.8084709509856,,,,,0.018042764360665098,,False
22067,Morehouse Parish,LA,2025,95980.6495388989,12,True,,,,,,6.595094339622642,53,False,False,490.14233426100327,,,,,-0.09677893802514381,,False
22069,Natchitoches Parish,LA,2025,178351.13647145868,12,True,,,,,,6.595094339622642,53,False,False,910.7819416537194,,,,,-0.008469369214433975,,False
22071,Orleans Parish,LA,2025,250538.77122212047,12,True,,,,,,6.595094339622642,53,False,False,1279.4209951655466,,,,,-0.032996715013902445,,False
22073,Ouachita Parish,LA,2025,180682.97896447557,12,True,,,,,,6.595094339622642,53,False,False,922.6899119388454,,,,,0.004217674412477335,,False
22075,Plaquemines Parish,LA,2025,279414.2015768166,12,True,,,,,,6.595094339622642,53,False,False,1426.8785390020869,,,,,-0.0018591001396074391,,False
22077,Pointe Coupee Parish,LA,2025,188923.66852417096,12,True,,,,,,6.595094339622642,53,False,False,964.7724654130476,,,,,-0.026792576306606586,,False
22079,Rapides Parish,LA,2025,172362.2378799132,12,True,,,,,,6.595094339622642,53,False,False,880.1985610513318,,,,,0.010426042243062872,,False
22081,Red River Parish,LA,2025,141739.8102336145,12,True,,,,,,6.595094339622642,53,False,False,723.81966343601,,,,,0.01856089522831339,,False
22083,Richland Parish,LA,2025,168914.58443629925,12,True,,,,,,6.595094339622642,53,False,False,862.5925028021522,,,,,-0.04824124383018791,,False
22085,Sabine Parish,LA,2025,189086.28726007402,12,True,,,,,,6.595094339622642,53,False,False,965.602907040532,,,,,0.03520603225420538,,False
22087,Saint Bernard Parish,LA,2025,210144.869219278,12,True,,,,,,6.595094339622642,53,False,False,1073.1423180290744,,,,,-0.027011061688115623,,False
22089,Saint Charles Parish,LA,2025,263657.5584462252,12,True,,,,,,6.595094339622642,53,False,False,1346.4144258579504,,,,,0.010201342855430617,,False
22091,Saint Helena Parish,LA,2025,167361.48272130382,12,True,,,,,,6.595094339622642,53,False,False,854.6613114256644,,,,,-0.019740460193006903,,False
22093,Saint James Parish,LA,2025,196954.3248930122,12,True,,,,,,6.595094339622642,53,False,False,1005.7824468747443,,,,,-0.0042398525551253785,,False
22095,Saint John the Baptist Parish,LA,2025,208205.65595235454,12,True,,,,,,6.595094339622642,53,False,False,1063.2393790320368,,,,,-0.026013808092164026,,False
22097,Saint Landry Parish,LA,2025,138680.6216514552,12,True,,,,,,6.595094339622642,53,False,False,708.1973704029081,,,,,-0.07057433933478852,,False
22099,Saint Martin Parish,LA,2025,168630.09751068728,12,True,,,,,,6.595094339622642,53,False,False,861.139719491599,,,,,0.005440702532965025,,False
22101,Saint Mary Parish,LA,2025,129872.84190748566,12,True,,,,,,6.595094339622642,53,False,False,663.2188695894039,,,,,-0.0414722241451283,,False
22103,Saint Tammany Parish,LA,2025,286811.1922288399,12,True,,,,,,6.595094339622642,53,False,False,1464.6525932735176,,,,,0.004532227870768013,,False
22105,Tangipahoa Parish,LA,2025,224992.1683049906,12,True,,,,,,6.595094339622642,53,False,False,1148.9627033494833,,,,,-0.0012280641969580897,,False
22107,Tensas Parish,LA,2025,165036.60331278187,12,True,,,,,,6.595094339622642,53,False,False,842.7888993754992,,,,,-0.2302088517708475,,False
22109,Terrebonne Parish,LA,2025,192739.13693565674,12,True,,,,,,6.595094339622642,53,False,False,984.2568365075236,,,,,-0.05282550782667572,,False
22111,Union Parish,LA,2025,153301.1457375326,12,True,,,,,,6.595094339622642,53,False,False,782.8596886732685,,,,,0.0011229688433338492,,False
22113,Vermilion Parish,LA,2025,157388.40300923874,12,True,,,,,,6.595094339622642,53,False,False,803.7319981388072,,,,,-0.008657878336463587,,False
22115,Vernon Parish,LA,2025,166334.40213725524,12,True,,,,,,6.595094339622642,53,False,False,849.4163409304844,,,,,-0.0037680122646329695,,False
22117,Washington Parish,LA,2025,126861.65759532784,12,True,,,,,,6.595094339622642,53,False,False,647.8417189372509,,,,,0.0003495327063811615,,False
22119,Webster Parish,LA,2025,123178.42497780792,12,True,,,,,,6.595094339622642,53,False,False,629.0326335492027,,,,,-0.09039012078715514,,False
22121,West Baton Rouge Parish,LA,2025,245155.452435886,12,True,,,,,,6.595094339622642,53,False,False,1251.9301160286357,,,,,0.03284867580701589,,False
22123,West Carroll Parish,LA,2025,131322.49708295657,12,True,,,,,,6.595094339622642,53,False,False,670.6217927306033,,,,,0.015395612966939698,,False
22125,West Feliciana Parish,LA,2025,379026.5560135198,12,True,,,,,,6.595094339622642,53,False,False,1935.566823144743,,,,,0.05674771124683686,,False
22127,Winn Parish,LA,2025,112591.29875179329,12,True,,,,,,6.595094339622642,53,False,False,574.967582036589,,,,,-0.06631673443928188,,False
23001,Androscoggin County,ME,2025,332579.30812557845,12,True,,,,,,6.595094339622642,53,False,False,1698.3756537875431,,,,,0.019995047581592873,,False
23003,Aroostook County,ME,2025,167236.33447593378,12,True,,,,,,6.595094339622642,53,False,False,854.0222195523646,,,,,-0.0069548188273225175,,False
23005,Cumberland County,ME,2025,563058.0777258988,12,True,,,,,,6.595094339622642,53,False,False,2875.356666858534,,,,,0.006034265175147047,,False
23007,Franklin County,ME,2025,298165.4681883556,12,True,,,,,,6.595094339622642,53,False,False,1522.6352319551318,,,,,0.013528747985072531,,False
23009,Hancock County,ME,2025,424773.6561068548,12,True,,,,,,6.595094339622642,53,False,False,2169.182562704117,,,,,0.001778278107030351,,False
23011,Kennebec County,ME,2025,322048.3977302709,12,True,,,,,,6.595094339622642,53,False,False,1644.5976784576555,,,,,0.017255685080473704,,False
23013,Knox County,ME,2025,452854.2033117875,12,True,,,,,,6.595094339622642,53,False,False,2312.5808937268093,,,,,-0.00164062311766211,,False
23015,Lincoln County,ME,2025,452132.3559885176,12,True,,,,,,6.595094339622642,53,False,False,2308.894651409141,,,,,-0.00010499677690656295,,False
23017,Oxford County,ME,2025,325076.18445039116,12,True,,,,,,6.595094339622642,53,False,False,1660.0596122721659,,,,,0.012464521195843181,,False
23019,Penobscot County,ME,2025,280429.44896656537,12,True,,,,,,6.595094339622642,53,False,False,1432.0630811765193,,,,,0.03728932553958497,,False
23021,Piscataquis County,ME,2025,228254.28350493152,12,True,,,,,,6.595094339622642,53,False,False,1165.6212774100738,,,,,0.04889591609980104,,False
23023,Sagadahoc County,ME,2025,435194.84981842083,12,True,,,,,,6.595094339622642,53,False,False,2222.400250187082,,,,,0.013982582603661475,,False
23025,Somerset County,ME,2025,231881.80342171542,12,True,,,,,,6.595094339622642,53,False,False,1184.1458559384798,,,,,0.02335464910735796,,False
23027,Waldo County,ME,2025,343752.01937642315,12,True,,,,,,6.595094339622642,53,False,False,1755.431099846947,,,,,0.009932192691527675,,False
23029,Washington County,ME,2025,207245.41820105162,12,True,,,,,,6.595094339622642,53,False,False,1058.3357534040563,,,,,-0.0061025369789727835,,False
23031,York County,ME,2025,526862.0839513609,12,True,,,,,,6.595094339622642,53,False,False,2690.5153580657798,,,,,0.020130776396999783,,False
24001,Allegany County,MD,2025,152553.20212795574,12,True,,,,,,6.595094339622642,53,False,False,779.0401810073504,,,,,0.053599887793074785,,False
24003,Anne Arundel County,MD,2025,505300.5337311767,12,True,,,,,,6.595094339622642,53,False,False,2580.4074497949164,,,,,0.02247465130963433,,False
24005,Baltimore County,MD,2025,362611.18325006124,12,True,,,,,,6.595094339622642,53,False,False,1851.7387894452497,,,,,0.02444773710529402,,False
24009,Calvert County,MD,2025,481547.6245209127,12,True,,,,,,6.595094339622642,53,False,False,2459.108975344709,,,,,0.02932686592444078,,False
24011,Caroline County,MD,2025,331501.6109390348,12,True,,,,,,6.595094339622642,53,False,False,1692.87220056883,,,,,0.027115604769437418,,False
24013,Carroll County,MD,2025,491656.143511269,12,True,,,,,,6.595094339622642,53,False,False,2510.729933503019,,,,,0.028609125706113625,,False
24015,Cecil County,MD,2025,381747.4633786823,12,True,,,,,,6.595094339622642,53,False,False,1949.4616227077345,,,,,0.030563827000794186,,False
24017,Charles County,MD,2025,456723.370497399,12,True,,,,,,6.595094339622642,53,False,False,2332.339487204895,,,,,0.016248615346588835,,False
24019,Dorchester County,MD,2025,270155.0879863455,12,True,,,,,,6.595094339622642,53,False,False,1379.5952212685263,,,,,0.01619006233819098,,False
24021,Frederick County,MD,2025,505324.4747309292,12,True,,,,,,6.595094339622642,53,False,False,2580.529708787324,,,,,0.027099461934701363,,False
24023,Garrett County,MD,2025,335262.1673077397,12,True,,,,,,6.595094339622642,53,False,False,1712.076153506553,,,,,0.006553860653504051,,False
24025,Harford County,MD,2025,418252.3038566802,12,True,,,,,,6.595094339622642,53,False,False,2135.8801123686108,,,,,0.016367262220557732,,False
24027,Howard County,MD,2025,639013.8204996857,12,True,,,,,,6.595094339622642,53,False,False,3263.2382371805197,,,,,0.017514606212867267,,False
24029,Kent County,MD,2025,385244.54964888253,12,True,,,,,,6.595094339622642,53,False,False,1967.3201185172813,,,,,0.026553412060184467,,False
24031,Montgomery County,MD,2025,626071.8255347161,12,True,,,,,,6.595094339622642,53,False,False,3197.147627744151,,,,,0.019661640481378084,,False
24033,Prince Georges County,MD,2025,434323.69073755,12,True,,,,,,6.595094339622642,53,False,False,2217.9515207039826,,,,,0.013701555534336274,,False
24035,Queen Annes County,MD,2025,520813.23625013814,12,True,,,,,,6.595094339622642,53,False,False,2659.6258366246366,,,,,0.0346290243707148,,False
24037,Saint Marys County,MD,2025,425032.63694880274,12,True,,,,,,6.595094339622642,53,False,False,2170.5050946416595,,,,,0.028081123441886513,,False
24039,Somerset County,MD,2025,198994.9757770408,12,True,,,,,,6.595094339622642,53,False,False,1016.2033951858326,,,,,0.015707342776248856,,False
24041,Talbot County,MD,2025,496966.50373179227,12,True,,,,,,6.595094339622642,53,False,False,2537.848236689738,,,,,0.019899676235790142,,False
24043,Washington County,MD,2025,329070.9704502506,12,True,,,,,,6.595094339622642,53,False,False,1680.4597006675956,,,,,0.03622963511021271,,False
24045,Wicomico County,MD,2025,272101.1023555599,12,True,,,,,,6.595094339622642,53,False,False,1389.532891309461,,,,,0.017760397678951767,,False
24047,Worcester County,MD,2025,433574.0123092926,12,True,,,,,,6.595094339622642,53,False,False,2214.123153876539,,,,,-0.011833680648313027,,False
24510,Baltimore City,MD,2025,191579.84613506254,12,True,,,,,,6.595094339622642,53,False,False,978.3367109215819,,,,,0.00520908292288369,,False
25001,Barnstable County,MA,2025,757675.315190379,12,True,,,,,,6.595094339622642,53,False,False,3869.204359247912,,,,,0.011633702483780706,,False
25003,Berkshire County,MA,2025,387107.0226301245,12,True,,,,,,6.595094339622642,53,False,False,1976.8311695354769,,,,,0.032595995159985014,,False
25005,Bristol County,MA,2025,536673.9096610987,12,True,,,,,,6.595094339622642,53,False,False,2740.621198980973,,,,,0.03677664245547607,,False
25007,Dukes County,MA,2025,1503205.6081644418,12,True,,,,,,6.595094339622642,53,False,False,7676.387992783353,,,,,-0.0049261795365816985,,False
25009,Essex County,MA,2025,719428.1435950681,12,True,,,,,,6.595094339622642,53,False,False,3673.8883444608973,,,,,0.03080480296320154,,False
25011,Franklin County,MA,2025,372443.8025110666,12,True,,,,,,6.595094339622642,53,False,False,1901.9508163448559,,,,,0.029146113753496516,,False
25013,Hampden County,MA,2025,345400.8998911279,12,True,,,,,,6.595094339622642,53,False,False,1763.8514027754798,,,,,0.036809390109127094,,False
25015,Hampshire County,MA,2025,449623.99619002704,12,True,,,,,,6.595094339622642,53,False,False,2296.0852639679742,,,,,0.02764533993540086,,False
25017,Middlesex County,MA,2025,816988.3118921337,12,True,,,,,,6.595094339622642,53,False,False,4172.096773448871,,,,,0.02164225133777742,,False
25019,Nantucket County,MA,2025,2952871.627207453,12,True,,,,,,6.595094339622642,53,False,False,15079.366508620857,,,,,-0.00931919495329847,,False
25021,Norfolk County,MA,2025,771431.1261957572,12,True,,,,,,6.595094339622642,53,False,False,3939.4508656866583,,,,,0.017030639017196814,,False
25023,Plymouth County,MA,2025,636031.7440165703,12,True,,,,,,6.595094339622642,53,False,False,3248.009730857621,,,,,0.028591332394197533,,False
25025,Suffolk County,MA,2025,763103.965983504,12,True,,,,,,6.595094339622642,53,False,False,3896.926734376784,,,,,0.018551785439087087,,False
25027,Worcester County,MA,2025,497613.03149578394,12,True,,,,,,6.595094339622642,53,False,False,2541.149846221761,,,,,0.0322493317199839,,False
26001,Alcona County,MI,2025,188959.8916090644,12,True,,,,,,6.595094339622642,53,False,False,964.957445067479,,,,,0.05530004305137348,,False
26003,Alger County,MI,2025,204582.4727969982,12,True,,,,,,6.595094339622642,53,False,False,1044.736946950643,,,,,0.02363079061262252,,False
26005,Allegan County,MI,2025,337056.28000930726,12,True,,,,,,6.595094339622642,53,False,False,1721.2381105437084,,,,,0.046962843379138475,,False
26007,Alpena County,MI,2025,189319.22961539053,12,True,,,,,,6.595094339622642,53,False,False,966.7924687941938,,,,,0.033807636251544704,,False
26009,Antrim County,MI,2025,343765.692870234,12,True,,,,,,6.595094339622642,53,False,False,1755.5009259859255,,,,,0.024176893272819466,,False
26011,Arenac County,MI,2025,157422.96803768846,12,True,,,,,,6.595094339622642,53,False,False,803.9085106317891,,,,,0.0582046628910875,,False
26013,Baraga County,MI,2025,164064.4238925369,12,True,,,,,,6.595094339622642,53,False,False,837.8242914816315,,,,,0.049682133317157984,,False
26015,Barry County,MI,2025,290962.25366798724,12,True,,,,,,6.595094339622642,53,False,False,1485.8507301190066,,,,,0.03838467326520667,,False
26017,Bay County,MI,2025,176693.60821689284,12,True,,,,,,6.595094339622642,53,False,False,902.317477496627,,,,,0.0451946482468919,,False
26019,Benzie County,MI,2025,392915.72603215795,12,True,,,,,,6.595094339622642,53,False,False,2006.4943512099103,,,,,0.017624534293661176,,False
26021,Berrien County,MI,2025,268233.592902773,12,True,,,,,,6.595094339622642,53,False,False,1369.7827633402064,,,,,0.01614901760792531,,False
26023,Branch County,MI,2025,200439.1038931394,12,True,,,,,,6.595094339622642,53,False,False,1023.5780934109122,,,,,-0.0028796674926998556,,False
26025,Calhoun County,MI,2025,186219.88890820896,12,True,,,,,,6.595094339622642,53,False,False,950.9651317613009,,,,,0.03947364722823421,,False
26027,Cass County,MI,2025,263323.28063545964,12,True,,,,,,6.595094339622642,53,False,False,1344.7073764969864,,,,,0.02043188725704237,,False
26029,Charlevoix County,MI,2025,407158.84422243125,12,True,,,,,,6.595094339622642,53,False,False,2079.229378848024,,,,,0.031089920830554396,,False
26031,Cheboygan County,MI,2025,248088.2179975697,12,True,,,,,,6.595094339622642,53,False,False,1266.9068073216172,,,,,0.008484500553997965,,False
26033,Chippewa County,MI,2025,192659.6557192408,12,True,,,,,,6.595094339622642,53,False,False,983.8509514762058,,,,,0.012228445773214913,,False
26035,Clare County,MI,2025,150646.37867074733,12,True,,,,,,6.595094339622642,53,False,False,769.3026463602133,,,,,0.03629222689843048,,False
26037,Clinton County,MI,2025,311294.113736913,12,True,,,,,,6.595094339622642,53,False,False,1589.6790059425884,,,,,0.03834996870890972,,False
26039,Crawford County,MI,2025,176072.7342204474,12,True,,,,,,6.595094339622642,53,False,False,899.1468735117436,,,,,0.03033978822863359,,False
26041,Delta County,MI,2025,191758.43739626315,12,True,,,,,,6.595094339622642,53,False,False,979.2487191030642,,,,,0.09360694625863997,,False
26043,Dickinson County,MI,2025,177325.1102041504,12,True,,,,,,6.595094339622642,53,False,False,905.5423552153325,,,,,0.06457451872814524,,False
26045,Eaton County,MI,2025,256616.69040617603,12,True,,,,,,6.595094339622642,53,False,False,1310.458975327531,,,,,0.028214801531392775,,False
26047,Emmet County,MI,2025,417656.85216391535,12,True,,,,,,6.595094339622642,53,False,False,2132.8393319192855,,,,,-0.0018002748948561242,,False
26049,Genesee County,MI,2025,189758.84729950925,12,True,,,,,,6.595094339622642,53,False,False,969.0374550378953,,,,,0.03710404094522346,,False
26051,Gladwin County,MI,2025,173663.47443827617,12,True,,,,,,6.595094339622642,53,False,False,886.8435580085911,,,,,0.034463183130724495,,False
26053,Gogebic County,MI,2025,125349.89419695898,12,True,,,,,,6.595094339622642,53,False,False,640.1216290598995,,,,,0.03368921725747431,,False
26055,Grand Traverse County,MI,2025,413584.62645924697,12,True,,,,,,6.595094339622642,53,False,False,2112.043783836285,,,,,0.03422202802805141,,False
26057,Gratiot County,MI,2025,172701.03525903108,12,True,,,,,,6.595094339622642,53,False,False,881.9286903955287,,,,,0.027632945963542266,,False
26059,Hillsdale County,MI,2025,203340.38248595782,12,True,,,,,,6.595094339622642,53,False,False,1038.3939908720893,,,,,0.03660446013822649,,False
26061,Houghton County,MI,2025,186394.4785766094,12,True,,,,,,6.595094339622642,53,False,False,951.8567050942462,,,,,0.03058373593496877,,False
26063,Huron County,MI,2025,194440.11300557887,12,True,,,,,,6.595094339622642,53,False,False,992.9431746958878,,,,,-0.010529021490643609,,False
26065,Ingham County,MI,2025,222498.9411675115,12,True,,,,,,6.595094339622642,53,False,False,1136.2305935452916,,,,,0.05674029110495771,,False
26067,Ionia County,MI,2025,252139.8550671777,12,True,,,,,,6.595094339622642,53,False,False,1287.5972158614263,,,,,0.039297766461434014,,False
26069,Iosco County,MI,2025,167912.67121532795,12,True,,,,,,6.595094339622642,53,False,False,857.4760539427933,,,,,0.0014022855127346912,,False
26071,Iron County,MI,2025,136798.22868650532,12,True,,,,,,6.595094339622642,53,False,False,698.5845944291101,,,,,0.09803466139707129,,False
26073,Isabella County,MI,2025,219020.11120678255,12,True,,,,,,6.595094339622642,53,False,False,1118.4653268416344,,,,,0.007114049454293614,,False
26075,Jackson County,MI,2025,222113.9403147969,12,True,,,,,,6.595094339622642,53,False,False,1134.264517908707,,,,,0.0338771832318332,,False
26077,Kalamazoo County,MI,2025,270511.5507612743,12,True,,,,,,6.595094339622642,53,False,False,1381.415562112437,,,,,0.028937595128482485,,False
26079,Kalkaska County,MI,2025,236592.84789831657,12,True,,,,,,6.595094339622642,53,False,False,1208.2036462083076,,,,,0.003659764975052937,,False
26081,Kent County,MI,2025,346375.61130219506,12,True,,,,,,6.595094339622642,53,False,False,1768.8289407328332,,,,,0.03844908002340919,,False
26083,Keweenaw County,MI,2025,205179.3440794268,12,True,,,,,,6.595094339622642,53,False,False,1047.7849767882028,,,,,0.05921816461515994,,False
26085,Lake County,MI,2025,154876.10609444536,12,True,,,,,,6.595094339622642,53,False,False,790.9025051098556,,,,,0.03431687394729699,,False
26087,Lapeer County,MI,2025,289021.8472582783,12,True,,,,,,6.595094339622642,53,False,False,1475.941698125174,,,,,0.033408762440917394,,False
26089,Leelanau County,MI,2025,650530.2319729713,12,True,,,,,,6.595094339622642,53,False,False,3322.0488498294653,,,,,0.012221507722678382,,False
26091,Lenawee County,MI,2025,235307.79697204172,12,True,,,,,,6.595094339622642,53,False,False,1201.6413040729446,,,,,0.015045986480376472,,False
26093,Livingston County,MI,2025,395674.52793680987,12,True,,,,,,6.595094339622642,53,False,False,2020.5826660088408,,,,,0.04347296016733093,,False
26095,Luce County,MI,2025,130542.34625841973,12,True,,,,,,6.595094339622642,53,False,False,666.637813167523,,,,,-0.025515933219705134,,False
26097,Mackinac County,MI,2025,227470.15546971865,12,True,,,,,,6.595094339622642,53,False,False,1161.6169875101293,,,,,0.08475947386547933,,False
26099,Macomb County,MI,2025,268755.9914984834,12,True,,,,,,6.595094339622642,53,False,False,1372.4504850981468,,,,,0.03944842506431745,,False
26101,Manistee County,MI,2025,243119.5109926611,12,True,,,,,,6.595094339622642,53,False,False,1241.533217318375,,,,,0.031235363413654404,,False
26103,Marquette County,MI,2025,242659.80485352987,12,True,,,,,,6.595094339622642,53,False,False,1239.1856457902559,,,,,0.06232443528013709,,False
26105,Mason County,MI,2025,258292.3534320408,12,True,,,,,,6.595094339622642,53,False,False,1319.016047934123,,,,,0.00014360656977596697,,False
26107,Mecosta County,MI,2025,221009.9452297492,12,True,,,,,,6.595094339622642,53,False,False,1128.6267697730407,,,,,0.013264267130422835,,False
26109,Menominee County,MI,2025,179002.16401810225,12,True,,,,,,6.595094339622642,53,False,False,914.1065301297618,,,,,0.04581888953873947,,False
26111,Midland County,MI,2025,235543.51726666393,12,True,,,,,,6.595094339622642,53,False,False,1202.845051869963,,,,,0.03567487771548716,,False
26113,Missaukee County,MI,2025,219424.1109743349,12,True,,,,,,6.595094339622642,53,False,False,1120.5284238310828,,,,,-0.0011849778998453964,,False
26115,Monroe County,MI,2025,258847.72100098958,12,True,,,,,,6.595094339622642,53,False,False,1321.8521316439658,,,,,0.03816837434313558,,False
26117,Montcalm County,MI,2025,228680.77657938199,12,True,,,,,,6.595094339622642,53,False,False,1167.7992404897316,,,,,0.01711636820426299,,False
26119,Montmorency County,MI,2025,181906.5363138181,12,True,,,,,,6.595094339622642,53,False,False,928.9382261374891,,,,,0.03129473936148286,,False
26121,Muskegon County,MI,2025,248880.93513864046,12,True,,,,,,6.595094339622642,53,False,False,1270.954959025109,,,,,0.032581434176306434,,False
26123,Newaygo County,MI,2025,243545.2413671373,12,True,,,,,,6.595094339622642,53,False,False,1243.7072855343545,,,,,0.015682784257455396,,False
26125,Oakland County,MI,2025,364444.52802016423,12,True,,,,,,6.595094339622642,53,False,False,1861.101092049373,,,,,0.032340681147775996,,False
26127,Oceana County,MI,2025,244554.12332754288,12,True,,,,,,6.595094339622642,53,False,False,1248.8593215066323,,,,,-0.014840259268446898,,False
26129,Ogemaw County,MI,2025,174424.749967255,12,True,,,,,,6.595094339622642,53,False,False,890.7311475027448,,,,,0.061998886530713504,,False
26131,Ontonagon County,MI,2025,125761.30067751562,12,True,,,,,,6.595094339622642,53,False,False,642.2225497525483,,,,,-0.02913853714478809,,False
26133,Osceola County,MI,2025,193149.9838708708,12,True,,,,,,6.595094339622642,53,False,False,986.354899781915,,,,,0.05055497532496189,,False
26135,Oscoda County,MI,2025,144814.00523521772,12,True,,,,,,6.595094339622642,53,False,False,739.5185894309695,,,,,0.02013145111530701,,False
26137,Otsego County,MI,2025,254452.97632751716,12,True,,,,,,6.595094339622642,53,False,False,1299.4095828272496,,,,,0.032222249564977545,,False
26139,Ottawa County,MI,2025,381960.4550326015,12,True,,,,,,6.595094339622642,53,False,False,1950.549302640425,,,,,0.040477745977414825,,False
26141,Presque Isle County,MI,2025,204413.34710871894,12,True,,,,,,6.595094339622642,53,False,False,1043.8732764083522,,,,,0.0720902053150474,,False
26143,Roscommon County,MI,2025,190935.76807479354,12,True,,,,,,6.595094339622642,53,False,False,975.0476112392694,,,,,0.031897601889196325,,False
26145,Saginaw County,MI,2025,166825.89599264192,12,True,,,,,,6.595094339622642,53,False,False,851.9262421106856,,,,,0.06048992756535121,,False
26147,Saint Clair County,MI,2025,253628.82233338218,12,True,,,,,,6.595094339622642,53,False,False,1295.200893217245,,,,,0.03109537958452635,,False
26149,Saint Joseph County,MI,2025,214418.348707336,12,True,,,,,,6.595094339622642,53,False,False,1094.965604511881,,,,,0.025475390076184823,,False
26151,Sanilac County,MI,2025,207077.00361670865,12,True,,,,,,6.595094339622642,53,False,False,1057.475714241058,,,,,-0.008378308479674357,,False
26153,Schoolcraft County,MI,2025,183214.3052453783,12,True,,,,,,6.595094339622642,53,False,False,935.6165818255192,,,,,0.02113921396602847,,False
26155,Shiawassee County,MI,2025,208250.40522847977,12,True,,,,,,6.595094339622642,53,False,False,1063.467899205237,,,,,0.02701203985441958,,False
26157,Tuscola County,MI,2025,181271.22720308613,12,True,,,,,,6.595094339622642,53,False,False,925.693906662601,,,,,0.053988787396592075,,False
26159,Van Buren County,MI,2025,272433.8151428535,12,True,,,,,,6.595094339622642,53,False,False,1391.231948598467,,,,,0.0030477069359309272,,False
26161,Washtenaw County,MI,2025,414425.66128634196,12,True,,,,,,6.595094339622642,53,False,False,2116.3386784356394,,,,,0.02388172737699601,,False
26163,Wayne County,MI,2025,177135.5268350152,12,True,,,,,,6.595094339622642,53,False,False,904.5742138708905,,,,,0.037154699463771035,,False
26165,Wexford County,MI,2025,226791.06553339283,12,True,,,,,,6.595094339622642,53,False,False,1158.1490934276976,,,,,0.04562608531298662,,False
27001,Aitkin County,MN,2025,270230.8239978568,12,True,,,,,,6.595094339622642,53,False,False,1379.9819807419003,,,,,0.04284313267582185,,False
27003,Anoka County,MN,2025,371459.2202048956,12,True,,,,,,6.595094339622642,53,False,False,1896.9228708981734,,,,,0.023248080516080405,,False
27005,Becker County,MN,2025,349524.18145449366,12,True,,,,,,6.595094339622642,53,False,False,1784.9076767222857,,,,,0.030151881640402944,,False
27007,Beltrami County,MN,2025,265686.93686389545,12,True,,,,,,6.595094339622642,53,False,False,1356.777809305701,,,,,0.036812460712933426,,False
27009,Benton County,MN,2025,304484.93902457476,12,True,,,,,,6.595094339622642,53,False,False,1554.9067387832183,,,,,0.03811459751594848,,False
27011,Big Stone County,MN,2025,187359.67197670674,12,True,,,,,,6.595094339622642,53,False,False,956.7856376281451,,,,,0.051796269893146896,,False
27013,Blue Earth County,MN,2025,298770.11289674713,12,True,,,,,,6.595094339622642,53,False,False,1525.7229581811296,,,,,0.04742803380828975,,False
27015,Brown County,MN,2025,234394.6468278887,12,True,,,,,,6.595094339622642,53,False,False,1196.978139723296,,,,,0.07938424878562089,,False
27017,Carlton County,MN,2025,295392.73536257667,12,True,,,,,,6.595094339622642,53,False,False,1508.4757764186422,,,,,0.03584634736953496,,False
27019,Carver County,MN,2025,486827.1091803057,12,True,,,,,,6.595094339622642,53,False,False,2486.069606962453,,,,,0.010675387576005946,,False
27021,Cass County,MN,2025,333969.37806010415,12,True,,,,,,6.595094339622642,53,False,False,1705.4742942506743,,,,,0.05663884631933236,,False
27023,Chippewa County,MN,2025,213166.3901523008,12,True,,,,,,6.595094339622642,53,False,False,1088.5722544823598,,,,,0.0419077103616754,,False
27025,Chisago County,MN,2025,384108.91390033177,12,True,,,,,,6.595094339622642,53,False,False,1961.5207916806846,,,,,0.017005766637878672,,False
27027,Clay County,MN,2025,300419.85409198666,12,True,,,,,,6.595094339622642,53,False,False,1534.147656328578,,,,,0.02760960285156333,,False
27029,Clearwater County,MN,2025,231180.82429649564,12,True,,,,,,6.595094339622642,53,False,False,1180.5661808023553,,,,,0.10411384474677532,,False
27031,Cook County,MN,2025,424848.57306036376,12,True,,,,,,6.595094339622642,53,False,False,2169.5651395114737,,,,,0.025339059796955166,,False
27033,Cottonwood County,MN,2025,168809.2706515687,12,True,,,,,,6.595094339622642,53,False,False,862.0546991456268,,,,,0.00014460520879477912,,False
27035,Crow Wing County,MN,2025,365588.02003207925,12,True,,,,,,6.595094339622642,53,False,False,1866.9405382983973,,,,,0.022526398560268834,,False
27037,Dakota County,MN,2025,396427.36915285303,12,True,,,,,,6.595094339622642,53,False,False,2024.4271841771588,,,,,0.018770603139965925,,False
27039,Dodge County,MN,2025,318167.25583385804,12,True,,,,,,6.595094339622642,53,False,False,1624.777933979525,,,,,0.037797633646761586,,False
27041,Douglas County,MN,2025,345033.8121853672,12,True,,,,,,6.595094339622642,53,False,False,1761.9768038240823,,,,,0.03382529038329252,,False
27043,Faribault County,MN,2025,155542.54937968907,12,True,,,,,,6.595094339622642,53,False,False,794.3058168091532,,,,,0.07090517592471213,,False
27045,Fillmore County,MN,2025,283754.5543542647,12,True,,,,,,6.595094339622642,53,False,False,1449.0433258843889,,,,,0.017374302352309412,,False
27047,Freeborn County,MN,2025,189974.40260703865,12,True,,,,,,6.595094339622642,53,False,False,970.1382267257551,,,,,0.01961431435826766,,False
27049,Goodhue County,MN,2025,319846.65136904013,12,True,,,,,,6.595094339622642,53,False,False,1633.354067311776,,,,,0.03394172829466213,,False
27051,Grant County,MN,2025,227005.2778079247,12,True,,,,,,6.595094339622642,53,False,False,1159.2430066776164,,,,,0.04561187594144567,,False
27053,Hennepin County,MN,2025,390058.10404653166,12,True,,,,,,6.595094339622642,53,False,False,1991.9013940128164,,,,,0.018411696951256218,,False
27055,Houston County,MN,2025,316300.19484586973,12,True,,,,,,6.595094339622642,53,False,False,1615.2434534852105,,,,,0.07163450839759355,,False
27057,Hubbard County,MN,2025,317478.92610328837,12,True,,,,,,6.595094339622642,53,False,False,1621.2628552370545,,,,,0.030720480097730096,,False
27059,Isanti County,MN,2025,337227.1349737995,12,True,,,,,,6.595094339622642,53,False,False,1722.1106119439244,,,,,0.01661035141979217,,False
27061,Itasca County,MN,2025,254325.08253361486,12,True,,,,,,6.595094339622642,53,False,False,1298.7564703198648,,,,,0.04373646820461685,,False
27063,Jackson County,MN,2025,219305.6148657679,12,True,,,,,,6.595094339622642,53,False,False,1119.923302282803,,,,,0.08450596396876131,,False
27065,Kanabec County,MN,2025,262043.2928154762,12,True,,,,,,6.595094339622642,53,False,False,1338.1708900184478,,,,,0.008570298177891233,,False
27067,Kandiyohi County,MN,2025,284129.9575650417,12,True,,,,,,6.595094339622642,53,False,False,1450.9603894477561,,,,,0.03996270755540432,,False
27069,Kittson County,MN,2025,147853.49280815854,12,True,,,,,,6.595094339622642,53,False,False,755.0402757408206,,,,,0.07729477399656304,,False
27071,Koochiching County,MN,2025,155672.34452963388,12,True,,,,,,6.595094339622642,53,False,False,794.968638930855,,,,,0.03371888831053571,,False
27073,Lac Qui Parle County,MN,2025,204026.67949787006,12,True,,,,,,6.595094339622642,53,False,False,1041.8986891735806,,,,,0.0676796244693636,,False
27075,Lake County,MN,2025,274048.375592934,12,True,,,,,,6.595094339622642,53,False,False,1399.4769899855564,,,,,0.036361309071373915,,False
27077,Lake of the Woods County,MN,2025,223092.9833022931,12,True,,,,,,6.595094339622642,53,False,False,1139.2641758349516,,,,,0.07046173988123106,,False
27079,Le Sueur County,MN,2025,353408.6761540519,12,True,,,,,,6.595094339622642,53,False,False,1804.7445428886724,,,,,0.03299670256878828,,False
27081,Lincoln County,MN,2025,197360.3985554117,12,True,,,,,,6.595094339622642,53,False,False,1007.8561345787405,,,,,0.052116508757004354,,False
27083,Lyon County,MN,2025,211011.19885829682,12,True,,,,,,6.595094339622642,53,False,False,1077.5663851045538,,,,,0.0333329134844802,,False
27085,McLeod County,MN,2025,293589.3966021097,12,True,,,,,,6.595094339622642,53,False,False,1499.2667048634391,,,,,0.0425889917547464,,False
27087,Mahnomen County,MN,2025,171712.33588026327,12,True,,,,,,6.595094339622642,53,False,False,876.8797203820965,,,,,0.008568953451785877,,False
27089,Marshall County,MN,2025,195114.94508464515,12,True,,,,,,6.595094339622642,53,False,False,996.3893252695376,,,,,0.021336352386766677,,False
27091,Martin County,MN,2025,213242.15206805558,12,True,,,,,,6.595094339622642,53,False,False,1088.9591462403812,,,,,0.05439948418445373,,False
27093,Meeker County,MN,2025,283689.7944252172,12,True,,,,,,6.595094339622642,53,False,False,1448.7126177370446,,,,,0.042608210386836376,,False
27095,Mille Lacs County,MN,2025,310861.20141717966,12,True,,,,,,6.595094339622642,53,False,False,1587.4682618400657,,,,,0.03482512186999687,,False
27097,Morrison County,MN,2025,307845.4520714139,12,True,,,,,,6.595094339622642,53,False,False,1572.0677990282293,,,,,0.04256025622522519,,False
27099,Mower County,MN,2025,199491.74003027333,12,True,,,,,,6.595094339622642,53,False,False,1018.7402105942149,,,,,0.05071119949230951,,False
27101,Murray County,MN,2025,235332.39447456528,12,True,,,,,,6.595094339622642,53,False,False,1201.76691561404,,,,,0.07593156375709675,,False
27103,Nicollet County,MN,2025,306259.0404802135,12,True,,,,,,6.595094339622642,53,False,False,1563.9665048179354,,,,,0.05088774656725459,,False
27105,Nobles County,MN,2025,230095.0638802925,12,True,,,,,,6.595094339622642,53,False,False,1175.0215512608527,,,,,0.04700197309471177,,False
27107,Norman County,MN,2025,171487.33463502472,12,True,,,,,,6.595094339622642,53,False,False,875.730711325764,,,,,0.07365036480631915,,False
27109,Olmsted County,MN,2025,344682.6025350703,12,True,,,,,,6.595094339622642,53,False,False,1760.1832889995997,,,,,0.02852482838551773,,False
27111,Otter Tail County,MN,2025,322023.1831372399,12,True,,,,,,6.595094339622642,53,False,False,1644.4689156336378,,,,,0.03795113235209979,,False
27113,Pennington County,MN,2025,205718.29859991962,12,True,,,,,,6.595094339622642,53,False,False,1050.5372443338379,,,,,-0.01937784650710761,,False
27115,Pine County,MN,2025,254295.09548395735,12,True,,,,,,6.595094339622642,53,False,False,1298.6033360934625,,,,,0.018534444793154137,,False
27117,Pipestone County,MN,2025,187021.46734801654,12,True,,,,,,6.595094339622642,53,False,False,955.0585352699046,,,,,0.060801773593959885,,False
27119,Polk County,MN,2025,241428.811632122,12,True,,,,,,6.595094339622642,53,False,False,1232.8993589824572,,,,,0.04735630313478967,,False
27121,Pope County,MN,2025,330424.0665056448,12,True,,,,,,6.595094339622642,53,False,False,1687.3695274113861,,,,,0.055203940305150745,,False
27123,Ramsey County,MN,2025,339740.39691021055,12,True,,,,,,6.595094339622642,53,False,False,1734.9450330281716,,,,,0.013840110967217711,,False
27125,Red Lake County,MN,2025,197582.465959394,12,True,,,,,,6.595094339622642,53,False,False,1008.9901614505536,,,,,0.03584344702615461,,False
27127,Redwood County,MN,2025,176552.54051439624,12,True,,,,,,6.595094339622642,53,False,False,901.5970900714251,,,,,0.046248258611784276,,False
27129,Renville County,MN,2025,184973.855018641,12,True,,,,,,6.595094339622642,53,False,False,944.6020370944574,,,,,0.025883009349002117,,False
27131,Rice County,MN,2025,347605.5009703547,12,True,,,,,,6.595094339622642,53,False,False,1775.1095920488144,,,,,0.04227462296522866,,False
27133,Rock County,MN,2025,262060.95107095744,12,True,,,,,,6.595094339622642,53,False,False,1338.2610650547929,,,,,0.05950883588222955,,False
27135,Roseau County,MN,2025,222903.71451138437,12,True,,,,,,6.595094339622642,53,False,False,1138.297640940424,,,,,0.004624057919524249,,False
27137,Saint Louis County,MN,2025,245361.8570926408,12,True,,,,,,6.595094339622642,53,False,False,1252.9841582835083,,,,,0.038252272727238745,,False
27139,Scott County,MN,2025,443201.7669921706,12,True,,,,,,6.595094339622642,53,False,False,2263.289003207926,,,,,0.021389511877135003,,False
27141,Sherburne County,MN,2025,388232.0414620912,12,True,,,,,,6.595094339622642,53,False,False,1982.576279190775,,,,,0.020535358795308767,,False
27143,Sibley County,MN,2025,277705.55663943477,12,True,,,,,,6.595094339622642,53,False,False,1418.1530383719607,,,,,0.030768730082496143,,False
27145,Stearns County,MN,2025,307076.67831881996,12,True,,,,,,6.595094339622642,53,False,False,1568.1419185155924,,,,,0.04431497110602822,,False
27147,Steele County,MN,2025,293535.5718471895,12,True,,,,,,6.595094339622642,53,False,False,1498.9918391363954,,,,,0.0436804530858268,,False
27149,Stevens County,MN,2025,203811.28452138885,12,True,,,,,,6.595094339622642,53,False,False,1040.7987362448625,,,,,0.03844324224385409,,False
27151,Swift County,MN,2025,193182.52627049552,12,True,,,,,,6.595094339622642,53,False,False,986.5210833594502,,,,,0.05426775317032573,,False
27153,Todd County,MN,2025,264152.09665334394,12,True,,,,,,6.595094339622642,53,False,False,1348.939873564159,,,,,0.016343053124853846,,False
27155,Traverse County,MN,2025,138198.6234187773,12,True,,,,,,6.595094339622642,53,False,False,705.7359603165063,,,,,0.07278442614433422,,False
27157,Wabasha County,MN,2025,302476.72638173174,12,True,,,,,,6.595094339622642,53,False,False,1544.6514421459872,,,,,0.04188264404367925,,False
27159,Wadena County,MN,2025,222828.225919215,12,True,,,,,,6.595094339622642,53,False,False,1137.912144958122,,,,,0.03234406470477014,,False
27161,Waseca County,MN,2025,256448.4843047054,12,True,,,,,,6.595094339622642,53,False,False,1309.600000819567,,,,,0.04321024457881206,,False
27163,Washington County,MN,2025,441125.3212218384,12,True,,,,,,6.595094339622642,53,False,False,2252.685261915005,,,,,0.014734809227061385,,False
27165,Watonwan County,MN,2025,171076.15470411797,12,True,,,,,,6.595094339622642,53,False,False,873.6309475493767,,,,,0.08232798214665715,,False
27167,Wilkin County,MN,2025,214124.44038780036,12,True,,,,,,6.595094339622642,53,False,False,1093.4647091700806,,,,,0.042133951787838964,,False
27169,Winona County,MN,2025,275771.19477838237,12,True,,,,,,6.595094339622642,53,False,False,1408.27487394573,,,,,0.056634150790981996,,False
27171,Wright County,MN,2025,395489.04395918205,12,True,,,,,,6.595094339622642,53,False,False,2019.6354589395064,,,,,0.023867346761375252,,False
27173,Yellow Medicine County,MN,2025,168714.79641778217,12,True,,,,,,6.595094339622642,53,False,False,861.5722495925336,,,,,0.04147829433714256,,False
28001,Adams County,MS,2025,135870.06825462726,12,True,,,,,,6.595094339622642,53,False,False,693.8447773635355,,,,,0.018813292859270803,,False
28003,Alcorn County,MS,2025,167749.73326620852,12,True,,,,,,6.595094339622642,53,False,False,856.6439821959905,,,,,0.0553680766769582,,False
28005,Amite County,MS,2025,154797.51264752584,12,True,,,,,,6.595094339622642,53,False,False,790.5011536320752,,,,,0.0009473415094760629,,False
28007,Attala County,MS,2025,123778.28931048767,12,True,,,,,,6.595094339622642,53,False,False,632.095947932592,,,,,-0.0402469287746251,,False
28009,Benton County,MS,2025,144204.74497872873,12,True,,,,,,6.595094339622642,53,False,False,736.4072930840226,,,,,0.08729155678877976,,False
28011,Bolivar County,MS,2025,129925.41711232648,12,True,,,,,,6.595094339622642,53,False,False,663.487354265729,,,,,-0.03118934994844469,,False
28013,Calhoun County,MS,2025,132315.92848774165,12,True,,,,,,6.595094339622642,53,False,False,675.6949276802912,,,,,-0.018487190035737844,,False
28015,Carroll County,MS,2025,195195.98656382874,12,True,,,,,,6.595094339622642,53,False,False,996.8031780614267,,,,,-0.029635654248470034,,False
28017,Chickasaw County,MS,2025,139445.04242414597,12,True,,,,,,6.595094339622642,53,False,False,712.1010216459889,,,,,0.0487778294323864,,False
28019,Choctaw County,MS,2025,161231.37912994207,12,True,,,,,,6.595094339622642,53,False,False,823.356842264783,,,,,-0.05857817235648888,,False
28021,Claiborne County,MS,2025,107511.38765037921,12,True,,,,,,6.595094339622642,53,False,False,549.026108447411,,,,,-0.003679544369699972,,False
28023,Clarke County,MS,2025,110602.06513594494,12,True,,,,,,6.595094339622642,53,False,False,564.8092051913976,,,,,-0.06883356252184603,,False
28025,Clay County,MS,2025,159134.62683827258,12,True,,,,,,6.595094339622642,53,False,False,812.6494020927984,,,,,0.010525597819001531,,False
28027,Coahoma County,MS,2025,55401.824688075925,12,True,,,,,,6.595094339622642,53,False,False,282.9193155639894,,,,,-0.04424844559677943,,False
28029,Copiah County,MS,2025,130732.50046270135,12,True,,,,,,6.595094339622642,53,False,False,667.6088695836224,,,,,0.019608036121225858,,False
28031,Covington County,MS,2025,167054.9474936236,12,True,,,,,,6.595094339622642,53,False,False,853.0959345215672,,,,,-0.0019332874610314965,,False
28033,DeSoto County,MS,2025,298625.3421314682,12,True,,,,,,6.595094339622642,53,False,False,1524.9836604042605,,,,,0.0007071786524432966,,False
28035,Forrest County,MS,2025,186735.4810696265,12,True,,,,,,6.595094339622642,53,False,False,953.5980952465237,,,,,0.017220446501705844,,False
28037,Franklin County,MS,2025,142408.39454780237,12,True,,,,,,6.595094339622642,53,False,False,727.233908682116,,,,,-0.0212379511946148,,False
28039,George County,MS,2025,209409.45301413958,12,True,,,,,,6.595094339622642,53,False,False,1069.3867837920006,,,,,0.04296709713547098,,False
28041,Greene County,MS,2025,138058.82877159162,12,True,,,,,,6.595094339622642,53,False,False,705.0220739756871,,,,,0.08117131023813484,,False
28043,Grenada County,MS,2025,128798.87782790796,12,True,,,,,,6.595094339622642,53,False,False,657.7344801483493,,,,,0.04109178623679255,,False
28045,Hancock County,MS,2025,235766.11103785143,12,True,,,,,,6.595094339622642,53,False,False,1203.981766729947,,,,,-0.006444387068713087,,False
28047,Harrison County,MS,2025,224129.56818989533,12,True,,,,,,6.595094339622642,53,False,False,1144.5576817542162,,,,,0.003693208906848877,,False
28049,Hinds County,MS,2025,128095.31486476756,12,True,,,,,,6.595094339622642,53,False,False,654.1416101822688,,,,,0.03979024576592316,,False
28051,Holmes County,MS,2025,87855.00164906487,12,True,,,,,,6.595094339622642,53,False,False,448.64726162667876,,,,,0.0859301219660864,,False
28053,Humphreys County,MS,2025,81976.1695221745,12,True,,,,,,6.595094339622642,53,False,False,418.6259550899396,,,,,0.07179273287439347,,False
28057,Itawamba County,MS,2025,145022.36102822368,12,True,,,,,,6.595094339622642,53,False,False,740.5825955116885,,,,,0.04554790867912972,,False
28059,Jackson County,MS,2025,211597.5385648067,12,True,,,,,,6.595094339622642,53,False,False,1080.5606335681691,,,,,0.02382900647864128,,False
28061,Jasper County,MS,2025,142285.04743867993,12,True,,,,,,6.595094339622642,53,False,False,726.6040146328461,,,,,-0.037418766842630125,,False
28063,Jefferson County,MS,2025,121897.23230919107,12,True,,,,,,6.595094339622642,53,False,False,622.489994295866,,,,,-0.07498470230014731,,False
28065,Jefferson Davis County,MS,2025,93038.47943739907,12,True,,,,,,6.595094339622642,53,False,False,475.11761700528587,,,,,0.0341040073925476,,False
28067,Jones County,MS,2025,163469.9016553806,12,True,,,,,,6.595094339622642,53,False,False,834.7882574634227,,,,,-0.015042757556245512,,False
28069,Kemper County,MS,2025,125317.42500667636,12,True,,,,,,6.595094339622642,53,False,False,639.955819338949,,,,,-0.13033967745297492,,False
28071,Lafayette County,MS,2025,394861.23863555747,12,True,,,,,,6.595094339622642,53,False,False,2016.4294588940693,,,,,0.08555588442147477,,False
28073,Lamar County,MS,2025,255913.24303770566,12,True,,,,,,6.595094339622642,53,False,False,1306.8666956662846,,,,,0.030961869589381408,,False
28075,Lauderdale County,MS,2025,124648.24214002192,12,True,,,,,,6.595094339622642,53,False,False,636.5385174777385,,,,,0.015133887737668106,,False
28077,Lawrence County,MS,2025,117754.87086249015,12,True,,,,,,6.595094339622642,53,False,False,601.3362855160988,,,,,-0.06366992026164953,,False
28079,Leake County,MS,2025,147178.48259219868,12,True,,,,,,6.595094339622642,53,False,False,751.5932154792988,,,,,0.01687305284111451,,False
28081,Lee County,MS,2025,200849.94827208912,12,True,,,,,,6.595094339622642,53,False,False,1025.6761436312831,,,,,0.052090850035059866,,False
28083,Leflore County,MS,2025,79652.68624477353,12,True,,,,,,6.595094339622642,53,False,False,406.7606726327692,,,,,-0.02389430170459894,,False
28085,Lincoln County,MS,2025,170048.08157914935,12,True,,,,,,6.595094339622642,53,False,False,868.3809084666666,,,,,0.01062001701008275,,False
28087,Lowndes County,MS,2025,186404.91772113976,12,True,,,,,,6.595094339622642,53,False,False,951.9100144507923,,,,,0.04524071813559427,,False
28089,Madison County,MS,2025,329973.43672157085,12,True,,,,,,6.595094339622642,53,False,False,1685.0683059119,,,,,0.020628639273801763,,False
28091,Marion County,MS,2025,136277.15369160313,12,True,,,,,,6.595094339622642,53,False,False,695.9236318751646,,,,,0.0093533589626007,,False
28093,Marshall County,MS,2025,222127.36352375324,12,True,,,,,,6.595094339622642,53,False,False,1134.3330659233613,,,,,0.03694220386963876,,False
28095,Monroe County,MS,2025,163312.59354332057,12,True,,,,,,6.595094339622642,53,False,False,833.9849354853604,,,,,0.047700373639887994,,False
28097,Montgomery County,MS,2025,127055.87698853755,12,True,,,,,,6.595094339622642,53,False,False,648.8335349668766,,,,,0.0390425207709475,,False
28099,Neshoba County,MS,2025,147307.63447983575,12,True,,,,,,6.595094339622642,53,False,False,752.2527526671045,,,,,-0.027990353950028246,,False
28101,Newton County,MS,2025,149158.42125479772,12,True,,,,,,6.595094339622642,53,False,False,761.7041259851355,,,,,-0.047381605011868166,,False
28103,Noxubee County,MS,2025,109123.00447945292,12,True,,,,,,6.595094339622642,53,False,False,557.2561177079378,,,,,0.02961148133790803,,False
28105,Oktibbeha County,MS,2025,275073.50969305186,12,True,,,,,,6.595094339622642,53,False,False,1404.7120204127957,,,,,0.04518490917243234,,False
28107,Panola County,MS,2025,183967.2637641651,12,True,,,,,,6.595094339622642,53,False,False,939.4616990212546,,,,,-0.019025690209782065,,False
28109,Pearl River County,MS,2025,188625.2859823289,12,True,,,,,,6.595094339622642,53,False,False,963.2487216556985,,,,,0.017116542015015668,,False
28111,Perry County,MS,2025,144084.64289495823,12,True,,,,,,6.595094339622642,53,False,False,735.7939703364513,,,,,-0.04110645133140334,,False
28113,Pike County,MS,2025,102834.23058170668,12,True,,,,,,6.595094339622642,53,False,False,525.141370280314,,,,,0.023876854406329917,,False
28115,Pontotoc County,MS,2025,198375.4161527295,12,True,,,,,,6.595094339622642,53,False,False,1013.0395032770709,,,,,0.03980498298440427,,False
28117,Prentiss County,MS,2025,144897.18012537961,12,True,,,,,,6.595094339622642,53,False,False,739.9433368671633,,,,,-0.015802596517223155,,False
28121,Rankin County,MS,2025,262893.5781131413,12,True,,,,,,6.595094339622642,53,False,False,1342.5130237984083,,,,,0.016362518813337612,,False
28123,Scott County,MS,2025,118867.08308802517,12,True,,,,,,6.595094339622642,53,False,False,607.0159959476938,,,,,0.012006491707381883,,False
28125,Sharkey County,MS,2025,119948.44198674969,12,True,,,,,,6.595094339622642,53,False,False,612.5381483538404,,,,,-0.0818174576311701,,False
28127,Simpson County,MS,2025,162688.71271817136,12,True,,,,,,6.595094339622642,53,False,False,830.7989765925173,,,,,0.0490628929040966,,False
28129,Smith County,MS,2025,161762.328226144,12,True,,,,,,6.595094339622642,53,False,False,826.0682286810702,,,,,0.012411377733793971,,False
28131,Stone County,MS,2025,197624.43377292657,12,True,,,,,,6.595094339622642,53,False,False,1009.204477588103,,,,,0.03827316155622662,,False
28133,Sunflower County,MS,2025,106992.20565820615,12,True,,,,,,6.595094339622642,53,False,False,546.3748128500953,,,,,-0.03444355753859685,,False
28135,Tallahatchie County,MS,2025,122488.59772042018,12,True,,,,,,6.595094339622642,53,False,False,625.5099074184958,,,,,-0.0178628497167741,,False
28137,Tate County,MS,2025,235841.66944756886,12,True,,,,,,6.595094339622642,53,False,False,1204.3676192480314,,,,,0.01616920281142753,,False
28139,Tippah County,MS,2025,150874.189726092,12,True,,,,,,6.595094339622642,53,False,False,770.4660042138382,,,,,0.008890786282234053,,False
28141,Tishomingo County,MS,2025,197726.56268379054,12,True,,,,,,6.595094339622642,53,False,False,1009.7260171172361,,,,,0.05187597383124287,,False
28143,Tunica County,MS,2025,152854.10394306504,12,True,,,,,,6.595094339622642,53,False,False,780.5767898837186,,,,,0.00026986496147851646,,False
28145,Union County,MS,2025,195738.29402798656,12,True,,,,,,6.595094339622642,53,False,False,999.572568012906,,,,,0.0592543127551477,,False
28147,Walthall County,MS,2025,159243.45016155977,12,True,,,,,,6.595094339622642,53,False,False,813.2051278349586,,,,,-0.02480115922023296,,False
28149,Warren County,MS,2025,147159.47896947866,12,True,,,,,,6.595094339622642,53,False,False,751.4961700847931,,,,,-0.0032914935160368586,,False
28151,Washington County,MS,2025,62561.17690421644,12,True,,,,,,6.595094339622642,53,False,False,319.4798267073698,,,,,-0.23467212616518063,,False
28153,Wayne County,MS,2025,126117.64031740658,12,True,,,,,,6.595094339622642,53,False,False,644.0422617853898,,,,,0.006031277997413875,,False
28155,Webster County,MS,2025,177169.97521398473,12,True,,,,,,6.595094339622642,53,False,False,904.7501306724619,,,,,-0.010330968823809017,,False
28157,Wilkinson County,MS,2025,113780.73948219618,12,True,,,,,,6.595094339622642,53,False,False,581.0416736255244,,,,,0.006829637754490747,,False
28159,Winston County,MS,2025,144472.36594550408,12,True,,,,,,6.595094339622642,53,False,False,737.7739473625946,,,,,-0.021348796446989726,,False
28161,Yalobusha County,MS,2025,155329.79422345158,12,True,,,,,,6.595094339622642,53,False,False,793.2193445941257,,,,,-0.016584363269509184,,False
28163,Yazoo County,MS,2025,104907.14822715032,12,True,,,,,,6.595094339622642,53,False,False,535.7270945731757,,,,,0.03528701191613348,,False
29001,Adair County,MO,2025,185385.55308593911,12,True,,,,,,6.595094339622642,53,False,False,946.7044468268948,,,,,0.0363790498496952,,False
29003,Andrew County,MO,2025,275555.1775603316,12,True,,,,,,6.595094339622642,53,False,False,1407.1717434292702,,,,,0.07833312124208747,,False
29005,Atchison County,MO,2025,144077.4655941518,12,True,,,,,,6.595094339622642,53,False,False,735.757318167625,,,,,0.013610083809749929,,False
29007,Audrain County,MO,2025,174255.4210740252,12,True,,,,,,6.595094339622642,53,False,False,889.8664392580704,,,,,0.06319538312941653,,False
29009,Barry County,MO,2025,236442.29329108648,12,True,,,,,,6.595094339622642,53,False,False,1207.4348122092044,,,,,0.05109390126295166,,False
29011,Barton County,MO,2025,180234.44400846798,12,True,,,,,,6.595094339622642,53,False,False,920.399388053131,,,,,0.058195343558994805,,False
29013,Bates County,MO,2025,225696.81715904575,12,True,,,,,,6.595094339622642,53,False,False,1152.5611186115193,,,,,0.046173136764009914,,False
29015,Benton County,MO,2025,188913.06040768136,12,True,,,,,,6.595094339622642,53,False,False,964.7182931710039,,,,,0.05175042702577293,,False
29017,Bollinger County,MO,2025,194819.49549806488,12,True,,,,,,6.595094339622642,53,False,False,994.8805591722191,,,,,0.03227936346038773,,False
29019,Boone County,MO,2025,324603.00396720157,12,True,,,,,,6.595094339622642,53,False,False,1657.6432315988588,,,,,0.0450154885864098,,False
29021,Buchanan County,MO,2025,185760.676870388,12,True,,,,,,6.595094339622642,53,False,False,948.6200834497963,,,,,0.07106886935115209,,False
29023,Butler County,MO,2025,156484.34890620332,12,True,,,,,,6.595094339622642,53,False,False,799.1152843481754,,,,,0.03367127382411317,,False
29025,Caldwell County,MO,2025,234042.11399892546,12,True,,,,,,6.595094339622642,53,False,False,1195.1778678505614,,,,,0.07236013616326642,,False
29027,Callaway County,MO,2025,255036.70276117334,12,True,,,,,,6.595094339622642,53,False,False,1302.3904861461642,,,,,0.03747791737050954,,False
29029,Camden County,MO,2025,331242.74546974286,12,True,,,,,,6.595094339622642,53,False,False,1691.5502578023675,,,,,-0.004171010700362077,,False
29031,Cape Girardeau County,MO,2025,233491.72875905383,12,True,,,,,,6.595094339622642,53,False,False,1192.3672272942672,,,,,0.038447109039934535,,False
29033,Carroll County,MO,2025,166086.16720036106,12,True,,,,,,6.595094339622642,53,False,False,848.1486848769051,,,,,0.01572970550091446,,False
29035,Carter County,MO,2025,179193.77451572148,12,True,,,,,,6.595094339622642,53,False,False,915.0850233679633,,,,,-0.021919309551810207,,False
29037,Cass County,MO,2025,329552.84962766577,12,True,,,,,,6.595094339622642,53,False,False,1682.9205027770283,,,,,0.041366465188053425,,False
29039,Cedar County,MO,2025,216409.87764350616,12,True,,,,,,6.595094339622642,53,False,False,1105.1357028203654,,,,,0.04727554740899964,,False
29041,Chariton County,MO,2025,146998.34452186475,12,True,,,,,,6.595094339622642,53,False,False,750.6733082406323,,,,,-0.06657800551100812,,False
29043,Christian County,MO,2025,314958.7624684188,12,True,,,,,,6.595094339622642,53,False,False,1608.393189396608,,,,,0.02604379865044648,,False
29045,Clark County,MO,2025,151954.28168216502,12,True,,,,,,6.595094339622642,53,False,False,775.9816867509896,,,,,0.026746060667933946,,False
29047,Clay County,MO,2025,316312.0222948374,12,True,,,,,,6.595094339622642,53,False,False,1615.3038524663928,,,,,0.021380055234333728,,False
29049,Clinton County,MO,2025,280185.14602462086,12,True,,,,,,6.595094339622642,53,False,False,1430.8155045576198,,,,,0.057652655897715066,,False
29051,Cole County,MO,2025,268333.5464359151,12,True,,,,,,6.595094339622642,53,False,False,1370.2931939143612,,,,,0.048614644159887366,,False
29053,Cooper County,MO,2025,239526.4995768835,12,True,,,,,,6.595094339622642,53,False,False,1223.1848626154624,,,,,0.027772321688624313,,False
29055,Crawford County,MO,2025,206619.13652367142,12,True,,,,,,6.595094339622642,53,False,False,1055.1375341303722,,,,,0.03393681853953856,,False
29057,Dade County,MO,2025,188350.6990301474,12,True,,,,,,6.595094339622642,53,False,False,961.8464943281442,,,,,0.0384749673950735,,False
29059,Dallas County,MO,2025,229299.88526551475,12,True,,,,,,6.595094339622642,53,False,False,1170.9608296021224,,,,,0.01150215465554738,,False
29061,Daviess County,MO,2025,259553.24149829158,12,True,,,,,,6.595094339622642,53,False,False,1325.4549981079656,,,,,0.08024711432802967,,False
29063,DeKalb County,MO,2025,230271.99086904875,12,True,,,,,,6.595094339622642,53,False,False,1175.9250605377679,,,,,0.03805721655456873,,False
29065,Dent County,MO,2025,181090.30406944602,12,True,,,,,,6.595094339622642,53,False,False,924.7699903579064,,,,,0.02804941735617361,,False
29067,Douglas County,MO,2025,224723.98149315268,12,True,,,,,,6.595094339622642,53,False,False,1147.5931594820083,,,,,0.04354683780879731,,False
29069,Dunklin County,MO,2025,89886.83412021158,12,True,,,,,,6.595094339622642,53,False,False,459.02317713693526,,,,,0.023628867974895273,,False
29071,Franklin County,MO,2025,256571.0150470214,12,True,,,,,,6.595094339622642,53,False,False,1310.225725945892,,,,,0.03134176864492044,,False
29073,Gasconade County,MO,2025,232829.8038491239,12,True,,,,,,6.595094339622642,53,False,False,1188.9869894857381,,,,,0.05627488583459539,,False
29075,Gentry County,MO,2025,130562.3630933452,12,True,,,,,,6.595094339622642,53,False,False,666.7400327111708,,,,,0.04907154180261353,,False
29077,Greene County,MO,2025,253058.12552028368,12,True,,,,,,6.595094339622642,53,False,False,1292.2865279835107,,,,,0.014044319272734418,,False
29079,Grundy County,MO,2025,113303.47898580194,12,True,,,,,,6.595094339622642,53,False,False,578.6044576358739,,,,,0.01639675906272653,,False
29081,Harrison County,MO,2025,128229.71061971027,12,True,,,,,,6.595094339622642,53,False,False,654.8279261153122,,,,,0.0445342890299083,,False
29083,Henry County,MO,2025,218648.51282628582,12,True,,,,,,6.595094339622642,53,False,False,1116.5676933238444,,,,,0.0534193830456664,,False
29085,Hickory County,MO,2025,183656.90228485395,12,True,,,,,,6.595094339622642,53,False,False,937.8767826796267,,,,,0.021374471002943318,,False
29089,Howard County,MO,2025,218930.55402728784,12,True,,,,,,6.595094339622642,53,False,False,1118.007987104737,,,,,0.07032744734785856,,False
29091,Howell County,MO,2025,212327.38919219797,12,True,,,,,,6.595094339622642,53,False,False,1084.2877461881608,,,,,0.05051516453689198,,False
29093,Iron County,MO,2025,156047.08759973777,12,True,,,,,,6.595094339622642,53,False,False,796.8823313679377,,,,,0.03482100737118188,,False
29095,Jackson County,MO,2025,246670.19649496724,12,True,,,,,,6.595094339622642,53,False,False,1259.6654271824236,,,,,0.015748695403177804,,False
29097,Jasper County,MO,2025,212848.42025582143,12,True,,,,,,6.595094339622642,53,False,False,1086.9484843991831,,,,,0.029450591505497004,,False
29099,Jefferson County,MO,2025,283735.73312280833,12,True,,,,,,6.595094339622642,53,False,False,1448.9472119034563,,,,,0.03452937988450233,,False
29101,Johnson County,MO,2025,273704.31264268485,12,True,,,,,,6.595094339622642,53,False,False,1397.7199710616587,,,,,0.020019458222476194,,False
29103,Knox County,MO,2025,171704.3206452478,12,True,,,,,,6.595094339622642,53,False,False,876.8387891525308,,,,,0.0621728966437447,,False
29105,Laclede County,MO,2025,227904.2589222385,12,True,,,,,,6.595094339622642,53,False,False,1163.8338143450278,,,,,0.02927678615517393,,False
29107,Lafayette County,MO,2025,230527.58753290054,12,True,,,,,,6.595094339622642,53,False,False,1177.230310565263,,,,,0.07616697592344623,,False
29109,Lawrence County,MO,2025,207038.95284271773,12,True,,,,,,6.595094339622642,53,False,False,1057.2814011657251,,,,,0.03345075198709302,,False
29111,Lewis County,MO,2025,188114.35836518218,12,True,,,,,,6.595094339622642,53,False,False,960.6395784991375,,,,,0.07263057226463676,,False
29113,Lincoln County,MO,2025,301919.96537470765,12,True,,,,,,6.595094339622642,53,False,False,1541.8082425956686,,,,,0.03904688486819197,,False
29115,Linn County,MO,2025,138142.9483791555,12,True,,,,,,6.595094339622642,53,False,False,705.4516457800722,,,,,0.04893961534475322,,False
29117,Livingston County,MO,2025,187619.2845818339,12,True,,,,,,6.595094339622642,53,False,False,958.1113957772294,,,,,0.07268888445632049,,False
29119,McDonald County,MO,2025,218884.12561481353,12,True,,,,,,6.595094339622642,53,False,False,1117.7708921217843,,,,,0.029929242948223855,,False
29121,Macon County,MO,2025,192243.2407271152,12,True,,,,,,6.595094339622642,53,False,False,981.7244539244361,,,,,0.03947386923230467,,False
29123,Madison County,MO,2025,164541.17973817748,12,True,,,,,,6.595094339622642,53,False,False,840.2589303820502,,,,,0.03451799353453611,,False
29125,Maries County,MO,2025,232248.8296904506,12,True,,,,,,6.595094339622642,53,False,False,1186.0201411507303,,,,,0.050089646646678476,,False
29127,Marion County,MO,2025,189458.33876930585,12,True,,,,,,6.595094339622642,53,False,False,967.5028545411615,,,,,0.08301179111149826,,False
29129,Mercer County,MO,2025,134534.71667565333,12,True,,,,,,6.595094339622642,53,False,False,687.0255659587185,,,,,0.030569439972097046,,False
29131,Miller County,MO,2025,259538.42680501562,12,True,,,,,,6.595094339622642,53,False,False,1325.3793442300375,,,,,0.04502354369049222,,False
29133,Mississippi County,MO,2025,102273.08261350002,12,True,,,,,,6.595094339622642,53,False,False,522.2757679289655,,,,,0.010353732729057485,,False
29135,Moniteau County,MO,2025,229597.44854039233,12,True,,,,,,6.595094339622642,53,False,False,1172.4803896263516,,,,,0.05945332470342235,,False
29137,Monroe County,MO,2025,204949.81400815558,12,True,,,,,,6.595094339622642,53,False,False,1046.6128404726387,,,,,0.08840182272835206,,False
29139,Montgomery County,MO,2025,205130.24921199866,12,True,,,,,,6.595094339622642,53,False,False,1047.5342650766538,,,,,0.030259212131298785,,False
29141,Morgan County,MO,2025,287724.9882174145,12,True,,,,,,6.595094339622642,53,False,False,1469.319055743088,,,,,0.015441872705473259,,False
29143,New Madrid County,MO,2025,100388.04165724605,12,True,,,,,,6.595094339622642,53,False,False,512.6494695144975,,,,,0.003412423613438742,,False
29145,Newton County,MO,2025,240405.9696741839,12,True,,,,,,6.595094339622642,53,False,False,1227.6760337887606,,,,,0.05210031586225172,,False
29147,Nodaway County,MO,2025,217482.3707660532,12,True,,,,,,6.595094339622642,53,False,False,1110.6125805565493,,,,,0.03399166702631984,,False
29149,Oregon County,MO,2025,164378.49161794243,12,True,,,,,,6.595094339622642,53,False,False,839.4281344310785,,,,,0.015867493289955625,,False
29151,Osage County,MO,2025,265482.63512086193,12,True,,,,,,6.595094339622642,53,False,False,1355.7345059554416,,,,,0.034385413689443034,,False
29153,Ozark County,MO,2025,216559.48178817588,12,True,,,,,,6.595094339622642,53,False,False,1105.8996831125994,,,,,0.0716430670727306,,False
29155,Pemiscot County,MO,2025,93720.01756479329,12,True,,,,,,6.595094339622642,53,False,False,478.59801321278894,,,,,0.03980286959876045,,False
29157,Perry County,MO,2025,219944.37749189642,12,True,,,,,,6.595094339622642,53,False,False,1123.1852577510501,,,,,0.04955120182145678,,False
29159,Pettis County,MO,2025,189397.1575316254,12,True,,,,,,6.595094339622642,53,False,False,967.1904216206326,,,,,0.06615386926960332,,False
29161,Phelps County,MO,2025,226227.84543190675,12,True,,,,,,6.595094339622642,53,False,False,1155.2729093575613,,,,,0.050226061729815585,,False
29163,Pike County,MO,2025,204309.4453878116,12,True,,,,,,6.595094339622642,53,False,False,1043.342683708012,,,,,0.07629549868443286,,False
29165,Platte County,MO,2025,388737.4778518728,12,True,,,,,,6.595094339622642,53,False,False,1985.1573804137631,,,,,0.019857491302315733,,False
29167,Polk County,MO,2025,271131.92505318637,12,True,,,,,,6.595094339622642,53,False,False,1384.5836142668463,,,,,0.0367362492713621,,False
29169,Pulaski County,MO,2025,216950.4269723088,12,True,,,,,,6.595094339622642,53,False,False,1107.8961145395542,,,,,0.04290256915641888,,False
29171,Putnam County,MO,2025,203135.03844792405,12,True,,,,,,6.595094339622642,53,False,False,1037.3453648562,,,,,0.042886276251482114,,False
29173,Ralls County,MO,2025,253723.2894985165,12,True,,,,,,6.595094339622642,53,False,False,1295.6833066730032,,,,,0.05823851455773732,,False
29175,Randolph County,MO,2025,171585.02436166734,12,True,,,,,,6.595094339622642,53,False,False,876.2295813675898,,,,,0.04745051781613063,,False
29177,Ray County,MO,2025,254379.96609240872,12,True,,,,,,6.595094339622642,53,False,False,1299.0367430180493,,,,,0.06377878188343411,,False
29179,Reynolds County,MO,2025,158832.47855552184,12,True,,,,,,6.595094339622642,53,False,False,811.106427906732,,,,,-0.0026974158777338664,,False
29181,Ripley County,MO,2025,146717.8935921831,12,True,,,,,,6.595094339622642,53,False,False,749.2411354643464,,,,,0.024431397748383432,,False
29183,Saint Charles County,MO,2025,370505.43808404636,12,True,,,,,,6.595094339622642,53,False,False,1892.0522121004333,,,,,0.02148943495381217,,False
29185,Saint Clair County,MO,2025,200095.54843699248,12,True,,,,,,6.595094339622642,53,False,False,1021.8236660963137,,,,,0.030472294929430932,,False
29186,Sainte Genevieve County,MO,2025,241960.69240098723,12,True,,,,,,6.595094339622642,53,False,False,1235.6155031516473,,,,,0.05882798734011674,,False
29187,Saint Francois County,MO,2025,190842.369634909,12,True,,,,,,6.595094339622642,53,False,False,974.5706554199321,,,,,0.032541970632640416,,False
29189,Saint Louis County,MO,2025,284126.89636795927,12,True,,,,,,6.595094339622642,53,False,False,1450.9447568979574,,,,,0.022569283854099398,,False
29195,Saline County,MO,2025,175425.08136697672,12,True,,,,,,6.595094339622642,53,False,False,895.8395185092932,,,,,0.029682834839169336,,False
29197,Schuyler County,MO,2025,158691.75175379307,12,True,,,,,,6.595094339622642,53,False,False,810.3877813522047,,,,,0.04746417513199952,,False
29199,Scotland County,MO,2025,131282.9774766967,12,True,,,,,,6.595094339622642,53,False,False,670.4199788008751,,,,,-0.07060531365266942,,False
29201,Scott County,MO,2025,158409.54806884713,12,True,,,,,,6.595094339622642,53,False,False,808.946657818024,,,,,0.018745635717269282,,False
29203,Shannon County,MO,2025,167720.6640930566,12,True,,,,,,6.595094339622642,53,False,False,856.4955352699469,,,,,0.04560130943980267,,False
29205,Shelby County,MO,2025,180936.93848253638,12,True,,,,,,6.595094339622642,53,False,False,923.986801588875,,,,,0.10451052999129518,,False
29207,Stoddard County,MO,2025,151503.99592569342,12,True,,,,,,6.595094339622642,53,False,False,773.6822220899173,,,,,0.013683436245636171,,False
29209,Stone County,MO,2025,314827.7207824302,12,True,,,,,,6.595094339622642,53,False,False,1607.7240016158987,,,,,-0.007149062934816874,,False
29211,Sullivan County,MO,2025,96384.66669114983,12,True,,,,,,6.595094339622642,53,False,False,492.2055200285209,,,,,-0.14175069164368737,,False
29213,Taney County,MO,2025,249545.55275791758,12,True,,,,,,6.595094339622642,53,False,False,1274.3489476349844,,,,,-0.02008460036126003,,False
29215,Texas County,MO,2025,192645.12129546746,12,True,,,,,,6.595094339622642,53,False,False,983.7767288445646,,,,,0.027096231930877623,,False
29217,Vernon County,MO,2025,167589.43310057683,12,True,,,,,,6.595094339622642,53,False,False,855.8253807618202,,,,,0.06356911481615479,,False
29219,Warren County,MO,2025,331036.4350930138,12,True,,,,,,6.595094339622642,53,False,False,1690.4966970052894,,,,,0.04362144959627079,,False
29221,Washington County,MO,2025,181849.90342403695,12,True,,,,,,6.595094339622642,53,False,False,928.6490201680919,,,,,0.020167330305163045,,False
29223,Wayne County,MO,2025,125218.83359511335,12,True,,,,,,6.595094339622642,53,False,False,639.4523446819871,,,,,0.036951085508311055,,False
29225,Webster County,MO,2025,258729.49181242145,12,True,,,,,,6.595094339622642,53,False,False,1321.2483731703471,,,,,0.00987644921594577,,False
29229,Wright County,MO,2025,203501.8276689934,12,True,,,,,,6.595094339622642,53,False,False,1039.2184395421955,,,,,0.008272537469200092,,False
29510,Saint Louis City,MO,2025,184201.5259700136,12,True,,,,,,6.595094339622642,53,False,False,940.6580008274556,,,,,0.011945715961952708,,False
30001,Beaverhead County,MT,2025,394027.60316873406,12,True,,,,,,6.595094339622642,53,False,False,2012.1723504498716,,,,,0.03439028746203676,,False
30003,Big Horn County,MT,2025,221194.5884086371,12,True,,,,,,6.595094339622642,53,False,False,1129.5696831533967,,,,,0.034824265074126615,,False
30005,Blaine County,MT,2025,212460.5817448656,12,True,,,,,,6.595094339622642,53,False,False,1084.967917753829,,,,,0.09248085617490887,,False
30007,Broadwater County,MT,2025,528997.7054929944,12,True,,,,,,6.595094339622642,53,False,False,2701.421291006878,,,,,0.020967683703407403,,False
30009,Carbon County,MT,2025,495602.64407028933,12,True,,,,,,6.595094339622642,53,False,False,2530.883443668384,,,,,0.0391894926834786,,False
30011,Carter County,MT,2025,197289.23403389394,12,True,,,,,,6.595094339622642,53,False,False,1007.4927202357366,,,,,0.09573713121843763,,False
30013,Cascade County,MT,2025,332298.5033723519,12,True,,,,,,6.595094339622642,53,False,False,1696.9416741481132,,,,,0.06688010864555771,,False
30015,Chouteau County,MT,2025,282375.17221130425,12,True,,,,,,6.595094339622642,53,False,False,1441.9992645383095,,,,,0.11294049015477614,,False
30017,Custer County,MT,2025,236009.20374951407,12,True,,,,,,6.595094339622642,53,False,False,1205.223163091699,,,,,0.004412152807885317,,False
30019,Daniels County,MT,2025,172714.98246601957,12,True,,,,,,6.595094339622642,53,False,False,881.999914299749,,,,,-0.020835309505598976,,False
30021,Dawson County,MT,2025,193688.3603443524,12,True,,,,,,6.595094339622642,53,False,False,989.1042154272164,,,,,0.003868762092894329,,False
30023,Deer Lodge County,MT,2025,288133.26805462665,12,True,,,,,,6.595094339622642,53,False,False,1471.4040096729088,,,,,0.02353008645432597,,False
30025,Fallon County,MT,2025,178757.86445611226,12,True,,,,,,6.595094339622642,53,False,False,912.858970771204,,,,,0.0528146025046623,,False
30027,Fergus County,MT,2025,276029.26700895553,12,True,,,,,,6.595094339622642,53,False,False,1409.5927658969592,,,,,0.09370722213084326,,False
30029,Flathead County,MT,2025,647873.6870794983,12,True,,,,,,6.595094339622642,53,False,False,3308.482728726812,,,,,0.00488066444094315,,False
30031,Gallatin County,MT,2025,706546.3364512693,12,True,,,,,,6.595094339622642,53,False,False,3608.1050948861725,,,,,-0.012074931992673066,,False
30033,Garfield County,MT,2025,270870.7233395925,12,True,,,,,,6.595094339622642,53,False,False,1383.249741051475,,,,,0.18290330433681556,,False
30035,Glacier County,MT,2025,170038.28978709568,12,True,,,,,,6.595094339622642,53,False,False,868.3309049311952,,,,,0.0306497414354292,,False
30037,Golden Valley County,MT,2025,213950.45777424882,12,True,,,,,,6.595094339622642,53,False,False,1092.5762358711743,,,,,0.07878057096191693,,False
30039,Granite County,MT,2025,462418.46568594984,12,True,,,,,,6.595094339622642,53,False,False,2361.4225082405424,,,,,0.043603454272141295,,False
30041,Hill County,MT,2025,224128.79453197555,12,True,,,,,,6.595094339622642,53,False,False,1144.5537309318313,,,,,0.04788512574504189,,False
30043,Jefferson County,MT,2025,512563.44002074935,12,True,,,,,,6.595094339622642,53,False,False,2617.4967783146967,,,,,0.028001760844647672,,False
30045,Judith Basin County,MT,2025,287029.58238016284,12,True,,,,,,6.595094339622642,53,False,False,1465.767841597667,,,,,0.10855304598392412,,False
30047,Lake County,MT,2025,597741.5214130487,12,True,,,,,,6.595094339622642,53,False,False,3052.4738684059153,,,,,0.008811651464862624,,False
30049,Lewis and Clark County,MT,2025,460150.91708292795,12,True,,,,,,6.595094339622642,53,False,False,2349.842866191079,,,,,0.03277079792154125,,False
30051,Liberty County,MT,2025,216865.11522974717,12,True,,,,,,6.595094339622642,53,False,False,1107.4604548848226,,,,,0.11002647046535863,,False
30053,Lincoln County,MT,2025,430787.1905693188,12,True,,,,,,6.595094339622642,53,False,False,2199.8917507826636,,,,,0.030678950727187182,,False
30055,McCone County,MT,2025,229110.51739322767,12,True,,,,,,6.595094339622642,53,False,False,1169.993788730835,,,,,0.09695204202073127,,False
30057,Madison County,MT,2025,744209.3801673474,12,True,,,,,,6.595094339622642,53,False,False,3800.438156300715,,,,,0.01582987173937922,,False
30059,Meagher County,MT,2025,323390.3946779054,12,True,,,,,,6.595094339622642,53,False,False,1651.4508256247636,,,,,0.06158046178872367,,False
30061,Mineral County,MT,2025,397444.6030488489,12,True,,,,,,6.595094339622642,53,False,False,2029.6218708006409,,,,,-0.0006322838265563346,,False
30063,Missoula County,MT,2025,575877.3579975924,12,True,,,,,,6.595094339622642,53,False,False,2940.820611790137,,,,,0.01521196054610896,,False
30065,Musselshell County,MT,2025,248009.1591198494,12,True,,,,,,6.595094339622642,53,False,False,1266.5030790383014,,,,,0.003864578717838185,,False
30067,Park County,MT,2025,602340.345852272,12,True,,,,,,6.595094339622642,53,False,False,3075.9585870062397,,,,,0.04082869394359068,,False
30069,Petroleum County,MT,2025,202184.43259708874,12,True,,,,,,6.595094339622642,53,False,False,1032.4909262487413,,,,,0.11781664327743724,,False
30071,Phillips County,MT,2025,212274.00624314384,12,True,,,,,,6.595094339622642,53,False,False,1084.015136621703,,,,,0.03368248861104739,,False
30073,Pondera County,MT,2025,247216.71646060725,12,True,,,,,,6.595094339622642,53,False,False,1262.456329025305,,,,,0.05878513027700616,,False
30075,Powder River County,MT,2025,261624.61571232564,12,True,,,,,,6.595094339622642,53,False,False,1336.032840592593,,,,,0.1131527193857651,,False
30077,Powell County,MT,2025,322472.61471455643,12,True,,,,,,6.595094339622642,53,False,False,1646.7640182762518,,,,,0.046103952966359385,,False
30079,Prairie County,MT,2025,129329.2749150562,12,True,,,,,,6.595094339622642,53,False,False,660.4430476317849,,,,,-0.034709197701585315,,False
30081,Ravalli County,MT,2025,602606.3292393129,12,True,,,,,,6.595094339622642,53,False,False,3077.3168786913366,,,,,0.011528668292710709,,False
30083,Richland County,MT,2025,267952.83840945835,12,True,,,,,,6.595094339622642,53,False,False,1368.3490403619953,,,,,0.004009374086875628,,False
30085,Roosevelt County,MT,2025,139896.77884333875,12,True,,,,,,6.595094339622642,53,False,False,714.4078943754148,,,,,-0.009171264036850313,,False
30087,Rosebud County,MT,2025,231521.38890486365,12,True,,,,,,6.595094339622642,53,False,False,1182.305334818442,,,,,0.019491524374384506,,False
30089,Sanders County,MT,2025,447047.2385067244,12,True,,,,,,6.595094339622642,53,False,False,2282.926590508413,,,,,0.030686795217333307,,False
30091,Sheridan County,MT,2025,165850.70223813257,12,True,,,,,,6.595094339622642,53,False,False,846.946240980372,,,,,0.03186611723541555,,False
30093,Silver Bow County,MT,2025,278531.43586292735,12,True,,,,,,6.595094339622642,53,False,False,1422.3705381738998,,,,,0.017106851849296056,,False
30095,Stillwater County,MT,2025,452858.01413439825,12,True,,,,,,6.595094339622642,53,False,False,2312.600354373292,,,,,0.04516794020809822,,False
30097,Sweet Grass County,MT,2025,440672.1507694737,12,True,,,,,,6.595094339622642,53,False,False,2250.37106603899,,,,,0.09500081491264756,,False
30099,Teton County,MT,2025,338305.10882664,12,True,,,,,,6.595094339622642,53,False,False,1727.6154780085094,,,,,0.06384705418437187,,False
30101,Toole County,MT,2025,182902.13280795875,12,True,,,,,,6.595094339622642,53,False,False,934.0224175027748,,,,,0.08926598384570106,,False
30103,Treasure County,MT,2025,214483.87265564734,12,True,,,,,,6.595094339622642,53,False,False,1095.3002142600917,,,,,-0.0037366163156267174,,False
30105,Valley County,MT,2025,179383.90391548106,12,True,,,,,,6.595094339622642,53,False,False,916.0559531153395,,,,,0.027372120747282125,,False
30107,Wheatland County,MT,2025,170251.28408708042,12,True,,,,,,6.595094339622642,53,False,False,869.4185983764922,,,,,-0.008090334133994737,,False
30109,Wibaux County,MT,2025,209362.36203254925,12,True,,,,,,6.595094339622642,53,False,False,1069.146305281486,,,,,0.09171529808310175,,False
30111,Yellowstone County,MT,2025,399577.280037124,12,True,,,,,,6.595094339622642,53,False,False,2040.5127668539565,,,,,0.014824220013587741,,False
31001,Adams County,NE,2025,210695.95065500904,12,True,,,,,,6.595094339622642,53,False,False,1075.9565138339033,,,,,0.04266334391687843,,False
31003,Antelope County,NE,2025,212109.34039514454,12,True,,,,,,6.595094339622642,53,False,False,1083.1742410505728,,,,,0.020888392091948482,,False
31007,Banner County,NE,2025,380647.8004486033,12,True,,,,,,6.595094339622642,53,False,False,1943.8459974953753,,,,,0.11623125829940828,,False
31011,Boone County,NE,2025,285421.8437306792,12,True,,,,,,6.595094339622642,53,False,False,1457.5576369540718,,,,,0.07972620538624775,,False
31013,Box Butte County,NE,2025,175087.50305058548,12,True,,,,,,6.595094339622642,53,False,False,894.1156145267007,,,,,0.035211574233577236,,False
31015,Boyd County,NE,2025,149968.84757707204,12,True,,,,,,6.595094339622642,53,False,False,765.842712786271,,,,,-0.06849608076123015,,False
31017,Brown County,NE,2025,150452.73737517747,12,True,,,,,,6.595094339622642,53,False,False,768.3137824894653,,,,,0.08758653083133883,,False
31019,Buffalo County,NE,2025,288850.6074876869,12,True,,,,,,6.595094339622642,53,False,False,1475.0672316438656,,,,,0.03927214087692077,,False
31021,Burt County,NE,2025,185571.20343521645,12,True,,,,,,6.595094339622642,53,False,False,947.65250350278,,,,,0.07291602495556138,,False
31023,Butler County,NE,2025,227991.01617935536,12,True,,,,,,6.595094339622642,53,False,False,1164.2768557780835,,,,,0.08528489287874619,,False
31025,Cass County,NE,2025,301627.8579111758,12,True,,,,,,6.595094339622642,53,False,False,1540.3165436467825,,,,,0.03293890348545947,,False
31027,Cedar County,NE,2025,218579.26697376496,12,True,,,,,,6.595094339622642,53,False,False,1116.214077006852,,,,,0.08162979652771996,,False
31029,Chase County,NE,2025,207713.80120007228,12,True,,,,,,6.595094339622642,53,False,False,1060.7276348673622,,,,,-0.0009535385198299329,,False
31031,Cherry County,NE,2025,240803.11936167328,12,True,,,,,,6.595094339622642,53,False,False,1229.704149620569,,,,,0.1305071623916907,,False
31033,Cheyenne County,NE,2025,164650.82687160763,12,True,,,,,,6.595094339622642,53,False,False,840.8188630578828,,,,,0.05600152648738499,,False
31035,Clay County,NE,2025,175338.83111631757,12,True,,,,,,6.595094339622642,53,False,False,895.3990661952926,,,,,0.04701337303456188,,False
31037,Colfax County,NE,2025,223201.5487827966,12,True,,,,,,6.595094339622642,53,False,False,1139.818584856872,,,,,0.06791228585854836,,False
31039,Cuming County,NE,2025,252469.83637901093,12,True,,,,,,6.595094339622642,53,False,False,1289.282324383003,,,,,0.05819281486685424,,False
31041,Custer County,NE,2025,164960.54718276765,12,True,,,,,,6.595094339622642,53,False,False,842.4005051597994,,,,,0.013248434631750072,,False
31043,Dakota County,NE,2025,232831.5844481849,12,True,,,,,,6.595094339622642,53,False,False,1188.9960824329555,,,,,0.04557383516630087,,False
31045,Dawes County,NE,2025,181262.64630965004,12,True,,,,,,6.595094339622642,53,False,False,925.6500867972532,,,,,0.030227750890986504,,False
31047,Dawson County,NE,2025,203602.10342242112,12,True,,,,,,6.595094339622642,53,False,False,1039.730515591805,,,,,0.04192634245353011,,False
31049,Deuel County,NE,2025,163117.1341504795,12,True,,,,,,6.595094339622642,53,False,False,832.9867871760856,,,,,0.04612443263993593,,False
31051,Dixon County,NE,2025,186302.4010971901,12,True,,,,,,6.595094339622642,53,False,False,951.3864949955206,,,,,0.009709006273103116,,False
31053,Dodge County,NE,2025,237494.84559580937,12,True,,,,,,6.595094339622642,53,False,False,1212.8098585966495,,,,,0.043084004204386295,,False
31055,Douglas County,NE,2025,295211.82406809245,12,True,,,,,,6.595094339622642,53,False,False,1507.5519205727123,,,,,0.011829915044886619,,False
31057,Dundy County,NE,2025,173556.93877043715,12,True,,,,,,6.595094339622642,53,False,False,886.2995145876774,,,,,0.029136766726455487,,False
31059,Fillmore County,NE,2025,169367.56369476163,12,True,,,,,,6.595094339622642,53,False,False,864.9057223123472,,,,,0.06248587286496443,,False
31061,Franklin County,NE,2025,138573.05402469417,12,True,,,,,,6.595094339622642,53,False,False,707.6480570993946,,,,,0.0932597247968665,,False
31063,Frontier County,NE,2025,167655.43321799618,12,True,,,,,,6.595094339622642,53,False,False,856.1624221526507,,,,,0.0001617080853311137,,False
31065,Furnas County,NE,2025,127612.8076617819,12,True,,,,,,6.595094339622642,53,False,False,651.6776009480608,,,,,-0.08006628442029484,,False
31067,Gage County,NE,2025,200877.27854097576,12,True,,,,,,6.595094339622642,53,False,False,1025.8157105320329,,,,,0.07790200426904836,,False
31069,Garden County,NE,2025,185518.6817740857,12,True,,,,,,6.595094339622642,53,False,False,947.3842922569762,,,,,0.035843073161255345,,False
31071,Garfield County,NE,2025,229733.45491819608,12,True,,,,,,6.595094339622642,53,False,False,1173.1749304927798,,,,,0.11002485721079802,,False
31073,Gosper County,NE,2025,328717.2434628773,12,True,,,,,,6.595094339622642,53,False,False,1678.653330611598,,,,,0.06460152188475132,,False
31077,Greeley County,NE,2025,212975.3937373236,12,True,,,,,,6.595094339622642,53,False,False,1087.5968971668788,,,,,0.04477035955370012,,False
31079,Hall County,NE,2025,259054.9441835476,12,True,,,,,,6.595094339622642,53,False,False,1322.9103538470863,,,,,0.05409636429293885,,False
31081,Hamilton County,NE,2025,285919.202149964,12,True,,,,,,6.595094339622642,53,False,False,1460.0974865775504,,,,,0.0669372474940717,,False
31083,Harlan County,NE,2025,155436.76669743817,12,True,,,,,,6.595094339622642,53,False,False,793.7656186436695,,,,,0.05498916291177247,,False
31085,Hayes County,NE,2025,304763.7892257828,12,True,,,,,,6.595094339622642,53,False,False,1556.3307371535761,,,,,0.07586250429142716,,False
31087,Hitchcock County,NE,2025,148736.1518436851,12,True,,,,,,6.595094339622642,53,False,False,759.5477317968896,,,,,0.022163063208938683,,False
31089,Holt County,NE,2025,176337.01665808485,12,True,,,,,,6.595094339622642,53,False,False,900.4964789948291,,,,,0.010291586244416617,,False
31091,Hooker County,NE,2025,130774.53428566718,12,True,,,,,,6.595094339622642,53,False,False,667.8235228101358,,,,,-0.015800374380477766,,False
31093,Howard County,NE,2025,273349.96099292685,12,True,,,,,,6.595094339622642,53,False,False,1395.9104110555947,,,,,0.044711415642304964,,False
31095,Jefferson County,NE,2025,143761.71229757392,12,True,,,,,,6.595094339622642,53,False,False,734.1448675478512,,,,,0.03481890655180653,,False
31097,Johnson County,NE,2025,215788.43012432902,12,True,,,,,,6.595094339622642,53,False,False,1101.9621700391901,,,,,0.05201485916672688,,False
31099,Kearney County,NE,2025,239617.08894763875,12,True,,,,,,6.595094339622642,53,False,False,1223.6474734214376,,,,,0.08014094699319974,,False
31101,Keith County,NE,2025,231338.4495675573,12,True,,,,,,6.595094339622642,53,False,False,1181.3711224095216,,,,,0.03602230867727996,,False
31103,Keya Paha County,NE,2025,292531.87234712794,12,True,,,,,,6.595094339622642,53,False,False,1493.866268323735,,,,,0.11175014686463114,,False
31105,Kimball County,NE,2025,162439.7726972201,12,True,,,,,,6.595094339622642,53,False,False,829.5277199012341,,,,,0.02179150275923991,,False
31107,Knox County,NE,2025,203193.58651255784,12,True,,,,,,6.595094339622642,53,False,False,1037.6443510081372,,,,,0.0009326354650580626,,False
31109,Lancaster County,NE,2025,294656.9030399702,12,True,,,,,,6.595094339622642,53,False,False,1504.7181172033766,,,,,0.032583824829753416,,False
31111,Lincoln County,NE,2025,214760.4542613635,12,True,,,,,,6.595094339622642,53,False,False,1096.712627642275,,,,,0.05138419470627453,,False
31113,Logan County,NE,2025,174801.4451448437,12,True,,,,,,6.595094339622642,53,False,False,892.6548087254515,,,,,0.0014629578308476,,False
31117,McPherson County,NE,2025,371496.24885770585,12,True,,,,,,6.595094339622642,53,False,False,1897.1119643290904,,,,,0.1208488169342663,,False
31119,Madison County,NE,2025,248836.0035234524,12,True,,,,,,6.595094339622642,53,False,False,1270.7255077049083,,,,,0.053148584601077076,,False
31121,Merrick County,NE,2025,220014.7269126524,12,True,,,,,,6.595094339622642,53,False,False,1123.5445096363926,,,,,0.08014096566427154,,False
31123,Morrill County,NE,2025,156708.5450178229,12,True,,,,,,6.595094339622642,53,False,False,800.2601818458417,,,,,0.043562702938514164,,False
31125,Nance County,NE,2025,164614.57075484208,12,True,,,,,,6.595094339622642,53,False,False,840.6337147202953,,,,,0.04860696000167408,,False
31127,Nemaha County,NE,2025,174345.78093821896,12,True,,,,,,6.595094339622642,53,False,False,890.327878047787,,,,,0.04690017859214812,,False
31129,Nuckolls County,NE,2025,116103.52524258367,12,True,,,,,,6.595094339622642,53,False,False,592.9033940874508,,,,,-0.05134596036794625,,False
31131,Otoe County,NE,2025,234623.72188952495,12,True,,,,,,6.595094339622642,53,False,False,1198.1479524508695,,,,,0.048704124859344944,,False
31133,Pawnee County,NE,2025,166076.58358785743,12,True,,,,,,6.595094339622642,53,False,False,848.0997444474983,,,,,-0.02294701271170696,,False
31135,Perkins County,NE,2025,230465.259219948,12,True,,,,,,6.595094339622642,53,False,False,1176.9120198999271,,,,,0.008627610919362372,,False
31137,Phelps County,NE,2025,213471.6269807775,12,True,,,,,,6.595094339622642,53,False,False,1090.131000878959,,,,,0.05274005318712138,,False
31139,Pierce County,NE,2025,245316.06566706393,12,True,,,,,,6.595094339622642,53,False,False,1252.7503161879486,,,,,0.012934167675626274,,False
31141,Platte County,NE,2025,272721.96453818626,12,True,,,,,,6.595094339622642,53,False,False,1392.703434964967,,,,,0.04861193311711709,,False
31143,Polk County,NE,2025,217870.32048938578,12,True,,,,,,6.595094339622642,53,False,False,1112.5937151277744,,,,,0.0638468488639703,,False
31145,Red Willow County,NE,2025,173282.1413096289,12,True,,,,,,6.595094339622642,53,False,False,884.8962122602122,,,,,0.026285881704138703,,False
31147,Richardson County,NE,2025,110880.51098315198,12,True,,,,,,6.595094339622642,53,False,False,566.2311386558094,,,,,-0.031922593723561654,,False
31149,Rock County,NE,2025,139859.76820078117,12,True,,,,,,6.595094339622642,53,False,False,714.2188929170707,,,,,0.016327216521316412,,False
31151,Saline County,NE,2025,205951.47709150318,12,True,,,,,,6.595094339622642,53,False,False,1051.7280119595341,,,,,0.057291031796778746,,False
31153,Sarpy County,NE,2025,353783.17552870204,12,True,,,,,,6.595094339622642,53,False,False,1806.6569908513827,,,,,0.015707091572478404,,False
31155,Saunders County,NE,2025,344270.92333589034,12,True,,,,,,6.595094339622642,53,False,False,1758.080975620578,,,,,0.04093425694033992,,False
31157,Scotts Bluff County,NE,2025,190668.25053280374,12,True,,,,,,6.595094339622642,53,False,False,973.681485117842,,,,,0.059702108313780755,,False
31159,Seward County,NE,2025,296765.6963143873,12,True,,,,,,6.595094339622642,53,False,False,1515.4870468049398,,,,,0.04165357946010029,,False
31161,Sheridan County,NE,2025,145101.20373245722,12,True,,,,,,6.595094339622642,53,False,False,740.9852198664738,,,,,0.012746792526882933,,False
31163,Sherman County,NE,2025,192431.37248876222,12,True,,,,,,6.595094339622642,53,False,False,982.6851823759033,,,,,0.0557590988206389,,False
31165,Sioux County,NE,2025,301678.3387009118,12,True,,,,,,6.595094339622642,53,False,False,1540.574332818198,,,,,0.10794328341908366,,False
31167,Stanton County,NE,2025,252626.6322369593,12,True,,,,,,6.595094339622642,53,False,False,1290.0830304439276,,,,,0.037086317747751396,,False
31169,Thayer County,NE,2025,150209.75069096274,12,True,,,,,,6.595094339622642,53,False,False,767.0729275758187,,,,,0.04829292093813953,,False
31171,Thomas County,NE,2025,196923.60016150412,12,True,,,,,,6.595094339622642,53,False,False,1005.6255455441816,,,,,-0.0009850761989269596,,False
31173,Thurston County,NE,2025,159088.3758949898,12,True,,,,,,6.595094339622642,53,False,False,812.4132133879781,,,,,0.02657783791149604,,False
31175,Valley County,NE,2025,183941.77117843952,12,True,,,,,,6.595094339622642,53,False,False,939.3315165778776,,,,,0.04895240211579033,,False
31177,Washington County,NE,2025,394739.6226911696,12,True,,,,,,6.595094339622642,53,False,False,2015.808405346797,,,,,0.036140543477227505,,False
31179,Wayne County,NE,2025,239133.61469180565,12,True,,,,,,6.595094339622642,53,False,False,1221.1785257590952,,,,,0.06976051889484225,,False
31181,Webster County,NE,2025,140309.66386921224,12,True,,,,,,6.595094339622642,53,False,False,716.5163655238729,,,,,0.008810887516621957,,False
31183,Wheeler County,NE,2025,250879.3173601136,12,True,,,,,,6.595094339622642,53,False,False,1281.1600548593642,,,,,0.01019530121388712,,False
31185,York County,NE,2025,225621.88154003987,12,True,,,,,,6.595094339622642,53,False,False,1152.1784464854684,,,,,0.05459681427963914,,False
32001,Churchill County,NV,2025,384873.78138638317,12,True,,,,,,6.595094339622642,53,False,False,1965.4267241453495,,,,,0.036242459299170804,,False
32003,Clark County,NV,2025,442402.86840112926,12,True,,,,,,6.595094339622642,53,False,False,2259.2092848258144,,,,,0.01469789698023738,,False
32005,Douglas County,NV,2025,690986.1914187059,12,True,,,,,,6.595094339622642,53,False,False,3528.644434384917,,,,,0.019782513495547605,,False
32007,Elko County,NV,2025,368450.67276666174,12,True,,,,,,6.595094339622642,53,False,False,1881.559185913803,,,,,0.03924888629211498,,False
32011,Eureka County,NV,2025,140107.35762292374,12,True,,,,,,6.595094339622642,53,False,False,715.4832525342464,,,,,-0.037438773687273996,,False
32013,Humboldt County,NV,2025,344860.0411965464,12,True,,,,,,6.595094339622642,53,False,False,1761.0894112246715,,,,,0.0524003172499794,,False
32015,Lander County,NV,2025,249588.48262080565,12,True,,,,,,6.595094339622642,53,False,False,1274.5681766494424,,,,,0.012085864846846706,,False
32017,Lincoln County,NV,2025,224520.64169213208,12,True,,,,,,6.595094339622642,53,False,False,1146.5547684604928,,,,,-0.015687022123828886,,False
32019,Lyon County,NV,2025,413000.7543668843,12,True,,,,,,6.595094339622642,53,False,False,2109.062136685163,,,,,0.014848882985930345,,False
32021,Mineral County,NV,2025,131737.773915485,12,True,,,,,,6.595094339622642,53,False,False,672.7424780670523,,,,,-0.0696782612972866,,False
32023,Nye County,NV,2025,358012.97805385967,12,True,,,,,,6.595094339622642,53,False,False,1828.2572331200458,,,,,0.03548821939132907,,False
32027,Pershing County,NV,2025,235386.35255241054,12,True,,,,,,6.595094339622642,53,False,False,1202.0424621784186,,,,,0.008791389544321682,,False
32029,Storey County,NV,2025,479224.9059836114,12,True,,,,,,6.595094339622642,53,False,False,2447.247598169482,,,,,-0.022159654372455817,,False
32031,Washoe County,NV,2025,570985.8669140877,12,True,,,,,,6.595094339622642,53,False,False,2915.8413386845277,,,,,0.017569391806196766,,False
32033,White Pine County,NV,2025,188323.48447053612,12,True,,,,,,6.595094339622642,53,False,False,961.7075183174812,,,,,-0.015598380139876689,,False
32510,Carson City,NV,2025,496557.98991046165,12,True,,,,,,6.595094339622642,53,False,False,2535.7620878782136,,,,,0.02477763079290085,,False
33001,Belknap County,NH,2025,505521.02242002665,12,True,,,,,,6.595094339622642,53,False,False,2581.5334146758614,,,,,0.03459646031953456,,False
33003,Carroll County,NH,2025,500654.3304932359,12,True,,,,,,6.595094339622642,53,False,False,2556.680782894497,,,,,0.007193305116578674,,False
33005,Cheshire County,NH,2025,382739.8673659652,12,True,,,,,,6.595094339622642,53,False,False,1954.5295109663948,,,,,0.052053438712960975,,False
33007,Coos County,NH,2025,260270.5080552007,12,True,,,,,,6.595094339622642,53,False,False,1329.117847923837,,,,,0.03822964910520099,,False
33009,Grafton County,NH,2025,424273.29007762315,12,True,,,,,,6.595094339622642,53,False,False,2166.6273541831215,,,,,0.03803668321669407,,False
33011,Hillsborough County,NH,2025,518829.78374226624,12,True,,,,,,6.595094339622642,53,False,False,2649.4969820401498,,,,,0.03743106511790706,,False
33013,Merrimack County,NH,2025,484473.84660292603,12,True,,,,,,6.595094339622642,53,False,False,2474.05225118973,,,,,0.04617188061643418,,False
33015,Rockingham County,NH,2025,618678.4905653064,12,True,,,,,,6.595094339622642,53,False,False,3159.392241869091,,,,,0.03350090410157125,,False
33017,Strafford County,NH,2025,499311.4230561846,12,True,,,,,,6.595094339622642,53,False,False,2549.8229861505192,,,,,0.046848487621230284,,False
33019,Sullivan County,NH,2025,379512.6987834799,12,True,,,,,,6.595094339622642,53,False,False,1938.0493980512174,,,,,0.03388502150166883,,False
34001,Atlantic County,NJ,2025,372326.7044483109,12,True,,,,,,6.595094339622642,53,False,False,1901.3528341672788,,,,,0.050452469304916425,,False
34003,Bergen County,NJ,2025,746500.1507330956,12,True,,,,,,6.595094339622642,53,False,False,3812.1363854515525,,,,,0.051506787434026924,,False
34005,Burlington County,NJ,2025,416284.9767426722,12,True,,,,,,6.595094339622642,53,False,False,2125.833604988766,,,,,0.034924312861083884,,False
34007,Camden County,NJ,2025,346628.62808874686,12,True,,,,,,6.595094339622642,53,False,False,1770.1210161559884,,,,,0.04813164588943719,,False
34009,Cape May County,NJ,2025,749262.1745929295,12,True,,,,,,6.595094339622642,53,False,False,3826.2411537402363,,,,,0.03406752758075404,,False
34011,Cumberland County,NJ,2025,276144.2028409247,12,True,,,,,,6.595094339622642,53,False,False,1410.179706256732,,,,,0.04213910984046376,,False
34013,Essex County,NJ,2025,645868.248171256,12,True,,,,,,6.595094339622642,53,False,False,3298.24159666086,,,,,0.043475923419040496,,False
34015,Gloucester County,NJ,2025,375023.6407233505,12,True,,,,,,6.595094339622642,53,False,False,1915.1252210760108,,,,,0.04245923140187213,,False
34017,Hudson County,NJ,2025,644959.008592192,12,True,,,,,,6.595094339622642,53,False,False,3293.598402310479,,,,,0.03365811492807991,,False
34019,Hunterdon County,NJ,2025,626024.4753984688,12,True,,,,,,6.595094339622642,53,False,False,3196.9058258140813,,,,,0.03363438808284713,,False
34021,Mercer County,NJ,2025,449549.48845457385,12,True,,,,,,6.595094339622642,53,False,False,2295.704776905728,,,,,0.03424662090607922,,False
34023,Middlesex County,NJ,2025,574797.6188664925,12,True,,,,,,6.595094339622642,53,False,False,2935.3067310167444,,,,,0.06266695115527532,,False
34025,Monmouth County,NJ,2025,750936.6766615203,12,True,,,,,,6.595094339622642,53,False,False,3834.7922977110984,,,,,0.036901868345660116,,False
34027,Morris County,NJ,2025,691376.1642973251,12,True,,,,,,6.595094339622642,53,False,False,3530.6359005600602,,,,,0.04224536792334077,,False
34029,Ocean County,NJ,2025,528547.8860109905,12,True,,,,,,6.595094339622642,53,False,False,2699.124207459677,,,,,0.042308345178712514,,False
34031,Passaic County,NJ,2025,580169.1176947171,12,True,,,,,,6.595094339622642,53,False,False,2962.737249426387,,,,,0.05107900524594422,,False
34033,Salem County,NJ,2025,293009.5739245799,12,True,,,,,,6.595094339622642,53,False,False,1496.3057367726076,,,,,0.029808695445417754,,False
34035,Somerset County,NJ,2025,659334.1828442983,12,True,,,,,,6.595094339622642,53,False,False,3367.0077978207746,,,,,0.037717311355271566,,False
34037,Sussex County,NJ,2025,438194.3007404607,12,True,,,,,,6.595094339622642,53,False,False,2237.7174821863728,,,,,0.04407947494785658,,False
34039,Union County,NJ,2025,625894.8998617467,12,True,,,,,,6.595094339622642,53,False,False,3196.244125186536,,,,,0.04027949555595445,,False
34041,Warren County,NJ,2025,421282.97705818905,12,True,,,,,,6.595094339622642,53,False,False,2151.3567865160157,,,,,0.03754263816148806,,False
35001,Bernalillo County,NM,2025,347117.57638669794,12,True,,,,,,6.595094339622642,53,False,False,1772.6179179923693,,,,,0.023705113364380415,,False
35003,Catron County,NM,2025,204255.73073669427,12,True,,,,,,6.595094339622642,53,False,False,1043.0683802457083,,,,,-0.00011983881847521527,,False
35005,Chaves County,NM,2025,174045.15744403834,12,True,,,,,,6.595094339622642,53,False,False,888.7926904669646,,,,,0.006569434834067245,,False
35006,Cibola County,NM,2025,150389.4817804888,12,True,,,,,,6.595094339622642,53,False,False,767.9907564942807,,,,,0.0344202905769071,,False
35007,Colfax County,NM,2025,253030.72147833125,12,True,,,,,,6.595094339622642,53,False,False,1292.1465843474207,,,,,0.009820658648194813,,False
35009,Curry County,NM,2025,161691.88182087117,12,True,,,,,,6.595094339622642,53,False,False,825.7084815269658,,,,,-0.015802389422559848,,False
35011,De Baca County,NM,2025,96621.51569606147,12,True,,,,,,6.595094339622642,53,False,False,493.41503178628136,,,,,-0.006476961156707484,,False
35013,Dona Ana County,NM,2025,289948.5102482103,12,True,,,,,,6.595094339622642,53,False,False,1480.6738682359262,,,,,0.0062482358883246825,,False
35015,Eddy County,NM,2025,246517.01570002563,12,True,,,,,,6.595094339622642,53,False,False,1258.8831820865912,,,,,0.014513154272041362,,False
35017,Grant County,NM,2025,199012.15332764797,12,True,,,,,,6.595094339622642,53,False,False,1016.2911154168576,,,,,-0.08685115503302554,,False
35023,Hidalgo County,NM,2025,124514.99028229357,12,True,,,,,,6.595094339622642,53,False,False,635.8580430601829,,,,,-0.09615721070391203,,False
35025,Lea County,NM,2025,196794.21185774868,12,True,,,,,,6.595094339622642,53,False,False,1004.9648010552306,,,,,0.0043818250958724825,,False
35027,Lincoln County,NM,2025,351898.6114230579,12,True,,,,,,6.595094339622642,53,False,False,1797.0331275597457,,,,,-0.029555988149903123,,False
35028,Los Alamos County,NM,2025,592751.5879969096,12,True,,,,,,6.595094339622642,53,False,False,3026.991881941527,,,,,0.044629094016179094,,False
35029,Luna County,NM,2025,159406.18935285584,12,True,,,,,,6.595094339622642,53,False,False,814.0361845894274,,,,,-0.010043991144929931,,False
35031,McKinley County,NM,2025,223018.5692362473,12,True,,,,,,6.595094339622642,53,False,False,1138.8841671122686,,,,,0.03149696261655621,,False
35035,Otero County,NM,2025,235960.55853614028,12,True,,,,,,6.595094339622642,53,False,False,1204.9747476189114,,,,,0.06196406811557864,,False
35037,Quay County,NM,2025,107003.98104737932,12,True,,,,,,6.595094339622642,53,False,False,546.4349459786364,,,,,0.019870316429569934,,False
35039,Rio Arriba County,NM,2025,333020.61688159796,12,True,,,,,,6.595094339622642,53,False,False,1700.629275792024,,,,,0.04796779447428978,,False
35041,Roosevelt County,NM,2025,143800.45697116703,12,True,,,,,,6.595094339622642,53,False,False,734.3427241454709,,,,,-0.006201628069101073,,False
35043,Sandoval County,NM,2025,376006.15554406494,12,True,,,,,,6.595094339622642,53,False,False,1920.1426085388434,,,,,0.019144527215571472,,False
35045,San Juan County,NM,2025,262295.53387210536,12,True,,,,,,6.595094339622642,53,False,False,1339.4590040381659,,,,,0.031098835683558645,,False
35047,San Miguel County,NM,2025,239635.9532012992,12,True,,,,,,6.595094339622642,53,False,False,1223.7438071029417,,,,,0.01953723484452019,,False
35049,Santa Fe County,NM,2025,559801.3143087912,12,True,,,,,,6.595094339622642,53,False,False,2858.7254226331024,,,,,0.00012108135158772626,,False
35051,Sierra County,NM,2025,179868.54162516035,12,True,,,,,,6.595094339622642,53,False,False,918.5308421626037,,,,,-0.0022125417730790575,,False
35053,Socorro County,NM,2025,199021.96952751756,12,True,,,,,,6.595094339622642,53,False,False,1016.3412435952016,,,,,0.006536568104530183,,False
35055,Taos County,NM,2025,441582.07701276016,12,True,,,,,,6.595094339622642,53,False,False,2255.017766962899,,,,,-0.0554054881790258,,False
35057,Torrance County,NM,2025,211774.46741271598,12,True,,,,,,6.595094339622642,53,False,False,1081.464152339182,,,,,-0.003736256220612244,,False
35059,Union County,NM,2025,130059.6887023005,12,True,,,,,,6.595094339622642,53,False,False,664.173036128177,,,,,0.018369728744002556,,False
35061,Valencia County,NM,2025,311093.15853067365,12,True,,,,,,6.595094339622642,53,False,False,1588.6527922803427,,,,,0.03085979692084795,,False
36001,Albany County,NY,2025,359141.00724449474,12,True,,,,,,6.595094339622642,53,False,False,1834.017715709699,,,,,0.046006795646030385,,False
36003,Allegany County,NY,2025,133258.9587173993,12,True,,,,,,6.595094339622642,53,False,False,680.510680024786,,,,,0.06186145044666502,,False
36005,Bronx County,NY,2025,473818.5237413628,12,True,,,,,,6.595094339622642,53,False,False,2419.6389413740408,,,,,0.04060687708226696,,False
36007,Broome County,NY,2025,191816.61978387344,12,True,,,,,,6.595094339622642,53,False,False,979.5458378599511,,,,,0.04481738850326855,,False
36009,Cattaraugus County,NY,2025,160186.20179040488,12,True,,,,,,6.595094339622642,53,False,False,818.0194574546309,,,,,0.02980309682046789,,False
36011,Cayuga County,NY,2025,226255.93937108348,12,True,,,,,,6.595094339622642,53,False,False,1155.4163760770807,,,,,0.02735027900700393,,False
36013,Chautauqua County,NY,2025,171248.06688877978,12,True,,,,,,6.595094339622642,53,False,False,874.5088478332657,,,,,0.049276579779170104,,False
36015,Chemung County,NY,2025,157615.74497865787,12,True,,,,,,6.595094339622642,53,False,False,804.8929605213488,,,,,0.02024099070339269,,False
36017,Chenango County,NY,2025,154621.77139582235,12,True,,,,,,6.595094339622642,53,False,False,789.6036995332572,,,,,0.024573708259971516,,False
36019,Clinton County,NY,2025,221124.60960195668,12,True,,,,,,6.595094339622642,53,False,False,1129.212323875043,,,,,0.03529563699706828,,False
36021,Columbia County,NY,2025,460628.97607018676,12,True,,,,,,6.595094339622642,53,False,False,2352.2841598169834,,,,,0.030000678076248066,,False
36023,Cortland County,NY,2025,195956.71627258093,12,True,,,,,,6.595094339622642,53,False,False,1000.6879802270797,,,,,0.05050404636865502,,False
36025,Delaware County,NY,2025,245407.76517482786,12,True,,,,,,6.595094339622642,53,False,False,1253.2185961068897,,,,,0.03435172547688636,,False
36027,Dutchess County,NY,2025,477538.67032146384,12,True,,,,,,6.595094339622642,53,False,False,2438.6365345068607,,,,,0.053067977437190494,,False
36029,Erie County,NY,2025,290018.97590272437,12,True,,,,,,6.595094339622642,53,False,False,1481.0337136897203,,,,,0.03795503512115972,,False
36031,Essex County,NY,2025,276257.0423312126,12,True,,,,,,6.595094339622642,53,False,False,1410.7559412731885,,,,,-0.07221043821969908,,False
36033,Franklin County,NY,2025,167848.91147823943,12,True,,,,,,6.595094339622642,53,False,False,857.1504534543762,,,,,-0.0007144001411769629,,False
36035,Fulton County,NY,2025,214599.02866201216,12,True,,,,,,6.595094339622642,53,False,False,1095.8882789797512,,,,,0.028530273493758918,,False
36037,Genesee County,NY,2025,219679.01402758565,12,True,,,,,,6.595094339622642,53,False,False,1121.8301318121269,,,,,0.0449465393201387,,False
36039,Greene County,NY,2025,360078.5027082593,12,True,,,,,,6.595094339622642,53,False,False,1838.8052037833486,,,,,0.008129333699494978,,False
36041,Hamilton County,NY,2025,266641.6806575021,12,True,,,,,,6.595094339622642,53,False,False,1361.6533790571843,,,,,0.023039374346049968,,False
36043,Herkimer County,NY,2025,194068.68487268186,12,True,,,,,,6.595094339622642,53,False,False,991.0464105778814,,,,,0.046878919901982785,,False
36045,Jefferson County,NY,2025,222901.2932128999,12,True,,,,,,6.595094339622642,53,False,False,1138.2852761471365,,,,,0.023970738103093803,,False
36047,Kings County,NY,2025,925677.83574691,12,True,,,,,,6.595094339622642,53,False,False,4727.139244903562,,,,,0.044498215020848164,,False
36049,Lewis County,NY,2025,192121.2146545699,12,True,,,,,,6.595094339622642,53,False,False,981.1013059844566,,,,,0.033955794249971305,,False
36051,Livingston County,NY,2025,241280.80575890746,12,True,,,,,,6.595094339622642,53,False,False,1232.1435405489478,,,,,0.04884285588823678,,False
36053,Madison County,NY,2025,249519.51803442498,12,True,,,,,,6.595094339622642,53,False,False,1274.2159966682445,,,,,0.07191293889501083,,False
36055,Monroe County,NY,2025,281869.4217916645,12,True,,,,,,6.595094339622642,53,False,False,1439.416559665748,,,,,0.05096047008260207,,False
36057,Montgomery County,NY,2025,209952.71511123725,12,True,,,,,,6.595094339622642,53,False,False,1072.1610487471369,,,,,0.024799230535447636,,False
36059,Nassau County,NY,2025,814475.192093241,12,True,,,,,,6.595094339622642,53,False,False,4159.263078215255,,,,,0.04804062655171615,,False
36061,New York County,NY,2025,1232826.1968552992,12,True,,,,,,6.595094339622642,53,False,False,6295.647224390555,,,,,0.02589175705243285,,False
36063,Niagara County,NY,2025,243477.77646903088,12,True,,,,,,6.595094339622642,53,False,False,1243.3627639792553,,,,,0.0487744882345591,,False
36065,Oneida County,NY,2025,223424.7147262809,12,True,,,,,,6.595094339622642,53,False,False,1140.958221616911,,,,,0.06747529503017269,,False
36067,Onondaga County,NY,2025,271315.26763068535,12,True,,,,,,6.595094339622642,53,False,False,1385.519885893851,,,,,0.07057412727425438,,False
36069,Ontario County,NY,2025,313364.98929232516,12,True,,,,,,6.595094339622642,53,False,False,1600.2543019378757,,,,,0.046218929683478516,,False
36071,Orange County,NY,2025,452493.8552630095,12,True,,,,,,6.595094339622642,53,False,False,2310.740712037865,,,,,0.038554688760934264,,False
36073,Orleans County,NY,2025,192026.2558457032,12,True,,,,,,6.595094339622642,53,False,False,980.616381862145,,,,,0.030948191330829822,,False
36075,Oswego County,NY,2025,197412.00549234054,12,True,,,,,,6.595094339622642,53,False,False,1008.1196746219875,,,,,0.039601755317471454,,False
36077,Otsego County,NY,2025,212410.78991975228,12,True,,,,,,6.595094339622642,53,False,False,1084.7136469033458,,,,,0.007630714446730247,,False
36079,Putnam County,NY,2025,549887.1868662814,12,True,,,,,,6.595094339622642,53,False,False,2808.0971596428276,,,,,0.04609509525449029,,False
36081,Queens County,NY,2025,716444.2349176165,12,True,,,,,,6.595094339622642,53,False,False,3658.650481710292,,,,,0.042462369917823484,,False
36083,Rensselaer County,NY,2025,312323.75621727254,12,True,,,,,,6.595094339622642,53,False,False,1594.9370592189753,,,,,0.04924276206878009,,False
36085,Richmond County,NY,2025,695543.757712833,12,True,,,,,,6.595094339622642,53,False,False,3551.918460896349,,,,,0.03818940975665819,,False
36087,Rockland County,NY,2025,736109.152380163,12,True,,,,,,6.595094339622642,53,False,False,3759.072895961991,,,,,0.035910793401395136,,False
36089,Saint Lawrence County,NY,2025,142896.33401118979,12,True,,,,,,6.595094339622642,53,False,False,729.7256587245643,,,,,0.033856562248031574,,False
36091,Saratoga County,NY,2025,449748.7035174403,12,True,,,,,,6.595094339622642,53,False,False,2296.722104214955,,,,,0.03838111289539681,,False
36093,Schenectady County,NY,2025,301163.774964226,12,True,,,,,,6.595094339622642,53,False,False,1537.946621167601,,,,,0.04098806948560685,,False
36095,Schoharie County,NY,2025,238583.92288791158,12,True,,,,,,6.595094339622642,53,False,False,1218.3714263575066,,,,,0.05935342764468099,,False
36097,Schuyler County,NY,2025,238957.46573879893,12,True,,,,,,6.595094339622642,53,False,False,1220.2789896607346,,,,,0.012778819490840254,,False
36099,Seneca County,NY,2025,217321.7146409095,12,True,,,,,,6.595094339622642,53,False,False,1109.792161351537,,,,,0.03920725490789434,,False
36101,Steuben County,NY,2025,167947.72930725937,12,True,,,,,,6.595094339622642,53,False,False,857.6550843525328,,,,,0.010082364410235467,,False
36103,Suffolk County,NY,2025,701252.455014273,12,True,,,,,,6.595094339622642,53,False,False,3581.0709435515455,,,,,0.03876881022596246,,False
36105,Sullivan County,NY,2025,312207.61796648527,12,True,,,,,,6.595094339622642,53,False,False,1594.3439784926895,,,,,0.033040785802412875,,False
36107,Tioga County,NY,2025,198426.5156026607,12,True,,,,,,6.595094339622642,53,False,False,1013.3004517472995,,,,,0.037830671763798396,,False
36109,Tompkins County,NY,2025,346540.5031499236,12,True,,,,,,6.595094339622642,53,False,False,1769.6709904119562,,,,,0.03600271152794554,,False
36111,Ulster County,NY,2025,435351.2386723074,12,True,,,,,,6.595094339622642,53,False,False,2223.1988778090517,,,,,0.034470993631397606,,False
36113,Warren County,NY,2025,362397.6067348206,12,True,,,,,,6.595094339622642,53,False,False,1850.648122813733,,,,,0.017998301473101996,,False
36115,Washington County,NY,2025,246555.64824377515,12,True,,,,,,6.595094339622642,53,False,False,1259.0804660731321,,,,,0.015799520122902422,,False
36117,Wayne County,NY,2025,242367.92441007515,12,True,,,,,,6.595094339622642,53,False,False,1237.695106159952,,,,,0.05974536202442904,,False
36119,Westchester County,NY,2025,832649.0307454263,12,True,,,,,,6.595094339622642,53,False,False,4252.071032133662,,,,,0.040660139141324825,,False
36121,Wyoming County,NY,2025,205278.46133208644,12,True,,,,,,6.595094339622642,53,False,False,1048.2911367466686,,,,,0.02049485431630438,,False
36123,Yates County,NY,2025,314789.72831523116,12,True,,,,,,6.595094339622642,53,False,False,1607.5299862946156,,,,,0.052539427092899826,,False
37001,Alamance County,NC,2025,294039.9199772647,12,True,,,,,,6.595094339622642,53,False,False,1501.5673829667699,,,,,0.009117956054050413,,False
37003,Alexander County,NC,2025,253812.78317266505,12,True,,,,,,6.595094339622642,53,False,False,1296.1403221085047,,,,,0.04333196597092859,,False
37005,Alleghany County,NC,2025,269542.5225196529,12,True,,,,,,6.595094339622642,53,False,False,1376.4670462751833,,,,,0.019004982518314728,,False
37007,Anson County,NC,2025,144226.23506226757,12,True,,,,,,6.595094339622642,53,False,False,736.5170360349175,,,,,-0.06656475918334781,,False
37009,Ashe County,NC,2025,354118.3036006637,12,True,,,,,,6.595094339622642,53,False,False,1808.3683822230478,,,,,-0.013756605977740533,,False
37011,Avery County,NC,2025,395054.5268565935,12,True,,,,,,6.595094339622642,53,False,False,2017.4165197266316,,,,,-0.009436706831691177,,False
37013,Beaufort County,NC,2025,233070.64672952576,12,True,,,,,,6.595094339622642,53,False,False,1190.216896682214,,,,,0.03484708473506637,,False
37015,Bertie County,NC,2025,67201.47128603824,12,True,,,,,,6.595094339622642,53,False,False,343.1763189783727,,,,,-0.13341552746061303,,False
37017,Bladen County,NC,2025,145532.54913708838,12,True,,,,,,6.595094339622642,53,False,False,743.1879622370909,,,,,-0.010158204766356205,,False
37019,Brunswick County,NC,2025,408531.88697528985,12,True,,,,,,6.595094339622642,53,False,False,2086.241066965987,,,,,-0.000842616592195311,,False
37021,Buncombe County,NC,2025,475519.3851782123,12,True,,,,,,6.595094339622642,53,False,False,2428.3246941681396,,,,,-0.004108875812569135,,False
37023,Burke County,NC,2025,253057.2625350609,12,True,,,,,,6.595094339622642,53,False,False,1292.282120995294,,,,,0.011426258980466564,,False
37025,Cabarrus County,NC,2025,390961.1726824823,12,True,,,,,,6.595094339622642,53,False,False,1996.5130753397214,,,,,-0.007630438660929717,,False
37027,Caldwell County,NC,2025,236668.77884535678,12,True,,,,,,6.595094339622642,53,False,False,1208.5914011547864,,,,,0.003050699196343265,,False
37029,Camden County,NC,2025,389658.5239615378,12,True,,,,,,6.595094339622642,53,False,False,1989.8608669219495,,,,,0.05739441576048132,,False
37031,Carteret County,NC,2025,462662.76741816226,12,True,,,,,,6.595094339622642,53,False,False,2362.6700786817287,,,,,0.008714233968115881,,False
37033,Caswell County,NC,2025,204035.57439020768,12,True,,,,,,6.595094339622642,53,False,False,1041.9441125304168,,,,,-0.031198822388053715,,False
37035,Catawba County,NC,2025,293090.03186682536,12,True,,,,,,6.595094339622642,53,False,False,1496.7166096288709,,,,,0.019048523998532074,,False
37037,Chatham County,NC,2025,566255.6653656625,12,True,,,,,,6.595094339622642,53,False,False,2891.6857194049303,,,,,0.0074861536003758555,,False
37039,Cherokee County,NC,2025,269583.24494074145,12,True,,,,,,6.595094339622642,53,False,False,1376.6750025937224,,,,,0.005856612196823763,,False
37041,Chowan County,NC,2025,226234.9568063377,12,True,,,,,,6.595094339622642,53,False,False,1155.3092248615733,,,,,0.007852014506599447,,False
37043,Clay County,NC,2025,348135.9286696467,12,True,,,,,,6.595094339622642,53,False,False,1777.818315858631,,,,,0.015209176704348737,,False
37045,Cleveland County,NC,2025,217999.59355907247,12,True,,,,,,6.595094339622642,53,False,False,1113.2538711533662,,,,,-0.040253279789038476,,False
37047,Columbus County,NC,2025,179094.85753887586,12,True,,,,,,6.595094339622642,53,False,False,914.579886153722,,,,,-0.03241932479070153,,False
37049,Craven County,NC,2025,272695.05681623466,12,True,,,,,,6.595094339622642,53,False,False,1392.566025875631,,,,,0.026872875105938387,,False
37051,Cumberland County,NC,2025,232181.52446762603,12,True,,,,,,6.595094339622642,53,False,False,1185.6764350059848,,,,,0.009120685525628947,,False
37053,Currituck County,NC,2025,546844.9585632627,12,True,,,,,,6.595094339622642,53,False,False,2792.56147730519,,,,,0.02289706475593012,,False
37055,Dare County,NC,2025,603320.8438041136,12,True,,,,,,6.595094339622642,53,False,False,3080.9656749678506,,,,,-0.0024831752120439976,,False
37057,Davidson County,NC,2025,267891.07658724854,12,True,,,,,,6.595094339622642,53,False,False,1368.0336425828436,,,,,0.029047483325090884,,False
37059,Davie County,NC,2025,320044.21008703014,12,True,,,,,,6.595094339622642,53,False,False,1634.362936199978,,,,,0.014287288051975544,,False
37061,Duplin County,NC,2025,184971.50831984682,12,True,,,,,,6.595094339622642,53,False,False,944.5900532578162,,,,,0.0327155727272066,,False
37063,Durham County,NC,2025,410747.4922770972,12,True,,,,,,6.595094339622642,53,False,False,2097.555451267885,,,,,-0.007297437748077673,,False
37065,Edgecombe County,NC,2025,141023.92564283672,12,True,,,,,,6.595094339622642,53,False,False,720.163870877083,,,,,-0.04200454603903414,,False
37067,Forsyth County,NC,2025,285367.60477174795,12,True,,,,,,6.595094339622642,53,False,False,1457.2806560202464,,,,,0.008418766052957993,,False
37069,Franklin County,NC,2025,364869.78968634474,12,True,,,,,,6.595094339622642,53,False,False,1863.2727667227034,,,,,0.005629899677786376,,False
37071,Gaston County,NC,2025,299415.04261607054,12,True,,,,,,6.595094339622642,53,False,False,1529.0164070125566,,,,,0.007183695173805571,,False
37073,Gates County,NC,2025,234588.855896736,12,True,,,,,,6.595094339622642,53,False,False,1197.9699030297206,,,,,0.1425202838676134,,False
37075,Graham County,NC,2025,229814.94440238804,12,True,,,,,,6.595094339622642,53,False,False,1173.5910711022825,,,,,0.0069870044006918874,,False
37077,Granville County,NC,2025,317751.4285847726,12,True,,,,,,6.595094339622642,53,False,False,1622.654437842593,,,,,0.008385776498692099,,False
37079,Greene County,NC,2025,181622.32162924987,12,True,,,,,,6.595094339622642,53,False,False,927.4868330744628,,,,,-0.01032273681871232,,False
37081,Guilford County,NC,2025,278658.2178785218,12,True,,,,,,6.595094339622642,53,False,False,1423.0179731867315,,,,,0.006183581850104147,,False
37083,Halifax County,NC,2025,100712.26100272033,12,True,,,,,,6.595094339622642,53,False,False,514.3051535254598,,,,,-0.01968133970437924,,False
37085,Harnett County,NC,2025,294179.9566416009,12,True,,,,,,6.595094339622642,53,False,False,1502.2825052114054,,,,,0.010322564115949895,,False
37087,Haywood County,NC,2025,356789.6969992676,12,True,,,,,,6.595094339622642,53,False,False,1822.0103298699066,,,,,0.0066177268161677905,,False
37089,Henderson County,NC,2025,438392.652152711,12,True,,,,,,6.595094339622642,53,False,False,2238.7303991094336,,,,,9.097952401937448e-05,,False
37091,Hertford County,NC,2025,114561.12033764209,12,True,,,,,,6.595094339622642,53,False,False,585.0268278825378,,,,,-0.059190155449275195,,False
37093,Hoke County,NC,2025,281608.79164367745,12,True,,,,,,6.595094339622642,53,False,False,1438.085605252261,,,,,0.020898457924456215,,False
37095,Hyde County,NC,2025,218246.0596302935,12,True,,,,,,6.595094339622642,53,False,False,1114.5124941783693,,,,,0.019627205597198882,,False
37097,Iredell County,NC,2025,387147.32045716565,12,True,,,,,,6.595094339622642,53,False,False,1977.0369575886573,,,,,0.010586041322393713,,False
37099,Jackson County,NC,2025,452902.2352457485,12,True,,,,,,6.595094339622642,53,False,False,2312.82617737871,,,,,0.03114797077791498,,False
37101,Johnston County,NC,2025,346449.7768822705,12,True,,,,,,6.595094339622642,53,False,False,1769.207680517515,,,,,-0.009212889530929025,,False
37103,Jones County,NC,2025,133471.7312467265,12,True,,,,,,6.595094339622642,53,False,False,681.5972409586,,,,,-0.03847139452169923,,False
37105,Lee County,NC,2025,293191.2036643766,12,True,,,,,,6.595094339622642,53,False,False,1497.2332614878794,,,,,0.013444975209975674,,False
37107,Lenoir County,NC,2025,144402.14910347655,12,True,,,,,,6.595094339622642,53,False,False,737.4153725142147,,,,,0.028851928773959923,,False
37109,Lincoln County,NC,2025,400690.7782683374,12,True,,,,,,6.595094339622642,53,False,False,2046.1990445032993,,,,,0.023769482748439374,,False
37111,McDowell County,NC,2025,269962.7173590681,12,True,,,,,,6.595094339622642,53,False,False,1378.6128462924246,,,,,0.003458920026105261,,False
37113,Macon County,NC,2025,360663.7707764327,12,True,,,,,,6.595094339622642,53,False,False,1841.793979734346,,,,,0.03692623718986199,,False
37115,Madison County,NC,2025,400717.11172682355,12,True,,,,,,6.595094339622642,53,False,False,2046.333521013654,,,,,0.016879889052598074,,False
37117,Martin County,NC,2025,126882.97424472474,12,True,,,,,,6.595094339622642,53,False,False,647.950576215715,,,,,-0.05371017897713326,,False
37119,Mecklenburg County,NC,2025,426503.1402456208,12,True,,,,,,6.595094339622642,53,False,False,2178.014482439132,,,,,-0.0023002690874839304,,False
37121,Mitchell County,NC,2025,241242.64364830055,12,True,,,,,,6.595094339622642,53,False,False,1231.9486589132946,,,,,-0.0009745233522213681,,False
37123,Montgomery County,NC,2025,189494.17558542616,12,True,,,,,,6.595094339622642,53,False,False,967.6858616450942,,,,,0.00970236426916693,,False
37125,Moore County,NC,2025,413852.6702765005,12,True,,,,,,6.595094339622642,53,False,False,2113.412597476368,,,,,0.015978121365839426,,False
37127,Nash County,NC,2025,236387.9206377002,12,True,,,,,,6.595094339622642,53,False,False,1207.1571485407596,,,,,-0.00405902472680586,,False
37129,New Hanover County,NC,2025,452354.7783739495,12,True,,,,,,6.595094339622642,53,False,False,2310.0304910571454,,,,,0.0029076991555430087,,False
37131,Northampton County,NC,2025,105362.96308008333,12,True,,,,,,6.595094339622642,53,False,False,538.0547945531272,,,,,0.03916615208994734,,False
37133,Onslow County,NC,2025,284806.06983892614,12,True,,,,,,6.595094339622642,53,False,False,1454.4130775649576,,,,,0.02873224593246082,,False
37135,Orange County,NC,2025,518276.6343465478,12,True,,,,,,6.595094339622642,53,False,False,2646.6722258281943,,,,,0.01007179742886466,,False
37137,Pamlico County,NC,2025,262566.70504911727,12,True,,,,,,6.595094339622642,53,False,False,1340.8437880995725,,,,,0.026140211670516722,,False
37139,Pasquotank County,NC,2025,265556.37082188023,12,True,,,,,,6.595094339622642,53,False,False,1356.1110504859182,,,,,0.04260247623721036,,False
37141,Pender County,NC,2025,440092.4222033303,12,True,,,,,,6.595094339622642,53,False,False,2247.410578544767,,,,,0.007283058390647135,,False
37143,Perquimans County,NC,2025,267212.01574914315,12,True,,,,,,6.595094339622642,53,False,False,1364.565897095673,,,,,0.04668840822073994,,False
37145,Person County,NC,2025,242454.87709997993,12,True,,,,,,6.595094339622642,53,False,False,1238.1391456054541,,,,,0.007261280492418809,,False
37147,Pitt County,NC,2025,242188.0343380426,12,True,,,,,,6.595094339622642,53,False,False,1236.7764653689178,,,,,0.013599694317090849,,False
37149,Polk County,NC,2025,318003.96836532326,12,True,,,,,,6.595094339622642,53,False,False,1623.9440773493843,,,,,0.0077806773069124535,,False
37151,Randolph County,NC,2025,248034.03041507467,12,True,,,,,,6.595094339622642,53,False,False,1266.630088750742,,,,,0.03333837345405555,,False
37153,Richmond County,NC,2025,131048.56767261562,12,True,,,,,,6.595094339622642,53,False,False,669.2229232579306,,,,,-0.00966971249215498,,False
37155,Robeson County,NC,2025,135177.88544667003,12,True,,,,,,6.595094339622642,53,False,False,690.3100221930156,,,,,-0.009042168408243456,,False
37157,Rockingham County,NC,2025,202179.58484577062,12,True,,,,,,6.595094339622642,53,False,False,1032.466170340562,,,,,-0.006924300832206742,,False
37159,Rowan County,NC,2025,277772.9233370757,12,True,,,,,,6.595094339622642,53,False,False,1418.4970584488387,,,,,0.008061885644443434,,False
37161,Rutherford County,NC,2025,212920.94206195688,12,True,,,,,,6.595094339622642,53,False,False,1087.3188299585727,,,,,-0.028566444559097293,,False
37163,Sampson County,NC,2025,145970.82063430853,12,True,,,,,,6.595094339622642,53,False,False,745.4260739368923,,,,,0.015485169151562062,,False
37165,Scotland County,NC,2025,142583.9929588575,12,True,,,,,,6.595094339622642,53,False,False,728.130633339644,,,,,-0.014125441962077212,,False
37167,Stanly County,NC,2025,301390.9006431177,12,True,,,,,,6.595094339622642,53,False,False,1539.1064790239232,,,,,0.02359637571136486,,False
37169,Stokes County,NC,2025,247629.1962740682,12,True,,,,,,6.595094339622642,53,False,False,1264.5627308841856,,,,,0.03733577617409822,,False
37171,Surry County,NC,2025,234290.63959903395,12,True,,,,,,6.595094339622642,53,False,False,1196.4470082277726,,,,,0.023766532728278555,,False
37173,Swain County,NC,2025,329592.5819052185,12,True,,,,,,6.595094339622642,53,False,False,1683.1234027507078,,,,,0.006538435223037542,,False
37175,Transylvania County,NC,2025,483753.63701644284,12,True,,,,,,6.595094339622642,53,False,False,2470.374372267553,,,,,0.029562116430311036,,False
37177,Tyrrell County,NC,2025,171287.0762816215,12,True,,,,,,6.595094339622642,53,False,False,874.708056267022,,,,,-0.01650919321335631,,False
37179,Union County,NC,2025,456942.94469732366,12,True,,,,,,6.595094339622642,53,False,False,2333.4607820847646,,,,,0.0021910795087913826,,False
37181,Vance County,NC,2025,187607.6470821333,12,True,,,,,,6.595094339622642,53,False,False,958.0519668059147,,,,,-0.0007481424383380952,,False
37183,Wake County,NC,2025,492594.8199512325,12,True,,,,,,6.595094339622642,53,False,False,2515.523452442616,,,,,-0.01058595168212384,,False
37185,Warren County,NC,2025,215715.70006808903,12,True,,,,,,6.595094339622642,53,False,False,1101.5907610134368,,,,,-0.011727484652883646,,False
37187,Washington County,NC,2025,109861.13957620284,12,True,,,,,,6.595094339622642,53,False,False,561.0255364507683,,,,,-0.004596536804272744,,False
37189,Watauga County,NC,2025,513595.502775959,12,True,,,,,,6.595094339622642,53,False,False,2622.7671911569983,,,,,0.004470696383280792,,False
37191,Wayne County,NC,2025,185469.19570762687,12,True,,,,,,6.595094339622642,53,False,False,947.1315828176878,,,,,-0.02898420248028888,,False
37193,Wilkes County,NC,2025,218542.63259627414,12,True,,,,,,6.595094339622642,53,False,False,1116.0269970132929,,,,,0.03188945378939412,,False
37195,Wilson County,NC,2025,218808.16021387617,12,True,,,,,,6.595094339622642,53,False,False,1117.3829612303246,,,,,0.005894218499099324,,False
37197,Yadkin County,NC,2025,232185.42211074076,12,True,,,,,,6.595094339622642,53,False,False,1185.6963390168821,,,,,0.016498888806647072,,False
37199,Yancey County,NC,2025,324571.43613131624,12,True,,,,,,6.595094339622642,53,False,False,1657.482024805169,,,,,-0.005114840964080214,,False
38001,Adams County,ND,2025,141447.44170444517,12,True,,,,,,6.595094339622642,53,False,False,722.3266313088059,,,,,-0.00933145460689444,,False
38003,Barnes County,ND,2025,188850.5284464557,12,True,,,,,,6.595094339622642,53,False,False,964.3989625393784,,,,,0.04585940540637101,,False
38005,Benson County,ND,2025,142193.52106336446,12,True,,,,,,6.595094339622642,53,False,False,726.1366188456838,,,,,-0.0032625251961424517,,False
38009,Bottineau County,ND,2025,195132.52438102962,12,True,,,,,,6.595094339622642,53,False,False,996.4790970871481,,,,,0.013134112373704987,,False
38011,Bowman County,ND,2025,175206.56410395275,12,True,,,,,,6.595094339622642,53,False,False,894.7236210665332,,,,,0.0947499527905149,,False
38013,Burke County,ND,2025,133022.84894343466,12,True,,,,,,6.595094339622642,53,False,False,679.3049432819234,,,,,-0.0855972678480389,,False
38015,Burleigh County,ND,2025,356915.21172389836,12,True,,,,,,6.595094339622642,53,False,False,1822.6512932350245,,,,,0.046888313252121616,,False
38017,Cass County,ND,2025,329791.1888282797,12,True,,,,,,6.595094339622642,53,False,False,1684.1376244853727,,,,,0.03505571561207654,,False
38019,Cavalier County,ND,2025,149326.0009388322,12,True,,,,,,6.595094339622642,53,False,False,762.5599015805498,,,,,0.04839384456773943,,False
38021,Dickey County,ND,2025,161743.43698509785,12,True,,,,,,6.595094339622642,53,False,False,825.9717571836599,,,,,0.03858992075374257,,False
38025,Dunn County,ND,2025,336110.64140588196,12,True,,,,,,6.595094339622642,53,False,False,1716.4090380725706,,,,,0.06753211250787716,,False
38027,Eddy County,ND,2025,114108.21387360786,12,True,,,,,,6.595094339622642,53,False,False,582.7139801100952,,,,,0.004129907716563963,,False
38029,Emmons County,ND,2025,138379.86634129295,12,True,,,,,,6.595094339622642,53,False,False,706.6615096802257,,,,,0.08533644031732246,,False
38031,Foster County,ND,2025,173206.73055849608,12,True,,,,,,6.595094339622642,53,False,False,884.5111137870703,,,,,0.05645299942042037,,False
38033,Golden Valley County,ND,2025,172840.2821316071,12,True,,,,,,6.595094339622642,53,False,False,882.6397794274412,,,,,0.03918392285212291,,False
38035,Grand Forks County,ND,2025,277640.61576125014,12,True,,,,,,6.595094339622642,53,False,False,1417.8214061755202,,,,,0.05545686450354781,,False
38039,Griggs County,ND,2025,142179.83186635186,12,True,,,,,,6.595094339622642,53,False,False,726.0667125155002,,,,,0.06659820738825184,,False
38041,Hettinger County,ND,2025,119473.20337557695,12,True,,,,,,6.595094339622642,53,False,False,610.1112574822929,,,,,0.12104735865137695,,False
38043,Kidder County,ND,2025,194134.51455694492,12,True,,,,,,6.595094339622642,53,False,False,991.3825816213507,,,,,-0.028367552395898277,,False
38045,Lamoure County,ND,2025,145874.87245657513,12,True,,,,,,6.595094339622642,53,False,False,744.9360974257074,,,,,-0.0789795570985169,,False
38049,McHenry County,ND,2025,151995.274213828,12,True,,,,,,6.595094339622642,53,False,False,776.1910224374336,,,,,-0.03667300922567962,,False
38053,McKenzie County,ND,2025,353139.1750365044,12,True,,,,,,6.595094339622642,53,False,False,1803.3682872842844,,,,,0.06346291232485379,,False
38055,McLean County,ND,2025,214248.42140426693,12,True,,,,,,6.595094339622642,53,False,False,1094.0978403804538,,,,,0.06731294574599223,,False
38057,Mercer County,ND,2025,233613.60787742026,12,True,,,,,,6.595094339622642,53,False,False,1192.9896247864783,,,,,0.043974164767248025,,False
38059,Morton County,ND,2025,309300.37292952277,12,True,,,,,,6.595094339622642,53,False,False,1579.497612318558,,,,,0.04756070656597822,,False
38061,Mountrail County,ND,2025,212520.78667590444,12,True,,,,,,6.595094339622642,53,False,False,1085.2753649900703,,,,,0.07764870508573818,,False
38063,Nelson County,ND,2025,145255.3794679703,12,True,,,,,,6.595094339622642,53,False,False,741.7725458040856,,,,,-0.034746323533242585,,False
38065,Oliver County,ND,2025,236433.54314202024,12,True,,,,,,6.595094339622642,53,False,False,1207.390128009743,,,,,0.08337771306538078,,False
38067,Pembina County,ND,2025,135441.4747494605,12,True,,,,,,6.595094339622642,53,False,False,691.6560880591733,,,,,0.008340633198001823,,False
38071,Ramsey County,ND,2025,217651.5737201781,12,True,,,,,,6.595094339622642,53,False,False,1111.476645670685,,,,,0.03485407337756552,,False
38073,Ransom County,ND,2025,184213.10753835362,12,True,,,,,,6.595094339622642,53,False,False,940.7171441752848,,,,,0.028213191007329774,,False
38075,Renville County,ND,2025,173640.70740173836,12,True,,,,,,6.595094339622642,53,False,False,886.7272940690737,,,,,0.025094455477004063,,False
38077,Richland County,ND,2025,222063.4908594517,12,True,,,,,,6.595094339622642,53,False,False,1134.006888751956,,,,,0.04665644719020445,,False
38081,Sargent County,ND,2025,194001.339620532,12,True,,,,,,6.595094339622642,53,False,False,990.7025000162348,,,,,-0.006625739913870832,,False
38083,Sheridan County,ND,2025,130211.27555484395,12,True,,,,,,6.595094339622642,53,False,False,664.9471414723882,,,,,-0.04005077826837633,,False
38089,Stark County,ND,2025,310070.42425127473,12,True,,,,,,6.595094339622642,53,False,False,1583.4300169663438,,,,,0.08744388849430718,,False
38093,Stutsman County,ND,2025,214214.44152624463,12,True,,,,,,6.595094339622642,53,False,False,1093.9243160626693,,,,,0.05268365631614569,,False
38095,Towner County,ND,2025,114660.3597983941,12,True,,,,,,6.595094339622642,53,False,False,585.5336119184605,,,,,-0.09657521879190356,,False
38097,Traill County,ND,2025,209471.24841883403,12,True,,,,,,6.595094339622642,53,False,False,1069.70235306611,,,,,-0.0001641054221579452,,False
38099,Walsh County,ND,2025,162330.97113076565,12,True,,,,,,6.595094339622642,53,False,False,828.9721052642273,,,,,-0.0009453818495368527,,False
38101,Ward County,ND,2025,276348.50477546226,12,True,,,,,,6.595094339622642,53,False,False,1411.2230105849412,,,,,0.04245274855924164,,False
38103,Wells County,ND,2025,137596.66679792167,12,True,,,,,,6.595094339622642,53,False,False,702.6619612897498,,,,,-0.1482058466746512,,False
38105,Williams County,ND,2025,337304.64055952063,12,True,,,,,,6.595094339622642,53,False,False,1722.5064080641432,,,,,0.06749925231647413,,False
39001,Adams County,OH,2025,185428.9144647822,12,True,,,,,,6.595094339622642,53,False,False,946.9258794546695,,,,,0.06371432891988627,,False
39003,Allen County,OH,2025,182359.8677699093,12,True,,,,,,6.595094339622642,53,False,False,931.2532442077973,,,,,0.0534622473957469,,False
39005,Ashland County,OH,2025,234066.39021700431,12,True,,,,,,6.595094339622642,53,False,False,1195.3018386952406,,,,,0.06058238175456565,,False
39007,Ashtabula County,OH,2025,174044.0605753112,12,True,,,,,,6.595094339622642,53,False,False,888.7870891108486,,,,,0.06765356514866538,,False
39009,Athens County,OH,2025,182214.27482271404,12,True,,,,,,6.595094339622642,53,False,False,930.5097478120858,,,,,0.044912738181585254,,False
39011,Auglaize County,OH,2025,229562.41751417855,12,True,,,,,,6.595094339622642,53,False,False,1172.3014974325347,,,,,0.059064502103206795,,False
39013,Belmont County,OH,2025,132401.24409040838,12,True,,,,,,6.595094339622642,53,False,False,676.1306070473391,,,,,0.03434965956343383,,False
39015,Brown County,OH,2025,254163.62331098758,12,True,,,,,,6.595094339622642,53,False,False,1297.9319499540757,,,,,0.036777761429534594,,False
39017,Butler County,OH,2025,308814.59999752865,12,True,,,,,,6.595094339622642,53,False,False,1577.0169260557304,,,,,0.04086565190865987,,False
39019,Carroll County,OH,2025,193758.8950436402,12,True,,,,,,6.595094339622642,53,False,False,989.4644134704824,,,,,0.06998411497645574,,False
39021,Champaign County,OH,2025,242990.22860330538,12,True,,,,,,6.595094339622642,53,False,False,1240.8730137002283,,,,,0.04312254123304582,,False
39023,Clark County,OH,2025,195498.44180006176,12,True,,,,,,6.595094339622642,53,False,False,998.3477197602891,,,,,0.06128448058500213,,False
39025,Clermont County,OH,2025,324005.97264756926,12,True,,,,,,6.595094339622642,53,False,False,1654.594384502727,,,,,0.03678975574174648,,False
39027,Clinton County,OH,2025,248800.11465144542,12,True,,,,,,6.595094339622642,53,False,False,1270.5422347682907,,,,,0.04509910111964266,,False
39029,Columbiana County,OH,2025,159607.96326271605,12,True,,,,,,6.595094339622642,53,False,False,815.0665791079784,,,,,0.017599469799651546,,False
39031,Coshocton County,OH,2025,178372.6272289545,12,True,,,,,,6.595094339622642,53,False,False,910.8916880462957,,,,,0.04373134969083381,,False
39033,Crawford County,OH,2025,156784.89591425296,12,True,,,,,,6.595094339622642,53,False,False,800.6500813389054,,,,,0.04914874541564762,,False
39035,Cuyahoga County,OH,2025,215264.1015802246,12,True,,,,,,6.595094339622642,53,False,False,1099.2845926549815,,,,,0.05332150986554929,,False
39037,Darke County,OH,2025,205189.2905763474,12,True,,,,,,6.595094339622642,53,False,False,1047.8357703517158,,,,,0.06722901615583976,,False
39039,Defiance County,OH,2025,181610.1181710861,12,True,,,,,,6.595094339622642,53,False,False,927.4245139351447,,,,,0.059203911291375144,,False
39041,Delaware County,OH,2025,517958.163553122,12,True,,,,,,6.595094339622642,53,False,False,2645.045897825273,,,,,0.022896426320059726,,False
39043,Erie County,OH,2025,236086.79988408185,12,True,,,,,,6.595094339622642,53,False,False,1205.6194216157805,,,,,0.057466981584539445,,False
39045,Fairfield County,OH,2025,361819.8876657139,12,True,,,,,,6.595094339622642,53,False,False,1847.697897175134,,,,,0.023926586508223657,,False
39047,Fayette County,OH,2025,236790.07144951183,12,True,,,,,,6.595094339622642,53,False,False,1209.2108035073934,,,,,0.039581087968286965,,False
39049,Franklin County,OH,2025,299144.58398556995,12,True,,,,,,6.595094339622642,53,False,False,1527.6352616972094,,,,,0.017367501533970486,,False
39051,Fulton County,OH,2025,228253.3038639192,12,True,,,,,,6.595094339622642,53,False,False,1165.616274698227,,,,,0.05170654089563098,,False
39053,Gallia County,OH,2025,163314.61069576445,12,True,,,,,,6.595094339622642,53,False,False,833.9952364346888,,,,,0.01692524147701091,,False
39055,Geauga County,OH,2025,372423.65373180923,12,True,,,,,,6.595094339622642,53,False,False,1901.8479230039047,,,,,0.04944387704253339,,False
39057,Greene County,OH,2025,297256.67378150235,12,True,,,,,,6.595094339622642,53,False,False,1517.9943109561768,,,,,0.03776424935447453,,False
39059,Guernsey County,OH,2025,163619.07015062773,12,True,,,,,,6.595094339622642,53,False,False,835.5500130340495,,,,,0.021060823818799035,,False
39061,Hamilton County,OH,2025,268809.44128069247,12,True,,,,,,6.595094339622642,53,False,False,1372.72343596005,,,,,0.025316080251648332,,False
39063,Hancock County,OH,2025,236443.74290092327,12,True,,,,,,6.595094339622642,53,False,False,1207.4422149008158,,,,,0.036327204780089106,,False
39065,Hardin County,OH,2025,181859.94983630886,12,True,,,,,,6.595094339622642,53,False,False,928.7003239671968,,,,,0.06082782335817827,,False
39067,Harrison County,OH,2025,143843.03654190208,12,True,,,,,,6.595094339622642,53,False,False,734.5601643304684,,,,,-0.019401397026578615,,False
39069,Henry County,OH,2025,205450.71363249817,12,True,,,,,,6.595094339622642,53,False,False,1049.1707738923978,,,,,0.0675351898112111,,False
39071,Highland County,OH,2025,197189.14432705738,12,True,,,,,,6.595094339622642,53,False,False,1006.9815942662827,,,,,0.06262613207319356,,False
39073,Hocking County,OH,2025,275234.8464893903,12,True,,,,,,6.595094339622642,53,False,False,1405.5359155868691,,,,,-0.00023633209209539263,,False
39075,Holmes County,OH,2025,350369.26135707257,12,True,,,,,,6.595094339622642,53,False,False,1789.2232282222706,,,,,0.05417976809520275,,False
39077,Huron County,OH,2025,190286.08500153862,12,True,,,,,,6.595094339622642,53,False,False,971.7298885567824,,,,,0.04357667574638113,,False
39079,Jackson County,OH,2025,151460.18916851992,12,True,,,,,,6.595094339622642,53,False,False,773.4585150581295,,,,,-0.023889176220638908,,False
39081,Jefferson County,OH,2025,125523.03691759933,12,True,,,,,,6.595094339622642,53,False,False,641.0058132956038,,,,,0.050401037122321135,,False
39083,Knox County,OH,2025,278129.4732869691,12,True,,,,,,6.595094339622642,53,False,False,1420.3178444672808,,,,,0.051262646615543694,,False
39085,Lake County,OH,2025,244789.167649249,12,True,,,,,,6.595094339622642,53,False,False,1250.0596173271886,,,,,0.04774610390806466,,False
39087,Lawrence County,OH,2025,143454.59533088031,12,True,,,,,,6.595094339622642,53,False,False,732.5765198895522,,,,,0.05991662779685725,,False
39089,Licking County,OH,2025,334538.22144805687,12,True,,,,,,6.595094339622642,53,False,False,1708.3791946377787,,,,,0.016875108766978508,,False
39091,Logan County,OH,2025,248609.11460694767,12,True,,,,,,6.595094339622642,53,False,False,1269.5668589180143,,,,,0.0544892369138581,,False
39093,Lorain County,OH,2025,254047.94895791193,12,True,,,,,,6.595094339622642,53,False,False,1297.341238204332,,,,,0.05300959616970169,,False
39095,Lucas County,OH,2025,170925.64261742486,12,True,,,,,,6.595094339622642,53,False,False,872.8623306889922,,,,,0.052761521479164575,,False
39097,Madison County,OH,2025,316358.12936087383,12,True,,,,,,6.595094339622642,53,False,False,1615.5393064363502,,,,,0.01851233181165024,,False
39099,Mahoning County,OH,2025,167808.9514461934,12,True,,,,,,6.595094339622642,53,False,False,856.9463904116872,,,,,0.07214255234068379,,False
39101,Marion County,OH,2025,173309.339658859,12,True,,,,,,6.595094339622642,53,False,False,885.0351054896678,,,,,0.04848723233297414,,False
39103,Medina County,OH,2025,339177.3793911944,12,True,,,,,,6.595094339622642,53,False,False,1732.0698834816105,,,,,0.046964810893095565,,False
39105,Meigs County,OH,2025,106999.57481686496,12,True,,,,,,6.595094339622642,53,False,False,546.4124447753212,,,,,-0.012141892323820791,,False
39107,Mercer County,OH,2025,261901.9121420366,12,True,,,,,,6.595094339622642,53,False,False,1337.4489043512121,,,,,0.06287915388034326,,False
39109,Miami County,OH,2025,265429.19144251355,12,True,,,,,,6.595094339622642,53,False,False,1355.461586263993,,,,,0.05446876244823362,,False
39111,Monroe County,OH,2025,146125.65732237595,12,True,,,,,,6.595094339622642,53,False,False,746.2167751468049,,,,,0.04190628924665685,,False
39113,Montgomery County,OH,2025,197655.82528506228,12,True,,,,,,6.595094339622642,53,False,False,1009.3647839530641,,,,,0.046632586378558605,,False
39115,Morgan County,OH,2025,158752.62057003975,12,True,,,,,,6.595094339622642,53,False,False,810.6986188368662,,,,,-0.007812176219343714,,False
39117,Morrow County,OH,2025,276460.2143667837,12,True,,,,,,6.595094339622642,53,False,False,1411.7934755704637,,,,,0.02684520172335647,,False
39119,Muskingum County,OH,2025,210152.95275123426,12,True,,,,,,6.595094339622642,53,False,False,1073.1835980291696,,,,,0.0359482091636012,,False
39121,Noble County,OH,2025,185246.79324572455,12,True,,,,,,6.595094339622642,53,False,False,945.9958449127464,,,,,0.033724270719112104,,False
39123,Ottawa County,OH,2025,274362.7592150082,12,True,,,,,,6.595094339622642,53,False,False,1401.0824461177783,,,,,0.024306366952843383,,False
39125,Paulding County,OH,2025,153936.17568036108,12,True,,,,,,6.595094339622642,53,False,False,786.1025825273825,,,,,0.036716077196212504,,False
39127,Perry County,OH,2025,223091.61156585312,12,True,,,,,,6.595094339622642,53,False,False,1139.2571708177534,,,,,0.033961049324424675,,False
39129,Pickaway County,OH,2025,322319.33742773783,12,True,,,,,,6.595094339622642,53,False,False,1645.9812804274106,,,,,0.02956214644707611,,False
39131,Pike County,OH,2025,167207.40842351236,12,True,,,,,,6.595094339622642,53,False,False,853.8745034979003,,,,,0.01214530590758467,,False
39133,Portage County,OH,2025,272593.8877984868,12,True,,,,,,6.595094339622642,53,False,False,1392.049388212185,,,,,0.054802850634136036,,False
39135,Preble County,OH,2025,224044.4982346016,12,True,,,,,,6.595094339622642,53,False,False,1144.1232568293647,,,,,0.03872302933787242,,False
39137,Putnam County,OH,2025,242010.94123503906,12,True,,,,,,6.595094339622642,53,False,False,1235.8721077999212,,,,,0.08571269359244571,,False
39139,Richland County,OH,2025,187684.34054031622,12,True,,,,,,6.595094339622642,53,False,False,958.4436156517698,,,,,0.05983331981947626,,False
39141,Ross County,OH,2025,202023.51667866914,12,True,,,,,,6.595094339622642,53,False,False,1031.6691803629524,,,,,0.039195841203556236,,False
39143,Sandusky County,OH,2025,182741.61307293014,12,True,,,,,,6.595094339622642,53,False,False,933.202694798252,,,,,0.050697749159595906,,False
39145,Scioto County,OH,2025,138671.2937658271,12,True,,,,,,6.595094339622642,53,False,False,708.1497358884778,,,,,0.05704955927695843,,False
39147,Seneca County,OH,2025,172224.5175619784,12,True,,,,,,6.595094339622642,53,False,False,879.4952676434204,,,,,0.031780569106540923,,False
39149,Shelby County,OH,2025,230129.19636623657,12,True,,,,,,6.595094339622642,53,False,False,1175.1958548982539,,,,,0.08605499600616184,,False
39151,Stark County,OH,2025,211893.75472264385,12,True,,,,,,6.595094339622642,53,False,False,1082.0733142985625,,,,,0.06399971641138613,,False
39153,Summit County,OH,2025,221883.2870662687,12,True,,,,,,6.595094339622642,53,False,False,1133.086645887819,,,,,0.043337649671893796,,False
39155,Trumbull County,OH,2025,161635.53805971163,12,True,,,,,,6.595094339622642,53,False,False,825.4207520445289,,,,,0.06823571210030765,,False
39157,Tuscarawas County,OH,2025,204857.54738063645,12,True,,,,,,6.595094339622642,53,False,False,1046.141664455349,,,,,0.06606459400988518,,False
39159,Union County,OH,2025,407952.82165841124,12,True,,,,,,6.595094339622642,53,False,False,2083.283966472627,,,,,0.02576500371248236,,False
39161,Van Wert County,OH,2025,181266.52892112223,12,True,,,,,,6.595094339622642,53,False,False,925.6699140463824,,,,,0.06175586647706499,,False
39163,Vinton County,OH,2025,174999.3905679511,12,True,,,,,,6.595094339622642,53,False,False,893.6656523924225,,,,,0.005047783412756024,,False
39165,Warren County,OH,2025,407214.44590149407,12,True,,,,,,6.595094339622642,53,False,False,2079.5133187556576,,,,,0.03439575458841415,,False
39167,Washington County,OH,2025,180966.87574780142,12,True,,,,,,6.595094339622642,53,False,False,924.139681582383,,,,,0.04818174393612629,,False
39169,Wayne County,OH,2025,257199.12892806777,12,True,,,,,,6.595094339622642,53,False,False,1313.4333016949292,,,,,0.05155931860635943,,False
39171,Williams County,OH,2025,179246.92478390547,12,True,,,,,,6.595094339622642,53,False,False,915.3564447079882,,,,,0.0484216195022622,,False
39173,Wood County,OH,2025,242598.0034148194,12,True,,,,,,6.595094339622642,53,False,False,1238.8700457023654,,,,,0.028695349966095796,,False
39175,Wyandot County,OH,2025,183862.36101189992,12,True,,,,,,6.595094339622642,53,False,False,938.9259943754465,,,,,0.04317346406875067,,False
40001,Adair County,OK,2025,168142.71115370592,12,True,,,,,,6.595094339622642,53,False,False,858.6507939858282,,,,,0.06178641287938058,,False
40003,Alfalfa County,OK,2025,102352.91343786691,12,True,,,,,,6.595094339622642,53,False,False,522.683438295744,,,,,-0.14700745710088248,,False
40005,Atoka County,OK,2025,210471.5508328873,12,True,,,,,,6.595094339622642,53,False,False,1074.8105760521637,,,,,0.05875115775131956,,False
40007,Beaver County,OK,2025,138950.02462300946,12,True,,,,,,6.595094339622642,53,False,False,709.5731248072469,,,,,-0.03537939268947854,,False
40009,Beckham County,OK,2025,148178.49548381686,12,True,,,,,,6.595094339622642,53,False,False,756.6999599673132,,,,,0.0578206073157812,,False
40011,Blaine County,OK,2025,103712.353927509,12,True,,,,,,6.595094339622642,53,False,False,529.6256640264842,,,,,-0.02705771069116014,,False
40013,Bryan County,OK,2025,229676.58607347406,12,True,,,,,,6.595094339622642,53,False,False,1172.8845195773226,,,,,0.0127663171342014,,False
40015,Caddo County,OK,2025,102885.08216666411,12,True,,,,,,6.595094339622642,53,False,False,525.4010529837719,,,,,0.0060233912905869325,,False
40017,Canadian County,OK,2025,271613.13033038756,12,True,,,,,,6.595094339622642,53,False,False,1387.040974984441,,,,,0.01949012121349969,,False
40019,Carter County,OK,2025,176784.9873524839,12,True,,,,,,6.595094339622642,53,False,False,902.7841213778313,,,,,0.001439221101108945,,False
40021,Cherokee County,OK,2025,199312.41669031317,12,True,,,,,,6.595094339622642,53,False,False,1017.8244639217573,,,,,0.016577950299847544,,False
40023,Choctaw County,OK,2025,141347.9270404195,12,True,,,,,,6.595094339622642,53,False,False,721.8184418982,,,,,0.027570969281671687,,False
40025,Cimarron County,OK,2025,82994.75853747477,12,True,,,,,,6.595094339622642,53,False,False,423.8275618722478,,,,,-0.021209594240239604,,False
40027,Cleveland County,OK,2025,253208.9410543768,12,True,,,,,,6.595094339622642,53,False,False,1293.0566944522557,,,,,0.026501069002841104,,False
40029,Coal County,OK,2025,123740.89674104982,12,True,,,,,,6.595094339622642,53,False,False,631.9049960964007,,,,,0.09600025922794186,,False
40031,Comanche County,OK,2025,151186.41299996464,12,True,,,,,,6.595094339622642,53,False,False,772.0604281420127,,,,,0.028390130411867442,,False
40033,Cotton County,OK,2025,103112.93552984153,12,True,,,,,,6.595094339622642,53,False,False,526.5646268899034,,,,,0.030956195753623295,,False
40035,Craig County,OK,2025,190375.11233907356,12,True,,,,,,6.595094339622642,53,False,False,972.1845225610535,,,,,0.037094376131296514,,False
40037,Creek County,OK,2025,211327.35297275343,12,True,,,,,,6.595094339622642,53,False,False,1079.1808825724331,,,,,0.037517253080431745,,False
40039,Custer County,OK,2025,170986.89633494266,12,True,,,,,,6.595094339622642,53,False,False,873.1751337407592,,,,,0.06582254917420882,,False
40041,Delaware County,OK,2025,274943.5300879506,12,True,,,,,,6.595094339622642,53,False,False,1404.0482563378837,,,,,0.026153849099069815,,False
40043,Dewey County,OK,2025,131272.38444437835,12,True,,,,,,6.595094339622642,53,False,False,670.3658835888469,,,,,0.010646149004860828,,False
40045,Ellis County,OK,2025,99639.63357726428,12,True,,,,,,6.595094339622642,53,False,False,508.82758994747707,,,,,-0.0353667439662505,,False
40047,Garfield County,OK,2025,137733.87982552042,12,True,,,,,,6.595094339622642,53,False,False,703.3626641289299,,,,,0.03423970751781025,,False
40049,Garvin County,OK,2025,144836.37519724452,12,True,,,,,,6.595094339622642,53,False,False,739.6328256385574,,,,,0.0191158457965781,,False
40051,Grady County,OK,2025,235647.61205670607,12,True,,,,,,6.595094339622642,53,False,False,1203.376630512333,,,,,0.051166960163854025,,False
40053,Grant County,OK,2025,111206.79212565674,12,True,,,,,,6.595094339622642,53,False,False,567.8973516016576,,,,,-0.0339132292003268,,False
40055,Greer County,OK,2025,82057.26348862263,12,True,,,,,,6.595094339622642,53,False,False,419.0400759174222,,,,,-0.10446980913295412,,False
40057,Harmon County,OK,2025,80899.2679759024,12,True,,,,,,6.595094339622642,53,False,False,413.12656495041807,,,,,-0.019215216747571984,,False
40059,Harper County,OK,2025,80104.74022598822,12,True,,,,,,6.595094339622642,53,False,False,409.06916704939374,,,,,-0.006215709454285179,,False
40061,Haskell County,OK,2025,159713.6963918782,12,True,,,,,,6.595094339622642,53,False,False,815.6065242217617,,,,,-0.0065464805125198255,,False
40063,Hughes County,OK,2025,109999.81163200154,12,True,,,,,,6.595094339622642,53,False,False,561.7336900781138,,,,,0.007669185324310046,,False
40065,Jackson County,OK,2025,117712.30191222759,12,True,,,,,,6.595094339622642,53,False,False,601.1188995664415,,,,,-0.02369857475031223,,False
40067,Jefferson County,OK,2025,96046.81942550898,12,True,,,,,,6.595094339622642,53,False,False,490.4802426085364,,,,,0.00480457081199015,,False
40069,Johnston County,OK,2025,148405.30524115096,12,True,,,,,,6.595094339622642,53,False,False,757.8582045137606,,,,,0.045721059947918086,,False
40071,Kay County,OK,2025,113086.98394379008,12,True,,,,,,6.595094339622642,53,False,False,577.4988870259916,,,,,0.0195351138532478,,False
40073,Kingfisher County,OK,2025,228857.64890449296,12,True,,,,,,6.595094339622642,53,False,False,1168.7024706169766,,,,,0.04310234420201553,,False
40075,Kiowa County,OK,2025,71343.18370335094,12,True,,,,,,6.595094339622642,53,False,False,364.3267133736169,,,,,-0.07977895388948975,,False
40077,Latimer County,OK,2025,149105.75153729352,12,True,,,,,,6.595094339622642,53,False,False,761.4351586630098,,,,,-0.025237429194384764,,False
40079,Le Flore County,OK,2025,164816.03289502254,12,True,,,,,,6.595094339622642,53,False,False,841.6625171312776,,,,,0.024369397827116,,False
40081,Lincoln County,OK,2025,182081.85661480404,12,True,,,,,,6.595094339622642,53,False,False,929.8335305762632,,,,,0.03350092116029746,,False
40083,Logan County,OK,2025,315486.545954309,12,True,,,,,,6.595094339622642,53,False,False,1611.088410058287,,,,,0.008510793166959019,,False
40085,Love County,OK,2025,204555.16413592928,12,True,,,,,,6.595094339622642,53,False,False,1044.597490394075,,,,,0.0009158077285573718,,False
40087,McClain County,OK,2025,286367.5192257429,12,True,,,,,,6.595094339622642,53,False,False,1462.3868978189516,,,,,0.015436887590593251,,False
40089,McCurtain County,OK,2025,196901.08698392683,12,True,,,,,,6.595094339622642,53,False,False,1005.510577980799,,,,,-0.04827042504614454,,False
40091,McIntosh County,OK,2025,189687.8103052804,12,True,,,,,,6.595094339622642,53,False,False,968.6746919357755,,,,,0.0013403438443415627,,False
40093,Major County,OK,2025,157199.45751046648,12,True,,,,,,6.595094339622642,53,False,False,802.7671141933321,,,,,0.02468757379231845,,False
40095,Marshall County,OK,2025,201535.35877239003,12,True,,,,,,6.595094339622642,53,False,False,1029.1763148028517,,,,,-0.016584880834169646,,False
40097,Mayes County,OK,2025,212020.91594376057,12,True,,,,,,6.595094339622642,53,False,False,1082.7226857921403,,,,,0.014698022298786695,,False
40099,Murray County,OK,2025,181972.8413124281,12,True,,,,,,6.595094339622642,53,False,False,929.2768244585882,,,,,0.0031378810583484462,,False
40101,Muskogee County,OK,2025,156450.05995252807,12,True,,,,,,6.595094339622642,53,False,False,798.9401816803512,,,,,0.019694382557588597,,False
40103,Noble County,OK,2025,155471.52714491967,12,True,,,,,,6.595094339622642,53,False,False,793.9431290788498,,,,,0.051996854850027585,,False
40105,Nowata County,OK,2025,169599.49863203685,12,True,,,,,,6.595094339622642,53,False,False,866.0901395058012,,,,,0.034757123765596365,,False
40107,Okfuskee County,OK,2025,134339.3968709625,12,True,,,,,,6.595094339622642,53,False,False,686.028130481271,,,,,0.0264099775778166,,False
40109,Oklahoma County,OK,2025,225135.8463428621,12,True,,,,,,6.595094339622642,53,False,False,1149.6964209186253,,,,,0.0008113476098934314,,False
40111,Okmulgee County,OK,2025,137060.25858392703,12,True,,,,,,6.595094339622642,53,False,False,699.9226969131573,,,,,0.02449270376844903,,False
40113,Osage County,OK,2025,208933.73268999867,12,True,,,,,,6.595094339622642,53,False,False,1066.9574329671207,,,,,0.017032351796188783,,False
40115,Ottawa County,OK,2025,139217.8925557642,12,True,,,,,,6.595094339622642,53,False,False,710.9410402617143,,,,,-0.003070644691851254,,False
40117,Pawnee County,OK,2025,174526.56331065524,12,True,,,,,,6.595094339622642,53,False,False,891.2510755302468,,,,,0.042847601181247974,,False
40119,Payne County,OK,2025,235051.91966159895,12,True,,,,,,6.595094339622642,53,False,False,1200.334620873494,,,,,0.036761301578168926,,False
40121,Pittsburg County,OK,2025,144334.4194603604,12,True,,,,,,6.595094339622642,53,False,False,737.0694989914256,,,,,0.02434969270330911,,False
40123,Pontotoc County,OK,2025,181038.7064348903,12,True,,,,,,6.595094339622642,53,False,False,924.5064978188896,,,,,0.004793102926040627,,False
40125,Pottawatomie County,OK,2025,187093.56316121283,12,True,,,,,,6.595094339622642,53,False,False,955.4267054202447,,,,,0.03643501862582266,,False
40127,Pushmataha County,OK,2025,156118.09833200744,12,True,,,,,,6.595094339622642,53,False,False,797.2449603586712,,,,,0.044014810806601856,,False
40129,Roger Mills County,OK,2025,182481.03060456525,12,True,,,,,,6.595094339622642,53,False,False,931.8719838692735,,,,,0.03826408588238728,,False
40131,Rogers County,OK,2025,278695.5454774618,12,True,,,,,,6.595094339622642,53,False,False,1423.2085932394684,,,,,0.011066062741676097,,False
40133,Seminole County,OK,2025,116424.9570168088,12,True,,,,,,6.595094339622642,53,False,False,594.5448428678168,,,,,0.024795704827965892,,False
40135,Sequoyah County,OK,2025,184356.81420065658,12,True,,,,,,6.595094339622642,53,False,False,941.4510079202004,,,,,0.034022522388244214,,False
40137,Stephens County,OK,2025,140763.5380623942,12,True,,,,,,6.595094339622642,53,False,False,718.8341551780977,,,,,0.012730565101095825,,False
40139,Texas County,OK,2025,160438.6030528995,12,True,,,,,,6.595094339622642,53,False,False,819.3083895942221,,,,,0.037218738655906636,,False
40141,Tillman County,OK,2025,61421.68806349818,12,True,,,,,,6.595094339622642,53,False,False,313.6608233672469,,,,,-0.0675266993885939,,False
40143,Tulsa County,OK,2025,247844.48398894933,12,True,,,,,,6.595094339622642,53,False,False,1265.6621360623801,,,,,0.026622221704875493,,False
40145,Wagoner County,OK,2025,278138.3169564134,12,True,,,,,,6.595094339622642,53,False,False,1420.3630062452607,,,,,0.032089861703541,,False
40147,Washington County,OK,2025,178175.85992952017,12,True,,,,,,6.595094339622642,53,False,False,909.8868606783388,,,,,0.047056869564864545,,False
40149,Washita County,OK,2025,102843.02481217118,12,True,,,,,,6.595094339622642,53,False,False,525.1862795893113,,,,,0.00458964876180068,,False
40151,Woods County,OK,2025,114509.73609149293,12,True,,,,,,6.595094339622642,53,False,False,584.764425049542,,,,,-0.029296916889280045,,False
40153,Woodward County,OK,2025,131675.26669328054,12,True,,,,,,6.595094339622642,53,False,False,672.4232737696585,,,,,0.018026059265176197,,False
41001,Baker County,OR,2025,303082.8345488067,12,True,,,,,,6.595094339622642,53,False,False,1547.746641785206,,,,,0.024549073439422253,,False
41003,Benton County,OR,2025,563721.018062872,12,True,,,,,,6.595094339622642,53,False,False,2878.74209012667,,,,,0.009810490462641486,,False
41005,Clackamas County,OR,2025,621807.3432600732,12,True,,,,,,6.595094339622642,53,False,False,3175.3702871390424,,,,,0.006569016904065972,,False
41007,Clatsop County,OR,2025,525728.3230196371,12,True,,,,,,6.595094339622642,53,False,False,2684.725605316255,,,,,-0.008784478166368959,,False
41009,Columbia County,OR,2025,458817.21120996936,12,True,,,,,,6.595094339622642,53,False,False,2343.0320588780423,,,,,0.017513924403929293,,False
41011,Coos County,OR,2025,359213.2685278091,12,True,,,,,,6.595094339622642,53,False,False,1834.386730862759,,,,,-0.006099565329438783,,False
41013,Crook County,OR,2025,475599.5393912845,12,True,,,,,,6.595094339622642,53,False,False,2428.7340159771175,,,,,0.005620952911014054,,False
41015,Curry County,OR,2025,466110.96884947247,12,True,,,,,,6.595094339622642,53,False,False,2380.2789353279795,,,,,-0.013377115378902626,,False
41017,Deschutes County,OR,2025,682445.0237049035,12,True,,,,,,6.595094339622642,53,False,False,3485.0274355349447,,,,,-0.012715887449057384,,False
41019,Douglas County,OR,2025,345470.26009327266,12,True,,,,,,6.595094339622642,53,False,False,1764.2056030392555,,,,,0.019409477769437133,,False
41021,Gilliam County,OR,2025,239256.4788532407,12,True,,,,,,6.595094339622642,53,False,False,1221.8059535497187,,,,,0.10651241643349363,,False
41023,Grant County,OR,2025,286639.93814075604,12,True,,,,,,6.595094339622642,53,False,False,1463.7780536773757,,,,,0.039352066781950246,,False
41025,Harney County,OR,2025,214297.2622476277,12,True,,,,,,6.595094339622642,53,False,False,1094.34725487272,,,,,0.020548117046990555,,False
41027,Hood River County,OR,2025,690177.5750880027,12,True,,,,,,6.595094339622642,53,False,False,3524.5150906291037,,,,,-0.002443038313159618,,False
41029,Jackson County,OR,2025,438383.98615415074,12,True,,,,,,6.595094339622642,53,False,False,2238.6861446395646,,,,,0.0057498011065182375,,False
41031,Jefferson County,OR,2025,427075.75832381373,12,True,,,,,,6.595094339622642,53,False,False,2180.9386589563146,,,,,0.019729189701195304,,False
41033,Josephine County,OR,2025,394268.1319228041,12,True,,,,,,6.595094339622642,53,False,False,2013.400653504114,,,,,-0.002866424137070278,,False
41035,Klamath County,OR,2025,308441.26502816455,12,True,,,,,,6.595094339622642,53,False,False,1575.1104243366394,,,,,0.03296683005019174,,False
41037,Lake County,OR,2025,200921.5389694833,12,True,,,,,,6.595094339622642,53,False,False,1026.0417343175386,,,,,0.047348583307093906,,False
41039,Lane County,OR,2025,460708.01775431196,12,True,,,,,,6.595094339622642,53,False,False,2352.687800298135,,,,,0.006407865838555127,,False
41041,Lincoln County,OR,2025,478970.2303274875,12,True,,,,,,6.595094339622642,53,False,False,2445.9470514324917,,,,,-0.009837621240748051,,False
41043,Linn County,OR,2025,413508.54604134307,12,True,,,,,,6.595094339622642,53,False,False,2111.655265590137,,,,,0.018283450197209783,,False
41045,Malheur County,OR,2025,307548.54972612957,12,True,,,,,,6.595094339622642,53,False,False,1570.551614159046,,,,,0.01844716173233163,,False
41047,Marion County,OR,2025,448016.5746332878,12,True,,,,,,6.595094339622642,53,False,False,2287.876678615128,,,,,0.005757211442199317,,False
41049,Morrow County,OR,2025,310729.5646353199,12,True,,,,,,6.595094339622642,53,False,False,1586.796035095974,,,,,0.026184924856960334,,False
41051,Multnomah County,OR,2025,511519.37716912717,12,True,,,,,,6.595094339622642,53,False,False,2612.1650848361905,,,,,-0.001630819765053193,,False
41053,Polk County,OR,2025,481227.26881117723,12,True,,,,,,6.595094339622642,53,False,False,2457.473021679903,,,,,0.00948276793752445,,False
41055,Sherman County,OR,2025,282529.31259115716,12,True,,,,,,6.595094339622642,53,False,False,1442.786409925926,,,,,0.05726371939228381,,False
41057,Tillamook County,OR,2025,517323.8823080473,12,True,,,,,,6.595094339622642,53,False,False,2641.806827329997,,,,,-0.011439546161972403,,False
41059,Umatilla County,OR,2025,309502.77497831755,12,True,,,,,,6.595094339622642,53,False,False,1580.5312145407984,,,,,0.031106995041301877,,False
41061,Union County,OR,2025,321623.24693915155,12,True,,,,,,6.595094339622642,53,False,False,1642.4265699876332,,,,,0.055578367761657255,,False
41063,Wallowa County,OR,2025,439349.16248067183,12,True,,,,,,6.595094339622642,53,False,False,2243.614989984196,,,,,0.025755052933713163,,False
41065,Wasco County,OR,2025,396219.28594173706,12,True,,,,,,6.595094339622642,53,False,False,2023.3645700845593,,,,,0.013474326664685066,,False
41067,Washington County,OR,2025,581203.2178414448,12,True,,,,,,6.595094339622642,53,False,False,2968.0180665724656,,,,,-0.007357596056753457,,False
41069,Wheeler County,OR,2025,306646.24979387055,12,True,,,,,,6.595094339622642,53,False,False,1565.943858354875,,,,,0.0015204687917897974,,False
41071,Yamhill County,OR,2025,517390.67175464425,12,True,,,,,,6.595094339622642,53,False,False,2642.1478995712905,,,,,0.008615151703410762,,False
42001,Adams County,PA,2025,326755.4849784826,12,True,,,,,,6.595094339622642,53,False,False,1668.6352604337353,,,,,0.04633058088004782,,False
42003,Allegheny County,PA,2025,242184.79713219628,12,True,,,,,,6.595094339622642,53,False,False,1236.7599339989213,,,,,0.017402924583365564,,False
42005,Armstrong County,PA,2025,164289.6505808834,12,True,,,,,,6.595094339622642,53,False,False,838.9744518034711,,,,,-0.005683533951434172,,False
42007,Beaver County,PA,2025,198557.6305435726,12,True,,,,,,6.595094339622642,53,False,False,1013.9700136173617,,,,,0.0354290903638923,,False
42009,Bedford County,PA,2025,203332.27038770053,12,True,,,,,,6.595094339622642,53,False,False,1038.3525649930743,,,,,0.061224710447844055,,False
42011,Berks County,PA,2025,306229.05336583976,12,True,,,,,,6.595094339622642,53,False,False,1563.8133702610485,,,,,0.04973519602608567,,False
42013,Blair County,PA,2025,167831.14102672247,12,True,,,,,,6.595094339622642,53,False,False,857.0597054689309,,,,,0.05363525235026678,,False
42015,Bradford County,PA,2025,199212.14222627715,12,True,,,,,,6.595094339622642,53,False,False,1017.3123944566569,,,,,0.04306960406993454,,False
42017,Bucks County,PA,2025,513215.1346840319,12,True,,,,,,6.595094339622642,53,False,False,2620.8247735410396,,,,,0.04091039728959611,,False
42019,Butler County,PA,2025,321328.16793888365,12,True,,,,,,6.595094339622642,53,False,False,1640.9196963555255,,,,,0.021988460611133798,,False
42021,Cambria County,PA,2025,102215.36623069446,12,True,,,,,,6.595094339622642,53,False,False,521.981028908868,,,,,-0.037367460710866274,,False
42023,Cameron County,PA,2025,82669.80124697709,12,True,,,,,,6.595094339622642,53,False,False,422.16810941318613,,,,,0.059806258081886776,,False
42025,Carbon County,PA,2025,268988.77302819345,12,True,,,,,,6.595094339622642,53,False,False,1373.639225567117,,,,,0.03617285646842139,,False
42027,Centre County,PA,2025,348326.53424434253,12,True,,,,,,6.595094339622642,53,False,False,1778.7916772783901,,,,,0.03335767475235296,,False
42029,Chester County,PA,2025,565013.0601309853,12,True,,,,,,6.595094339622642,53,False,False,2885.340133776832,,,,,0.04164462681718262,,False
42031,Clarion County,PA,2025,140582.40346862382,12,True,,,,,,6.595094339622642,53,False,False,717.9091590144694,,,,,0.09095868042363997,,False
42033,Clearfield County,PA,2025,132486.7965278377,12,True,,,,,,6.595094339622642,53,False,False,676.5674958534138,,,,,-0.0050701236260448646,,False
42035,Clinton County,PA,2025,196322.74507350838,12,True,,,,,,6.595094339622642,53,False,False,1002.5571716917678,,,,,0.0502200565597577,,False
42037,Columbia County,PA,2025,234058.31931052046,12,True,,,,,,6.595094339622642,53,False,False,1195.2606231693758,,,,,0.009298130006114569,,False
42039,Crawford County,PA,2025,162655.45858209932,12,True,,,,,,6.595094339622642,53,False,False,830.6291584056589,,,,,0.050910387903154275,,False
42041,Cumberland County,PA,2025,340766.9037408537,12,True,,,,,,6.595094339622642,53,False,False,1740.1870735490832,,,,,0.03934363206806779,,False
42043,Dauphin County,PA,2025,272312.8146800119,12,True,,,,,,6.595094339622642,53,False,False,1390.6140381176692,,,,,0.04608884996909146,,False
42045,Delaware County,PA,2025,360631.82260348555,12,True,,,,,,6.595094339622642,53,False,False,1841.6308306815013,,,,,0.02611267441540166,,False
42047,Elk County,PA,2025,124025.49172606955,12,True,,,,,,6.595094339622642,53,False,False,633.3583312316254,,,,,-0.013166838721757723,,False
42049,Erie County,PA,2025,214283.64957225384,12,True,,,,,,6.595094339622642,53,False,False,1094.2777393139554,,,,,0.06420610291929041,,False
42051,Fayette County,PA,2025,145981.902850699,12,True,,,,,,6.595094339622642,53,False,False,745.4826672547799,,,,,-0.010266544059476912,,False
42053,Forest County,PA,2025,112180.20762557024,12,True,,,,,,6.595094339622642,53,False,False,572.8682717571843,,,,,0.012761450426048038,,False
42055,Franklin County,PA,2025,285423.9922023256,12,True,,,,,,6.595094339622642,53,False,False,1457.5686085083685,,,,,0.02734579227673284,,False
42057,Fulton County,PA,2025,221536.73512796639,12,True,,,,,,6.595094339622642,53,False,False,1131.3169165017584,,,,,-0.006539098027466883,,False
42059,Greene County,PA,2025,147253.9375970617,12,True,,,,,,6.595094339622642,53,False,False,751.9785399420202,,,,,0.006983635444033132,,False
42061,Huntingdon County,PA,2025,175236.70423745806,12,True,,,,,,6.595094339622642,53,False,False,894.8775370429535,,,,,0.0072382071319374575,,False
42063,Indiana County,PA,2025,158834.86408571052,12,True,,,,,,6.595094339622642,53,False,False,811.1186100428266,,,,,0.03365685909699612,,False
42065,Jefferson County,PA,2025,120979.38985995909,12,True,,,,,,6.595094339622642,53,False,False,617.8028678520293,,,,,0.009045081947504308,,False
42067,Juniata County,PA,2025,224941.1548939148,12,True,,,,,,6.595094339622642,53,False,False,1148.7021942520407,,,,,0.01630746996999166,,False
42069,Lackawanna County,PA,2025,227989.75573648198,12,True,,,,,,6.595094339622642,53,False,False,1164.2704191013668,,,,,0.07561962014316315,,False
42071,Lancaster County,PA,2025,373114.05356952694,12,True,,,,,,6.595094339622642,53,False,False,1905.3735731183606,,,,,0.041429027932247786,,False
42073,Lawrence County,PA,2025,158539.50645849234,12,True,,,,,,6.595094339622642,53,False,False,809.6103135524195,,,,,0.01824112126061128,,False
42075,Lebanon County,PA,2025,304854.9917223905,12,True,,,,,,6.595094339622642,53,False,False,1556.7964789962548,,,,,0.056111024902819384,,False
42077,Lehigh County,PA,2025,354973.3114940724,12,True,,,,,,6.595094339622642,53,False,False,1812.7346327818866,,,,,0.03649477805528267,,False
42079,Luzerne County,PA,2025,221127.0888495096,12,True,,,,,,6.595094339622642,53,False,False,1129.224984595601,,,,,0.05136495601286395,,False
42081,Lycoming County,PA,2025,228469.23852132764,12,True,,,,,,6.595094339622642,53,False,False,1166.7189836040166,,,,,0.0428635140514495,,False
42083,McKean County,PA,2025,115502.67753122859,12,True,,,,,,6.595094339622642,53,False,False,589.8350579051705,,,,,0.008687539973527336,,False
42085,Mercer County,PA,2025,171379.12866629186,12,True,,,,,,6.595094339622642,53,False,False,875.1781382149288,,,,,0.020221095910276654,,False
42087,Mifflin County,PA,2025,184968.8415479204,12,True,,,,,,6.595094339622642,53,False,False,944.5764349105427,,,,,0.06621265307030755,,False
42089,Monroe County,PA,2025,309757.0422532593,12,True,,,,,,6.595094339622642,53,False,False,1581.8296758063225,,,,,0.010502842312147376,,False
42091,Montgomery County,PA,2025,487727.14705013344,12,True,,,,,,6.595094339622642,53,False,False,2490.665811140691,,,,,0.027269361569775663,,False
42093,Montour County,PA,2025,267643.3325128443,12,True,,,,,,6.595094339622642,53,False,False,1366.7684932062643,,,,,0.03532343157680273,,False
42095,Northampton County,PA,2025,364575.98474241025,12,True,,,,,,6.595094339622642,53,False,False,1861.7723992868791,,,,,0.03486063244777893,,False
42097,Northumberland County,PA,2025,157102.57638114074,12,True,,,,,,6.595094339622642,53,False,False,802.2723733981646,,,,,0.1017490284264373,,False
42099,Perry County,PA,2025,286965.42017580976,12,True,,,,,,6.595094339622642,53,False,False,1465.4401858382607,,,,,0.015479201917441898,,False
42101,Philadelphia County,PA,2025,233639.20283398672,12,True,,,,,,6.595094339622642,53,False,False,1193.1203300048433,,,,,0.031911377652315887,,False
42103,Pike County,PA,2025,295718.78198314825,12,True,,,,,,6.595094339622642,53,False,False,1510.1407917363404,,,,,0.050677823900258545,,False
42105,Potter County,PA,2025,157751.31535522264,12,True,,,,,,6.595094339622642,53,False,False,805.5852748695568,,,,,-0.015080985340614972,,False
42107,Schuylkill County,PA,2025,159056.35637331655,12,True,,,,,,6.595094339622642,53,False,False,812.2496999801168,,,,,0.05271629138554457,,False
42109,Snyder County,PA,2025,223202.90052140038,12,True,,,,,,6.595094339622642,53,False,False,1139.8254877515465,,,,,0.024367133377128702,,False
42111,Somerset County,PA,2025,170374.8412537272,12,True,,,,,,6.595094339622642,53,False,False,870.049565122038,,,,,0.012701385691870959,,False
42113,Sullivan County,PA,2025,203237.1863779437,12,True,,,,,,6.595094339622642,53,False,False,1037.8670015100492,,,,,0.027587577518126905,,False
42115,Susquehanna County,PA,2025,233471.09549871532,12,True,,,,,,6.595094339622642,53,False,False,1192.2618598641204,,,,,0.04426719637735532,,False
42117,Tioga County,PA,2025,215427.92860056213,12,True,,,,,,6.595094339622642,53,False,False,1100.121204602796,,,,,0.04455628033167858,,False
42119,Union County,PA,2025,278167.5984371353,12,True,,,,,,6.595094339622642,53,False,False,1420.5125373578403,,,,,0.05443424861417201,,False
42121,Venango County,PA,2025,132772.46906553497,12,True,,,,,,6.595094339622642,53,False,False,678.026333703896,,,,,0.023737174070684874,,False
42123,Warren County,PA,2025,136113.4507844993,12,True,,,,,,6.595094339622642,53,False,False,695.087653733751,,,,,-0.008005525716165418,,False
42125,Washington County,PA,2025,236168.81433665776,12,True,,,,,,6.595094339622642,53,False,False,1206.0382430701238,,,,,0.014287080429388643,,False
42127,Wayne County,PA,2025,298149.71852365794,12,True,,,,,,6.595094339622642,53,False,False,1522.5548034786018,,,,,0.040482669260549775,,False
42129,Westmoreland County,PA,2025,218947.2385965122,12,True,,,,,,6.595094339622642,53,False,False,1118.093189838257,,,,,0.024624788576324663,,False
42131,Wyoming County,PA,2025,231970.13657214923,12,True,,,,,,6.595094339622642,53,False,False,1184.596944952299,,,,,0.022468346586296706,,False
42133,York County,PA,2025,301700.17417129746,12,True,,,,,,6.595094339622642,53,False,False,1540.6858395487309,,,,,0.049282350532216634,,False
44001,Bristol County,RI,2025,644610.5447212905,12,True,,,,,,6.595094339622642,53,False,False,3291.8189092990247,,,,,0.03083062291901406,,False
44003,Kent County,RI,2025,431944.861356538,12,True,,,,,,6.595094339622642,53,False,False,2205.803603480883,,,,,0.04186584629665724,,False
44005,Newport County,RI,2025,749107.8066733307,12,True,,,,,,6.595094339622642,53,False,False,3825.4528463802567,,,,,0.04615087583071187,,False
44007,Providence County,RI,2025,451909.4631770877,12,True,,,,,,6.595094339622642,53,False,False,2307.7564094467343,,,,,0.041715299183284094,,False
44009,Washington County,RI,2025,655316.5113541016,12,True,,,,,,6.595094339622642,53,False,False,3346.4908405803376,,,,,0.05373881702902361,,False
45001,Abbeville County,SC,2025,208367.6161048639,12,True,,,,,,6.595094339622642,53,False,False,1064.0664574857622,,,,,-0.02301805857341177,,False
45003,Aiken County,SC,2025,239565.25177569306,12,True,,,,,,6.595094339622642,53,False,False,1223.3827576419444,,,,,0.01097475031724704,,False
45005,Allendale County,SC,2025,72122.9952857308,12,True,,,,,,6.595094339622642,53,False,False,368.3089605360152,,,,,-0.0721166372805091,,False
45007,Anderson County,SC,2025,288196.7642456677,12,True,,,,,,6.595094339622642,53,False,False,1471.7282643163505,,,,,0.01686975583666883,,False
45009,Bamberg County,SC,2025,140425.89637586093,12,True,,,,,,6.595094339622642,53,False,False,717.1099275845539,,,,,-0.0382239673607474,,False
45011,Barnwell County,SC,2025,171746.17735630547,12,True,,,,,,6.595094339622642,53,False,False,877.0525379254435,,,,,-0.07012570437594512,,False
45013,Beaufort County,SC,2025,548993.9590202172,12,True,,,,,,6.595094339622642,53,False,False,2803.5357320675807,,,,,0.006372017060708002,,False
45015,Berkeley County,SC,2025,377677.18870785536,12,True,,,,,,6.595094339622642,53,False,False,1928.676037927606,,,,,0.0037897847604064783,,False
45017,Calhoun County,SC,2025,204660.1025799959,12,True,,,,,,6.595094339622642,53,False,False,1045.1333773064437,,,,,-0.03749527717711043,,False
45019,Charleston County,SC,2025,613652.5278693289,12,True,,,,,,6.595094339622642,53,False,False,3133.7262654504093,,,,,0.013285012671454322,,False
45021,Cherokee County,SC,2025,202114.93876348712,12,True,,,,,,6.595094339622642,53,False,False,1032.1360435720574,,,,,-0.027230896951724315,,False
45023,Chester County,SC,2025,218525.31854341633,12,True,,,,,,6.595094339622642,53,False,False,1115.9385797091381,,,,,-0.008538650212355559,,False
45025,Chesterfield County,SC,2025,174658.89534200946,12,True,,,,,,6.595094339622642,53,False,False,891.9268526900916,,,,,-0.024079012376922337,,False
45027,Clarendon County,SC,2025,197377.64526683465,12,True,,,,,,6.595094339622642,53,False,False,1007.9442079918273,,,,,-0.030079331109887697,,False
45029,Colleton County,SC,2025,259123.7706954288,12,True,,,,,,6.595094339622642,53,False,False,1323.261828726185,,,,,0.011714808154893896,,False
45031,Darlington County,SC,2025,157003.7707281124,12,True,,,,,,6.595094339622642,53,False,False,801.7678046788848,,,,,-0.006647879475306762,,False
45033,Dillon County,SC,2025,112326.20878659346,12,True,,,,,,6.595094339622642,53,False,False,573.6138527697376,,,,,-0.02731966601093616,,False
45035,Dorchester County,SC,2025,353643.22450654185,12,True,,,,,,6.595094339622642,53,False,False,1805.9423059538194,,,,,-0.002749512326728154,,False
45037,Edgefield County,SC,2025,278977.6730480571,12,True,,,,,,6.595094339622642,53,False,False,1424.6493280821194,,,,,0.023817723125215018,,False
45039,Fairfield County,SC,2025,187137.86559334505,12,True,,,,,,6.595094339622642,53,False,False,955.6529437047639,,,,,-0.04246761348076722,,False
45041,Florence County,SC,2025,196448.24861533171,12,True,,,,,,6.595094339622642,53,False,False,1003.1980779498818,,,,,0.02405506336384411,,False
45043,Georgetown County,SC,2025,390371.40218227886,12,True,,,,,,6.595094339622642,53,False,False,1993.5013069151826,,,,,0.0007063978743617749,,False
45045,Greenville County,SC,2025,333686.4567550681,12,True,,,,,,6.595094339622642,53,False,False,1704.0295060612975,,,,,0.01092826781350631,,False
45047,Greenwood County,SC,2025,178891.352775595,12,True,,,,,,6.595094339622642,53,False,False,913.5406527229534,,,,,-0.013040827425231272,,False
45049,Hampton County,SC,2025,155333.51712766266,12,True,,,,,,6.595094339622642,53,False,False,793.2383562695937,,,,,-0.061015997283944357,,False
45051,Horry County,SC,2025,323502.1341155734,12,True,,,,,,6.595094339622642,53,False,False,1652.0214430259869,,,,,-0.030614267591665967,,False
45053,Jasper County,SC,2025,421781.4706442734,12,True,,,,,,6.595094339622642,53,False,False,2153.9024330715592,,,,,-0.024978413236193098,,False
45055,Kershaw County,SC,2025,252557.05508827153,12,True,,,,,,6.595094339622642,53,False,False,1289.7277223038714,,,,,0.016000557951791006,,False
45057,Lancaster County,SC,2025,395464.61590881407,12,True,,,,,,6.595094339622642,53,False,False,2019.5107127361173,,,,,-0.0015265500576741031,,False
45059,Laurens County,SC,2025,209339.32413708165,12,True,,,,,,6.595094339622642,53,False,False,1069.0286581524533,,,,,-0.09582706830124499,,False
45061,Lee County,SC,2025,163810.96013768113,12,True,,,,,,6.595094339622642,53,False,False,836.5299335349787,,,,,-0.053675901036513096,,False
45063,Lexington County,SC,2025,271962.1941904874,12,True,,,,,,6.595094339622642,53,False,False,1388.8235319479268,,,,,0.015621445799551825,,False
45065,McCormick County,SC,2025,307546.24187646556,12,True,,,,,,6.595094339622642,53,False,False,1570.5398287124287,,,,,0.05049010397759002,,False
45067,Marion County,SC,2025,153109.9696071566,12,True,,,,,,6.595094339622642,53,False,False,781.8834136089962,,,,,-0.018830196488777373,,False
45069,Marlboro County,SC,2025,90699.3871171183,12,True,,,,,,6.595094339622642,53,False,False,463.17262418202137,,,,,-0.13828788002064485,,False
45071,Newberry County,SC,2025,216414.54150390186,12,True,,,,,,6.595094339622642,53,False,False,1105.1595196566964,,,,,-0.005018257399152404,,False
45073,Oconee County,SC,2025,287084.53124671645,12,True,,,,,,6.595094339622642,53,False,False,1466.0484478015942,,,,,0.025013360252512884,,False
45075,Orangeburg County,SC,2025,159012.457656409,12,True,,,,,,6.595094339622642,53,False,False,812.025523339518,,,,,-0.02352863057520216,,False
45077,Pickens County,SC,2025,303150.7745351819,12,True,,,,,,6.595094339622642,53,False,False,1548.093589463426,,,,,0.029518849512937484,,False
45079,Richland County,SC,2025,242678.66828832708,12,True,,,,,,6.595094339622642,53,False,False,1239.2819752900884,,,,,0.017506059117830874,,False
45081,Saluda County,SC,2025,215423.3550041919,12,True,,,,,,6.595094339622642,53,False,False,1100.0978487158372,,,,,-0.010141119682684163,,False
45083,Spartanburg County,SC,2025,274330.10554542067,12,True,,,,,,6.595094339622642,53,False,False,1400.9156943202995,,,,,0.02026766862370888,,False
45085,Sumter County,SC,2025,203044.24882648909,12,True,,,,,,6.595094339622642,53,False,False,1036.881731434353,,,,,0.006925167306541802,,False
45087,Union County,SC,2025,132408.17296662484,12,True,,,,,,6.595094339622642,53,False,False,676.1659905916144,,,,,-0.028017689890263764,,False
45089,Williamsburg County,SC,2025,136747.7390119928,12,True,,,,,,6.595094339622642,53,False,False,698.3267598859962,,,,,0.021581488259294623,,False
45091,York County,SC,2025,397500.6466635752,12,True,,,,,,6.595094339622642,53,False,False,2029.9080675316939,,,,,-0.00032614480733206275,,False
46005,Beadle County,SD,2025,185929.88064338616,12,True,,,,,,6.595094339622642,53,False,False,949.4841527456546,,,,,0.048450570775967705,,False
46007,Bennett County,SD,2025,211163.0944313131,12,True,,,,,,6.595094339622642,53,False,False,1078.3420669850138,,,,,-0.0228336246469778,,False
46009,Bon Homme County,SD,2025,171672.6002167275,12,True,,,,,,6.595094339622642,53,False,False,876.6768031172895,,,,,-0.031133641995226613,,False
46011,Brookings County,SD,2025,312504.33496866724,12,True,,,,,,6.595094339622642,53,False,False,1595.859216874208,,,,,0.05154568552570038,,False
46013,Brown County,SD,2025,232396.5750629385,12,True,,,,,,6.595094339622642,53,False,False,1186.7746292907395,,,,,0.03516998327659748,,False
46015,Brule County,SD,2025,222312.1677936398,12,True,,,,,,6.595094339622642,53,False,False,1135.2768019436817,,,,,0.0694435741584003,,False
46019,Butte County,SD,2025,351781.5894755538,12,True,,,,,,6.595094339622642,53,False,False,1796.435534078299,,,,,-0.00393650009226354,,False
46021,Campbell County,SD,2025,188869.00314927104,12,True,,,,,,6.595094339622642,53,False,False,964.4933069098969,,,,,-0.021521776462736564,,False
46023,Charles Mix County,SD,2025,284699.9088327358,12,True,,,,,,6.595094339622642,53,False,False,1453.8709474206878,,,,,0.04648630008361576,,False
46025,Clark County,SD,2025,213875.7297196155,12,True,,,,,,6.595094339622642,53,False,False,1092.194623709674,,,,,0.12219821352792382,,False
46027,Clay County,SD,2025,278074.7499409082,12,True,,,,,,6.595094339622642,53,False,False,1420.0383899240396,,,,,0.06631967000835925,,False
46029,Codington County,SD,2025,336424.1589614724,12,True,,,,,,6.595094339622642,53,False,False,1718.0100714815667,,,,,-0.010648838099863722,,False
46031,Corson County,SD,2025,163078.46225359666,12,True,,,,,,6.595094339622642,53,False,False,832.7893022257385,,,,,0.014033781626941355,,False
46033,Custer County,SD,2025,509517.8850692997,12,True,,,,,,6.595094339622642,53,False,False,2601.9441078525247,,,,,0.028246152584050943,,False
46035,Davison County,SD,2025,250742.08738197642,12,True,,,,,,6.595094339622642,53,False,False,1280.4592654592311,,,,,0.04047046775160923,,False
46037,Day County,SD,2025,260995.3382075612,12,True,,,,,,6.595094339622642,53,False,False,1332.8193225911527,,,,,0.035266424502232496,,False
46039,Deuel County,SD,2025,294091.91011049016,12,True,,,,,,6.595094339622642,53,False,False,1501.8328798703653,,,,,0.028832693951402755,,False
46045,Edmunds County,SD,2025,215972.55192463272,12,True,,,,,,6.595094339622642,53,False,False,1102.902420906659,,,,,0.03692550728362831,,False
46047,Fall River County,SD,2025,281448.504386056,12,True,,,,,,6.595094339622642,53,False,False,1437.267069735151,,,,,0.034725076632809104,,False
46051,Grant County,SD,2025,219723.90010497932,12,True,,,,,,6.595094339622642,53,False,False,1122.0593505854447,,,,,0.05811351581818802,,False
46057,Hamlin County,SD,2025,309503.7171136196,12,True,,,,,,6.595094339622642,53,False,False,1580.5360257230352,,,,,0.06208608717222974,,False
46059,Hand County,SD,2025,249440.3224205067,12,True,,,,,,6.595094339622642,53,False,False,1273.8115701171052,,,,,-0.014078337901012872,,False
46063,Harding County,SD,2025,225517.69790562408,12,True,,,,,,6.595094339622642,53,False,False,1151.6464141434317,,,,,0.10354039230830758,,False
46065,Hughes County,SD,2025,284919.6967447719,12,True,,,,,,6.595094339622642,53,False,False,1454.9933336596357,,,,,0.05978747918091876,,False
46067,Hutchinson County,SD,2025,210255.95670676255,12,True,,,,,,6.595094339622642,53,False,False,1073.7096061302118,,,,,0.007103108758211851,,False
46071,Jackson County,SD,2025,139754.9824878872,12,True,,,,,,6.595094339622642,53,False,False,713.6837859537213,,,,,-0.054356828995495876,,False
46073,Jerauld County,SD,2025,225615.82960382584,12,True,,,,,,6.595094339622642,53,False,False,1152.1475411919846,,,,,-0.02137789290894232,,False
46077,Kingsbury County,SD,2025,246634.0258266658,12,True,,,,,,6.595094339622642,53,False,False,1259.480715202684,,,,,0.039858073098491875,,False
46079,Lake County,SD,2025,307204.6114009706,12,True,,,,,,6.595094339622642,53,False,False,1568.795231655436,,,,,0.06371230674999673,,False
46081,Lawrence County,SD,2025,458652.543058997,12,True,,,,,,6.595094339622642,53,False,False,2342.191151546369,,,,,0.007928571357099568,,False
46083,Lincoln County,SD,2025,381668.3732794321,12,True,,,,,,6.595094339622642,53,False,False,1949.0577349860982,,,,,0.02725574888257909,,False
46087,McCook County,SD,2025,281456.75196753134,12,True,,,,,,6.595094339622642,53,False,False,1437.3091874834238,,,,,0.057939462766005034,,False
46091,Marshall County,SD,2025,220777.6390332208,12,True,,,,,,6.595094339622642,53,False,False,1127.440456677883,,,,,0.08057920069905,,False
46093,Meade County,SD,2025,385463.95710162463,12,True,,,,,,6.595094339622642,53,False,False,1968.4405618728733,,,,,0.01674050875584543,,False
46097,Miner County,SD,2025,210344.1358660153,12,True,,,,,,6.595094339622642,53,False,False,1074.1599087605541,,,,,0.04979367844372229,,False
46099,Minnehaha County,SD,2025,327253.994991963,12,True,,,,,,6.595094339622642,53,False,False,1671.1809908787113,,,,,0.01994521687290618,,False
46101,Moody County,SD,2025,289358.13389331667,12,True,,,,,,6.595094339622642,53,False,False,1477.6590059061732,,,,,0.042382867739511054,,False
46103,Pennington County,SD,2025,364210.1472770557,12,True,,,,,,6.595094339622642,53,False,False,1859.9041849114767,,,,,0.028214021388722754,,False
46105,Perkins County,SD,2025,164751.90526628649,12,True,,,,,,6.595094339622642,53,False,False,841.3350379384369,,,,,0.07952688843254241,,False
46107,Potter County,SD,2025,214765.72928509317,12,True,,,,,,6.595094339622642,53,False,False,1096.7395654933582,,,,,0.06669219627933676,,False
46109,Roberts County,SD,2025,217814.39301836418,12,True,,,,,,6.595094339622642,53,False,False,1112.3081115052992,,,,,-0.01629946257047432,,False
46111,Sanborn County,SD,2025,249455.7645479536,12,True,,,,,,6.595094339622642,53,False,False,1273.8904280997208,,,,,-0.01790956356510831,,False
46115,Spink County,SD,2025,159792.49805622117,12,True,,,,,,6.595094339622642,53,False,False,816.0089389990137,,,,,0.1060110003594843,,False
46117,Stanley County,SD,2025,310176.4796580598,12,True,,,,,,6.595094339622642,53,False,False,1583.9716078483848,,,,,-0.03422767470709753,,False
46119,Sully County,SD,2025,286407.37753637444,12,True,,,,,,6.595094339622642,53,False,False,1462.5904414030647,,,,,-0.026663888934780333,,False
46123,Tripp County,SD,2025,197802.74100966522,12,True,,,,,,6.595094339622642,53,False,False,1010.1150353479284,,,,,0.02505275639457194,,False
46125,Turner County,SD,2025,310584.7159562129,12,True,,,,,,6.595094339622642,53,False,False,1586.0563394382218,,,,,0.07771200704997616,,False
46127,Union County,SD,2025,352539.32926270925,12,True,,,,,,6.595094339622642,53,False,False,1800.3050676751552,,,,,0.03373955131027495,,False
46129,Walworth County,SD,2025,131630.21686746288,12,True,,,,,,6.595094339622642,53,False,False,672.1932187857591,,,,,0.05743324145924511,,False
46135,Yankton County,SD,2025,275331.0256802667,12,True,,,,,,6.595094339622642,53,False,False,1406.0270718079403,,,,,0.027245706216756815,,False
47001,Anderson County,TN,2025,306466.04247448646,12,True,,,,,,6.595094339622642,53,False,False,1565.023597483562,,,,,0.03601712313026373,,False
47003,Bedford County,TN,2025,330309.7900808217,12,True,,,,,,6.595094339622642,53,False,False,1686.785954432011,,,,,0.01967293299349615,,False
47005,Benton County,TN,2025,177152.63916990277,12,True,,,,,,6.595094339622642,53,False,False,904.6616010661925,,,,,0.0013399788643722044,,False
47007,Bledsoe County,TN,2025,230218.7005651293,12,True,,,,,,6.595094339622642,53,False,False,1175.652924080242,,,,,0.02826844011220575,,False
47009,Blount County,TN,2025,389929.85452041664,12,True,,,,,,6.595094339622642,53,False,False,1991.246464895334,,,,,0.02154325653846212,,False
47011,Bradley County,TN,2025,316481.8900199853,12,True,,,,,,6.595094339622642,53,False,False,1616.1713123525217,,,,,0.015762252687007594,,False
47013,Campbell County,TN,2025,235857.5178708431,12,True,,,,,,6.595094339622642,53,False,False,1204.448552052876,,,,,0.026153341654990392,,False
47015,Cannon County,TN,2025,303905.239925635,12,True,,,,,,6.595094339622642,53,False,False,1551.9464017685352,,,,,0.05014238430056195,,False
47017,Carroll County,TN,2025,179077.16378362945,12,True,,,,,,6.595094339622642,53,False,False,914.4895298314844,,,,,-0.0069004648088770715,,False
47019,Carter County,TN,2025,242388.38806413053,12,True,,,,,,6.595094339622642,53,False,False,1237.799607465313,,,,,0.026535149085917142,,False
47021,Cheatham County,TN,2025,395060.4867665992,12,True,,,,,,6.595094339622642,53,False,False,2017.4469550718413,,,,,0.00021937041222575004,,False
47023,Chester County,TN,2025,166345.6872781403,12,True,,,,,,6.595094339622642,53,False,False,849.473970518557,,,,,-0.01438209789300604,,False
47025,Claiborne County,TN,2025,218353.61401331148,12,True,,,,,,6.595094339622642,53,False,False,1115.0617398503425,,,,,0.029581125944018183,,False
47027,Clay County,TN,2025,200422.46906392448,12,True,,,,,,6.595094339622642,53,False,False,1023.4931446836366,,,,,0.056940801344688596,,False
47029,Cocke County,TN,2025,231224.04166856094,12,True,,,,,,6.595094339622642,53,False,False,1180.786878033792,,,,,0.032586041954657974,,False
47031,Coffee County,TN,2025,306047.36737968767,12,True,,,,,,6.595094339622642,53,False,False,1562.885558313714,,,,,0.031106158682771445,,False
47033,Crockett County,TN,2025,181113.53351321258,12,True,,,,,,6.595094339622642,53,False,False,924.8886156625487,,,,,0.044135177424143635,,False
47035,Cumberland County,TN,2025,308935.1549716283,12,True,,,,,,6.595094339622642,53,False,False,1577.6325615686783,,,,,0.002572420970463396,,False
47037,Davidson County,TN,2025,447062.1279579539,12,True,,,,,,6.595094339622642,53,False,False,2283.0026261511866,,,,,-0.00792951385259999,,False
47039,Decatur County,TN,2025,175995.4819362197,12,True,,,,,,6.595094339622642,53,False,False,898.7523709208539,,,,,-0.01746386927904575,,False
47041,Dekalb County,TN,2025,295516.7349801035,12,True,,,,,,6.595094339622642,53,False,False,1509.109002618653,,,,,0.000165649391275835,,False
47043,Dickson County,TN,2025,357427.64614250703,12,True,,,,,,6.595094339622642,53,False,False,1825.2681311424483,,,,,0.014968982205657566,,False
47045,Dyer County,TN,2025,174722.59297003728,12,True,,,,,,6.595094339622642,53,False,False,892.2521360074938,,,,,-0.013332140306962947,,False
47047,Fayette County,TN,2025,376931.2340648235,12,True,,,,,,6.595094339622642,53,False,False,1924.8666872746883,,,,,0.00804821979945669,,False
47049,Fentress County,TN,2025,243648.4761868719,12,True,,,,,,6.595094339622642,53,False,False,1244.234472584711,,,,,0.035294440727193344,,False
47051,Franklin County,TN,2025,309828.32097632735,12,True,,,,,,6.595094339622642,53,False,False,1582.1936733399461,,,,,0.028570394204556537,,False
47053,Gibson County,TN,2025,179907.9288851779,12,True,,,,,,6.595094339622642,53,False,False,918.7319802426011,,,,,0.009103233888385853,,False
47055,Giles County,TN,2025,246801.11209903882,12,True,,,,,,6.595094339622642,53,False,False,1260.3339711032984,,,,,0.02335732509875199,,False
47057,Grainger County,TN,2025,271868.52178434964,12,True,,,,,,6.595094339622642,53,False,False,1388.3451770709726,,,,,0.02001457484483149,,False
47059,Greene County,TN,2025,246983.3440569474,12,True,,,,,,6.595094339622642,53,False,False,1261.2645711529476,,,,,0.025917188864310603,,False
47061,Grundy County,TN,2025,200275.32090234614,12,True,,,,,,6.595094339622642,53,False,False,1022.7417063078312,,,,,0.021885514436131848,,False
47063,Hamblen County,TN,2025,264384.5127061659,12,True,,,,,,6.595094339622642,53,False,False,1350.126747660106,,,,,0.037810093390977295,,False
47065,Hamilton County,TN,2025,358473.37098402594,12,True,,,,,,6.595094339622642,53,False,False,1830.6083118692839,,,,,0.009560523993934034,,False
47067,Hancock County,TN,2025,161892.45497543982,12,True,,,,,,6.595094339622642,53,False,False,826.7327441740999,,,,,0.03154199833225557,,False
47069,Hardeman County,TN,2025,157751.2950979552,12,True,,,,,,6.595094339622642,53,False,False,805.5851714222017,,,,,-0.004020949545579411,,False
47071,Hardin County,TN,2025,204619.98921989408,12,True,,,,,,6.595094339622642,53,False,False,1044.9285312666448,,,,,0.03153553198565806,,False
47073,Hawkins County,TN,2025,240100.88615748638,12,True,,,,,,6.595094339622642,53,False,False,1226.118070306152,,,,,0.01813723525743094,,False
47075,Haywood County,TN,2025,176242.06955337935,12,True,,,,,,6.595094339622642,53,False,False,900.0116146419074,,,,,-0.008805820575864987,,False
47077,Henderson County,TN,2025,199663.83238250724,12,True,,,,,,6.595094339622642,53,False,False,1019.6190309359985,,,,,0.05038522107203658,,False
47079,Henry County,TN,2025,208492.08857585044,12,True,,,,,,6.595094339622642,53,False,False,1064.7020983964424,,,,,0.03432211934947915,,False
47081,Hickman County,TN,2025,177717.4253058491,12,True,,,,,,6.595094339622642,53,False,False,907.5457823710792,,,,,0.03193897936314993,,False
47083,Houston County,TN,2025,220150.76056850763,12,True,,,,,,6.595094339622642,53,False,False,1124.2391898030644,,,,,0.022575342242062257,,False
47085,Humphreys County,TN,2025,242491.8758492261,12,True,,,,,,6.595094339622642,53,False,False,1238.328086328479,,,,,0.038125948378535224,,False
47087,Jackson County,TN,2025,227578.03834427288,12,True,,,,,,6.595094339622642,53,False,False,1162.167910682819,,,,,0.0294969190888974,,False
47089,Jefferson County,TN,2025,334720.45371915255,12,True,,,,,,6.595094339622642,53,False,False,1709.3097962867741,,,,,0.030859738552116323,,False
47091,Johnson County,TN,2025,242367.19967231806,12,True,,,,,,6.595094339622642,53,False,False,1237.6914051571177,,,,,0.023975744649589403,,False
47093,Knox County,TN,2025,378178.40868976334,12,True,,,,,,6.595094339622642,53,False,False,1931.2356073105063,,,,,0.012118391581014576,,False
47095,Lake County,TN,2025,111708.91596412892,12,True,,,,,,6.595094339622642,53,False,False,570.4615366895811,,,,,0.0074394506376722624,,False
47097,Lauderdale County,TN,2025,123552.52049162534,12,True,,,,,,6.595094339622642,53,False,False,630.9430191244194,,,,,-0.06889029841684935,,False
47099,Lawrence County,TN,2025,238832.60324372348,12,True,,,,,,6.595094339622642,53,False,False,1219.6413570223651,,,,,0.0396942220692007,,False
47101,Lewis County,TN,2025,242031.46708579638,12,True,,,,,,6.595094339622642,53,False,False,1235.9769267238526,,,,,0.01658633910304741,,False
47103,Lincoln County,TN,2025,254279.28513418802,12,True,,,,,,6.595094339622642,53,False,False,1298.5225977177727,,,,,0.03700764305388149,,False
47105,Loudon County,TN,2025,448360.27622787585,12,True,,,,,,6.595094339622642,53,False,False,2289.631852211785,,,,,0.014470615066228154,,False
47107,McMinn County,TN,2025,250999.71522370633,12,True,,,,,,6.595094339622642,53,False,False,1281.7748880594402,,,,,0.016217761447313128,,False
47109,McNairy County,TN,2025,165847.7409914591,12,True,,,,,,6.595094339622642,53,False,False,846.9311188451933,,,,,0.002546271114153731,,False
47111,Macon County,TN,2025,257457.17265190603,12,True,,,,,,6.595094339622642,53,False,False,1314.7510480714238,,,,,0.0285440135997308,,False
47113,Madison County,TN,2025,231712.03223095206,12,True,,,,,,6.595094339622642,53,False,False,1183.2788890224317,,,,,0.0035384083407161704,,False
47115,Marion County,TN,2025,257241.03893038727,12,True,,,,,,6.595094339622642,53,False,False,1313.6473226091912,,,,,0.022914154597734493,,False
47117,Marshall County,TN,2025,317946.2373010038,12,True,,,,,,6.595094339622642,53,False,False,1623.6492633555133,,,,,0.02319006362553977,,False
47119,Maury County,TN,2025,402749.9952132732,12,True,,,,,,6.595094339622642,53,False,False,2056.7148037213237,,,,,0.0060119863296415055,,False
47121,Meigs County,TN,2025,291957.4353743067,12,True,,,,,,6.595094339622642,53,False,False,1490.9328032961794,,,,,0.014048551819787702,,False
47123,Monroe County,TN,2025,275375.2725109271,12,True,,,,,,6.595094339622642,53,False,False,1406.2530261536103,,,,,0.00022972823687683608,,False
47125,Montgomery County,TN,2025,322668.64236499375,12,True,,,,,,6.595094339622642,53,False,False,1647.7650684944638,,,,,0.0026691414703927663,,False
47127,Moore County,TN,2025,335892.6472268331,12,True,,,,,,6.595094339622642,53,False,False,1715.2958118515814,,,,,0.036549896790195824,,False
47129,Morgan County,TN,2025,204686.99843497353,12,True,,,,,,6.595094339622642,53,False,False,1045.270725794957,,,,,-0.018413436929926807,,False
47131,Obion County,TN,2025,157311.5746291594,12,True,,,,,,6.595094339622642,53,False,False,803.3396602901836,,,,,0.024133231696003232,,False
47133,Overton County,TN,2025,245202.7019965309,12,True,,,,,,6.595094339622642,53,False,False,1252.1714043514232,,,,,0.03747425682883376,,False
47135,Perry County,TN,2025,172485.24067928948,12,True,,,,,,6.595094339622642,53,False,False,880.8266968213703,,,,,-0.029577356309041902,,False
47137,Pickett County,TN,2025,245533.66290903094,12,True,,,,,,6.595094339622642,53,False,False,1253.8615153788153,,,,,0.10705142970249137,,False
47139,Polk County,TN,2025,242807.70704226373,12,True,,,,,,6.595094339622642,53,False,False,1239.940934740441,,,,,0.015178269396819877,,False
47141,Putnam County,TN,2025,311798.38090398547,12,True,,,,,,6.595094339622642,53,False,False,1592.2541363209252,,,,,0.014456086012852642,,False
47143,Rhea County,TN,2025,256323.41792376092,12,True,,,,,,6.595094339622642,53,False,False,1308.9613270015816,,,,,0.019033227459671398,,False
47145,Roane County,TN,2025,287762.34633259947,12,True,,,,,,6.595094339622642,53,False,False,1469.5098316324818,,,,,0.014217911082087031,,False
47147,Robertson County,TN,2025,373280.61948123295,12,True,,,,,,6.595094339622642,53,False,False,1906.224171704264,,,,,-0.003270898212775042,,False
47149,Rutherford County,TN,2025,421804.53169228806,12,True,,,,,,6.595094339622642,53,False,False,2154.0201984332098,,,,,0.009394747285978777,,False
47151,Scott County,TN,2025,184135.55392472164,12,True,,,,,,6.595094339622642,53,False,False,940.3211027919584,,,,,-0.01807909101209726,,False
47153,Sequatchie County,TN,2025,280002.6108028496,12,True,,,,,,6.595094339622642,53,False,False,1429.8833558368763,,,,,0.026018167539223702,,False
47155,Sevier County,TN,2025,415605.6950252801,12,True,,,,,,6.595094339622642,53,False,False,2122.364731542057,,,,,-0.04964245473297735,,False
47157,Shelby County,TN,2025,223242.36112943626,12,True,,,,,,6.595094339622642,53,False,False,1140.0270003963033,,,,,-0.007892637850183681,,False
47159,Smith County,TN,2025,300801.11614044826,12,True,,,,,,6.595094339622642,53,False,False,1536.09463909329,,,,,-0.0028406523741695278,,False
47161,Stewart County,TN,2025,250725.85128677267,12,True,,,,,,6.595094339622642,53,False,False,1280.3763529384187,,,,,0.0016615667213981666,,False
47163,Sullivan County,TN,2025,261848.82586897354,12,True,,,,,,6.595094339622642,53,False,False,1337.1778098137054,,,,,0.02231682763894205,,False
47165,Sumner County,TN,2025,444914.5196078143,12,True,,,,,,6.595094339622642,53,False,False,2272.0354804309522,,,,,0.008701041327459746,,False
47167,Tipton County,TN,2025,271567.2919439667,12,True,,,,,,6.595094339622642,53,False,False,1386.8068930749412,,,,,0.010224137109616338,,False
47169,Trousdale County,TN,2025,348841.078645588,12,True,,,,,,6.595094339622642,53,False,False,1781.4192901891072,,,,,0.0002594487452172167,,False
47171,Unicoi County,TN,2025,240020.53190295197,12,True,,,,,,6.595094339622642,53,False,False,1225.70772694971,,,,,0.004319570371196679,,False
47173,Union County,TN,2025,288142.08794324734,12,True,,,,,,6.595094339622642,53,False,False,1471.4490500098645,,,,,0.025790319564105157,,False
47175,Van Buren County,TN,2025,228403.81971884207,12,True,,,,,,6.595094339622642,53,False,False,1166.38491080175,,,,,0.03747126833024628,,False
47177,Warren County,TN,2025,254519.2379400006,12,True,,,,,,6.595094339622642,53,False,False,1299.7479595893424,,,,,0.0070531466733025905,,False
47179,Washington County,TN,2025,307404.20831300475,12,True,,,,,,6.595094339622642,53,False,False,1569.814508945658,,,,,0.0074183901474838,,False
47181,Wayne County,TN,2025,173077.4811096316,12,True,,,,,,6.595094339622642,53,False,False,883.851078385427,,,,,0.015794648338479655,,False
47183,Weakley County,TN,2025,181918.3718037787,12,True,,,,,,6.595094339622642,53,False,False,928.9986661814384,,,,,0.04794630713732895,,False
47185,White County,TN,2025,267881.07484416064,12,True,,,,,,6.595094339622642,53,False,False,1367.9825668949072,,,,,0.035765046255186395,,False
47187,Williamson County,TN,2025,909765.456912898,12,True,,,,,,6.595094339622642,53,False,False,4645.879839566999,,,,,0.022189475875470377,,False
47189,Wilson County,TN,2025,503202.90883378015,12,True,,,,,,6.595094339622642,53,False,False,2569.695553505892,,,,,0.01225828115891514,,False
48001,Anderson County,TX,2025,217097.5224198744,12,True,,,,,,6.595094339622642,53,False,False,1108.6472837218357,,,,,-0.03414881129242098,,False
48003,Andrews County,TX,2025,247030.8838777245,12,True,,,,,,6.595094339622642,53,False,False,1261.5073417409567,,,,,0.04978023448972446,,False
48005,Angelina County,TX,2025,197784.57684759956,12,True,,,,,,6.595094339622642,53,False,False,1010.0222768092277,,,,,0.002463106845673746,,False
48007,Aransas County,TX,2025,317275.5069008498,12,True,,,,,,6.595094339622642,53,False,False,1620.2240587380131,,,,,-0.03053217262079666,,False
48009,Archer County,TX,2025,236227.86936754233,12,True,,,,,,6.595094339622642,53,False,False,1206.3398181357925,,,,,-0.02089068707976449,,False
48011,Armstrong County,TX,2025,228471.09869359946,12,True,,,,,,6.595094339622642,53,False,False,1166.728482906051,,,,,0.02255637127755583,,False
48013,Atascosa County,TX,2025,244718.9815457959,12,True,,,,,,6.595094339622642,53,False,False,1249.7011994508307,,,,,-0.013592660535794332,,False
48015,Austin County,TX,2025,431650.76902174327,12,True,,,,,,6.595094339622642,53,False,False,2204.3017684322867,,,,,0.014642852199435064,,False
48017,Bailey County,TX,2025,141386.82965231253,12,True,,,,,,6.595094339622642,53,False,False,722.0171050359647,,,,,-0.030556453903700542,,False
48019,Bandera County,TX,2025,346375.5563070386,12,True,,,,,,6.595094339622642,53,False,False,1768.8286598902412,,,,,-0.016229572176791662,,False
48021,Bastrop County,TX,2025,377518.6331545952,12,True,,,,,,6.595094339622642,53,False,False,1927.8663456681943,,,,,-0.018951644838580695,,False
48023,Baylor County,TX,2025,126889.54952640978,12,True,,,,,,6.595094339622642,53,False,False,647.9841540663443,,,,,-0.007352571939889363,,False
48025,Bee County,TX,2025,167998.74531441162,12,True,,,,,,6.595094339622642,53,False,False,857.9156067073031,,,,,-0.021421962136584094,,False
48027,Bell County,TX,2025,256989.53262085756,12,True,,,,,,6.595094339622642,53,False,False,1312.3629607068026,,,,,-0.022139050353289114,,False
48029,Bexar County,TX,2025,263177.15879059955,12,True,,,,,,6.595094339622642,53,False,False,1343.9611791908594,,,,,-0.029989737018884077,,False
48031,Blanco County,TX,2025,602367.6596047143,12,True,,,,,,6.595094339622642,53,False,False,3076.098069562816,,,,,-0.019491164513554815,,False
48035,Bosque County,TX,2025,244543.11627557696,12,True,,,,,,6.595094339622642,53,False,False,1248.803112029307,,,,,0.0022696023921757735,,False
48037,Bowie County,TX,2025,195129.33361277098,12,True,,,,,,6.595094339622642,53,False,False,996.4628028589897,,,,,-0.03645488960556953,,False
48039,Brazoria County,TX,2025,330748.6121221472,12,True,,,,,,6.595094339622642,53,False,False,1689.0268775836437,,,,,0.0046255382640392195,,False
48041,Brazos County,TX,2025,314522.8052639019,12,True,,,,,,6.595094339622642,53,False,False,1606.1668960459544,,,,,0.006505321058088098,,False
48043,Brewster County,TX,2025,230995.89427880442,12,True,,,,,,6.595094339622642,53,False,False,1179.6218026284052,,,,,0.017774213567503194,,False
48045,Briscoe County,TX,2025,152482.7949754954,12,True,,,,,,6.595094339622642,53,False,False,778.6806343047457,,,,,-0.0892549901247639,,False
48047,Brooks County,TX,2025,78360.15541092427,12,True,,,,,,6.595094339622642,53,False,False,400.16013301305713,,,,,0.01025261911339248,,False
48049,Brown County,TX,2025,189889.95738610663,12,True,,,,,,6.595094339622642,53,False,False,969.7069921185333,,,,,0.003051253642872176,,False
48051,Burleson County,TX,2025,274790.63772197644,12,True,,,,,,6.595094339622642,53,False,False,1403.2674841561022,,,,,-0.02124866570191486,,False
48053,Burnet County,TX,2025,442902.25911657565,12,True,,,,,,6.595094339622642,53,False,False,2261.7595127327213,,,,,-0.03351221501679902,,False
48055,Caldwell County,TX,2025,302901.1060521301,12,True,,,,,,6.595094339622642,53,False,False,1546.8186127502836,,,,,-0.03487984828150004,,False
48057,Calhoun County,TX,2025,205791.36146778756,12,True,,,,,,6.595094339622642,53,False,False,1050.9103529216272,,,,,-0.02051066882343522,,False
48059,Callahan County,TX,2025,212873.24686976778,12,True,,,,,,6.595094339622642,53,False,False,1087.0752659386906,,,,,0.03283962543819419,,False
48061,Cameron County,TX,2025,204510.9056432212,12,True,,,,,,6.595094339622642,53,False,False,1044.371476494075,,,,,0.005516425674661152,,False
48063,Camp County,TX,2025,220633.9494214628,12,True,,,,,,6.595094339622642,53,False,False,1126.7066800046218,,,,,-0.04617380100459745,,False
48065,Carson County,TX,2025,162105.3616486166,12,True,,,,,,6.595094339622642,53,False,False,827.8199901374471,,,,,-0.011090224056531484,,False
48067,Cass County,TX,2025,166357.85166255033,12,True,,,,,,6.595094339622642,53,False,False,849.536090120771,,,,,-0.03916276258631601,,False
48069,Castro County,TX,2025,146846.96408556637,12,True,,,,,,6.595094339622642,53,False,False,749.9002569978536,,,,,-0.09174011623890765,,False
48071,Chambers County,TX,2025,349130.71458253585,12,True,,,,,,6.595094339622642,53,False,False,1782.898367845942,,,,,0.02333920510120291,,False
48073,Cherokee County,TX,2025,234646.290566363,12,True,,,,,,6.595094339622642,53,False,False,1198.2632034311423,,,,,-0.020627711774954594,,False
48075,Childress County,TX,2025,114219.70216624536,12,True,,,,,,6.595094339622642,53,False,False,583.2833149943519,,,,,0.03942955793210001,,False
48077,Clay County,TX,2025,209719.127119065,12,True,,,,,,6.595094339622642,53,False,False,1070.968189933525,,,,,-0.005957756916139534,,False
48079,Cochran County,TX,2025,63306.41763878515,12,True,,,,,,6.595094339622642,53,False,False,323.2855316591773,,,,,-0.1603667966752902,,False
48081,Coke County,TX,2025,141027.04685408485,12,True,,,,,,6.595094339622642,53,False,False,720.1798098999406,,,,,-0.04847650691589922,,False
48083,Coleman County,TX,2025,145264.36480609805,12,True,,,,,,6.595094339622642,53,False,False,741.8184310385075,,,,,-0.08520352595891811,,False
48085,Collin County,TX,2025,515412.7175858912,12,True,,,,,,6.595094339622642,53,False,False,2632.0471232378172,,,,,-0.034919609509975635,,False
48087,Collingsworth County,TX,2025,88072.57540670726,12,True,,,,,,6.595094339622642,53,False,False,449.758340890646,,,,,-0.042394593998253405,,False
48089,Colorado County,TX,2025,309386.33956141316,12,True,,,,,,6.595094339622642,53,False,False,1579.936616282646,,,,,0.04385406898396149,,False
48091,Comal County,TX,2025,445367.79242670606,12,True,,,,,,6.595094339622642,53,False,False,2274.3501990599257,,,,,-0.02675043317381809,,False
48093,Comanche County,TX,2025,227249.91326524955,12,True,,,,,,6.595094339622642,53,False,False,1160.4922813457108,,,,,0.0203960798996492,,False
48095,Concho County,TX,2025,162281.1710532859,12,True,,,,,,6.595094339622642,53,False,False,828.7177922715609,,,,,0.049026540825353404,,False
48097,Cooke County,TX,2025,324098.9345149537,12,True,,,,,,6.595094339622642,53,False,False,1655.0691108865965,,,,,0.018166842727580956,,False
48099,Coryell County,TX,2025,226671.73201978815,12,True,,,,,,6.595094339622642,53,False,False,1157.5396955209867,,,,,-0.00857032009963099,,False
48101,Cottle County,TX,2025,55157.03394070015,12,True,,,,,,6.595094339622642,53,False,False,281.6692478795065,,,,,0.05841607972413132,,False
48103,Crane County,TX,2025,203441.07364709114,12,True,,,,,,6.595094339622642,53,False,False,1038.9081882753621,,,,,0.012797601286869131,,False
48105,Crockett County,TX,2025,127205.9584915167,12,True,,,,,,6.595094339622642,53,False,False,649.5999529746,,,,,-0.24260273186374126,,False
48107,Crosby County,TX,2025,89945.86228284682,12,True,,,,,,6.595094339622642,53,False,False,459.3246149950887,,,,,0.014774729433402856,,False
48109,Culberson County,TX,2025,126794.13870321719,12,True,,,,,,6.595094339622642,53,False,False,647.4969216521229,,,,,0.10052521344891274,,False
48111,Dallam County,TX,2025,149269.5848826422,12,True,,,,,,6.595094339622642,53,False,False,762.2718029106239,,,,,0.02303198251237326,,False
48113,Dallas County,TX,2025,320629.1862220915,12,True,,,,,,6.595094339622642,53,False,False,1637.3502213423833,,,,,-0.03688781576735112,,False
48115,Dawson County,TX,2025,109007.27926760324,12,True,,,,,,6.595094339622642,53,False,False,556.6651462387786,,,,,0.03182184149192646,,False
48117,Deaf Smith County,TX,2025,180576.51443678592,12,True,,,,,,6.595094339622642,53,False,False,922.1462318078137,,,,,0.020324978297957097,,False
48119,Delta County,TX,2025,206272.27650448508,12,True,,,,,,6.595094339622642,53,False,False,1053.366231474237,,,,,0.00379677618883445,,False
48121,Denton County,TX,2025,462274.6758824554,12,True,,,,,,6.595094339622642,53,False,False,2360.688219920279,,,,,-0.02876446523337428,,False
48123,De Witt County,TX,2025,224329.68361818627,12,True,,,,,,6.595094339622642,53,False,False,1145.5796069403382,,,,,-0.024484150331807508,,False
48125,Dickens County,TX,2025,99399.94340626709,12,True,,,,,,6.595094339622642,53,False,False,507.60356926751314,,,,,-0.01531561622035793,,False
48127,Dimmit County,TX,2025,127521.1621515586,12,True,,,,,,6.595094339622642,53,False,False,651.2095967772076,,,,,-0.09720341477590877,,False
48129,Donley County,TX,2025,116892.50028709928,12,True,,,,,,6.595094339622642,53,False,False,596.9324361063406,,,,,-0.060122711656682815,,False
48131,Duval County,TX,2025,83284.65880925297,12,True,,,,,,6.595094339622642,53,False,False,425.30798940211866,,,,,0.0034565691825707567,,False
48133,Eastland County,TX,2025,153101.89838288276,12,True,,,,,,6.595094339622642,53,False,False,781.84219646028,,,,,-0.06733573067219323,,False
48135,Ector County,TX,2025,244367.94865167167,12,True,,,,,,6.595094339622642,53,False,False,1247.9085872633218,,,,,0.04086314427438298,,False
48139,Ellis County,TX,2025,380986.56293897465,12,True,,,,,,6.595094339622642,53,False,False,1945.5759486739555,,,,,-0.010019894028481025,,False
48141,El Paso County,TX,2025,229151.89180327707,12,True,,,,,,6.595094339622642,53,False,False,1170.2050745474835,,,,,0.013438961395381144,,False
48143,Erath County,TX,2025,345146.42400370253,12,True,,,,,,6.595094339622642,53,False,False,1762.5518761930382,,,,,0.01701863956520855,,False
48145,Falls County,TX,2025,150861.4897365769,12,True,,,,,,6.595094339622642,53,False,False,770.401149448467,,,,,-0.0686355044769481,,False
48147,Fannin County,TX,2025,292983.0301478931,12,True,,,,,,6.595094339622642,53,False,False,1496.1701862347873,,,,,0.002154558342906343,,False
48149,Fayette County,TX,2025,470554.65737389383,12,True,,,,,,6.595094339622642,53,False,False,2402.9714246636136,,,,,0.014862562686905445,,False
48151,Fisher County,TX,2025,97907.34171684872,12,True,,,,,,6.595094339622642,53,False,False,499.98133208024615,,,,,-0.022220903842584572,,False
48153,Floyd County,TX,2025,82881.42019934325,12,True,,,,,,6.595094339622642,53,False,False,423.2487794001566,,,,,-0.06910281368459914,,False
48155,Foard County,TX,2025,77128.95549824335,12,True,,,,,,6.595094339622642,53,False,False,393.8727906993463,,,,,-0.18845325590243,,False
48157,Fort Bend County,TX,2025,390978.1385040641,12,True,,,,,,6.595094339622642,53,False,False,1996.599714338652,,,,,-0.010211663092720813,,False
48159,Franklin County,TX,2025,319330.9857745456,12,True,,,,,,6.595094339622642,53,False,False,1630.7207288274262,,,,,0.0010203970731050838,,False
48161,Freestone County,TX,2025,242946.01169198274,12,True,,,,,,6.595094339622642,53,False,False,1240.6472121430018,,,,,-0.03277902661497001,,False
48163,Frio County,TX,2025,160990.54873671176,12,True,,,,,,6.595094339622642,53,False,False,822.1269988362798,,,,,-0.0904120927184563,,False
48165,Gaines County,TX,2025,241494.26261965118,12,True,,,,,,6.595094339622642,53,False,False,1233.2335961433992,,,,,0.044155877994822124,,False
48167,Galveston County,TX,2025,327700.94977851707,12,True,,,,,,6.595094339622642,53,False,False,1673.4634453468068,,,,,-0.021525857777567214,,False
48169,Garza County,TX,2025,132964.26487962014,12,True,,,,,,6.595094339622642,53,False,False,679.0057732937385,,,,,-0.06624766286046557,,False
48171,Gillespie County,TX,2025,538892.3765476617,12,True,,,,,,6.595094339622642,53,False,False,2751.950196476662,,,,,-1.65467481725301e-05,,False
48173,Glasscock County,TX,2025,269004.2053320645,12,True,,,,,,6.595094339622642,53,False,False,1373.7180333838871,,,,,-0.061549889885743725,,False
48175,Goliad County,TX,2025,276188.483876885,12,True,,,,,,6.595094339622642,53,False,False,1410.405835277877,,,,,0.039045973832421144,,False
48177,Gonzales County,TX,2025,280102.1051590896,12,True,,,,,,6.595094339622642,53,False,False,1430.3914415421468,,,,,-0.044240879417094536,,False
48179,Gray County,TX,2025,106288.18116469409,12,True,,,,,,6.595094339622642,53,False,False,542.7795859967174,,,,,-0.02911706374343448,,False
48181,Grayson County,TX,2025,304115.78578141105,12,True,,,,,,6.595094339622642,53,False,False,1553.0215917960547,,,,,-0.016509593779803433,,False
48183,Gregg County,TX,2025,221120.10045397223,12,True,,,,,,6.595094339622642,53,False,False,1129.1892971052803,,,,,0.023388328524484248,,False
48185,Grimes County,TX,2025,355181.7999265361,12,True,,,,,,6.595094339622642,53,False,False,1813.7993162096934,,,,,0.03121439252898761,,False
48187,Guadalupe County,TX,2025,306091.51092237094,12,True,,,,,,6.595094339622642,53,False,False,1563.1109852008758,,,,,-0.033693263394783624,,False
48189,Hale County,TX,2025,125267.36881706712,12,True,,,,,,6.595094339622642,53,False,False,639.7001984639378,,,,,-0.05300209159107827,,False
48191,Hall County,TX,2025,79876.5941633646,12,True,,,,,,6.595094339622642,53,False,False,407.9040984212483,,,,,-0.05825440823448025,,False
48193,Hamilton County,TX,2025,273403.0178544521,12,True,,,,,,6.595094339622642,53,False,False,1396.181355397829,,,,,0.015665112483894683,,False
48195,Hansford County,TX,2025,128356.36673707346,12,True,,,,,,6.595094339622642,53,False,False,655.4747182063333,,,,,-0.03777499952475061,,False
48197,Hardeman County,TX,2025,73271.19607921195,12,True,,,,,,6.595094339622642,53,False,False,374.17245301935276,,,,,-0.06487349304941392,,False
48199,Hardin County,TX,2025,229058.21174012034,12,True,,,,,,6.595094339622642,53,False,False,1169.7266805685936,,,,,0.0017020276353101327,,False
48201,Harris County,TX,2025,288597.25006527425,12,True,,,,,,6.595094339622642,53,False,False,1473.7734167028307,,,,,-0.017616310243232736,,False
48203,Harrison County,TX,2025,215778.7701401712,12,True,,,,,,6.595094339622642,53,False,False,1101.912839604287,,,,,0.011667810396828182,,False
48205,Hartley County,TX,2025,242592.47767574774,12,True,,,,,,6.595094339622642,53,False,False,1238.8418275285972,,,,,0.03586077218027395,,False
48207,Haskell County,TX,2025,99816.22580021461,12,True,,,,,,6.595094339622642,53,False,False,509.72938968299707,,,,,-0.07548398657516053,,False
48209,Hays County,TX,2025,391977.2249303405,12,True,,,,,,6.595094339622642,53,False,False,2001.7017276658814,,,,,-0.05368980892401909,,False
48211,Hemphill County,TX,2025,161892.476592404,12,True,,,,,,6.595094339622642,53,False,False,826.7328545649895,,,,,-0.01065076764499251,,False
48213,Henderson County,TX,2025,277724.0286321127,12,True,,,,,,6.595094339622642,53,False,False,1418.2473689026783,,,,,-0.0032895799864627318,,False
48215,Hidalgo County,TX,2025,192454.08221768588,12,True,,,,,,6.595094339622642,53,False,False,982.8011536638509,,,,,-0.004079312712551686,,False
48217,Hill County,TX,2025,238498.69375230957,12,True,,,,,,6.595094339622642,53,False,False,1217.936188549972,,,,,-0.0028744591099956196,,False
48219,Hockley County,TX,2025,164982.6488222203,12,True,,,,,,6.595094339622642,53,False,False,842.5133711302253,,,,,-0.02377024905550873,,False
48221,Hood County,TX,2025,384518.1247724415,12,True,,,,,,6.595094339622642,53,False,False,1963.6105001065437,,,,,0.0009824553349919718,,False
48223,Hopkins County,TX,2025,272667.93299295445,12,True,,,,,,6.595094339622642,53,False,False,1392.427513226253,,,,,-0.03650632412564081,,False
48225,Houston County,TX,2025,212528.02163020908,12,True,,,,,,6.595094339622642,53,False,False,1085.3123115767853,,,,,-0.04100575325973821,,False
48227,Howard County,TX,2025,144521.293521337,12,True,,,,,,6.595094339622642,53,False,False,738.0238047697251,,,,,-0.11583091633904175,,False
48231,Hunt County,TX,2025,285528.40608767426,12,True,,,,,,6.595094339622642,53,False,False,1458.101816667929,,,,,-0.023649396805666578,,False
48233,Hutchinson County,TX,2025,117642.29048669858,12,True,,,,,,6.595094339622642,53,False,False,600.7613737141099,,,,,-0.005256895394429528,,False
48235,Irion County,TX,2025,270285.9600964744,12,True,,,,,,6.595094339622642,53,False,False,1380.263543079812,,,,,0.014114808534937184,,False
48237,Jack County,TX,2025,236034.5036182337,12,True,,,,,,6.595094339622642,53,False,False,1205.3523613912553,,,,,0.09193441382502332,,False
48239,Jackson County,TX,2025,219644.62070627316,12,True,,,,,,6.595094339622642,53,False,False,1121.6544961723173,,,,,-0.052031138801126864,,False
48241,Jasper County,TX,2025,199040.84403664258,12,True,,,,,,6.595094339622642,53,False,False,1016.4376296480675,,,,,-0.002527241780348133,,False
48243,Jeff Davis County,TX,2025,221363.62890608216,12,True,,,,,,6.595094339622642,53,False,False,1130.4329186534728,,,,,-0.1002013536530919,,False
48245,Jefferson County,TX,2025,171957.17530634007,12,True,,,,,,6.595094339622642,53,False,False,878.1300366530628,,,,,0.01466810199869939,,False
48247,Jim Hogg County,TX,2025,80787.17356333628,12,True,,,,,,6.595094339622642,53,False,False,412.55413480645973,,,,,-0.04676420730274211,,False
48249,Jim Wells County,TX,2025,152824.13791063265,12,True,,,,,,6.595094339622642,53,False,False,780.4237629855312,,,,,-0.032683927413534986,,False
48251,Johnson County,TX,2025,348925.7531887318,12,True,,,,,,6.595094339622642,53,False,False,1781.851695871173,,,,,-0.01630884394584209,,False
48253,Jones County,TX,2025,153631.72290111656,12,True,,,,,,6.595094339622642,53,False,False,784.5478400182617,,,,,-0.034254298953307116,,False
48255,Karnes County,TX,2025,210588.13180579784,12,True,,,,,,6.595094339622642,53,False,False,1075.405917618066,,,,,-0.028694619244655106,,False
48257,Kaufman County,TX,2025,312488.5531885132,12,True,,,,,,6.595094339622642,53,False,False,1595.7786243943629,,,,,-0.035588112201670796,,False
48259,Kendall County,TX,2025,604505.5606010619,12,True,,,,,,6.595094339622642,53,False,False,3087.0156429466474,,,,,-0.0048910839554763275,,False
48265,Kerr County,TX,2025,385240.2350254745,12,True,,,,,,6.595094339622642,53,False,False,1967.298085122021,,,,,-0.02511051821310961,,False
48267,Kimble County,TX,2025,336378.2630834876,12,True,,,,,,6.595094339622642,53,False,False,1717.7756959811247,,,,,0.03274030094248159,,False
48271,Kinney County,TX,2025,127984.27093136247,12,True,,,,,,6.595094339622642,53,False,False,653.5745444978191,,,,,-0.06559075443243778,,False
48273,Kleberg County,TX,2025,147340.73611752706,12,True,,,,,,6.595094339622642,53,False,False,752.421792093737,,,,,0.0060744710429043725,,False
48275,Knox County,TX,2025,96242.62799967475,12,True,,,,,,6.595094339622642,53,False,False,491.48017407462874,,,,,-0.017988223876558185,,False
48277,Lamar County,TX,2025,200557.36996994447,12,True,,,,,,6.595094339622642,53,False,False,1024.1820402609035,,,,,0.019858883922453163,,False
48279,Lamb County,TX,2025,115096.35379041314,12,True,,,,,,6.595094339622642,53,False,False,587.7600931310653,,,,,-0.029572119805550856,,False
48281,Lampasas County,TX,2025,314571.9126818265,12,True,,,,,,6.595094339622642,53,False,False,1606.4176718488557,,,,,0.012635949190670681,,False
48283,La Salle County,TX,2025,125476.24145805479,12,True,,,,,,6.595094339622642,53,False,False,640.7668439212127,,,,,-0.016980232328796085,,False
48285,Lavaca County,TX,2025,292482.39917978056,12,True,,,,,,6.595094339622642,53,False,False,1493.6136247560635,,,,,0.009806835309383866,,False
48287,Lee County,TX,2025,363476.39279862697,12,True,,,,,,6.595094339622642,53,False,False,1856.1571365787213,,,,,0.018429613258158728,,False
48289,Leon County,TX,2025,301085.9470304966,12,True,,,,,,6.595094339622642,53,False,False,1537.5491789196883,,,,,-0.01677362726912568,,False
48291,Liberty County,TX,2025,237215.7088260313,12,True,,,,,,6.595094339622642,53,False,False,1211.3843968126923,,,,,0.0026778751709355397,,False
48293,Limestone County,TX,2025,180545.41630960582,12,True,,,,,,6.595094339622642,53,False,False,921.9874236655431,,,,,0.026696657587609973,,False
48295,Lipscomb County,TX,2025,113731.52840885251,12,True,,,,,,6.595094339622642,53,False,False,580.7903684877072,,,,,-0.1521609165874348,,False
48297,Live Oak County,TX,2025,229736.1904730846,12,True,,,,,,6.595094339622642,53,False,False,1173.1889000925378,,,,,-0.012457012373633725,,False
48299,Llano County,TX,2025,478721.82536145876,12,True,,,,,,6.595094339622642,53,False,False,2444.6785270947603,,,,,-0.022498148715920596,,False
48303,Lubbock County,TX,2025,211773.04954412684,12,True,,,,,,6.595094339622642,53,False,False,1081.4569117399224,,,,,-0.01785902459475719,,False
48305,Lynn County,TX,2025,191183.80239018882,12,True,,,,,,6.595094339622642,53,False,False,976.3142427833224,,,,,-0.043484935248873424,,False
48307,McCulloch County,TX,2025,152988.74353625035,12,True,,,,,,6.595094339622642,53,False,False,781.2643510203105,,,,,-0.039067046664221006,,False
48309,McLennan County,TX,2025,264106.1000835937,12,True,,,,,,6.595094339622642,53,False,False,1348.7049838632277,,,,,-0.010853656319579685,,False
48313,Madison County,TX,2025,292515.88860641833,12,True,,,,,,6.595094339622642,53,False,False,1493.7846444962315,,,,,0.04367946393757105,,False
48315,Marion County,TX,2025,153665.2364650576,12,True,,,,,,6.595094339622642,53,False,False,784.7189830198811,,,,,-0.02176537591573613,,False
48317,Martin County,TX,2025,259096.46645651097,12,True,,,,,,6.595094339622642,53,False,False,1323.1223947521214,,,,,-0.0185203028761477,,False
48319,Mason County,TX,2025,369874.2123934206,12,True,,,,,,6.595094339622642,53,False,False,1888.8287453398395,,,,,0.0505665388165919,,False
48321,Matagorda County,TX,2025,206537.7749402423,12,True,,,,,,6.595094339622642,53,False,False,1054.722046668965,,,,,0.032801431445687035,,False
48323,Maverick County,TX,2025,227048.91355656987,12,True,,,,,,6.595094339622642,53,False,False,1159.465840423803,,,,,0.05549569923302733,,False
48325,Medina County,TX,2025,332423.98849489953,12,True,,,,,,6.595094339622642,53,False,False,1697.5824863449047,,,,,0.00673727707561933,,False
48327,Menard County,TX,2025,206122.72292409325,12,True,,,,,,6.595094339622642,53,False,False,1052.6025093975218,,,,,0.01205517167774417,,False
48329,Midland County,TX,2025,328504.60363836546,12,True,,,,,,6.595094339622642,53,False,False,1677.567447358632,,,,,0.045659849150180065,,False
48331,Milam County,TX,2025,272935.55359531165,12,True,,,,,,6.595094339622642,53,False,False,1393.7941656438586,,,,,-0.005551462382477612,,False
48333,Mills County,TX,2025,368859.1360331045,12,True,,,,,,6.595094339622642,53,False,False,1883.6450765577604,,,,,0.05366357270615629,,False
48335,Mitchell County,TX,2025,96719.01180757646,12,True,,,,,,6.595094339622642,53,False,False,493.9129130978676,,,,,-0.028238086954827768,,False
48337,Montague County,TX,2025,268359.18069904996,12,True,,,,,,6.595094339622642,53,False,False,1370.42409985874,,,,,-0.0062080078843175235,,False
48339,Montgomery County,TX,2025,352442.5196986776,12,True,,,,,,6.595094339622642,53,False,False,1799.810692340947,,,,,-0.0013238030191827788,,False
48341,Moore County,TX,2025,177621.15531743667,12,True,,,,,,6.595094339622642,53,False,False,907.0541624761687,,,,,0.05766967003303192,,False
48343,Morris County,TX,2025,170395.3914232439,12,True,,,,,,6.595094339622642,53,False,False,870.1545082340587,,,,,-0.022544374357364894,,False
48345,Motley County,TX,2025,115598.99976492317,12,True,,,,,,6.595094339622642,53,False,False,590.3269445999481,,,,,0.07895298714341892,,False
48347,Nacogdoches County,TX,2025,216264.22141896514,12,True,,,,,,6.595094339622642,53,False,False,1104.391883287583,,,,,0.015506763135664903,,False
48349,Navarro County,TX,2025,230718.7748126539,12,True,,,,,,6.595094339622642,53,False,False,1178.2066425658224,,,,,0.011306724469194007,,False
48351,Newton County,TX,2025,152769.54635233237,12,True,,,,,,6.595094339622642,53,False,False,780.1449814400344,,,,,-0.040464757335465285,,False
48353,Nolan County,TX,2025,118136.14621237111,12,True,,,,,,6.595094339622642,53,False,False,603.2833362068851,,,,,-0.07752951773399774,,False
48355,Nueces County,TX,2025,229355.84657890632,12,True,,,,,,6.595094339622642,53,False,False,1171.2466060467061,,,,,-0.023432409960211897,,False
48357,Ochiltree County,TX,2025,119473.93253108753,12,True,,,,,,6.595094339622642,53,False,False,610.1149810451747,,,,,-0.04165201798995455,,False
48361,Orange County,TX,2025,184971.23014248515,12,True,,,,,,6.595094339622642,53,False,False,944.5886326954211,,,,,0.022096386096530196,,False
48363,Palo Pinto County,TX,2025,289535.9604650295,12,True,,,,,,6.595094339622642,53,False,False,1478.567109064171,,,,,0.003670286674781087,,False
48365,Panola County,TX,2025,195872.57358802567,12,True,,,,,,6.595094339622642,53,False,False,1000.2582905759152,,,,,0.0001388279793816949,,False
48367,Parker County,TX,2025,449536.9130707634,12,True,,,,,,6.595094339622642,53,False,False,2295.6405584616487,,,,,0.0031164399218908123,,False
48369,Parmer County,TX,2025,158728.47077248737,12,True,,,,,,6.595094339622642,53,False,False,810.5752935811911,,,,,0.027701133123649635,,False
48371,Pecos County,TX,2025,160960.16992948056,12,True,,,,,,6.595094339622642,53,False,False,821.971864029838,,,,,-0.06597305931388586,,False
48373,Polk County,TX,2025,185211.45810375092,12,True,,,,,,6.595094339622642,53,False,False,945.8153996974703,,,,,0.0012892534125488186,,False
48375,Potter County,TX,2025,147057.40054241192,12,True,,,,,,6.595094339622642,53,False,False,750.9748883601898,,,,,0.0019963578002291094,,False
48377,Presidio County,TX,2025,229434.5374213838,12,True,,,,,,6.595094339622642,53,False,False,1171.6484548923033,,,,,-0.0054658230457858,,False
48379,Rains County,TX,2025,289875.18834341725,12,True,,,,,,6.595094339622642,53,False,False,1480.2994368298005,,,,,-0.0016311268295302606,,False
48381,Randall County,TX,2025,256271.0873374174,12,True,,,,,,6.595094339622642,53,False,False,1308.6940915133152,,,,,0.0038214204593196577,,False
48383,Reagan County,TX,2025,182283.49969715395,12,True,,,,,,6.595094339622642,53,False,False,930.86325700076,,,,,-0.014885372784753659,,False
48385,Real County,TX,2025,307974.35002515145,12,True,,,,,,6.595094339622642,53,False,False,1572.7260394572104,,,,,-0.020622808682984384,,False
48387,Red River County,TX,2025,166517.0973373061,12,True,,,,,,6.595094339622642,53,False,False,850.3493066088936,,,,,-0.04186583809963296,,False
48389,Reeves County,TX,2025,177230.87134160264,12,True,,,,,,6.595094339622642,53,False,False,905.0611076275201,,,,,-0.06984802873762785,,False
48391,Refugio County,TX,2025,149520.23164137496,12,True,,,,,,6.595094339622642,53,False,False,763.5517753633051,,,,,-0.03051283368577884,,False
48395,Robertson County,TX,2025,273085.8151832756,12,True,,,,,,6.595094339622642,53,False,False,1394.5615032877301,,,,,0.014604464968982267,,False
48397,Rockwall County,TX,2025,429260.8740756672,12,True,,,,,,6.595094339622642,53,False,False,2192.0973429242727,,,,,-0.022548779991243606,,False
48399,Runnels County,TX,2025,134906.57964873526,12,True,,,,,,6.595094339622642,53,False,False,688.9245506658157,,,,,-0.04601555881078512,,False
48401,Rusk County,TX,2025,207038.05461867992,12,True,,,,,,6.595094339622642,53,False,False,1057.2768142242041,,,,,0.005606566907276456,,False
48403,Sabine County,TX,2025,198306.9260223875,12,True,,,,,,6.595094339622642,53,False,False,1012.6897461903982,,,,,-0.028163116212646222,,False
48405,San Augustine County,TX,2025,169248.50234187813,12,True,,,,,,6.595094339622642,53,False,False,864.2977142429819,,,,,-0.07032616030090688,,False
48407,San Jacinto County,TX,2025,236224.9852597179,12,True,,,,,,6.595094339622642,53,False,False,1206.3250899239279,,,,,0.03561263809907689,,False
48409,San Patricio County,TX,2025,207566.27361283684,12,True,,,,,,6.595094339622642,53,False,False,1059.974258886653,,,,,-0.03176334812136028,,False
48411,San Saba County,TX,2025,217037.0415295772,12,True,,,,,,6.595094339622642,53,False,False,1108.33842725034,,,,,-0.08647270178489352,,False
48415,Scurry County,TX,2025,145592.3155102762,12,True,,,,,,6.595094339622642,53,False,False,743.493169899316,,,,,0.03096741466797681,,False
48417,Shackelford County,TX,2025,171473.221368567,12,True,,,,,,6.595094339622642,53,False,False,875.6586394091968,,,,,-0.08823344652299137,,False
48419,Shelby County,TX,2025,229677.41722442306,12,True,,,,,,6.595094339622642,53,False,False,1172.8887639981328,,,,,-0.008412808711845132,,False
48421,Sherman County,TX,2025,165521.92954335266,12,True,,,,,,6.595094339622642,53,False,False,845.2673044777033,,,,,0.006097235680387003,,False
48423,Smith County,TX,2025,273394.4591367658,12,True,,,,,,6.595094339622642,53,False,False,1396.1376487769091,,,,,0.0031441243842986744,,False
48425,Somervell County,TX,2025,418042.3859563037,12,True,,,,,,6.595094339622642,53,False,False,2134.8081291075264,,,,,0.013548566261624373,,False
48427,Starr County,TX,2025,139972.86339425112,12,True,,,,,,6.595094339622642,53,False,False,714.7964337275085,,,,,-0.030801068255951747,,False
48429,Stephens County,TX,2025,165988.57368914052,12,True,,,,,,6.595094339622642,53,False,False,847.6503061763218,,,,,-0.03885580180758319,,False
48431,Sterling County,TX,2025,172181.64366145546,12,True,,,,,,6.595094339622642,53,False,False,879.2763244107779,,,,,-0.02651381192869451,,False
48433,Stonewall County,TX,2025,99837.2133723991,12,True,,,,,,6.595094339622642,53,False,False,509.8365664698848,,,,,-0.03559189207824076,,False
48435,Sutton County,TX,2025,158478.45930090512,12,True,,,,,,6.595094339622642,53,False,False,809.2985653358411,,,,,-0.0700341530272216,,False
48437,Swisher County,TX,2025,100765.47653751842,12,True,,,,,,6.595094339622642,53,False,False,514.5769081611097,,,,,-0.05988083088320473,,False
48439,Tarrant County,TX,2025,330627.31306744966,12,True,,,,,,6.595094339622642,53,False,False,1688.4074422901886,,,,,-0.025620397697276864,,False
48441,Taylor County,TX,2025,210608.4954188232,12,True,,,,,,6.595094339622642,53,False,False,1075.5099080460345,,,,,0.007953440304969694,,False
48443,Terrell County,TX,2025,128711.250020244,12,True,,,,,,6.595094339622642,53,False,False,657.286993093397,,,,,-0.04974276979957648,,False
48445,Terry County,TX,2025,127235.15624873096,12,True,,,,,,6.595094339622642,53,False,False,649.74905653813,,,,,-0.03445339761901134,,False
48447,Throckmorton County,TX,2025,164433.71347300164,12,True,,,,,,6.595094339622642,53,False,False,839.7101346995804,,,,,-0.17686890381299136,,False
48449,Titus County,TX,2025,234099.52026427933,12,True,,,,,,6.595094339622642,53,False,False,1195.471023200488,,,,,-0.023154501340282185,,False
48451,Tom Green County,TX,2025,240113.58926356773,12,True,,,,,,6.595094339622642,53,False,False,1226.1829409868255,,,,,0.01631566718817412,,False
48453,Travis County,TX,2025,501186.8565364131,12,True,,,,,,6.595094339622642,53,False,False,2559.4002222722424,,,,,-0.061132197262453225,,False
48455,Trinity County,TX,2025,183083.0678499793,12,True,,,,,,6.595094339622642,53,False,False,934.9463946197417,,,,,-0.0027252951193946773,,False
48457,Tyler County,TX,2025,172976.52156587318,12,True,,,,,,6.595094339622642,53,False,False,883.3355104383313,,,,,-0.006670065453016405,,False
48459,Upshur County,TX,2025,239368.2434365411,12,True,,,,,,6.595094339622642,53,False,False,1222.3766993616064,,,,,0.010372190299543282,,False
48461,Upton County,TX,2025,118930.42828158464,12,True,,,,,,6.595094339622642,53,False,False,607.3394794955194,,,,,0.02099224363111496,,False
48463,Uvalde County,TX,2025,202255.9394057301,12,True,,,,,,6.595094339622642,53,False,False,1032.8560885420932,,,,,0.005291065722558219,,False
48465,Val Verde County,TX,2025,216527.2178984878,12,True,,,,,,6.595094339622642,53,False,False,1105.7349217958129,,,,,0.007442585511882038,,False
48467,Van Zandt County,TX,2025,283680.71206925606,12,True,,,,,,6.595094339622642,53,False,False,1448.6662370637239,,,,,-0.011520581073094172,,False
48469,Victoria County,TX,2025,219065.34375168147,12,True,,,,,,6.595094339622642,53,False,False,1118.696314913166,,,,,-0.002047410566321961,,False
48471,Walker County,TX,2025,275524.59865525004,12,True,,,,,,6.595094339622642,53,False,False,1407.015586787407,,,,,-0.0010714357707353184,,False
48473,Waller County,TX,2025,373094.0021729025,12,True,,,,,,6.595094339622642,53,False,False,1905.2711770792225,,,,,-0.0027900746814617516,,False
48475,Ward County,TX,2025,187647.75928091328,12,True,,,,,,6.595094339622642,53,False,False,958.2568069152161,,,,,-0.035069704028669824,,False
48477,Washington County,TX,2025,369888.43426162837,12,True,,,,,,6.595094339622642,53,False,False,1888.9013718506453,,,,,-0.009331038455683505,,False
48479,Webb County,TX,2025,213995.67473011572,12,True,,,,,,6.595094339622642,53,False,False,1092.8071443345286,,,,,0.016761980174934576,,False
48481,Wharton County,TX,2025,246660.82512600464,12,True,,,,,,6.595094339622642,53,False,False,1259.6175706125775,,,,,-0.0061209631239738105,,False
48483,Wheeler County,TX,2025,92104.61764703372,12,True,,,,,,6.595094339622642,53,False,False,470.34868493402155,,,,,-0.084402058578392,,False
48485,Wichita County,TX,2025,169734.43854218206,12,True,,,,,,6.595094339622642,53,False,False,866.779234264602,,,,,0.011989987558832516,,False
48487,Wilbarger County,TX,2025,103262.52415066598,12,True,,,,,,6.595094339622642,53,False,False,527.3285279068481,,,,,-0.10443802337515684,,False
48489,Willacy County,TX,2025,187882.90330614112,12,True,,,,,,6.595094339622642,53,False,False,959.4576118896186,,,,,-0.05368709019516538,,False
48491,Williamson County,TX,2025,429547.2712476806,12,True,,,,,,6.595094339622642,53,False,False,2193.5598812493495,,,,,-0.04021456316510108,,False
48493,Wilson County,TX,2025,406069.4729082105,12,True,,,,,,6.595094339622642,53,False,False,2073.6663096106904,,,,,0.013027972407207766,,False
48495,Winkler County,TX,2025,125668.63472954142,12,True,,,,,,6.595094339622642,53,False,False,641.7493345340143,,,,,0.0050062753025121864,,False
48497,Wise County,TX,2025,382438.9371961841,12,True,,,,,,6.595094339622642,53,False,False,1952.9927572918293,,,,,-0.009894358572240636,,False
48499,Wood County,TX,2025,278865.6676907455,12,True,,,,,,6.595094339622642,53,False,False,1424.077352714728,,,,,0.010505760043479695,,False
48501,Yoakum County,TX,2025,199646.77940042582,12,True,,,,,,6.595094339622642,53,False,False,1019.5319468364049,,,,,-0.027554836731960797,,False
48503,Young County,TX,2025,182821.8099582803,12,True,,,,,,6.595094339622642,53,False,False,933.61223452084,,,,,-0.006616591151005213,,False
48505,Zapata County,TX,2025,133245.81279316294,12,True,,,,,,6.595094339622642,53,False,False,680.4435480140925,,,,,-0.06211391931843757,,False
48507,Zavala County,TX,2025,83331.30078406553,12,True,,,,,,6.595094339622642,53,False,False,425.54617497930525,,,,,-0.018347049064009413,,False
49001,Beaver County,UT,2025,298041.69656846573,12,True,,,,,,6.595094339622642,53,False,False,1522.003170065787,,,,,0.04958031138254948,,False
49003,Box Elder County,UT,2025,446647.5611809779,12,True,,,,,,6.595094339622642,53,False,False,2280.8855668402707,,,,,0.024293397478843293,,False
49005,Cache County,UT,2025,463380.70424257376,12,True,,,,,,6.595094339622642,53,False,False,2366.3363513383474,,,,,0.015751372610196768,,False
49007,Carbon County,UT,2025,274509.0033234723,12,True,,,,,,6.595094339622642,53,False,False,1401.8292677848422,,,,,0.05875397587533948,,False
49009,Daggett County,UT,2025,354446.38172169635,12,True,,,,,,6.595094339622642,53,False,False,1810.0437717607876,,,,,0.06649283122636906,,False
49011,Davis County,UT,2025,551400.0105776411,12,True,,,,,,6.595094339622642,53,False,False,2815.822664197896,,,,,0.024843330491429505,,False
49013,Duchesne County,UT,2025,361243.12990295916,12,True,,,,,,6.595094339622642,53,False,False,1844.752580619163,,,,,0.04813765406118575,,False
49015,Emery County,UT,2025,285552.4063817181,12,True,,,,,,6.595094339622642,53,False,False,1458.2243784572283,,,,,0.11905880603090302,,False
49017,Garfield County,UT,2025,236372.3069938491,12,True,,,,,,6.595094339622642,53,False,False,1207.0774146789836,,,,,0.026409037574853356,,False
49019,Grand County,UT,2025,602180.3452097189,12,True,,,,,,6.595094339622642,53,False,False,3075.141515140182,,,,,-0.002007279100322168,,False
49021,Iron County,UT,2025,403278.02309550485,12,True,,,,,,6.595094339622642,53,False,False,2059.411272436583,,,,,0.023169593396313415,,False
49023,Juab County,UT,2025,445126.4994794587,12,True,,,,,,6.595094339622642,53,False,False,2273.117993516697,,,,,0.03335988247846733,,False
49025,Kane County,UT,2025,418277.26171483466,12,True,,,,,,6.595094339622642,53,False,False,2136.007564130114,,,,,0.013005905047921207,,False
49027,Millard County,UT,2025,334496.20402103564,12,True,,,,,,6.595094339622642,53,False,False,1708.164625140086,,,,,0.060875723313980945,,False
49029,Morgan County,UT,2025,735382.3966062904,12,True,,,,,,6.595094339622642,53,False,False,3755.3615877644024,,,,,0.02036167846002912,,False
49033,Rich County,UT,2025,583519.4321996284,12,True,,,,,,6.595094339622642,53,False,False,2979.8462289950266,,,,,0.05015532719666527,,False
49035,Salt Lake County,UT,2025,570016.1171658222,12,True,,,,,,6.595094339622642,53,False,False,2910.8891383446958,,,,,0.021644182142601665,,False
49037,San Juan County,UT,2025,357825.51114077587,12,True,,,,,,6.595094339622642,53,False,False,1827.299899836545,,,,,0.013983708273821005,,False
49039,Sanpete County,UT,2025,371706.88331056153,12,True,,,,,,6.595094339622642,53,False,False,1898.1876067934252,,,,,0.028441426456139896,,False
49041,Sevier County,UT,2025,330595.3761267769,12,True,,,,,,6.595094339622642,53,False,False,1688.2443505969597,,,,,0.03860320634216641,,False
49043,Summit County,UT,2025,1273648.153190248,12,True,,,,,,6.595094339622642,53,False,False,6504.11183744783,,,,,0.01834037224873164,,False
49045,Tooele County,UT,2025,484393.56299415434,12,True,,,,,,6.595094339622642,53,False,False,2473.6422685984967,,,,,0.008160773075104766,,False
49047,Uintah County,UT,2025,345476.10971112055,12,True,,,,,,6.595094339622642,53,False,False,1764.2354751578573,,,,,0.04545477327853864,,False
49049,Utah County,UT,2025,540020.0065055647,12,True,,,,,,6.595094339622642,53,False,False,2757.7086403130434,,,,,0.019988375316100093,,False
49051,Wasatch County,UT,2025,938676.7677317256,12,True,,,,,,6.595094339622642,53,False,False,4793.520613403839,,,,,0.009822348660603053,,False
49053,Washington County,UT,2025,535787.7357333443,12,True,,,,,,6.595094339622642,53,False,False,2736.095793499791,,,,,0.005717895836330422,,False
49055,Wayne County,UT,2025,450471.3479005876,12,True,,,,,,6.595094339622642,53,False,False,2300.412416861286,,,,,0.011974420740402225,,False
49057,Weber County,UT,2025,461136.40809448855,12,True,,,,,,6.595094339622642,53,False,False,2354.875452104178,,,,,0.02247414766719147,,False
50001,Addison County,VT,2025,439117.15752014186,12,True,,,,,,6.595094339622642,53,False,False,2242.4302152044816,,,,,-0.016281420978656702,,False
50003,Bennington County,VT,2025,380768.8522934684,12,True,,,,,,6.595094339622642,53,False,False,1944.4641703676552,,,,,-0.034860154910011154,,False
50005,Caledonia County,VT,2025,300476.8485638224,12,True,,,,,,6.595094339622642,53,False,False,1534.4387087813354,,,,,-0.03092019679183966,,False
50007,Chittenden County,VT,2025,521019.8655288256,12,True,,,,,,6.595094339622642,53,False,False,2660.6810259515387,,,,,0.0043153216334610445,,False
50009,Essex County,VT,2025,231521.37087173143,12,True,,,,,,6.595094339622642,53,False,False,1182.3052427290306,,,,,-0.02342714803337298,,False
50011,Franklin County,VT,2025,371847.6506292345,12,True,,,,,,6.595094339622642,53,False,False,1898.9064602549665,,,,,-0.009929274295441437,,False
50013,Grand Isle County,VT,2025,458201.5386045694,12,True,,,,,,6.595094339622642,53,False,False,2339.8880167257857,,,,,-0.014638714439789258,,False
50015,Lamoille County,VT,2025,498571.2407587269,12,True,,,,,,6.595094339622642,53,False,False,2546.043113011532,,,,,-0.03848974534735805,,False
50017,Orange County,VT,2025,336047.7955572452,12,True,,,,,,6.595094339622642,53,False,False,1716.0881045188032,,,,,-0.04382065918342215,,False
50019,Orleans County,VT,2025,290337.1688588175,12,True,,,,,,6.595094339622642,53,False,False,1482.6586228666652,,,,,-0.009831701647834978,,False
50021,Rutland County,VT,2025,310502.81702641834,12,True,,,,,,6.595094339622642,53,False,False,1585.6381079216003,,,,,-0.010195866799977193,,False
50023,Washington County,VT,2025,397066.606013207,12,True,,,,,,6.595094339622642,53,False,False,2027.6915614072025,,,,,-0.005553039753597111,,False
50025,Windham County,VT,2025,382576.3235691432,12,True,,,,,,6.595094339622642,53,False,False,1953.6943453500608,,,,,-0.02912380129148895,,False
50027,Windsor County,VT,2025,419614.99451372796,12,True,,,,,,6.595094339622642,53,False,False,2142.838935659866,,,,,-0.004818194188034641,,False
51001,Accomack County,VA,2025,243796.90364115662,12,True,,,,,,6.595094339622642,53,False,False,1244.9924438972728,,,,,-0.0007325180801394104,,False
51003,Albemarle County,VA,2025,553024.7612601827,12,True,,,,,,6.595094339622642,53,False,False,2824.1197438275813,,,,,0.034707032463629606,,False
51005,Alleghany County,VA,2025,183480.57554270417,12,True,,,,,,6.595094339622642,53,False,False,936.9763386692441,,,,,0.043300821229659725,,False
51007,Amelia County,VA,2025,316258.879779728,12,True,,,,,,6.595094339622642,53,False,False,1615.0324707188286,,,,,0.0802293371549847,,False
51009,Amherst County,VA,2025,264789.05924512603,12,True,,,,,,6.595094339622642,53,False,False,1352.1926368354316,,,,,0.014258629091979058,,False
51011,Appomattox County,VA,2025,274113.1835033734,12,True,,,,,,6.595094339622642,53,False,False,1399.8079431584508,,,,,0.02615375011085419,,False
51013,Arlington County,VA,2025,817654.1611697582,12,True,,,,,,6.595094339622642,53,False,False,4175.497051742139,,,,,0.02092142278189324,,False
51015,Augusta County,VA,2025,352185.5567926648,12,True,,,,,,6.595094339622642,53,False,False,1798.4984653537715,,,,,0.047018464348333566,,False
51017,Bath County,VA,2025,217397.0913745045,12,True,,,,,,6.595094339622642,53,False,False,1110.1770861080452,,,,,0.011712976448242651,,False
51019,Bedford County,VA,2025,341305.59195067413,12,True,,,,,,6.595094339622642,53,False,False,1742.9379811316917,,,,,0.027123258782643767,,False
51021,Bland County,VA,2025,173030.78048077607,12,True,,,,,,6.595094339622642,53,False,False,883.6125932808911,,,,,0.03227492675589927,,False
51023,Botetourt County,VA,2025,305546.3965986351,12,True,,,,,,6.595094339622642,53,False,False,1560.3272615195033,,,,,0.024732978516544213,,False
51025,Brunswick County,VA,2025,143330.5918081604,12,True,,,,,,6.595094339622642,53,False,False,731.9432737469751,,,,,-0.08676271619712816,,False
51027,Buchanan County,VA,2025,84627.23516337758,12,True,,,,,,6.595094339622642,53,False,False,432.1640954119823,,,,,-0.09119668744426512,,False
51029,Buckingham County,VA,2025,246773.21508956296,12,True,,,,,,6.595094339622642,53,False,False,1260.1915100404792,,,,,-0.00238542512133455,,False
51031,Campbell County,VA,2025,270518.37912691437,12,True,,,,,,6.595094339622642,53,False,False,1381.4504323814974,,,,,0.028800543624938557,,False
51033,Caroline County,VA,2025,351601.7135662961,12,True,,,,,,6.595094339622642,53,False,False,1795.5169656120047,,,,,0.01739786858688297,,False
51035,Carroll County,VA,2025,180445.6974700262,12,True,,,,,,6.595094339622642,53,False,False,921.4781915959942,,,,,-0.07111171296702767,,False
51036,Charles City County,VA,2025,280716.69543982303,12,True,,,,,,6.595094339622642,53,False,False,1433.5299566101316,,,,,0.02204441874778884,,False
51037,Charlotte County,VA,2025,185263.9884422363,12,True,,,,,,6.595094339622642,53,False,False,946.0836552557357,,,,,0.02345335128665682,,False
51041,Chesterfield County,VA,2025,407356.700529069,12,True,,,,,,6.595094339622642,53,False,False,2080.239767425822,,,,,0.015995133547165752,,False
51043,Clarke County,VA,2025,559106.4853677562,12,True,,,,,,6.595094339622642,53,False,False,2855.177154511277,,,,,0.030650441649933136,,False
51045,Craig County,VA,2025,226000.25958267032,12,True,,,,,,6.595094339622642,53,False,False,1154.1107015591624,,,,,0.05418733755947458,,False
51047,Culpeper County,VA,2025,483026.95035287814,12,True,,,,,,6.595094339622642,53,False,False,2466.6634169940985,,,,,0.038163750984065326,,False
51049,Cumberland County,VA,2025,271344.79863773106,12,True,,,,,,6.595094339622642,53,False,False,1385.6706912571824,,,,,0.040415294044265915,,False
51051,Dickenson County,VA,2025,106189.65750426683,12,True,,,,,,6.595094339622642,53,False,False,542.2764573230342,,,,,0.041272097245695694,,False
51053,Dinwiddie County,VA,2025,288980.3843765566,12,True,,,,,,6.595094339622642,53,False,False,1475.7299605121252,,,,,0.032814163769737226,,False
51057,Essex County,VA,2025,294914.9918609215,12,True,,,,,,6.595094339622642,53,False,False,1506.0360938763358,,,,,0.012432107205087917,,False
51059,Fairfax County,VA,2025,771695.5150262656,12,True,,,,,,6.595094339622642,53,False,False,3940.8010144839463,,,,,0.02411193247899046,,False
51061,Fauquier County,VA,2025,638475.1364000997,12,True,,,,,,6.595094339622642,53,False,False,3260.487350587557,,,,,0.04785774972537249,,False
51063,Floyd County,VA,2025,254130.7393261462,12,True,,,,,,6.595094339622642,53,False,False,1297.764022010606,,,,,0.004375194830748441,,False
51065,Fluvanna County,VA,2025,376302.3755380845,12,True,,,,,,6.595094339622642,53,False,False,1921.6553088593876,,,,,0.02516567108224166,,False
51067,Franklin County,VA,2025,357448.60323709203,12,True,,,,,,6.595094339622642,53,False,False,1825.375152290029,,,,,0.039251255700907706,,False
51069,Frederick County,VA,2025,427755.0875891999,12,True,,,,,,6.595094339622642,53,False,False,2184.40777521535,,,,,0.02525703256233891,,False
51071,Giles County,VA,2025,195983.30893538438,12,True,,,,,,6.595094339622642,53,False,False,1000.8237804105888,,,,,0.015909269225619305,,False
51073,Gloucester County,VA,2025,365889.7877597602,12,True,,,,,,6.595094339622642,53,False,False,1868.4815691120118,,,,,0.0419075216400564,,False
51075,Goochland County,VA,2025,571579.7262904414,12,True,,,,,,6.595094339622642,53,False,False,2918.8739876856243,,,,,0.04040186590038797,,False
51077,Grayson County,VA,2025,197369.5498881192,12,True,,,,,,6.595094339622642,53,False,False,1007.9028674941397,,,,,0.02688569785134498,,False
51079,Greene County,VA,2025,379914.3806997743,12,True,,,,,,6.595094339622642,53,False,False,1940.1006585191221,,,,,0.04220205495851759,,False
51081,Greensville County,VA,2025,163117.40312881957,12,True,,,,,,6.595094339622642,53,False,False,832.9881607620332,,,,,0.0362764289633517,,False
51083,Halifax County,VA,2025,140151.19026227747,12,True,,,,,,6.595094339622642,53,False,False,715.7070917380116,,,,,0.022130059563954863,,False
51085,Hanover County,VA,2025,447712.1736537409,12,True,,,,,,6.595094339622642,53,False,False,2286.3222006304172,,,,,0.025426462217160495,,False
51087,Henrico County,VA,2025,398380.6588236071,12,True,,,,,,6.595094339622642,53,False,False,2034.4020068451725,,,,,0.023855273590235315,,False
51089,Henry County,VA,2025,151233.2485557172,12,True,,,,,,6.595094339622642,53,False,False,772.2996022748536,,,,,-0.024332879212892844,,False
51091,Highland County,VA,2025,284813.574937202,12,True,,,,,,6.595094339622642,53,False,False,1454.4514036901237,,,,,0.03698708613360191,,False
51093,Isle of Wight County,VA,2025,376640.7954328049,12,True,,,,,,6.595094339622642,53,False,False,1923.3835105120695,,,,,0.00934564988683717,,False
51095,James City County,VA,2025,482799.46155594126,12,True,,,,,,6.595094339622642,53,False,False,2465.501704810606,,,,,0.03347660624885429,,False
51097,King and Queen County,VA,2025,286817.9445367023,12,True,,,,,,6.595094339622642,53,False,False,1464.687075139948,,,,,0.08063541194406798,,False
51099,King George County,VA,2025,471028.69512564735,12,True,,,,,,6.595094339622642,53,False,False,2405.3921831319976,,,,,0.02813292332005579,,False
51101,King William County,VA,2025,347039.93249827455,12,True,,,,,,6.595094339622642,53,False,False,1772.2214156046925,,,,,0.026994993021655977,,False
51103,Lancaster County,VA,2025,379232.31900224177,12,True,,,,,,6.595094339622642,53,False,False,1936.6175886071692,,,,,0.041107666623479755,,False
51105,Lee County,VA,2025,103145.95178183001,12,True,,,,,,6.595094339622642,53,False,False,526.7332302791898,,,,,0.07410804957774064,,False
51107,Loudoun County,VA,2025,795196.0709680252,12,True,,,,,,6.595094339622642,53,False,False,4060.810801884449,,,,,0.031083490684568282,,False
51109,Louisa County,VA,2025,415201.9956404381,12,True,,,,,,6.595094339622642,53,False,False,2120.3031685105834,,,,,0.04175625321604737,,False
51111,Lunenburg County,VA,2025,146043.6597681407,12,True,,,,,,6.595094339622642,53,False,False,745.7980399868571,,,,,0.004230370202262357,,False
51113,Madison County,VA,2025,420013.5042229287,12,True,,,,,,6.595094339622642,53,False,False,2144.8739966855173,,,,,0.03291512771748528,,False
51115,Mathews County,VA,2025,349770.45352772804,12,True,,,,,,6.595094339622642,53,False,False,1786.1653090619116,,,,,0.019645683551245963,,False
51117,Mecklenburg County,VA,2025,206904.03045459485,12,True,,,,,,6.595094339622642,53,False,False,1056.592395886262,,,,,0.02282475545939633,,False
51119,Middlesex County,VA,2025,382391.60949003557,12,True,,,,,,6.595094339622642,53,False,False,1952.751069905066,,,,,0.03972934153307994,,False
51121,Montgomery County,VA,2025,338423.57480822643,12,True,,,,,,6.595094339622642,53,False,False,1728.2204457079808,,,,,0.02205226972179153,,False
51125,Nelson County,VA,2025,357176.6442120609,12,True,,,,,,6.595094339622642,53,False,False,1823.9863449419597,,,,,0.01710631711281585,,False
51127,New Kent County,VA,2025,432859.91424052394,12,True,,,,,,6.595094339622642,53,False,False,2210.476484511422,,,,,0.03625589526309203,,False
51131,Northampton County,VA,2025,297669.2092310898,12,True,,,,,,6.595094339622642,53,False,False,1520.1009969308768,,,,,0.03012511574253618,,False
51133,Northumberland County,VA,2025,366307.43689185474,12,True,,,,,,6.595094339622642,53,False,False,1870.6143690200176,,,,,0.006058808129998816,,False
51135,Nottoway County,VA,2025,178839.9783217567,12,True,,,,,,6.595094339622642,53,False,False,913.2782998961424,,,,,0.08995159252582074,,False
51137,Orange County,VA,2025,380359.1112121194,12,True,,,,,,6.595094339622642,53,False,False,1942.371754333592,,,,,0.02786673145599905,,False
51139,Page County,VA,2025,302788.6969119966,12,True,,,,,,6.595094339622642,53,False,False,1546.2445753937748,,,,,0.028689964575141502,,False
51141,Patrick County,VA,2025,183596.58305044463,12,True,,,,,,6.595094339622642,53,False,False,937.568751732803,,,,,-0.045938792563828934,,False
51143,Pittsylvania County,VA,2025,191594.9002396257,12,True,,,,,,6.595094339622642,53,False,False,978.4135873960197,,,,,0.006597856904745125,,False
51145,Powhatan County,VA,2025,487815.6952933075,12,True,,,,,,6.595094339622642,53,False,False,2491.1179985640156,,,,,0.053885841277759194,,False
51147,Prince Edward County,VA,2025,231396.22584858458,12,True,,,,,,6.595094339622642,53,False,False,1181.6661673105893,,,,,-0.02251896302498302,,False
51149,Prince George County,VA,2025,349918.13063583145,12,True,,,,,,6.595094339622642,53,False,False,1786.9194485976457,,,,,0.03305560379286332,,False
51153,Prince William County,VA,2025,583738.7860205601,12,True,,,,,,6.595094339622642,53,False,False,2980.966398470197,,,,,0.030045854586489673,,False
51155,Pulaski County,VA,2025,215641.38316718081,12,True,,,,,,6.595094339622642,53,False,False,1101.211248481888,,,,,0.00443991495373508,,False
51157,Rappahannock County,VA,2025,563088.077893217,12,True,,,,,,6.595094339622642,53,False,False,2875.5098680726137,,,,,0.012482155741662115,,False
51159,Richmond County,VA,2025,240571.431162699,12,True,,,,,,6.595094339622642,53,False,False,1228.5209924403296,,,,,0.03577400480271686,,False
51161,Roanoke County,VA,2025,331360.053741746,12,True,,,,,,6.595094339622642,53,False,False,1692.1493134510213,,,,,0.03924139922965275,,False
51163,Rockbridge County,VA,2025,328786.005208541,12,True,,,,,,6.595094339622642,53,False,False,1679.0044747504364,,,,,0.029604449050430803,,False
51165,Rockingham County,VA,2025,356434.0963611749,12,True,,,,,,6.595094339622642,53,False,False,1820.1943916817738,,,,,0.028434753269543256,,False
51167,Russell County,VA,2025,138290.97442626735,12,True,,,,,,6.595094339622642,53,False,False,706.2075672351923,,,,,-0.02744955396818083,,False
51169,Scott County,VA,2025,165232.7689915951,12,True,,,,,,6.595094339622642,53,False,False,843.7906544602724,,,,,0.028122947843926882,,False
51171,Shenandoah County,VA,2025,340428.8304091397,12,True,,,,,,6.595094339622642,53,False,False,1738.4606416823083,,,,,0.016080108472176224,,False
51173,Smyth County,VA,2025,157701.52419706594,12,True,,,,,,6.595094339622642,53,False,False,805.331007425007,,,,,0.029998413553657732,,False
51175,Southampton County,VA,2025,272105.87264013937,12,True,,,,,,6.595094339622642,53,False,False,1389.5572516199,,,,,0.021407089452445405,,False
51177,Spotsylvania County,VA,2025,457540.843158222,12,True,,,,,,6.595094339622642,53,False,False,2336.5140573926897,,,,,0.02575225075093912,,False
51179,Stafford County,VA,2025,541585.992147861,12,True,,,,,,6.595094339622642,53,False,False,2765.7056257660674,,,,,0.03519284044983406,,False
51181,Surry County,VA,2025,281674.2677440278,12,True,,,,,,6.595094339622642,53,False,False,1438.4199706563104,,,,,0.009075713192244317,,False
51183,Sussex County,VA,2025,175612.4124376089,12,True,,,,,,6.595094339622642,53,False,False,896.7961580890457,,,,,-0.031821705696570945,,False
51185,Tazewell County,VA,2025,142651.93285947476,12,True,,,,,,6.595094339622642,53,False,False,728.4775805799261,,,,,0.005869408387880082,,False
51187,Warren County,VA,2025,390742.5965651739,12,True,,,,,,6.595094339622642,53,False,False,1995.396877347043,,,,,0.0443808382545825,,False
51191,Washington County,VA,2025,255883.8059519837,12,True,,,,,,6.595094339622642,53,False,False,1306.7163699289727,,,,,0.023926105748119486,,False
51193,Westmoreland County,VA,2025,314478.77362026833,12,True,,,,,,6.595094339622642,53,False,False,1605.9420405912813,,,,,0.027611035299335285,,False
51195,Wise County,VA,2025,131774.86454068546,12,True,,,,,,6.595094339622642,53,False,False,672.9318879710515,,,,,0.02584739344622311,,False
51197,Wythe County,VA,2025,207198.4345942152,12,True,,,,,,6.595094339622642,53,False,False,1058.0958232219057,,,,,0.024513036666852894,,False
51199,York County,VA,2025,460460.9372716196,12,True,,,,,,6.595094339622642,53,False,False,2351.426039671185,,,,,0.030833613865274723,,False
51510,Alexandria City,VA,2025,674335.8310998313,12,True,,,,,,6.595094339622642,53,False,False,3443.6163947520695,,,,,0.021786385664328556,,False
51520,Bristol City,VA,2025,184414.61273652336,12,True,,,,,,6.595094339622642,53,False,False,941.746166469582,,,,,0.0108492498401207,,False
51530,Buena Vista City,VA,2025,181069.85493769232,12,True,,,,,,6.595094339622642,53,False,False,924.6655632132733,,,,,0.04980369974694865,,False
51540,Charlottesville City,VA,2025,495622.64273773227,12,True,,,,,,6.595094339622642,53,False,False,2530.985570436537,,,,,0.025990270155477502,,False
51550,Chesapeake City,VA,2025,416160.5892338646,12,True,,,,,,6.595094339622642,53,False,False,2125.1983979526317,,,,,0.03633185738076361,,False
51570,Colonial Heights City,VA,2025,285243.3096262071,12,True,,,,,,6.595094339622642,53,False,False,1456.6459206536347,,,,,0.014577106221648428,,False
51580,Covington City,VA,2025,102857.06675218721,12,True,,,,,,6.595094339622642,53,False,False,525.2579872646612,,,,,0.06249024021204086,,False
51590,Danville City,VA,2025,136739.72919420604,12,True,,,,,,6.595094339622642,53,False,False,698.2858563204768,,,,,0.014372105432566507,,False
51595,Emporia City,VA,2025,152744.18013068775,12,True,,,,,,6.595094339622642,53,False,False,780.0154442974122,,,,,-0.00974918197938135,,False
51600,Fairfax City,VA,2025,772959.7581125536,12,True,,,,,,6.595094339622642,53,False,False,3947.2570976669995,,,,,0.037445580908162635,,False
51610,Falls Church City,VA,2025,1126853.2230382822,12,True,,,,,,6.595094339622642,53,False,False,5754.477301028013,,,,,0.06086630465547627,,False
51620,Franklin City,VA,2025,231706.54342897536,12,True,,,,,,6.595094339622642,53,False,False,1183.2508594745377,,,,,0.05386477957916891,,False
51630,Fredericksburg City,VA,2025,469387.57288237335,12,True,,,,,,6.595094339622642,53,False,False,2397.011499202578,,,,,0.021450816225888847,,False
51640,Galax City,VA,2025,167280.22453998623,12,True,,,,,,6.595094339622642,53,False,False,854.246352005613,,,,,0.08109632827264868,,False
51650,Hampton City,VA,2025,281113.94914923504,12,True,,,,,,6.595094339622642,53,False,False,1435.5586036484717,,,,,0.006910464267034566,,False
51660,Harrisonburg City,VA,2025,319568.56824124407,12,True,,,,,,6.595094339622642,53,False,False,1631.9339861388376,,,,,0.038632370624095635,,False
51670,Hopewell City,VA,2025,216365.6640146326,12,True,,,,,,6.595094339622642,53,False,False,1104.9099180255516,,,,,0.009667117598560981,,False
51678,Lexington City,VA,2025,345969.1923241736,12,True,,,,,,6.595094339622642,53,False,False,1766.7534896129207,,,,,0.06298682651246335,,False
51680,Lynchburg City,VA,2025,248108.892124829,12,True,,,,,,6.595094339622642,53,False,False,1267.012383445996,,,,,0.016040391850264735,,False
51683,Manassas City,VA,2025,497753.2970039561,12,True,,,,,,6.595094339622642,53,False,False,2541.866137098329,,,,,0.03568291840714566,,False
51685,Manassas Park City,VA,2025,458968.80353064084,12,True,,,,,,6.595094339622642,53,False,False,2343.8061921462263,,,,,0.03281286630692826,,False
51690,Martinsville City,VA,2025,114569.3740509476,12,True,,,,,,6.595094339622642,53,False,False,585.0689769440967,,,,,0.10720421383623946,,False
51700,Newport News City,VA,2025,290237.7643934558,12,True,,,,,,6.595094339622642,53,False,False,1482.1509962052246,,,,,0.02268795088335618,,False
51710,Norfolk City,VA,2025,313438.00876532384,12,True,,,,,,6.595094339622642,53,False,False,1600.6271889220127,,,,,0.011544372237372258,,False
51720,Norton City,VA,2025,130982.81594771943,12,True,,,,,,6.595094339622642,53,False,False,668.8871503278958,,,,,0.022621952190865713,,False
51730,Petersburg City,VA,2025,204120.40892931013,12,True,,,,,,6.595094339622642,53,False,False,1042.3773352604294,,,,,0.015368621176735653,,False
51735,Poquoson City,VA,2025,463129.96419057576,12,True,,,,,,6.595094339622642,53,False,False,2365.05590246694,,,,,0.03854679914729653,,False
51740,Portsmouth City,VA,2025,266001.39270079124,12,True,,,,,,6.595094339622642,53,False,False,1358.3836342158113,,,,,0.016450473712481317,,False
51750,Radford City,VA,2025,253702.80395451098,12,True,,,,,,6.595094339622642,53,False,False,1295.578693582701,,,,,0.020105479497938283,,False
51760,Richmond City,VA,2025,369389.6037156282,12,True,,,,,,6.595094339622642,53,False,False,1886.354004549093,,,,,0.015663704669655942,,False
51770,Roanoke City,VA,2025,223693.7311188197,12,True,,,,,,6.595094339622642,53,False,False,1142.3320018864433,,,,,0.029608162644224834,,False
51775,Salem City,VA,2025,283355.4980749217,12,True,,,,,,6.595094339622642,53,False,False,1447.005473700659,,,,,0.03612522076805913,,False
51790,Staunton City,VA,2025,281981.10643285216,12,True,,,,,,6.595094339622642,53,False,False,1439.9868972389547,,,,,0.039084371360780024,,False
51800,Suffolk City,VA,2025,382673.51427603903,12,True,,,,,,6.595094339622642,53,False,False,1954.1906670583976,,,,,0.024250270420763664,,False
51810,Virginia Beach City,VA,2025,417988.39225745527,12,True,,,,,,6.595094339622642,53,False,False,2134.5324006381306,,,,,0.024265908868845498,,False
51820,Waynesboro City,VA,2025,291093.4676983023,12,True,,,,,,6.595094339622642,53,False,False,1486.5207980068087,,,,,0.02258340582995033,,False
51830,Williamsburg City,VA,2025,408051.783363899,12,True,,,,,,6.595094339622642,53,False,False,2083.7893321016704,,,,,0.014627303720252671,,False
51840,Winchester City,VA,2025,349878.97147948114,12,True,,,,,,6.595094339622642,53,False,False,1786.719475369777,,,,,0.02939334337962851,,False
53001,Adams County,WA,2025,316873.9223979372,12,True,,,,,,6.595094339622642,53,False,False,1618.1732957289457,,,,,0.03490775929028378,,False
53003,Asotin County,WA,2025,346823.1670676559,12,True,,,,,,6.595094339622642,53,False,False,1771.1144642070833,,,,,0.004735314866875173,,False
53005,Benton County,WA,2025,451984.88253741217,12,True,,,,,,6.595094339622642,53,False,False,2308.1415518842514,,,,,0.007847740665754444,,False
53007,Chelan County,WA,2025,547481.3015005394,12,True,,,,,,6.595094339622642,53,False,False,2795.811076200026,,,,,0.009868361620058996,,False
53009,Clallam County,WA,2025,503761.2992865755,12,True,,,,,,6.595094339622642,53,False,False,2572.5470741121494,,,,,0.02510562378333092,,False
53011,Clark County,WA,2025,554840.6038499746,12,True,,,,,,6.595094339622642,53,False,False,2833.392668421099,,,,,0.0008981865584529736,,False
53013,Columbia County,WA,2025,275836.6993054219,12,True,,,,,,6.595094339622642,53,False,False,1408.6093845157466,,,,,0.0316104498876526,,False
53015,Cowlitz County,WA,2025,425380.4316505683,12,True,,,,,,6.595094339622642,53,False,False,2172.281170421371,,,,,-0.0006931691149751895,,False
53017,Douglas County,WA,2025,489543.67924854206,12,True,,,,,,6.595094339622642,53,False,False,2499.9422573438123,,,,,0.01954053688008983,,False
53019,Ferry County,WA,2025,286970.76823109743,12,True,,,,,,6.595094339622642,53,False,False,1465.4674966380423,,,,,0.03436251566310178,,False
53021,Franklin County,WA,2025,422372.3537658157,12,True,,,,,,6.595094339622642,53,False,False,2156.91988329574,,,,,0.000786676615246451,,False
53023,Garfield County,WA,2025,228364.08932769857,12,True,,,,,,6.595094339622642,53,False,False,1166.1820204613562,,,,,0.06676864846767971,,False
53025,Grant County,WA,2025,363044.5613407747,12,True,,,,,,6.595094339622642,53,False,False,1853.951912090495,,,,,0.009492436021162343,,False
53027,Grays Harbor County,WA,2025,330985.6239191062,12,True,,,,,,6.595094339622642,53,False,False,1690.2372206680775,,,,,-0.014541915295009145,,False
53029,Island County,WA,2025,645082.9256590443,12,True,,,,,,6.595094339622642,53,False,False,3294.231206950722,,,,,0.01887258795937119,,False
53031,Jefferson County,WA,2025,607418.9145582131,12,True,,,,,,6.595094339622642,53,False,False,3101.89320541311,,,,,0.021043793493069174,,False
53033,King County,WA,2025,883183.0394152064,12,True,,,,,,6.595094339622642,53,False,False,4510.131975542193,,,,,0.007309189014573558,,False
53035,Kitsap County,WA,2025,583841.9982066152,12,True,,,,,,6.595094339622642,53,False,False,2981.4934699376254,,,,,0.01759495630821717,,False
53037,Kittitas County,WA,2025,504774.6231475304,12,True,,,,,,6.595094339622642,53,False,False,2577.7217934431483,,,,,0.0008413420591555365,,False
53039,Klickitat County,WA,2025,473073.5912863137,12,True,,,,,,6.595094339622642,53,False,False,2415.834810706676,,,,,-0.0031180854043401096,,False
53041,Lewis County,WA,2025,434769.5998397923,12,True,,,,,,6.595094339622642,53,False,False,2220.2286351983234,,,,,0.020212282286850014,,False
53043,Lincoln County,WA,2025,329694.9561902996,12,True,,,,,,6.595094339622642,53,False,False,1683.6461953271182,,,,,0.03305677432772813,,False
53045,Mason County,WA,2025,459962.5575565717,12,True,,,,,,6.595094339622642,53,False,False,2348.880974618433,,,,,0.013279539279802188,,False
53047,Okanogan County,WA,2025,315616.9307387091,12,True,,,,,,6.595094339622642,53,False,False,1611.7542432536757,,,,,0.022957041726633154,,False
53049,Pacific County,WA,2025,342334.9907537644,12,True,,,,,,6.595094339622642,53,False,False,1748.1947900265686,,,,,0.009294008274514987,,False
53051,Pend Oreille County,WA,2025,373131.89140690496,12,True,,,,,,6.595094339622642,53,False,False,1905.4646652217446,,,,,0.02398403129500526,,False
53053,Pierce County,WA,2025,576538.1307229098,12,True,,,,,,6.595094339622642,53,False,False,2944.194965762099,,,,,0.010248428147332955,,False
53055,San Juan County,WA,2025,900825.4506055723,12,True,,,,,,6.595094339622642,53,False,False,4600.226100184826,,,,,-0.016765159372271077,,False
53057,Skagit County,WA,2025,583414.7850224854,12,True,,,,,,6.595094339622642,53,False,False,2979.3118294892392,,,,,0.02272764005041883,,False
53059,Skamania County,WA,2025,574493.9474397764,12,True,,,,,,6.595094339622642,53,False,False,2933.755978623902,,,,,0.02180308444103285,,False
53061,Snohomish County,WA,2025,768760.594900969,12,True,,,,,,6.595094339622642,53,False,False,3925.813320526953,,,,,0.022301169242441077,,False
53063,Spokane County,WA,2025,431145.12172879226,12,True,,,,,,6.595094339622642,53,False,False,2201.7195901945856,,,,,0.0037994312720877055,,False
53065,Stevens County,WA,2025,373371.75950569316,12,True,,,,,,6.595094339622642,53,False,False,1906.689594521761,,,,,0.03650495358920369,,False
53067,Thurston County,WA,2025,533932.7047301257,12,True,,,,,,6.595094339622642,53,False,False,2726.6227462719157,,,,,0.01155185830988148,,False
53069,Wahkiakum County,WA,2025,395592.8822995413,12,True,,,,,,6.595094339622642,53,False,False,2020.165727975755,,,,,0.025013291588037,,False
53071,Walla Walla County,WA,2025,416347.65917268326,12,True,,,,,,6.595094339622642,53,False,False,2126.153704016126,,,,,0.0256745941640506,,False
53073,Whatcom County,WA,2025,622335.876800292,12,True,,,,,,6.595094339622642,53,False,False,3178.069338087151,,,,,0.023141738189603744,,False
53075,Whitman County,WA,2025,334905.52622493106,12,True,,,,,,6.595094339622642,53,False,False,1710.2549021015984,,,,,-0.00793058439419847,,False
53077,Yakima County,WA,2025,354414.05961963587,12,True,,,,,,6.595094339622642,53,False,False,1809.8787131721213,,,,,0.024159145024428952,,False
54001,Barbour County,WV,2025,120975.26167984093,12,True,,,,,,6.595094339622642,53,False,False,617.7817865627372,,,,,-0.03489427989563876,,False
54003,Berkeley County,WV,2025,312754.77074486937,12,True,,,,,,6.595094339622642,53,False,False,1597.1381119069035,,,,,0.039551262868068315,,False
54005,Boone County,WV,2025,94109.31890492815,12,True,,,,,,6.595094339622642,53,False,False,480.5860500566875,,,,,-0.04460188566638379,,False
54007,Braxton County,WV,2025,142775.85268713447,12,True,,,,,,6.595094339622642,53,False,False,729.1103993187254,,,,,0.013847907628794287,,False
54009,Brooke County,WV,2025,128725.84851351003,12,True,,,,,,6.595094339622642,53,False,False,657.3615429073488,,,,,0.03444282420469258,,False
54011,Cabell County,WV,2025,164510.04859577384,12,True,,,,,,6.595094339622642,53,False,False,840.0999536416421,,,,,0.08656826532392659,,False
54013,Calhoun County,WV,2025,93006.50054501572,12,True,,,,,,6.595094339622642,53,False,False,474.954311078152,,,,,-0.032070114575829645,,False
54015,Clay County,WV,2025,118989.00213480013,12,True,,,,,,6.595094339622642,53,False,False,607.6385973414565,,,,,0.006330432750123682,,False
54017,Doddridge County,WV,2025,124335.00627511868,12,True,,,,,,6.595094339622642,53,False,False,634.9389225725621,,,,,0.025724235946380736,,False
54019,Fayette County,WV,2025,136983.5273074659,12,True,,,,,,6.595094339622642,53,False,False,699.5308549415082,,,,,-0.014844897534735169,,False
54021,Gilmer County,WV,2025,115303.51608753261,12,True,,,,,,6.595094339622642,53,False,False,588.8180044118163,,,,,0.009125578046012661,,False
54023,Grant County,WV,2025,179804.12884106804,12,True,,,,,,6.595094339622642,53,False,False,918.201906772992,,,,,0.019859440940895867,,False
54025,Greenbrier County,WV,2025,200541.74129416852,12,True,,,,,,6.595094339622642,53,False,False,1024.1022296359179,,,,,0.052282993748087536,,False
54027,Hampshire County,WV,2025,252695.03191427237,12,True,,,,,,6.595094339622642,53,False,False,1290.432325616048,,,,,0.04867085608038835,,False
54029,Hancock County,WV,2025,133282.60053601806,12,True,,,,,,6.595094339622642,53,False,False,680.6314111952839,,,,,0.04918039040969169,,False
54031,Hardy County,WV,2025,218393.49315039828,12,True,,,,,,6.595094339622642,53,False,False,1115.2653897884702,,,,,0.016081971476052725,,False
54033,Harrison County,WV,2025,147585.36632403135,12,True,,,,,,6.595094339622642,53,False,False,753.6710399475783,,,,,0.01606207207262056,,False
54035,Jackson County,WV,2025,197350.25185200755,12,True,,,,,,6.595094339622642,53,False,False,1007.8043186250515,,,,,0.04325276986752047,,False
54037,Jefferson County,WV,2025,387994.7347454364,12,True,,,,,,6.595094339622642,53,False,False,1981.364430046226,,,,,0.047792170257276556,,False
54039,Kanawha County,WV,2025,152759.5186742352,12,True,,,,,,6.595094339622642,53,False,False,780.0937733103398,,,,,0.038858317758530214,,False
54041,Lewis County,WV,2025,132934.9132739158,12,True,,,,,,6.595094339622642,53,False,False,678.855884075408,,,,,-0.004768502961415844,,False
54043,Lincoln County,WV,2025,112426.47281934181,12,True,,,,,,6.595094339622642,53,False,False,574.125868965604,,,,,-0.028462157264719568,,False
54045,Logan County,WV,2025,107872.1266533236,12,True,,,,,,6.595094339622642,53,False,False,550.8682866136517,,,,,0.02440886283335031,,False
54047,McDowell County,WV,2025,44418.66702440996,12,True,,,,,,6.595094339622642,53,False,False,226.83185876214597,,,,,-0.11649013256677931,,False
54049,Marion County,WV,2025,163883.26287744363,12,True,,,,,,6.595094339622642,53,False,False,836.8991603927974,,,,,0.03365998945351145,,False
54051,Marshall County,WV,2025,132324.1438606717,12,True,,,,,,6.595094339622642,53,False,False,675.7368809498732,,,,,0.024316971322769332,,False
54053,Mason County,WV,2025,151254.61917882116,12,True,,,,,,6.595094339622642,53,False,False,772.4087351796953,,,,,0.056824054700333804,,False
54055,Mercer County,WV,2025,147430.76521831116,12,True,,,,,,6.595094339622642,53,False,False,752.8815417810098,,,,,0.023036969354220505,,False
54057,Mineral County,WV,2025,196648.539527362,12,True,,,,,,6.595094339622642,53,False,False,1004.2208992750699,,,,,0.03091240321291089,,False
54059,Mingo County,WV,2025,76440.55676882136,12,True,,,,,,6.595094339622642,53,False,False,390.3573596019098,,,,,-0.053040547879043554,,False
54061,Monongalia County,WV,2025,260843.16955625452,12,True,,,,,,6.595094339622642,53,False,False,1332.042246187616,,,,,0.0141977766137511,,False
54063,Monroe County,WV,2025,183815.19127622977,12,True,,,,,,6.595094339622642,53,False,False,938.6851136931537,,,,,0.08818685131754855,,False
54065,Morgan County,WV,2025,297556.9915645106,12,True,,,,,,6.595094339622642,53,False,False,1519.527937368281,,,,,0.04627903241200615,,False
54067,Nicholas County,WV,2025,148618.10943098788,12,True,,,,,,6.595094339622642,53,False,False,758.9449271276238,,,,,0.03181216718072344,,False
54069,Ohio County,WV,2025,154093.4596273208,12,True,,,,,,6.595094339622642,53,False,False,786.9057811020429,,,,,0.04603178703619637,,False
54071,Pendleton County,WV,2025,196914.7488453919,12,True,,,,,,6.595094339622642,53,False,False,1005.5803447171256,,,,,0.0805103669848497,,False
54073,Pleasants County,WV,2025,160401.84131916278,12,True,,,,,,6.595094339622642,53,False,False,819.1206592332404,,,,,0.04520243767144083,,False
54075,Pocahontas County,WV,2025,176769.52118729323,12,True,,,,,,6.595094339622642,53,False,False,902.7051406421826,,,,,0.061225718873267665,,False
54077,Preston County,WV,2025,135163.30840245573,12,True,,,,,,6.595094339622642,53,False,False,690.2355819124782,,,,,0.0453059238492135,,False
54079,Putnam County,WV,2025,242986.5593958759,12,True,,,,,,6.595094339622642,53,False,False,1240.8542762369684,,,,,0.04912893884923997,,False
54081,Raleigh County,WV,2025,161356.90443698314,12,True,,,,,,6.595094339622642,53,False,False,823.9978596708697,,,,,0.0180944403335086,,False
54083,Randolph County,WV,2025,161176.33309454322,12,True,,,,,,6.595094339622642,53,False,False,823.075739850788,,,,,0.03054380742391305,,False
54085,Ritchie County,WV,2025,123802.92205788613,12,True,,,,,,6.595094339622642,53,False,False,632.2217394579376,,,,,-0.01713199770208307,,False
54087,Roane County,WV,2025,121860.81020856388,12,True,,,,,,6.595094339622642,53,False,False,622.3039983320352,,,,,-0.015746095398988857,,False
54089,Summers County,WV,2025,151282.8723354405,12,True,,,,,,6.595094339622642,53,False,False,772.5530149715303,,,,,0.05880210758501225,,False
54091,Taylor County,WV,2025,190456.27857717578,12,True,,,,,,6.595094339622642,53,False,False,972.5990124566496,,,,,0.05637285235735545,,False
54093,Tucker County,WV,2025,209860.1177292654,12,True,,,,,,6.595094339622642,53,False,False,1071.6881836731434,,,,,-0.006496764484387518,,False
54095,Tyler County,WV,2025,109428.50021393306,12,True,,,,,,6.595094339622642,53,False,False,558.8161862542981,,,,,0.005340758082307273,,False
54097,Upshur County,WV,2025,148344.16795673812,12,True,,,,,,6.595094339622642,53,False,False,757.5459960484455,,,,,0.07323394266274685,,False
54099,Wayne County,WV,2025,137071.62732787564,12,True,,,,,,6.595094339622642,53,False,False,699.98075343521,,,,,0.017477799426790952,,False
54101,Webster County,WV,2025,86134.1342183644,12,True,,,,,,6.595094339622642,53,False,False,439.8593446508156,,,,,-0.0517317152405018,,False
54103,Wetzel County,WV,2025,112308.43251548968,12,True,,,,,,6.595094339622642,53,False,False,573.5230750655325,,,,,-0.00365345968797004,,False
54105,Wirt County,WV,2025,113651.2558498929,12,True,,,,,,6.595094339622642,53,False,False,580.380442324313,,,,,0.015833621019285093,,False
54107,Wood County,WV,2025,173374.10138453936,12,True,,,,,,6.595094339622642,53,False,False,885.3658228118386,,,,,0.027819349071683597,,False
54109,Wyoming County,WV,2025,66059.85355266677,12,True,,,,,,6.595094339622642,53,False,False,337.3464440675796,,,,,-0.036290744780519524,,False
55001,Adams County,WI,2025,243114.00739267745,12,True,,,,,,6.595094339622642,53,False,False,1241.5051122018147,,,,,0.0771255607224437,,False
55003,Ashland County,WI,2025,202820.06329002188,12,True,,,,,,6.595094339622642,53,False,False,1035.7368879405917,,,,,-0.014461264571443921,,False
55005,Barron County,WI,2025,277193.0897026765,12,True,,,,,,6.595094339622642,53,False,False,1415.5360344047967,,,,,0.05848076943679059,,False
55007,Bayfield County,WI,2025,305140.86607712664,12,True,,,,,,6.595094339622642,53,False,False,1558.2563474615015,,,,,0.050216914175134075,,False
55009,Brown County,WI,2025,344031.39260747033,12,True,,,,,,6.595094339622642,53,False,False,1756.85776916262,,,,,0.05893439305241932,,False
55011,Buffalo County,WI,2025,240702.8187543497,12,True,,,,,,6.595094339622642,53,False,False,1229.1919466501001,,,,,0.037308603595186174,,False
55013,Burnett County,WI,2025,300642.78261995723,12,True,,,,,,6.595094339622642,53,False,False,1535.2860806838808,,,,,0.03222880941070927,,False
55015,Calumet County,WI,2025,367036.59957388666,12,True,,,,,,6.595094339622642,53,False,False,1874.3379685241273,,,,,0.058451715252400005,,False
55017,Chippewa County,WI,2025,317396.2164606826,12,True,,,,,,6.595094339622642,53,False,False,1620.840483670625,,,,,0.05003313315814473,,False
55019,Clark County,WI,2025,208834.4524962443,12,True,,,,,,6.595094339622642,53,False,False,1066.4504409208446,,,,,0.06539247318470331,,False
55021,Columbia County,WI,2025,345410.5747670077,12,True,,,,,,6.595094339622642,53,False,False,1763.9008092576216,,,,,0.06256629500310273,,False
55023,Crawford County,WI,2025,224226.698362515,12,True,,,,,,6.595094339622642,53,False,False,1145.0536943334569,,,,,0.06325997277056206,,False
55025,Dane County,WI,2025,464861.61449883226,12,True,,,,,,6.595094339622642,53,False,False,2373.8988841334544,,,,,0.036654143944730544,,False
55027,Dodge County,WI,2025,308297.4376102853,12,True,,,,,,6.595094339622642,53,False,False,1574.3759439318,,,,,0.06823837748139971,,False
55029,Door County,WI,2025,430111.2093448266,12,True,,,,,,6.595094339622642,53,False,False,2196.4397318925962,,,,,0.047255416258121574,,False
55031,Douglas County,WI,2025,254513.13302039818,12,True,,,,,,6.595094339622642,53,False,False,1299.7167837267202,,,,,0.054155244963577154,,False
55033,Dunn County,WI,2025,309740.19200039655,12,True,,,,,,6.595094339622642,53,False,False,1581.7436269797029,,,,,0.02832060033738748,,False
55035,Eau Claire County,WI,2025,320516.66326477675,12,True,,,,,,6.595094339622642,53,False,False,1636.7756027581045,,,,,0.025931464749177513,,False
55037,Florence County,WI,2025,195949.5154262739,12,True,,,,,,6.595094339622642,53,False,False,1000.6512078189481,,,,,0.05307595964193035,,False
55039,Fond du Lac County,WI,2025,282646.236190389,12,True,,,,,,6.595094339622642,53,False,False,1443.3835011743497,,,,,0.054747090540266496,,False
55041,Forest County,WI,2025,206993.15208127306,12,True,,,,,,6.595094339622642,53,False,False,1057.0475113948883,,,,,0.0432847936252061,,False
55043,Grant County,WI,2025,219990.86626308016,12,True,,,,,,6.595094339622642,53,False,False,1123.4226609665357,,,,,0.03673502807455753,,False
55045,Green County,WI,2025,320367.18321552605,12,True,,,,,,6.595094339622642,53,False,False,1636.0122561812977,,,,,0.05131683345871929,,False
55047,Green Lake County,WI,2025,279817.1004117503,12,True,,,,,,6.595094339622642,53,False,False,1428.9360138824316,,,,,0.04918125055932565,,False
55049,Iowa County,WI,2025,329925.14787908125,12,True,,,,,,6.595094339622642,53,False,False,1684.8217103107004,,,,,0.03392372036272717,,False
55051,Iron County,WI,2025,209649.51375633746,12,True,,,,,,6.595094339622642,53,False,False,1070.6126968600051,,,,,0.012922641199915486,,False
55053,Jackson County,WI,2025,217990.40246832345,12,True,,,,,,6.595094339622642,53,False,False,1113.206935206425,,,,,0.050577203342820454,,False
55055,Jefferson County,WI,2025,354423.6350034696,12,True,,,,,,6.595094339622642,53,False,False,1809.9276115803552,,,,,0.05116832965518325,,False
55057,Juneau County,WI,2025,250261.33131454154,12,True,,,,,,6.595094339622642,53,False,False,1278.0041987115617,,,,,0.07231069206835339,,False
55059,Kenosha County,WI,2025,318662.8920533294,12,True,,,,,,6.595094339622642,53,False,False,1627.3089888819773,,,,,0.05513888336873607,,False
55061,Kewaunee County,WI,2025,302477.0232672181,12,True,,,,,,6.595094339622642,53,False,False,1544.6529582447633,,,,,0.06656877525160065,,False
55063,La Crosse County,WI,2025,324353.7168696944,12,True,,,,,,6.595094339622642,53,False,False,1656.370202499136,,,,,0.023097768894121407,,False
55065,Lafayette County,WI,2025,227850.98828251648,12,True,,,,,,6.595094339622642,53,False,False,1163.5617783062391,,,,,0.07214764413972063,,False
55067,Langlade County,WI,2025,215239.06739282174,12,True,,,,,,6.595094339622642,53,False,False,1099.1567511045344,,,,,0.08500721464206418,,False
55069,Lincoln County,WI,2025,234683.874307964,12,True,,,,,,6.595094339622642,53,False,False,1198.4551315221386,,,,,0.05064303446297824,,False
55071,Manitowoc County,WI,2025,256243.85984731934,12,True,,,,,,6.595094339622642,53,False,False,1308.5550494708116,,,,,0.07742995584557533,,False
55073,Marathon County,WI,2025,260746.532332146,12,True,,,,,,6.595094339622642,53,False,False,1331.548750938015,,,,,0.07194622701753861,,False
55075,Marinette County,WI,2025,204708.38432836797,12,True,,,,,,6.595094339622642,53,False,False,1045.3799366802652,,,,,0.07338884832584847,,False
55077,Marquette County,WI,2025,262024.87792910883,12,True,,,,,,6.595094339622642,53,False,False,1338.0768511113079,,,,,0.06499391546975009,,False
55078,Menominee County,WI,2025,288608.84769400954,12,True,,,,,,6.595094339622642,53,False,False,1473.8326420659378,,,,,0.01473650597187115,,False
55079,Milwaukee County,WI,2025,285394.16828022455,12,True,,,,,,6.595094339622642,53,False,False,1457.4163073219768,,,,,0.04235669976194023,,False
55081,Monroe County,WI,2025,255120.36917869188,12,True,,,,,,6.595094339622642,53,False,False,1302.8177436546184,,,,,0.057355597077688,,False
55083,Oconto County,WI,2025,293791.7835369964,12,True,,,,,,6.595094339622642,53,False,False,1500.3002299038076,,,,,0.057634458926678844,,False
55085,Oneida County,WI,2025,310735.89171217935,12,True,,,,,,6.595094339622642,53,False,False,1586.8283454443183,,,,,0.02719750819153388,,False
55087,Outagamie County,WI,2025,330102.1999094007,12,True,,,,,,6.595094339622642,53,False,False,1685.7258581346973,,,,,0.06437948231749857,,False
55089,Ozaukee County,WI,2025,481787.2020929649,12,True,,,,,,6.595094339622642,53,False,False,2460.332421018044,,,,,0.043240478521472614,,False
55091,Pepin County,WI,2025,264891.72164845286,12,True,,,,,,6.595094339622642,53,False,False,1352.7169007391371,,,,,0.08265531701934004,,False
55093,Pierce County,WI,2025,363873.7912459522,12,True,,,,,,6.595094339622642,53,False,False,1858.1865227470735,,,,,0.02375550405611948,,False
55095,Polk County,WI,2025,331651.18033107434,12,True,,,,,,6.595094339622642,53,False,False,1693.6360033905491,,,,,0.0314175181015659,,False
55097,Portage County,WI,2025,294980.5877686018,12,True,,,,,,6.595094339622642,53,False,False,1506.37107109792,,,,,0.07180311716892462,,False
55099,Price County,WI,2025,201462.3278181028,12,True,,,,,,6.595094339622642,53,False,False,1028.8033691874634,,,,,0.07618157243397516,,False
55101,Racine County,WI,2025,303150.32242001145,12,True,,,,,,6.595094339622642,53,False,False,1548.091280656536,,,,,0.05202009877490488,,False
55103,Richland County,WI,2025,250902.36990528248,12,True,,,,,,6.595094339622642,53,False,False,1281.2777767997138,,,,,0.11343600676515564,,False
55105,Rock County,WI,2025,282496.587364859,12,True,,,,,,6.595094339622642,53,False,False,1442.6192927113202,,,,,0.06690907506378196,,False
55107,Rusk County,WI,2025,206888.29726278593,12,True,,,,,,6.595094339622642,53,False,False,1056.5120515314816,,,,,0.0405112839698083,,False
55109,Saint Croix County,WI,2025,416339.286010088,12,True,,,,,,6.595094339622642,53,False,False,2126.110944965429,,,,,0.022391116290469526,,False
55111,Sauk County,WI,2025,332069.67666475713,12,True,,,,,,6.595094339622642,53,False,False,1695.773129684822,,,,,0.02060381512042353,,False
55113,Sawyer County,WI,2025,336738.7559916549,12,True,,,,,,6.595094339622642,53,False,False,1719.61661742042,,,,,0.04061187477123984,,False
55115,Shawano County,WI,2025,256544.85060688152,12,True,,,,,,6.595094339622642,53,False,False,1310.0921125579182,,,,,0.08004119658660014,,False
55117,Sheboygan County,WI,2025,312837.2636576269,12,True,,,,,,6.595094339622642,53,False,False,1597.5593767036435,,,,,0.07459192404645831,,False
55119,Taylor County,WI,2025,219016.85110757628,12,True,,,,,,6.595094339622642,53,False,False,1118.4486785626057,,,,,0.005435982360931124,,False
55121,Trempealeau County,WI,2025,269538.1346298458,12,True,,,,,,6.595094339622642,53,False,False,1376.4446387319663,,,,,0.07993323541810216,,False
55123,Vernon County,WI,2025,247804.761495644,12,True,,,,,,6.595094339622642,53,False,False,1265.4592860537077,,,,,-0.008321912514494323,,False
55125,Vilas County,WI,2025,393165.24999584287,12,True,,,,,,6.595094339622642,53,False,False,2007.7685899090873,,,,,0.0076857615111782795,,False
55127,Walworth County,WI,2025,399447.68313300103,12,True,,,,,,6.595094339622642,53,False,False,2039.8509571099614,,,,,0.03372943568061304,,False
55129,Washburn County,WI,2025,303268.3595320596,12,True,,,,,,6.595094339622642,53,False,False,1548.69405825709,,,,,0.04011411960248146,,False
55131,Washington County,WI,2025,409171.7113095159,12,True,,,,,,6.595094339622642,53,False,False,2089.508444236313,,,,,0.04887029546754418,,False
55133,Waukesha County,WI,2025,485091.4001852547,12,True,,,,,,6.595094339622642,53,False,False,2477.2058988867193,,,,,0.043126311583650434,,False
55135,Waupaca County,WI,2025,276089.0519516309,12,True,,,,,,6.595094339622642,53,False,False,1409.8980683875898,,,,,0.07082228112137212,,False
55137,Waushara County,WI,2025,269720.8205208805,12,True,,,,,,6.595094339622642,53,False,False,1377.3775568722215,,,,,0.08021020272232993,,False
55139,Winnebago County,WI,2025,293105.0386811051,12,True,,,,,,6.595094339622642,53,False,False,1496.7932446070279,,,,,0.06534691046148788,,False
55141,Wood County,WI,2025,222585.46871366794,12,True,,,,,,6.595094339622642,53,False,False,1136.672461918289,,,,,0.07583733394210213,,False
56001,Albany County,WY,2025,378444.2708524176,12,True,,,,,,6.595094339622642,53,False,False,1932.5932799416153,,,,,0.06641949608074982,,False
56003,Big Horn County,WY,2025,276341.8339037337,12,True,,,,,,6.595094339622642,53,False,False,1411.188944586677,,,,,0.06270474280901484,,False
56005,Campbell County,WY,2025,353243.7879447204,12,True,,,,,,6.595094339622642,53,False,False,1803.9025117896738,,,,,0.06728008121795792,,False
56007,Carbon County,WY,2025,209924.63814139378,12,True,,,,,,6.595094339622642,53,False,False,1072.0176686845496,,,,,0.053796142036590444,,False
56009,Converse County,WY,2025,309690.8625345117,12,True,,,,,,6.595094339622642,53,False,False,1581.4917172492228,,,,,0.062414623847738104,,False
56011,Crook County,WY,2025,421772.8251005442,12,True,,,,,,6.595094339622642,53,False,False,2153.8582830579394,,,,,0.08090654144817844,,False
56013,Fremont County,WY,2025,324137.2742972793,12,True,,,,,,6.595094339622642,53,False,False,1655.2648998346233,,,,,0.033097796790131584,,False
56015,Goshen County,WY,2025,249992.80695779427,12,True,,,,,,6.595094339622642,53,False,False,1276.632931110703,,,,,0.039070812976886415,,False
56017,Hot Springs County,WY,2025,239764.91086905275,12,True,,,,,,6.595094339622642,53,False,False,1224.4023524722138,,,,,0.061513707060111944,,False
56019,Johnson County,WY,2025,412969.19895665045,12,True,,,,,,6.595094339622642,53,False,False,2108.9009933452826,,,,,0.04997448698236817,,False
56021,Laramie County,WY,2025,381975.7119016093,12,True,,,,,,6.595094339622642,53,False,False,1950.627214567724,,,,,0.031016965025715493,,False
56023,Lincoln County,WY,2025,503628.42995633086,12,True,,,,,,6.595094339622642,53,False,False,2571.86855313953,,,,,0.03127495397455471,,False
56025,Natrona County,WY,2025,309898.57209783245,12,True,,,,,,6.595094339622642,53,False,False,1582.5524232426021,,,,,0.04974822427443737,,False
56027,Niobrara County,WY,2025,191240.07253959903,12,True,,,,,,6.595094339622642,53,False,False,976.6015963542102,,,,,0.09777862865231524,,False
56029,Park County,WY,2025,458151.781213051,12,True,,,,,,6.595094339622642,53,False,False,2339.6339217166064,,,,,0.045666562771966124,,False
56031,Platte County,WY,2025,276066.9272056086,12,True,,,,,,6.595094339622642,53,False,False,1409.7850844193379,,,,,0.054567935941949974,,False
56033,Sheridan County,WY,2025,436663.3516508481,12,True,,,,,,6.595094339622642,53,False,False,2229.899417149072,,,,,0.05191031714988514,,False
56035,Sublette County,WY,2025,443272.10042588203,12,True,,,,,,6.595094339622642,53,False,False,2263.648173452569,,,,,0.020708935827527863,,False
56037,Sweetwater County,WY,2025,293156.9421023076,12,True,,,,,,6.595094339622642,53,False,False,1497.0582987001867,,,,,0.06382221362279261,,False
56039,Teton County,WY,2025,2177841.0040290477,12,True,,,,,,6.595094339622642,53,False,False,11121.534168525386,,,,,-0.019604544877566132,,False
56041,Uinta County,WY,2025,325553.13895765174,12,True,,,,,,6.595094339622642,53,False,False,1662.495265673639,,,,,0.05222513195852252,,False
56043,Washakie County,WY,2025,255744.63729745615,12,True,,,,,,6.595094339622642,53,False,False,1306.0056803314985,,,,,0.07011405456886255,,False
56045,Weston County,WY,2025,248393.3828055529,12,True,,,,,,6.595094339622642,53,False,False,1268.4651859326991,,,,,0.0286765393757078,,False
